Date,Open,High,Low,Close,Volume,SMA_20,EMA_20,MACD,RSI_14,Momentum_10,Bollinger_Upper,Bollinger_Lower,ATR_14,Volume_MA_20,OBV,Lag_1,Lag_5,Lag_10
2023-08-14,40.39,40.71,40.285,40.68,28797.0,39.042500000000004,39.454355577404854,0.34228866729127816,76.20192282047427,2.6400000000000006,40.88126245568075,37.20373754431926,0.6463499999999998,58414.55,-178126.0,40.45,39.77,38.04
2023-08-15,40.49,40.61,40.16,40.18,31195.0,39.0655,39.523464570032964,0.34478295707975803,74.41314529535582,1.9799999999999969,40.95086161546072,37.18013838453928,0.6124214285714287,57665.05,-209321.0,40.68,39.71,38.2
2023-08-16,40.17,40.57,40.1,40.1,29565.0,39.1205,39.5783727062203,0.33723974460394146,83.2020994318033,1.4699999999999989,41.06118327630951,37.17981672369049,0.5827785714285716,51191.35,-238886.0,40.18,39.84,38.63
2023-08-17,39.99,40.46,39.675,39.84,47653.0,39.17100000000001,39.603289591342175,0.30972772506578394,77.66749352671347,0.37000000000000455,41.13230890773968,37.209691092260336,0.610350000000001,48947.5,-286539.0,40.1,40.1,39.47
2023-08-18,39.77,40.53,39.77,40.39,39877.0,39.2565,39.67821439216673,0.3225147613633794,78.31325274785894,0.8900000000000006,41.27591393269904,37.237086067300964,0.6110642857142865,40004.8,-246662.0,39.84,40.45,39.5
2023-08-21,40.17,40.85,40.17,40.69,29770.0,39.368500000000004,39.77457492624609,0.34951788786762705,79.0209787631017,0.9199999999999946,41.44717645136845,37.28982354863156,0.630350000000001,38724.25,-216892.0,40.39,40.68,39.77
2023-08-22,40.81,41.18,39.97,40.1,64960.0,39.4485,39.80556779041313,0.3250146356620718,66.5168537233178,0.39000000000000057,41.50951942073131,37.3874805792687,0.6689214285714294,39843.3,-281852.0,40.69,40.18,39.71
2023-08-23,40.01,40.97,39.92,40.84,23020.0,39.5855,39.904085143707114,0.35457803225607165,65.74712622518174,1.0,41.633322720534395,37.53767727946561,0.6610714285714293,38607.75,-258832.0,40.1,40.1,39.84
2023-08-24,40.53,40.88,40.3,40.53,33255.0,39.7335,39.963696082401675,0.3513303006326183,61.12310996636643,0.4299999999999997,41.586591584637056,37.88040841536294,0.6635714285714295,37795.55,-292087.0,40.84,39.84,40.1
2023-08-25,40.64,41.48,40.64,41.26,36149.0,39.916,40.08715359836342,0.3973337678319808,64.6365420619034,0.8099999999999952,41.599735196082314,38.23226480391768,0.6764285714285724,37800.6,-255938.0,40.53,40.39,40.45
2023-08-28,41.5,41.76,41.095,41.49,37819.0,40.088499999999996,40.22075801756691,0.44534023730542316,66.92015191314033,0.8100000000000023,41.66657711105037,38.51042288894962,0.6832142857142866,36962.6,-218119.0,41.26,40.69,40.68
2023-08-29,41.39,42.0299,41.39,41.56,41605.0,40.2565,40.348304873036724,0.4827945616819136,66.53846135931956,1.3800000000000026,41.69751243648531,38.815487563514694,0.6874928571428579,37106.4,-176514.0,41.49,40.1,40.18
2023-08-30,41.55,42.14,41.5,42.09,35609.0,40.429500000000004,40.51418059941418,0.5454877140976748,68.19012779622275,1.990000000000002,41.87908033854451,38.9799196614555,0.7046357142857147,36698.95,-140905.0,41.56,40.84,40.1
2023-08-31,41.99,42.74,41.99,42.48,63761.0,40.58,40.70140149470807,0.6170680083863189,68.42105245773236,2.6399999999999935,42.222334666837064,38.93766533316293,0.7103500000000003,36963.4,-77144.0,42.09,40.53,39.84
2023-09-01,42.46,42.935,42.4,42.65,80692.0,40.737500000000004,40.886982304735874,0.6785716704948328,68.07339432054545,2.259999999999998,42.54009316132711,38.9349068386729,0.7182071428571432,38924.8,3548.0,42.48,41.26,40.39
2023-09-05,42.4,42.4,40.64,40.98,73587.0,40.797999999999995,40.89584113285627,0.5938595220447382,56.0422959539891,0.28999999999999915,42.54420912716362,39.05179087283637,0.8117785714285713,40917.15,-70039.0,42.65,41.49,40.69
2023-09-06,41.2,41.64,40.64,40.83,46354.0,40.854,40.88957054877472,0.5094781975137792,55.455904218776865,0.7299999999999969,42.523445543003035,39.18455445699696,0.8496357142857143,41874.6,-116393.0,40.98,41.56,40.1
2023-09-07,42.64,44.68,41.59,44.58,153042.0,41.091,41.241040020319986,0.7208422785188588,73.28094292476098,3.739999999999995,43.38377951289193,38.798220487108075,1.014278571428571,47700.65,36649.0,40.83,42.09,40.84
2023-09-08,44.7,44.72,43.92,44.3,67079.0,41.301,41.532369542194274,0.8567137763988981,69.72754783287732,3.769999999999996,43.95285456456025,38.649145435439756,1.0171357142857136,49598.3,-30430.0,44.58,42.48,40.53
2023-09-11,44.56,45.35,44.13,45.19,71648.0,41.538,41.88071530008053,1.0209592370034244,71.42857133333334,3.9299999999999997,44.67287412657569,38.4031258734243,1.0557071428571423,51771.85,41218.0,44.3,42.65,41.26
2023-09-12,45.26,45.26,44.33,44.45,72246.0,41.7265,42.125409081025246,1.0812669761460896,70.42253511869339,2.960000000000001,45.08924496270689,38.36375503729311,1.035707142857142,53944.3,-31028.0,45.19,40.98,41.49
2023-09-13,44.33,44.4555,43.9101,44.01,67253.0,41.918,42.304893930451414,1.0823505498145707,65.31400957348826,2.4499999999999957,45.34552081647486,38.49047918352514,0.9996642857142852,55747.2,-98281.0,44.45,40.83,41.56
2023-09-14,44.4,45.18,43.925,44.97,60604.0,42.161500000000004,42.558713556122704,1.1445808575869876,70.18181809249586,2.8799999999999955,45.734093190563854,38.58890680943615,1.0478785714285708,57299.15,-37677.0,44.01,44.58,42.09
2023-09-15,44.95,45.06,43.805,44.13,157147.0,42.376,42.70835988411102,1.1154389354635796,62.916291549880484,1.6500000000000057,45.87612571202807,38.875874287971925,1.0775214285714283,62773.85,-194824.0,44.97,44.3,42.48
2023-09-18,44.39,45.61,44.39,44.83,75978.0,42.598,42.91042084752902,1.1339373369204893,64.42141615700345,2.1799999999999997,46.13082114791535,39.06517885208465,1.1171642857142854,64578.9,-118846.0,44.13,45.19,42.65
2023-09-19,44.77,45.0,44.14,44.47,63549.0,42.78699999999999,43.0589521953834,1.1075524610770202,62.25779268141456,3.490000000000002,46.294388292102674,39.27961170789731,1.1328857142857143,66267.85,-182395.0,44.83,44.45,40.98
2023-09-20,45.16,46.798,44.73,44.73,130015.0,43.0185,43.218099605346886,1.0943972542402278,61.37931027074909,3.8999999999999986,46.38761217416478,39.64938782583523,1.2348857142857146,69520.6,-52380.0,44.47,44.01,40.83
2023-09-21,44.31,45.79,44.31,45.72,82538.0,43.2625,43.45637583340909,1.148582199917108,63.27868845197529,1.1400000000000006,46.67388573479737,39.85111426520263,1.2870285714285714,72496.5,30158.0,44.73,44.97,44.58
2023-09-22,45.62,46.67,45.62,46.11,55856.0,43.5415,43.70910194451299,1.208273258461503,63.929146465780356,1.8100000000000023,46.92453056289383,40.15846943710617,1.3238142857142858,73626.55,86014.0,45.72,44.13,44.3
2023-09-25,46.11,46.41,45.64,46.04,50358.0,43.7805,43.93109223551175,1.2357405236273422,73.38262467399663,0.8500000000000014,47.160256920564755,40.40074307943525,1.2530999999999999,74337.0,35656.0,46.11,44.83,45.19
2023-09-26,45.92,46.29,45.2,45.32,53883.0,43.972,44.06336916546301,1.1868255517804656,69.71027208288467,0.8699999999999974,47.23739495475301,40.706605045246995,1.259528571428571,75140.2,-18227.0,46.04,44.47,44.45
2023-09-27,45.41,46.285,45.41,46.21,81469.0,44.204499999999996,44.267810197323676,1.2046449604235434,59.554513384084046,2.200000000000003,47.408382348848534,41.00061765115146,1.1013142857142857,77133.4,63242.0,45.32,44.73,44.01
2023-09-28,46.0,46.57,45.68,45.96,71644.0,44.397999999999996,44.4289711309119,1.185231771999291,59.76470578391698,0.990000000000002,47.53084535207215,41.265154647927844,1.1077428571428574,78935.15,-8402.0,46.21,45.72,44.97
2023-09-29,46.0,46.0,45.36,45.52,64728.0,44.55,44.53287864225362,1.1219364035177932,52.04968935047262,1.3900000000000006,47.584468652004844,41.51553134799515,1.066314285714286,78983.5,-73130.0,45.96,46.11,44.13
2023-10-02,45.55,45.95,45.14,45.54,122761.0,44.6945,44.62879496203899,1.0611138735009575,57.43519770749074,0.7100000000000009,47.62134471743892,41.76765528256107,1.0577428571428575,81086.95,49631.0,45.52,46.04,44.83
2023-10-03,45.3,45.57,44.76,44.96,47852.0,44.8935,44.660338298987654,0.955707696021932,56.35876830133568,0.490000000000002,47.240792056817845,42.54620794318216,1.0766428571428577,79800.2,1779.0,45.54,45.32,44.47
2023-10-04,44.92,45.84,44.4108,45.75,47243.0,45.1395,44.76411560384597,0.9244604165783699,55.34246564728844,1.0200000000000031,46.52989524861406,43.749104751385936,1.0890857142857147,79844.65,49022.0,44.96,46.21,44.73
2023-10-05,45.51,46.42,44.97,46.39,79841.0,45.23,44.918961736813024,0.9398925377163252,65.91549282777228,0.6700000000000017,46.7003812609768,43.759618739023196,1.1030142857142862,76184.6,128863.0,45.75,45.96,45.72
2023-10-06,46.15,47.8,46.15,47.48,116532.0,45.388999999999996,45.16287014283083,1.0272729435981631,67.69025354503827,1.3699999999999974,47.103432850828554,43.67456714917144,1.1337285714285719,78657.25,245395.0,46.39,45.52,46.11
2023-10-09,47.31,47.78,47.25,47.38,103431.0,45.49849999999999,45.374025367323135,1.0760999241379707,70.12448119201352,1.3400000000000034,47.42593379980525,43.571066200194736,1.1101571428571435,80246.4,141964.0,47.48,45.54,46.04
2023-10-10,47.6,47.7935,46.48,46.7,53428.0,45.611000000000004,45.500308665673316,1.0483210756811019,62.87581687839726,1.3800000000000026,47.543404011369795,43.678595988630214,1.0562642857142863,79305.5,88536.0,47.38,44.96,45.32
2023-10-11,46.77,47.07,46.6,47.01,117722.0,45.761,45.64408879275205,1.0391158924151185,59.253945361613326,0.7999999999999972,47.63499825871968,43.88700174128032,0.9841214285714293,81828.95,206258.0,46.7,45.75,46.21
2023-10-12,47.24,47.24,45.52,46.2,83291.0,45.822500000000005,45.69703271725186,0.9559409298655765,50.60893089194522,0.240000000000002,47.66770858897912,43.97729141102089,1.0319785714285719,82963.3,122967.0,47.01,46.39,45.96
2023-10-13,46.2,46.3275,45.53,45.9,53621.0,45.911,45.716362934656445,0.8561180836901414,49.08136473922058,0.37999999999999545,47.57533675742184,44.246663242578165,1.0339428571428577,77787.0,69346.0,46.2,47.48,45.52
2023-10-16,46.22,46.59,45.95,46.03,133843.0,45.971,45.74623313135583,0.778450151817772,55.04978651910429,0.490000000000002,47.555874559206885,44.38612544079311,1.001800000000001,80680.25,203189.0,45.9,47.38,45.54
2023-10-17,46.26,46.68,46.05,46.65,118263.0,46.08,45.8323061664648,0.7578740855027064,53.254437759532216,1.6899999999999977,47.5237961658147,44.636203834185295,0.9843000000000011,83415.95,321452.0,46.03,46.7,44.96
2023-10-18,46.54,46.54,45.055,45.22,81290.0,46.1045,45.77399129346815,0.619695444561863,45.34005029788906,-0.5300000000000011,47.4661317610249,44.742868238975106,1.026800000000001,80979.7,240162.0,46.65,47.01,45.75
2023-10-19,45.41,45.69,44.91,44.95,83147.0,46.066,45.69551593218547,0.4829525018553511,46.33204624856515,-1.4399999999999977,47.51419888136961,44.617801118630396,1.036800000000001,81010.15,157015.0,45.22,46.2,46.39
2023-10-20,44.9,44.9,44.45,44.52,84821.0,45.9865,45.583562033882096,0.33618492323837046,43.76528109869023,-2.9599999999999937,47.59069548618456,44.38230451381544,1.0110857142857148,82458.4,72194.0,44.95,45.9,47.48
2023-10-23,44.52,44.59,43.7,44.0,112670.0,45.8845,45.4327466020838,0.17607820907388572,44.08866987472394,-3.3800000000000026,47.7174783069323,44.051521693067706,1.0168000000000004,85574.0,-40476.0,44.52,46.03,47.38
2023-10-24,44.39,44.39,43.61,43.61,85201.0,45.799,45.25915168759963,0.017658859768033608,36.1398963075183,-3.0900000000000034,47.884921732396585,43.713078267603414,0.9704285714285719,87139.9,-125677.0,44.0,46.65,46.7
2023-10-25,43.54,44.66,43.54,44.63,116976.0,45.720000000000006,45.199232479256814,-0.02560641171645983,39.13580240149367,-2.3799999999999955,47.85937521622311,43.580624783776905,0.9468571428571428,88915.25,-8701.0,43.61,45.22,47.01
2023-10-26,44.54,45.1194,44.27,44.78,86390.0,45.661,45.15930557647045,-0.047287862372662914,31.145251335749506,-1.4200000000000017,47.837273009189445,43.48472699081056,0.8896714285714283,89652.55,77689.0,44.63,44.95,46.2
2023-10-27,44.88,44.88,44.26,44.59,64348.0,45.61450000000001,45.105085997758984,-0.07884035001877265,30.758620630259202,-1.3099999999999952,47.84258367035564,43.386416329644376,0.8961,89633.55,13341.0,44.78,44.52,45.9
2023-10-30,44.66,45.08,44.4,45.01,85397.0,45.588,45.0960301884486,-0.06926142040955341,37.91130178386857,-1.0200000000000031,47.832362293673484,43.34363770632652,0.8508499999999997,87765.35,98738.0,44.59,44.0,46.03
2023-10-31,44.85,45.98,44.85,45.74,78928.0,45.627,45.15736064669159,-0.002902026245884315,41.43049924695994,-0.9099999999999966,47.852442356973256,43.40155764302675,0.8979928571428566,89319.15,177666.0,45.01,43.61,46.65
2023-11-01,45.45,46.43,45.06,46.37,90492.0,45.658,45.27285010891144,0.09924198214666546,51.175656885690245,1.1499999999999986,47.90779624808446,43.40820375191554,0.8729928571428565,91481.6,268158.0,45.74,44.63,45.22
2023-11-02,46.73,47.05,46.1,46.45,60137.0,45.661,45.38495962234845,0.18450123121320416,53.922967082036905,1.5,47.9150620642462,43.4069379357538,0.8838857142857134,90496.4,328295.0,46.37,44.78,44.95
2023-11-03,46.95,46.95,45.09,45.13,97839.0,45.5435,45.360677753553354,0.14413705819296752,44.51219504595479,0.6099999999999994,47.63764497060134,43.44935502939866,0.9710285714285705,89561.75,230456.0,46.45,44.59,44.52
2023-11-06,45.13,45.63,44.625,44.99,89599.0,45.424,45.3253751103578,0.09972609658436937,39.24870459203604,0.990000000000002,47.34227115146072,43.50572884853928,0.9978142857142848,88870.15,140857.0,45.13,45.01,44.0
2023-11-07,44.95,44.95,44.19,44.24,66099.0,45.301,45.22200605222848,0.004083968395029558,43.03977264168228,0.6300000000000026,47.190025368306465,43.41197463169354,0.9460285714285709,89503.7,74758.0,44.99,45.74,43.61
2023-11-08,44.49,44.66,43.66,43.89,57977.0,45.144999999999996,45.09514833296863,-0.09876341331953142,42.556179691603006,-0.740000000000002,46.953372341724965,43.33662765827503,0.9617428571428565,86516.45,16781.0,44.24,46.37,44.63
2023-11-09,44.27,44.6799,43.77,44.06,84101.0,45.038,44.99656277744781,-0.16467587380078896,46.647230225501275,-0.7199999999999989,46.83675512507957,43.23924487492042,0.9945928571428568,86556.95,100882.0,43.89,46.45,44.78
2023-11-10,44.04,45.56,43.99,44.42,72910.0,44.964,44.94165203673849,-0.18576543400920542,53.13432824718201,-0.1700000000000017,46.73499912330211,43.19300087669789,1.0431642857142853,87521.4,173792.0,44.06,45.13,44.59
2023-11-13,44.35,44.5,44.03,44.21,93695.0,44.873000000000005,44.87197089038244,-0.21689869690922592,54.601226876623144,-0.7999999999999972,46.599854152254295,43.146145847745714,1.021021428571428,85514.0,80097.0,44.42,44.99,45.01
2023-11-14,44.9,45.61,44.71,45.38,136497.0,44.8095,44.920354615107925,-0.1456098111911288,55.622188788799,-0.35999999999999943,46.34389821908682,43.27510178091318,1.0053071428571425,86425.7,216594.0,44.21,44.24,45.74
2023-11-15,45.41,46.46,45.41,45.65,103631.0,44.831,44.989844651764315,-0.06658615446549732,56.40648000151829,-0.7199999999999989,46.401248387994706,43.2607516120053,1.0196357142857144,87542.75,320225.0,45.38,43.89,46.37
2023-11-16,45.58,45.58,44.91,45.2,62213.0,44.8435,45.00985944683438,-0.03977121503525893,54.32624102686987,-1.25,46.42169717265919,43.26530282734081,1.0232071428571428,86496.05,258012.0,45.65,44.06,46.45
2023-11-17,45.54,45.85,45.37,45.84,77687.0,44.9095,45.08892045189778,0.03269049936564272,55.70839053921359,0.7100000000000009,46.540263140695984,43.27873685930402,1.0089214285714287,86139.35,335699.0,45.2,44.42,45.13
2023-11-20,46.0,46.41,45.52,46.25,98403.0,45.022000000000006,45.19949945647894,0.12176351454321832,53.66906464009109,1.259999999999998,46.69838206925071,43.3456179307493,0.9917785714285715,85426.0,434102.0,45.84,44.21,44.99
2023-11-21,46.28,46.28,45.67,45.81,44480.0,45.132,45.257642365385706,0.1550936923635149,45.857988070708345,1.5700000000000003,46.70371846950033,43.560281530499665,0.9374928571428575,83389.95,389622.0,46.25,45.38,44.24
2023-11-22,45.92,46.14,45.76,45.94,24842.0,45.197500000000005,45.322628806777544,0.1898007160676798,46.255506512837385,2.049999999999997,46.79017897449221,43.6048210255078,0.8967785714285722,78783.25,414464.0,45.81,45.65,43.89
2023-11-24,46.03,46.22,45.8,46.18,20064.0,45.2675,45.404283206132064,0.23395964078100917,59.162303520371324,2.1199999999999974,46.90534036237713,43.629659637622865,0.7939214285714294,75466.95,434528.0,45.94,45.2,44.06
2023-11-27,46.18,46.91,45.93,46.81,73505.0,45.378499999999995,45.538160996024246,0.3161102829109055,64.63022493491592,2.3900000000000006,47.12060127205778,43.63639872794221,0.7921357142857148,75924.8,508033.0,46.18,45.84,44.42
2023-11-28,46.79,46.88,45.76,45.82,52753.0,45.419,45.565002805926696,0.29794852710217157,62.22910203232083,1.6099999999999994,47.16269118463349,43.675308815366506,0.8178500000000005,74292.6,455280.0,46.81,46.25,44.21
2023-11-29,45.75,46.15,45.64,45.74,46138.0,45.419,45.581669205362246,0.2739457723442982,64.94345704213114,0.35999999999999943,47.16269118463349,43.675308815366506,0.7828500000000004,72653.1,409142.0,45.82,45.81,45.38
2023-11-30,46.04,46.7,45.83,46.64,107473.0,45.4325,45.68246261437537,0.3237717856112923,68.64161835823953,0.990000000000002,47.21102540931499,43.653974590685,0.7800000000000006,73502.15,516615.0,45.74,45.94,45.65
2023-12-01,46.52,47.38,46.5,47.0,78540.0,45.46,45.80794236538724,0.38782163735051256,68.64161835823953,1.7999999999999972,47.319915108419316,43.600084891580686,0.7307142857142865,74422.3,595155.0,46.64,46.18,45.2
2023-12-04,47.0,47.55,46.71,47.15,84457.0,45.561,45.935757378207505,0.4455427677684014,71.42857128279887,1.3099999999999952,47.55967219080967,43.56232780919033,0.7571428571428578,73753.2,679612.0,47.0,46.81,45.84
2023-12-05,47.2,48.44,47.033,47.57,132425.0,45.690000000000005,46.091399532663935,0.5191768152658867,67.92144010623568,1.3200000000000003,47.85925890813579,43.52074109186422,0.7933571428571433,75894.5,812037.0,47.15,45.82,46.25
2023-12-06,47.64,48.51,47.15,47.74,190078.0,45.865,46.248409100981654,0.5845055669914672,67.38768703104373,1.9299999999999997,48.105277238482635,43.62472276151737,0.8155000000000001,82093.45,1002115.0,47.57,45.74,45.81
2023-12-07,43.51,43.9,39.74,41.83,533608.0,45.762,45.82760823422149,0.1577586582982704,35.3095030083406,-4.109999999999999,48.51529161856173,43.00870838143827,1.064785714285714,105875.0,468507.0,47.74,46.64,45.94
2023-12-08,41.85,42.33,40.9,42.29,196279.0,45.673500000000004,45.490693164295635,-0.14170168189649246,34.27812218955766,-3.8900000000000006,48.751751554304676,42.59524844569533,1.1326428571428566,111483.9,664786.0,41.83,47.0,46.18
2023-12-11,41.82,43.7699,41.25,43.66,159013.0,45.6355,45.31634143436272,-0.2654545369517436,39.428571383510196,-3.1500000000000057,48.79655561981739,42.47444438018261,1.2490642857142855,115789.05,823799.0,42.29,47.15,46.81
2023-12-12,43.72,43.72,42.64,42.95,108186.0,45.572500000000005,45.090975583471035,-0.4160068342225003,38.57827471724474,-2.8699999999999974,48.899068486404126,42.245931513595885,1.282635714285714,116513.6,715613.0,43.66,47.57,45.82
2023-12-13,42.96,44.0018,42.5401,43.71,140658.0,45.489,44.959454099330934,-0.4686100701147353,41.52091250332375,-2.030000000000001,48.918168381615835,42.05983161838416,1.3598999999999997,116721.65,856271.0,42.95,47.74,45.74
2023-12-14,44.0,44.3,43.0,43.7,124974.0,45.3915,44.839506089870845,-0.5052802800797096,40.402476736405994,-2.9399999999999977,48.91108894130971,41.871911058690294,1.4227571428571422,117788.8,731297.0,43.71,41.83,46.64
2023-12-15,44.14,44.38,43.69,43.98,189318.0,45.3305,44.757648367026,-0.5059213183489604,38.74303893855187,-3.020000000000003,48.90591002433362,41.75508997566638,1.4020428571428571,124144.05,920615.0,43.7,42.29,47.0
2023-12-18,44.04,44.93,43.71,44.9,102761.0,45.2835,44.77120566540448,-0.42728428165168,46.319999948121584,-2.25,48.85542134645532,41.71157865354467,1.4091857142857138,125397.75,1023376.0,43.98,43.66,47.15
2023-12-19,45.12,45.85,44.97,45.81,80191.0,45.2615,44.87013845917548,-0.2882274717798765,50.26256558862147,-1.759999999999998,48.81372258074546,41.70927741925453,1.4356142857142855,124487.15,1103567.0,44.9,42.95,47.57
2023-12-20,45.68,47.0,45.34,46.45,131468.0,45.2935,45.02060146306353,-0.12495121086478633,49.273144553188686,-1.2899999999999991,48.87791230593628,41.709087694063726,1.4920428571428563,128836.55,1235035.0,45.81,43.71,47.74
2023-12-21,46.75,47.68,46.54,47.68,90854.0,45.3805,45.273877514200336,0.1024973634282702,52.43902433757918,5.850000000000001,49.112413436125884,41.64858656387411,1.5106142857142848,132137.15,1325889.0,46.45,43.7,41.83
2023-12-22,47.99,48.4,47.68,48.21,76454.0,45.482,45.55350822713364,0.32180144493629825,53.70111726593467,5.920000000000002,49.41070462111879,41.55329537888121,1.5020428571428563,134956.65,1402343.0,47.68,43.98,42.29
2023-12-26,48.39,48.44,47.76,47.81,67183.0,45.532,45.76841220550187,0.4580493096575964,50.839160789388245,4.150000000000006,49.556161762993256,41.50783823700674,1.4501142857142852,134640.55,1335160.0,48.21,44.9,43.66
2023-12-27,47.8,47.88,47.1242,47.76,55667.0,45.629000000000005,45.95808723354931,0.5555879239901742,50.070521812342214,4.809999999999995,49.774099325836815,41.483900674163195,1.4069571428571426,134786.25,1279493.0,47.81,45.81,42.95
2023-12-28,47.76,47.97,47.26,47.39,56832.0,45.7115,46.09445987797318,0.5961635684899704,82.17592579277056,3.6799999999999997,49.93091515029352,41.49208484970648,1.1605285714285714,135320.95,1222661.0,47.76,46.45,43.71
2023-12-29,47.39,48.3899,46.79,46.79,54531.0,45.719,46.16070179435668,0.5733021790186044,75.62642356961622,3.0899999999999963,49.94589085685799,41.49210914314201,1.1726642857142855,132673.85,1168130.0,47.39,47.68,43.7
2024-01-02,46.74,47.55,46.6,47.21,87258.0,45.7295,46.2606349567989,0.582357831867931,72.66922081515087,3.230000000000004,49.97080801572,41.48819198428,1.060528571428571,133109.75,1255388.0,46.79,48.21,43.98
2024-01-03,47.24,47.62,46.675,46.81,81210.0,45.7125,46.31295543710377,0.5509105750976033,75.6648934761558,1.9100000000000037,49.93250685956043,41.49249314043957,1.050885714285714,132947.4,1174178.0,47.21,47.81,44.9
2024-01-04,47.16,47.16,46.66,46.82,109176.0,45.675,46.36124539547484,0.5207918018987101,72.96898064674068,1.009999999999998,49.838457571222335,41.51154242877766,0.9821928571428568,131784.95,1283354.0,46.81,47.76,45.81
2024-01-05,46.59,46.9,46.02,46.04,80063.0,45.589999999999996,46.33065059590581,0.42904287674102903,65.51724125766027,-0.4100000000000037,49.64392077922234,41.53607922077765,0.9521928571428566,126284.2,1203291.0,46.82,47.39,46.45
2024-01-08,46.05,46.05,45.2696,45.36,67850.0,45.7665,46.238207682010014,0.2980299848487178,58.690176218934205,-2.3200000000000003,49.41860984443098,42.11439015556902,0.9586499999999992,102996.3,1135441.0,46.04,46.79,47.68
2024-01-09,45.08,45.49,44.69,45.42,49248.0,45.923,46.160283140866206,0.19677421773979376,53.67231627804911,-2.789999999999999,49.19647296661484,42.64952703338516,0.9286499999999995,95644.75,1184689.0,45.36,47.21,48.21
2024-01-10,45.18,45.62,45.12,45.61,78541.0,46.0205,46.10787522268847,0.13035598859742947,48.427672849373025,-2.200000000000003,49.12180346111035,42.91919653888964,0.9015071428571423,91621.15,1263230.0,45.42,46.81,47.81
2024-01-11,45.72,45.8,44.9948,45.7,50017.0,46.158,46.06902996338481,0.08401241445040597,43.54561091056135,-2.059999999999995,48.91032036079041,43.405679639209595,0.8404499999999996,88712.7,1313247.0,45.61,46.82,47.76
2024-01-12,46.05,46.44,45.81,46.22,56728.0,46.283500000000004,46.08340806211007,0.08822488408905826,35.686274411841595,-1.1700000000000017,48.78312755120383,43.783872448796174,0.8040214285714278,84516.2,1369975.0,45.7,46.04,47.39
2024-01-16,46.06,46.06,45.49,45.76,59442.0,46.3865,46.05260729429006,0.05382676608818571,25.646123189056496,-1.0300000000000011,48.59013599057281,44.182864009427185,0.7933071428571422,81239.6,1310533.0,46.22,45.36,46.79
2024-01-17,45.38,46.67,45.38,46.15,86777.0,46.495,46.06188279007196,0.05737274349977639,33.46613536483545,-1.0600000000000023,48.39210582897114,44.597894171028855,0.8368785714285707,76112.55,1397310.0,45.76,45.42,47.21
2024-01-18,46.36,46.84,45.92,46.22,77673.0,46.561,46.07694157196987,0.06508087585158506,34.72222212577161,-0.5900000000000034,48.310573181033014,44.811426818966986,0.8486071428571422,74858.15,1474983.0,46.15,45.61,46.81
2024-01-19,46.52,46.52,45.47,45.7,54620.0,46.5555,46.0410423746394,0.028898737349443593,33.71868969709796,-1.1199999999999974,48.31567313741709,44.79532686258291,0.8728928571428567,73579.6,1420363.0,46.22,45.7,46.82
2024-01-22,45.88,45.88,44.92,45.03,75590.0,46.484500000000004,45.94475262467375,-0.05322346033637615,33.269961888635095,-1.009999999999998,48.37250618866082,44.59649381133919,0.8271857142857141,70785.7,1344773.0,45.7,46.22,46.04
2024-01-23,45.34,45.34,43.95,43.98,84502.0,46.299499999999995,45.75763332708577,-0.20071507213624784,22.58064510761814,-1.3800000000000026,48.40665547848912,44.19234452151087,0.8586142857142859,70468.1,1260271.0,45.03,45.76,45.36
2024-01-24,44.33,44.33,43.44,43.7,57691.0,46.074,45.5616682483157,-0.33631913836828886,23.0502599094101,-1.7199999999999989,48.28311413538509,43.864885864614905,0.8546857142857144,69529.95,1202580.0,43.98,46.15,45.42
2024-01-25,44.03,44.48,43.94,44.19,54437.0,45.893,45.43103317704754,-0.3996418593243689,28.95999993512956,-1.4200000000000017,48.09641457503438,43.68958542496562,0.8575428571428573,68892.65,1257017.0,43.7,46.22,45.61
2024-01-26,44.59,44.62,44.15,44.51,56237.0,45.7305,45.34331573161444,-0.4191730332986481,36.78756467788842,-1.1900000000000048,47.831141255476695,43.629858744523304,0.8282571428571431,68921.15,1313254.0,44.19,45.7,45.7
2024-01-29,44.5,44.58,43.97,44.5,58265.0,45.586,45.26299994765116,-0.4304960045533477,41.60156238624572,-1.7199999999999989,47.6018780247144,43.570121975285595,0.8160857142857145,68992.8,1254989.0,44.51,45.03,46.22
2024-01-30,44.6,45.11,44.37,45.11,66886.0,45.501999999999995,45.24842852406533,-0.38580163448138194,47.26631381627362,-0.6499999999999986,47.44534058558427,43.55865941441572,0.8118000000000001,69610.55,1321875.0,44.5,43.98,45.76
2024-01-31,45.3,45.7,44.32,44.33,122399.0,45.358,45.160959140821014,-0.40860877085729896,39.7763577385193,-1.8200000000000003,47.19219679825717,43.52380320174282,0.8746571428571431,71367.6,1199476.0,45.11,43.7,46.15
2024-02-01,44.46,45.905,44.46,45.86,67336.0,45.310500000000005,45.227534460742824,-0.2997725613655007,51.03896094616291,-0.35999999999999943,47.032120717445295,43.588879282554714,0.9203571428571432,70673.9,1266812.0,44.33,44.19,46.22
2024-02-02,45.49,45.49,44.97,45.15,33336.0,45.227,45.220150226386366,-0.267722815048522,43.219264815580516,-0.5500000000000043,46.79554743397563,43.658452566024366,0.9125000000000009,66881.9,1233476.0,45.86,44.51,45.7
2024-02-05,44.91,44.91,44.345,44.51,44473.0,45.1505,45.15251687149242,-0.290614778410351,42.25526634552989,-0.5200000000000031,46.70123463066276,43.59976536933724,0.9121428571428579,65102.4,1189003.0,45.15,44.5,45.03
2024-02-06,44.5,44.98,44.5,44.68,43224.0,45.1165,45.10751526468362,-0.29167720451727774,40.63694260268571,0.7000000000000028,46.67767735598555,43.55532264401445,0.8542857142857149,63871.1,1232227.0,44.51,45.11,43.98
2024-02-07,44.51,45.12,44.47,44.92,48570.0,45.0915,45.089656668047084,-0.27004064348248136,41.895261772252674,1.2199999999999989,46.64822091268792,43.53477908731209,0.8350000000000003,63837.2,1280797.0,44.68,44.33,43.7
2024-02-08,44.91,45.84,44.9012,45.84,48531.0,45.103,45.161117937756885,-0.17662234994476478,50.831353834722215,1.6500000000000057,46.67912582986856,43.52687417013144,0.8270571428571429,62336.7,1329328.0,44.92,45.86,44.19
2024-02-09,45.61,46.59,45.583,46.5,39450.0,45.143,45.28863051511337,-0.04876977716994446,58.73959562159877,1.990000000000002,46.82027975258183,43.46572024741817,0.8304142857142861,61808.35,1368778.0,45.84,45.15,44.51
2024-02-12,46.42,47.34,46.42,46.94,50311.0,45.178999999999995,45.44590379938828,0.0870546332362423,68.97435885055887,2.4399999999999977,46.97995763999394,43.37804236000605,0.7968428571428576,61487.5,1419089.0,46.5,44.51,44.5
2024-02-13,46.0,46.0,44.69,45.16,67694.0,45.149,45.41867486611321,0.050485111717328834,57.849462278506145,0.04999999999999716,46.92907569324569,43.36892430675431,0.8268428571428578,61900.1,1351395.0,46.94,44.68,45.11
2024-02-14,45.66,46.33,45.57,46.23,47827.0,45.153,45.49594392648338,0.10661360906909323,60.32388655419691,1.8999999999999986,46.942879149110624,43.36312085088937,0.8425571428571433,59952.6,1399222.0,45.16,44.92,44.33
2024-02-15,46.28,47.5,46.28,47.5,63551.0,45.217,45.686806409675434,0.2506834272622669,63.804247378277054,1.6400000000000006,47.243426463143,43.190573536856995,0.8961285714285719,59246.5,1462773.0,46.23,45.84,45.86
2024-02-16,47.21,47.62,46.55,47.01,50226.0,45.2825,45.8128248468492,0.3216138917724578,61.09637481385062,1.8599999999999994,47.454143811057705,43.11085618894229,0.9289857142857149,59026.8,1412547.0,47.5,46.5,45.15
2024-02-20,46.51,46.82,46.21,46.31,32618.0,45.3465,45.86017486143499,0.3176811122853067,55.263157826869815,1.8000000000000043,47.561817727004176,43.13118227299582,0.9197000000000004,56878.2,1379929.0,47.01,46.94,44.51
2024-02-21,46.17,46.85,45.93,46.49,37387.0,45.472,45.920158207964995,0.3253384273322837,59.99999992222223,1.8100000000000023,47.64535636625403,43.298643633745975,0.8868428571428575,54522.45,1417316.0,46.31,45.16,44.68
2024-02-22,46.33,46.52,46.16,46.34,34825.0,45.604,45.960143140539756,0.3156644629091758,52.54777062254048,1.4200000000000017,47.64058537753764,43.56741462246236,0.8093428571428579,53379.15,1382491.0,46.49,46.23,44.92
2024-02-23,46.18,46.83,46.18,46.79,23712.0,45.733999999999995,46.039177127155014,0.340385006173733,58.95196497540094,0.9499999999999957,47.72189388682176,43.74610611317823,0.8186285714285718,51842.9,1406203.0,46.34,47.5,45.84
2024-02-26,46.79,46.91,46.37,46.86,37223.0,45.8515,46.11735073409263,0.36145792455353387,63.67869605453998,0.35999999999999943,47.8123942643064,43.890605735693605,0.8168428571428576,50892.2,1443426.0,46.79,47.01,46.5
2024-02-27,46.87,47.21,46.55,46.56,48789.0,45.954499999999996,46.15950780703619,0.3499173843895136,60.779816416179216,-0.37999999999999545,47.831086767175215,44.07791323282478,0.829700000000001,50418.4,1394637.0,46.86,46.31,46.94
2024-02-28,46.69,47.115,46.69,47.0,22955.0,46.049,46.23955468255655,0.3719875011490572,61.6591927283376,1.8400000000000034,47.936843659896354,44.161156340103645,0.8136285714285728,48221.85,1417592.0,46.56,46.49,45.16
2024-02-29,47.17,47.19,46.425,46.86,96088.0,46.1755,46.29864471278926,0.3738716920331555,56.26535616858536,0.6300000000000026,47.91128406369855,44.43971593630145,0.8012142857142871,46906.3,1321504.0,47.0,46.34,46.23
2024-03-01,47.07,47.09,46.44,46.74,38447.0,46.2195,46.34067854966648,0.361514657401969,51.57894727340721,-0.759999999999998,47.96618980164146,44.47281019835853,0.7757142857142872,45461.85,1283057.0,46.86,46.79,47.5
2024-03-04,46.82,47.16,46.27,46.31,48029.0,46.2775,46.33775678303157,0.3134115525389518,45.84980228697008,-0.6999999999999957,47.95012636215291,44.6048736378471,0.7735714285714295,46196.5,1235028.0,46.74,46.86,47.01
2024-03-05,46.38,47.39,46.15,46.81,83469.0,46.3925,46.382732327504755,0.3120381663732914,63.07448480458917,0.5,47.85673862018545,44.92826137981454,0.7685714285714295,48146.3,1318497.0,46.31,46.56,46.31
2024-03-06,47.09,48.49,46.97,48.03,79325.0,46.559999999999995,46.539614962980494,0.4047277205421551,63.931888406339624,1.5399999999999991,47.96462394293035,45.15537605706964,0.8228571428571441,49951.35,1397822.0,46.81,47.0,46.49
2024-03-07,48.18,49.29,48.12,48.7,40555.0,46.749,46.74536591888712,0.5261825562454305,60.238907705913924,2.3599999999999994,48.23912044726899,45.25887955273102,0.8192857142857157,49550.6,1438377.0,48.03,46.86,46.34
2024-03-08,48.79,49.49,48.15,49.27,52674.0,46.9205,46.98580725994549,0.6608130240464263,69.02356886088731,2.480000000000004,48.72622743761293,45.11477256238707,0.8385714285714302,49757.75,1491051.0,48.7,46.74,46.79
2024-03-11,49.15,49.366,48.32,49.18,37161.0,47.054500000000004,47.19477799709354,0.7515826293743473,76.92307672102758,2.3200000000000003,49.10940401876016,44.99959598123985,0.8697142857142873,49643.3,1453890.0,49.27,46.31,46.86
2024-03-12,49.17,49.17,48.32,48.52,57431.0,47.133500000000005,47.32098961641796,0.7614839429499796,67.46987935549431,1.9600000000000009,49.28889738673354,44.97810261326647,0.8647142857142873,49999.3,1396459.0,49.18,46.81,46.56
2024-03-13,48.53,49.52,48.53,49.21,28394.0,47.336,47.5008953672353,0.8156060891270585,72.5984250367909,2.210000000000001,49.47162661826279,45.20037338173721,0.909714285714287,48034.3,1424853.0,48.52,48.03,47.0
2024-03-14,48.74,49.0543,47.42,48.14,54110.0,47.43150000000001,47.56176247511765,0.7633589009584512,59.684361429615365,1.2800000000000011,49.529371352234776,45.33362864776524,0.9800214285714297,48348.45,1370743.0,49.21,48.7,46.86
2024-03-15,48.19,49.3,48.19,48.97,110789.0,47.505,47.69588033463026,0.7799359226312603,63.64812407618711,2.229999999999997,49.71308562000304,45.29691437999696,1.0207357142857154,50710.35,1481532.0,48.14,49.27,46.74
2024-03-18,49.2,49.95,48.86,49.44,49753.0,47.62650000000001,47.86198696942738,0.8215282549385989,68.2278479803557,3.1299999999999955,49.982377532336855,45.27062246766316,1.051450000000001,50686.7,1531285.0,48.97,49.18,46.31
2024-03-19,49.55,50.26,49.19,50.23,44162.0,47.822500000000005,48.087512019958105,0.9077725122850282,69.57575745768962,3.4199999999999946,50.36228759990532,45.28271240009469,1.0975214285714294,51263.9,1575447.0,49.44,48.52,46.81
2024-03-20,49.97,50.58,49.75,50.25,46497.0,48.0105,48.29346325615257,0.9665932476353305,70.84870836508219,2.219999999999999,50.687902315285484,45.33309768471452,1.1021642857142864,51719.4,1621944.0,50.23,49.21,48.03
2024-03-21,50.58,51.97,50.16,51.56,76326.0,48.271499999999996,48.60456199366185,1.1061638092130508,75.85836898476211,2.8599999999999994,51.26258341575448,45.280416584245515,1.1850214285714291,53794.45,1698270.0,50.25,48.14,48.7
2024-03-22,51.64,51.64,50.86,50.89,51853.0,48.4765,48.82222275617024,1.1494608920624003,73.95397478709667,1.6199999999999974,51.59916603367961,45.353833966320394,1.1771642857142868,55201.5,1646417.0,51.56,48.97,49.27
2024-03-25,50.89,51.22,50.53,50.56,37459.0,48.661500000000004,48.987725350820696,1.1439590859234485,69.96805101389215,1.3800000000000026,51.819142525016275,45.50385747498373,1.1378785714285722,55213.3,1608958.0,50.89,49.44,49.18
2024-03-26,50.24,50.42,49.79,49.85,73652.0,48.82600000000001,49.06984674598063,1.0699738783436885,60.247747652762556,1.3299999999999983,51.863169041965804,45.78883095803421,1.0743071428571436,56456.45,1535306.0,50.56,50.23,48.52
2024-03-27,50.21,50.72,49.86,50.35,52926.0,48.9935,49.19176610350628,1.0397008152100256,59.47187131657792,1.1400000000000006,51.97565940835562,46.01134059164438,1.052164285714286,57955.0,1588232.0,49.85,50.25,49.21
2024-03-28,50.31,51.28,50.11,50.54,74367.0,49.1775,49.32016933174378,1.019290837265764,57.62304912284239,2.3999999999999986,52.0577695414806,46.2972304585194,1.0400214285714289,56868.95,1662599.0,50.35,51.56,48.14
2024-04-01,50.75,51.1,49.915,50.43,70430.0,49.362,49.42586749062532,0.9829093424287692,57.48502984373768,1.4600000000000009,52.05125033576702,46.67274966423298,1.0499500000000006,58468.1,1592169.0,50.54,50.89,48.97
2024-04-02,49.99,50.57,49.51,49.71,44936.0,49.532,49.452927729613386,0.8857682328299319,57.074910725440084,0.2700000000000031,51.80683810875735,47.257161891242646,1.0649500000000007,58313.45,1547233.0,50.43,50.56,49.44
2024-04-03,49.45,50.065,49.36,49.96,47352.0,49.6895,49.50122032679306,0.8195093025251339,54.70514419499723,-0.269999999999996,51.57342060398187,47.80557939601813,1.0445928571428575,56507.6,1594585.0,49.71,49.85,50.23
2024-04-04,50.46,51.26,50.17,50.27,88236.0,49.801500000000004,49.574437438527056,0.7829872213906057,64.77115105314897,0.020000000000003126,51.52994042876568,48.07305957123433,1.005714285714286,56953.15,1682821.0,49.96,50.35,50.25
2024-04-05,50.11,50.515,50.1,50.17,44596.0,49.875,49.63115768247686,0.7374729212719728,59.25925913123001,-1.3900000000000006,51.52966485714658,48.22033514285342,0.9560714285714289,57155.2,1638225.0,50.27,50.54,51.56
2024-04-08,50.34,51.46,50.23,51.01,57719.0,49.962,49.76247599843145,0.7604178183007022,61.45985388898716,0.11999999999999744,51.664995503286136,48.25900449671387,0.966071428571429,57407.45,1695944.0,50.17,50.43,50.89
2024-04-09,51.33,51.33,49.745,50.9,86621.0,50.047999999999995,49.870811617628455,0.7609539352646593,55.42949744310974,0.3399999999999963,51.758421308518415,48.337578691481575,1.0028571428571433,59880.45,1609323.0,51.01,49.71,50.56
2024-04-10,50.18,50.4,48.85,49.53,70765.0,50.0985,49.83835336833051,0.643414446579115,45.21276587327411,-0.3200000000000003,51.67322503865619,48.52377496134381,1.0542857142857147,60547.15,1538558.0,50.9,49.96,49.85
2024-04-11,49.4,49.81,48.96,49.35,101534.0,50.10549999999999,49.79184352372761,0.5296337789637207,32.70735517090718,-1.0,51.66476399641902,48.546236003580965,0.985714285714286,64204.15,1437024.0,49.53,50.27,50.35
2024-04-12,55.2,61.79,54.8,59.77,557556.0,50.687,50.74214414051546,1.2656783061945802,77.50929361306507,9.230000000000004,55.14322497778491,46.230775022215084,1.4292857142857147,89376.45,1994580.0,49.35,50.17,50.54
2024-04-15,60.07,61.0,58.0,59.46,247227.0,51.2115,51.57241612713303,1.8031983468871644,77.60545898967267,9.030000000000001,57.0666040262234,45.3563959737766,1.5942857142857148,96198.35,1747353.0,59.77,51.01,50.43
2024-04-16,59.5,61.41,58.73,61.22,146242.0,51.8005,52.49123363883465,2.344181806614806,83.11007564568777,11.509999999999998,59.09771064228639,44.50328935771361,1.740714285714286,101022.8,1893595.0,59.46,50.9,49.71
2024-04-17,61.83,62.04,59.16,60.05,128939.0,52.2915,53.21111614942183,2.6479816252277075,77.18609859413647,10.089999999999996,60.418132694257295,44.1648673057427,1.8850000000000005,105261.65,1764656.0,61.22,49.53,49.96
2024-04-18,60.14,61.05,59.89,60.99,97947.0,52.8285,53.951962230429274,2.930810720500091,78.10650881691818,10.719999999999999,61.766050058748476,43.89094994125152,1.8842857142857146,107834.15,1862603.0,60.05,49.35,50.27
2024-04-19,60.99,62.19,60.94,61.92,119625.0,53.346500000000006,54.71082297038839,3.1931889200141867,79.59814522852271,11.75,63.134880383205356,43.558119616794656,1.8889285714285715,109999.1,1982228.0,60.99,59.77,50.17
2024-04-22,61.93,62.27,60.75,61.64,125952.0,53.884,55.370744592256166,3.340030090299358,81.44438581232359,10.630000000000003,64.26696661795064,43.50103338204936,1.9217857142857144,113704.05,1856276.0,61.92,59.46,51.01
2024-04-23,61.6,62.6886,61.47,61.63,107551.0,54.4375,55.96686415489844,3.416215847360938,81.15323005146047,10.730000000000004,65.2459058418487,43.6290941581513,1.9584714285714289,117208.65,1748725.0,61.64,61.22,50.9
2024-04-24,61.79,62.505,60.34,61.21,93985.0,55.0055,56.46621042586049,3.4034700422695394,79.03397021727835,11.68,65.99134634882557,44.01965365117443,2.0352571428571435,118225.3,1654740.0,61.63,60.05,49.53
2024-04-25,61.01,61.47,60.65,61.21,82743.0,55.548500000000004,56.91799990911187,3.354698027634562,79.45570965248773,11.86,66.63853398030028,44.45846601969973,2.0641857142857147,119716.15,1654740.0,61.21,60.99,49.35
2024-04-26,61.22,62.35,61.14,61.98,51705.0,56.12050000000001,57.40009515586312,3.339680643493253,79.37868231862336,2.2099999999999937,67.30255795012728,44.938442049872734,2.0627571428571434,118583.05,1706445.0,61.21,61.92,59.77
2024-04-29,61.68,62.379,61.68,62.09,54327.0,56.7035,57.846752760066636,3.2986307734711247,79.96786282166309,2.6300000000000026,67.85214027583655,45.55485972416346,1.9994714285714288,117777.9,1760772.0,61.98,61.64,59.46
2024-04-30,62.14,62.14,60.25,60.26,64357.0,57.230999999999995,58.07658583053648,3.082895083596327,78.04495551005593,-0.9600000000000009,67.97747927658682,46.48452072341317,2.0237571428571433,118748.95,1696415.0,62.09,61.63,61.22
2024-05-01,60.64,60.8,60.03,60.33,54300.0,57.7495,58.29119670381872,2.8843227312788358,78.86435325425333,0.28000000000000114,68.0084821491631,47.490517850836895,2.018042857142857,119096.35,1750715.0,60.26,61.21,60.05
2024-05-02,60.23,61.34,60.23,61.02,52414.0,58.287,58.55108273202646,2.7509190519257416,56.727664069516955,0.030000000000001137,68.00834948396975,48.565650516030246,1.5980428571428575,117305.25,1803129.0,60.33,61.21,60.99
2024-05-03,61.52,61.778,60.375,60.84,70028.0,58.820499999999996,58.76907485278584,2.6006920222473724,57.532751003770905,-1.0799999999999983,67.80981172355055,49.83118827644944,1.483971428571429,118576.85,1733101.0,61.02,61.98,61.92
2024-05-06,60.98,64.175,60.98,63.73,154370.0,59.45649999999999,59.241543914425286,2.683896541467824,62.19630700964542,2.0899999999999963,67.9025648576099,51.01043514239008,1.5207571428571431,123409.4,1887471.0,60.84,62.09,61.64
2024-05-07,64.18,65.7,64.18,65.01,142842.0,60.162,59.79092068448002,2.8206077986630476,73.84615374674556,3.3800000000000026,67.92858320864768,52.39541679135232,1.4236142857142855,126220.45,2030313.0,63.73,60.26,61.63
2024-05-08,64.85,66.43,63.9686,66.37,95736.0,61.004000000000005,60.417499666910494,3.0040640928408493,74.8613677404751,5.160000000000004,67.45771667702998,54.55028332297004,1.5165714285714291,127469.0,2126049.0,65.01,60.33,61.21
2024-05-09,66.72,67.59,66.39,67.59,129249.0,61.916,61.10059493672854,3.2108852326702646,75.51755166001386,6.380000000000003,66.23887623549125,57.59312376450874,1.5130000000000006,128854.75,2255298.0,66.37,61.02,61.21
2024-05-10,67.8,67.8,65.5,66.52,114066.0,62.253499999999995,61.616728752278206,3.250977185830955,70.5042015977261,4.539999999999999,66.91189039289735,57.59510960710265,1.568714285714286,106680.25,2141232.0,67.59,60.84,61.98
2024-05-13,66.86,67.72,66.595,67.23,160767.0,62.641999999999996,62.151326013966,3.3019782572840555,72.22222214197527,5.140000000000001,67.60546907547177,57.67853092452821,1.5620285714285715,102357.25,2301999.0,66.52,63.73,62.09
2024-05-14,67.72,67.78,67.21,67.62,85206.0,62.962,62.672152107874,3.3354180873349577,75.49721550859495,7.3600000000000065,68.34680356871921,57.5771964312808,1.4481000000000006,99305.45,2387205.0,67.23,65.01,60.26
2024-05-15,67.62,68.45,67.3175,67.62,84879.0,63.3405,63.1433757166479,3.3236069212683077,75.49721550859495,7.290000000000006,68.92400003417086,57.75699996582914,1.4704214285714297,97102.45,2387205.0,67.62,66.37,60.33
2024-05-16,67.87,67.87,66.16,66.32,66250.0,63.60699999999999,63.445911362681436,3.1727736006625946,66.56488542504509,5.29999999999999,69.22680745128164,57.98719254871834,1.506135714285716,95517.6,2320955.0,67.62,67.59,61.02
2024-05-17,66.5,66.5,65.28,65.94,61288.0,63.80800000000001,63.683443613854635,2.9881289941814657,64.39790569172989,5.099999999999994,69.46121557308729,58.15478442691272,1.5433500000000018,92600.75,2259667.0,66.32,66.52,60.84
2024-05-20,66.12,66.385,65.78,66.05,53665.0,64.0285,63.90882993634467,2.818186592280739,74.84978531777702,2.3200000000000003,69.66967298366094,58.38732701633905,1.4515642857142876,88986.4,2313332.0,65.94,67.23,63.73
2024-05-21,66.03,66.35,65.5001,66.35,62954.0,64.26450000000001,64.14132232335946,2.6768563714235114,75.33670024791965,1.3399999999999892,69.878038053108,58.650961946892025,1.45727142857143,86756.55,2376286.0,66.05,67.62,65.01
2024-05-22,66.23,68.04,65.85,67.71,97625.0,64.5895,64.48119638780142,2.6441121019079006,76.65338636867344,1.3399999999999892,70.2110767595191,58.96792324048091,1.5344142857142877,86938.55,2473911.0,66.35,67.62,66.37
2024-05-23,67.65,69.05,67.3019,68.52,117554.0,64.95500000000001,64.86584435086795,2.6529408087887845,79.13505302671535,0.9299999999999926,70.60191065982167,59.30808934017836,1.5590642857142873,88679.1,2591465.0,67.71,66.32,67.59
2024-05-24,68.76,70.52,68.4697,70.52,161133.0,65.382,65.40433536507099,2.789169094148747,77.62408453321903,4.0,71.36334151472703,59.400658485272984,1.4773000000000012,94150.5,2752598.0,68.52,65.94,66.52
2024-05-28,70.5,70.575,68.3394,69.27,180208.0,65.74100000000001,65.7724939017309,2.7644001587279803,67.37357251686535,2.039999999999992,71.7522137315457,59.72978626845434,1.5284142857142875,100444.55,2572390.0,70.52,66.05,67.23
2024-05-29,68.66,69.43,68.3,69.16,63748.0,66.186,66.09511353013748,2.704716233329407,62.67029964783062,1.539999999999992,71.7929032638823,60.57909673611772,1.4333142857142878,100414.1,2508642.0,69.27,66.35,67.62
2024-05-30,69.52,69.92,68.05,69.33,105662.0,66.636,66.40319795583868,2.6406935989199383,58.73493967647695,1.7099999999999937,71.68042328872161,61.59157671127838,1.4811714285714308,102982.2,2614304.0,69.16,67.71,67.62
2024-05-31,69.45,70.97,69.45,70.63,160292.0,67.1165,66.8057505314731,2.6641437405073987,70.16683012930953,4.310000000000002,71.72003308254789,62.51296691745212,1.425457142857145,108376.1,2774596.0,69.33,68.52,66.32
2024-06-03,70.93,71.5,69.88,70.87,177679.0,67.61800000000001,67.19282190942803,2.671301044419124,68.72427973640534,4.930000000000007,71.46586256456713,63.77013743543289,1.4608142857142883,113758.65,2952275.0,70.63,70.52,65.94
2024-06-04,70.61,71.03,66.84,68.77,253286.0,67.87,67.34302934662536,2.4789450793535934,55.030621104949326,2.719999999999999,71.28110261537807,64.45889738462193,1.719385714285716,118704.45,2698989.0,70.87,69.27,66.05
2024-06-05,68.78,69.712,68.19,68.88,127370.0,68.0635,67.48940750408961,2.3087636809727172,55.459272029772066,2.530000000000001,71.22114252501721,64.9058574749828,1.7472071428571445,117930.85,2826359.0,68.77,69.16,66.35
2024-06-06,69.02,69.2062,67.8029,69.14,168832.0,68.202,67.6466067894144,2.1698607194122843,63.42857134400001,1.4300000000000068,71.28909094882599,65.11490905117401,1.7253000000000012,121585.65,2995191.0,68.88,69.33,67.71
2024-06-07,74.15,78.07,73.7,76.35,616683.0,68.64,68.47550138089875,2.61146253545715,80.0346219780447,7.829999999999998,73.39608419207573,63.88391580792426,1.9503000000000006,145957.35,3611874.0,69.14,70.63,68.52
2024-06-10,76.74,78.95,75.34,77.51,397283.0,69.1895,69.33592982081315,3.0202222175405353,81.17519036254336,6.990000000000009,75.2694947195274,63.1095052804726,2.1649428571428575,160118.2,4009157.0,76.35,70.87,70.52
2024-06-11,77.3,77.86,75.5,77.1,265304.0,69.683,70.0753650759738,3.2733504907077133,79.06976738199145,7.829999999999998,76.6332839018127,62.73271609818731,2.2728071428571437,165345.05,3743853.0,77.51,68.77,69.27
2024-06-12,77.95,78.3,75.7501,76.57,184300.0,70.1305,70.69390173540488,3.3920880217649767,75.08493765282049,7.409999999999997,77.6506525040532,62.61034749594679,2.2985142857142855,170299.75,3559553.0,77.1,68.88,69.16
2024-06-13,77.21,77.75,76.2,76.67,192913.0,70.583,71.26305395108061,3.454436935867477,74.04129787394814,7.340000000000003,78.54333085797495,62.62266914202505,2.2843642857142856,175701.45,3752466.0,76.57,69.14,69.33
2024-06-14,76.72,77.56,73.15,76.8,227401.0,71.107,71.79038214621579,3.4742893675674793,70.82228110135857,6.170000000000002,79.26309581523999,62.950904184760006,2.452914285714286,183759.0,3979867.0,76.67,76.35,70.63
2024-06-17,76.36,78.29,76.1,78.29,175280.0,71.7245,72.40939337038571,3.569110622629907,79.43864222505601,7.420000000000002,80.10053718636536,63.348462813634654,2.4496571428571436,189458.6,4155147.0,76.8,77.51,70.87
2024-06-18,78.79,78.79,77.102,77.6,132021.0,72.30199999999999,72.90373685892041,3.547684420076422,76.54088043575005,8.829999999999998,80.62320841426838,63.98079158573161,2.489514285714286,193376.4,4023126.0,78.29,77.1,68.77
2024-06-20,77.72,77.925,75.21,75.39,114640.0,72.75399999999999,73.14052382473751,3.314171763248794,66.88963205482409,6.510000000000005,80.6869463564771,64.82105364352289,2.5498714285714286,195960.7,3908486.0,77.6,76.57,68.88
2024-06-21,74.84,75.6283,73.33,75.45,426617.0,73.14099999999999,73.36047393666728,3.0982382369821835,64.43113767053674,6.310000000000002,80.78789658413316,65.49410341586682,2.605464285714286,212410.3,4335103.0,75.39,76.67,69.14
2024-06-24,75.45,77.01,74.84,76.35,165769.0,73.5325,73.64519070460372,2.9655468609449684,65.78341008519764,0.0,80.98247315431448,66.08252684568552,2.6447499999999997,214821.05,4500872.0,75.45,76.8,76.35
2024-06-25,76.3,77.3499,75.99,76.49,155940.0,73.83099999999999,73.91612492321289,2.838959066318594,75.06493499669415,-1.0200000000000102,81.2510947646102,66.41090523538978,2.442600000000001,214561.4,4656812.0,76.35,78.29,77.51
2024-06-26,76.13,76.35,74.21,75.12,206653.0,74.12349999999999,74.03077969243071,2.5981400366698466,68.72749093864437,-1.9799999999999898,81.24163480891595,67.00536519108404,2.4867428571428576,215883.65,4450159.0,76.49,77.6,77.1
2024-06-27,75.42,75.421,73.09,73.33,182497.0,74.33200000000001,73.96403876934207,2.2370637038211925,61.51731715990969,-3.239999999999995,81.07223457346029,67.59176542653972,2.5530071428571435,221821.1,4267662.0,75.12,75.39,76.57
2024-06-28,73.83,74.73,72.33,73.16,672208.0,74.52349999999998,73.88746364845234,1.9151142841400883,35.69506721975513,-3.510000000000005,80.87158309234957,68.1754169076504,2.412292857142859,250148.4,3595454.0,73.33,75.45,76.67
2024-07-01,73.85,73.97,71.38,71.48,166628.0,74.566,73.65818139621878,1.5070329531859556,24.16452439260472,-5.319999999999993,80.81493557251792,68.31706442748208,2.3394357142857163,250465.2,3428826.0,73.16,76.35,76.8
2024-07-02,71.35,72.05,70.3,71.62,121918.0,74.6035,73.46406888229318,1.1813050390800441,25.964912248815082,-6.670000000000002,80.76747095180883,68.43952904819116,2.2958642857142877,247677.15,3550744.0,71.48,76.49,78.29
2024-07-03,71.67,72.4299,70.64,72.03,91476.0,74.7665,73.32749089350335,0.9453494931736373,29.875886487742733,-5.569999999999993,80.43331670596054,69.09968329403945,2.241578571428574,239586.65,3642220.0,71.62,75.12,77.6
2024-07-05,71.98,72.44,69.59,70.75,111883.0,74.86,73.08201557031256,0.6476025619406727,26.243980708875128,-4.640000000000001,80.1682339217886,69.5517660782114,2.334435714285717,238812.3,3530337.0,72.03,73.33,75.39
2024-07-08,71.0,72.53,70.49,72.23,211986.0,75.0145,73.0008712302828,0.5250076429034323,33.45401879302274,-3.219999999999999,79.77317064586273,70.25582935413726,2.1651500000000032,240970.0,3742323.0,70.75,73.16,75.45
2024-07-09,72.0,72.56,70.38,70.38,134966.0,74.716,72.75126444644634,0.275396152823717,22.088920232233917,-5.969999999999999,79.85565962420058,69.5763403757994,2.164435714285717,216884.15,3607357.0,72.23,71.48,76.35
2024-07-10,70.88,70.88,67.8,69.76,218629.0,74.32849999999999,72.46638211821336,0.02723448817970109,22.19858153824255,-6.72999999999999,79.74249463379333,68.91450536620665,2.263864285714288,207951.45,3388728.0,70.38,71.62,76.49
2024-07-11,70.94,72.55,69.78,72.25,120414.0,74.08599999999998,72.44577429743113,0.031127946702852682,39.082058376415226,-2.8700000000000045,79.41104865310176,68.76095134689821,2.267792857142859,200706.95,3509142.0,69.76,72.03,75.12
2024-07-12,72.4,77.28,71.6,75.2,446082.0,74.0175,72.7080815071996,0.2691512770216775,49.276201465554905,1.8700000000000045,79.24231074953221,68.79268925046779,2.5093428571428595,213796.05,3955224.0,72.25,70.75,73.33
2024-07-15,76.49,78.0,75.505,77.22,244706.0,74.04499999999999,73.13778803032345,0.6137091416768641,52.36541594708452,4.060000000000002,79.33398955626895,68.75601044373103,2.532557142857146,216385.7,4199930.0,75.2,72.23,73.16
2024-07-16,78.09,80.185,77.71,79.58,430792.0,74.184,73.7513320274355,1.0649301557991748,57.49636095075454,8.099999999999994,79.90622775903948,68.46177224096051,2.6122071428571454,226555.25,4630722.0,77.22,70.38,71.48
2024-07-17,79.42,80.203,76.32,76.5,267826.0,74.0945,74.0131099295845,1.1606169323086704,53.0913978161613,4.8799999999999955,79.59814271713753,68.59085728286246,2.736707142857146,231182.55,4362896.0,79.58,69.76,71.62
2024-07-18,76.44,77.63,73.1473,76.26,226164.0,74.0275,74.22709946010026,1.2032135016224288,57.05344242663708,4.230000000000004,79.38206470293348,68.67293529706653,2.8904000000000027,235889.7,4136732.0,76.5,72.25,72.03
2024-07-19,76.34,76.43,75.0,75.53,110765.0,74.03450000000001,74.351185225805,1.1646414292960543,55.555555519091534,4.780000000000001,79.39692472649965,68.67207527350037,2.8211142857142883,235695.95,4025967.0,76.26,75.2,70.75
2024-07-22,75.94,78.3,75.53,78.02,155422.0,74.163,74.70059615668072,1.3197813557837748,64.76964765552054,5.789999999999992,79.78512583880641,68.54087416119359,2.833971428571431,222136.2,4181389.0,75.53,77.22,72.23
2024-07-23,77.64,79.79,76.27,78.46,199848.0,74.26849999999999,75.05863461794922,1.4613892028651776,65.24064167052722,8.079999999999998,80.13720477954718,68.3997952204528,2.960400000000003,223840.15,4381237.0,78.02,79.58,70.38
2024-07-24,77.9,79.36,76.02,76.2,131940.0,74.25399999999999,75.16733608290644,1.375396613929297,58.58377929929301,6.439999999999998,80.1009871683949,68.40701283160509,3.0711214285714314,222640.15,4249297.0,78.46,76.5,69.76
2024-07-25,76.51,76.69,74.46,75.68,125725.0,74.28200000000001,75.21616121786774,1.2508679860597738,60.47598806431521,3.430000000000007,80.15176768122771,68.41223231877231,3.026835714285718,218593.75,4123572.0,76.2,76.26,72.25
2024-07-26,76.87,78.86,76.58,77.59,91835.0,74.49499999999999,75.44224110188033,1.2914125880011653,61.18530881232913,2.3900000000000006,80.52626066947566,68.46373933052432,3.0439785714285748,214060.65,4215407.0,75.68,75.53,75.2
2024-07-29,78.0,78.81,76.48,77.05,122588.0,74.68950000000001,75.59536099693935,1.2653844262024734,64.72406177014851,-0.1700000000000017,80.78998652071947,68.58901347928055,3.05469285714286,186579.65,4092819.0,77.59,78.02,77.22
2024-07-30,77.34,77.99,76.2204,77.55,120274.0,74.99300000000001,75.78151709246893,1.270457696215857,67.2880603221468,-2.030000000000001,81.02475840644256,68.96124159355746,2.9610928571428596,184261.95,4213093.0,77.05,78.46,79.58
2024-07-31,78.41,81.05,78.0,78.93,437095.0,75.3585,76.08137260747189,1.3700397999328402,65.5929037853268,2.430000000000007,81.41552819263059,69.30147180736942,2.9810928571428597,200020.8,4650188.0,77.55,76.2,76.5
2024-08-01,79.0,79.53,72.2,74.52,388960.0,75.483,75.93267045437933,1.0806521062186647,48.51398598430087,-1.740000000000009,81.35138487598059,69.61461512401942,3.098950000000002,214895.0,4261228.0,78.93,75.68,76.26
2024-08-02,71.89,72.16,68.9701,69.32,199089.0,75.4115,75.30289231586701,0.4267939182044387,34.842670741066854,-6.210000000000008,81.55126263899216,69.27173736100785,3.1485857142857157,219255.3,4062139.0,74.52,77.59,75.53
2024-08-05,65.66,69.72,63.53,69.55,287676.0,75.2775,74.75499780959396,-0.07200430795616342,29.043042189444108,-8.469999999999999,81.81380146505738,68.74119853494263,3.4139428571428576,223039.8,4349815.0,69.32,77.05,78.02
2024-08-06,69.55,70.5,68.56,70.32,162647.0,75.2745,74.3326170658231,-0.40055557572223677,35.707678052733215,-8.14,81.82031417074307,68.72868582925693,3.2751571428571427,224423.85,4512462.0,69.55,77.55,78.46
2024-08-07,71.03,71.47,69.17,69.3,155311.0,75.25150000000001,73.85332020241138,-0.7347703230145726,34.46428569274552,-6.900000000000006,81.8815885919306,68.62141140806942,3.11925,221257.95,4357151.0,70.32,78.93,76.2
2024-08-08,69.76,70.69,69.2,70.44,73592.0,75.161,73.52824208789602,-0.8973058621721179,38.84261286524346,-5.240000000000009,82.00941249372558,68.31258750627443,3.123535714285713,218916.85,4430743.0,69.3,74.52,75.68
2024-08-09,70.35,70.5815,68.69,69.42,80537.0,74.872,73.13698093666783,-1.0957903345124294,29.850046840773174,-8.170000000000002,82.18551625416981,67.55848374583019,3.060785714285714,200639.6,4350206.0,70.44,69.32,77.59
2024-08-12,69.92,70.15,68.53,69.42,113341.0,74.482,72.78298275222328,-1.2388104728437384,28.37320572262084,-7.6299999999999955,82.09410835998915,66.86989164001085,2.925071428571428,194071.35,4350206.0,69.42,69.55,77.05
2024-08-13,69.92,71.97,69.51,71.55,108579.0,74.0805,72.6655558234401,-1.1668312597301593,38.80597012309659,-6.0,81.40195937422502,66.75904062577499,2.8622142857142845,177960.7,4458785.0,69.42,70.32,77.55
2024-08-14,72.0,72.3,70.89,71.25,103689.0,73.81800000000001,72.53074098311247,-1.121071690921454,39.22141116549392,-7.680000000000007,81.15065974577949,66.48534025422053,2.8036428571428553,169753.85,4355096.0,71.55,69.3,78.93
2024-08-15,72.48,74.27,71.85,72.63,128262.0,73.63649999999998,72.54019422281604,-0.9623589611221632,37.612387586085234,-1.8900000000000006,80.8939702711653,66.37902972883467,2.8136428571428556,164858.75,4483358.0,71.25,70.44,74.52
2024-08-16,72.51,73.12,71.33,73.0,106982.0,73.50999999999999,72.5839852492145,-0.7975286576103429,39.79848863691795,3.680000000000007,80.71652336063477,66.30347663936521,2.7750714285714273,164669.6,4590340.0,72.63,69.42,69.32
2024-08-19,73.28,73.65,72.495,73.65,71656.0,73.2915,72.68551046357503,-0.6074476089343506,40.249999971825034,4.1000000000000085,80.18025597966533,66.40274402033467,2.731171428571428,160481.3,4661996.0,73.0,69.42,69.55
2024-08-20,74.0,74.0,71.93,72.21,66084.0,72.979,72.64022375275836,-0.5664730253338348,33.25024922903769,1.8900000000000006,79.43393169273705,66.52406830726295,2.6611714285714276,153793.1,4595912.0,73.65,71.55,70.32
2024-08-21,72.71,73.75,72.48,73.55,54734.0,72.8465,72.72686910963851,-0.42102031145243757,47.14537959623101,4.25,79.12954745033527,66.56345254966475,2.2283142857142844,149932.8,4650646.0,72.21,71.25,69.3
2024-08-22,72.28,73.56,72.28,72.41,86820.0,72.683,72.69669109919676,-0.3932038511156435,61.94895584939788,1.9699999999999989,78.82417115523589,66.54182884476413,2.0918928571428563,147987.55,4563826.0,73.55,72.63,70.44
2024-08-23,73.19,76.5,72.865,76.31,142660.0,72.619,73.04081575641611,-0.0558182615167766,70.36144572379156,6.890000000000001,78.5685418664851,66.6694581335149,1.909392857142857,150528.8,4706486.0,72.41,73.0,69.42
2024-08-26,76.48,77.6163,76.31,76.97,96893.0,72.615,73.41502377961457,0.2618008557987821,70.16373553776276,7.549999999999997,78.55209303314484,66.67790696685515,1.864128571428571,149244.05,4803379.0,76.31,73.65,69.42
2024-08-27,77.9,77.9,76.05,76.87,148650.0,72.58099999999999,73.74406913393699,0.4996870490727048,74.30956961847568,5.320000000000007,78.4058249126617,66.75617508733828,1.8319857142857146,150662.85,4654729.0,76.97,72.21,71.55
2024-08-28,77.01,77.77,76.11,76.25,180178.0,72.44699999999999,73.98272921641919,0.6309119919777686,69.30232551692805,5.0,77.75743501043054,67.13656498956944,1.8441285714285718,137817.0,4474551.0,76.87,73.55,71.25
2024-08-29,76.68,78.5,76.58,77.44,117805.0,72.59299999999999,74.31199310056974,0.8214624515787392,76.34691188772291,4.810000000000002,78.28990257485371,66.89609742514627,1.8461642857142857,124259.25,4592356.0,76.25,72.41,72.63
2024-08-30,77.34,79.36,77.25,79.31,204841.0,73.0925,74.78799375765833,1.110566515874865,78.93504967202509,6.310000000000002,79.30920711618518,66.87579288381482,1.8811642857142854,124546.85,4797197.0,77.44,76.31,73.0
2024-09-03,78.36,78.36,72.085,72.58,267161.0,73.244,74.57770863788134,0.7875504237654525,52.37436603350663,-1.0700000000000074,79.24101118540737,67.24698881459263,2.153664285714286,123521.1,4530036.0,79.31,76.97,73.65
2024-09-04,72.0,73.11,71.22,71.6,287315.0,73.308,74.2941173390355,0.44732356616442814,50.78229768837942,-0.6099999999999994,79.20002351086941,67.4159764891306,2.1879500000000007,129754.5,4242721.0,72.58,76.87,72.21
2024-09-05,71.25,71.71,69.81,71.38,252447.0,73.412,74.01658235436544,0.15811650034318347,47.053276725188795,-2.1700000000000017,79.07513136366371,67.7488686363363,2.150807142857143,134611.3,3990274.0,71.6,76.25,73.55
2024-09-06,89.09,95.7304,86.8,89.97,1332729.0,74.3885,75.5359554634735,1.4126908330601395,71.51914783156812,17.560000000000002,83.54906829999936,65.22793170000062,2.660835714285714,197568.15,5323003.0,71.38,77.44,72.41
2024-09-09,90.22,95.23,88.03,93.39,451735.0,75.587,77.2363406574284,2.6523409132434637,73.3886255680701,17.08,87.78056189056149,63.39343810943852,3.092621428571429,216128.05,5774738.0,89.97,79.31,76.31
2024-09-10,92.27,92.27,88.45,89.48,282791.0,76.59,78.40240345195903,3.281441791924067,69.3306469449154,12.510000000000005,89.89696216667309,63.283037833326915,3.217621428571429,224600.55,5491947.0,93.39,72.58,76.97
2024-09-11,88.99,89.94,86.98,88.79,260539.0,77.452,79.39169836129626,3.681889012642202,67.31031347245924,11.920000000000002,91.59179021656357,63.31220978343643,3.3383357142857144,232198.55,5231408.0,89.48,71.6,76.87
2024-09-12,88.4,90.94,88.04,88.59,188919.0,78.31899999999999,80.26772708879186,3.9377164475345126,68.77901576223523,12.340000000000003,92.97463574012993,63.66336425987005,3.454049999999999,236460.05,5042489.0,88.79,71.38,76.25
2024-09-13,90.12,91.57,88.7801,91.1,233068.0,79.2425,81.29937212795454,4.293504706207514,67.73806665991046,13.659999999999997,94.69479381711764,63.79020618288237,3.3936857142857124,241700.35,5275557.0,88.59,89.97,77.44
2024-09-16,91.0,91.045,89.05,90.84,193007.0,80.1345,82.20800335386363,4.502586621622598,66.79583431980768,11.530000000000001,96.11997692849934,64.14902307150066,3.44287857142857,246001.6,5082550.0,91.1,93.39,79.31
2024-09-17,91.0,92.35,89.19,89.19,159234.0,80.9115,82.87295541540043,4.483461779053101,64.37908494628132,16.61,97.07951426468829,64.74348573531172,3.536449999999998,250380.5,4923316.0,90.84,89.48,72.58
2024-09-18,89.56,90.8,87.79,88.39,169497.0,81.72049999999999,83.39838823298133,4.353566682698371,64.10971639010842,16.790000000000006,97.6730249280154,65.76797507198458,3.632878571428569,255551.15,4753819.0,89.19,88.79,71.6
2024-09-19,91.0,95.61,89.66,95.05,279998.0,82.7955,84.50806554412597,4.7334657760057866,68.15838315210935,23.67,99.31725914553786,66.27374085446215,3.920735714285712,266814.35,5033817.0,88.39,88.59,71.38
2024-09-20,94.53,97.17,93.3701,95.89,365787.0,83.9695,85.59205930182826,5.044173432850997,67.46734089876648,5.920000000000002,100.71931410737399,67.219685892626,4.041442857142855,280762.7,5399604.0,95.05,91.1,89.97
2024-09-23,96.3,97.66,94.99,96.25,160964.0,84.9665,86.6071012730827,5.258839848519571,78.80262834988474,2.8599999999999994,102.16444880670078,67.76855119329922,3.783942857142855,281677.9,5560568.0,95.89,90.84,93.39
2024-09-24,96.1,96.145,93.26,95.28,120376.0,85.88199999999999,87.43309162802721,5.289717070504693,78.82181107342979,5.799999999999997,103.23630369799119,68.52769630200879,3.855014285714283,282852.05,5440192.0,96.25,89.19,89.48
2024-09-25,95.58,98.4,95.4175,97.85,319539.0,86.93100000000001,88.42517813964366,5.45864119517077,80.47432647647616,9.059999999999988,104.5263054743829,69.33569452561713,3.9323357142857125,291396.5,5759731.0,95.28,88.39,88.79
2024-09-26,98.5,103.0,98.41,98.46,353411.0,88.0415,89.3808754596776,5.577443387481026,66.67976420693452,9.86999999999999,105.60189236463714,70.48110763536286,3.622307142857141,300058.15,6113142.0,97.85,95.05,88.59
2024-09-27,99.21,101.48,98.51,100.43,252181.0,89.191,90.43317303494639,5.764112416914912,64.66666662894447,9.330000000000013,106.83902765183709,71.54297234816292,3.3201642857142835,306776.95,6365323.0,98.46,95.89,91.1
2024-09-30,101.0,101.7,98.95,101.43,291280.0,90.297,91.48048988876103,5.924447269976383,78.33096248949109,10.590000000000003,108.10944638773114,72.48455361226885,3.2437357142857124,311098.9,6656603.0,100.43,96.25,90.84
2024-10-01,101.66,102.96,98.76,100.91,211428.0,91.71350000000001,92.37853847078378,5.941069194513716,78.96749516703893,11.719999999999999,108.0372615311644,75.38973846883562,3.3323071428571405,308312.25,6445175.0,101.43,95.28,89.19
2024-10-02,100.81,103.66,100.2,103.45,142365.0,93.306,93.43296337832818,6.089008660227634,81.94325016564034,15.060000000000002,107.43459049847827,79.17740950152172,3.372307142857141,301064.75,6587540.0,100.91,97.85,88.39
2024-10-03,103.18,105.59,102.21,103.55,252509.0,94.9145,94.39649067563026,6.143502444928615,79.85611505429324,8.5,105.38376021616097,84.44523978383904,3.414457142857142,301067.85,6840049.0,103.45,98.46,95.05
2024-10-04,105.63,108.3384,104.17,108.29,228591.0,95.8305,95.71968203985595,6.4943052398192265,84.44532170618889,12.400000000000006,107.60290748083176,84.05809251916824,3.5696999999999983,245860.95,7068640.0,103.55,100.43,95.89
2024-10-07,108.37,112.7,107.87,109.64,359365.0,96.643,97.04542660748872,6.8028338655564085,90.85097877459393,13.39,109.86056104582109,83.42543895417892,3.688985714285713,241242.45,7428005.0,108.29,101.43,96.25
2024-10-08,109.62,109.66,107.6,107.81,197012.0,97.5595,98.07062407344218,6.821050494095857,87.26016879425775,12.530000000000001,111.2203352599688,83.8986647400312,3.621128571428571,236953.5,7230993.0,109.64,100.91,95.28
2024-10-09,107.46,112.84,107.0,111.99,250204.0,98.7195,99.39627892359054,7.09103730568394,85.92027136544172,14.14,113.16256932680704,84.27643067319295,3.613271428571428,236436.75,7481197.0,107.81,103.45,97.85
2024-10-10,111.2,113.27,110.55,113.02,214755.0,99.941,100.69377616896287,7.303921134637747,86.03281442135213,14.560000000000002,114.90001052173844,84.98198947826157,3.536135714285713,237728.55,7695952.0,111.99,103.55,98.46
2024-10-11,112.85,116.56,111.86,115.14,241137.0,101.143,102.06960701001402,7.556591699941663,86.9956912958112,14.709999999999994,116.95017505305431,85.33582494694569,3.681135714285713,238132.0,7937089.0,113.02,108.29,100.43
2024-10-14,114.8,115.95,113.6,113.85,183581.0,102.2935,103.1915491995365,7.56553198102344,85.91876204244241,12.419999999999987,118.29159366932946,86.29540633067053,3.642921428571429,237660.7,7753508.0,115.14,109.64,101.43
2024-10-15,114.0,122.69,108.9,120.48,679966.0,103.85799999999999,104.83806832339016,8.015208474949802,87.83015709697014,19.570000000000007,120.56478475476695,87.15121524523303,4.414885714285714,263697.3,8433474.0,113.85,107.81,100.91
2024-10-16,125.78,129.98,125.34,129.28,711134.0,105.9025,107.16587134021015,8.9781720131934,90.44619419248693,25.83,124.53593669745072,87.26906330254928,4.418457142857141,290779.15,9144608.0,120.48,111.99,103.45
2024-10-17,131.79,135.85,128.1908,129.1,655102.0,107.60499999999999,109.25483597447584,9.615956300840452,89.47948220179799,25.549999999999997,128.1839913312226,87.02600866877738,4.753399999999998,309534.35,8489506.0,129.28,113.02,103.55
2024-10-18,129.0,131.01,126.27,128.79,276826.0,109.25,111.11532778643053,9.981331952975992,88.40539019546105,20.499999999999986,131.1061960382672,87.3938039617328,4.895542857142855,305086.3,8212680.0,129.1,115.14,108.29
2024-10-21,129.55,132.41,128.93,129.3,296880.0,110.9025,112.84720133058,10.19453131629487,89.86239816742278,19.66000000000001,133.60158681214452,88.2034131878555,4.844114285714284,311882.1,8509560.0,128.79,113.85,109.64
2024-10-22,128.72,129.4021,123.4,125.16,329236.0,112.39649999999999,114.01984882290571,9.91513444919957,79.17226549023344,17.349999999999994,134.6959154041856,90.09708459581438,5.025692857142855,322325.1,8180324.0,129.3,120.48,107.81
2024-10-23,124.8,124.8,119.7989,120.53,413722.0,113.53049999999999,114.63986322072422,9.213896055336718,70.34020122221457,8.540000000000006,135.00674241856711,92.05425758143286,5.14148571428571,327034.25,7766602.0,125.16,129.28,111.99
2024-10-24,122.15,124.79,120.7801,122.03,248325.0,114.70899999999999,115.34368577113145,8.679149210509493,67.84415581948522,9.010000000000005,135.27049687362813,94.14750312637184,5.130164285714282,321779.95,8014927.0,120.53,129.1,113.02
2024-10-25,123.88,127.26,123.1601,126.11,226827.0,115.99300000000001,116.36904903102369,8.486750409451702,69.97332037400855,10.969999999999999,135.99985051097326,95.98614948902676,5.078014285714283,320512.25,8241754.0,122.03,128.79,115.14
2024-10-28,127.14,132.2349,125.23,131.2,352220.0,117.48150000000001,117.78152055187857,8.645335389706062,76.2868059998198,17.349999999999994,137.3556358236491,97.60736417635093,5.431221428571426,323559.25,8593974.0,126.11,129.3,113.85
2024-10-29,129.91,133.535,128.52,133.07,245828.0,119.0895,119.23756621360442,8.820234329906555,74.9881460158882,12.58999999999999,138.51728528429427,99.66171471570573,5.372292857142853,325279.25,8839802.0,131.2,125.16,120.48
2024-10-30,132.72,137.9999,132.72,136.14,382647.0,120.724,120.84732181230876,9.101648208067303,76.1420171626868,6.859999999999985,140.11215851302865,101.33584148697135,5.555142857142854,337293.35,9222449.0,133.07,120.53,129.28
2024-10-31,135.59,137.7599,129.221,132.04,349504.0,122.14849999999998,121.91329116351746,8.891341152976466,68.29004326934931,2.9399999999999977,140.37543123115552,103.92156876884445,5.829349999999995,342143.1,8872945.0,136.14,122.03,129.1
2024-11-01,132.8,138.0442,132.105,136.88,325110.0,123.578,123.33869200508722,9.011341709206349,73.14572862263235,8.090000000000003,141.71281397463858,105.44318602536143,6.085721428571423,346969.05,9198055.0,132.04,126.11,128.79
2024-11-04,137.56,141.46,133.52,136.64,393149.0,124.928,124.60548324269797,8.983520587059303,68.63468632470278,7.339999999999975,142.7105314638599,107.1454685361401,5.6678642857142805,348658.25,8804906.0,136.88,131.2,129.3
2024-11-05,137.48,143.783151,137.48,141.65,328676.0,126.62,126.22877055291721,9.259005228256086,65.63052815469224,16.49000000000001,143.97923597639655,109.26076402360346,5.786660785714282,355241.45,9133582.0,136.64,133.07,125.16
2024-11-06,152.87,157.96,150.61,157.84,386753.0,128.9125,129.23936383359177,10.660835015755794,75.85462394634823,37.31,149.87321500889746,107.95178499110251,5.764575071428568,362068.9,9520335.0,141.65,136.14,120.53
2024-11-07,159.0,159.7,153.0,155.03,414203.0,131.01299999999998,131.69561489705922,11.413484165328128,72.58953166294329,33.0,153.62287311121563,108.40312688878433,5.904575071428567,372041.3,9106132.0,157.84,132.04,122.03
2024-11-08,153.6,157.0095,150.8601,155.29,278297.0,133.0205,133.94269919257738,11.893839092595812,72.47103577702583,29.179999999999993,156.7959835912965,109.24501640870349,6.095246499999997,373899.3,9384429.0,155.03,136.88,126.11
2024-11-11,157.58,162.78,156.17,157.15,232576.0,135.1855,136.15291831709382,12.28301928811672,78.79387936808075,25.950000000000017,159.49070799724788,110.8802920027521,6.1386679285714285,376349.05,9617005.0,155.29,136.64,131.2
2024-11-12,155.74,160.86,150.96,154.14,241219.0,136.86849999999998,137.86597371546583,12.207841158818212,81.16076393220374,21.069999999999993,161.544938602547,112.19206139745296,6.488589357142858,354411.7,9375786.0,157.15,141.65,133.07
2024-11-13,154.76,158.0484,148.39,150.44,219777.0,137.92649999999998,139.0635000282786,11.714663522944022,75.30732226876353,14.300000000000011,163.04355000697018,112.80944999302979,6.892053642857143,329843.85,9156009.0,154.14,157.84,136.14
2024-11-14,151.5,152.47,148.8946,149.23,162633.0,138.933,140.0317381208235,11.098246132753019,71.70484414187253,17.189999999999998,164.17380080471233,113.69219919528764,6.854589357142857,305220.4,8993376.0,150.44,155.03,132.04
2024-11-15,144.7,144.7,126.96,136.63,713966.0,139.325,139.70776306169745,9.483694090496869,54.46766495371817,-0.25,164.1425052819791,114.50749471802085,7.621382214285714,327077.4,8279410.0,149.23,155.29,136.88
2024-11-18,137.44,144.54,136.01,139.64,279677.0,139.84199999999998,139.70130943677387,8.350769338409123,55.306089472229274,3.0,164.20685181999954,115.47714818000043,7.872453642857144,326217.25,8559087.0,136.63,157.15,136.64
2024-11-19,136.64,148.92,135.0,148.84,246111.0,141.026,140.57166091898588,8.10188790200229,59.33274543164817,7.189999999999998,164.6777909859299,117.3742090140701,8.489603642857142,322061.0,8805198.0,139.64,154.14,141.65
2024-11-20,150.54,152.5,142.75,146.87,193876.0,142.343,141.17150273622534,7.657415119609965,61.25018963954631,-10.969999999999999,164.04219144746398,120.64380855253602,8.576110785714286,311068.7,8611322.0,148.84,150.44,157.84
2024-11-21,147.61,156.19,147.61,154.08,253410.0,143.94549999999998,142.4008834280134,7.797074163379108,62.59519623789788,-0.9499999999999886,163.99984666101113,123.89115333898883,8.764739357142856,311322.95,8864732.0,146.87,149.23,155.03
2024-11-22,156.13,159.4,155.0,158.63,209303.0,145.5715,143.94651357772642,8.18060105905596,65.14671441090985,3.3400000000000034,164.79315366126684,126.34984633873313,8.511882214285714,310446.75,9074035.0,154.08,136.63,155.29
2024-11-25,163.1,164.0,155.74,157.02,307497.0,146.8625,145.19160752270486,8.259425822802456,61.107096388849556,-0.12999999999999545,165.47877117957805,128.24622882042198,8.651657142857141,308210.6,8766538.0,158.63,139.64,157.15
2024-11-26,156.89,162.2299,155.8,160.81,219529.0,148.24949999999998,146.67907347292345,8.529394787870189,52.61489697593575,6.670000000000016,166.6715159763145,129.82748402368546,8.585935714285712,306895.65,8986067.0,157.02,148.84,154.14
2024-11-27,162.16,165.33,153.82,155.05,221436.0,149.195,147.47630457074027,8.184220674601079,50.01673919149257,4.610000000000014,166.9283352460099,131.46166475399008,8.929507142857142,298835.1,8764631.0,160.81,146.87,150.44
2024-11-29,157.03,159.92,155.0284,155.94,122927.0,150.39000000000001,148.28237080209834,7.891514794693734,50.538346849303686,6.710000000000008,166.39249059562812,134.3875094043719,8.839664285714283,287506.25,8887558.0,155.05,154.08,149.23
2024-12-02,156.34,160.0,153.75,156.15,248050.0,151.3535,149.03166882094612,7.589007170325317,49.14850135067986,19.52000000000001,166.21049874062575,136.49650125937424,8.813949999999997,283653.25,9135608.0,155.94,158.63,136.63
2024-12-03,151.35,153.26,146.1353,149.91,458629.0,152.017,149.11531940942746,6.767737582341653,46.585956405937004,10.27000000000001,165.19801840966005,138.83598159033994,8.615714285714281,286927.25,8676979.0,156.15,157.02,139.64
2024-12-04,149.99,151.2773,145.72,148.98,302130.0,152.3835,149.10243184662485,5.972979499649796,48.76647514899069,0.13999999999998636,164.73215136467635,140.03484863532364,8.322778571428566,285599.95,8374849.0,149.91,160.81,148.84
2024-12-05,148.96,153.16,148.12,148.82,386399.0,151.93249999999998,149.0755335755177,5.269474112929402,49.647342152157876,1.9499999999999886,164.09958912989234,139.76541087010762,8.427392857142852,285582.25,7988450.0,148.98,155.05,146.87
2024-12-06,156.25,163.0999,136.495,147.12,814039.0,151.537,148.88929228261125,4.522631156234979,61.105229708755616,-6.960000000000008,163.7940539948059,139.27994600519412,9.060599999999994,305574.05,7174411.0,148.82,155.94,154.08
2024-12-09,148.88,156.36,145.0996,146.36,511900.0,151.0905,148.64840730331494,3.825331048782317,57.46998664285064,-12.269999999999982,163.4222911363916,138.75870886360838,9.255628571428565,317254.2,6662511.0,147.12,156.15,158.63
2024-12-10,145.62,147.64,138.79,142.45,311301.0,150.3555,148.05808279823734,2.9235109526442784,41.95011336388756,-14.570000000000022,162.9167880248052,137.79421197519483,8.893485714285708,321190.45,6351210.0,146.36,149.91,157.02
2024-12-11,145.12,149.365,143.4701,148.16,301391.0,150.0565,148.06778919840522,2.6391389576336337,51.48514849825484,-12.650000000000006,162.52281718714613,137.59018281285387,8.618121428571424,324199.05,6652601.0,142.45,148.98,160.81
2024-12-12,148.2,149.8,142.09,144.27,253298.0,149.748,147.7060949890333,2.075951338094228,37.77112938098238,-10.780000000000001,162.47696506315245,137.01903493684753,8.555978571428568,325875.1,6399303.0,148.16,148.82,155.05
2024-12-13,144.0,147.9,142.3,142.96,193773.0,149.4345,147.2540859424587,1.5065484870239345,28.749660960062513,-12.97999999999999,162.5210064696028,136.34799353039722,8.641692857142854,327432.1,6205530.0,144.27,147.12,155.94
2024-12-16,143.0,148.345,143.0,146.73,172331.0,149.9395,147.20417299555785,1.3440072391819626,36.81783242338071,-9.420000000000016,161.65298925497115,138.22601074502887,8.433478571428568,300350.35,6377861.0,142.96,146.36,156.15
2024-12-17,144.96,147.62,140.0701,146.66,310952.0,150.2905,147.1523469959809,1.195759740283762,29.963183222331196,-3.25,161.0895164756849,139.49148352431513,8.51347857142857,301914.1,6066909.0,146.73,142.45,149.91
2024-12-18,149.19,150.83,137.47,138.51,280817.0,149.774,146.32926632969702,0.41584207316708444,28.063660467032022,-10.469999999999999,161.78522177053864,137.76277822946136,8.645621428571427,303649.4,5786092.0,146.66,148.16,148.98
2024-12-19,141.25,143.75,138.78,139.48,243961.0,149.4045,145.67695525067825,-0.12256455574964775,28.215987284409096,-9.340000000000003,162.21964313943545,136.58935686056458,8.651221428571429,306153.65,6030053.0,138.51,144.27,148.82
2024-12-20,135.7,142.79,133.0,139.33,478660.0,148.667,145.07248332204222,-0.5549621760604566,27.704135726726975,-7.789999999999992,162.03498705470446,135.29901294529554,8.90407857142857,317416.15,5551393.0,139.48,142.96,147.12
2024-12-23,139.65,140.885,136.83,140.28,216336.0,147.74949999999998,144.61605633899057,-0.8116274093403888,35.15263643255821,-6.0800000000000125,160.75220332216415,134.74679667783582,8.684814285714284,317767.8,5767729.0,139.33,146.73,146.36
2024-12-24,141.43,143.99,139.87,143.57,80985.0,147.077,144.51643192575338,-0.7410189464192172,42.22477721784573,1.1200000000000045,159.43622685369363,134.71777314630637,8.582149999999999,306442.2,5848714.0,140.28,146.66,142.45
2024-12-26,143.6,145.6,141.3117,145.39,148299.0,146.30599999999998,144.59962888520545,-0.5320690800688794,45.29492453678657,-2.7700000000000102,156.84841238746506,135.7635876125349,8.52845714285714,302880.7,5997013.0,143.57,138.51,148.16
2024-12-27,145.0,145.0,140.01,142.95,178029.0,145.701,144.44252137232874,-0.5569423291667306,44.39365419140865,-1.3200000000000216,155.4926331630637,135.9093668369363,6.984535714285714,300710.35,5818984.0,145.39,139.48,144.27
2024-12-30,139.99,141.2835,137.5001,138.92,203664.0,144.85,143.91656695591647,-0.8915644778424792,40.805734044209544,-4.0400000000000205,153.81862601693192,135.88137398306807,6.450464285714285,304747.2,5615320.0,142.95,139.33,142.96
2024-12-31,139.27,140.5999,135.85,137.04,272710.0,143.89450000000002,143.26165581725775,-1.293544058966205,42.961228191479115,-9.689999999999998,151.80343824799107,135.98556175200898,6.1576,305980.2,5342610.0,138.92,140.28,146.73
2025-01-02,138.54,143.32,137.91,143.32,223982.0,143.565,143.26721240609035,-1.0927754224227328,43.79487177915055,-3.3400000000000034,150.9504921797299,136.1795078202701,6.122964285714285,294247.85,5566592.0,137.04,143.57,146.66
2025-01-03,143.55,150.07,143.55,149.02,267107.0,143.56699999999998,143.81509693884365,-0.468323921741586,55.81965202691804,10.51000000000002,150.9586855139306,136.17531448606937,6.037964285714283,292496.7,5833699.0,143.32,145.39,138.51
2025-01-06,152.0,159.53,150.21,156.19,423784.0,143.9355,144.99365913514427,0.5982215437119862,64.17398755306544,16.710000000000008,152.97990618050204,134.89109381949794,6.303678571428569,294365.95,6257483.0,149.02,142.95,139.48
2025-01-07,158.74,158.99,141.02,150.13,356867.0,144.08599999999998,145.48283445560673,0.9435979449226579,53.472222206931974,10.799999999999983,153.44811716946256,134.7238828305374,7.205464285714283,271507.35,5900616.0,156.19,138.92,139.33
2025-01-08,149.21,156.17,145.0,155.67,494207.0,144.5515,146.4530406979299,1.6453760604588297,58.276685636305835,15.389999999999986,155.2238257959428,133.87917420405722,7.464042857142853,270622.7,6394823.0,150.13,137.04,140.28
2025-01-10,157.53,160.44,152.91,159.42,479820.0,145.4,147.68798920288896,2.4755967941641757,70.89746150324679,15.849999999999994,157.90915454251126,132.89084545748875,7.047614285714281,279048.65,6874643.0,155.67,143.32,143.57
2025-01-13,157.7,158.24,151.17,156.05,378482.0,145.7945,148.4843711835662,2.829010795851758,65.80202172570617,10.660000000000025,159.13985042232858,132.44914957767142,7.197614285714282,282903.2,6496161.0,159.42,149.02,145.39
2025-01-14,159.36,176.8546,159.36,168.04,760956.0,146.983,150.34681202322656,4.030129904913281,72.33545976330021,25.090000000000003,163.59152552155092,130.3744744784491,7.747942857142854,308286.1,7257117.0,156.05,156.19,142.95
2025-01-15,175.75,178.38,171.3434,175.53,512152.0,148.6115,152.74521087815737,5.522743111101931,74.89055216708846,36.610000000000014,169.41616169926974,127.80683830073028,7.960914285714283,324205.05,7769269.0,168.04,150.13,138.92
2025-01-16,176.44,177.8899,172.68,175.35,291017.0,150.0425,154.89804793738048,6.61487319445655,73.47119643975486,38.31,174.00041650285772,126.08458349714226,8.038764285714283,330139.35,7478252.0,175.53,155.67,137.04
2025-01-17,176.99,181.37,176.01,177.89,360469.0,151.60399999999998,157.08775765762996,7.597768579484125,73.75036537514609,34.56999999999999,178.5217682659811,124.68623173401886,8.115314285714286,332615.2,7838721.0,175.35,159.42,143.32
2025-01-21,184.0,185.74,173.88,185.35,478921.0,153.94599999999997,159.77939978547474,8.876358769126853,78.8671023814796,36.329999999999984,184.0312475825822,123.86075241741773,8.60602857142857,342520.4,8317642.0,177.89,156.05,149.02
2025-01-22,187.05,191.46,183.07,184.02,448499.0,156.17299999999997,162.0880283773343,9.67085126791676,81.8772971282686,27.830000000000013,188.27586040706956,124.07013959293037,8.93507142857143,352747.3,7869143.0,185.35,168.04,156.19
2025-01-23,181.99,182.42,172.0,174.92,607514.0,157.9525,163.31012091282628,9.457181843687664,74.29450999178908,24.789999999999992,190.06988592954562,125.83511407045435,9.340078571428572,359190.0,7261629.0,184.02,175.53,150.13
2025-01-24,174.0,175.2499,162.253,168.54,682709.0,159.3655,163.80820463541426,8.673057003124342,66.15424031608815,12.870000000000005,190.68590631248188,128.04509368751812,9.882000000000001,382508.65,6578920.0,174.92,175.35,155.67
2025-01-27,157.84,157.84,134.955,137.36,1056982.0,159.055,161.28932800347005,5.472582475582215,44.3693258584009,-22.059999999999974,191.1483287050195,126.9616712949805,11.050928571428573,431308.5,5521938.0,168.54,177.89,159.42
2025-01-28,140.82,141.0,126.7,134.34,868395.0,158.5025,158.7227253364729,2.661810894452856,39.00794848026852,-21.710000000000008,191.93871476624923,125.06628523375075,11.40664285714286,467313.3,4653543.0,137.36,185.35,156.05
2025-01-29,135.06,136.71,130.4484,133.18,469434.0,158.01399999999998,156.29008482823738,0.33676978793326384,41.03079690364662,-34.859999999999985,192.67015546449076,123.3578445355092,10.570328571428576,481883.55,4184109.0,134.34,184.02,168.04
2025-01-30,136.78,139.84,134.02,136.89,492527.0,157.91249999999997,154.4424577017386,-1.192727030997304,39.86617741681279,-38.640000000000015,192.8151308011604,123.00986919883954,10.188185714285718,496326.7,4676636.0,133.18,174.92,175.53
2025-01-31,138.24,138.24,130.71,136.8,1046620.0,157.9005,152.76222363490635,-2.3846379058745697,37.292134825594495,-38.54999999999998,192.83349840973779,122.96750159026219,10.188185714285718,535022.2,3630016.0,136.89,168.54,175.35
2025-02-03,131.23,137.3868,131.0,133.7,337057.0,157.4195,150.94677376491526,-3.5385892989450554,37.40561252649971,-44.19,193.44562880732695,121.39337119267304,10.139385714285718,540675.95,3292959.0,136.8,137.36,177.89
2025-02-04,133.91,135.65,127.56,130.76,435889.0,156.50650000000002,149.02422388254237,-4.636886381277236,26.60642569813642,-54.59,194.31055228905618,118.70244771094386,9.467628571428573,549115.05,2857070.0,133.7,134.34,185.35
2025-02-05,132.96,144.2167,132.96,142.99,603116.0,155.8465,148.4495358937288,-4.468921002691104,30.727315796846938,-41.03,194.1316595681395,117.56134043186049,9.769064285714288,558081.65,3460186.0,130.76,133.18,184.02
2025-02-06,147.74,163.83,145.25,162.12,928362.0,156.446,149.75148485623083,-2.760356435392225,43.600657825187106,-12.799999999999983,194.72975849117395,118.16224150882604,10.724071428571433,586656.4,4388548.0,142.99,136.89,174.92
2025-02-07,163.62,168.26,158.0,161.6,699556.0,156.7425,150.87991486992314,-1.4317619004954736,41.963492840774656,-6.939999999999998,195.0927489527363,118.39225104726373,11.07407142857143,596923.85,3688992.0,162.12,136.8,168.54
2025-02-10,162.09,162.465,154.55,158.93,371918.0,156.71800000000002,151.64658964421616,-0.5875153344025819,36.31938690442759,21.569999999999993,195.0616722838402,118.37432771615983,10.792285714285713,591528.75,3317074.0,161.6,133.7,137.36
2025-02-11,156.29,157.0,149.3,150.99,305474.0,156.465,151.58405729714795,-0.5527635765303103,33.99243965807992,16.650000000000006,194.89390989592968,118.03609010407033,10.742999999999999,587878.35,3011600.0,158.93,130.76,134.34
2025-02-12,146.32,150.5,143.91,149.32,341820.0,155.529,151.36843279265767,-0.6524564890061129,36.630457483676345,16.139999999999986,193.68176434766463,117.37623565233537,10.46942857142857,566921.55,2669780.0,150.99,142.99,133.18
2025-02-13,150.57,152.36,144.44,148.14,269334.0,154.1595,151.06096300288075,-0.8172591242619944,38.734261094076864,11.25,191.24064997081274,117.07835002918729,10.106792857142855,554780.65,2400446.0,149.32,162.12,136.89
2025-02-14,148.63,149.1999,145.5,148.59,187110.0,152.8215,150.82563319308258,-0.9011670678469557,59.38806218305579,11.789999999999992,188.59118035405947,117.0518196459405,8.736428571428572,549585.3,2587556.0,148.14,161.6,136.8
2025-02-18,148.47,150.83,137.22,144.83,480681.0,151.1685,150.2546205080271,-1.2565802194551452,58.66226257933491,11.130000000000024,185.06701372304676,117.26998627695323,8.68714285714286,555595.9,2106875.0,148.59,158.93,133.7
2025-02-19,143.78,145.354,141.32,144.56,192599.0,149.12900000000002,149.71227569773882,-1.5422562759065386,59.537378464071004,13.800000000000011,179.04247163508728,119.21552836491276,8.528028571428575,541279.8,1914276.0,144.83,150.99,130.76
2025-02-20,145.28,145.6557,138.51,142.54,235171.0,147.055,149.02920182176368,-1.9096405790988342,54.87321026792781,-0.45000000000001705,172.14590210456902,121.96409789543098,8.622721428571433,530613.4,1679105.0,144.56,149.32,142.99
2025-02-21,144.85,145.0,132.11,133.63,342935.0,144.9905,147.5626111720719,-2.8864842288466264,47.626890243048706,-28.49000000000001,167.03785427497664,122.94314572502336,9.005578571428574,517384.45,1336170.0,142.54,148.14,162.12
2025-02-24,134.0,134.73,126.0,126.48,410957.0,142.8875,145.5547434413984,-4.189293535870149,44.90400902556952,-35.11999999999999,163.4507025715844,122.32429742841558,9.172950000000002,503796.85,925213.0,133.63,148.59,161.6
2025-02-25,126.3,126.855,119.2,125.57,484532.0,142.298,143.6514345422176,-5.234864434126507,46.22874581242259,-33.360000000000014,164.1631730769328,120.43282692306721,9.141878571428574,475174.35,440681.0,126.48,144.83,158.93
2025-02-26,128.66,133.5499,127.89,132.2,347489.0,142.19099999999997,142.56082172867306,-5.465498449180643,41.46495806706992,-18.79000000000002,164.24031496728028,120.14168503271965,8.742107142857146,449129.05,788170.0,125.57,144.56,150.99
2025-02-27,132.84,135.36,125.0,125.39,306670.0,141.8015,140.92550537356135,-6.127157595457447,13.912359988312588,-23.929999999999993,164.77681698424055,118.82618301575945,8.15496428571429,440990.85,481500.0,132.2,142.54,149.32
2025-02-28,124.32,130.38,122.7,130.37,288670.0,141.4755,139.92021914750788,-6.17846139843266,21.788617880667758,-17.769999999999982,164.92439401499212,118.02660598500792,7.970678571428574,430798.0,770170.0,125.39,133.63,148.14
2025-03-03,132.48,134.4394,120.17,121.61,409595.0,140.716,138.17638875250714,-6.847050287960997,19.62890624552729,-26.980000000000004,165.73402078923397,115.69797921076605,8.42456428571429,398946.75,360575.0,130.37,126.48,148.59
2025-03-04,116.86,124.045,112.92,120.73,491663.0,140.06750000000002,136.51482791893503,-7.363043859096166,22.17727104982565,-24.10000000000001,166.4845454342211,113.65045456577894,8.669207142857148,406677.05,-131088.0,121.61,125.57,144.83
2025-03-05,121.59,126.6,117.845,125.56,257636.0,139.8075,135.47151097427454,-7.298103849483027,29.353493214964402,-19.0,166.708184299651,112.906815700349,8.823850000000004,397764.4,126548.0,120.73,132.2,144.56
2025-03-06,120.89,120.89,114.7,116.28,274312.0,138.472,133.64374802434364,-7.904340550219359,25.731261420471725,-26.25999999999999,167.2910949856079,109.65290501439209,8.700278571428575,381324.2,-147764.0,125.56,125.39,142.54
2025-03-07,116.57,117.3,107.04,113.8,474193.0,136.05599999999998,131.75386726012044,-8.487069127147038,24.294369730454832,-19.83,164.628363091484,107.48363690851598,9.168857142857146,358615.75,-621957.0,116.28,130.37,133.63
2025-03-10,108.98,110.0,101.02,104.05,602978.0,133.17849999999999,129.11540371153754,-9.624681896795224,22.318761874661107,-22.430000000000007,162.50099955239182,103.85600044760815,8.838142857142858,353786.85,-1224935.0,113.8,121.61,126.48
2025-03-11,104.28,113.21,103.7,110.82,376995.0,130.773,127.37298431043872,-9.866233988151563,28.954590813306325,-14.75,159.0763448646328,102.46965513536719,9.229285714285712,354040.7,-847940.0,104.05,120.73,125.57
2025-03-12,116.96,117.83,113.25,114.84,276181.0,128.9655,126.1793667570636,-9.622364726528744,33.142648485102285,-17.359999999999985,156.43766426628423,101.49333573371575,9.046021428571427,352576.05,-571759.0,110.82,125.56,132.2
2025-03-13,114.84,115.32,110.23,113.5,246126.0,127.17450000000001,124.97180801829565,-9.428537074527625,36.506234072783386,-11.89,153.7140097523439,100.63499024765609,8.48887857142857,347791.35,-817885.0,114.84,116.28,125.39
2025-03-14,116.5,121.06,115.23,120.0,227751.0,125.7675,124.49830249274368,-8.65071156854924,45.61806869571743,-10.370000000000005,150.55276631520854,100.98223368479147,8.281735714285713,345712.2,-590134.0,113.5,113.8,130.37
2025-03-17,118.96,122.69,118.96,121.03,202636.0,124.3895,124.16798796962523,-7.86055527106133,46.93491762547814,-0.5799999999999983,146.78108439188637,101.99791560811364,8.001378571428571,346488.5,-387498.0,120.0,104.05,121.61
2025-03-18,119.0,119.06,115.01,117.49,200247.0,123.02250000000001,123.53198911537521,-7.434301131763846,39.63646610462294,-3.240000000000009,143.4081749239579,102.63682507604213,7.886385714285713,332466.8,-587745.0,121.03,110.82,120.73
2025-03-19,118.03,123.31,117.05,121.85,254971.0,121.88699999999999,123.37179967581567,-6.66781368779273,47.41681259976889,-3.710000000000008,139.57260770796472,104.20139229203524,7.593528571428569,335585.4,-332774.0,117.49,114.84,125.56
2025-03-20,119.39,122.5495,119.39,120.59,209602.0,120.7895,123.10686637335704,-6.091815676843353,42.453703694531605,4.310000000000002,135.56326120018267,106.01573879981734,7.270635714285712,334306.95,-542376.0,121.85,113.5,116.28
2025-03-21,117.81,121.109,117.0,120.6,360299.0,120.138,122.86811719494207,-5.57031506226086,49.09901872101006,6.799999999999997,133.62032777028082,106.65567222971917,6.544892857142854,335175.15,-182077.0,120.59,120.0,113.8
2025-03-24,123.92,129.36,123.8936,129.25,273971.0,120.27650000000001,123.47591555732855,-4.408224095710366,56.67502349117125,25.200000000000003,134.08608061789454,106.4669193821055,6.14070714285714,328325.85,91894.0,120.6,121.03,104.05
2025-03-25,128.84,129.3554,125.06,127.14,376516.0,120.35499999999999,123.82487598044011,-3.615836881510276,51.29296234503926,16.320000000000007,134.30837876456417,106.4016212354358,5.822164285714284,322925.05,-284622.0,129.25,117.49,110.82
2025-03-26,126.84,126.84,118.04,119.52,346807.0,119.721,123.41488779182677,-3.5616778176041066,52.72543740346305,4.679999999999993,132.5121464446485,106.92985355535151,6.0085928571428555,322890.95,-631429.0,127.14,121.85,114.84
2025-03-27,118.01,119.57,113.9163,115.23,434149.0,119.213,122.63537466879565,-3.82087880380179,51.16734692708013,1.730000000000004,131.86239374457472,106.56360625542528,5.6795714285714265,329264.9,-1065578.0,119.52,120.59,113.5
2025-03-28,138.1,150.841,135.0,138.12,1399704.0,119.60049999999998,124.11010089081512,-2.1544308151669043,72.89958326360272,18.120000000000005,134.03749119404262,105.16350880595735,6.169642857142855,384816.6,334126.0,115.23,120.6,120.0
2025-03-31,131.11,132.0,123.4302,131.17,735601.0,120.07849999999999,124.78247223454701,-1.3786732079439332,63.64489739987892,10.139999999999986,135.40149582498975,104.75550417501022,6.102485714285713,401116.9,-401475.0,138.12,129.25,121.03
2025-04-01,131.76,136.12,127.05,134.43,427157.0,120.7635,125.70128440268539,-0.49511755319154815,63.270559532776204,16.940000000000012,137.3794660377735,104.14753396222648,6.4232,397891.6,25682.0,131.17,127.14,117.49
2025-04-02,130.95,141.38,129.27,138.02,315015.0,121.3865,126.87449541195345,0.4891510373203687,66.1188535245114,16.170000000000016,139.6157238192594,103.15727618074062,6.9246285714285705,400760.55,340697.0,134.43,119.52,121.85
2025-04-03,127.235,133.15,125.1475,128.75,402428.0,122.01000000000002,127.05311489652931,0.5152400921394218,55.549917534216675,8.159999999999997,140.35647018968703,103.66352981031301,7.079807142857143,407166.35,-61731.0,138.02,115.23,120.59
2025-04-04,119.45,122.36,111.16,120.08,486263.0,122.324,126.38900871590747,-0.1618153787817107,49.45067652720817,-0.519999999999996,140.28984760037838,104.35815239962162,7.613378571428571,407769.85,-547994.0,128.75,138.12,120.6
2025-04-07,115.29,135.63,113.8301,124.23,644198.0,123.33300000000001,126.18338883820199,-0.3593737633634362,53.87000458481649,-5.019999999999996,139.11105017638246,107.55494982361756,8.88122857142857,409830.85,96204.0,120.08,131.17,129.25
2025-04-08,131.22,136.09,124.32,127.48,529793.0,124.16600000000001,126.30687561551609,-0.25080128674385094,53.27439803715434,0.3400000000000034,138.88614216178564,109.4458578382144,9.274799999999999,417470.75,625997.0,124.23,134.43,127.14
2025-04-09,127.27,149.005,127.06,141.98,774524.0,125.523,127.79955412832408,0.9938159104566182,60.780163281413934,22.459999999999994,141.56752764553826,109.47847235446174,10.61662142857143,442387.9,1400521.0,127.48,138.02,119.52
2025-04-10,135.43,142.0,133.66,138.0,436569.0,126.748,128.7710251637218,1.6401249292267153,58.431866632893524,22.769999999999996,142.6681171643407,110.8278828356593,10.918835714285716,451910.05,963952.0,141.98,128.75,115.23
2025-04-11,139.71,149.21,137.395,148.17,421864.0,128.1565,130.61854657670065,2.939083562972769,59.035339056098415,10.049999999999983,146.38070169358429,109.9322983064157,11.372307142857142,461615.7,1385816.0,138.0,120.08,138.12
2025-04-14,152.32,154.1,145.0001,147.61,428220.0,129.4855,132.2367802360625,3.87862000179976,59.92244303597758,16.440000000000026,149.32646822234284,109.64453177765715,11.715485714285714,472894.9,957596.0,148.17,124.23,131.17
2025-04-15,147.8,150.69,143.8325,145.87,300949.0,130.90449999999998,133.53518211834225,4.431719832769062,63.54477227418909,11.439999999999998,151.18771938009522,110.62128061990475,11.576735714285713,477930.0,656647.0,147.61,127.48,134.43
2025-04-16,144.0,149.88,143.88,148.72,438694.0,132.248,134.9813552499287,5.041906653810315,67.47365124757768,10.699999999999989,153.540454408472,110.95554559152798,11.601471428571427,487116.15,1095341.0,145.87,141.98,138.02
2025-04-17,147.57,148.995,144.139,146.0,686895.0,133.5185,136.03074998803072,5.245535568827705,55.207507259147434,17.25,154.91415157493003,112.12284842506996,10.81682857142857,510980.8,408446.0,148.72,138.0,128.75
2025-04-21,145.04,145.97,126.07,129.91,608373.0,133.98399999999998,135.4478214177421,4.0617629459059685,49.25707546356605,9.829999999999998,154.5866359069854,113.38136409301455,11.62612857142857,523384.5,-199927.0,146.0,148.17,120.08
2025-04-22,132.03,136.12,130.35,134.01,281005.0,134.222,135.3108860446238,3.41508339295126,49.75478747435115,9.779999999999987,154.703996818773,113.74000318122702,11.390414285714284,523736.2,81078.0,129.91,147.61,124.23
2025-04-23,140.78,148.0,139.98,141.36,360480.0,134.933,135.88699213561202,3.455832080602704,51.868008940423366,13.88000000000001,155.36707278362127,114.49892721637873,11.098271428571428,522934.4,441558.0,134.01,145.87,127.48
2025-04-24,141.5,149.18,141.25,148.66,211128.0,136.39000000000001,137.10346907507753,4.030711171148937,61.3862518488001,6.680000000000007,156.3466994423325,116.43330055766754,11.093092857142858,516150.45,652686.0,141.36,148.72,141.98
2025-04-25,148.26,151.755,146.75,151.56,243213.0,138.2065,138.48028154411776,4.666520017917094,69.27504284876501,13.560000000000002,156.60656667608094,119.80643332391907,10.650592857142856,506603.65,895899.0,148.66,146.0,138.0
2025-04-28,150.42,153.98,148.25,151.88,287845.0,138.89450000000002,139.75644520658273,5.137008202502784,67.76307335283718,3.710000000000008,158.28338392868486,119.50561607131519,9.502742857142858,451010.7,1183744.0,151.56,129.91,148.17
2025-04-29,151.14,153.5177,148.14,153.41,156653.0,140.00650000000002,141.05678375833676,5.569134179571307,67.03455523665113,5.799999999999983,160.06936359893538,119.94363640106465,9.046149999999999,422063.3,1340397.0,151.88,134.01,147.61
2025-04-30,148.51,154.09,142.97,153.13,288471.0,140.9415,142.2066138765904,5.82189231910283,59.007917259232336,7.259999999999991,161.64292255473003,120.24007744526995,8.272935714285714,415129.0,1051926.0,153.41,141.36,145.87
2025-05-01,157.79,162.93,155.65,158.8,376274.0,141.98049999999998,143.78693636453417,6.405883541595017,66.35734506245672,10.080000000000013,164.10173388107143,119.85926611892852,8.197221428571428,418191.95,1428200.0,153.13,148.66,148.72
2025-05-02,161.37,168.655,160.27,163.77,397381.0,143.73149999999998,145.69008528219757,7.186892236805761,63.36073996425061,17.77000000000001,166.9595404728969,120.50345952710308,7.952221428571428,417939.6,1825581.0,158.8,151.56,146.0
2025-05-05,158.99,167.0,157.88,165.38,265714.0,145.9965,147.56531525532162,7.8453247787878695,64.9503617548493,35.47,168.3311954782301,123.6618045217699,7.953657142857144,406912.15,2091295.0,163.77,151.88,129.91
2025-05-06,163.09,171.51,162.1,169.47,329788.0,148.2585,149.65147570719574,8.598053126166604,69.10003235727741,35.46000000000001,170.47454567116222,126.04245432883778,8.135978571428572,391191.65,2421083.0,165.38,153.41,134.01
2025-05-07,166.79,169.32,164.0,167.9,335748.0,150.27949999999998,151.38943040174854,8.9645718812221,65.85123965418319,26.539999999999992,171.8822722148901,128.67672778510988,8.087407142857144,381489.4,2085335.0,169.47,153.13,141.36
2025-05-08,172.73,176.0,166.0001,171.11,311665.0,151.736,153.2675798872963,9.40563846274739,70.58534184311864,22.450000000000017,174.85732340047775,128.61467659952223,8.454828571428573,358346.45,2397000.0,167.9,158.8,148.66
2025-05-09,173.39,174.1158,168.2611,170.28,226319.0,153.35,154.88781037422046,9.577805858953866,94.1395145130559,18.72,176.9360413670549,129.76395863294508,7.451592857142858,347833.95,2170681.0,171.11,163.77,151.56
2025-05-12,179.0,179.0,169.79,170.61,292515.0,154.472,156.38516176715186,9.629870846193057,93.6129646970786,18.730000000000018,179.13106012636723,129.81293987363279,7.697307142857143,341366.5,2463196.0,170.28,165.38,151.88
2025-05-13,171.59,179.1599,171.59,175.52,274998.0,155.8675,158.2075273131374,9.952601296637539,93.21862344875856,22.110000000000014,182.0060449399723,129.72895506002772,7.665157142857142,333705.4,2738194.0,170.61,169.47,153.41
2025-05-14,178.01,181.1,177.01,179.14,350206.0,157.531,160.20109614045765,10.3808077601295,92.52232139242987,26.00999999999999,185.1815501230132,129.8804498769868,7.390871428571428,336168.25,3088400.0,175.52,167.9,153.13
2025-05-15,176.97,187.3804,176.97,183.32,343798.0,159.261,162.4028965080331,10.93144464451629,92.78017237880056,24.519999999999982,188.8519203001618,129.6700796998382,7.776971428571429,331423.45,3432198.0,179.14,171.11,158.8
2025-05-16,183.75,188.9891,180.63,188.5,432620.0,161.386,164.88833493583948,11.651499814397539,93.61600759145725,24.72999999999999,193.0019842318307,129.7700157681693,7.9647642857142875,318709.7,3864818.0,183.32,170.28,163.77
2025-05-19,185.04,188.99,183.36,188.98,282281.0,164.3395,167.1827792276643,12.121155576391118,93.45223549210037,23.599999999999994,194.5812859922326,134.09771400776737,7.982785714285716,302405.1,4147099.0,188.5,170.61,165.38
2025-05-20,189.0,190.9999,187.42,189.7,267827.0,167.124,169.32727644407723,12.408422562837444,94.19869467443118,20.22999999999999,195.82351138406725,138.42448861593275,7.444207142857144,301746.2,4414926.0,188.98,175.52,169.47
2025-05-21,188.47,197.6299,188.47,193.13,501582.0,169.7125,171.59420249702225,12.765700998795836,93.86659848417753,25.22999999999999,197.96294377853567,141.46205622146434,7.578485714285715,308801.3,4916508.0,189.7,179.14,167.9
2025-05-22,191.46,199.0,184.35,196.97,415573.0,172.128,174.01094511635347,13.206466713591766,93.68421049180054,25.859999999999985,201.05253600592215,143.20346399407782,8.025985714285715,319023.55,5332081.0,193.13,183.32,171.11
2025-05-23,193.405,205.5656,193.26,203.26,369185.0,174.713,176.79656939098646,13.903061313917988,94.3767572323975,32.97999999999999,205.10171334800734,144.32428665199265,8.253528571428573,325322.15,5701266.0,196.97,188.5,170.28
2025-05-27,206.08,211.06,202.86,210.52,469504.0,177.64499999999998,180.008324687083,14.869532168146037,94.7655397747717,39.91,210.00925546152632,145.28074453847364,8.167100000000001,334405.1,6170770.0,203.26,188.98,170.61
2025-05-28,209.59,214.7492,206.5,209.69,456085.0,180.459,182.8351509073608,15.391074493616543,96.3201063766685,34.16999999999999,213.7251952011029,147.1928047988971,8.376328571428573,349376.7,5714685.0,210.52,189.7,175.52
2025-05-29,211.8,212.505,205.0,207.01,413518.0,183.153,185.13751748761214,15.410504241564979,90.26469265895673,27.870000000000005,215.8218888538829,150.48411114611707,8.19812142857143,355629.05,5301167.0,209.69,193.13,179.14
2025-05-30,205.0,211.7599,201.32,210.3,467143.0,185.728,187.53394439355384,15.512558839056624,92.53826527858126,26.980000000000018,218.4332093709853,153.0227906290147,8.525635714285714,360172.5,5768310.0,207.01,196.97,183.32
2025-06-02,209.13,211.26,202.0,209.96,410458.0,188.0375,189.66975921321537,15.388612340349994,91.8172157006282,21.460000000000008,220.7374313535411,155.3375686464589,8.529207142857143,360826.35,5357852.0,210.3,203.26,188.5
2025-06-03,211.0,219.0,209.19,218.72,492778.0,190.7045,192.43644881195678,15.814937877370738,92.43614928695268,29.74000000000001,224.31183596294562,157.09716403705437,8.689214285714286,372179.55,5850630.0,209.96,210.52,188.98
2025-06-04,218.27,219.99,215.0,217.8,544360.0,193.12099999999998,194.85202511557995,15.895336085835766,90.1037344136628,28.100000000000023,227.24576976594756,158.9962302340524,8.7535,382908.15,5306270.0,218.72,209.69,189.7
2025-06-05,229.83,243.5237,220.7715,235.25,1031681.0,196.4885,198.69945129504853,17.169205496048107,92.24011710929946,42.120000000000005,233.3190572646007,159.65794273539927,9.635057142857141,417704.8,6337951.0,217.8,207.01,193.13
2025-06-06,238.23,246.6,233.2672,243.11,583381.0,200.0885,202.92902736218676,18.598599415775197,92.5643023960109,46.140000000000015,240.38639926612973,159.7906007338703,9.990321428571425,431290.6,6921332.0,235.25,210.3,196.97
2025-06-09,243.48,245.91,216.21,217.97,1040812.0,202.473,204.3615009467404,17.50107500056677,66.32136019672897,14.710000000000008,240.94679920495426,163.99920079504577,11.70960714285714,472015.25,5880520.0,243.11,209.96,203.26
2025-06-10,217.85,218.5,203.49,209.45,778319.0,204.41500000000002,204.8461199041937,15.762090629670496,60.221509151815525,-1.0700000000000216,239.92365958133507,168.90634041866497,12.526042857142853,496305.45,5102201.0,217.97,218.72,210.52
2025-06-11,212.6,224.36,207.27,224.31,714320.0,206.8545,206.69982277046097,15.40542662820286,64.42984079135488,14.620000000000005,240.66815371997998,173.04084628002002,13.092478571428568,518271.55,5816521.0,209.45,217.8,209.69
2025-06-12,221.73,225.03,218.0,222.12,406666.0,209.00349999999997,208.16841107803612,14.775727748099058,61.81971989035175,15.110000000000014,240.80403973391645,177.2029602660835,12.548192857142853,521094.55,5409855.0,224.31,235.25,207.01
2025-06-13,218.06,219.0,210.08,218.17,381831.0,210.746,209.12094335631838,13.798889847754538,57.16482459586441,7.869999999999976,240.36537303433934,181.12662696566068,12.306364285714281,522996.2,5028024.0,222.12,243.11,210.3
2025-06-16,223.07,228.75,217.91,218.59,459188.0,212.25050000000002,210.02275827476424,12.909812976000268,54.1508075222908,8.629999999999995,240.11703490063667,184.38396509936337,12.494935714285711,524324.6,5487212.0,218.17,217.97,209.96
2025-06-17,217.18,219.07,209.11,212.82,394157.0,213.44250000000002,210.28916224859623,11.605837501252608,51.532060687993635,-5.900000000000006,239.06721576222293,187.81778423777712,12.617135714285709,529918.4,5093055.0,218.59,209.45,218.72
2025-06-18,213.0,213.9989,206.04,206.22,384209.0,214.2685,209.90162298682515,9.92544831162121,49.62760440563037,-11.580000000000013,237.63643329149517,190.9005667085048,12.649557142857137,535737.5,4708846.0,212.82,224.31,217.8
2025-06-20,206.25,206.98,193.8201,203.36,877520.0,214.78000000000003,209.27861127379418,8.267645404512592,46.71525936525925,-31.889999999999986,236.59603948812315,192.9639605118769,12.843842857142851,554534.4,3831326.0,206.22,222.12,235.25
2025-06-23,203.0,209.3421,200.0,208.55,323294.0,215.359,209.20921972390903,7.28859588578635,49.361933200370466,-34.56,235.75314250271464,194.96485749728538,12.849707142857138,549920.45,4154620.0,203.36,218.17,243.11
2025-06-24,212.95,215.71,209.5351,214.63,403208.0,215.9275,209.72548451210818,6.923487620279587,48.103144414493606,-3.3400000000000034,235.5196937999479,196.33530620005212,12.590057142857138,551621.6,4557828.0,208.55,218.59,217.97
2025-06-25,217.0,217.7899,207.11,209.05,299303.0,215.85399999999998,209.66115265381217,6.1134057869591345,46.110073791717426,-0.39999999999997726,235.54240257078902,196.16559742921095,12.996478571428565,543111.55,4258525.0,214.63,212.82,209.45
2025-06-26,212.25,216.35,207.51,215.68,388141.0,216.15349999999998,210.23437621059196,5.937946734791154,40.373831770140356,-8.629999999999995,235.62817480979714,196.67882519020282,12.002749999999994,539714.35,4646666.0,209.05,206.22,224.31
2025-06-27,215.26,222.66,211.6625,219.74,628541.0,216.79000000000002,211.1396737143451,6.056684551641979,38.05825242173923,-2.3799999999999955,235.83374907803997,197.74625092196007,11.835942857142852,550465.5,5275207.0,215.68,203.36,222.12
2025-06-30,221.63,223.4999,214.53,220.48,453361.0,217.29900000000004,212.02922859869318,6.139722048586151,51.708645327107945,2.3100000000000023,236.15563462746374,198.44236537253633,10.355221428571424,549776.4,5728568.0,219.74,208.55,218.17
2025-07-01,216.14,217.4821,200.0,203.78,542515.0,216.99,211.24358777977002,4.802617841934591,46.527012119914524,-14.810000000000002,236.542698023546,197.43730197645402,10.531799999999995,556379.25,5186053.0,220.48,214.63,218.59
2025-07-02,201.46,206.785,200.66,206.15,361938.0,216.36149999999998,210.7584841816967,3.8893582174419805,36.86722591096122,-6.6699999999999875,236.4799673215531,196.24303267844687,9.74858571428571,549837.25,5547991.0,203.78,209.05,212.82
2025-07-03,206.56,213.61,206.56,211.09,192314.0,216.02599999999998,210.7900571167732,3.5235923211307636,42.328557510187785,4.8700000000000045,236.26688452404608,195.7851154759539,9.750014285714283,532234.95,5740305.0,206.15,215.68,206.22
2025-07-07,210.0,214.0,207.8,209.5,266463.0,214.73850000000002,210.66719453422337,3.0700310938655093,43.76528116478192,6.139999999999986,233.01080896019496,196.46619103980507,9.555728571428569,493974.05,5473842.0,211.09,219.74,203.36
2025-07-08,209.62,209.75,199.2,202.53,302813.0,212.70950000000002,209.89222362620208,2.123679350636422,39.44532070777819,-6.02000000000001,226.06839764597996,199.35060235402008,9.535014285714283,479945.65,5171029.0,209.5,220.48,208.55
2025-07-09,206.15,208.27,201.1176,206.63,264992.0,212.14249999999998,209.5815356618019,1.6850997301505402,45.840612812232635,-8.0,225.52389615876731,198.76110384123265,9.334471428571428,441154.65,5436021.0,202.53,203.78,214.63
2025-07-10,207.17,209.675559,198.1,208.46,321829.0,212.093,209.47472274163027,1.468262708628572,51.60827109818329,-0.5900000000000034,225.5235670217714,198.66243297822857,9.592804214285712,418330.15,5757850.0,206.63,206.15,209.05
2025-07-11,208.0,217.76,207.46,212.25,461648.0,211.49,209.739034861475,1.583979997081343,56.29871048904375,-3.430000000000007,223.6321666322899,199.3478333677101,9.388525642857141,405696.55,6219498.0,208.46,211.09,215.68
2025-07-14,212.19,221.69,212.14,220.73,430890.0,211.4205,210.78579344609642,2.3330578726830424,58.24532898977207,0.9899999999999807,223.31996566690594,199.52103433309406,9.403375642857142,406907.75,6650388.0,212.25,209.5,219.74
2025-07-15,222.19,226.7,217.7322,222.2,503257.0,211.622,211.87286073694438,3.0106196513147836,55.46570395990585,1.7199999999999989,224.1239318086185,199.12006819138153,9.602868499999998,412979.05,7153645.0,220.73,202.53,220.48
2025-07-16,226.64,228.04,213.06,213.25,501259.0,211.35500000000002,212.0040168572354,2.7932037268659826,52.891765343700285,9.469999999999999,223.45187649984948,199.25812350015056,9.910018499999998,415082.6,6652386.0,222.2,206.63,203.78
