Date,Open,High,Low,Close,Volume,SMA_20,EMA_20,MACD,RSI_14,Momentum_10,Bollinger_Upper,Bollinger_Lower,ATR_14,Volume_MA_20,OBV,Lag_1,Lag_5,Lag_10
2023-08-14,44.73,44.79,43.96,44.66,3319326.0,40.8835,41.53886973885206,0.9511626765135901,76.37305688401827,4.169999999999995,45.55411711238744,36.21288288761256,1.1853571428571423,4516076.55,38948498.0,44.88,42.17,40.49
2023-08-15,44.19,44.26,43.22,43.86,3948365.0,41.1825,41.75992976372329,0.9338880685843023,69.29212353239379,3.6199999999999974,45.80897245408649,36.5560275459135,1.1853571428571423,4494645.65,35000133.0,44.66,43.33,40.24
2023-08-16,44.0,44.62,43.5,43.64,3360991.0,41.463,41.93898407194012,0.8946294813411129,71.35523603706638,4.630000000000003,45.96323671892,36.96276328108,1.165357142857142,4487515.05,31639142.0,43.86,44.22,39.01
2023-08-17,44.55,44.674,43.875,44.05,3345219.0,41.767,42.14003320794582,0.8814311863435975,70.56962014894779,2.3900000000000006,46.091734734791935,37.44226526520807,1.1559999999999993,4478530.25,34984361.0,43.64,44.15,41.66
2023-08-18,43.53,44.335,43.43,44.22,3379614.0,42.046,42.33812528337955,0.8724636118603399,70.03222331037041,2.3500000000000014,46.23930493951841,37.85269506048159,1.1849285714285709,4429058.75,38363975.0,44.05,44.88,41.87
2023-08-21,44.52,44.78,43.52,43.9,2603801.0,42.277,42.486875256391016,0.8329896575640703,69.50959477898351,1.7299999999999969,46.33558207026206,38.21841792973794,1.2052857142857134,4331929.9,35760174.0,44.22,44.66,42.17
2023-08-22,43.99,44.13,42.555,42.61,3710785.0,42.428999999999995,42.49860142244901,0.7019198928928603,69.06779650773844,-0.7199999999999989,46.28327664044145,38.57472335955854,1.224928571428571,4278358.45,32049389.0,43.9,43.86,43.33
2023-08-23,42.04,42.7,41.4803,42.54,4607653.0,42.5565,42.502544144120534,0.586634252524945,56.413994053965624,-1.6799999999999997,46.23579784491267,38.87720215508733,1.1799071428571426,4239345.65,27441736.0,42.61,43.64,44.22
2023-08-24,42.08,42.965,42.05,42.23,2737563.0,42.694,42.476587558966195,0.4677386445468841,52.58620679077486,-1.9200000000000017,46.08331696270565,39.30468303729435,1.1727642857142857,4169843.3,24704173.0,42.54,44.05,44.15
2023-08-25,42.77,43.12,42.08,42.73,2577669.0,42.82299999999999,42.50072207715989,0.4055761959679103,53.91061441972782,-2.1500000000000057,45.99398755993509,39.652012440064894,1.19455,4160261.9,27281842.0,42.23,44.22,44.88
2023-08-28,42.92,43.44,42.53,42.9,2110451.0,42.9435,42.538748546001806,0.36468816821488304,46.51539697711256,-1.759999999999998,45.91829428744772,39.96870571255228,1.099192857142857,4070892.55,29392293.0,42.73,43.9,44.66
2023-08-29,42.9,43.67,42.625,43.57,2896373.0,43.11,42.63696297019211,0.3775300511687547,44.53781502125558,-0.28999999999999915,45.80751542603267,40.412484573967326,1.0734785714285715,4062994.45,32288666.0,42.9,42.61,43.86
2023-08-30,43.82,44.06,43.55,43.72,2589437.0,43.3455,42.740109353983335,0.39423820779474994,46.43449408788012,0.0799999999999983,45.2382393125476,41.452760687452404,1.043478571428572,3899742.0,34878103.0,43.57,42.54,43.64
2023-08-31,43.93,44.0388,43.43,43.84,2777193.0,43.4545,42.84486084408016,0.41162937678951295,40.40590395467112,-0.20999999999999375,45.18245559153463,41.72654440846538,0.9841071428571436,3668829.85,37655296.0,43.72,42.23,44.05
2023-09-01,44.54,45.365,44.5,45.08,3421329.0,43.614999999999995,43.057731239882045,0.5128100934866495,53.2608694494329,0.8599999999999994,45.3194276705717,41.91057232942829,0.9866071428571439,3483013.7,41076625.0,43.84,42.73,44.22
2023-09-05,45.4,46.145,45.29,45.32,4229425.0,43.7725,43.27318540751233,0.6039905859322232,62.414965837787506,1.4200000000000017,45.496752698539574,42.04824730146043,0.9733928571428585,3540639.55,45306050.0,45.08,42.9,43.9
2023-09-06,44.99,45.3788,44.36,44.65,3448408.0,43.838499999999996,43.40431060679687,0.6179752971170629,57.97788296813736,2.039999999999999,45.59223616211667,42.08476383788332,0.9661642857142871,3440415.25,41857642.0,45.32,43.57,42.61
2023-09-07,44.4,44.98,44.09,44.37,3805468.0,43.846,43.49628102519717,0.6006586769392968,52.58064504255984,1.8299999999999983,45.60786982015069,42.0841301798493,0.9726642857142868,3332146.7,38052174.0,44.65,43.72,42.54
2023-09-08,44.65,44.76,44.1,44.26,4311386.0,43.8515,43.56901616565458,0.5718617788332097,50.32573278427357,2.030000000000001,45.61804613954967,42.084953860450334,0.9551642857142865,3366848.35,33740788.0,44.37,43.84,42.23
2023-09-11,44.63,44.74,42.71,42.89,3557958.0,43.751999999999995,43.50434795940176,0.4384649527209419,42.97635596638819,0.1600000000000037,45.49869130824989,42.0053086917501,1.0101642857142867,3336920.7,30182830.0,44.26,45.08,42.73
2023-09-12,43.55,44.3,43.46,44.2,2914063.0,43.729,43.57060053469683,0.429092970860367,61.02635216999045,1.3000000000000043,45.43703549821362,42.02096450178638,0.9576642857142862,3316657.55,33096893.0,42.89,45.32,42.9
2023-09-13,44.34,44.37,41.1,42.1,11134673.0,43.641000000000005,43.43054334091618,0.2558948799243552,47.61904754689756,-1.4699999999999989,45.4956771601605,41.786322839839514,1.1041142857142856,3675972.95,21962220.0,44.2,44.65,43.57
2023-09-14,42.85,43.31,42.33,42.98,5219759.0,43.608,43.38763445130512,0.1850122646738228,53.822629892607864,-0.740000000000002,45.486090855937974,41.72990914406202,1.1087571428571426,3768911.35,27181979.0,42.1,44.37,43.72
2023-09-15,42.76,43.245,42.04,42.46,9349781.0,43.528499999999994,43.29928831308558,0.08731418892905651,48.62665303349207,-1.3800000000000026,45.461616109998765,41.59538389000122,1.1205428571428568,4069139.45,17832198.0,42.98,44.26,43.84
2023-09-18,42.96,42.97,41.94,42.71,3345463.0,43.453,43.24316561660124,0.029136532151746053,49.041372281879,-2.3699999999999974,45.390345987087535,41.51565401291247,1.1291142857142857,4067431.9,21177661.0,42.46,42.89,45.08
2023-09-19,43.26,43.33,41.76,42.17,2466440.0,43.366499999999995,43.14095936740112,-0.058581043694005075,42.84253572599228,-3.1499999999999986,45.373060555567115,41.359939444432875,1.1666142857142856,4060563.85,18711221.0,42.71,44.2,45.32
2023-09-20,41.9,42.5,41.23,41.28,3288827.0,43.3,42.96372514193435,-0.1956915205315397,38.40304177398835,-3.3699999999999974,45.49173567365178,41.10826432634821,1.2208999999999999,4039465.95,15422394.0,42.17,42.1,44.65
2023-09-21,41.2,41.44,39.97,40.14,3039240.0,43.18,42.6947989379406,-0.38950463843743677,33.9688041182354,-4.229999999999997,45.773010849024324,40.586989150975675,1.2824142857142853,3961045.3,12383154.0,41.28,42.98,44.37
2023-09-22,40.56,41.04,40.07,40.22,2197724.0,43.079499999999996,42.45910380099387,-0.5306008655884611,26.589595339859883,-4.039999999999999,45.96666561062192,40.192334389378075,1.2899142857142851,3934053.35,14580878.0,40.14,42.46,44.26
2023-09-25,40.22,41.05,40.22,41.02,1892657.0,42.99400000000001,42.322046296137316,-0.5725829332796195,30.347349138495176,-1.8699999999999974,46.02256158318729,39.965438416812724,1.2881285714285704,3899802.75,16473535.0,40.22,42.71,42.89
2023-09-26,40.59,41.52,40.55,41.05,2827731.0,42.9015,42.200899029838524,-0.596572051842962,32.524271800452425,-3.1500000000000057,46.05267538638988,39.75032461361012,1.2846428571428565,3935666.75,19301266.0,41.02,42.17,44.2
2023-09-27,41.93,42.95,41.4,42.38,4192183.0,42.842,42.217956265092,-0.5043890323840046,41.23348012535079,0.28000000000000114,45.98495603398757,39.699043966012425,1.3317857142857146,4000457.25,23493449.0,41.05,41.28,42.1
2023-09-28,42.4,42.72,41.985,42.23,2364951.0,42.7675,42.219103287464186,-0.43818460593826813,41.088674225176334,-0.75,45.89341797043599,39.641582029564006,1.3371428571428576,3989232.95,21128498.0,42.38,40.14,42.98
2023-09-29,42.33,42.43,41.01,41.1,3231873.0,42.6305,42.11252202199141,-0.4700478576931175,41.97309411770194,-1.3599999999999994,45.798394701865135,39.46260529813486,1.293571428571429,4011966.95,17896625.0,42.23,40.22,42.46
2023-10-02,41.1,41.15,39.05,39.53,4081919.0,42.353,41.866567543706516,-0.6130568625741049,29.535495143427084,-3.1799999999999997,45.589041116126786,39.11695888387322,1.3835714285714293,4044996.45,13814706.0,41.1,41.02,42.71
2023-10-03,39.43,39.76,38.88,39.66,2724598.0,42.07,41.656418253829706,-0.707845720609285,37.07627113145465,-2.510000000000005,45.2018129943499,38.9381870056501,1.2128571428571437,3969755.1,16539304.0,39.53,41.05,42.17
2023-10-04,38.99,38.99,37.385,38.01,3884823.0,41.738,41.30914032489354,-0.903995097025458,25.66111651721296,-3.270000000000003,45.116318485500386,38.35968151449961,1.2575000000000007,3991575.85,12654481.0,39.66,42.38,41.28
2023-10-05,37.47,38.28,37.37,37.73,2787575.0,41.406,40.96826981776082,-1.0694039804590503,26.27883647262749,-2.4100000000000037,44.99381798517383,37.81818201482617,1.2364285714285725,3940681.2,9866906.0,38.01,42.23,40.14
2023-10-06,38.04,38.201,36.85,37.59,5666709.0,41.072500000000005,40.64652983511693,-1.1978181600349487,24.03651112205769,-2.6299999999999955,44.78127125346472,37.36372874653529,1.259357142857144,4008447.35,4200197.0,37.73,41.1,40.22
2023-10-09,38.93,39.47,38.53,39.17,5709938.0,40.8865,40.50590794605817,-1.1599501467499849,36.23853206354683,-1.8500000000000014,44.5845921112322,37.1884078887678,1.2143571428571438,4116046.35,9910135.0,37.59,39.53,41.02
2023-10-10,39.17,39.34,38.61,38.89,4050448.0,40.620999999999995,40.352011951195486,-1.1391783244866787,38.38678323251554,-2.1599999999999966,44.07162557257451,37.17037442742548,1.175785714285715,4172865.6,5859687.0,39.17,39.66,41.05
2023-10-11,38.51,39.0,37.96,38.93,2961850.0,40.4625,40.21658224155782,-1.1067425027531144,43.41675727879927,-3.450000000000003,43.91829528511622,37.006704714883774,1.1450714285714294,3764224.45,8821537.0,38.89,38.01,42.38
2023-10-12,39.5,39.5,38.69,39.22,2670573.0,40.2745,40.121669647123746,-1.0457523756719027,44.680850997283834,-3.009999999999998,43.5584672733801,36.990532726619904,1.1336428571428583,3636765.15,11492110.0,38.93,37.73,42.23
2023-10-13,40.0,41.41,39.6012,41.25,5201181.0,40.214,40.229129680731006,-0.8252840861792663,51.0818437709176,0.14999999999999858,43.370549748663784,37.05745025133621,1.203557142857144,3429335.15,16693291.0,39.22,37.59,41.1
2023-10-16,41.66,42.27,41.0,42.19,3703334.0,40.188,40.4158792349471,-0.5686736976320717,54.93934135449301,2.6599999999999966,43.26556294561305,37.110437054386956,1.2249857142857152,3447228.7,20396625.0,41.25,39.17,39.53
2023-10-17,42.1,42.9,42.02,42.43,3653604.0,40.201,40.607700260190235,-0.34213021467314064,50.2392343824546,2.770000000000003,43.315785791401346,37.086214208598655,1.1771285714285717,3506586.9,24050229.0,42.19,38.89,39.66
2023-10-18,42.78,43.3251,42.369,42.99,3288528.0,40.286500000000004,40.83458594969593,-0.11633646216584026,53.49907912071945,4.980000000000004,43.61269760782726,36.96030239217275,1.192921428571429,3506571.95,27338757.0,42.43,38.93,38.01
2023-10-19,42.6,43.58,42.09,43.3,4062674.0,40.4445,41.06938728782013,0.08647833950698214,60.95617521380612,5.57,44.03139119169408,36.85760880830592,1.1979214285714284,3557743.65,31401431.0,42.99,39.22,37.73
2023-10-20,42.89,43.17,41.89,42.16,4035177.0,40.5415,41.173255165170595,0.15389256759125658,63.6836627584213,4.569999999999993,44.20689593610581,36.87610406389419,1.1393499999999999,3649616.3,27366254.0,43.3,41.25,37.59
2023-10-23,41.59,41.86,41.02,41.19,3173340.0,40.55,41.17484991134482,0.12792798674378503,57.32057408588632,2.019999999999996,44.220852475207465,36.87914752479253,1.136492857142857,3713650.45,24192914.0,42.16,42.19,39.17
2023-10-24,41.49,41.55,40.91,41.0,3074713.0,40.5475,41.15819753883579,0.09103540508314012,66.62958832782937,2.1099999999999994,44.21698655522095,36.87801344477905,1.0675642857142853,3725999.55,21118201.0,41.19,42.43,38.89
2023-10-25,40.93,41.29,40.53,41.02,2499118.0,40.4795,41.14503586847048,0.06268355504882095,68.8430697635965,2.0900000000000034,44.0552103085298,36.9037896914702,1.0568499999999992,3641346.3,23617319.0,41.0,42.99,38.93
2023-10-26,40.42,40.76,39.77,40.42,2678063.0,40.388999999999996,41.07598483337805,-0.007931918334421084,65.39717073824153,1.2000000000000028,43.8684911908738,36.909508809126194,1.0310642857142847,3657001.9,20939256.0,41.02,43.3,39.22
2023-10-27,40.48,40.66,39.345,40.13,3287565.0,40.3405,40.985891039723,-0.08622033122134809,56.07594926771352,-1.1199999999999974,43.80527294767598,36.87572705232402,1.0578499999999988,3659786.5,17651691.0,40.42,42.16,41.25
2023-10-30,40.09,40.61,39.28,39.68,3323226.0,40.348,40.86152046451129,-0.18235706291984854,54.89467152806376,-2.509999999999998,43.80602864436706,36.88997135563294,1.1007071428571413,3621851.85,14328465.0,40.13,41.19,42.19
2023-10-31,39.79,39.96,39.14,39.72,3637984.0,40.351,40.75280422979593,-0.2524141984404622,54.89467152806376,-2.710000000000001,43.806618765522536,36.89538123447746,1.0849928571428558,3667521.15,17966449.0,39.68,41.0,42.43
2023-11-01,40.06,40.31,39.35,39.61,2930812.0,40.431,40.64396573172012,-0.313173980018405,52.47148279662855,-3.3800000000000026,43.728909385624384,37.13309061437561,1.0957071428571414,3619820.6,15035637.0,39.72,41.02,42.99
2023-11-02,39.03,39.81,38.17,39.69,7207457.0,40.529,40.55311185250868,-0.35083992946572096,36.86868678179095,-3.6099999999999994,43.59746712974341,37.4605328702566,1.0836499999999987,3840814.7,22243094.0,39.61,40.42,43.3
2023-11-03,39.99,40.93,39.6,39.96,4891645.0,40.647499999999994,40.49662500941261,-0.3548607305412048,28.842504667211614,-2.1999999999999957,43.405408246250545,37.88959175374944,1.0879357142857127,3802061.5,27134739.0,39.69,40.13,42.16
2023-11-06,40.25,40.3,39.25,39.3,3141544.0,40.654,40.38266072280189,-0.40650308444797645,22.495606271539813,-1.8900000000000006,43.39782291894471,37.910177081055295,1.10007857142857,3673641.8,23993195.0,39.96,39.68,41.19
2023-11-07,38.52,38.65,37.45,38.08,3994711.0,40.6135,40.16335970158266,-0.5394589226935409,11.338582652166892,-2.9200000000000017,43.48776530658385,37.73923469341615,1.1174999999999982,3670854.95,19998484.0,39.3,39.72,41.0
2023-11-08,37.9,38.02,36.64,36.71,4417206.0,40.5025,39.834468301431926,-0.7465631487161417,5.533063417346483,-4.310000000000002,43.79198484208633,37.21301515791367,1.1096428571428558,3743622.75,15581278.0,38.08,39.61,41.02
2023-11-09,37.03,37.3,36.285,36.36,3833173.0,40.359500000000004,39.50356655843841,-0.9281836297697623,6.193353461222571,-4.060000000000002,44.10129509411135,36.61770490588866,1.0907142857142844,3801752.75,11748105.0,36.71,39.69,40.42
2023-11-10,36.67,37.07,36.44,36.92,2501322.0,40.143,39.25751260049189,-1.015293129672095,15.619967758666803,-3.210000000000001,44.15887953268678,36.12712046731322,1.075714285714285,3666759.8,14249427.0,36.36,39.96,40.13
2023-11-13,37.18,37.18,36.475,36.65,3169418.0,39.866,39.00917806711171,-1.0934743099395376,15.421303622273783,-3.030000000000001,44.04818980666197,35.683810193338026,1.080357142857142,3640064.0,11080009.0,36.92,39.3,39.68
2023-11-14,36.81,37.825,36.75,37.57,3475379.0,39.623000000000005,38.87211348929155,-1.0689703483116162,26.00834487286278,-2.1499999999999986,43.74220840632479,35.50379159367522,1.102857142857142,3631152.75,14555388.0,36.65,38.08,39.72
2023-11-15,37.32,38.27,37.24,37.31,3379661.0,39.339,38.72334077602569,-1.05830296592692,27.299270017198594,-2.299999999999997,43.25919279869591,35.418807201304084,1.1057142857142854,3635709.4,11175727.0,37.57,36.71,39.61
2023-11-16,36.75,36.87,35.34,35.85,6600113.0,38.966499999999996,38.44968927354705,-1.1542162510321532,23.31670818872398,-3.8399999999999963,42.71394979953033,35.21905020046966,1.121071428571428,3762581.35,4575614.0,37.31,36.36,39.69
2023-11-17,36.35,37.27,35.97,36.87,5056333.0,38.702,38.29924267606638,-1.134924214723533,33.64377177287393,-3.0900000000000034,42.24136420100678,35.162635798993215,1.1189285714285713,3813639.15,9631947.0,35.85,36.92,39.96
2023-11-20,37.36,37.7,36.97,37.0,3280737.0,38.4925,38.17550527834577,-1.0965137310119744,34.331797179649186,-2.299999999999997,41.90555774312342,35.07944225687658,1.1125000000000003,3819009.0,12912684.0,36.87,36.65,39.3
2023-11-21,36.68,37.045,36.24,36.62,2167023.0,38.2735,38.02736191850331,-1.084208429025594,33.296089333391606,-1.4600000000000009,41.569176753438946,34.97782324656105,1.1014285714285716,3773624.5,10745661.0,37.0,37.57,38.08
2023-11-22,34.81,36.6081,34.65,36.56,4495894.0,38.0505,37.88761316436014,-1.0669925690200657,32.47480398044267,-0.14999999999999858,41.16211812702347,34.93888187297653,1.1241500000000002,3873463.3,6249767.0,36.62,37.31,36.71
2023-11-24,36.47,37.07,36.47,36.88,1600378.0,37.8735,37.791650005849654,-1.0158363803395432,32.85077945880727,0.5200000000000031,40.81572454329337,34.93127545670663,1.0720071428571434,3819579.05,7850145.0,36.56,35.85,36.36
2023-11-27,36.47,36.6,35.995,36.34,3670869.0,37.684,37.653397624340165,-1.007225030543033,33.29571100833638,-0.5799999999999983,40.49977810130512,34.86822189869488,1.0402214285714295,3838744.25,4179276.0,36.88,36.87,36.92
2023-11-28,36.43,36.74,36.12,36.38,3073193.0,37.519000000000005,37.53212166011729,-0.9858099629147645,38.93229159569637,-0.269999999999996,40.22699129284149,34.81100870715852,0.9987928571428587,3826242.6,7252469.0,36.34,37.0,36.65
2023-11-29,36.63,36.785,36.185,36.31,2557262.0,37.3485,37.415729121058504,-0.9633770589995763,46.86520365891649,-1.259999999999998,39.89774777346698,34.79925222653302,0.9430785714285724,3772206.5,4695207.0,36.38,36.62,37.57
2023-11-30,36.73,37.13,35.56,36.0,5839748.0,37.168,37.280897776195786,-0.959537012052067,47.16088317661636,-1.3100000000000023,39.548673058302285,34.787326941697714,0.9827214285714295,3917653.3,-1144541.0,36.31,36.56,37.31
2023-12-01,35.98,37.06,35.96,36.2,3209195.0,36.9935,37.177955130843806,-0.9296466787926434,43.97993300740485,0.3500000000000014,39.09054830152942,34.89645169847058,1.016292857142858,3717740.2,2064654.0,36.0,36.88,35.85
2023-12-04,35.74,36.245,35.585,35.82,3607608.0,36.786500000000004,37.04862607076345,-0.925931826270336,43.185549982824696,-1.0499999999999972,38.41574942357229,35.15725057642772,1.0130785714285722,3653538.35,-1542954.0,36.2,36.34,36.87
2023-12-05,36.09,36.14,34.775,34.79,3070948.0,36.561,36.833518825928834,-0.9945964099957223,27.580645099011434,-2.210000000000001,37.95723403256199,35.16476596743801,1.0337928571428578,3650008.55,-4613902.0,35.82,36.38,37.0
2023-12-06,34.4,34.92,33.93,34.03,4374937.0,36.35850000000001,36.56651703298323,-1.0976591250530205,25.52238800637113,-2.5899999999999963,37.98320758502638,34.733792414973635,1.030935714285715,3669019.85,-8988839.0,34.79,36.31,36.62
2023-12-07,34.23,34.46,33.5801,33.83,4447618.0,36.2145,36.3058963631753,-1.1818443018923048,31.433823448515867,-2.730000000000004,38.18231979277632,34.24668020722368,0.9845000000000012,3670540.45,-13436457.0,34.03,36.0,36.56
2023-12-08,34.05,34.52,33.8,34.47,2732037.0,36.12,36.131049090491935,-1.183296282186852,26.284584907513064,-2.4100000000000037,38.23446148426051,34.00553851573949,0.9430714285714298,3615483.65,-10704420.0,33.83,36.2,36.88
2023-12-11,34.43,34.82,34.36,34.7,3434526.0,36.009,35.994758700921274,-1.1526068460932635,27.713178219382925,-1.6400000000000006,38.17898568998437,33.83901431001563,0.9237857142857153,3662143.85,-7269894.0,34.47,35.82,36.34
2023-12-12,34.16,34.43,33.82,34.18,3859844.0,35.8855,35.82192453892877,-1.1568953381646594,26.98113200420086,-2.200000000000003,38.179487335347986,33.591512664652015,0.9098571428571438,3696665.15,-11129738.0,34.7,34.79,36.38
2023-12-13,34.29,34.87,33.76,34.85,5054067.0,35.7495,35.72936029712603,-1.093638709881482,35.53299483968499,-1.4600000000000009,37.9433236267447,33.555676373255295,0.8492785714285722,3775599.55,-6075671.0,34.18,34.03,36.31
2023-12-14,35.57,36.21,35.44,35.74,5938676.0,35.67100000000001,35.73037360216164,-0.9606369240699024,41.20370361468338,-0.259999999999998,37.73843064543514,33.603569354564875,0.8614214285714296,3903550.3,-136995.0,34.85,33.83,36.0
2023-12-15,35.64,35.7315,34.96,35.35,9915245.0,35.646,35.694147544812914,-0.8765891595262758,42.18009469344056,-0.8500000000000014,37.71640702837824,33.57559297162176,0.873314285714286,4069306.9,-10052240.0,35.74,34.47,36.2
2023-12-18,36.15,36.39,35.61,35.64,6081998.0,35.584500000000006,35.688990635783114,-0.7776213496805724,44.3768996016297,-0.17999999999999972,37.57328407708411,33.5957159229159,0.8847428571428573,4120590.15,-3970242.0,35.35,34.7,35.82
2023-12-19,35.55,36.175,35.33,36.01,4168365.0,35.535000000000004,35.719562956184724,-0.6617111583612214,47.81976734455277,1.2199999999999989,37.42212535494156,33.64787464505845,0.9022428571428576,4164971.55,198123.0,35.64,34.18,34.79
2023-12-20,36.13,36.365,35.475,35.52,4384787.0,35.480000000000004,35.70055696035761,-0.6024381295439483,46.60056647982893,1.490000000000002,37.29678721634478,33.663212783655226,0.8536714285714291,4275859.75,-4186664.0,36.01,34.85,34.03
2023-12-21,35.74,35.96,35.41,35.94,2551687.0,35.449,35.72336105937117,-0.5156354550671409,48.2142856215659,2.1099999999999994,37.20844847817961,33.689551521820384,0.8143857142857149,4178649.4,-1634977.0,35.52,35.74,33.83
2023-12-22,36.19,36.4,35.84,35.96,2498292.0,35.403,35.745898101335825,-0.44015628829415476,51.011560590439046,1.490000000000002,37.049394465746964,33.75660553425303,0.8072428571428577,4223545.1,863315.0,35.94,35.35,34.47
2023-12-26,36.46,37.39,36.45,37.29,3272576.0,35.450500000000005,35.89295542501813,-0.2699237588826904,67.31301926005786,2.5899999999999963,37.25768420113785,33.64331579886216,0.7768857142857145,4203630.45,4135891.0,35.96,35.64,34.7
2023-12-27,37.242,37.8161,37.08,37.17,3315802.0,35.49,36.01457871787355,-0.14304609203959018,73.86018221367135,2.990000000000002,37.41351651655862,33.56648348344138,0.7587500000000001,4215760.9,820089.0,37.29,36.01,34.18
2023-12-28,36.99,37.09,36.08,36.1,3483447.0,35.4795,36.02271407807606,-0.12735526097951322,65.23489920627001,1.25,37.38639027642282,33.57260972357718,0.7680428571428577,4262070.15,-2663358.0,37.17,35.52,34.85
2023-12-29,36.31,36.35,35.765,35.88,3671166.0,35.4735,36.00912226111644,-0.13115821844397146,60.02844938258918,0.14000000000000057,37.37423974519067,33.57276025480933,0.7584000000000002,4153641.05,-6334524.0,36.1,35.94,35.74
2024-01-02,36.14,36.64,35.91,36.11,2838703.0,35.469,36.01872966481964,-0.1142975457632005,60.028449382589145,0.759999999999998,37.36291157466015,33.57508842533985,0.7776857142857148,4135116.45,-3495821.0,35.88,35.96,35.35
2024-01-03,35.99,36.905,35.6,36.75,3007251.0,35.5155,36.08837445864634,-0.04873633911767428,67.97202783893593,1.1099999999999994,37.48966444683771,33.5413355531623,0.8273285714285719,4105098.6,-488570.0,36.11,37.29,35.64
2024-01-04,34.75,35.13,33.97,34.05,19132939.0,35.4785,35.89424355782288,-0.21217892529768534,45.64270145544683,-1.9600000000000009,37.535900250188035,33.42109974981196,0.8309000000000007,4908198.15,-19621509.0,36.75,37.17,36.01
2024-01-05,34.31,34.48,33.79,34.34,9353815.0,35.494,35.746220361839754,-0.31468224525879407,41.84149177321901,-1.1799999999999997,37.50970047900296,33.47829952099704,0.8251857142857146,5157142.05,-10267694.0,34.05,36.1,35.52
2024-01-08,33.59,33.79,33.18,33.73,7849042.0,35.489000000000004,35.55419937499787,-0.44006174272981013,40.79545448055265,-2.210000000000001,37.52249737618407,33.45550262381594,0.8136500000000007,5327213.25,-18116736.0,34.34,35.88,35.94
2024-01-09,33.87,33.94,32.9,32.97,5460246.0,35.414,35.3080851488076,-0.5939005041378138,35.598705447855224,-2.990000000000002,37.700633010851526,33.12736698914848,0.832221428571429,5463623.7,-23576982.0,33.73,36.11,35.96
2024-01-10,32.91,32.91,32.33,32.57,5385255.0,35.3075,35.04731513463545,-0.7395676967472156,31.505376296658582,-4.719999999999999,37.91065496839389,32.7043450316061,0.8132928571428576,5561160.15,-28962237.0,32.97,36.75,37.29
2024-01-11,32.83,33.0395,32.285,32.46,4322393.0,35.221500000000006,34.80090416943207,-0.8540404467636762,32.84753358073256,-4.710000000000001,38.08238153510328,32.36061846489673,0.8036142857142862,5584287.6,-33284630.0,32.57,34.05,37.17
2024-01-12,33.08,33.2008,32.3,32.54,4447499.0,35.106,34.585579962819494,-0.9276128766979852,30.186480137224876,-3.5600000000000023,38.20651540706926,32.00548459293074,0.828671428571429,5553959.2,-28837131.0,32.46,34.34,36.1
2024-01-16,32.1,32.2,31.22,31.27,5331509.0,34.8825,34.26981044255097,-1.075988624823566,26.144455710475853,-4.610000000000003,38.40615166448554,31.35884833551446,0.8586714285714295,5523600.85,-34168640.0,32.54,33.73,35.88
2024-01-17,30.95,31.32,30.7,30.81,5162066.0,34.6555,33.94030468611754,-1.2166684834375374,13.839285692661832,-5.300000000000001,38.61084801183626,30.70015198816375,0.835814285714287,5285941.9,-39330706.0,31.27,32.97,36.11
2024-01-18,30.79,30.81,30.23,30.68,5286512.0,34.4075,33.629799477915874,-1.3233922599685712,13.823857280542484,-6.07,38.70971424018158,30.10528575981841,0.8246642857142868,5246167.6,-44617218.0,30.81,32.57,36.75
2024-01-19,30.5,30.5468,29.95,30.37,6662236.0,34.1255,33.31934238478103,-1.4166544246411235,15.103532251955016,-3.679999999999996,38.715211491907475,29.53578850809253,0.7951500000000008,5370861.15,-51279454.0,30.68,32.46,34.05
2024-01-22,30.37,30.91,30.09,30.71,5194670.0,33.885000000000005,33.07083358623046,-1.4464573425022422,18.967587002935645,-3.6300000000000026,38.667095994986234,29.102904005013777,0.8119357142857151,5411355.3,-46084784.0,30.37,32.54,34.34
2024-01-23,30.53,31.1,30.45,30.85,5540997.0,33.6305,32.85932562563708,-1.4421555889868358,18.082524241121973,-2.8799999999999955,38.49320219441609,28.767797805583903,0.8062214285714292,5560820.8,-40543787.0,30.71,31.27,33.73
2024-01-24,31.11,31.48,30.795,31.37,5783544.0,33.400999999999996,32.717485089862116,-1.3808703634054602,16.87192115317653,-1.5999999999999979,38.23395224147944,28.56804775852055,0.7619357142857149,5725083.4,-34760243.0,30.85,30.81,32.97
2024-01-25,31.49,32.05,31.1,32.04,4761921.0,33.1385,32.65296270035144,-1.2636728807374844,33.49753686880699,-0.5300000000000011,37.64107598784473,28.63592401215527,0.7469357142857144,5799550.65,-29998322.0,31.37,30.68,32.57
2024-01-26,32.07,32.265,31.63,32.11,4159538.0,32.8855,32.601251966984634,-1.1518667517704486,31.005110658590837,-0.3500000000000014,36.984852837242805,28.786147162757196,0.7430071428571432,5841737.45,-25838784.0,32.04,30.37,32.46
2024-01-29,32.05,32.12,31.39,31.87,4862325.0,32.674,32.53160892250991,-1.0702873947060603,33.09090900667768,-0.6699999999999982,36.50258720679053,28.84541279320947,0.7515785714285715,5910681.35,-30701109.0,32.11,30.71,32.54
2024-01-30,31.45,32.475,31.36,32.42,5113928.0,32.501,32.52097950131849,-0.9503014221255945,44.80151216876728,1.1500000000000021,36.01977311154419,28.982226888455806,0.7569357142857146,5982819.45,-25587181.0,31.87,30.85,31.27
2024-01-31,32.47,32.52,31.29,31.33,5400344.0,32.262,32.4075528821453,-0.9324150978011154,39.63210693062714,0.5199999999999996,35.37453222346458,29.149467776535424,0.8033642857142864,6110901.5,-30987525.0,32.42,31.37,30.81
2024-02-01,31.44,31.71,30.61,30.8,6403688.0,31.964499999999997,32.254452607655274,-0.9500539916813544,37.03124991899412,0.120000000000001,34.314975651750885,29.614024348249107,0.828042857142858,6280723.35,-37391213.0,31.33,32.04,30.68
2024-02-02,30.76,30.76,30.16,30.24,4652278.0,31.774,32.062599978354775,-0.9977181981384895,33.28488365319936,-0.13000000000000256,34.02841228191345,29.51958771808655,0.8065571428571435,5556690.3,-42043491.0,30.8,32.11,30.37
2024-02-05,30.02,30.2,29.47,29.81,5603988.0,31.547499999999996,31.84806664708289,-1.0579932239709393,37.91390719688828,-0.9000000000000021,33.619273966537165,29.475726033462827,0.7887000000000004,5369198.95,-47647479.0,30.24,31.87,30.71
2024-02-06,30.01,30.77,29.82,30.52,4671969.0,31.387,31.72158410926547,-1.0365231401455866,47.69475347094968,-0.33000000000000185,33.23178896239911,29.542211037600893,0.8122714285714289,5210345.3,-42975510.0,29.81,32.42,30.85
2024-02-07,30.58,30.86,30.17,30.55,3937339.0,31.266000000000002,31.610004670287807,-1.0054964689264203,48.949919113845105,-0.8200000000000003,32.98691040777231,29.545089592227693,0.8201285714285717,5134199.95,-39038171.0,30.52,31.33,31.37
2024-02-08,30.59,30.81,30.3,30.47,6213750.0,31.161,31.501432796927062,-0.9761108181809774,50.83892605507633,-1.5700000000000003,32.80128110556187,29.520718894438136,0.8139285714285714,5175624.7,-45251921.0,30.55,30.8,32.04
2024-02-09,30.52,30.69,29.8025,29.87,5287720.0,31.0315,31.34605824483877,-0.9898266450812372,43.247588327095464,-2.2399999999999984,32.648765723699334,29.414234276300668,0.8187500000000002,5223891.05,-50539641.0,30.47,30.24,32.11
2024-02-12,30.02,30.84,30.02,30.48,6317483.0,30.928500000000003,31.263576507235076,-0.9406322362527888,47.23467852596629,-1.3900000000000006,32.39677897822411,29.460221021775894,0.8308928571428572,5317390.25,-44222158.0,29.87,29.81,31.87
2024-02-13,30.37,30.46,29.4697,29.63,6006504.0,30.846500000000002,31.107997792260306,-0.9591755748569426,37.6068375318382,-2.7900000000000027,32.414284558239025,29.278715441760976,0.8527000000000002,5351140.0,-50228662.0,30.48,30.52,32.42
2024-02-14,29.75,30.35,29.655,29.8,6141476.0,30.796,30.983426573949803,-0.9492119336521903,32.8220858190937,-1.5299999999999976,32.43230392235547,29.15969607764453,0.8344857142857148,5400110.5,-44087186.0,29.63,30.55,31.33
2024-02-15,29.99,31.47,29.96,31.25,6701934.0,30.8245,31.008814519287917,-0.8149201132109383,44.556961946354754,0.4499999999999993,32.47211358525472,29.176886414745287,0.8969857142857146,5470881.6,-37385252.0,29.8,30.47,30.8
2024-02-16,31.31,31.91,30.94,31.57,8155891.0,30.884500000000003,31.06226075554621,-0.6748920663046647,48.12030066745811,1.3300000000000018,32.54972923979035,29.219270760209657,0.9141285714285718,5545564.35,-29229361.0,31.25,29.87,30.24
2024-02-20,31.5,31.64,30.94,30.98,6566269.0,30.897999999999996,31.05442639787514,-0.6045575099248239,41.022443818664065,1.1700000000000017,32.56164976071163,29.234350239288357,0.8844857142857145,5614144.3,-35795630.0,31.57,30.48,29.81
2024-02-21,31.12,31.99,31.08,31.44,8277144.0,30.9275,31.0911476933156,-0.505867689722109,50.7442488889825,0.9200000000000017,32.60840044791165,29.24659955208835,0.8616285714285714,5750951.65,-27518486.0,30.98,29.63,30.52
2024-02-22,31.19,31.2,29.94,30.22,13861360.0,30.870000000000005,31.008181246333162,-0.5201029184506609,46.41089100869399,-0.33000000000000185,32.5657780391003,29.17422196089971,0.8730571428571425,6154842.45,-41379846.0,31.44,29.8,30.55
2024-02-23,29.76,30.475,29.58,30.03,7868187.0,30.7695,30.915021127634766,-0.5404853555678883,48.6381322074016,-0.4399999999999977,32.410686669520146,29.128313330479855,0.8941285714285713,6310155.75,-49248033.0,30.22,31.25,30.47
2024-02-26,29.97,30.315,29.595,29.62,5751702.0,30.645,30.79168578214574,-0.5830014525014278,48.7646293000384,-0.25,32.23500165508027,29.054998344919728,0.8934142857142857,6389763.95,-54999735.0,30.03,31.57,29.87
2024-02-27,29.85,30.47,29.7,30.2,6607143.0,30.561499999999995,30.735334755274717,-0.5634003615036107,47.88359779492455,-0.28000000000000114,32.052981425330316,29.070018574669675,0.8805571428571428,6477004.85,-48392592.0,29.62,30.98,30.48
2024-02-28,30.18,30.49,29.72,29.95,4815146.0,30.438,30.660540969058076,-0.5615657664677158,46.14395878585918,0.3200000000000003,31.667575878953944,29.208424121046054,0.8862714285714287,6462065.75,-53207738.0,30.2,31.44,29.63
2024-02-29,30.09,30.3,29.625,29.79,6496160.0,30.360999999999997,30.57763230533826,-0.5664922561636061,45.674300173099205,-0.010000000000001563,31.5475012697667,29.174498730233296,0.8980571428571432,6516856.55,-59703898.0,29.95,30.22,29.8
2024-03-01,30.21,30.665,29.935,30.41,6266958.0,30.341500000000003,30.561667323877472,-0.5144378350034806,53.426395844166294,-0.8399999999999999,31.510310011124723,29.172689988875284,0.886807142857143,6510020.05,-53436940.0,29.79,30.03,31.25
2024-03-04,30.67,30.68,29.985,30.03,6582422.0,30.331,30.511032340651045,-0.49810516909439073,47.05882344329105,-1.5399999999999991,31.507397712913225,29.154602287086774,0.8778785714285716,6606527.25,-60019362.0,30.41,29.62,31.57
2024-03-05,30.03,30.695,29.91,30.46,5866639.0,30.363500000000005,30.506172117731897,-0.44533065422637463,55.739972229549174,-0.5199999999999996,31.51494348765507,29.21205651234494,0.8632142857142858,6619659.8,-54152723.0,30.03,30.2,30.98
2024-03-06,30.91,30.97,30.41,30.63,4716074.0,30.369,30.517965249376477,-0.3853469043054538,55.73997222954915,-0.8100000000000023,31.52463425283084,29.21336574716916,0.8535714285714285,6621865.05,-49436649.0,30.46,29.95,31.44
2024-03-07,30.53,30.917,30.42,30.55,4730966.0,30.369,30.52101617800729,-0.340341414331899,44.027303649081524,0.33000000000000185,31.52463425283084,29.21336574716916,0.7812142857142857,6661546.4,-54167615.0,30.63,29.79,30.22
2024-03-08,30.55,31.13,30.53,30.81,5703651.0,30.386000000000003,30.5485384467685,-0.28046149550501553,43.44827575719379,0.7799999999999976,31.557780471626113,29.214219528373892,0.7547857142857143,6636041.45,-48463964.0,30.55,30.41,30.03
2024-03-11,30.6,31.24,30.42,31.2,4475626.0,30.452499999999997,30.61058240421912,-0.1992398712873893,51.964285584375,1.5799999999999983,31.65162029158225,29.253379708417743,0.7633571428571427,6595436.75,-43988338.0,30.81,30.03,29.62
2024-03-12,31.36,31.485,30.9,31.44,4968992.0,30.5005,30.689574556198252,-0.11418891225405758,49.99999986988848,1.240000000000002,31.778516143543577,29.22248385645642,0.740142857142857,6528012.2,-39019346.0,31.2,30.46,30.2
2024-03-13,31.85,32.895,31.84,32.56,7910417.0,30.647,30.8677103127508,0.04309224555822766,72.15909071776005,2.610000000000003,32.15576875560665,29.13823124439335,0.7255000000000003,6623207.85,-31108929.0,31.44,30.63,29.95
2024-03-14,32.75,32.95,32.29,32.47,8569089.0,30.7805,31.020309330584055,0.1586476703589348,73.55212335333401,2.6799999999999997,32.438799382531805,29.122200617468195,0.708714285714286,6744588.5,-39678018.0,32.56,30.55,29.79
2024-03-15,32.24,32.83,31.86,32.0,22213285.0,30.818,31.113613203861764,0.20988180030806092,72.70992346985898,1.5899999999999999,32.55314264543296,29.08285735456704,0.7265714285714286,7520156.05,-61891303.0,32.47,30.81,30.41
2024-03-18,32.24,32.87,32.07,32.34,5540009.0,30.8565,31.23041194635112,0.27475313367667553,71.39999980008002,2.3100000000000023,32.69310183921001,29.019898160789996,0.7287142857142855,7389361.95,-56351294.0,32.0,31.2,30.03
2024-03-19,32.39,33.314,32.31,33.14,7294834.0,30.964500000000005,31.41227747527006,0.38626470089106846,78.7387385401185,2.6799999999999997,33.066533852198766,28.86246614780124,0.7454285714285712,7425790.2,-49056460.0,32.34,31.44,30.46
2024-03-20,32.77,33.97,32.62,33.79,5679225.0,31.082,31.638727239530052,0.5210811922701062,83.1125825888119,3.16,33.53017096066261,28.633829039337392,0.793642857142857,7295894.25,-43377235.0,33.14,32.56,30.63
2024-03-21,33.8,34.1194,33.46,33.91,4453324.0,31.266499999999997,31.85503893100338,0.6303410311140851,81.58844744724941,3.359999999999996,33.98265265829408,28.55034734170592,0.7885999999999996,6825492.45,-38923911.0,33.79,32.47,30.55
2024-03-22,33.85,34.03,33.405,33.46,5746554.0,31.438,32.00789236614592,0.6728627110021215,80.57040978110774,2.650000000000002,34.25663423440653,28.619365765593464,0.7835999999999996,6719410.8,-44670465.0,33.91,32.0,30.81
2024-03-25,33.66,34.745,33.62,34.59,9654233.0,31.686500000000002,32.253807378893924,0.7886517861537641,82.72583182913449,3.390000000000004,34.69988260711152,28.673117392888486,0.8078857142857139,6914537.35,-35016232.0,33.46,32.34,31.2
2024-03-26,34.52,34.8,32.805,32.88,11751244.0,31.820500000000003,32.31344477138022,0.7339721571610767,64.33121007635202,1.4400000000000013,34.793639223464886,28.84736077653512,0.9103857142857138,7171742.4,-46767476.0,34.59,33.14,31.44
2024-03-27,32.73,33.74,32.55,33.71,7795092.0,32.008500000000005,32.44645003124877,0.7489783815913995,68.37209291195242,1.1499999999999986,34.959055879830125,29.057944120169882,0.9598857142857141,7320739.7,-38972384.0,32.88,33.79,32.56
2024-03-28,34.1,34.73,33.91,34.38,26801628.0,32.23800000000001,32.63059764732032,0.8056472603487421,69.81132064624214,1.9100000000000037,35.17600218551747,29.299997814482545,0.9756,8336013.1,-12170756.0,33.71,33.91,32.47
2024-04-01,34.53,35.485,34.305,35.43,8326077.0,32.489,32.89720739519458,0.9246253833830806,71.87176825168514,3.4299999999999997,35.6207921555019,29.35720784449809,1.001314285714286,8438969.05,-3844679.0,34.38,33.46,32.0
2024-04-02,35.56,35.715,34.8,35.34,7179801.0,32.7545,33.129854309937954,1.0001253370589183,70.4831931736592,3.0,35.908788475944114,29.60021152405589,1.0248857142857148,8468838.0,-11024480.0,35.43,34.59,32.34
2024-04-03,35.57,35.91,34.875,35.21,9794865.0,32.992,33.3279634232772,1.037509919231347,65.53341138130507,2.0700000000000003,36.13413872855318,29.849861271446812,1.023457142857143,8665249.3,-20819345.0,35.34,32.88,33.14
2024-04-04,35.37,35.8406,34.99,35.43,6932654.0,33.232,33.528157382965084,1.0725262002782259,67.090069175605,1.6400000000000006,36.34765554477455,30.116344455225452,1.0370714285714284,8776078.3,-13886691.0,35.21,33.71,33.79
2024-04-05,35.33,35.86,35.01,35.74,6055803.0,33.4915,33.73880906077793,1.1124674116685256,71.9999998814118,1.8300000000000054,36.53019275910065,30.452807240899354,1.0285,8842320.15,-7830888.0,35.43,34.38,33.91
2024-04-08,35.73,36.045,34.93,35.04,6294686.0,33.702999999999996,33.86273200737051,1.0752422743038537,65.23702021294375,1.5799999999999983,36.53784409670651,30.86815590329348,1.0510000000000004,8871871.9,-14125574.0,35.74,35.43,33.46
2024-04-09,35.13,35.33,34.53,34.89,6547839.0,33.8875,33.9605670542876,1.0218580022678623,60.65773436672251,0.29999999999999716,36.508700006425386,31.266299993574624,1.0364285714285717,8975482.55,-20673413.0,35.04,35.34,34.59
2024-04-10,34.48,35.175,34.38,35.05,5797112.0,34.068,34.064322572926876,0.9811511366404488,58.1606216561854,2.1699999999999946,36.467356053962064,31.668643946037932,0.9967857142857142,9016888.55,-14876301.0,34.89,35.21,32.88
2024-04-11,35.23,35.24,34.14,34.4,4740057.0,34.160000000000004,34.096291851695746,0.8862252602462064,52.969696879809014,0.6899999999999977,36.4547170448205,31.865282955179513,1.028257142857143,8858370.55,-19616358.0,35.05,35.43,33.71
2024-04-12,34.85,35.25,33.64,33.72,7068505.0,34.222500000000004,34.060454532486624,0.7475087154122804,51.53301878284642,-0.6600000000000037,36.38785277300933,32.05714722699068,1.0986142857142858,8783341.35,-26684863.0,34.4,35.74,34.38
2024-04-15,33.54,33.8798,33.0,33.16,8170599.0,34.2805,33.974696957964085,0.5856367008563126,40.96080902990497,-2.270000000000003,36.2483304912023,32.312669508797704,1.0811000000000004,8081207.05,-34855462.0,33.72,35.04,35.43
2024-04-16,32.79,32.97,32.11,32.5,6090513.0,34.2885,33.83424962863417,0.39949042607317864,47.230320603320024,-2.8400000000000034,36.224151936958926,32.35284806304107,1.000028571428572,8108732.25,-40945975.0,33.16,34.89,35.34
2024-04-17,32.5,32.875,32.135,32.26,5993654.0,34.2445,33.684321092573775,0.22995143941527374,38.43700150907205,-2.950000000000003,36.32468698552247,32.164313014477536,0.9678857142857146,8043673.25,-46939629.0,32.5,35.05,35.21
2024-04-18,32.38,32.745,32.115,32.43,5679728.0,34.1765,33.56486194090008,0.10806246864964919,33.10225295261148,-3.0,36.40301273236167,31.949987267638328,0.9543142857142856,8043698.4,-41259901.0,32.26,34.4,35.43
2024-04-19,32.16,32.95,32.15,32.36,4785465.0,34.099000000000004,33.45011318462388,0.0057498874282870815,17.95407092873549,-3.3800000000000026,36.46792069583558,31.73007930416443,0.9271714285714288,8060305.45,-46045366.0,32.43,33.72,35.74
2024-04-22,32.23,32.66,31.77,32.47,4376121.0,34.0495,33.35676907180256,-0.06570014185671624,20.166320107623974,-2.5700000000000003,36.514082595171296,31.584917404828712,0.9253857142857138,7991783.8,-41669245.0,32.36,33.16,35.04
2024-04-23,32.11,32.38,31.71,32.06,6781874.0,33.922999999999995,33.23326725544041,-0.15363733245222733,19.0569744073089,-2.8299999999999983,36.526569210061275,31.319430789938714,0.8993142857142856,7848165.85,-48451119.0,32.47,32.5,34.89
2024-04-24,31.98,32.185,31.64,32.05,4522158.0,33.8815,33.12057513587465,-0.22158085919808457,15.368852414925414,-3.0,36.57980570621839,31.183194293781618,0.8774857142857143,7486711.55,-52973277.0,32.06,32.26,35.05
2024-04-25,32.09,32.44,31.5311,32.36,8115840.0,33.81400000000001,33.048139408648495,-0.24755849048880663,15.368852414925414,-2.039999999999999,36.596595532005516,31.0314044679945,0.8816928571428571,7502748.95,-44857437.0,32.05,32.43,34.4
2024-04-26,32.26,32.59,32.02,32.49,4801253.0,33.7195,32.994983274491496,-0.2547197880994503,20.41763334435113,-1.2299999999999969,36.54913620499733,30.88986379500266,0.8427642857142855,6402730.2,-40056184.0,32.36,32.36,33.72
2024-04-29,32.41,32.8303,32.39,32.72,4261769.0,33.583999999999996,32.96879439120659,-0.2390801273844474,25.284737960367565,-0.4399999999999977,36.326971112920425,30.84102888707957,0.8170714285714286,6199514.8,-35794415.0,32.49,32.47,33.16
2024-04-30,32.46,32.495,31.41,31.44,6414030.0,33.388999999999996,32.82319492537739,-0.3262105129839199,17.241379266537365,-1.0599999999999987,36.16070591589559,30.617294084104405,0.8377857142857145,6161226.25,-42208445.0,32.72,32.06,32.5
2024-05-01,31.09,31.37,30.15,30.5,7638634.0,33.1535,32.601938265817644,-0.4657433016916528,16.379310305291355,-1.759999999999998,36.07032072776076,30.236679272239243,0.8463571428571431,6053414.7,-49847079.0,31.44,32.05,32.26
2024-05-02,30.12,30.82,28.9001,29.18,13332138.0,32.840999999999994,32.27603938335882,-0.6750553728536168,14.751552762962504,-3.25,36.05496230286083,29.62703769713916,0.8684928571428576,6373388.9,-63179217.0,30.5,32.36,32.43
2024-05-03,29.27,29.79,28.92,29.26,9600753.0,32.516999999999996,31.988797537324647,-0.8249716071859794,17.281879154035906,-3.099999999999998,35.80606385657553,29.227936143424465,0.8677928571428571,6550636.4,-53578464.0,29.18,32.49,32.36
2024-05-06,29.47,30.21,29.41,29.92,6306619.0,32.261,31.791769200436587,-0.8803763954020916,28.355704631379268,-2.549999999999997,35.52010481735802,29.00189518264199,0.863507142857143,6551233.05,-47271845.0,29.26,32.72,32.47
2024-05-07,29.93,30.575,29.93,30.26,5697700.0,32.0295,31.645886419442625,-0.8866294222156768,33.49834975759461,-1.8000000000000007,35.157435084802216,28.901564915197778,0.8567214285714285,6508726.1,-41574145.0,29.92,31.44,32.06
2024-05-08,30.01,30.74,29.87,30.51,5897984.0,31.8025,31.53770676044809,-0.8614814607359449,34.36482076854929,-1.5399999999999956,34.65423169919793,28.950768300802068,0.8738642857142859,6513769.7,-35676161.0,30.26,30.5,32.05
2024-05-09,30.65,30.91,30.45,30.88,4542233.0,31.6265,31.475068021357796,-0.8024455232598378,38.50931668647043,-1.4800000000000004,34.22663177803696,29.026368221963036,0.8495785714285713,6503878.5,-31133928.0,30.51,29.18,32.36
2024-05-10,30.98,31.13,30.32,30.38,4247787.0,31.4595,31.37077582884753,-0.7869336528853914,34.69985351598859,-2.110000000000003,33.918703765021206,29.00029623497879,0.8438642857142857,6362842.6,-35381715.0,30.88,29.26,32.49
2024-05-13,30.35,30.62,29.9,30.2,3969624.0,31.311500000000002,31.259273368957288,-0.7801715459495426,35.909090832920086,-2.5199999999999996,33.69490998527204,28.928090014727964,0.8474357142857143,6152793.85,-39351339.0,30.38,29.92,32.72
2024-05-14,30.1,30.42,29.935,30.17,4327345.0,31.195,31.155533048104214,-0.7683759171224267,35.80060415389603,-1.2699999999999996,33.56152532318225,28.828474676817752,0.8431500000000002,6064635.45,-43678684.0,30.2,30.26,31.44
2024-05-15,30.15,30.6,29.71,30.54,5164263.0,31.108999999999998,31.09691085304667,-0.7208622398691773,36.37724543274228,0.03999999999999915,33.43726929171359,28.780730708286406,0.8418000000000002,6023165.9,-38514421.0,30.17,30.51,30.5
2024-05-16,30.54,30.65,30.201,30.51,4447450.0,31.012999999999998,31.04101458132794,-0.6778146321827805,34.95440722046172,1.3300000000000018,33.269145758635766,28.756854241364227,0.8331571428571429,5961552.0,-42961871.0,30.54,30.88,29.18
2024-05-17,30.505,31.01,30.33,30.88,3786252.0,30.939,31.025679859296705,-0.606847823422278,36.30952373387895,1.6199999999999974,33.10438218335693,28.773617816643068,0.8502785714285717,5911591.35,-39175619.0,30.51,30.38,29.26
2024-05-20,30.98,31.28,30.7401,30.9,4427432.0,30.860500000000002,31.013710348887496,-0.5427359611052402,45.05494493941953,0.9799999999999969,32.902505979680825,28.818494020319175,0.8113428571428576,5914156.9,-34748187.0,30.88,30.2,29.92
2024-05-21,30.52,31.12,30.51,30.72,5116217.0,30.7935,30.985737934707736,-0.5006798177463025,52.34042537600724,0.4599999999999973,32.7561863974503,28.8308136025497,0.7677714285714288,5830874.05,-39864404.0,30.9,30.17,30.26
2024-05-22,30.62,30.73,29.88,30.13,6192112.0,30.697499999999998,30.90423908378319,-0.5090896191574892,61.96473529785739,-0.38000000000000256,32.58790652826445,28.807093471735552,0.6913500000000001,5914371.75,-46056516.0,30.72,30.54,30.51
2024-05-23,30.35,30.529,29.35,29.52,5294332.0,30.555500000000002,30.77240679008955,-0.5585378696830254,52.88888872434566,-1.3599999999999994,32.344006875051036,28.76699312494897,0.7134214285714288,5773296.35,-51350848.0,30.13,30.51,30.88
2024-05-24,29.74,29.94,29.34,29.36,3933550.0,30.398999999999994,30.63789185770007,-0.6036778045985471,42.99999984949994,-1.0199999999999996,32.01413760208958,28.783862397910404,0.6991357142857145,5729911.2,-55284398.0,29.52,30.88,30.38
2024-05-28,29.61,30.03,29.552,29.83,4687898.0,30.2545,30.560949776014347,-0.5946714555633612,44.79418871014071,-0.370000000000001,31.460650466305047,29.048349533694953,0.6872071428571432,5751217.65,-50596500.0,29.36,30.9,30.2
2024-05-29,29.8,29.97,28.7325,29.17,7221011.0,30.141,30.428478368774886,-0.6334878867757716,35.24229064022195,-1.0,31.303880271702642,28.978119728297354,0.7134571428571432,5791566.7,-57817511.0,29.83,30.72,30.17
2024-05-30,29.16,29.859,29.16,29.73,5421060.0,30.1025,30.361956619367753,-0.612008022556747,37.843551685029624,-0.8099999999999987,31.266320839892394,28.938679160107604,0.7305285714285719,5680688.0,-52396451.0,29.17,30.13,30.54
2024-05-31,29.85,30.64,29.8024,30.53,14922031.0,30.170000000000005,30.377960750856538,-0.5243869572894262,51.49105353461737,0.019999999999999574,31.26298239981952,29.07701760018049,0.7325000000000007,5760182.65,-37474420.0,29.73,29.52,30.51
2024-06-03,30.65,30.7,29.24,29.44,8022893.0,30.179000000000002,30.28863115553687,-0.5367136186685642,43.6026934999263,-1.4399999999999977,31.2430122674399,29.114987732560103,0.7853571428571434,5681289.65,-45497313.0,30.53,29.36,30.88
2024-06-04,29.13,29.26,28.67,28.96,5729624.0,30.131,30.16209485500955,-0.5785454618379298,40.53208128834909,-1.9399999999999977,31.323112675705772,28.938887324294228,0.7928571428571433,5652439.9,-51226937.0,29.44,29.83,30.9
2024-06-05,29.08,29.24,28.815,29.0,4674553.0,30.068,30.05141915453245,-0.6015357041232683,37.29372928678014,-1.7199999999999989,31.36036787983976,28.775632120160243,0.7596428571428573,5601282.55,-46552384.0,28.96,29.17,30.72
2024-06-06,28.93,29.335,28.81,29.23,3577813.0,30.004,29.973188758862694,-0.5943453165993944,39.7763577385193,-0.8999999999999986,31.330529306121576,28.677470693878426,0.765071428571429,5485274.0,-42974571.0,29.0,29.73,30.13
2024-06-07,28.97,29.36,28.7,28.85,3621559.0,29.902499999999996,29.86621840087577,-0.6122520455996714,33.81180215735802,-0.6699999999999982,31.257162513807454,28.547837486192538,0.7636428571428573,5439240.3,-46596130.0,29.23,30.53,29.52
2024-06-10,28.99,29.755,28.87,29.47,4278571.0,29.857,29.828483315078078,-0.5698456145414745,39.59243077812312,0.10999999999999943,31.205247985935188,28.50875201406481,0.7882928571428572,5440779.5,-42317559.0,28.85,29.44,29.36
2024-06-11,29.17,29.75,28.99,29.69,4158350.0,29.8315,29.815294427927785,-0.5125773784530594,42.54703319889169,-0.13999999999999702,31.17170069196228,28.491299308037718,0.7990071428571431,5450215.8,-38159209.0,29.47,28.96,29.83
2024-06-12,30.08,30.49,29.16,29.33,6211743.0,29.789499999999997,29.76907591098228,-0.4905857127881461,44.011975955663516,0.1599999999999966,31.137660149786736,28.441339850213257,0.8332928571428572,5544435.7,-44370952.0,29.69,29.0,29.17
2024-06-13,29.07,29.23,28.21,28.57,5387366.0,29.691000000000003,29.654878205174445,-0.5283918343852605,43.04538790590989,-1.1600000000000001,31.09499280250042,28.287007197499584,0.8219357142857143,5555590.85,-49758318.0,29.33,29.23,29.73
2024-06-14,28.16,28.29,27.36,27.82,9514786.0,29.5565,29.480127899919736,-0.6118195145059957,39.62264143467426,-2.710000000000001,31.134723851776116,27.978276148223884,0.8455071428571428,5808957.65,-59273104.0,28.57,28.85,30.53
2024-06-17,27.9,28.2,27.505,27.94,5541160.0,29.4095,29.33344905230833,-0.660638129943866,36.63366329379475,-1.5,31.016097909280496,27.802902090719506,0.8610071428571427,5896703.05,-53731944.0,27.82,29.47,29.44
2024-06-18,28.0,28.57,27.885,28.0,5601281.0,29.264499999999998,29.20645390446944,-0.6865713685247741,40.958268844912546,-0.9600000000000009,30.827566823503073,27.701433176496923,0.8215428571428571,5955395.5,-48130663.0,27.94,29.69,28.96
2024-06-20,28.04,28.48,27.17,28.3,4879372.0,29.1435,29.120124961186637,-0.6751336341823553,38.486312312591245,-0.6999999999999993,30.603424655589837,27.683575344410162,0.8651857142857141,5943553.25,-43251291.0,28.0,29.33,29.0
2024-06-21,28.3,28.42,27.985,28.09,12079109.0,29.041500000000003,29.022017822026005,-0.6752307522382175,28.291814876141387,-1.1400000000000006,30.49626748006398,27.586732519936024,0.8364285714285712,6237903.1,-55330400.0,28.3,28.57,29.23
2024-06-24,28.25,29.515,28.225,29.34,6535875.0,29.0325,29.052301838975907,-0.5678968060037981,49.134947977873814,0.48999999999999844,30.47699408371713,27.588005916282867,0.824285714285714,6299980.25,-48794525.0,28.09,27.82,28.85
2024-06-25,29.27,29.305,28.71,29.0,5178398.0,29.014500000000005,29.047320711454393,-0.5044540067324341,50.3546098040843,-0.46999999999999886,30.450759396011268,27.578240603988743,0.8246428571428568,6362222.65,-53972923.0,29.34,27.94,29.47
2024-06-26,28.96,28.99,28.35,28.64,5614376.0,28.955000000000002,29.008528262744452,-0.4777172946770136,46.97986566145669,-1.0500000000000007,30.346924075364022,27.56307592463598,0.8399999999999996,6408546.55,-59587299.0,29.0,28.0,29.69
2024-06-27,28.99,29.139,28.78,29.07,4154143.0,28.950000000000006,29.014382713911647,-0.4170236625369874,48.70129859061393,-0.259999999999998,30.33938835463633,27.560611645363682,0.8281428571428565,6255203.15,-55433156.0,28.64,28.3,29.33
2024-06-28,29.39,29.55,28.94,29.44,11159677.0,28.9355,29.05491769353911,-0.33520359587709336,54.79674784273911,0.870000000000001,30.296373945204284,27.57462605479572,0.8245714285714278,6542134.0,-44273479.0,29.07,28.09,28.57
2024-07-01,29.75,29.9458,29.085,29.63,5428637.0,28.890499999999996,29.109687437011576,-0.25212287601710415,51.398601272800626,1.8099999999999987,30.0778273835756,27.703172616424393,0.8228428571428564,6067464.3,-38844842.0,29.44,29.34,27.82
2024-07-02,29.72,29.925,28.965,29.36,5906924.0,28.8865,29.13352672872476,-0.2056964101430161,47.14038116811691,1.4199999999999982,30.066549508327626,27.706450491672378,0.8371285714285707,5961665.85,-44751766.0,29.63,29.0,27.94
2024-07-03,29.55,29.9099,29.34,29.43,2035787.0,28.909999999999997,29.16176227837002,-0.16139423423995325,50.9124086290559,1.4299999999999997,30.114675103611827,27.705324896388166,0.7828357142857136,5776974.0,-42715979.0,29.36,28.64,28.0
2024-07-05,29.3,29.45,28.47,28.6,8165164.0,28.889999999999997,29.108261109001447,-0.1910561275139102,50.2702701434624,0.3000000000000007,30.10164524945436,27.678354750545633,0.7799785714285709,5951504.55,-50881143.0,29.43,29.07,28.3
2024-07-08,28.4,28.875,28.39,28.84,2914287.0,28.8705,29.08271243195369,-0.19297292574550795,60.119047452050275,0.75,30.071613080262615,27.669386919737384,0.7481928571428565,5918328.25,-47966856.0,28.6,29.44,28.09
2024-07-09,28.62,29.215,28.4555,28.79,3304607.0,28.8675,29.05483505748191,-0.19626417304515442,58.55130768214922,-0.5500000000000007,30.069128281256226,27.665871718743773,0.7527999999999994,5902480.65,-51271463.0,28.84,29.63,29.34
2024-07-10,28.79,28.94,28.555,28.77,3212412.0,28.8325,29.027707909150298,-0.19820159843436969,57.809330464638826,-0.23000000000000043,30.000546051723287,27.664453948276712,0.7313714285714281,5849172.7,-54483875.0,28.79,29.36,29.0
2024-07-11,28.92,29.89,28.72,29.79,4280096.0,28.8375,29.100307155897887,-0.11609329565358095,63.18584055139792,1.1499999999999986,30.021745262648007,27.65325473735199,0.7213714285714283,5855260.0,-50203779.0,28.77,29.43,28.64
2024-07-12,29.97,30.145,29.4347,29.97,4158808.0,28.8695,29.183135045812374,-0.03608145398948892,66.72597848146555,0.8999999999999986,30.14114170723437,27.597858292765626,0.7410357142857139,5752613.25,-46044971.0,29.79,28.6,29.07
2024-07-15,29.97,31.685,29.95,31.46,6388759.0,29.014,29.399979327163578,0.14587746937748491,68.08873703869587,2.0199999999999996,30.723692493126084,27.304307506873915,0.7728214285714282,5802682.9,-39656212.0,29.97,28.84,29.44
2024-07-16,31.15,31.69,30.88,31.67,4852629.0,29.206500000000005,29.616171772195617,0.3035275947999878,73.2984291402831,2.0400000000000027,31.194466694627078,27.218533305372933,0.7881785714285713,5569575.05,-34803583.0,31.46,28.79,29.63
2024-07-17,31.9,32.51,31.84,32.22,4858230.0,29.420499999999997,29.864155412938892,0.4674582901142088,80.23648629673805,2.8599999999999994,31.72989932951343,27.111100670486564,0.7903214285714285,5535428.55,-29945353.0,31.67,28.77,29.36
2024-07-18,32.35,33.15,31.97,32.15,6462842.0,29.627999999999997,30.081854897420904,0.5849828144857732,77.69784153097666,2.719999999999999,32.13712104551611,27.11887895448388,0.8489642857142857,5578506.6,-36408195.0,32.22,29.79,29.43
2024-07-19,32.09,32.25,31.54,32.01,4457219.0,29.813499999999998,30.265487764333198,0.6592258713336676,74.10881781659972,3.4099999999999966,32.45433938011729,27.17266061988271,0.856107142857143,5557398.95,-40865414.0,32.15,29.97,28.6
2024-07-22,31.63,31.78,31.08,31.27,4602785.0,29.972500000000004,30.361155596301465,0.6508496240504549,63.945578079041155,2.4299999999999997,32.55877857008959,27.386221429910417,0.8446214285714291,5183582.75,-45468199.0,32.01,31.46,28.84
2024-07-23,31.07,31.16,30.615,30.69,3814337.0,30.04,30.39247411093942,0.5906021412634779,60.743133949854,1.9000000000000021,32.62723994370742,27.452760056292576,0.814978571428572,5047505.85,-49282536.0,31.27,31.67,28.79
2024-07-24,30.95,31.085,30.18,30.28,3846805.0,30.103999999999996,30.381762290849952,0.5039626361225338,56.508422543473536,1.5100000000000016,32.6458468213402,27.562153178659788,0.8389142857142863,4980926.2,-53129341.0,30.69,32.22,28.77
2024-07-25,30.19,31.52,30.13,31.28,3953820.0,30.236,30.46730873934043,0.5101115976034905,69.99999985373135,1.490000000000002,32.731506698891025,27.740493301108973,0.8682000000000006,4897898.4,-49175521.0,30.28,32.15,29.79
2024-07-26,31.34,31.58,30.865,31.21,3493116.0,30.342999999999996,30.53804124035563,0.5035318768631356,68.14701363643827,1.240000000000002,32.811369161164706,27.874630838835287,0.8846285714285721,4864847.05,-52668637.0,31.28,32.01,29.97
2024-07-29,31.15,31.35,30.29,30.78,3323838.0,30.410000000000004,30.56108493175033,0.4583365757554141,64.39942099832247,-0.6799999999999997,32.84772111007921,27.97227888992079,0.906092857142858,4473055.1,-55992475.0,31.21,31.27,31.46
2024-07-30,30.73,31.265,30.575,31.03,3907681.0,30.48,30.60574350967887,0.43764696287744087,65.82633040314167,-0.6400000000000006,32.90377695690871,28.056223043091293,0.9278785714285723,4397007.3,-52084794.0,30.78,30.69,31.67
2024-07-31,31.62,31.83,31.17,31.19,5897629.0,30.571499999999997,30.661386984947548,0.4292132551834946,61.146496678972795,-1.0299999999999976,32.95508663848358,28.187913361516415,0.8914500000000005,4396542.55,-46187165.0,31.03,30.28,32.22
2024-08-01,32.8,33.41,30.73,31.08,9326123.0,30.654000000000003,30.70125489114302,0.4089394015301906,58.937197934763155,-1.0700000000000003,32.984867468968226,28.32313253103178,1.0321428571428573,4761059.35,-55513288.0,31.19,31.28,32.15
2024-08-02,30.69,30.74,28.3,28.59,8733734.0,30.6535,30.500182996748446,0.18976257171841837,30.09708732019982,-3.419999999999998,32.98622621174174,28.320773788258265,1.0825,4789487.85,-64247022.0,31.08,31.21,32.01
2024-08-05,27.68,27.915,26.81,27.59,15324213.0,30.590999999999998,30.223022711343834,-0.06389178283469477,24.49999995712497,-3.6799999999999997,33.181093678452086,28.00090632154791,1.1035714285714284,5409984.15,-79571235.0,28.59,30.78,31.27
2024-08-06,27.46,28.195,27.11,27.11,6236570.0,30.506999999999998,29.926544357882516,-0.30018631375657634,17.78058004427136,-3.580000000000002,33.43053139019803,27.58346860980197,1.133214285714286,5556582.3,-85807805.0,27.59,31.03,30.69
2024-08-07,27.69,28.05,27.0,27.02,6786762.0,30.419500000000006,29.64973060951275,-0.4890759170173986,17.73584902537084,-3.2600000000000016,33.650510759238564,27.18848924076145,1.1239285714285716,5735299.8,-92594567.0,27.11,31.19,30.28
2024-08-08,27.2,28.47,27.17,28.45,4667073.0,30.3525,29.535470551463916,-0.517418758238577,30.735930689361155,-2.830000000000002,33.69221870860871,27.01278129139128,1.1660714285714284,5754648.65,-87927494.0,27.02,31.08,31.28
2024-08-09,28.45,28.675,27.98,28.32,4063919.0,30.270000000000003,29.419711451324495,-0.5440985482642269,32.90845881104073,-2.8900000000000006,33.72889547323077,26.81110452676923,1.1657142857142855,5749904.2,-91991413.0,28.45,28.59,31.21
2024-08-12,28.39,29.285,28.39,29.19,4282782.0,30.1565,29.39783417024597,-0.4893992550590518,41.591928185842264,-1.5899999999999999,33.59992103453122,26.713078965468778,1.1907142857142854,5644605.35,-87708631.0,28.32,27.59,30.78
2024-08-13,28.75,29.175,28.5001,28.92,3913275.0,30.019,29.35232615403207,-0.46250494549237686,42.25512521736085,-2.1099999999999994,33.42739767879887,26.61060232120113,1.174278571428571,5597637.65,-91621906.0,29.19,27.11,31.03
2024-08-14,29.15,29.22,28.775,28.95,3807704.0,29.8555,29.314009377457587,-0.43377003121223723,35.083226569633126,-2.240000000000002,33.130454238330245,26.58054576166975,1.106778571428571,5545111.35,-87814202.0,28.92,27.02,31.19
2024-08-15,29.09,29.65,29.09,29.48,5336290.0,29.722,29.329818008175913,-0.364034471264457,39.5405077927972,-1.5999999999999979,32.815800932594996,26.62819906740501,1.0957071428571423,5488783.75,-82477912.0,28.95,28.45,31.08
2024-08-16,28.94,29.3695,28.92,29.25,3230141.0,29.584000000000003,29.32221629311154,-0.32359738615094,40.52044602635857,0.6600000000000001,32.48851844002071,26.679481559979294,1.0520999999999991,5427429.85,-85708053.0,29.48,28.32,28.59
2024-08-19,29.31,29.88,29.19,29.32,4001786.0,29.4865,29.322005217577107,-0.2826441441290335,39.16349802936767,1.7300000000000004,32.281572920619105,26.691427079380897,1.052099999999999,5397379.9,-81706267.0,29.25,29.19,27.59
2024-08-20,29.17,29.24,28.155,28.33,4312358.0,29.3685,29.22752853018881,-0.3263116137931483,33.60091737724623,1.2199999999999989,32.148869343128666,26.588130656871332,1.0824571428571417,5422280.95,-86018625.0,29.32,28.92,27.11
2024-08-21,28.64,28.73,28.04,28.06,3738116.0,29.257500000000004,29.116335336837494,-0.3783438294581032,32.99549544347556,1.0399999999999991,32.06180402286036,26.45319597713965,0.940314285714285,5416846.5,-89756741.0,28.33,28.95,27.02
2024-08-22,28.14,28.355,27.875,27.92,3957267.0,29.089499999999997,29.002398638091066,-0.42596629096227545,44.8698314505088,-0.5299999999999976,31.784075252145094,26.3949247478549,0.8003142857142852,5417018.85,-93714008.0,28.06,29.48,28.45
2024-08-23,28.07,28.565,28.03,28.47,3948562.0,28.952500000000004,28.951694005891916,-0.4145483757382422,57.2368419734678,0.14999999999999858,31.46563915672247,26.439360843277537,0.7595999999999995,5439791.15,-89765446.0,27.92,29.25,28.32
2024-08-26,29.0,29.11,28.49,28.98,4352830.0,28.8625,28.95438981485459,-0.3601947569808317,65.302782174429,-0.21000000000000085,31.22445169075761,26.50054830924239,0.7263857142857137,5491240.75,-85412616.0,28.47,29.32,29.19
2024-08-27,28.81,28.9,28.19,28.43,4577893.0,28.732499999999998,28.90444792772558,-0.35737987324287346,60.73059347789523,-0.490000000000002,30.867441143031705,26.59755885696829,0.7020999999999992,5524751.35,-89990509.0,28.98,28.33,28.92
2024-08-28,28.05,28.695,28.02,28.57,3879333.0,28.601500000000005,28.872595744132667,-0.33993368372828314,51.13636350077481,-0.379999999999999,30.39589214161613,26.80710785838388,0.6574571428571423,5423836.55,-86111176.0,28.43,28.06,28.95
2024-08-29,28.75,29.47,28.382,29.34,4703501.0,28.514499999999998,28.91711043516765,-0.2609666271911948,58.61486472624863,-0.14000000000000057,29.932080963992046,27.09691903600795,0.6855285714285707,5192705.45,-81407675.0,28.57,27.92,29.48
2024-08-30,28.9,28.945,28.35,28.49,6069039.0,28.509499999999996,28.87643325086597,-0.26393013983067704,44.06779650560182,-0.7600000000000016,29.926665072284873,27.092334927715118,0.6640999999999992,5059470.7,-87476714.0,29.34,28.47,29.25
2024-09-03,27.9,27.95,26.67,26.74,6062075.0,28.467000000000002,28.672963417450163,-0.4028453688988378,35.23035223669035,-2.580000000000002,30.042417739087163,26.89158226091284,0.7073214285714275,4596363.8,-93538789.0,28.49,28.98,29.32
2024-09-04,26.63,26.96,25.855,25.89,6476742.0,28.406,28.40791928245491,-0.5748975242032692,31.34146336112434,-2.4399999999999977,30.27058856757052,26.541411432429477,0.7544642857142847,4608372.4,-100015531.0,26.74,28.43,28.33
2024-09-05,26.3,26.32,25.69,25.97,15356220.0,28.353499999999997,28.17573649364968,-0.6967629162608198,27.354838660262203,-2.09,30.42954152681287,26.277458473187124,0.7594642857142847,5036845.3,-84659311.0,25.89,28.57,28.06
2024-09-06,25.95,26.36,25.095,25.24,5689768.0,28.193,27.89614254187352,-0.8425347998679378,25.6969696533627,-2.6800000000000033,30.691067463586688,25.694932536413315,0.817714285714285,5087980.05,-90349079.0,25.97,29.34,27.92
2024-09-09,25.3,25.36,24.775,24.92,7208298.0,28.022999999999996,27.612700395028423,-0.9726690699261837,24.117647019100332,-3.549999999999997,30.9161869152052,25.129813084794794,0.8102142857142852,5245199.0,-97557377.0,25.24,28.49,28.47
2024-09-10,24.83,24.88,23.395,23.85,10400726.0,27.756,27.254347976454287,-1.1488976966511508,23.892773853788015,-5.129999999999999,31.139746911028286,24.372253088971714,0.8387857142857139,5551096.2,-107958103.0,24.92,26.74,28.98
2024-09-11,23.945,24.02,22.715,23.61,10967180.0,27.490499999999997,26.907267216791976,-1.293021005942741,23.976608147874543,-4.82,31.29661405642618,23.684385943573815,0.8827142857142852,5903791.45,-118925283.0,23.85,25.89,28.43
2024-09-12,23.82,24.05,23.315,23.7,6513214.0,27.228,26.60181319614512,-1.3840233593091362,25.176470546768144,-4.870000000000001,31.32345370534574,23.13254629465426,0.9009285714285709,6039066.95,-112412069.0,23.61,25.97,28.57
2024-09-13,23.98,24.49,23.725,23.94,6081122.0,26.951,26.348307177464633,-1.420403854293017,22.34432230612694,-5.399999999999999,31.153139304787576,22.748860695212425,0.9173571428571421,6076308.55,-106330947.0,23.7,25.24,29.34
2024-09-16,24.03,24.65,24.03,24.44,6050169.0,26.710500000000003,26.166563636753715,-1.3928341127123538,22.249388714976604,-4.049999999999997,30.909203935363934,22.511796064636073,0.9173571428571419,6217309.95,-100280778.0,23.94,24.92,28.49
2024-09-17,24.39,25.29,24.39,25.25,4938955.0,26.506999999999998,26.07927186182479,-1.290745749798596,31.161137389069197,-1.4899999999999984,30.565353827535503,22.448646172464493,0.9309285714285706,6264168.4,-95341823.0,24.44,23.85,26.74
2024-09-18,25.1,25.66,24.885,25.11,5330694.0,26.346000000000004,25.986960255936715,-1.207220727573528,29.50236961930885,-0.7800000000000011,30.355028757560337,22.33697124243967,0.9380714285714274,6315085.2,-100672517.0,25.25,23.61,25.89
2024-09-19,25.66,25.84,25.275,25.36,4540657.0,26.211000000000002,25.927249755371314,-1.1080803742359997,24.873737329768645,-0.6099999999999994,30.158374343854998,22.263625656145006,0.9007142857142849,6355212.25,-96131860.0,25.11,23.7,25.97
2024-09-20,25.25,25.25,24.7,25.07,8764029.0,26.0685,25.845606921526425,-1.0409125147897669,26.766304296911912,-0.16999999999999815,29.961501953573183,22.175498046426817,0.8974999999999993,6595550.35,-104895889.0,25.36,23.94,25.24
2024-09-23,25.21,25.86,25.05,25.44,4227430.0,25.916999999999994,25.806977690904862,-0.9469102030919387,39.130434690998996,0.5199999999999996,29.64900157951091,22.18499842048908,0.8639285714285708,6609493.75,-100668459.0,25.07,24.44,24.92
2024-09-24,25.95,26.01,25.32,25.34,3469246.0,25.735000000000003,25.762503625104397,-0.8704478767969555,44.741873685203394,1.4899999999999984,29.18221703162945,22.287782968370557,0.8342857142857137,6565314.55,-104137705.0,25.44,25.25,23.85
2024-09-25,25.27,25.3599,24.53,24.57,4781389.0,25.542,25.64893185128493,-0.8620463632924746,38.175675585395375,0.9600000000000009,28.77976791210083,22.304232087899173,0.8485642857142851,6575489.35,-108919094.0,25.34,25.11,23.61
2024-09-26,24.04,24.27,23.03,23.15,8566830.0,25.271,25.410938341638747,-0.9589164440049629,34.19062019989883,-0.5500000000000007,28.344793473183845,22.197206526816156,0.8467785714285707,6809864.2,-117485924.0,24.57,25.36,23.7
2024-09-27,23.47,24.59,23.36,24.53,9083760.0,25.030499999999996,25.327039451958868,-0.9137985135848012,47.45762703201997,0.5899999999999999,27.445997987230342,22.61500201276965,0.8928499999999993,7028877.15,-108402164.0,23.15,25.07,23.94
2024-09-30,24.38,25.08,24.13,24.46,8181302.0,24.829,25.244464266058024,-0.8736200950091977,54.572713528632974,0.019999999999999574,26.621368618101734,23.036631381898268,0.8546357142857135,7134490.3,-116583466.0,24.53,25.44,24.44
2024-10-01,24.21,25.98,24.1,25.66,11307479.0,24.775,25.28403909786202,-0.7364589967574595,63.433813776137164,0.41000000000000014,26.380261087142134,23.169738912857863,0.895707142857142,7396760.5,-105275987.0,24.46,25.34,25.25
2024-10-02,26.29,26.41,25.44,25.76,7116720.0,24.7685,25.32936870758945,-0.6126266947457744,63.481675276342486,0.6500000000000021,26.35570243792195,23.18129756207805,0.9124928571428563,7428759.4,-98159267.0,25.66,24.57,25.11
2024-10-03,25.84,26.76,25.605,26.53,6452189.0,24.7965,25.443714544961882,-0.4472010826913646,65.85067308177362,1.1700000000000017,26.489199805511,23.103800194489004,0.9403499999999995,6983557.85,-91707078.0,25.76,23.15,25.36
2024-10-04,26.99,27.16,26.47,26.89,6621068.0,24.878999999999998,25.581456016870273,-0.28377986432886004,65.25529253878278,1.8200000000000003,26.807172300664714,22.95082769933528,0.9453499999999997,7030122.85,-85086010.0,26.53,24.53,25.07
2024-10-07,27.08,27.48,26.865,26.97,5725818.0,24.9815,25.713698300977867,-0.14612757228644213,61.780821799324436,1.5299999999999976,27.12480070095983,22.83819929904017,0.9249928571428571,6955998.85,-79360192.0,26.89,24.46,25.44
2024-10-08,26.259,26.38,25.47,26.26,5100887.0,25.102,25.76572703421807,-0.09325324008815628,57.30622607340698,0.9200000000000017,27.248434988042458,22.955565011957543,0.9346357142857143,6691006.9,-84461079.0,26.97,25.66,25.34
2024-10-09,25.89,26.44,25.69,26.33,4144024.0,25.238,25.819467316673492,-0.04518072067276435,56.306891965110985,1.759999999999998,27.330398271437325,23.145601728562674,0.94785,6349849.1,-80317055.0,26.26,25.76,24.57
2024-10-10,26.54,27.0,26.34,26.86,3636102.0,25.396,25.918565667466492,0.03527701642525827,61.286254620680005,3.710000000000001,27.476601127710385,23.315398872289617,0.9557071428571428,6205993.5,-76680953.0,26.33,26.53,23.15
2024-10-11,26.75,27.22,26.56,27.07,4185090.0,25.552500000000002,26.028226080088732,0.11466382450518253,60.48906038007119,2.539999999999999,27.64281727634531,23.462182723654696,0.9449928571428572,6111191.9,-72495863.0,26.86,26.89,24.53
2024-10-14,26.8,26.98,26.54,26.7,3769193.0,25.6655,26.09220454865171,0.14603908639764995,58.45771134099403,2.2399999999999984,27.746921326123164,23.58407867387684,0.9271357142857143,5997143.1,-76265056.0,27.07,26.97,24.46
2024-10-15,25.69,25.695,24.8,24.85,8376960.0,25.6455,25.973899353542024,0.021378233623458698,51.53508764018738,-0.8099999999999987,27.751276266417854,23.539723733582143,0.9317857142857144,6169043.35,-84642016.0,26.7,26.26,25.66
2024-10-16,24.95,25.12,24.6938,24.8,4495871.0,25.630000000000003,25.86209941510945,-0.08052275625503569,60.645161180770046,-0.9600000000000009,27.756831099620747,23.503168900379258,0.8736571428571432,6127302.2,-89137887.0,24.85,26.33,25.76
2024-10-17,24.71,25.01,24.6,24.92,3817033.0,25.607999999999997,25.772375661289505,-0.14986942631666977,53.00462238180822,-1.6099999999999994,27.755592042019515,23.46040795798048,0.8150857142857146,6091121.0,-85320854.0,24.8,26.86,26.53
2024-10-18,24.98,25.185,24.665,25.16,4528145.0,25.6125,25.714054169738123,-0.18334765013952747,55.25525513910306,-1.7300000000000004,27.755718190134758,23.469281809865244,0.7843714285714289,5879326.8,-80792709.0,24.92,27.07,26.89
2024-10-21,25.45,25.75,25.07,25.11,4432838.0,25.596,25.656525201191634,-0.21147619985660882,45.009074295802705,-1.8599999999999994,27.749864580603234,23.442135419396767,0.6986571428571432,5889597.2,-85225547.0,25.16,26.7,26.97
2024-10-22,25.05,25.4,24.85,25.18,3616322.0,25.588,25.611141848697194,-0.22552020661672856,44.70802908286267,-1.0800000000000018,27.74705047355698,23.428949526443024,0.6686571428571432,5896951.0,-81609225.0,25.11,24.85,26.26
2024-10-23,25.03,25.0947,24.185,24.49,5748117.0,25.583999999999996,25.504366434535555,-0.28899605001338813,31.111111030452633,-1.8399999999999999,27.7512723579842,23.416727642015793,0.6511357142857145,5945287.4,-87357342.0,25.18,24.8,26.33
2024-10-24,24.81,24.82,24.39,24.67,3090950.0,25.660000000000004,25.42490296457979,-0.32107545951225447,28.735632106839304,-2.1899999999999977,27.55773271924221,23.762267280757797,0.6325642857142858,5671493.4,-84266392.0,24.49,24.92,26.86
2024-10-25,24.91,25.06,24.55,24.82,4566828.0,25.674500000000002,25.367293158429334,-0.3305841084415917,29.678638862854285,-2.25,27.540037597132258,23.808962402867746,0.6250642857142855,5445646.8,-79699564.0,24.67,25.16,27.07
2024-10-28,23.8,24.14,23.645,23.7,5675236.0,25.6365,25.208503333817017,-0.42361129368765305,27.54385958147121,-3.0,27.632593817012115,23.64040618298789,0.5954214285714284,5320343.5,-85374800.0,24.82,25.11,26.7
2024-10-29,23.7,23.825,23.16,23.31,4844174.0,25.519,25.02769349250111,-0.5227794725132036,24.916943463648323,-1.5400000000000027,27.769697201920998,23.268302798079,0.5893499999999998,4997178.25,-90218974.0,23.7,25.18,24.85
2024-10-30,23.53,23.9096,23.35,23.47,5116654.0,25.4045,24.87934173131053,-0.5817542055246498,19.9999999504425,-1.3300000000000018,27.829800632476903,22.979199367523094,0.5821785714285712,4897174.95,-85102320.0,23.31,24.49,24.8
2024-10-31,23.66,23.91,23.44,23.6,5569498.0,25.258000000000003,24.757499661661907,-0.6109594327499579,18.850987385293806,-1.3200000000000003,27.75009782692122,22.765902173078786,0.5686071428571425,4853040.4,-79532822.0,23.47,24.67,24.92
2024-11-01,23.75,23.98,22.93,23.09,5213460.0,25.068,24.59869017007506,-0.667562281057112,18.388791548608964,-2.0700000000000003,27.6150279894311,22.520972010568904,0.6121785714285711,4782660.0,-84746282.0,23.6,24.82,25.16
2024-11-04,23.38,23.78,23.25,23.54,4859722.0,24.8965,24.497862534829817,-0.6684042587219281,34.80278410968934,-1.5700000000000003,27.364990056267743,22.428009943732256,0.5861071428571426,4739355.2,-79886560.0,23.09,23.7,25.11
2024-11-05,23.73,23.84,23.38,23.57,4792231.0,24.762,24.409494674369835,-0.65905362288985,35.66433554794858,-1.6099999999999994,27.21073845071252,22.313261549287482,0.5885214285714283,4723922.4,-75094329.0,23.54,23.31,25.18
2024-11-06,23.88,24.945,23.69,24.73,9324559.0,24.682,24.44001899109652,-0.5516814310234004,48.217635895863616,0.240000000000002,27.016948213107234,22.347051786892763,0.6488785714285711,4982949.15,-65769770.0,23.57,23.47,24.49
2024-11-07,24.85,24.89,21.91,21.93,20140766.0,24.435499999999998,24.20096956337304,-0.6846327743625764,29.53105191211222,-2.740000000000002,26.842135345084163,22.028864654915832,0.8245928571428569,5808182.35,-85910536.0,24.73,23.6,24.67
2024-11-08,21.97,22.25,21.15,21.77,11726213.0,24.1705,23.969448652575608,-0.793758382114099,29.124999949031277,-3.0500000000000007,26.5222650706153,21.8187349293847,0.854592857142857,6185238.5,-97636749.0,21.93,23.09,24.82
2024-11-11,21.67,22.295,21.38,22.17,8421363.0,23.944,23.79807259042555,-0.8383011416676034,31.93277305557521,-1.5299999999999976,26.137237453244285,21.750762546755713,0.880664285714286,6417847.0,-89215386.0,21.77,23.54,23.7
2024-11-12,22.18,22.55,21.85,21.87,6880686.0,23.794999999999998,23.614446629432642,-0.887577649674693,33.50125938677364,-1.4399999999999977,26.12943332467776,21.460566675322237,0.8656857142857144,6343033.3,-96096072.0,22.17,23.57,23.31
2024-11-13,21.9,22.265,21.36,22.02,6715047.0,23.656,23.462594569486676,-0.904103943416203,33.24905177427475,-1.4499999999999993,26.068235477725505,21.243764522274493,0.8996142857142859,6453992.1,-89381025.0,21.87,24.73,23.47
2024-11-14,22.32,22.65,22.12,22.6,7415961.0,23.54,23.38044270572604,-0.8604809092433534,36.690647420423396,-1.0,25.919208183187198,21.1607918168128,0.9010428571428574,6633938.5,-81965064.0,22.02,21.93,23.6
2024-11-15,22.7,23.205,22.24,22.38,7335787.0,23.401,23.285162448037845,-0.8340471256691693,41.129032180671196,-0.7100000000000009,25.705356514814046,21.096643485185954,0.9346142857142858,6774320.6,-89300851.0,22.6,21.77,23.09
2024-11-18,22.64,22.92,22.34,22.46,5570361.0,23.2685,23.206575548224716,-0.7974503194424756,44.039270600764425,-1.0799999999999983,25.461141041493015,21.075858958506984,0.9285428571428574,6831196.75,-83730490.0,22.38,22.17,23.54
2024-11-19,22.26,22.48,21.89,21.92,7203514.0,23.1055,23.084044543631887,-0.8027667781599312,39.680426024563815,-1.6499999999999986,25.181411721071402,21.029588278928596,0.930714285714286,7010556.35,-90934004.0,22.46,21.87,23.57
2024-11-20,21.95,22.44,21.95,22.13,4697721.0,22.9875,22.993183158524086,-0.7810316187145752,40.316205459232286,-2.6000000000000014,24.99935826643129,20.97564173356871,0.9321428571428577,6958036.55,-86236283.0,21.92,22.02,24.73
2024-11-21,22.27,22.59,22.210209,22.44,5505244.0,22.876,22.94049904818846,-0.7303726576823735,45.6021650015656,0.5100000000000016,24.736745747500034,21.015254252499968,0.8842707857142863,7078751.25,-80731039.0,22.13,22.6,21.93
2024-11-22,22.29,22.99,22.265,22.77,12821092.0,22.773500000000002,22.924261043599085,-0.656034467042609,44.70426401294915,1.0,24.39365301421533,21.153346985784673,0.8981993571428575,7491464.45,-67909947.0,22.44,22.38,21.77
2024-11-25,22.79,22.98,22.435,22.67,7440440.0,22.722,22.900045706113456,-0.5982933266035424,43.86920972559007,0.5,24.282534321448384,21.161465678551618,0.9042707857142861,7579724.65,-75350387.0,22.77,22.46,22.17
2024-11-26,22.76,22.835,22.245,22.52,4680421.0,22.682499999999997,22.863850876959795,-0.5582021957569019,32.54344384587549,0.6499999999999986,24.220193077306813,21.14480692269318,0.8567707857142862,7571537.0,-80030808.0,22.67,21.92,21.87
2024-11-27,22.54,23.14,22.36,22.52,4679593.0,22.634999999999998,22.831103174392194,-0.5204304870222778,58.356940278471036,0.5,24.128318452305898,21.1416815476941,0.6996279285714291,7549683.95,-80030808.0,22.52,22.13,22.02
2024-11-29,22.58,22.68,22.46,22.65,2708125.0,22.5875,22.813855253021508,-0.4745360657969151,62.57142832114283,0.04999999999999716,24.010349254136667,21.16465074586333,0.636770785714286,7406615.3,-77322683.0,22.52,22.44,22.6
2024-12-02,22.56,22.75,21.99,22.34,5728045.0,22.55,22.768726181305173,-0.4579004244858531,52.49266840618843,-0.03999999999999915,23.9565261424769,21.1434738575231,0.6256993571428574,7432344.55,-83050728.0,22.65,22.77,22.38
2024-12-03,22.59,22.75,22.32,22.42,5016082.0,22.494,22.735514164038015,-0.4332667975386144,58.620689397902936,-0.03999999999999915,23.821528768643525,21.166471231356475,0.6064136428571432,7440162.55,-78034646.0,22.34,22.67,22.46
2024-12-04,22.31,22.68,21.94,22.2,7094344.0,22.4255,22.684512815082012,-0.4265792915538391,52.76073596973916,0.2799999999999976,23.657177931243805,21.193822068756194,0.5946279285714287,7555268.2,-85128990.0,22.42,22.52,21.92
2024-12-05,22.29,22.58,21.82,21.84,6727149.0,22.281,22.60408302316944,-0.4451964388129639,37.49999982730262,-0.28999999999999915,22.900062108947107,21.66193789105289,0.6110565000000001,7425397.7,-91856139.0,22.2,22.52,22.13
2024-12-06,21.78,21.855,20.95,21.42,8630052.0,22.2555,22.491313211439017,-0.48821333266192823,35.185185033150475,-1.0199999999999996,22.970084163211713,21.54091583678829,0.6067707857142859,6849862.0,-100486191.0,21.84,22.65,22.44
2024-12-09,21.89,22.71,21.63,22.25,9011775.0,22.2795,22.468331000825778,-0.4501415163595155,47.36842088642658,-0.5199999999999996,22.95669156894473,21.602308431055267,0.6424850714285716,6714140.1,-91474416.0,21.42,22.34,22.77
2024-12-10,22.31,22.545,22.01,22.26,4631629.0,22.284,22.448489953128085,-0.4143856316056649,54.913294575495335,-0.41000000000000014,22.959321365992235,21.608678634007763,0.6385565000000002,6524653.4,-86842787.0,22.25,22.42,22.67
2024-12-11,22.38,22.445,21.98,22.38,7055842.0,22.309500000000003,22.44196710044922,-0.37207676883150853,53.70919858993212,-0.14000000000000057,22.956939491175856,21.66206050882415,0.6367707857142858,6533411.2,-79786945.0,22.26,22.2,22.52
2024-12-12,22.26,23.03,22.18,22.94,6257901.0,22.3555,22.489398805168342,-0.2900162436514542,56.90607712798755,0.4200000000000017,23.045655588863355,21.665344411136644,0.670357142857143,6510553.9,-73529044.0,22.38,21.84,22.52
2024-12-13,23.02,23.1,22.68,22.86,4064586.0,22.3685,22.52469415705707,-0.22880054735765754,51.335311359437874,0.21000000000000085,23.087249645306905,21.649750354693097,0.6485714285714289,6342985.15,-77593630.0,22.94,21.42,22.65
2024-12-16,22.72,22.74,21.82,21.94,7115900.0,22.3465,22.46900899924211,-0.2516224314879949,41.28878267827136,-0.3999999999999986,23.09026779058588,21.602732209414118,0.675357142857143,6331990.8,-84709530.0,22.86,22.25,22.34
2024-12-17,21.51,21.7,20.45,21.05,10229229.0,22.276,22.333865285028576,-0.33763248393776024,35.09127779081585,-1.370000000000001,23.215908170205072,21.336091829794928,0.7225000000000001,6564934.2,-94938759.0,21.94,22.26,22.42
2024-12-18,21.24,21.49,20.76,20.84,8738794.0,22.222,22.19159240074014,-0.4179237502851372,33.65758745696377,-1.3599999999999994,23.352749169448163,21.09125083055184,0.7189285714285713,6641698.2,-103677553.0,21.05,22.38,22.2
2024-12-19,21.27,21.36,20.3198,20.48,6379281.0,22.139499999999998,22.028583600669652,-0.5047852979899226,29.795158209100165,-1.3599999999999994,23.51318463399769,20.765815366002307,0.7775142857142855,6725776.2,-110056834.0,20.84,22.94,21.84
2024-12-20,20.46,21.37,20.44,21.04,14247634.0,22.069499999999998,21.934432781558257,-0.5224143134510832,38.434163605324144,-0.38000000000000256,23.51928364992025,20.619716350079745,0.7896571428571425,7162895.7,-95809200.0,20.48,22.86,21.42
2024-12-23,20.85,21.71,20.83,21.6,12387947.0,22.011000000000003,21.90258204045747,-0.4856004160095573,43.278688425262025,-0.6499999999999986,23.435978670199468,20.586021329800538,0.8217999999999999,7141238.45,-83421253.0,21.04,21.94,22.25
2024-12-24,21.76,21.94,21.3,21.87,2081856.0,21.970999999999997,21.89947898898533,-0.4296852494555594,47.31707306301806,-0.39000000000000057,23.362612468740846,20.579387531259147,0.8146571428571429,6873309.25,-81339397.0,21.6,21.05,22.26
2024-12-26,21.84,21.97,21.57,21.84,2910478.0,21.937,21.89381432336768,-0.38337353492515547,49.99999987972509,-0.5399999999999991,23.30516588714013,20.56883411285987,0.7889428571428573,6784812.1,-84249875.0,21.87,20.84,22.38
2024-12-27,21.94,22.215,21.795,22.09,3861272.0,21.9155,21.91249867352314,-0.32277747898339726,55.92920340123735,-0.8500000000000014,23.258371628460225,20.57262837153978,0.7542999999999999,6743896.05,-80388603.0,21.84,20.48,22.94
2024-12-30,22.22,22.77,21.94,22.42,4485696.0,21.904,21.9608321331876,-0.2452987744252404,51.650485296484135,-0.4399999999999977,23.22413396449285,20.58386603550715,0.7364428571428567,6832774.6,-75902907.0,22.09,21.04,22.86
2024-12-31,22.5,23.315,22.42,23.09,5921192.0,21.9415,22.068371930026878,-0.12835336459280455,57.14285700516349,1.1499999999999986,23.35321452310088,20.52978547689912,0.7621571428571424,6842431.95,-69981715.0,22.42,21.6,21.94
2025-01-02,23.55,23.805,23.14,23.38,4665099.0,21.9895,22.193288889071937,-0.012132848460929324,58.36120387674634,2.3299999999999983,23.529198876915892,20.449801123084107,0.7764428571428567,6824882.8,-65316616.0,23.09,21.87,21.05
2025-01-03,23.35,23.49,23.0601,23.42,3984507.0,22.0505,22.310118518684135,0.08225226074165803,54.395604256128486,2.580000000000002,23.716778235437246,20.384221764562753,0.7464357142857138,6669390.95,-61332109.0,23.38,21.84,20.84
2025-01-06,23.81,24.415,23.505,23.66,7644697.0,22.1415,22.438678659761838,0.1744086595671348,57.11743758013451,3.1799999999999997,23.9519291436584,20.3310708563416,0.7814357142857136,6715268.35,-53687412.0,23.42,22.09,20.48
2025-01-07,23.81,24.22,23.545,23.66,5483309.0,22.253500000000003,22.55499497787976,0.24462340326724785,68.29787213698503,2.620000000000001,24.15104717020555,20.355952829794454,0.7639357142857135,6557931.2,-53687412.0,23.66,22.42,21.04
2025-01-08,23.5,23.73,23.395,23.68,4305972.0,22.325,22.66213831331978,0.2984426651033161,84.33420334708121,2.0799999999999983,24.326888581998023,20.323111418001975,0.6985785714285707,6322641.05,-49381440.0,23.66,23.09,21.6
2025-01-10,24.25,24.47,23.63,23.68,5845578.0,22.396,22.759077521575037,0.33720769742384604,89.22651899194163,1.8099999999999987,24.486926765058822,20.30507323494118,0.7064357142857138,6383338.5,-49381440.0,23.68,23.38,21.87
2025-01-13,24.03,24.8575,23.8809,24.38,7030713.0,22.496,22.913451090948843,0.4195767945704141,99.24242389156716,2.539999999999999,24.76723337696258,20.224766623037418,0.7018928571428569,6382082.05,-42350727.0,23.68,23.42,21.84
2025-01-14,24.22,25.04,24.14,24.85,6654640.0,22.5915,23.09788432038229,0.5168223630519506,99.22480584259758,2.7600000000000016,25.09053792014309,20.09246207985691,0.6997499999999997,6401919.0,-35696087.0,24.38,23.66,22.09
2025-01-15,25.07,25.71,24.93,25.45,8306837.0,22.721,23.321895337488737,0.634985445331754,99.23273621758096,3.0299999999999976,25.528065521519334,19.913934478480666,0.6926071428571424,6614031.55,-27389250.0,24.85,23.66,22.42
2025-01-16,25.27,25.825,24.98,25.15,6157850.0,22.8815,23.49600054344219,0.6963954334959155,91.62436515666465,2.0599999999999987,25.862247168783007,19.90075283121699,0.7072499999999994,6566129.05,-33547100.0,25.45,23.68,23.09
2025-01-17,25.27,25.27,24.19,24.4,9424739.0,23.049,23.582095729781027,0.67674348196077,77.46781092606236,1.0199999999999996,25.972349916934263,20.125650083065736,0.755821428571428,6525904.55,-42971839.0,25.15,23.68,23.38
2025-01-21,23.99,24.1993,23.62,23.7,7740033.0,23.192,23.59332470789712,0.5977940215618958,65.75342447738788,0.2799999999999976,25.934588865325612,20.44941113467439,0.7671999999999995,6475966.5,-50711872.0,24.4,24.38,23.42
2025-01-22,23.17,23.845,23.12,23.36,5795009.0,23.336000000000002,23.571103307145016,0.5020040566162081,59.17968733818052,-0.3000000000000007,25.763347696994153,20.90865230300585,0.7596999999999995,6446752.9,-56506881.0,23.7,24.85,23.66
2025-01-23,23.63,24.33,23.32,23.51,8147922.0,23.4595,23.565283944559777,0.43319990679703935,54.565217225236324,-0.14999999999999858,25.633058566522386,21.28594143347761,0.7679142857142851,6141767.3,-48358959.0,23.36,25.45,23.66
2025-01-24,23.58,23.88,23.23,23.32,5964370.0,23.545499999999997,23.541923568887416,0.3592000753797713,49.33333317985186,-0.35999999999999943,25.537827123847553,21.55317287615244,0.7668428571428565,5820588.45,-54323329.0,23.51,25.15,23.68
2025-01-27,23.46,24.14,23.2,23.38,6908110.0,23.621,23.526502276612423,0.3019158761169045,49.557521970397026,-0.3000000000000007,25.454063584620236,21.78793641537976,0.8032785714285708,6061901.15,-47415219.0,23.32,24.4,23.68
2025-01-28,23.5,23.69,22.9,23.34,5280247.0,23.696,23.50874015503029,0.25040357326289353,46.296296146262,-1.0399999999999991,25.334682397537016,22.057317602462987,0.7947071428571425,6180389.6,-52695466.0,23.38,23.7,24.38
2025-01-29,23.12,23.32,22.96,23.18,4100881.0,23.7505,23.477431568836927,0.1944277966876733,44.642857003348205,-1.6700000000000017,25.228955452935075,22.272044547064922,0.7722071428571426,6192370.05,-56796347.0,23.34,23.36,24.85
2025-01-30,23.37,23.479,22.82,22.99,4691971.0,23.779,23.43100951466198,0.13319973473629076,42.58064503309052,-2.460000000000001,25.16878074756901,22.38921925243099,0.7953499999999997,6202683.8,-61488318.0,23.18,23.51,25.45
2025-01-31,22.76,22.92,21.9,21.93,14812399.0,23.720999999999997,23.288056227551316,-0.0008473193251710143,34.67600692023396,-3.219999999999999,25.31383791754736,22.128162082452633,0.8082071428571427,6647244.15,-76300717.0,22.99,23.32,25.15
2025-02-03,21.82,21.915,21.1901,21.47,6867787.0,23.6255,23.11490801540357,-0.14255544066306314,23.400365570821748,-2.9299999999999997,25.507251423820446,21.743748576179552,0.7902285714285711,6757378.55,-83168504.0,21.93,23.38,24.4
2025-02-04,21.15,22.5068,21.15,22.39,5965605.0,23.574,23.045869156793707,-0.17856544523647955,29.222972903864587,-1.3099999999999987,25.534176146756568,21.613823853243435,0.8228571428571426,6856433.45,-77202899.0,21.47,23.34,23.7
2025-02-05,22.32,22.45,22.1,22.19,4278992.0,23.5005,22.96435780852764,-0.22069789388817185,20.47101444083441,-1.1699999999999982,25.555065903695763,21.445934096304235,0.7921428571428566,6688148.2,-81481891.0,22.39,23.18,23.36
2025-02-06,22.39,22.48,21.38,21.64,5241610.0,23.3995,22.83822849342977,-0.2950672152661262,19.58405541175449,-1.870000000000001,25.613469761595837,21.185530238404162,0.8103571428571426,6676063.25,-86723501.0,22.19,22.99,23.51
2025-02-07,21.81,21.89,21.56,21.67,4885446.0,23.299,22.72696863691265,-0.34757802585835407,22.970296966022985,-1.6499999999999986,25.638292740619125,20.959707259380874,0.7567857142857142,6705036.95,-81838055.0,21.64,21.93,23.32
2025-02-10,21.98,23.04,21.9,22.99,5790916.0,23.2645,22.752019242920966,-0.27945882588522863,43.738976964312926,-0.39000000000000057,25.600483732819548,20.928516267180456,0.7968357142857142,6702303.85,-76047139.0,21.67,21.47,23.38
2025-02-11,23.16,23.765,23.16,23.31,6510163.0,23.211000000000002,22.805160267404684,-0.1973773008249715,49.557522001096395,-0.030000000000001137,25.48767254886037,20.934327451139634,0.7882642857142859,6676276.35,-69536976.0,22.99,22.39,23.34
2025-02-12,23.06,23.29,22.2,22.37,7025255.0,23.087,22.763716432413762,-0.20580485468573073,41.14906823352686,-0.8099999999999987,25.255376545275926,20.918623454724074,0.7939785714285718,6694807.1,-76562231.0,23.31,22.19,23.18
2025-02-13,22.375,22.53,22.1,22.49,6176622.0,22.939,22.73764820075531,-0.20048963500757466,43.48508624665756,-0.5,24.812267901709845,21.065732098290155,0.7782642857142861,6588296.35,-70385609.0,22.37,21.64,22.99
2025-02-14,22.645,23.375,22.565,23.14,7882729.0,22.838500000000003,22.775967419730993,-0.14218865508870593,48.27586197185891,1.2100000000000009,24.40245281931715,21.274547180682855,0.7689785714285716,6674540.3,-62502880.0,22.49,21.67,21.93
2025-02-18,23.35,23.83,22.94,23.57,7283274.0,22.797,22.851589570232804,-0.060588871333600025,51.564625752121806,2.1000000000000014,24.224594222163745,21.369405777836256,0.7761214285714283,6567467.05,-55219606.0,23.14,22.99,21.47
2025-02-19,23.61,23.98,23.3,23.59,6845481.0,22.7915,22.921914373067775,0.005628496239019398,52.84327312901445,1.1999999999999993,24.205226319080385,21.377773680919613,0.7989785714285712,6522739.45,-48374125.0,23.57,23.31,22.39
2025-02-20,23.39,23.63,22.99,23.62,6409730.0,22.804499999999997,22.988398718489893,0.05983722016356552,54.46808499821943,1.4299999999999997,24.244770077011342,21.364229922988653,0.7976214285714285,6553475.5,-41964395.0,23.59,22.37,22.19
2025-02-21,23.55,23.5692,22.715,22.79,6792100.0,22.7685,22.969503602443236,0.035415710757856544,56.30498522166132,1.1499999999999986,24.16999206205294,21.367007937947058,0.785778571428571,6485684.4,-48756495.0,23.62,22.49,21.64
2025-02-24,22.86,23.01,22.5,22.87,4984171.0,22.746000000000002,22.960027068877213,0.02226021808092682,60.86956508506618,1.1999999999999993,24.124472075580535,21.36752792441947,0.7704285714285712,6436674.45,-43772324.0,22.79,23.14,21.67
2025-02-25,22.9,23.03,22.29,22.38,7521563.0,22.696,22.904786395650813,-0.027388788638386785,49.91680520818047,-0.6099999999999994,24.049971157275603,21.3420288427244,0.7263714285714286,6467347.1,-51293887.0,22.87,23.57,22.99
2025-02-26,22.48,22.5,21.74,22.01,8710476.0,22.6295,22.819568643684068,-0.09549112964481665,48.54368921041883,-1.2999999999999972,23.980935494107733,21.278064505892267,0.7556571428571431,6638858.55,-60004363.0,22.38,23.59,23.31
2025-02-27,22.07,22.07,20.095,20.42,18477202.0,22.4915,22.59103829666654,-0.27459705345732033,41.551246456825844,-1.9499999999999993,24.137756039431824,20.845243960568173,0.8181571428571431,7357674.6,-78481565.0,22.01,23.62,22.37
2025-02-28,20.12,21.035,19.84,20.7,40477329.0,22.377000000000002,22.410939411269727,-0.389456713954786,43.507362702931296,-1.7899999999999991,24.1876131558114,20.566386844188607,0.8799428571428572,9146942.5,-38004236.0,20.42,22.79,22.49
2025-03-03,20.89,21.2,18.66,18.89,11672486.0,22.225,22.075611848291658,-0.6193956876897779,24.24623111313477,-4.25,24.61221595168876,19.837784048311242,0.9799428571428572,8989946.85,-49676722.0,20.7,22.87,23.14
2025-03-04,18.56,19.02,18.0,18.57,12287437.0,22.08,21.741744053216262,-0.8180157304999298,20.226130617692746,-5.0,24.961439698629718,19.19856030137028,1.0095857142857143,9260929.35,-61964159.0,18.89,22.38,23.57
2025-03-05,18.37,18.665,17.66,18.54,14018146.0,21.8875,21.436816048148046,-0.9667007699608732,22.83687938727428,-5.050000000000001,25.168455412840867,18.60654458715913,1.0035142857142856,9663556.4,-75982305.0,18.57,22.01,23.59
2025-03-06,18.54,19.02,18.01,18.75,7805201.0,21.7155,21.18092880546728,-1.055423228000521,23.809523762838495,-4.870000000000001,25.278257506851773,18.152742493148224,1.044942857142857,9839866.85,-68177104.0,18.54,20.42,23.62
2025-03-07,19.005,19.535,18.67,18.84,8204404.0,21.575499999999998,20.957983204946586,-1.1057280230116326,17.325227926663644,-3.9499999999999993,25.363672590965784,17.787327409034212,1.0488714285714285,9988006.55,-59972700.0,18.75,20.7,22.79
2025-03-10,18.58,19.415,18.58,19.02,9266074.0,21.443,20.773413375904056,-1.118180748185452,14.060031564480184,-3.8500000000000014,25.398920812362306,17.487079187637697,1.0449428571428572,10207037.95,-50706626.0,18.84,18.89,22.87
2025-03-11,19.1,19.42,18.555,19.2,8408000.0,21.2535,20.623564482960813,-1.1008353818893148,16.17873648281936,-3.1799999999999997,25.260174825574403,17.246825174425595,1.058157142857143,10337892.15,-42298626.0,19.02,18.57,22.38
2025-03-12,19.27,19.765,19.2267,19.65,6876207.0,21.0705,20.530844056012164,-1.0388031389862,21.273516599445813,-2.360000000000003,25.015546060700625,17.125453939299373,1.0508928571428573,10356194.35,-35422419.0,19.2,18.54,22.01
2025-03-13,19.504,19.915,18.78,19.04,5575426.0,20.904,20.38885890782053,-1.02702513512779,21.97309412442101,-1.3800000000000026,24.898888312778695,16.909111687221305,1.07095,10283702.9,-40997845.0,19.65,18.75,20.42
2025-03-14,19.25,19.65,19.1,19.61,5823857.0,20.76,20.31468186898048,-0.9606232787130509,27.29805008604835,-1.0899999999999999,24.72166365904089,16.798336340959114,1.0738071428571427,10266064.65,-35173988.0,19.04,18.84,20.7
2025-03-17,19.71,20.19,19.71,20.03,7030641.0,20.604499999999998,20.28756931002996,-0.8641474848985062,33.47398024351115,1.1400000000000006,24.414047424425128,16.794952575574868,1.055235714285714,10223460.25,-28143347.0,19.61,19.02,18.89
2025-03-18,20.25,20.375,19.705,20.17,5968656.0,20.4345,20.27637223288425,-0.7675451109993787,36.627906902210654,1.6000000000000014,23.98123148272082,16.88776851727918,1.0488071428571426,10157729.35,-22174691.0,20.03,19.2,18.57
2025-03-19,20.2,21.035,20.165,20.81,8175726.0,20.2955,20.32719392499051,-0.6320584065371051,53.28836412377113,2.2699999999999996,23.525266000974263,17.06573399902574,0.969878571428571,10224241.6,-13998965.0,20.17,19.65,18.54
2025-03-20,20.65,20.885,20.435,20.57,4913722.0,20.143,20.350318313086653,-0.5378502089494326,48.896434518752116,1.8200000000000003,22.975407196416576,17.310592803583425,0.9166642857142856,10149441.2,-18912687.0,20.81,19.04,18.75
2025-03-21,20.4,20.64,20.23,20.61,12391875.0,20.034,20.375049902316494,-0.4547201372331706,70.87378616693374,1.7699999999999996,22.591995926089663,17.476004073910335,0.7645214285714285,10429429.95,-6520812.0,20.57,19.61,18.84
2025-03-24,20.66,21.12,20.58,20.84,4674435.0,19.932499999999997,20.41933086400064,-0.36606016495139215,78.16377144062214,1.8200000000000003,22.155895932730097,17.709104067269898,0.7302357142857144,10413943.15,-1846377.0,20.61,20.03,19.02
2025-03-25,21.04,21.28,20.74,20.89,5973217.0,19.857999999999997,20.464156496000577,-0.28843699390496624,79.01234540588328,1.6900000000000013,21.82065770402136,17.895342295978633,0.697021428571429,10336525.85,4126840.0,20.84,20.17,19.2
2025-03-26,21.12,21.49,21.005,21.1,5651414.0,19.8125,20.524713020190998,-0.2075819511317789,79.01234540588328,1.4500000000000028,21.599421787230966,18.025578212769034,0.659521428571429,10183572.75,9778254.0,20.89,20.81,19.65
2025-03-27,21.12,21.325,20.83,21.2,4516164.0,19.851499999999998,20.589026065887094,-0.13389116888918196,79.06403913623241,2.16,21.726142702798164,17.976857297201832,0.6330928571428578,9485520.85,14294418.0,21.1,20.57,19.04
2025-03-28,21.18,21.23,20.71,20.92,6917460.0,19.8625,20.620547392945465,-0.09696658258641477,72.83653821641556,1.3100000000000023,21.76054192732702,17.964458072672983,0.6105928571428577,7807527.4,7376958.0,21.2,20.61,19.61
2025-03-31,20.69,21.12,20.575,21.02,5482474.0,19.969,20.65859049837923,-0.05895482314593892,72.30392132052582,0.9899999999999984,21.87629237677994,18.061707623220062,0.5877357142857148,7498026.8,12859432.0,20.92,20.84,20.03
2025-04-01,20.94,21.195,20.67,21.13,5874987.0,20.097,20.703486641390732,-0.019726751525674047,69.78609599545317,0.9599999999999973,21.95186103891392,18.242138961086084,0.5867857142857148,7177404.3,18734419.0,21.02,20.89,20.17
2025-04-02,20.85,21.3,20.73,21.24,6641325.0,20.232,20.754583151734472,0.02000722768137919,83.95061692120112,0.4299999999999997,22.000741449671523,18.463258550328476,0.546428571428572,6808563.25,25375744.0,21.13,21.1,20.81
2025-04-03,19.76,19.78,17.67,17.74,12814180.0,20.1815,20.467479994426427,-0.22829244362570478,34.84602909435257,-2.830000000000002,22.172154745501114,18.190845254498885,0.6578571428571437,7059012.2,12561564.0,21.24,21.2,20.57
2025-04-04,16.88,16.99,14.86,15.18,19932758.0,19.9985,19.96391047114772,-0.6244441240671428,20.81829118033015,-5.43,22.94962663588827,17.04737336411173,0.7757142857142865,7645429.9,-7371194.0,17.74,20.92,20.61
2025-04-07,14.845,16.03,14.365,14.96,16885278.0,19.795499999999997,19.48734756913365,-0.9452530574720619,18.951132268734654,-5.879999999999999,23.493957573239026,16.097042426760968,0.8467857142857149,8026390.1,-24256472.0,15.18,21.02,20.84
2025-04-08,15.44,15.54,13.725,14.03,13389926.0,19.537,18.967600181597113,-1.2600150074904803,10.944700443176714,-6.860000000000001,24.04484625899478,15.029153741005217,0.9142857142857148,8275486.4,-37646398.0,14.96,21.13,20.89
2025-04-09,13.72,16.92,13.584,16.71,16533010.0,19.39,18.752590640492627,-1.2784750537158445,32.6438848509879,-4.390000000000001,24.07076017218038,14.709239827819625,1.120428571428572,8758326.55,-21113388.0,14.03,21.24,21.1
2025-04-10,15.71,15.828,14.1602,14.6,23757691.0,19.168,18.357105817588568,-1.4466876249326859,27.21758905374932,-6.6,24.316451376767937,14.019548623232062,1.210271428571429,9667439.8,-44871079.0,16.71,17.74,21.2
2025-04-11,14.49,15.21,14.1,15.04,10997508.0,18.9395,18.04119097781823,-1.5268919171973643,28.35820892559589,-5.880000000000003,24.40146214984249,13.477537850157507,1.2509857142857146,9926122.35,-33873571.0,14.6,15.18,20.92
2025-04-14,15.42,15.505,14.81,15.2,11485010.0,18.698,17.77060136088316,-1.5595660274651593,28.941524766455842,-5.82,24.37964394297399,13.016356057026012,1.2620571428571432,10148840.8,-22388561.0,15.04,14.96,21.02
2025-04-15,15.17,15.535,14.8101,14.89,11557171.0,18.434,17.49625837413238,-1.5921219141141165,27.18589269797188,-6.239999999999998,24.31483918107614,12.55316081892386,1.2791928571428575,10428266.55,-33945732.0,15.2,14.03,21.13
2025-04-16,14.945,15.74,14.835,15.37,8015035.0,18.162,17.293757576595965,-1.5611942251454742,29.16368831963605,-5.869999999999999,24.083207558206723,12.240792441793275,1.3084785714285714,10420232.0,-25930697.0,14.89,16.71,21.24
2025-04-17,15.66,16.27,15.62,16.11,7370512.0,17.939,17.181018759777302,-1.4601404035871859,33.3564013517654,-1.629999999999999,23.814121140967952,12.063878859032048,1.317764285714286,10543071.5,-18560185.0,15.37,14.6,17.74
2025-04-21,15.63,15.675,15.15,15.5,7766838.0,17.6835,17.020921735036605,-1.4129883735504976,31.55080210951128,0.3200000000000003,23.513817405821698,11.8531825941783,1.3163357142857142,10311819.65,-26327023.0,16.11,15.04,15.18
2025-04-22,15.65,16.105,15.51,15.86,7871421.0,17.4345,16.910357760271214,-1.331225519549669,32.675871107333194,0.8999999999999986,23.120799231254388,11.748200768745614,1.3213357142857145,10471668.95,-18455602.0,15.5,15.2,14.96
2025-04-23,16.13,16.595,15.405,15.65,14371548.0,17.172500000000003,16.790323687864433,-1.2687477790128412,31.743958168228914,1.620000000000001,22.66809775973805,11.676902240261956,1.3656214285714288,10891585.5,-32827150.0,15.86,14.89,14.03
2025-04-24,15.965,16.335,15.71,16.26,6879752.0,16.930500000000002,16.739816669972583,-1.1566783494866861,44.04186790526683,-0.4499999999999993,22.115370601846337,11.745629398153666,1.2595500000000004,10953002.4,-25947398.0,15.65,15.37,16.71
2025-04-25,16.03,16.545,16.03,16.35,4636975.0,16.688,16.702691272832336,-1.0485136585532437,55.87939690630035,1.7500000000000018,21.470114044733528,11.90588595526647,1.1441928571428572,10959042.95,-21310423.0,16.26,16.11,14.6
2025-04-28,16.36,16.65,16.3,16.55,4924533.0,16.4695,16.688149246848305,-0.9358659530235833,58.00604221429158,1.5100000000000016,20.817041228883014,12.121958771116988,1.0502642857142859,10859396.6,-16385890.0,16.35,15.5,15.04
2025-04-29,16.22,16.47,15.99,16.24,5756165.0,16.2305,16.645468366196084,-0.8616734093405327,61.86895801652358,1.0399999999999991,20.013662002457405,12.447337997542594,0.9549071428571428,10873081.15,-22142055.0,16.55,15.86,15.2
2025-04-30,16.01,16.01,15.3301,15.54,8149400.0,15.951000000000002,16.5401856646536,-0.8495661638983663,42.01909951046828,0.6499999999999986,18.95600564847452,12.945994351525485,0.7651857142857142,10986801.8,-30291455.0,16.24,15.65,14.89
2025-05-01,15.44,16.445,15.44,16.22,8845677.0,15.7,16.509691791829447,-0.7761537503593665,63.72881340810112,0.8499999999999996,17.400253851014604,13.999746148985396,0.7178428571428572,11097019.4,-21445778.0,15.54,16.26,15.37
2025-05-02,16.42,16.59,16.03,16.46,6773095.0,15.636000000000001,16.504959240226643,-0.6906465460155999,62.45614019747617,0.3500000000000014,17.09170962980638,14.180290370193623,0.6785571428571427,10794965.15,-14672683.0,16.22,16.35,16.11
2025-05-05,16.1,16.125,15.48,15.5,9148984.0,15.651999999999997,16.409248836395534,-0.692364302771729,52.30769219502959,0.0,17.09357224110033,14.210427758899668,0.6749857142857142,10255776.45,-23821667.0,16.46,16.55,15.5
2025-05-06,15.66,16.04,15.635,15.73,7390137.0,15.6905,16.34455847102453,-0.6674723537599014,56.54205595146591,-0.129999999999999,17.094906224032247,14.286093775967753,0.6521357142857142,9781019.4,-16431530.0,15.5,16.24,15.86
2025-05-07,15.78,15.82,15.2001,15.48,8323751.0,15.763,16.262219569022193,-0.6603066118986689,50.88852977181916,-0.16999999999999993,16.937341472797463,14.588658527202536,0.6317714285714284,9527710.65,-24755281.0,15.73,15.54,15.65
2025-05-08,15.91,16.37,15.59,16.18,12759019.0,15.736500000000001,16.254389133877222,-0.5913271091652419,50.56910557594025,-0.08000000000000185,16.842812509382554,14.63018749061745,0.6410571428571428,9339011.1,-11996262.0,15.48,16.22,16.26
2025-05-09,16.5,16.99,16.31,16.72,7697088.0,15.842499999999998,16.298733025888914,-0.48746764566566014,60.03289459860846,0.36999999999999744,16.895273279933843,14.78972672006615,0.6521285714285713,8535980.95,-4299174.0,16.18,16.46,16.35
2025-05-12,17.9,18.28,17.57,17.71,8596738.0,15.976000000000003,16.433139404375684,-0.32156672530939545,63.78539479985164,1.1600000000000001,17.2534711862012,14.698528813798806,0.660342857142857,8415942.45,4297564.0,16.72,15.5,16.55
2025-05-13,17.78,18.73,17.7,18.46,8695246.0,16.139,16.626173746816097,-0.1280937338586554,69.37931021085373,2.2200000000000024,17.77982007737326,14.49817992262674,0.6489142857142857,8276454.25,12992810.0,17.71,15.73,16.24
2025-05-14,18.25,18.45,18.05,18.17,8031372.0,16.303,16.773204818547896,0.0018135242165264742,63.78066365181395,2.6300000000000026,18.069079213814927,14.536920786185076,0.632842857142857,8100164.3,4961438.0,18.46,15.48,15.54
2025-05-15,17.66,17.8,17.37,17.76,17476219.0,16.4225,16.867185312019526,0.07086549536697717,59.72413781570511,1.5400000000000027,18.245289937949583,14.599710062050418,0.6267714285714284,8573223.5,-12514781.0,18.17,16.18,16.22
2025-05-16,17.89,17.89,17.295,17.59,6012638.0,16.4965,16.936024806112904,0.11059720501058123,57.20221595556356,1.129999999999999,18.384860748317177,14.608139251682825,0.6442714285714285,8505329.8,-18527419.0,17.76,16.72,16.46
2025-05-19,17.33,17.345,16.95,17.315,4781510.0,16.58725,16.972117681721198,0.11852834840644988,57.48086279683619,1.8150000000000013,18.448221661877568,14.726278338122434,0.6382,8356063.4,-23308929.0,17.59,17.71,15.5
2025-05-20,17.44,17.44,17.16,17.25,4577656.0,16.65675,16.998582664414418,0.11820627159800878,63.05343497973312,1.5199999999999996,18.50715614318382,14.806343856816177,0.6096357142857142,8191375.15,-27886585.0,17.315,18.46,15.73
2025-05-21,17.22,17.245,16.69,16.71,6219458.0,16.70975,16.971098601136855,0.07352992912304401,53.82215276856318,1.2300000000000004,18.498435124240658,14.921064875759342,0.5774928571428569,7783770.65,-34106043.0,17.25,18.17,15.48
2025-05-22,16.53,16.86,16.15,16.74,5043529.0,16.73375,16.949089210552394,0.04008231118256944,52.258064398126926,0.5599999999999987,18.509863068353074,14.95763693164693,0.5882071428571428,7691959.5,-29062514.0,16.71,17.76,16.18
2025-05-23,16.28,16.875,16.25,16.85,6822199.0,16.75875,16.93965214288074,0.02219506281117134,62.616822266049454,0.13000000000000256,18.526174159020794,14.991325840979204,0.5867785714285715,7801220.7,-22240315.0,16.74,17.59,16.72
2025-05-27,17.1,17.33,16.75,17.31,4525183.0,16.79675,16.974923367368287,0.04462305838558933,64.15770593222081,-0.40000000000000213,18.57790360311523,15.015596396884767,0.5992785714285713,7781253.2,-17715132.0,16.85,17.315,17.71
2025-05-28,17.51,17.59,17.105,17.18,4641075.0,16.84375,16.994454475237973,0.0513159545377917,65.5677653996431,-1.2800000000000011,18.61261188505963,15.07488811494037,0.589642857142857,7725498.7,-22356207.0,17.31,17.25,18.46
2025-05-29,17.45,17.45,17.04,17.34,4839074.0,16.933749999999996,17.027363572834357,0.06873841215518084,61.7886177103576,-0.8300000000000018,18.60371021068133,15.263789789318663,0.5632142857142856,7559982.4,-17517133.0,17.18,16.71,18.17
2025-05-30,17.195,17.265,16.88,17.01,7731642.0,16.97325,17.025709899231085,0.05528035573399137,53.07855610549901,-0.75,18.609150765873398,15.3373492341266,0.5421428571428571,7504280.65,-25248775.0,17.34,16.74,17.76
2025-06-02,17.7,17.79,17.235,17.33,6342506.0,17.01675,17.054689908828124,0.06963338439848599,45.29702954600035,-0.26000000000000156,18.641416038556176,15.39208396144382,0.5310714285714285,7482751.2,-18906269.0,17.01,16.85,17.59
2025-06-03,17.375,18.335,17.03,18.27,5999027.0,17.155250000000002,17.17043372703497,0.1550708469202533,47.75413695778771,0.9549999999999983,18.706091791787177,15.604408208212826,0.5507142857142855,7325253.35,-12907242.0,17.33,17.31,17.315
2025-06-04,18.265,18.73,17.765,17.92,6289371.0,17.26475,17.241820991126875,0.19232161274875992,47.08624693258567,0.6700000000000017,18.69656693551861,15.832933064481388,0.5910714285714285,7270215.05,-19196613.0,18.27,17.18,17.25
2025-06-05,18.065,18.145,17.745,17.85,5514595.0,17.38325,17.299742801495743,0.21373094081668853,51.1392403250761,1.1400000000000006,18.563286908430833,16.203213091569168,0.5889285714285712,7129757.25,-24711208.0,17.92,17.34,16.71
2025-06-06,18.22,18.685,18.1,18.5,6673569.0,17.49925,17.4140530108771,0.27992080251302554,60.27088017070153,1.7600000000000016,18.636607394182295,16.361892605817705,0.5882142857142855,6825484.75,-18037639.0,17.85,17.01,16.74
2025-06-09,18.58,18.995,18.49,18.63,7972793.0,17.59475,17.529857486031663,0.33895934597866884,65.34422382384619,1.7799999999999976,18.77649480725307,16.413005192746933,0.5960714285714285,6839270.0,-10064846.0,18.5,17.33,16.85
2025-06-10,18.83,19.795,18.83,19.28,10103171.0,17.67325,17.69653772545722,0.433203682357977,70.84188891339093,1.9700000000000024,19.075279637796253,16.271220362203746,0.6450000000000001,6914591.65,38325.0,18.63,18.27,17.31
2025-06-11,19.5,19.83,19.07,19.61,8856283.0,17.73075,17.878772227794627,0.5284298298647556,81.11587958463046,2.4299999999999997,19.34665214333606,16.114847856663943,0.6596428571428571,6922643.5,8894608.0,19.28,17.92,17.18
2025-06-12,19.32,20.03,19.0202,19.95,8324407.0,17.81975,18.07603201562371,0.6241377251493816,82.29376234363937,2.6099999999999994,19.71025946906583,15.92924053093417,0.6810571428571429,6937295.25,17219015.0,19.61,17.85,17.34
2025-06-13,20.89,21.1,20.175,21.01,13081808.0,17.98225,18.355457537945263,0.7765682673222436,85.1351349338021,4.0,20.349688044539473,15.614811955460526,0.7024857142857144,6717574.7,30300823.0,19.95,18.5,17.01
2025-06-16,20.63,20.99,20.12,20.5,10386609.0,18.12775,18.559699677188572,0.8464603642688218,76.71691774304244,3.1700000000000017,20.738836636067198,15.5166633639328,0.7232000000000001,6936273.25,19914214.0,21.01,18.63,17.33
2025-06-17,20.72,21.335,20.4,20.78,11389593.0,18.301000000000002,18.77115685078966,0.9139090400615082,79.41176452422148,2.5100000000000016,21.13530043350464,15.466699566495365,0.7553428571428574,7266677.4,31303807.0,20.5,19.28,18.27
2025-06-18,20.76,21.27,20.24,20.31,7439664.0,18.454,18.917713341190645,0.9188456488442505,73.09486764800495,2.389999999999997,21.37835435969187,15.529645640308132,0.7996285714285717,7409777.8,23864143.0,20.78,19.61,17.92
2025-06-20,20.43,20.505,19.74,19.97,14423632.0,18.616999999999997,19.01793111822011,0.8851196796701117,72.98136630097216,2.1199999999999974,21.49510683390396,15.738893166096036,0.8267714285714288,7819986.5,9440511.0,20.31,19.95,17.85
2025-06-23,20.21,20.28,18.37,18.39,16563043.0,18.6995,18.9581281545801,0.7225694795516802,56.88311677969305,-0.10999999999999943,21.442487038746837,15.956512961253164,0.9235571428571431,8395962.2,-7122532.0,19.97,21.01,18.5
2025-06-24,18.01,18.48,17.93,18.18,10156572.0,18.766,18.884020711286755,0.5702287873842309,49.35437579756653,-0.4499999999999993,21.381728941372394,16.150271058627602,0.8696285714285718,8562680.85,-17279104.0,18.39,20.5,18.63
2025-06-25,18.1,18.1956,17.735,17.8,6790789.0,18.7905,18.78078064354516,0.41406182016034165,49.14285704457142,-1.4800000000000004,21.357533717203474,16.22346628279653,0.8336000000000003,8675961.15,-24069893.0,18.18,20.78,19.28
2025-06-26,17.94,18.68,17.88,18.45,6583464.0,18.854,18.74927772511229,0.3388419817922177,53.957783541502764,-1.1600000000000001,21.313887887902407,16.39411211209759,0.862171428571429,8773080.6,-17486429.0,17.8,20.31,19.61
2025-06-27,18.43,18.85,18.27,18.56,8122637.0,18.915,18.731251275101595,0.2848225416828072,50.4261362633571,-1.3900000000000006,21.275298821402103,16.554701178597895,0.8618142857142865,8937258.75,-9363792.0,18.45,19.97,19.95
2025-06-30,18.48,18.59,18.16,18.29,5266845.0,18.979,18.68922734413954,0.21771531605084604,47.6323118848395,-2.7200000000000024,21.18625979202043,16.77174020797957,0.8564571428571435,8814018.9,-14630637.0,18.56,18.39,21.01
2025-07-01,18.36,19.22,18.135,18.94,7076869.0,19.0595,18.71311045422149,0.21450919550100522,47.6323118848395,-1.5599999999999987,21.12651895695648,16.99248104304352,0.8650285714285716,8850737.05,-7553768.0,18.29,18.18,20.5
2025-07-02,19.29,19.59,18.9,19.49,6496761.0,19.1205,18.787099934771824,0.2534273723294689,49.18918909612856,-1.2900000000000027,21.16125811506581,17.07974188493419,0.8600285714285718,8875623.75,-1057007.0,18.94,17.8,20.78
2025-07-03,19.59,19.66,19.385,19.53,3506141.0,19.201,18.857852321936413,0.28422164337935385,47.0422534283674,-0.7799999999999976,21.16805390181053,17.23394609818947,0.8075428571428572,8736462.25,2449134.0,19.49,18.45,20.31
2025-07-07,19.43,19.825,19.03,19.41,6747813.0,19.279,18.910437815085327,0.29553656635713565,37.01298692886658,-0.5599999999999987,21.141425130956282,17.416574869043718,0.7982571428571428,8798123.15,-4298679.0,19.53,18.56,19.97
2025-07-08,19.38,20.735,19.37,20.5,8222512.0,19.378999999999998,19.061824689839106,0.3879851633755429,49.999999896142434,2.1099999999999994,21.279691286984175,17.47830871301582,0.8336142857142858,8875570.3,3923833.0,19.41,18.29,18.39
2025-07-09,20.52,20.665,20.18,20.45,5522251.0,19.47,19.19403186223538,0.4520063130238583,47.465437685942206,2.2699999999999996,21.393833891504617,17.54616610849538,0.8014714285714284,8753043.2,-1598418.0,20.5,18.94,18.18
2025-07-10,20.24,20.495,19.8303,20.4,6140862.0,19.526,19.308885970593916,0.49302566032070416,50.73891613951645,2.599999999999998,21.49130324431163,17.56069675568837,0.7753785714285711,8554927.75,-7739280.0,20.45,19.49,17.8
2025-07-11,20.32,20.5462,20.1,20.11,5446008.0,19.551,19.385182544823067,0.49641089640432057,51.15894027877068,1.6600000000000001,21.53344824715001,17.568551752849988,0.7526071428571424,8384414.0,-13185288.0,20.4,19.53,18.45
2025-07-14,20.01,20.04,19.16,19.47,5426774.0,19.527,19.39326039769706,0.44235191161052256,60.58823512779698,0.9100000000000001,21.500712505059475,17.553287494940527,0.6790357142857137,8239532.35,-18612062.0,20.11,19.41,18.56
2025-07-15,19.46,19.63,18.62,18.65,7760071.0,19.409,19.322473693154482,0.3295438533064292,54.1155865573348,0.35999999999999943,21.289379580940395,17.528620419059603,0.7118928571428563,7973445.5,-26372133.0,19.47,20.5,18.29
2025-07-16,18.66,18.73,18.05,18.14,6408305.0,19.291,19.209857150949293,0.19672222525272076,52.91095877726825,-0.8000000000000007,21.179289674476173,17.402710325523827,0.727564285714285,7774530.3,-32780438.0,18.65,20.45,18.94
