Date,Open,High,Low,Close,Volume,SMA_20,EMA_20,MACD,RSI_14,Momentum_10,Bollinger_Upper,Bollinger_Lower,ATR_14,Volume_MA_20,OBV,Lag_1,Lag_5,Lag_10
2023-08-14,1.72,1.74,1.72,1.74,927,1.885995,1.8367625535492609,-0.03919271072434971,33.333332592592626,-0.06000000000000005,2.1382176291028996,1.6337723708971004,0.1124642857142857,15818.0,-27705,1.75,1.8,1.8
2023-08-15,1.7691,1.7691,1.72,1.73,8543,1.879495,1.8265946913064741,-0.0405554590488757,19.626167710717098,-0.10000000000000009,2.141065523649178,1.6179244763508218,0.10671428571428568,16173.3,-36248,1.74,1.78,1.83
2023-08-16,1.721,1.7585,1.7,1.72,28937,1.868495,1.8164428159439527,-0.041798042927545076,22.340424866455436,-0.15000000000000013,2.1377429622167914,1.5992470377832086,0.09946428571428567,17474.95,-65185,1.73,1.75,1.87
2023-08-17,1.71,1.71,1.7,1.7,521,1.8554950000000001,1.8053530239492905,-0.043624962570187,22.340424866455436,-0.1100000000000001,2.131170671186651,1.579819328813349,0.08160714285714281,17403.7,-65706,1.72,1.76,1.81
2023-08-18,1.7055,1.73,1.69,1.69,6766,1.832995,1.7943670216684058,-0.04521644474734554,32.81249856445318,-0.14500000000000002,2.0831766643119445,1.5828133356880552,0.07303571428571425,14583.35,-72472,1.7,1.75,1.835
2023-08-21,1.7601,1.7601,1.76,1.76,493,1.8135000000000001,1.7910939719857004,-0.041056980016056954,40.27777621141981,-0.040000000000000036,2.0159091739131663,1.6110908260868342,0.06662142857142854,12042.45,-71979,1.69,1.74,1.8
2023-08-22,1.85,1.85,1.69,1.79,2798,1.8054999999999999,1.7909897841775384,-0.03523139631727079,38.571427028571485,0.010000000000000009,1.99757728707613,1.6134227129238699,0.07376428571428571,10613.9,-69181,1.76,1.73,1.78
2023-08-23,1.79,1.79,1.75,1.75,1278,1.79025,1.787085995208249,-0.03311604299592563,40.909089173553795,0.0,1.943408844272693,1.637091155727307,0.07090714285714286,10503.15,-70459,1.79,1.72,1.75
2023-08-24,1.71,1.76,1.67,1.67,2238,1.7747499999999998,1.7759349480455586,-0.036801029422554477,28.57142753246758,-0.09000000000000008,1.9085792313281902,1.6409207686718095,0.07483571428571431,10086.95,-72697,1.75,1.7,1.76
2023-08-25,1.67,1.67,1.64,1.64,1052,1.7587499999999998,1.76298876251741,-0.041410801901496264,28.947367354570673,-0.1100000000000001,1.8746390122397039,1.6428609877602958,0.07269285714285716,7930.65,-73749,1.67,1.69,1.75
2023-08-28,1.65,1.65,1.65,1.65,800,1.7512500000000002,1.7522279279919424,-0.0438025474115713,32.43243120525936,-0.09000000000000008,1.8750441840313976,1.6274558159686028,0.06697857142857144,6715.6,-72949,1.64,1.76,1.74
2023-08-29,1.65,1.725,1.65,1.72,1238,1.74575,1.7491586015165193,-0.04004346391545943,46.341461832242764,-0.010000000000000009,1.8644834475998522,1.6270165524001476,0.05876428571428575,6387.35,-71711,1.65,1.79,1.73
2023-08-30,1.7,1.76,1.7,1.76,644,1.74025,1.7501911156578032,-0.03369868380820318,49.99999840909096,0.040000000000000036,1.843994372073099,1.6365056279269012,0.052335714285714326,6297.6,-71067,1.72,1.75,1.72
2023-08-31,1.67,1.67,1.67,1.67,189,1.73325,1.7425538665475362,-0.03501482618854235,42.30769116863909,-0.030000000000000027,1.836066904200978,1.6304330957990218,0.04519285714285718,5844.65,-71256,1.76,1.67,1.7
2023-09-01,1.65,1.6975,1.65,1.6975,3385,1.7263749999999998,1.7382630221144375,-0.03359214224266549,46.04651042855602,0.007500000000000062,1.818362913965851,1.6343870860341485,0.0471571428571429,5902.2,-67871,1.67,1.64,1.69
2023-09-05,1.81,1.81,1.6301,1.68,1674,1.720375,1.7327141628654434,-0.03340215167370375,45.412842870128806,-0.08000000000000007,1.8076777852693646,1.6330722147306354,0.05650000000000004,5706.3,-69545,1.6975,1.65,1.76
2023-09-06,1.8,1.8079,1.65,1.65,15089,1.7138749999999998,1.724836623544925,-0.03512495364350032,43.805308649071996,-0.14000000000000012,1.8018414260116462,1.6259085739883534,0.06360000000000006,5638.95,-84634,1.68,1.72,1.79
2023-09-07,1.64,1.64,1.636,1.64,663,1.7083749999999998,1.716756945112075,-0.03682406456688936,44.59459346968593,-0.1100000000000001,1.8004887026208671,1.6162612973791324,0.06317142857142863,4786.75,-85297,1.65,1.76,1.75
2023-09-08,1.64,1.64,1.61,1.62,1876,1.701375,1.707541997958544,-0.03924712026426125,43.80530864907202,-0.04999999999999982,1.7981312727464671,1.604618727253533,0.06245714285714289,4465.25,-87173,1.64,1.67,1.67
2023-09-11,1.62,1.62,1.62,1.62,409,1.6948750000000001,1.699204664819635,-0.04069262529454876,35.85858484440368,-0.019999999999999796,1.7952751860975382,1.594474813902462,0.06245000000000004,3976.0,-87173,1.62,1.6975,1.64
2023-09-12,1.63,1.63,1.61,1.61,339,1.688375,1.6907089824558603,-0.0421208385472891,31.052630663711952,-0.039999999999999813,1.793209142188603,1.583540857811397,0.05245000000000001,3946.6,-87512,1.62,1.68,1.65
2023-09-13,1.62,1.62,1.62,1.62,183,1.682875,1.6839747936505403,-0.041989244481543064,35.393257313470585,-0.09999999999999987,1.790030506772065,1.5757194932279348,0.049592857142857154,3528.6,-87329,1.61,1.65,1.72
2023-09-14,1.64,1.64,1.64,1.64,392,1.6788750000000001,1.6797867180647745,-0.039867440073829474,46.10389442739085,-0.1200000000000001,1.7861679462536502,1.57158205374635,0.04316428571428572,2101.35,-86937,1.62,1.64,1.76
2023-09-15,1.63,1.64,1.63,1.64,241,1.675875,1.6759975068205102,-0.03774931315212271,49.99999802816909,-0.030000000000000027,1.7840327186578115,1.5677172813421885,0.041735714285714286,2087.35,-86937,1.64,1.62,1.67
2023-09-18,1.72,1.72,1.62,1.62,893,1.672375,1.6706644109328426,-0.03720395122115483,45.89040919872406,-0.0774999999999999,1.7831079052982381,1.5616420947017617,0.048878571428571424,1793.7,-87830,1.64,1.62,1.6975
2023-09-19,1.63,1.74,1.63,1.66,1762,1.6673749999999998,1.6696487527487622,-0.03325249922914275,41.04477440409896,-0.020000000000000018,1.770196703115529,1.5645532968844706,0.05137857142857142,1857.15,-86068,1.62,1.61,1.68
2023-09-20,1.71,1.71,1.63,1.63,2498,1.659375,1.665872681058404,-0.03210645703353654,29.999998707692313,-0.020000000000000018,1.745579698247828,1.573170301752172,0.052807142857142844,1842.15,-88566,1.66,1.62,1.65
2023-09-21,1.62,1.62,1.62,1.62,410,1.6528750000000003,1.6615038542909368,-0.03161946354056333,39.7959160932946,-0.019999999999999796,1.7293650234292655,1.5763849765707352,0.052807142857142844,1798.75,-88976,1.63,1.64,1.64
2023-09-22,1.61,1.61,1.54,1.54,1716,1.6463750000000001,1.649932058644181,-0.03711106979322909,23.529410657439428,-0.08000000000000007,1.7374428607586503,1.55530713924135,0.0544142857142857,1772.65,-90692,1.62,1.64,1.62
2023-09-25,1.54,1.55,1.5,1.5,22062,1.639375,1.6356528149637828,-0.044110412320964576,21.874999042968724,-0.1200000000000001,1.7515763579990948,1.5271736420009052,0.04513571428571428,2823.15,-112754,1.54,1.62,1.62
2023-09-26,1.5742,1.5742,1.42,1.4201,10392,1.62788,1.6151239754434226,-0.05533586580476979,18.924032806335546,-0.18990000000000018,1.7766464166969178,1.4791135833030822,0.04487142857142856,3302.75,-123146,1.5,1.66,1.61
2023-09-27,1.33,1.33,1.33,1.33,742,1.60838,1.5879693111154776,-0.07055143745367642,15.5555550716049,-0.29000000000000004,1.8018338008223935,1.4149261991776063,0.04458571428571428,3277.95,-123888,1.4201,1.63,1.62
2023-09-28,1.35,1.35,1.35,1.35,550,1.58788,1.5653055671997178,-0.08009463618094292,19.999999377777755,-0.2899999999999998,1.799705336191472,1.3760546638085278,0.04244285714285715,3273.25,-123338,1.33,1.62,1.64
2023-09-29,1.4696,1.5498,1.4,1.4,1731,1.5743800000000001,1.5495621798473638,-0.08272863955887777,27.999999215999964,-0.24,1.7982420684354747,1.3505179315645255,0.05314285714285716,3350.35,-121607,1.35,1.54,1.64
2023-10-02,1.48,1.48,1.48,1.48,283,1.563505,1.542937210338091,-0.07755795996660031,38.59649028008618,-0.14000000000000012,1.783278236960757,1.343731763039243,0.05171428571428575,3195.25,-121324,1.4,1.5,1.62
2023-10-03,1.47,1.47,1.36,1.38,3339,1.548505,1.5274193807820824,-0.08049163459001085,31.81818114325067,-0.28,1.7756285738303537,1.3213814261696464,0.059571428571428595,3278.5,-124663,1.48,1.4201,1.66
2023-10-04,1.36,1.36,1.33,1.33,1884,1.532505,1.5086175349933126,-0.08580937083047058,27.53623132535182,-0.2999999999999998,1.7741452325772724,1.2908647674227276,0.061714285714285735,2618.25,-126547,1.38,1.33,1.63
2023-10-05,1.3227,1.3227,1.3227,1.3227,511,1.5166400000000002,1.4909111030891877,-0.08957087897695137,27.24795585620049,-0.2973000000000001,1.7699471811062573,1.2633328188937432,0.06100000000000002,2610.65,-127058,1.33,1.35,1.62
2023-10-06,1.32,1.32,1.32,1.32,531,1.50164,1.4746338551759317,-0.09170804080866546,27.941175895328712,-0.21999999999999997,1.7645250090819142,1.238754990918086,0.05385714285714289,2543.4,-127589,1.3227,1.4,1.54
2023-10-09,1.4376,1.44,1.32,1.42,3059,1.4916399999999999,1.469430630873462,-0.08443728947432616,33.78378314463113,-0.08000000000000007,1.7507565183952212,1.2325234816047785,0.05457142857142859,2675.9,-124530,1.32,1.48,1.5
2023-10-10,1.41,1.41,1.41,1.41,424,1.48164,1.463770570790275,-0.07856831782954465,34.72222154706792,-0.010099999999999998,1.736932405313053,1.226347594686947,0.04885714285714287,2680.15,-124954,1.42,1.38,1.4201
2023-10-11,1.3,1.5399,1.28,1.2999,9610,1.465635,1.44816384976263,-0.08178236670833106,30.48408678602948,-0.030100000000000016,1.7245152793814724,1.2067547206185276,0.06742142857142859,3151.5,-134564,1.41,1.33,1.33
2023-10-12,1.27,1.27,1.22,1.26,5146,1.446635,1.43024348311857,-0.08652490864243667,32.05128147600263,-0.09000000000000008,1.7074042448365585,1.1858657551634413,0.06599285714285716,3389.2,-139710,1.2999,1.3227,1.35
2023-10-13,1.26,1.26,1.26,1.26,1952,1.427635,1.4140298180596584,-0.08925300326451735,33.78378314463113,-0.1399999999999999,1.6844271319912838,1.1708428680087162,0.06242142857142858,3474.75,-139710,1.26,1.32,1.4
2023-10-16,1.27,1.27,1.26,1.26,641,1.409635,1.3993603115777862,-0.09037196802871517,37.8730487347028,-0.21999999999999997,1.6600420982262734,1.1592279017737266,0.052121428571428575,3462.15,-139710,1.26,1.42,1.48
2023-10-17,1.2701,1.2701,1.27,1.27,477,1.3901350000000001,1.3870402819037113,-0.08942492233580679,44.82758512485138,-0.10999999999999988,1.6181945238551765,1.1620754761448238,0.05212857142857143,3397.9,-139233,1.26,1.41,1.38
2023-10-18,1.2719,1.2719,1.27,1.27,644,1.372135,1.3758935883890722,-0.08766295899563614,42.8571417857143,-0.06000000000000005,1.5760287522596592,1.168241247740341,0.052264285714285715,3305.2,-139233,1.27,1.2999,1.33
2023-10-19,1.2343,1.24,1.2343,1.24,706,1.353135,1.3629513418758272,-0.08766308230447284,35.18518427297671,-0.0827,1.5286179399415314,1.1776520600584686,0.04197142857142856,3320.0,-139939,1.27,1.26,1.3227
2023-10-20,1.26,1.27,1.26,1.27,1699,1.339635,1.3540988331257484,-0.08428207675478672,28.571427755102064,-0.050000000000000044,1.494975471901314,1.1842945280986859,0.04268571428571428,3319.15,-138240,1.24,1.26,1.32
2023-10-23,1.22,1.23,1.22,1.23,1404,1.326135,1.342279896637582,-0.08384834937577734,32.558138474851305,-0.18999999999999995,1.4692422807004248,1.1830277192995753,0.03554285714285715,2286.25,-139644,1.27,1.26,1.42
2023-10-24,1.22,1.2455,1.22,1.2455,256,1.317405,1.333062763624479,-0.08132115223015579,39.31731845652981,-0.16449999999999987,1.4576505512006543,1.1771594487993455,0.03522142857142858,1779.45,-139388,1.23,1.27,1.41
2023-10-25,1.24,1.3,1.24,1.25,3611,1.313405,1.3251520242316714,-0.07805637349812433,40.74356870280122,-0.049900000000000055,1.456668959180236,1.170141040819764,0.039507142857142866,1922.9,-135777,1.2455,1.27,1.2999
2023-10-27,1.26,1.35,1.25,1.25,1516,1.308405,1.3179946885905598,-0.0746085696060057,41.02563955292575,-0.010000000000000009,1.4532625848712561,1.163547415128744,0.04665000000000002,1971.2,-135777,1.25,1.24,1.26
2023-10-30,1.25,1.31,1.24,1.2895,947,1.30288,1.3152809087247923,-0.06791635374345928,30.197267305730705,0.02950000000000008,1.4413147933143842,1.164445206685616,0.04307857142857146,1932.0,-134830,1.25,1.27,1.26
2023-10-31,1.35,1.37,1.33,1.34,5841,1.29588,1.3176351078938597,-0.05788311435456328,40.54053900657422,0.08000000000000007,1.4083230260410102,1.1834369739589896,0.045935714285714316,2209.9,-128989,1.2895,1.23,1.26
2023-11-01,1.34,1.4,1.34,1.34,1518,1.2938800000000001,1.319765097618254,-0.04936267227382429,57.71450247016916,0.07000000000000006,1.4013354615202154,1.186424538479785,0.03165714285714288,2118.85,-128989,1.34,1.2455,1.27
2023-11-02,1.34,1.39,1.34,1.39,1159,1.29688,1.326454135940325,-0.038146648676115724,74.07407023319634,0.11999999999999988,1.4116806161729125,1.1820793838270875,0.03165714285714286,2082.6,-127830,1.34,1.25,1.27
2023-11-03,1.28,1.29,1.28,1.29,770,1.295245,1.322982313469818,-0.03688198441542534,54.0540520087656,0.050000000000000044,1.4094270425553048,1.1810629574446951,0.03237142857142857,2095.55,-128600,1.39,1.25,1.24
2023-11-06,1.38,1.38,1.29,1.29,3425,1.293745,1.3198411407584068,-0.035470717189468814,54.0540520087656,0.020000000000000018,1.4073444898987635,1.1801455101012364,0.03808571428571428,2240.25,-128600,1.29,1.2895,1.27
2023-11-07,1.3,1.39,1.28,1.3,2665,1.287745,1.3179515083052251,-0.03316466619922531,54.0540520087656,0.07000000000000006,1.3847277000307747,1.1907622999692251,0.04593571428571427,2220.55,-125935,1.29,1.34,1.23
2023-11-09,1.46,1.46,1.3,1.3,1927,1.282245,1.3162418408475847,-0.030979912748389404,54.0540520087656,0.05449999999999999,1.3607517338713944,1.2037382661286058,0.057228571428571406,2295.7,-125935,1.3,1.34,1.2455
2023-11-10,1.28,1.4499,1.28,1.31,1070,1.28275,1.3156473798144814,-0.02811883413134275,59.999997600000114,0.06000000000000005,1.3618625114863652,1.203637488513635,0.06895714285714283,1868.7,-124865,1.3,1.39,1.25
2023-11-13,1.336,1.336,1.28,1.3212,4665,1.2858100000000001,1.3161762007845308,-0.02466482859979524,57.72946615877859,0.07119999999999993,1.3659451726443073,1.205674827355693,0.07224285714285712,1844.65,-120200,1.31,1.29,1.25
2023-11-14,1.28,1.32,1.28,1.32,2307,1.28881,1.316540372138385,-0.021773179618489902,65.38987375014287,0.03049999999999997,1.3693680771212284,1.2082519228787716,0.07438571428571426,1862.4,-122507,1.3212,1.29,1.2895
2023-11-15,1.28,1.3185,1.28,1.305,8050,1.29106,1.3154412890775864,-0.02045435005636076,60.1918436358828,-0.03500000000000014,1.3707389188258683,1.211381081174132,0.07531428571428568,2232.85,-130557,1.32,1.3,1.34
2023-11-16,1.26,1.277,1.26,1.277,2126,1.29141,1.31178021392734,-0.02141857451274687,54.28027660138276,-0.06300000000000017,1.3707602270085721,1.2120597729914278,0.0722428571428571,2315.3,-132683,1.305,1.3,1.34
2023-11-17,1.28,1.39,1.27,1.39,4211,1.29741,1.3192297173628313,-0.01292680963306192,66.33986711307624,0.0,1.3873804957486586,1.2074395042513413,0.07367142857142851,2493.65,-128472,1.277,1.31,1.39
2023-11-20,1.42,1.4366,1.42,1.4366,1194,1.30724,1.3304078395187522,-0.002413366630540592,66.8886316040394,0.14660000000000006,1.4124667206409023,1.2020132793590976,0.06985714285714281,2518.05,-127278,1.39,1.3212,1.29
2023-11-21,1.29,1.46,1.28,1.46,2531,1.31674,1.3427499500407758,0.007715735758236919,64.69147672458209,0.16999999999999993,1.4404875766907725,1.1929924233092275,0.07985714285714281,2559.65,-124747,1.4366,1.32,1.29
2023-11-22,1.35,1.35,1.34,1.34,268,1.32224,1.3424880500368923,0.0060003729790134575,49.99999867524606,0.040000000000000036,1.439355460797844,1.2051245392021561,0.07628571428571425,2502.85,-125015,1.46,1.305,1.3
2023-11-24,1.4599,1.4599,1.34,1.34,551,1.326965,1.3422510928905216,0.004588053379603663,44.77424618135568,0.040000000000000036,1.4385384598700115,1.2153915401299884,0.0812785714285714,2517.6,-125015,1.34,1.277,1.3
2023-11-27,1.365,1.365,1.365,1.365,481,1.3327149999999999,1.3444176554723766,0.005421873298661506,59.29598207698624,0.05499999999999994,1.4393307147496357,1.226099285250364,0.08056428571428567,2361.1,-124534,1.34,1.39,1.31
2023-11-29,1.34,1.3548,1.3291,1.3548,2660,1.337955,1.345406450189293,0.005200309495102529,57.833653748377294,0.033600000000000074,1.4375221151588187,1.2383878848411813,0.07597142857142855,2418.3,-127194,1.365,1.4366,1.3212
2023-11-30,1.28,1.35,1.28,1.35,1515,1.34098,1.345843931123646,0.004584822622798468,56.121447635405815,0.030000000000000027,1.4379920252990754,1.2439679747009247,0.0731142857142857,2446.7,-128709,1.3548,1.46,1.32
2023-12-01,1.3673,1.3673,1.29,1.29,2488,1.3384800000000001,1.3405254614928226,-0.0007327643078067769,48.93253483122227,-0.014999999999999902,1.4381392425797819,1.2388207574202184,0.06720714285714284,2279.05,-131197,1.35,1.34,1.305
2023-12-04,1.38,1.38,1.3498,1.35,2314,1.33898,1.3414277984935061,-0.00010722436591925621,53.85802323685894,0.07300000000000018,1.4387716060176197,1.2391883939823805,0.057228571428571406,2318.85,-128883,1.29,1.34,1.277
2023-12-05,1.45,1.45,1.45,1.45,552,1.34198,1.3517680081607912,0.008356714938701382,60.606059208687704,0.06000000000000005,1.4513751139099242,1.2325848860900757,0.0532285714285714,2288.5,-128331,1.35,1.365,1.39
2023-12-06,1.31,1.31,1.31,1.31,429,1.34298,1.3477901026216683,0.0037305678363575012,49.3297577873772,-0.12660000000000005,1.4507276896809203,1.2352323103190799,0.050371428571428546,2271.45,-128760,1.45,1.3548,1.4366
2023-12-07,1.29,1.39,1.29,1.3,7701,1.34348,1.3432386642767475,-0.0007337280171448857,49.662617145375656,-0.15999999999999992,1.4502811748407543,1.2366788251592458,0.054764285714285675,2485.25,-136461,1.31,1.35,1.46
2023-12-08,1.39,1.39,1.39,1.39,215,1.3479800000000002,1.3476921248218192,0.002953200706843795,57.036113575958176,0.04999999999999982,1.454651588482926,1.2413084115170743,0.05354999999999997,2362.75,-136246,1.3,1.29,1.34
2023-12-11,1.29,1.3362,1.28,1.28,5285,1.34698,1.3412452557911698,-0.0029630767894046617,43.124999245312516,-0.06000000000000005,1.4558968026281245,1.2380631973718756,0.04899285714285712,2530.65,-141531,1.39,1.35,1.34
2023-12-13,1.34,1.3496,1.2852,1.3496,1173,1.34896,1.3420409457158202,-0.002014577618874025,44.714458534626445,-0.01540000000000008,1.45647701750248,1.24144298249752,0.052407142857142826,2535.8,-140358,1.28,1.45,1.365
2023-12-14,1.3,1.3499,1.2601,1.3499,1897,1.350395,1.3427894270762184,-0.0012245725357495907,43.11788898155964,-0.004899999999999904,1.4571151450918152,1.2436748549081849,0.045964285714285694,2397.4,-138461,1.3496,1.31,1.3548
2023-12-15,1.34,1.3802,1.27,1.29,6238,1.3488950000000002,1.337761862592769,-0.005368415496021184,46.62070741728858,-0.06000000000000005,1.4582253535644303,1.23956464643557,0.053121428571428556,2593.95,-144699,1.3499,1.3,1.35
2023-12-18,1.345,1.345,1.31,1.34,2158,1.350645,1.3379750185363148,-0.004566455108756973,49.99999911369969,0.050000000000000044,1.4581217534228348,1.2431682465771654,0.047057142857142846,2299.35,-142541,1.29,1.39,1.29
2023-12-20,1.39,1.4,1.36,1.4,2129,1.356795,1.3438821596280943,0.0008988504051421486,52.1217255944421,0.04999999999999982,1.4605399600551237,1.2530500399448763,0.04991428571428569,2299.5,-140412,1.34,1.28,1.35
2023-12-21,1.4,1.4,1.33,1.33,1232,1.353795,1.3425600491873235,-0.00041203366111064454,48.598235721936135,-0.11999999999999988,1.4569655073116559,1.2506244926883443,0.053078571428571385,2150.55,-141644,1.4,1.3496,1.45
2023-12-22,1.36,1.365,1.33,1.34,5486,1.3489650000000002,1.342316234979007,-0.0006368562630130192,49.43807519427618,0.030000000000000027,1.4445813226540938,1.2533486773459066,0.050578571428571376,2365.15,-136158,1.33,1.3499,1.31
2023-12-26,1.34,1.34,1.32,1.32,2866,1.341965,1.3401908792667205,-0.0024008186063269044,51.76512035218676,0.020000000000000018,1.4226945491456509,1.2612354508543493,0.04648571428571424,2381.9,-139024,1.34,1.29,1.3
2023-12-27,1.32,1.35,1.32,1.32,16830,1.3409650000000002,1.3382679383841758,-0.0037554758803730603,48.10078415622818,-0.06999999999999984,1.4222903187739286,1.2596396812260717,0.046471428571428545,3210.0,-139024,1.32,1.34,1.39
2023-12-28,1.32,1.3521,1.26,1.29,33862,1.338465,1.3336709918713971,-0.007166709952999284,38.88580085523588,0.010000000000000009,1.422928739339167,1.254001260660833,0.05304999999999998,4875.55,-172886,1.32,1.4,1.28
2023-12-29,1.24,1.34,1.22,1.2527,13399,1.33285,1.325959468836026,-0.012732608443309701,45.35731545130056,-0.09689999999999999,1.4245107589802686,1.2411892410197316,0.061621428571428556,5521.45,-186285,1.29,1.33,1.3496
2024-01-02,1.35,1.43,1.305,1.38,18946,1.3341100000000001,1.3311061860897377,-0.006794957371318189,55.44662203669293,0.030099999999999794,1.4277134389831405,1.2405065610168597,0.06340714285714286,6335.75,-167339,1.2527,1.34,1.3499
2024-01-03,1.38,1.412,1.38,1.39,9445,1.3361100000000001,1.336715120747858,-0.0012679266265862577,49.99999893031787,0.09999999999999987,1.4328013896999217,1.2394186103000786,0.06569285714285714,6732.25,-157894,1.38,1.32,1.29
2024-01-04,1.38,1.38,1.36,1.3701,5088,1.3401150000000002,1.3398946330575858,0.0014895734188113963,57.983340755330914,0.030100000000000016,1.4353898992182597,1.2448401007817407,0.06310714285714283,6862.25,-162982,1.39,1.32,1.34
2024-01-05,1.38,1.41,1.37,1.38,19463,1.341615,1.3437141918140063,0.004422667102764732,53.012285489155765,-0.020000000000000018,1.4384766001258715,1.2447533998741285,0.061364285714285684,7719.7,-143519,1.3701,1.29,1.4
2024-01-08,1.35,1.41,1.34,1.41,9001,1.339615,1.350027125926958,0.009063137005378419,55.624179714133405,0.07999999999999985,1.4283659887268692,1.2508640112731308,0.05994999999999995,8142.15,-134518,1.38,1.2527,1.33
2024-01-09,1.4,1.4,1.4,1.4,209,1.344115,1.3547864472672477,0.01179791207237324,61.354250910488204,0.05999999999999983,1.4356272143127242,1.2526027856872757,0.05207857142857137,8131.15,-134727,1.41,1.38,1.34
2024-01-10,1.4,1.4101,1.4,1.4101,2996,1.34962,1.360054404670367,0.014611700592655374,57.88526251879937,0.09009999999999985,1.4431817915716787,1.2560582084283214,0.05029999999999995,7895.9,-131731,1.4,1.39,1.32
2024-01-11,1.51,1.51,1.4152,1.44,8545,1.35212,1.367668270892237,0.019034667058110744,54.82625297401656,0.11999999999999988,1.4526382277264187,1.2516017722735813,0.05421428571428567,8312.4,-123186,1.4101,1.3701,1.32
2024-01-12,1.43,1.4499,1.43,1.4499,4202,1.360615,1.3754998641405953,0.02307269965846581,66.92068603756815,0.15989999999999993,1.4641421899195022,1.2570878100804976,0.05063571428571426,8258.25,-118984,1.44,1.38,1.29
2024-01-16,1.46,1.53,1.45,1.48,7687,1.367135,1.3854522580319673,0.028374394848666773,68.69657862779887,0.22730000000000006,1.4833844282951298,1.2508855717048701,0.05384999999999999,8583.95,-111297,1.4499,1.41,1.2527
2024-01-17,1.47,1.48,1.46,1.4758,6146,1.3734300000000002,1.3940568048860655,0.03186976469598468,71.72336585575259,0.09580000000000011,1.4990104728367113,1.247849527163289,0.05384999999999999,8796.4,-117443,1.48,1.4,1.38
2024-01-18,1.467,1.467,1.43,1.43,5405,1.38043,1.3974799663254878,0.030591808727690406,63.60039344607935,0.040000000000000036,1.501972075885364,1.258887924114636,0.054349999999999996,8754.75,-122848,1.4758,1.4101,1.39
2024-01-19,1.33,1.47,1.2772,1.44,15899,1.38543,1.4015294933421079,0.030039601352235268,69.5109235870111,0.06989999999999985,1.5081905817070365,1.2626694182929634,0.061542857142857135,9441.8,-106949,1.43,1.44,1.3701
2024-01-22,1.28,1.41,1.28,1.41,9325,1.3859299999999999,1.402336208261907,0.026871610636686194,70.8565340970791,0.030000000000000027,1.5090214610745645,1.2628385389254353,0.06225714285714284,9801.6,-116274,1.44,1.4499,1.38
2024-01-23,1.4,1.41,1.4,1.41,3684,1.3899299999999999,1.4030660931893444,0.024083336446660164,56.00480070429461,0.0,1.5105432243774877,1.269316775622512,0.05404285714285712,9924.2,-116274,1.41,1.48,1.41
2024-01-24,1.38,1.38,1.35,1.358,1404,1.3908299999999998,1.3987740843141687,0.017476407371673996,44.51679018767973,-0.041999999999999815,1.5101360478459869,1.2715239521540127,0.05389999999999996,9720.1,-117678,1.41,1.4758,1.4
2024-01-25,1.351,1.351,1.35,1.35,2376,1.3923299999999998,1.394128933427105,0.011462733404857373,46.40942961867805,-0.06009999999999982,1.508602259442168,1.2760577405578317,0.05254285714285711,9695.6,-120054,1.358,1.43,1.4101
2024-01-26,1.37,1.37,1.37,1.37,322,1.39483,1.3918309397673807,0.0082159071723642,48.27585973840681,-0.06999999999999984,1.5066177518947477,1.2830422481052524,0.04968571428571427,8870.2,-119732,1.35,1.44,1.44
2024-01-29,1.3362,1.34,1.3362,1.34,761,1.39733,1.3868946597895349,0.003185407627715575,37.931032651605356,-0.10989999999999989,1.5012027784612532,1.2934572215387468,0.044957142857142855,7215.15,-120493,1.37,1.41,1.4499
2024-01-30,1.34,1.35,1.34,1.34,1528,1.401695,1.3824285017143412,-0.000792166118790183,39.2857123214287,-0.1399999999999999,1.4853461672929384,1.3180438327070614,0.04567142857142857,6621.6,-120493,1.34,1.41,1.48
2024-01-31,1.35,1.35,1.35,1.35,728,1.4001949999999999,1.3793400729796421,-0.0031017776700370536,39.26402090140664,-0.1257999999999999,1.4865174182627798,1.3138725817372199,0.04495,5710.7,-119765,1.34,1.358,1.4758
2024-02-01,1.35,1.3501,1.3,1.3501,39393,1.3981999999999999,1.376555304124438,-0.0048679765756909354,32.02718733154492,-0.07989999999999986,1.4873136235080489,1.309086376491951,0.04175714285714286,7208.1,-80372,1.35,1.35,1.43
2024-02-02,1.4,1.4,1.26,1.3,7838,1.394695,1.3692643227792536,-0.010192732257797044,24.18187964675745,-0.1399999999999999,1.4934544733630388,1.2959355266369612,0.050335714285714275,7345.6,-88210,1.3501,1.37,1.44
2024-02-05,1.3,1.35,1.29,1.35,1759,1.393195,1.3674296253717055,-0.010259900689138401,29.04577560721839,-0.05999999999999983,1.493788511876146,1.292601488123854,0.04890714285714285,6460.4,-86451,1.3,1.34,1.41
2024-02-06,1.3,1.3335,1.3,1.32,3099,1.3886949999999998,1.3629125181934478,-0.012588702189214596,26.815475073164734,-0.08999999999999986,1.4940621370919067,1.2833278629080929,0.04987142857142855,6165.3,-89550,1.35,1.34,1.41
2024-02-07,1.32,1.335,1.3,1.3,711,1.383695,1.356920849794072,-0.015865202163209302,29.04577560721839,-0.05800000000000005,1.496061514491394,1.2713284855086058,0.04972857142857139,6190.4,-90261,1.32,1.35,1.358
2024-02-08,1.29,1.29,1.28,1.281,1433,1.37724,1.349690292670827,-0.019767094259602658,25.093983861792694,-0.06900000000000017,1.497756701616076,1.256723298383924,0.03667142857142853,6112.25,-91694,1.3,1.3501,1.35
2024-02-09,1.325,1.325,1.325,1.325,320,1.37149,1.3473388362259864,-0.019088966736373614,37.244896394272075,-0.04500000000000015,1.4903612332957825,1.2526187667042177,0.027385714285714253,5701.0,-91374,1.281,1.3,1.37
2024-02-12,1.2844,1.3198,1.2844,1.3198,1888,1.3649850000000001,1.3447160899187496,-0.01875493836135389,36.67257531496441,-0.020199999999999996,1.4799648018875593,1.250005198112441,0.029199999999999973,5585.3,-93262,1.325,1.35,1.34
2024-02-13,1.36,1.36,1.36,1.36,262,1.358985,1.346171700402678,-0.015072723251186915,50.306182779281805,0.020000000000000018,1.460420056226021,1.2575499437739792,0.027057142857142842,5214.05,-93000,1.3198,1.32,1.34
2024-02-14,1.36,1.37,1.36,1.36,1346,1.353195,1.3474886813167088,-0.012016028117258326,51.569363710071904,0.010000000000000009,1.4384906338735561,1.2678993661264437,0.027699999999999995,4974.05,-93000,1.36,1.3,1.35
2024-02-15,1.3616,1.3699,1.3046,1.3046,2936,1.3469250000000001,1.3434040450008318,-0.01390355189733783,40.76271025232219,-0.045500000000000096,1.426706408598067,1.2671435914019333,0.0323642857142857,4850.6,-95936,1.36,1.281,1.3501
2024-02-16,1.31,1.31,1.31,1.31,945,1.340425,1.340222707381705,-0.01479317231099575,45.44626400653402,0.010000000000000009,1.408619146221976,1.272230853778024,0.03209285714285713,4102.9,-94991,1.3046,1.325,1.3
2024-02-20,1.3067,1.3627,1.3,1.3575,8626,1.3378,1.3418681638215426,-0.011532461037846442,52.32156876491915,0.00749999999999984,1.39832865350174,1.2772713464982601,0.035857142857142844,4067.95,-86365,1.31,1.3198,1.35
2024-02-21,1.325,1.4,1.325,1.4,7269,1.3373000000000002,1.347404529171872,-0.00545607693002137,56.10649539450184,0.07999999999999985,1.3954353411853213,1.279164658814679,0.041214285714285696,4247.2,-79096,1.3575,1.36,1.32
2024-02-22,1.3999,1.3999,1.3999,1.3999,1288,1.3393950000000001,1.3524040978221699,-0.0006411773222900763,56.082069406084564,0.09989999999999988,1.403395245887661,1.2753947541123392,0.037635714285714265,4241.4,-80384,1.4,1.36,1.3
2024-02-23,1.2801,1.345,1.2801,1.345,619,1.339145,1.35169894564863,-0.0012409549238239226,55.43215650398311,0.06400000000000006,1.4030097411166098,1.2752802588833902,0.032271428571428555,4153.55,-81003,1.3999,1.3046,1.281
2024-02-26,1.29,1.29,1.29,1.29,467,1.335145,1.3458228555868557,-0.0060841458717040275,42.84351001953926,-0.03499999999999992,1.40086698142252,1.26942301857748,0.027985714285714263,4160.8,-81470,1.345,1.31,1.325
2024-02-27,1.29,1.33,1.28,1.29,4569,1.3326449999999999,1.3405063931500123,-0.009809333151144406,46.14593873061885,-0.02980000000000005,1.4013266446788095,1.2639633553211902,0.029164285714285705,4351.2,-81470,1.29,1.3575,1.3198
2024-02-28,1.28,1.3607,1.28,1.36,5306,1.333645,1.3423629271357254,-0.007032140382895236,56.830599281356136,0.0,1.403352281957422,1.263937718042578,0.032428571428571425,4540.1,-76164,1.29,1.4,1.36
2024-02-29,1.28,1.37,1.28,1.37,5376,1.334645,1.3449950293132753,-0.003978424226884769,60.34402407062685,0.010000000000000009,1.4058968875096023,1.2633931124903979,0.038142857142857145,4772.5,-70788,1.36,1.3999,1.36
2024-03-01,1.27,1.37,1.27,1.3,2633,1.33214,1.3407097884262966,-0.007124579259185415,47.25997224541954,-0.0045999999999999375,1.4046163017529611,1.259663698247039,0.0452857142857143,2934.5,-73421,1.37,1.345,1.3046
2024-03-04,1.32,1.32,1.31,1.31,1787,1.33264,1.3377850466714112,-0.008710607930865422,48.937091789329095,0.0,1.4043162722244733,1.2609637277755268,0.04347142857142857,2631.95,-71634,1.3,1.29,1.31
2024-03-05,1.29,1.31,1.29,1.31,2484,1.33064,1.3351388517503244,-0.009853956601328484,44.05893389537767,-0.047499999999999876,1.4025086931328818,1.2587713068671182,0.0449,2668.2,-71634,1.31,1.29,1.3575
2024-03-06,1.31,1.41,1.31,1.32,20793,1.3306400000000003,1.3336970563455317,-0.009839730351534737,45.35747299209698,-0.07999999999999985,1.402508693132882,1.2587713068671185,0.051328571428571425,3552.9,-50841,1.31,1.36,1.4
2024-03-07,1.32,1.36,1.31,1.31,2061,1.33114,1.3314401938364335,-0.010514167263298235,50.70056899375205,-0.08989999999999987,1.4022462481524132,1.2600337518475868,0.050235714285714286,3620.4,-52902,1.32,1.37,1.3999
2024-03-08,1.39,1.39,1.2,1.35,33722,1.33459,1.33320779442344,-0.00773188487759624,54.76190293650801,0.0050000000000001155,1.4020555436422488,1.267124456357751,0.06380714285714285,5234.85,-19180,1.31,1.3,1.345
2024-03-11,1.2823,1.34,1.28,1.34,5657,1.33534,1.3338546711450172,-0.006261638626873678,47.7124165543168,0.050000000000000044,1.4026900642753335,1.2679899357246665,0.06361428571428572,5501.7,-24837,1.35,1.31,1.29
2024-03-12,1.28,1.37,1.25,1.35,14509,1.3368499999999999,1.3353923215121584,-0.004240661130528789,42.85714114285724,0.06000000000000005,1.4040871607778802,1.2696128392221195,0.06682857142857145,6132.75,-10328,1.34,1.31,1.29
2024-03-13,1.2801,1.3393,1.2801,1.3393,727,1.335815,1.3357644813681433,-0.003462505588717635,41.597336155400164,-0.020700000000000163,1.4021833905421452,1.2694466094578547,0.07105714285714286,6156.0,-11055,1.35,1.32,1.36
2024-03-14,1.28,1.378,1.28,1.37,5224,1.3363150000000001,1.3390250069521297,-0.000364386722220722,53.7158122710423,0.0,1.4035949735590176,1.2690350264409826,0.07342142857142857,6349.9,-5831,1.3393,1.31,1.37
2024-03-15,1.35,1.35,1.35,1.35,1414,1.338585,1.3400702443852601,0.00047163052114673754,59.95354731469919,0.050000000000000044,1.4044072574737771,1.2727627425262227,0.07342142857142857,6273.8,-7245,1.37,1.35,1.3
2024-03-18,1.35,1.35,1.2855,1.3434,2619,1.340255,1.3403873639676163,0.0005947609370351437,58.6688285020662,0.033399999999999874,1.4047040978255179,1.275805902174482,0.07445714285714286,6357.5,-9864,1.35,1.34,1.31
2024-03-19,1.34,1.34,1.3,1.34,2376,1.3393799999999998,1.3403504721611765,0.00041322842527669046,45.8574952692422,0.030000000000000027,1.4033164355392957,1.2754435644607038,0.07155,6045.0,-12240,1.3434,1.35,1.31
2024-03-20,1.2901,1.37,1.2901,1.37,1065,1.33788,1.343174236717255,0.002659449051553686,49.99999732211185,0.050000000000000044,1.397058893819343,1.278701106180657,0.07082857142857144,5734.8,-11175,1.34,1.3393,1.32
2024-03-21,1.37,1.37,1.33,1.33,1403,1.3343850000000002,1.3419195475060879,0.001198125907889258,56.482278345929565,0.020000000000000018,1.3859019578620988,1.2828680421379015,0.06654285714285714,5740.55,-12578,1.37,1.37,1.31
2024-03-22,1.3299,1.3299,1.3,1.3,7517,1.332135,1.3379272096483652,-0.00235359621793374,48.01113495562495,-0.050000000000000044,1.3855940556554804,1.2786759443445197,0.06796428571428571,6085.45,-20095,1.33,1.35,1.35
2024-03-25,1.3,1.33,1.3,1.3001,2557,1.33264,1.3343246182532829,-0.005101485607658995,48.031806471390496,-0.03990000000000005,1.3845927477617577,1.2806872522382424,0.06867857142857144,6189.95,-17538,1.3,1.3434,1.34
2024-03-26,1.28,1.33,1.27,1.33,11532,1.33464,1.3339127498482084,-0.0048110731600734535,51.84229651513577,-0.020000000000000018,1.382608120992757,1.2866718790072431,0.06582142857142859,6538.1,-6006,1.3001,1.34,1.35
2024-03-27,1.33,1.33,1.29,1.2903,3531,1.331155,1.3297591546245695,-0.007695660889553979,46.72865940152364,-0.04899999999999993,1.3814372967695179,1.2808727032304823,0.06510714285714288,6449.35,-9537,1.33,1.37,1.3393
2024-03-28,1.3298,1.38,1.32,1.38,21787,1.331655,1.3345439970412771,-0.00271242189971721,54.27593854086901,0.009999999999999787,1.3837305918176135,1.2795794081823866,0.05582142857142858,7269.9,12250,1.2903,1.33,1.37
2024-04-01,1.38,1.38,1.35,1.38,8185,1.335655,1.3388731401802032,0.0012227358926224507,55.86854230586971,0.029999999999999805,1.3897437564928627,1.2815662435071373,0.053678571428571416,7547.5,12250,1.38,1.3,1.35
2024-04-02,1.375,1.375,1.375,1.375,479,1.338905,1.3423137934963743,0.0038930425218492992,53.72245160180367,0.03160000000000007,1.394298652495922,1.283511347504078,0.04510714285714284,7482.1,11771,1.38,1.3001,1.3434
2024-04-03,1.37,1.37,1.3501,1.36,4384,1.341405,1.3439981941157673,0.0047442182739372285,53.043220398103266,0.020000000000000018,1.3958102425879115,1.2869997574120884,0.04229999999999999,7577.1,7387,1.375,1.33,1.34
2024-04-04,1.3701,1.403,1.37,1.403,1019,1.3455549999999998,1.3496174137237895,0.008787223932532617,54.6821771692665,0.03299999999999992,1.4054689549687458,1.2856410450312539,0.03765714285714285,6588.4,8406,1.36,1.2903,1.37
2024-04-05,1.42,1.42,1.385,1.4,4575,1.350055,1.3544157552739047,0.011615365619786155,57.45378412536379,0.06999999999999984,1.4122026840403235,1.2879073159596766,0.04015714285714284,6714.1,3831,1.403,1.38,1.33
2024-04-08,1.37,1.45,1.36,1.448,13884,1.354955,1.3633285404859137,0.01752783308674255,63.88004008938282,0.1479999999999999,1.4309870008804957,1.2789229991195041,0.04197857142857141,5722.2,17715,1.4,1.38,1.3
2024-04-09,1.3601,1.3601,1.3601,1.3601,3213,1.35596,1.3630210604396362,0.014948401653625654,52.178624039668904,0.06000000000000005,1.4316904471898584,1.2802295528101417,0.03912142857142854,5600.0,14502,1.448,1.375,1.3001
2024-04-10,1.36,1.395,1.36,1.395,924,1.3582100000000001,1.3660666737310994,0.015541170527729964,52.68125109923312,0.06499999999999995,1.4358448782171165,1.2805751217828838,0.035914285714285676,4920.75,15426,1.3601,1.36,1.33
2024-04-11,1.35,1.4113,1.35,1.41,1668,1.361745,1.3702508000424232,0.017025063406027607,59.0661812626325,0.11969999999999992,1.4421437031840765,1.2813462968159235,0.03743571428571424,4967.8,17094,1.395,1.403,1.2903
2024-04-12,1.45,1.45,1.41,1.41,3236,1.363745,1.374036438133621,0.017993639688960616,63.375484223597326,0.030000000000000027,1.4469494653406811,1.2805405346593188,0.03815714285714281,4868.4,17094,1.41,1.4,1.38
2024-04-15,1.41,1.41,1.36,1.36,2713,1.364245,1.3726996345018476,0.0145588388407345,56.49533552172047,-0.019999999999999796,1.447221559150269,1.2812684408497308,0.039585714285714224,4933.35,14381,1.41,1.448,1.38
2024-04-16,1.36,1.3844,1.36,1.37,1500,1.3655750000000002,1.3724425264540525,0.012499563140320191,54.533089838025276,-0.004999999999999893,1.4479956125214932,1.2831543874785072,0.03704285714285708,4877.4,15881,1.36,1.3601,1.375
2024-04-17,1.38,1.38,1.38,1.38,580,1.367575,1.3731622858393808,0.01154144564435411,60.89914738131699,0.019999999999999796,1.4493210734611324,1.2858289265388676,0.034185714285714215,4787.6,16461,1.37,1.395,1.36
2024-04-18,1.36,1.37,1.36,1.37,1337,1.367575,1.3728611157594397,0.009861536987782804,48.493066067200374,-0.03299999999999992,1.4493210734611324,1.2858289265388676,0.030614285714285656,4801.2,15124,1.38,1.41,1.403
2024-04-19,1.35,1.3501,1.35,1.3501,1043,1.3685800000000001,1.3706933904490168,0.006845523489416028,45.74921626247079,-0.04989999999999983,1.4488621235918566,1.2882978764081436,0.028478571428571384,4783.2,14081,1.37,1.41,1.4
2024-04-23,1.3688,1.37,1.3688,1.37,2907,1.37208,1.3706273532633961,0.005992001916223844,49.31805594530066,-0.07799999999999985,1.4455913195722963,1.2985686804277037,0.028564285714285678,4552.7,16988,1.3501,1.36,1.448
2024-04-24,1.36,1.37,1.36,1.37,3783,1.375575,1.370567605333549,0.005255003509752054,51.422068487175885,0.00990000000000002,1.4408638279311914,1.3102861720688086,0.02785714285714282,4614.0,16988,1.37,1.37,1.3601
2024-04-25,1.35,1.3501,1.29,1.3001,17295,1.37408,1.363856404825592,-0.0009583690409593615,36.40686787398637,-0.09489999999999998,1.444898064897218,1.3032619351027819,0.029792857142857114,4902.15,-307,1.37,1.38,1.395
2024-04-26,1.3146,1.3146,1.3,1.3,328,1.374565,1.35777484246125,-0.005823451563514714,36.68796455369674,-0.10999999999999988,1.4430620156860272,1.3060679843139729,0.02833571428571426,4742.0,-635,1.3001,1.37,1.41
2024-04-29,1.24,1.35,1.24,1.3,2710,1.370565,1.3522724765125596,-0.009568761762659417,27.411476240046767,-0.10999999999999988,1.446648950171382,1.2944810498286181,0.029764285714285705,3788.15,-635,1.3,1.3501,1.41
2024-04-30,1.37,1.4095,1.3001,1.3387,7381,1.3685,1.3509798597018396,-0.009306897396879288,46.15660687430854,-0.021300000000000097,1.445738823071502,1.291261176928498,0.03757857142857141,3747.95,6746,1.3,1.37,1.36
2024-05-01,1.34,1.3999,1.32,1.39,15156,1.36925,1.3546960635397596,-0.004903365048342989,49.151965101331356,0.019999999999999796,1.447043884213669,1.2914561157863311,0.040785714285714265,4481.8,21902,1.3387,1.37,1.37
2024-05-02,1.43,1.4338,1.4,1.4338,4326,1.37294,1.3622297717740681,0.0020965908111894027,53.67737715858073,0.05380000000000007,1.455727347113568,1.290152652886432,0.03882142857142856,4478.9,26228,1.39,1.3001,1.38
2024-05-03,1.44,1.44,1.4107,1.435,5397,1.37454,1.3691602697003473,0.007652720390793677,53.848519846430825,0.06499999999999995,1.4609319197001134,1.2881480802998868,0.03805714285714284,4697.8,31625,1.4338,1.3,1.37
2024-05-06,1.42,1.43,1.3772,1.4201,4856,1.375545,1.3740116725860285,0.010729999159037718,60.37279653013753,0.06999999999999984,1.4636349414772813,1.2874550585227187,0.038257142857142844,4711.85,26769,1.435,1.3,1.3501
2024-05-08,1.44,1.45,1.42,1.45,2411,1.375645,1.3812486561492638,0.015403878000079141,62.91989379561202,0.07999999999999985,1.4640851070007999,1.2872048929992002,0.03865714285714285,4138.2,29180,1.4201,1.3387,1.37
2024-05-09,1.4302,1.4371,1.4,1.41,5875,1.37814,1.3839868793731434,0.015699323572286872,54.41695888740452,0.039999999999999813,1.467543836018003,1.2887361639819968,0.04130714285714286,4271.3,23305,1.45,1.39,1.37
2024-05-10,1.42,1.52,1.42,1.51,23087,1.38389,1.3959881289566536,0.023729094793348615,66.29422502765559,0.20989999999999998,1.4909153467273173,1.2768646532726828,0.04773571428571429,5379.45,46392,1.41,1.4338,1.3001
2024-05-13,1.4653,1.47,1.41,1.4324,4183,1.3850099999999999,1.399455926198877,0.023559496744387287,58.44448836810415,0.13239999999999985,1.493642570476898,1.2763774295231016,0.05201428571428573,5505.2,42209,1.51,1.435,1.3
2024-05-14,1.465,1.5265,1.465,1.5265,3668,1.390835,1.411555361798984,0.03066468795138011,63.93588442546323,0.22649999999999992,1.516299379931422,1.2653706200685781,0.05632142857142857,5526.8,45877,1.4324,1.4201,1.3
2024-05-15,1.5035,1.5191,1.5,1.515,4000,1.3985850000000002,1.4214072321038427,0.03496459926829876,62.65270353030041,0.1762999999999999,1.5347243446358991,1.2624456553641012,0.05697142857142856,5591.15,41877,1.5265,1.45,1.3387
2024-05-16,1.43,1.47,1.43,1.47,6288,1.403585,1.4260351147606196,0.03434527558570033,65.49899486045258,0.08000000000000007,1.5426186010125742,1.264551398987426,0.05553571428571428,5830.55,35589,1.515,1.41,1.39
2024-05-17,1.44,1.52,1.4352,1.475,2265,1.408335,1.43069843716437,0.03386751166553714,65.822783143727,0.041200000000000125,1.5504333540035693,1.2662366459964305,0.06054999999999999,5914.8,37854,1.47,1.51,1.4338
2024-05-20,1.48,1.48,1.44,1.45,1378,1.4123350000000001,1.432536681243954,0.031112938894817477,62.97577702134794,0.014999999999999902,1.5543936428204828,1.2702763571795175,0.05554999999999999,5916.85,36476,1.475,1.4324,1.435
2024-05-21,1.5122,1.5122,1.5122,1.5122,564,1.42044,1.440123663982625,0.03356205723185912,64.42227613979738,0.09210000000000007,1.566001799500012,1.274878200499988,0.04773571428571428,5892.9,37040,1.45,1.5265,1.4201
2024-05-22,1.4686,1.4686,1.44,1.4647,1651,1.425175,1.4424642674128512,0.03130923514771666,56.24895300738606,0.014699999999999935,1.5699873849748454,1.2803626150251548,0.044071428571428574,5830.1,35389,1.5122,1.515,1.45
2024-05-23,1.46,1.63,1.4365,1.524,25605,1.432875,1.4502295752782939,0.033917887072772546,57.354858442648364,0.1140000000000001,1.5816572693878814,1.2840927306121184,0.05547857142857141,6921.2,60994,1.4647,1.47,1.41
2024-05-24,1.53,1.53,1.4998,1.5094,5034,1.4433399999999998,1.4558648538232184,0.03441050178683791,55.93680053763931,-0.0005999999999999339,1.5818913987849306,1.3047886012150691,0.05554285714285713,6308.15,55960,1.524,1.475,1.51
2024-05-28,1.57,1.57,1.4855,1.5193,1591,1.454305,1.4619062963162452,0.035194054534456454,57.97940667356549,0.0869000000000002,1.5791225675051095,1.3294874324948904,0.05780714285714285,6371.3,57551,1.5094,1.45,1.4324
2024-05-29,1.52,1.57,1.52,1.57,3796,1.4678049999999998,1.472200934762317,0.03945132142139118,59.33997380018737,0.043500000000000094,1.5801321251863483,1.3554778748136513,0.05923571428571428,6425.6,61347,1.5193,1.5122,1.5265
2024-05-30,1.45,1.55,1.45,1.47,897,1.47437,1.4719913219278107,0.034359991800007705,54.27106953332151,-0.04499999999999993,1.5688573168876632,1.3798826831123367,0.06372857142857143,6101.4,60450,1.57,1.4647,1.515
2024-05-31,1.45,1.54,1.45,1.54,5206,1.48187,1.4784683388870667,0.035563536696293196,52.230813903582096,0.07000000000000006,1.5718656747498592,1.3918743252501409,0.0630142857142857,5603.9,65656,1.47,1.524,1.47
2024-06-03,1.55,1.55,1.44,1.481,2915,1.48423,1.478709449469251,0.031394650080805775,53.716731795603806,0.006000000000000005,1.5713475153093936,1.3971124846906062,0.06658571428571428,5533.35,62741,1.54,1.5094,1.475
2024-06-04,1.48,1.4885,1.48,1.4885,529,1.4869050000000001,1.479641882853132,0.028368945147317692,46.65021041413444,0.03849999999999998,1.570886789379405,1.4029232106205953,0.0628,5289.95,63270,1.481,1.5193,1.45
2024-06-05,1.52,1.55,1.5001,1.5388,11405,1.49284,1.4852759892480718,0.029687621185096935,51.96369516915556,0.026599999999999957,1.5736610082120943,1.4120189917879056,0.06500000000000002,5617.4,74675,1.4885,1.57,1.5122
2024-06-06,1.54,1.58,1.54,1.55,16308,1.49784,1.4914401807482554,0.031275898704846705,56.990561345914266,0.08530000000000015,1.579865885516313,1.415814114483687,0.06500000000000002,6312.25,90983,1.5388,1.47,1.4647
2024-06-07,1.55,1.68,1.55,1.623,23449,1.50849,1.5039696873436597,0.03798721674207162,61.55888650136767,0.09899999999999998,1.5975078905732094,1.4194721094267908,0.06822857142857143,7190.95,114432,1.55,1.54,1.524
2024-06-10,1.67,1.67,1.6,1.6,3590,1.5129899999999998,1.5131154314061683,0.04097771137959616,61.75180058833406,0.09060000000000001,1.6109767638752066,1.415003236124793,0.07037142857142856,6216.1,110842,1.623,1.481,1.5094
2024-06-12,1.505,1.56,1.5,1.5596,802,1.51935,1.5175425331770094,0.0396309171388427,53.84490468230262,0.0403,1.6116600382292927,1.4270399617707072,0.07465714285714285,6047.05,110040,1.6,1.4885,1.5193
2024-06-13,1.55,1.575,1.52,1.575,3422,1.5217749999999999,1.5230146728744371,0.03935259206555286,59.438643107751155,0.004999999999999893,1.6173658138066065,1.4261841861933933,0.07654285714285713,6034.75,113462,1.5596,1.5388,1.57
2024-06-14,1.585,1.6,1.5584,1.56,4573,1.524025,1.5265370849816335,0.03748948736328339,53.333331950617314,0.09000000000000008,1.6210519821397982,1.4269980178602018,0.06569285714285715,6063.4,108889,1.575,1.55,1.47
2024-06-17,1.73,1.73,1.56,1.63,9977,1.532025,1.5363906959357636,0.04118660473528313,60.12764386666608,0.08999999999999986,1.6364024703458002,1.4276475296541997,0.07567857142857144,6247.85,118866,1.56,1.623,1.54
2024-06-18,1.64,1.69,1.64,1.69,5327,1.5427750000000002,1.5510201534656909,0.04840016829699412,63.22230691694455,0.20899999999999985,1.665157160292642,1.4203928397073584,0.07321428571428572,6400.95,124193,1.63,1.6,1.481
2024-06-20,1.68,1.68,1.55,1.5547,7293,1.54801,1.551370615040387,0.04270708967329151,48.95219739031534,0.06620000000000004,1.6623773840144778,1.4336426159855225,0.07892857142857143,6696.7,116900,1.69,1.5596,1.4885
2024-06-21,1.55,1.57,1.52,1.52,4030,1.5484,1.5483829374174929,0.03499191885548725,53.760528350410056,-0.018799999999999928,1.6623054825167236,1.4344945174832764,0.07535714285714286,6870.0,112870,1.5547,1.575,1.5388
2024-06-24,1.64,1.64,1.52,1.57,8587,1.553665,1.5504417052824935,0.032537104948504814,52.32630159341158,0.020000000000000018,1.6608148169067833,1.4465151830932168,0.07749999999999999,7216.8,121457,1.52,1.56,1.55
2024-06-25,1.57,1.69,1.569,1.69,10426,1.561965,1.5637329714460655,0.03981567385542384,64.80589273550227,0.06699999999999995,1.6841077684913697,1.4398222315086304,0.07828571428571426,6457.85,131883,1.57,1.63,1.623
2024-06-26,1.64,1.64,1.35,1.55,12696,1.563995,1.562425069403583,0.03389642550141381,53.66813700184432,-0.050000000000000044,1.6837862478131482,1.4442037521868518,0.0983928571428571,6840.95,119187,1.69,1.69,1.6
2024-06-27,1.48,1.55,1.48,1.54,3535,1.56503,1.5602893485080038,0.028074832924690707,50.075187091412765,-0.019600000000000062,1.683546196539143,1.446513803460857,0.09982857142857139,6938.15,115652,1.55,1.5547,1.5596
2024-06-28,1.59,1.59,1.585,1.585,1547,1.56578,1.562642743888194,0.026783558534787755,52.103870245907444,0.010000000000000009,1.684618033961308,1.446941966038692,0.0973285714285714,6825.7,117199,1.54,1.52,1.575
2024-07-01,1.59,1.61,1.5181,1.5181,2253,1.5681850000000002,1.558400577803604,0.020129898525672374,43.647813235958104,-0.04190000000000005,1.680636781947453,1.4557332180525473,0.09460714285714285,6893.5,114946,1.585,1.57,1.56
2024-07-02,1.52,1.575,1.52,1.52,1191,1.5671849999999998,1.5547433799175465,0.014839083433921374,45.02858484911733,-0.10999999999999988,1.6810390760428824,1.4533309239571173,0.09353571428571428,6692.75,116137,1.5181,1.69,1.63
2024-07-03,1.53,1.55,1.52,1.55,2027,1.570635,1.5542916294492088,0.012917913933212954,49.39561736144719,-0.1399999999999999,1.6774575143822545,1.4638124856177455,0.09139285714285714,6648.35,118164,1.52,1.55,1.69
2024-07-05,1.55,1.5545,1.55,1.5545,1291,1.573935,1.55431147426357,0.01162448581366804,48.69143280776196,-0.00019999999999997797,1.6739338057823414,1.4739361942176588,0.08778571428571427,6686.45,119455,1.55,1.54,1.5547
2024-07-08,1.52,1.55,1.5,1.55,941,1.574495,1.5539008576670394,0.010119669076459559,49.353001176317264,0.030000000000000027,1.6737883023659528,1.4752016976340472,0.08838571428571428,6163.25,118514,1.5545,1.585,1.52
2024-07-09,1.5,1.5,1.4143,1.43,5825,1.568495,1.5421007759844643,-0.0007472917338902096,37.84637757675099,-0.14000000000000012,1.686718525577609,1.450271474422391,0.08236428571428571,5639.1,112689,1.55,1.5181,1.57
2024-07-10,1.4,1.485,1.3999,1.44,14091,1.559345,1.5323768925573724,-0.008455055432480485,33.8250511470617,-0.25,1.687699385650779,1.430990614349221,0.08487142857142858,5171.2,126780,1.43,1.52,1.69
2024-07-11,1.45,1.45,1.37,1.38,3127,1.5483449999999999,1.5178648075519083,-0.019183872470228902,37.47670175674003,-0.17000000000000015,1.6979742467189598,1.39871575328104,0.08130000000000001,5148.05,123653,1.44,1.55,1.55
2024-07-12,1.36,1.44,1.36,1.425,1852,1.541615,1.5090205401660124,-0.02378127761378468,43.28906385130419,-0.11499999999999999,1.7009086946583065,1.3823213053416934,0.08344285714285714,5200.55,125505,1.38,1.5545,1.54
2024-07-15,1.41,1.525,1.41,1.41,7270,1.533365,1.499590012531154,-0.028308802686718426,38.109392786070885,-0.17500000000000004,1.7021847328825197,1.3645452671174805,0.08308571428571429,5392.95,118235,1.425,1.55,1.585
2024-07-16,1.58,1.58,1.42,1.4493,2159,1.52783,1.494800487528187,-0.028398358788662703,29.674040845403553,-0.06879999999999997,1.700194523153995,1.355465476846005,0.08587142857142858,5272.25,120394,1.41,1.43,1.5181
2024-07-17,1.5,1.55,1.47,1.48,3664,1.52033,1.4933909172874074,-0.02569589297196395,42.750620135648965,-0.040000000000000036,1.6869333815288297,1.3537266184711703,0.0708714285714286,4956.6,124058,1.4493,1.44,1.52
2024-07-18,1.48,1.5375,1.48,1.52,2138,1.51183,1.4959251156409876,-0.02009486258794846,48.04992068506457,-0.030000000000000027,1.658089655191856,1.365570344808144,0.06997857142857146,4797.15,126196,1.48,1.38,1.55
2024-07-19,1.4115,1.48,1.4115,1.44,2644,1.506095,1.4905989141513698,-0.021859355982860817,36.76524184973827,-0.11450000000000005,1.6542594672936783,1.3579305327063216,0.07451428571428574,4564.7,123552,1.52,1.425,1.5545
2024-07-22,1.44,1.49,1.44,1.45,3737,1.502595,1.4867323508988584,-0.022194963564075687,43.063759211870796,-0.10000000000000009,1.6526712399231538,1.352518760076846,0.0715214285714286,4550.05,127289,1.44,1.41,1.55
2024-07-23,1.45,1.46,1.45,1.45,1385,1.496595,1.4832340317656338,-0.022204969918784956,42.842534560745435,0.020000000000000018,1.6449093670508101,1.3482806329491897,0.06830714285714289,4189.95,127289,1.45,1.4493,1.43
2024-07-24,1.45,1.46,1.44,1.44,4536,1.4840950000000002,1.4791165049308115,-0.022757482359150982,38.27291996626678,0.0,1.6030013935246996,1.3651886064753007,0.06759285714285716,3895.45,122753,1.45,1.48,1.44
2024-07-25,1.45,1.54,1.425,1.468,3793,1.4799950000000002,1.478057790175496,-0.02069739972326179,41.21827293998819,0.08800000000000008,1.5949213833022922,1.3650686166977082,0.07548571428571431,3450.3,126546,1.44,1.52,1.38
2024-07-26,1.47,1.64,1.47,1.53,9483,1.479495,1.4830046673016393,-0.013901638135771943,48.181816955371936,0.10499999999999998,1.593404705237817,1.365585294762183,0.08405714285714287,3747.7,136029,1.468,1.44,1.425
2024-07-29,1.6,1.68,1.57,1.63,4114,1.481745,1.4970042227967213,-0.00044169232600710373,68.86792270914918,0.21999999999999997,1.6057589631357276,1.3577310368642725,0.08579285714285714,3876.05,140143,1.53,1.45,1.41
2024-07-30,1.6389,1.72,1.59,1.59,30984,1.48534,1.5058609634827478,0.006917999612657377,63.392855558035755,0.14070000000000005,1.617680412732103,1.3529995872678973,0.08899999999999998,5312.6,109159,1.63,1.45,1.4493
2024-07-31,1.59,1.645,1.52,1.59,3702,1.4888400000000002,1.5138742050558194,0.012605302417754372,70.99999801200006,0.1100000000000001,1.6285380412777513,1.349141958722249,0.09221428571428571,5438.15,109159,1.59,1.44,1.48
2024-08-01,1.6,1.67,1.57,1.57,3198,1.48984,1.519219518860027,0.015322074677612818,65.2631559711912,0.050000000000000044,1.631651756620485,1.3480282433795152,0.09364285714285714,5496.7,105961,1.59,1.468,1.52
2024-08-05,1.5,1.515,1.4005,1.43,16218,1.483615,1.5107224218257387,0.006107898275352408,51.666665461111144,-0.010000000000000009,1.6244023540224035,1.3428276459775963,0.09360714285714285,6243.05,89743,1.57,1.53,1.44
2024-08-06,1.4101,1.43,1.41,1.43,3451,1.4776150000000001,1.5030345721280494,-0.0011807914786463591,48.27893583751542,-0.020000000000000018,1.616708096805504,1.3385219031944962,0.08360714285714284,6368.55,89743,1.43,1.63,1.45
2024-08-07,1.4301,1.434,1.41,1.41,14369,1.476615,1.4941741366872827,-0.008473288672770751,43.63636252561986,-0.040000000000000036,1.617426427093109,1.3358035729068911,0.07960714285714283,6795.75,75374,1.43,1.59,1.45
2024-08-08,1.42,1.4952,1.4,1.4,3877,1.474615,1.485205171288494,-0.014887942727058956,38.46153742603552,-0.040000000000000036,1.6187140342931152,1.3305159657068848,0.08229999999999997,6285.05,71497,1.41,1.59,1.44
2024-08-09,1.4001,1.4001,1.4,1.4,326,1.475615,1.4770903930705421,-0.019744005672811316,45.4545440082645,-0.06800000000000006,1.6172051613441822,1.3340248386558176,0.07741428571428569,6145.0,71497,1.4,1.57,1.468
2024-08-12,1.41,1.52,1.41,1.41,3840,1.4748649999999999,1.4707008318257286,-0.02252588968371949,45.4545440082645,-0.1200000000000001,1.6177371367995945,1.3319928632004052,0.08169999999999998,6244.4,75337,1.4,1.43,1.53
2024-08-13,1.4101,1.49,1.4,1.41,26152,1.4748649999999999,1.4649198002232782,-0.024448723143049245,45.4545440082645,-0.21999999999999997,1.6177371367995945,1.3319928632004052,0.0874142857142857,7188.5,75337,1.41,1.43,1.63
2024-08-14,1.4237,1.5,1.4237,1.5,1829,1.4773999999999998,1.468260771630585,-0.018497111497750796,55.76922926775152,-0.09000000000000008,1.6201613393044414,1.3346386606955583,0.09143571428571427,7172.0,77166,1.41,1.41,1.59
2024-08-15,1.48,1.6,1.4101,1.5689,7650,1.4818449999999999,1.47784546004672,-0.008127078318981962,58.99447169562738,-0.02110000000000012,1.6303669313948654,1.3333230686051343,0.09678571428571428,7371.3,84816,1.5,1.4,1.59
2024-08-16,1.57,1.59,1.49,1.58,4888,1.484845,1.4875744638517943,0.0009756779117737757,54.90195927720112,0.010000000000000009,1.6389315986863715,1.3307584013136284,0.09178571428571429,7508.8,89704,1.5689,1.4,1.57
2024-08-19,1.54,1.58,1.5005,1.58,4882,1.4918449999999999,1.4963768958659092,0.008096348144739585,43.90243752528265,0.15000000000000013,1.6500195401696902,1.3336704598303095,0.08960714285714289,7620.7,89704,1.58,1.41,1.43
2024-08-20,1.58,1.59,1.5501,1.5585,11662,1.4972699999999999,1.5022933819739177,0.011867855045361253,45.97700985011969,0.12850000000000006,1.6568381026033066,1.3377018973966932,0.0831714285714286,8016.95,78042,1.58,1.41,1.43
2024-08-21,1.545,1.58,1.545,1.58,5404,1.5037699999999998,1.509694012262116,0.016402592871148425,48.789344593097276,0.17000000000000015,1.6658026165995714,1.3417373834004283,0.0767428571428572,8217.9,83446,1.5585,1.5,1.41
2024-08-22,1.5449,1.59,1.5449,1.5755,3446,1.510545,1.5159612491895336,0.01940955164807412,50.691822113998704,0.1755,1.6726818944019664,1.3484081055980337,0.07282142857142863,8163.4,80000,1.58,1.5689,1.4
2024-08-26,1.5,1.6,1.4601,1.4611,11059,1.5101999999999998,1.51073636831434,0.012418313641958667,54.181229474221006,0.061100000000000154,1.6727469130662498,1.3476530869337497,0.07463571428571437,8526.7,68941,1.5755,1.58,1.4
2024-08-27,1.451,1.46,1.4,1.41,10790,1.5042,1.501142428474879,0.0027229754508679704,47.63593222954361,0.0,1.6724292420916629,1.335970757908337,0.07749285714285724,8592.05,58151,1.4611,1.58,1.41
2024-08-29,1.46,1.46,1.43,1.43,757,1.4942,1.4943669590963191,-0.0033086766994170347,52.36406446076382,0.020000000000000018,1.6545352540279548,1.3338647459720452,0.07792142857142867,8424.2,58908,1.41,1.5585,1.41
2024-08-30,1.41,1.445,1.41,1.445,2215,1.4869499999999998,1.4896653439442886,-0.006800043180348103,55.2570075383222,-0.05499999999999994,1.642074310083705,1.3318256899162946,0.07362142857142866,6985.75,61123,1.43,1.58,1.5
2024-09-03,1.4399,1.49,1.4399,1.48,7979,1.48145,1.4887448349972134,-0.006665928109567565,58.63930708218077,-0.08889999999999998,1.6287955444649826,1.3341044555350172,0.07719285714285724,7199.6,69102,1.445,1.5755,1.5689
2024-09-04,1.48,1.55,1.48,1.52,4452,1.4789499999999998,1.4917215173784313,-0.003294004017726726,61.156184875889274,-0.06000000000000005,1.6215911544659054,1.3363088455340941,0.07433571428571438,7262.3,73554,1.48,1.4611,1.58
2024-09-05,1.52,1.55,1.52,1.52,6777,1.48345,1.494414706199533,-0.0006146446407420125,61.156184875889274,-0.06000000000000005,1.6252652022138157,1.3416347977861842,0.07005000000000008,6790.25,73554,1.52,1.41,1.58
2024-09-06,1.52,1.56,1.52,1.56,1959,1.4899499999999999,1.5006609246567204,0.004682456232919963,56.772007235196156,0.0015000000000000568,1.6333580449919711,1.3465419550080286,0.06745714285714295,6715.65,75513,1.52,1.43,1.5585
2024-09-09,1.52,1.56,1.52,1.55,2305,1.49695,1.5053598842132232,0.007981524368098514,47.53970146952404,-0.030000000000000027,1.6375665895730522,1.3563334104269478,0.05675000000000008,6112.45,73208,1.56,1.445,1.58
2024-09-10,1.52,1.54,1.52,1.52,4209,1.50295,1.506754180954821,0.008082144425258342,42.55582978714239,-0.05549999999999988,1.6361960091236014,1.3697039908763986,0.05103571428571436,6129.05,68999,1.55,1.48,1.5755
2024-09-11,1.41,1.4679,1.4,1.4331,5508,1.5046050000000002,1.4997394970543618,0.0011366798640191078,35.007143314758125,-0.028000000000000025,1.633208355526324,1.3760016444736765,0.05020714285714293,6388.15,63491,1.52,1.52,1.4611
2024-09-12,1.4,1.5254,1.4,1.4301,6583,1.5056100000000001,1.4931071640015654,-0.004557193280585459,36.38099170697098,0.020100000000000007,1.6313834789214263,1.379836521078574,0.056314285714285796,6525.3,56908,1.4331,1.52,1.41
2024-09-13,1.43,1.485,1.43,1.45,4049,1.5076100000000001,1.4890017198109402,-0.007378806790072412,36.16432416709124,0.020000000000000018,1.6281450335619814,1.3870749664380189,0.05774285714285722,5420.15,60957,1.4301,1.56,1.43
2024-09-16,1.53,1.535,1.47,1.47,15513,1.50611,1.4871920322098984,-0.007909942083874633,39.13043365376867,0.02499999999999991,1.6277850616666267,1.3844349383333734,0.05916428571428578,6104.35,76470,1.45,1.55,1.445
2024-09-17,1.47,1.5018,1.4291,1.47,11810,1.501165,1.4855546958089556,-0.008235931934182483,51.199782375850745,-0.010000000000000009,1.6201034498053664,1.3822265501946338,0.05436428571428577,6312.35,76470,1.47,1.52,1.48
2024-09-18,1.47,1.49,1.47,1.49,2154,1.496665,1.4859780581128645,-0.006802038718373593,61.77162782577165,-0.030000000000000027,1.6097088997166862,1.3836211002833136,0.05150714285714291,6175.65,78624,1.47,1.4331,1.52
2024-09-19,1.49,1.5495,1.45,1.46,14473,1.4906650000000001,1.4835039573402107,-0.00799426438949613,54.28816249275508,-0.06000000000000005,1.5976617884417115,1.3836682115582888,0.05647142857142863,6655.2,64151,1.49,1.4301,1.52
2024-09-20,1.452,1.46,1.435,1.45,3218,1.48524,1.4803131042601907,-0.009634962400698388,50.72505594503832,-0.1100000000000001,1.5886990465633024,1.3817809534366974,0.0557571428571429,6233.0,60933,1.46,1.45,1.56
2024-09-23,1.43,1.54,1.43,1.49,3067,1.4807400000000002,1.48123566575922,-0.007619726228964119,51.429386163489404,-0.06000000000000005,1.574189821041186,1.3872901789588143,0.06003571428571434,6116.15,64000,1.45,1.47,1.55
2024-09-24,1.49,1.55,1.48,1.52,8543,1.477965,1.4849275071154848,-0.003560840610811411,49.99999793996477,0.0,1.5624311321103448,1.3934988678896552,0.06003571428571434,6371.0,72543,1.49,1.47,1.52
2024-09-25,1.52,1.58,1.52,1.5268,10034,1.48125,1.4889153635806767,0.00020222750143084056,50.9809558172724,0.0936999999999999,1.568032984022143,1.394467015977857,0.06217857142857148,6319.75,82577,1.52,1.49,1.4331
2024-09-26,1.55,1.58,1.52,1.58,6188,1.4897500000000001,1.4975900908587074,0.007392070295159314,52.77931979179967,0.14990000000000014,1.5803661482065294,1.3991338517934708,0.0636071428571429,6089.65,88765,1.5268,1.46,1.4301
2024-09-27,1.6,1.6,1.59,1.59,1414,1.4977500000000001,1.5063910345864495,0.013738618691297777,55.558641529124564,0.14000000000000012,1.594217731174176,1.4012822688258242,0.06146428571428576,6122.5,90179,1.58,1.45,1.45
2024-09-30,1.55,1.5508,1.52,1.55,7737,1.5030000000000001,1.51054426938774,0.015363537022738294,54.05624457331686,0.08000000000000007,1.598806669364587,1.4071933306354132,0.06223571428571433,6398.6,82442,1.59,1.49,1.47
2024-10-01,1.55,1.59,1.55,1.59,6854,1.5085000000000002,1.518111481827003,0.019652421332988945,74.29544428573482,0.1200000000000001,1.6111335945820893,1.405866405417911,0.06024285714285719,6342.35,89296,1.55,1.52,1.47
2024-10-02,1.5999,1.63,1.55,1.55,15150,1.5100000000000002,1.5211484835577647,0.019597815920244788,66.65740224172373,0.06000000000000005,1.614206131752097,1.4057938682479034,0.057000000000000016,6877.25,74146,1.59,1.5268,1.49
2024-10-03,1.52,1.58,1.5117,1.5117,5963,1.509585,1.5202486279808347,0.016276426313237113,58.15490136355111,0.05170000000000008,1.613689507713712,1.405480492286288,0.05795000000000001,6836.55,68183,1.55,1.58,1.46
2024-10-04,1.49,1.57,1.49,1.51,3888,1.507085,1.5192725681731363,0.013353099113309064,55.555553395061814,0.06000000000000005,1.6084574819922135,1.4057125180077865,0.05902142857142859,6933.0,64295,1.5117,1.59,1.45
2024-10-07,1.4815,1.65,1.4815,1.64,30070,1.511585,1.5307704188233138,0.02128094134463776,67.346936851312,0.1499999999999999,1.627871855391487,1.3952981446085129,0.06586428571428572,8321.25,94365,1.51,1.55,1.49
2024-10-08,1.66,1.66,1.56,1.5999,22095,1.51558,1.5373541884591886,0.024050835499448642,60.772395901169304,0.07990000000000008,1.6383909647084907,1.3927690352915092,0.07157857142857142,9215.55,72270,1.64,1.59,1.52
2024-10-09,1.57,1.6383,1.55,1.5501,4483,1.52143,1.5385680752725992,0.02197424732478903,58.50160253062383,0.0233000000000001,1.6387206977959992,1.404139302204001,0.07077857142857143,9164.3,67787,1.5999,1.55,1.5268
2024-10-10,1.56,1.5601,1.56,1.5601,2445,1.52793,1.540618734770447,0.020894592802414014,60.38875099935363,-0.01990000000000003,1.6381025555662516,1.4177574444337484,0.06899999999999999,8957.4,70232,1.5501,1.5117,1.58
2024-10-11,1.57,1.59,1.57,1.59,7207,1.53493,1.5453217124113567,0.02219577979692655,59.61908265743141,0.0,1.6420011145872042,1.4278588854127956,0.06257142857142857,9115.3,77439,1.5601,1.51,1.59
2024-10-14,1.5901,1.65,1.59,1.6499,11939,1.5439250000000002,1.5552815493245609,0.027740632515404595,61.8155341724259,0.09989999999999988,1.6580247324596664,1.429825267540334,0.06185714285714283,8936.6,89378,1.59,1.64,1.55
2024-10-15,1.65,1.65,1.57,1.6,19528,1.550425,1.5595404493888885,0.027788130998615213,56.174087742177434,0.010000000000000009,1.6615660270545305,1.4392839729454694,0.06328571428571425,9322.5,69850,1.6499,1.5999,1.59
2024-10-16,1.6,1.6,1.5989,1.5989,2545,1.55587,1.5632889780185182,0.02742092176468125,51.74773307847555,0.048899999999999944,1.6652021756464128,1.4465378243535874,0.05907857142857139,9342.05,67305,1.6,1.5501,1.55
2024-10-17,1.6,1.6493,1.6,1.62,4058,1.56387,1.5686900277310403,0.02850392396860202,52.71837488572446,0.10830000000000006,1.6668987052488886,1.4608412947511116,0.061885714285714245,8821.3,71363,1.5989,1.5601,1.5117
2024-10-18,1.62,1.6518,1.5401,1.57,6352,1.56987,1.5688147869947506,0.02503899493804318,51.77999158967625,0.06000000000000005,1.6578556950095584,1.4818843049904418,0.06766428571428566,8978.0,65011,1.62,1.59,1.51
2024-10-21,1.5,1.6,1.48,1.51,14323,1.57087,1.5632133787095364,0.017252637493379686,43.12478411181337,-0.1299999999999999,1.6554211268560675,1.4863188731439325,0.07337857142857139,9540.8,50688,1.57,1.6499,1.64
2024-10-22,1.6,1.62,1.57,1.59,4834,1.57437,1.5657644854991044,0.017337370122003648,53.21646711960351,-0.00990000000000002,1.655792151389173,1.4929478486108272,0.07123571428571426,9355.35,55522,1.51,1.6,1.5999
2024-10-23,1.65,1.68,1.6493,1.66,7979,1.5810300000000002,1.5747392964039515,0.02279022480093218,61.346593942077554,0.10989999999999989,1.6676907687601759,1.4943692312398245,0.06854999999999997,9252.6,63501,1.59,1.5989,1.5501
2024-10-24,1.61,1.61,1.54,1.54,1902,1.57903,1.5714307919845276,0.017230037158840972,51.94350773878063,-0.020100000000000007,1.6676157562507972,1.4904442437492027,0.06783571428571425,9038.3,61599,1.66,1.62,1.5601
2024-10-25,1.6,1.65,1.6,1.63,5683,1.58103,1.577008811795525,0.01985689826910475,49.31675226778555,0.039999999999999813,1.6724203392337642,1.4896396607662357,0.05937142857142853,9251.75,67282,1.54,1.57,1.59
2024-10-28,1.63,1.65,1.55,1.5525,13388,1.581155,1.5746746392435702,0.015506354714446946,46.91887590111249,-0.09739999999999993,1.6723733147584288,1.4899366852415714,0.05937142857142853,9534.3,53894,1.63,1.51,1.6499
2024-10-29,1.6,1.69,1.6,1.6487,5669,1.58409,1.5817246736013255,0.01959517267322597,56.044628758429624,0.048699999999999966,1.6801552387977179,1.488024761202282,0.05949285714285709,9475.05,59563,1.5525,1.59,1.6
2024-10-30,1.64,1.6699,1.63,1.635,12507,1.58834,1.586798514210723,0.021482478223029622,54.57097429025554,0.03610000000000002,1.6855689408939944,1.4911110591060057,0.06233571428571424,9342.9,47056,1.6487,1.66,1.5989
2024-10-31,1.64,1.71,1.64,1.64,8260,1.594755,1.5918653223811303,0.02311518224952458,53.14702826780161,0.019999999999999796,1.6875206804733502,1.5019893195266496,0.06590714285714282,9457.75,55316,1.635,1.54,1.62
2024-11-01,1.61,1.82,1.61,1.69,39595,1.603755,1.601211482154356,0.028119549424038937,52.5557670672011,0.11999999999999988,1.6968245150496584,1.5106854849503417,0.07662142857142853,11243.1,94911,1.64,1.63,1.57
2024-11-04,1.7501,1.84,1.73,1.79,26855,1.6112549999999999,1.6191913409967982,0.0396971071882366,61.38269726892192,0.28,1.7355574236542293,1.4869525763457705,0.0787642857142857,11082.35,121766,1.69,1.5525,1.51
2024-11-05,1.77,1.88,1.77,1.83,16060,1.62276,1.6392683561399604,0.05150633783318659,63.2283905149428,0.24,1.7806845842666346,1.4648354157333654,0.08654285714285712,10780.6,137826,1.79,1.6487,1.59
2024-11-06,1.89,1.89,1.7701,1.7701,8455,1.63376,1.6517285126980594,0.055393269673808865,58.22645970056951,0.11010000000000009,1.8007616879839055,1.4667583120160947,0.09158571428571426,10979.2,129371,1.83,1.635,1.66
2024-11-07,1.85,2.0,1.66,1.8208,31173,1.6467950000000002,1.667830559107768,0.06185176875486431,63.734938781720544,0.28079999999999994,1.8295432418376085,1.464046758162392,0.10789285714285712,12415.6,160544,1.7701,1.64,1.54
2024-11-08,1.94,1.94,1.85,1.885,11348,1.6615449999999998,1.6885133630022662,0.07132835044216024,70.44265047296435,0.2550000000000001,1.8707037508392412,1.4523862491607584,0.10574999999999997,12622.65,171892,1.8208,1.69,1.63
2024-11-11,1.92,1.92,1.7815,1.84,20394,1.67105,1.702940661763955,0.07435042042009576,64.16912162959908,0.2875000000000001,1.8947526927348943,1.4473473072651055,0.11207142857142852,13045.4,151498,1.885,1.79,1.5525
2024-11-12,1.89,1.92,1.76,1.76,10753,1.6790500000000002,1.7083748844531021,0.06948907444369068,55.60412376321707,0.11129999999999995,1.903496805326013,1.4546031946739872,0.12130714285714281,12606.65,140745,1.84,1.83,1.6487
2024-11-13,1.83,1.9368,1.7862,1.7862,31070,1.6884150000000002,1.7157868002194734,0.06697845780182221,65.4183355262316,0.1512,1.9144055845733186,1.462424415426682,0.12706428571428566,14032.9,171815,1.76,1.7701,1.635
2024-11-14,1.89,1.89,1.78,1.83,6674,1.698915,1.7266642478176188,0.06774218028690493,63.29433543456435,0.19000000000000017,1.9309546905703867,1.4668753094296132,0.13134999999999994,14163.7,178489,1.7862,1.8208,1.64
2024-11-15,1.89,1.9,1.77,1.805,5780,1.7106649999999999,1.7341247956445123,0.06557424570644121,68.04344583020115,0.11499999999999999,1.938988494191905,1.4823415058080947,0.1334928571428571,14135.1,172709,1.83,1.885,1.69
2024-11-18,1.89,1.905,1.89,1.89,9117,1.729665,1.7489700532021777,0.06990906339169012,67.52360066037701,0.09999999999999987,1.9508102418660669,1.5085197581339331,0.12813571428571427,13874.8,181826,1.805,1.84,1.79
2024-11-19,1.8901,1.9207,1.89,1.89,3425,1.7446650000000001,1.7624014767067322,0.07250860359076716,68.89448582613691,0.05999999999999983,1.9666184258874133,1.522711574112587,0.1274785714285714,13804.35,181826,1.89,1.76,1.83
2024-11-20,1.8901,1.92,1.89,1.9093,12491,1.75713,1.7763918122584719,0.07525857265167324,69.53997827084646,0.1392,1.986926148563762,1.5273338514362382,0.12462142857142855,14029.95,194317,1.89,1.7862,1.7701
2024-11-21,1.91,2.0134,1.905,1.91,49435,1.77563,1.7891164015671888,0.07661129972045355,67.19287130243794,0.08919999999999995,1.9909430313605894,1.5603169686394107,0.11736428571428568,16406.6,243752,1.9093,1.83,1.8208
2024-11-22,1.96,1.96,1.93,1.93,3241,1.7906299999999997,1.8025338871322183,0.07839350697124581,62.50446431750178,0.04499999999999993,2.005022940771457,1.5762370592285422,0.11164999999999996,16284.5,246993,1.91,1.805,1.885
2024-11-25,1.9,2.02,1.89,1.99,35301,1.8125050000000003,1.8203878026434357,0.08368277468084973,63.79785979101406,0.1499999999999999,2.0134515859900466,1.611558414009954,0.1130785714285714,17380.15,282294,1.93,1.89,1.84
2024-11-26,1.94,2.02,1.9,1.97,3917,1.8285699999999998,1.8346365833440608,0.08527769639429916,68.51268575814483,0.20999999999999996,2.025714714146213,1.6314252858537868,0.11308571428571428,17292.55,278377,1.99,1.89,1.76
2024-11-27,1.95,2.005,1.92,1.94,8718,1.8438199999999998,1.8446711944541503,0.08316229094024208,61.4791971095748,0.15379999999999994,2.024409521174119,1.663230478825881,0.09487142857142856,17103.1,269659,1.97,1.9093,1.7862
2024-11-29,1.9443,1.9443,1.94,1.9434,1775,1.85899,1.8540739378394693,0.08082842865070528,56.36998082639674,0.11339999999999995,2.017057765614368,1.7009222343856318,0.08875,16778.85,271434,1.94,1.91,1.83
2024-12-02,1.9099,1.9099,1.77,1.77,25616,1.86299,1.8460668961404723,0.06424630373845153,44.03544543882714,-0.03499999999999992,2.006423342669955,1.719556657330045,0.08885,16079.9,245818,1.9434,1.93,1.805
2024-12-03,1.81,1.81,1.624,1.64,19656,1.85549,1.8264414774604272,0.04015208845125362,40.57788855513436,-0.25,2.0277776040994206,1.6832023959005793,0.09070714285714286,15719.95,226162,1.77,1.99,1.89
2024-12-04,1.65,1.65,1.55,1.59,8805,1.8434900000000003,1.8039232415118152,0.01682867660573173,35.14986301529204,-0.2999999999999998,2.052723960210254,1.6342560397897468,0.08709285714285712,15357.2,217357,1.64,1.97,1.89
2024-12-05,1.6,1.6,1.51,1.54,7431,1.831985,1.778787694701166,-0.005625035542232704,28.254348536951298,-0.36929999999999996,2.0799333500969346,1.5840366499030654,0.08566428571428572,15306.0,209926,1.59,1.94,1.9093
2024-12-06,1.52,1.5298,1.51,1.5281,6989,1.8173499999999998,1.754912676158198,-0.02410216003943977,28.82055927262074,-0.3818999999999999,2.1001776953609035,1.534522304639096,0.07779285714285715,14096.8,202937,1.54,1.9434,1.91
2024-12-09,1.59,1.63,1.54,1.6,12103,1.8031,1.7401590879526552,-0.03256825860519719,27.36496974225794,-0.32999999999999985,2.0999476128641765,1.5062523871358233,0.08314999999999999,14134.55,215040,1.5281,1.77,1.93
2024-12-10,1.54,1.63,1.54,1.6186,11657,1.7920299999999998,1.7285820319571643,-0.03734633288201761,29.41444112287293,-0.37139999999999995,2.099409635664197,1.4846503643358027,0.08738571428571426,13697.7,226697,1.6,1.64,1.99
2024-12-11,1.562,1.63,1.56,1.63,3420,1.78553,1.719193267008863,-0.03975483742503294,28.558267465352756,-0.3400000000000001,2.1011491715876685,1.4699108284123317,0.0902428571428571,13331.05,230117,1.6186,1.59,1.97
2024-12-12,1.62,1.65,1.56,1.56,17542,1.7742200000000001,1.7040320034842094,-0.04677284141256499,25.714681709678686,-0.3799999999999999,2.105558101134113,1.4428818988658874,0.08892857142857138,12654.65,212575,1.63,1.54,1.94
2024-12-13,1.56,1.7,1.56,1.58,13056,1.76172,1.6922194317238084,-0.0501428121559333,25.714681709678686,-0.36339999999999995,2.102914018581497,1.420525981418503,0.09678571428571424,12973.75,225631,1.56,1.5281,1.9434
2024-12-16,1.58,1.65,1.55,1.57,12891,1.74997,1.6805794858453504,-0.0530093953633457,18.68475952641421,-0.19999999999999996,2.1009342662872212,1.3990057337127788,0.09464285714285707,13329.3,212740,1.58,1.6,1.77
2024-12-17,1.545,1.57,1.52,1.545,2199,1.7327199999999998,1.667667153860079,-0.056645500208312605,18.54647682112096,-0.09499999999999997,2.0885847442646255,1.3768552557353744,0.08964285714285707,12983.4,210541,1.57,1.6186,1.64
2024-12-18,1.54,1.63,1.5314,1.6,6293,1.7182199999999999,1.6612226630162619,-0.05446130314716058,25.73508369927039,0.010000000000000009,2.070718227543137,1.3657217724568627,0.09061428571428563,13126.8,216834,1.545,1.63,1.59
2024-12-19,1.6,1.6,1.53,1.531,3440,1.6993049999999996,1.6488205046337607,-0.057633669516365504,23.087966166494994,-0.009000000000000119,2.0492209205776217,1.3493890794223775,0.09530714285714278,12674.25,213394,1.6,1.56,1.54
2024-12-20,1.51,1.53,1.43,1.495,11625,1.678555,1.6341709327638787,-0.062334142660137815,28.13295102757425,-0.03309999999999991,2.025066143437431,1.332043856562569,0.0924571428571428,10783.75,201769,1.531,1.58,1.5281
2024-12-23,1.48,1.48,1.4039,1.4299,15435,1.6535499999999999,1.6147165582149379,-0.07049965133219982,31.370809648534603,-0.17010000000000014,1.9958124693049715,1.3112875306950282,0.0846071428571428,11393.45,186334,1.495,1.57,1.6
2024-12-24,1.42,1.49,1.41,1.49,30821,1.62855,1.602838790765896,-0.07129941281223062,41.28919759921818,-0.12860000000000005,1.9388917776377645,1.3182082223622353,0.0831785714285714,11169.45,217155,1.4299,1.545,1.6186
2024-12-26,1.5,1.5274,1.39,1.44,43339,1.6020499999999998,1.5873303345024774,-0.07510208163205245,41.28919759921818,-0.18999999999999995,1.8782650535171326,1.325834946482867,0.08656428571428568,13140.55,173816,1.49,1.6,1.63
2024-12-27,1.42,1.5,1.42,1.4519,10004,1.577645,1.5744322074070034,-0.07627622863753158,43.36236828036036,-0.10810000000000008,1.8110738258481385,1.3442161741518615,0.09086428571428569,13204.85,183820,1.44,1.531,1.56
2024-12-30,1.42,1.425,1.36,1.3949,15831,1.55022,1.5573339019396697,-0.08087390815876994,31.658021028058855,-0.18510000000000004,1.7239707179841224,1.3764692820158775,0.08907857142857141,13907.65,167989,1.4519,1.495,1.58
2024-12-31,1.37,1.49,1.37,1.4714,8516,1.5352900000000003,1.5491497208025582,-0.07745187464226788,38.071311940035066,-0.09860000000000002,1.678082066711661,1.3924979332883396,0.09122142857142855,13052.65,176505,1.3949,1.4299,1.57
2025-01-02,1.44,1.44,1.36,1.4,12535,1.52329,1.5349449854880288,-0.0795838783015006,33.01329326117268,-0.14500000000000002,1.6693322995681579,1.3772477004318422,0.09193571428571426,12696.6,163970,1.4714,1.49,1.545
2025-01-03,1.4,1.45,1.37,1.45,11793,1.5162900000000001,1.5268549868701213,-0.07635870876612838,41.62861402922284,-0.15000000000000013,1.6622899120403403,1.37029008795966,0.09122142857142855,12846.0,175763,1.4,1.44,1.6
2025-01-06,1.43,1.435,1.3985,1.4,22745,1.5092899999999998,1.5147735595491574,-0.07695028581087704,36.89956256682114,-0.131,1.6636866716303294,1.3548933283696702,0.0838285714285714,13611.7,153018,1.45,1.4519,1.531
2025-01-07,1.47,1.54,1.45,1.45,19827,1.505385,1.5086046491159042,-0.07254824177686992,41.746904285479154,-0.04500000000000015,1.6617170255434686,1.3490529744565314,0.08311428571428571,14253.6,172845,1.4,1.3949,1.495
2025-01-08,1.47,1.57,1.47,1.55,14831,1.5028849999999998,1.512547063485818,-0.06029537831117948,50.31171981999493,0.1201000000000001,1.6543703374874332,1.3513996625125664,0.08668571428571428,14390.0,187676,1.45,1.4714,1.4299
2025-01-10,1.54,1.55,1.47,1.4716,4480,1.495535,1.5086473431538354,-0.05626256074334135,42.22195227634198,-0.018399999999999972,1.6373357686862002,1.3537342313137999,0.08535714285714288,14031.15,183196,1.55,1.4,1.49
2025-01-13,1.41,1.5147,1.41,1.41,10410,1.484535,1.4992523580915653,-0.05737573717032185,42.603911251277815,-0.030000000000000027,1.6161851148379265,1.3528848851620734,0.08783571428571431,14380.65,172786,1.4716,1.45,1.44
2025-01-14,1.44,1.52,1.4015,1.415,3991,1.477285,1.4912283239876067,-0.05719516899008936,44.917407078978776,-0.03689999999999993,1.6073980888678532,1.3471719111321467,0.08915714285714287,13703.1,176777,1.41,1.4,1.4519
2025-01-15,1.4,1.52,1.4,1.52,7437,1.4742849999999998,1.4939684836078346,-0.04802583301993901,55.44805807682571,0.1251,1.5969818240484484,1.3515881759515513,0.09229285714285716,13422.15,184214,1.415,1.45,1.3949
2025-01-16,1.49,1.57,1.49,1.55,11761,1.4732850000000002,1.4993048185023266,-0.03790141500321331,53.76505929629665,0.0786,1.592986669073344,1.3535833309266563,0.09229285714285716,13365.65,195975,1.52,1.55,1.4714
2025-01-17,1.55,1.55,1.55,1.55,513,1.473535,1.5041329310259146,-0.029537253708021183,57.36475521812189,0.15000000000000013,1.593886437574766,1.3531835624252342,0.08247857142857143,13281.35,195975,1.55,1.4716,1.4
2025-01-21,1.5499,1.5499,1.4601,1.48,2108,1.467535,1.5018345566424942,-0.028231574588332586,51.74555755443185,0.030000000000000027,1.5722950019091106,1.3627749980908894,0.08317857142857144,13072.1,193867,1.55,1.41,1.45
2025-01-22,1.49,1.5129,1.48,1.48,857,1.464985,1.4997550750574948,-0.0268868792713306,55.68926222803894,0.08000000000000007,1.5656429884141132,1.3643270115858868,0.0808857142857143,12942.95,193867,1.48,1.415,1.4
2025-01-23,1.52,1.71,1.4861,1.559774,20839,1.4682236999999998,1.5054711631472573,-0.019163201979991662,55.882391054065394,0.10977400000000004,1.5768044157853547,1.359642984214645,0.08830714285714288,13403.65,214706,1.48,1.52,1.45
2025-01-24,1.5504,1.5821,1.46,1.49,7431,1.4712287,1.5039977190379947,-0.018459520888712833,56.00361713452556,-0.06000000000000005,1.5786641807629949,1.363793219237005,0.09131428571428575,13003.45,207275,1.559774,1.55,1.55
2025-01-27,1.46,1.503,1.46,1.5,3976,1.4717287000000001,1.503616983891519,-0.016900118086272453,53.5233687511949,0.02839999999999998,1.579624110372302,1.3638332896276981,0.08867142857142861,11661.2,211251,1.49,1.55,1.4716
2025-01-28,1.49,1.505,1.49,1.505,1948,1.4749786999999999,1.5037486997113743,-0.01508690941671098,57.90010531880093,0.09499999999999997,1.582765782520842,1.3671916174791576,0.08713571428571432,9591.65,213199,1.5,1.48,1.41
2025-01-29,1.49,1.55,1.49,1.55,1504,1.4798837,1.5081535854531483,-0.009904630152335114,57.58094815520133,0.135,1.5920866651190773,1.3676807348809228,0.08499285714285718,9166.65,214703,1.505,1.48,1.415
2025-01-30,1.52,1.54,1.5,1.51,3545,1.4856387,1.5083294344576104,-0.008922449758280937,46.6641525727746,-0.010000000000000009,1.5910926184190612,1.3801847815809387,0.08070714285714288,8552.35,211158,1.55,1.559774,1.52
2025-01-31,1.5001,1.501,1.5,1.5,1648,1.4870687,1.507536154985457,-0.008848975663129588,52.67345309136372,-0.050000000000000044,1.5924852878110438,1.3816521121889562,0.07506428571428572,8208.95,209510,1.51,1.49,1.55
2025-02-03,1.5001,1.53,1.47,1.5,2903,1.4920687,1.506818425939223,-0.008690567461365761,59.58368295856534,-0.050000000000000044,1.5892623544194517,1.394875045580548,0.07187142857142859,7727.35,209510,1.5,1.5,1.55
2025-02-04,1.5198,1.52,1.495,1.52,8404,1.4955687,1.5080738139450114,-0.006871979070111278,60.83483813432779,0.040000000000000036,1.5914159059084694,1.3997214940915306,0.06519285714285715,7557.9,217914,1.5,1.505,1.48
2025-02-05,1.52,1.6,1.49,1.5053,10082,1.5008337,1.5078096411883437,-0.00654149552630634,48.13568953070238,0.0253000000000001,1.585492370662581,1.4161750293374191,0.06447857142857143,6924.75,207832,1.52,1.55,1.48
2025-02-06,1.5,1.68,1.5,1.6018,13330,1.5084237,1.516761103932311,0.001489982982671334,55.62129237956953,0.0420259999999999,1.6007636288010723,1.4160837711989278,0.07162142857142857,6599.9,221162,1.5053,1.51,1.559774
2025-02-07,1.5336,1.6781,1.5336,1.623,2653,1.5120737,1.5268790940339956,0.009456640128078897,57.5734294861105,0.133,1.6163348462598037,1.4078125537401962,0.08194285714285712,5991.0,223815,1.6018,1.5,1.49
2025-02-10,1.62,1.88,1.5651,1.71,35994,1.5239937,1.5443191803164722,0.02253072603826234,73.04849198177187,0.20999999999999996,1.6588068715274997,1.3891805284725,0.09802142857142855,7566.7,259809,1.623,1.5,1.5
2025-02-11,1.5548,1.72,1.5548,1.6201,5714,1.5344986999999999,1.551536401238713,0.025345685357771597,61.89610754125768,0.1151000000000002,1.6645707974505985,1.4044266025494012,0.10747142857142855,7331.9,254095,1.71,1.52,1.505
2025-02-12,1.6604,1.69,1.6604,1.6705,1798,1.5472737,1.562866267787407,0.031282810917411696,59.895543245016576,0.12050000000000005,1.678114275424077,1.4164331245759232,0.09359285714285712,7222.25,255893,1.6201,1.5053,1.55
2025-02-13,1.68,1.68,1.68,1.68,421,1.5552737,1.5740218613314634,0.036335740504965575,69.03044678199869,0.16999999999999993,1.698108814982418,1.4124385850175822,0.08487142857142853,6871.45,256314,1.6705,1.6018,1.51
2025-02-14,1.7218,1.8099,1.7218,1.755,13382,1.5655237,1.5912578745379906,0.04586341194245058,72.59836757111461,0.2549999999999999,1.7339032310989233,1.3971441689010766,0.08809285714285711,6952.5,269696,1.68,1.623,1.5
2025-02-18,1.76,1.7925,1.59,1.66,18521,1.5710237,1.5978047436296106,0.045227104243131144,61.846528789588206,0.15999999999999992,1.744380771018291,1.397666628981709,0.10148571428571426,7852.9,251175,1.755,1.71,1.5
2025-02-19,1.68,1.75,1.61,1.61,3135,1.5775237,1.5989661966172668,0.040224559985907904,54.55096971524034,0.09000000000000008,1.7461959389052333,1.4088514610947667,0.10719999999999996,7904.25,248040,1.66,1.6201,1.52
2025-02-20,1.64,1.64,1.6005,1.6005,1983,1.5835487,1.5991122731299081,0.03508895340277429,57.19739016897812,0.09519999999999995,1.7460489449502248,1.421048455049775,0.10716428571428567,7960.55,246057,1.61,1.6705,1.5053
2025-02-21,1.61,1.61,1.53,1.565,3390,1.5838100000000002,1.595863485212774,0.027833547066669517,54.96789854853167,-0.036799999999999944,1.746166020749719,1.4214539792502814,0.11280714285714281,7088.1,242667,1.6005,1.68,1.6018
2025-02-24,1.55,1.555,1.5301,1.5301,3420,1.585815,1.5896002961448907,0.01904787489944626,52.184007066353075,-0.09289999999999998,1.7442358688405966,1.4273941311594034,0.11029999999999995,6887.55,239247,1.565,1.755,1.623
2025-02-25,1.52,1.596,1.52,1.53,7547,1.5873149999999998,1.583924077464425,0.011939466507468577,50.74715972734574,-0.17999999999999994,1.7428566109497423,1.4317733890502573,0.11394285714285711,7066.1,231700,1.5301,1.66,1.71
2025-02-26,1.54,1.6266,1.5,1.525,6945,1.5883150000000001,1.578312260563051,0.005835277978056164,51.4935546309177,-0.09510000000000018,1.7418728516047706,1.4347571483952297,0.11512857142857139,7315.95,224755,1.53,1.61,1.6201
2025-02-27,1.6,1.6,1.53,1.53,1605,1.5873149999999998,1.5737110928903795,0.0013851555920143532,43.67957638817947,-0.14050000000000007,1.7421783798580268,1.4324516201419728,0.10727142857142855,7321.0,226360,1.525,1.6005,1.6705
2025-02-28,1.476,1.56,1.476,1.51,3095,1.587315,1.5676433697579624,-0.003712634375306001,40.03175624480488,-0.16999999999999993,1.742178379858027,1.432451620141973,0.10294999999999999,7298.5,223265,1.53,1.565,1.68
2025-03-03,1.49,1.56,1.48,1.498,5404,1.587215,1.5610106678762516,-0.008621585097562168,28.446522167036775,-0.2569999999999999,1.742318174829222,1.432111825170778,0.08617142857142857,7486.3,217861,1.51,1.5301,1.755
2025-03-04,1.475,1.48,1.46,1.48,15100,1.586215,1.5532953661737514,-0.013805274864599815,33.31745542642443,-0.17999999999999994,1.7439218069151339,1.428508193084866,0.07579999999999999,8096.15,202761,1.498,1.53,1.66
2025-03-05,1.49,1.5,1.4634,1.4634,3066,1.583385,1.5447339027286322,-0.01903346172065934,23.180522339996585,-0.14660000000000006,1.7479758774731071,1.418794122526893,0.0763,7829.25,199695,1.48,1.525,1.61
2025-03-06,1.53,1.69,1.53,1.66,19472,1.5911199999999999,1.5557116262782862,-0.007229523084003819,48.255407055869334,0.059499999999999886,1.7547976241017016,1.4274423758982981,0.08772857142857142,8298.75,219167,1.4634,1.53,1.6005
2025-03-07,1.75,1.75,1.66,1.68,5189,1.59503,1.5675486142517827,0.00369640631034418,42.76341065479015,0.11499999999999999,1.7634493150568236,1.4266106849431763,0.08786428571428571,7891.7,224356,1.66,1.51,1.565
2025-03-10,1.62,1.62,1.5066,1.5124,3181,1.5895000000000001,1.5622963652754225,-0.0011553174554548296,37.50846221205405,-0.01770000000000005,1.761281893537612,1.4177181064623883,0.08150000000000002,7918.1,221175,1.68,1.498,1.5301
2025-03-11,1.49,1.5,1.4717,1.5,4983,1.5790000000000002,1.5563633781063346,-0.005932533312357435,40.05784425016301,-0.030000000000000027,1.745355889902528,1.4126441100974723,0.0735214285714286,6367.55,216192,1.5124,1.48,1.53
2025-03-12,1.65,1.67,1.65,1.67,14002,1.5814949999999999,1.567185913524779,0.003953494529810531,54.86899149759579,0.14500000000000002,1.7518939927694437,1.411096007230556,0.07212857142857146,6781.95,230194,1.5,1.4634,1.525
2025-03-13,1.65,1.6899,1.65,1.68,4906,1.5819699999999999,1.5779301122367049,0.01245162466792138,58.35512813575735,0.1499999999999999,1.753463109881537,1.4104768901184628,0.06926428571428575,6937.35,235100,1.67,1.66,1.53
2025-03-14,1.605,1.605,1.52,1.5611,5092,1.576025,1.5763272444046377,0.00948290469444224,52.0072510643596,0.05109999999999992,1.7413417788472176,1.4107082211527824,0.07355714285714289,7170.9,230008,1.68,1.68,1.51
2025-03-17,1.605,1.63,1.605,1.6099,1484,1.56877,1.5795246496994342,0.010941794690213058,54.86660888277193,0.11190000000000011,1.7123179322111746,1.4252220677888254,0.06991428571428573,6576.0,231492,1.5611,1.5124,1.498
2025-03-18,1.5643,1.5643,1.53,1.53,1286,1.56227,1.5748080163947262,0.005586317681883113,50.2790793660336,0.050000000000000044,1.7000827959836848,1.4244572040163153,0.0633214285714286,5714.25,230206,1.6099,1.5,1.48
2025-03-19,1.53,1.55,1.53,1.55,579,1.5592700000000002,1.5724453481666572,0.0029222109923721096,51.09793509511299,0.08660000000000001,1.6953088040616533,1.423231195938347,0.05975000000000002,5586.45,230785,1.53,1.67,1.4634
2025-03-20,1.5,1.545,1.5,1.53,3110,1.555745,1.568402934055547,-0.0007937952286678485,51.09793509511299,-0.1299999999999999,1.6909364428154563,1.4205535571845436,0.056964285714285724,5642.8,227675,1.55,1.68,1.66
2025-03-21,1.47,1.47,1.4601,1.4601,1137,1.5505,1.5580883689073997,-0.009272218390694142,48.04376930668652,-0.21989999999999998,1.692164213807449,1.408835786192551,0.05195714285714286,5530.15,226538,1.53,1.5611,1.68
2025-03-24,1.48,1.588,1.46,1.5452,3757,1.5512549999999998,1.556860905201933,-0.00902058732515143,53.14732502021379,0.03279999999999994,1.6926220768639255,1.4098879231360741,0.059671428571428584,5547.0,230295,1.4601,1.6099,1.5124
2025-03-26,1.55,1.55,1.48,1.5201,942,1.55076,1.553359866611273,-0.010722920965251515,52.71473643779919,0.020100000000000007,1.6925092582362415,1.4090107417637583,0.06205714285714287,5216.75,229353,1.5452,1.53,1.5
2025-03-27,1.54,1.5404,1.54,1.5404,469,1.55153,1.5521255936006755,-0.01031508639877421,43.110598383008785,-0.12959999999999994,1.692856752412156,1.410203247587844,0.05065714285714288,4892.95,229822,1.5201,1.55,1.67
2025-03-31,1.5,1.53,1.5,1.5155,1297,1.550805,1.5486374418291826,-0.011864331836448416,40.57738507494171,-0.16449999999999987,1.6927442379265025,1.4088657620734975,0.046371428571428584,4877.55,228525,1.5404,1.53,1.68
2025-04-01,1.51,1.51,1.47,1.5,6818,1.550305,1.5440053045121176,-0.01417938929517959,49.13984366265565,-0.06109999999999993,1.6929183156106824,1.4076916843893177,0.04112857142857144,5063.7,221707,1.5155,1.4601,1.5611
2025-04-02,1.46,1.519,1.46,1.519,3017,1.5513549999999998,1.541623846939535,-0.014315922753784793,51.30602045877881,-0.0909000000000002,1.692649980355576,1.4100600196444237,0.04332142857142857,4944.35,224724,1.5,1.5452,1.6099
2025-04-03,1.52,1.52,1.47,1.495,1945,1.552105,1.5371834805643412,-0.01617427890791956,34.95011955744468,-0.03499999999999992,1.6919570944276057,1.4122529055723945,0.04546428571428572,4286.6,222779,1.519,1.5201,1.53
2025-04-04,1.46,1.4701,1.46,1.46,2153,1.551935,1.5298326728915468,-0.020237956477022978,31.860157575787923,-0.09000000000000008,1.692248607773139,1.4116213922268612,0.04333571428571429,4240.95,220626,1.495,1.5404,1.55
2025-04-07,1.455,1.48,1.45,1.476,5560,1.542735,1.5247057516637805,-0.021914764185271718,41.549154753350216,-0.05400000000000005,1.677222601072008,1.408247398927992,0.03940714285714286,3545.35,226186,1.46,1.5155,1.53
2025-04-08,1.55,1.55,1.4501,1.4501,1051,1.53124,1.5176004419815157,-0.025044858381930712,33.374947009468855,-0.010000000000000009,1.655217678805918,1.4072623211940818,0.04475714285714288,3338.45,225135,1.476,1.5,1.4601
2025-04-09,1.46,1.5669,1.46,1.47,1033,1.52912,1.5130670665547046,-0.02562433550601484,42.86733095543833,-0.07519999999999993,1.6558731475784754,1.4023668524215247,0.049942857142857164,3231.05,226168,1.4501,1.519,1.5452
2025-04-10,1.46,1.63,1.46,1.63,11477,1.53562,1.5242035364066375,-0.013022793816838574,57.135210845713594,0.10989999999999989,1.6692329618672739,1.402007038132726,0.06065714285714287,3555.75,237645,1.47,1.495,1.5201
2025-04-11,1.59,1.6101,1.4805,1.4805,4508,1.526145,1.5200412948441007,-0.014927309088089258,46.413562310114656,-0.059900000000000064,1.6457792931824367,1.4065107068175635,0.06670000000000002,3081.05,233137,1.63,1.46,1.5404
2025-04-14,1.6134,1.63,1.61,1.63,2967,1.523645,1.5305135524779958,-0.004323412971968921,61.03676646158928,0.11449999999999982,1.6312243264232593,1.4160656735767405,0.06742142857142859,2984.1,236104,1.4805,1.476,1.5155
2025-04-15,1.63,1.63,1.585,1.585,8066,1.52484,1.535702737956282,0.000444008919258998,52.727520918057444,0.08499999999999996,1.6346783769573714,1.4150016230426286,0.06149285714285714,3132.8,228038,1.63,1.4501,1.5
2025-04-16,1.5533,1.57,1.55,1.56,2689,1.522345,1.5380167629128265,0.0021798065956424306,52.73474881660524,0.04100000000000015,1.6261492180463228,1.4185407819536773,0.05792142857142857,3193.05,225349,1.585,1.47,1.519
2025-04-17,1.56,1.6122,1.56,1.6122,1808,1.526455,1.545081833111605,0.0076790235034003285,54.71499768057531,0.11719999999999997,1.6377726862100355,1.4151373137899643,0.06162142857142857,3219.15,227157,1.56,1.63,1.495
2025-04-21,1.63,1.63,1.56,1.56,3693,1.5269549999999998,1.5465026109104998,0.007735913975251529,52.82109707176954,0.10000000000000009,1.6388065270582444,1.4151034729417553,0.06447857142857141,3374.85,223464,1.6122,1.4805,1.46
2025-04-22,1.56,1.65,1.56,1.6,5291,1.530455,1.551597600347595,0.010883210909319985,56.14854797579973,0.12400000000000011,1.6469904515745415,1.4139195484254583,0.06804999999999997,3483.9,228755,1.56,1.63,1.476
2025-04-23,1.55,1.6,1.55,1.56,1435,1.53545,1.5523978288859195,0.010034133454139393,52.45744337760225,0.10990000000000011,1.647776132311222,1.4231238676887779,0.06740714285714285,3498.8,227320,1.6,1.585,1.4501
2025-04-24,1.56,1.6501,1.55,1.551,7895,1.53574,1.5522647023253557,0.008536604012568949,53.41796783709527,0.08099999999999996,1.6482019870281244,1.4232780129718758,0.07098571428571425,3705.7,219425,1.56,1.56,1.47
2025-04-25,1.5717,1.69,1.5717,1.615,29449,1.5404849999999999,1.5582394925800838,0.01237145582885879,59.136995015423324,-0.014999999999999902,1.6580603335212356,1.4229096664787642,0.07871428571428567,5131.05,248874,1.551,1.6122,1.63
2025-04-28,1.62,1.63,1.59,1.59,6043,1.542965,1.561264302810552,0.013240682114227464,56.649555771005865,0.10950000000000015,1.6626070323077768,1.423322967692223,0.07942857142857138,5409.75,242831,1.615,1.56,1.4805
2025-04-29,1.59,1.6339,1.59,1.62,3773,1.54819,1.5668581787333564,0.01616397128807212,59.86299682098927,-0.009999999999999787,1.6718419546741385,1.4245380453258614,0.07542857142857136,5533.55,246604,1.59,1.6,1.63
2025-04-30,1.62,1.62,1.555,1.61,15105,1.55369,1.5709669236158939,0.017472371965151723,58.221751450429274,0.025000000000000133,1.6780999995980967,1.4292800004019033,0.07243571428571423,5947.9,231499,1.62,1.56,1.585
2025-05-01,1.63,1.69,1.63,1.6397,8702,1.559725,1.5775129308905707,0.020667587629927375,50.672582569108094,0.07969999999999988,1.6886767882164069,1.4307732117835932,0.06457857142857137,6232.15,240201,1.61,1.551,1.56
2025-05-02,1.6106,1.6106,1.55,1.55,7127,1.562475,1.5748926517581354,0.01577987810654724,55.254799979484055,-0.06220000000000003,1.6879129087332334,1.4370370912667667,0.05964999999999993,6491.25,233074,1.6397,1.615,1.6122
2025-05-05,1.55,1.55,1.55,1.55,1885,1.566975,1.5725219230192653,0.011770648387585236,42.184445895697074,-0.010000000000000009,1.68304138526926,1.45090861473074,0.05822142857142852,6477.85,233074,1.55,1.59,1.56
2025-05-06,1.5752,1.6212,1.57,1.61,4426,1.5736750000000002,1.5760912636840971,0.013281700335548763,52.37281561651592,0.010000000000000009,1.682898168450263,1.4644518315497372,0.05866428571428566,6421.15,237500,1.55,1.62,1.6
2025-05-07,1.53,1.63,1.53,1.6001,4641,1.581175,1.5783778099998975,0.013524470946225664,53.91831003545762,0.040100000000000025,1.6740456825871832,1.4883043174128168,0.06437857142857137,6600.65,232859,1.61,1.61,1.56
2025-05-08,1.6,1.6,1.6,1.6,1013,1.587675,1.5804370661903835,0.013552573607625629,48.672757438166656,0.049000000000000155,1.6646139060434104,1.5107360939565895,0.06064999999999993,6599.65,231846,1.6001,1.6397,1.551
2025-05-09,1.6,1.6104,1.6,1.6104,1175,1.586695,1.5832906789341565,0.014249775708635504,56.031592186590984,-0.0045999999999999375,1.6618424193274646,1.5115475806725354,0.056392857142857085,6084.55,233021,1.6,1.55,1.615
2025-05-12,1.64,1.64,1.62,1.62,9309,1.59367,1.5867868047499512,0.01539943803041055,52.581309405941326,0.030000000000000027,1.6511297744879794,1.5362102255120205,0.05139285714285708,6324.6,242330,1.6104,1.55,1.59
2025-05-13,1.62,1.62,1.56,1.57,13450,1.59067,1.5851880614404321,0.01213607445880549,51.25817635225348,-0.050000000000000044,1.6463818942228106,1.5349581057771895,0.052107142857142796,6848.75,228880,1.62,1.61,1.62
2025-05-14,1.57,1.58,1.57,1.58,3685,1.5904200000000002,1.5846939603508672,0.01023872608266152,53.63955634800758,-0.030000000000000027,1.6462836912493162,1.5345563087506842,0.04567142857142852,6629.7,232565,1.57,1.6001,1.61
2025-05-15,1.58,1.58,1.55,1.55,13455,1.58992,1.5813897736507847,0.006242356544854388,41.08122783990893,-0.08969999999999989,1.6470937370697876,1.5327462629302124,0.03936428571428568,7168.0,219110,1.58,1.6,1.6397
2025-05-16,1.587,1.61,1.56,1.56,7855,1.58731,1.57935265235071,0.003837880621559764,45.70692432771339,0.010000000000000009,1.644965123477075,1.529654876522925,0.04007857142857141,7470.35,226965,1.55,1.6104,1.55
2025-05-19,1.6086,1.6086,1.57,1.58,1696,1.58831,1.5794143045077853,0.0035057370278495092,44.107246265464205,0.030000000000000027,1.6446494561190323,1.5319705438809679,0.03969999999999999,7370.5,228661,1.56,1.62,1.55
2025-05-20,1.51,1.5907,1.51,1.5907,962,1.5878450000000002,1.580489132649901,0.004059120399981797,47.16259729410066,-0.019300000000000095,1.643931154591316,1.5317588454086843,0.04082142857142855,7154.05,229623,1.58,1.57,1.61
2025-05-21,1.54,1.59,1.54,1.59,3342,1.5893450000000002,1.5813949295403866,0.004390584632848915,42.01221283133728,-0.010099999999999998,1.6438787548776126,1.5348112451223879,0.040107142857142834,7249.4,226281,1.5907,1.58,1.6001
2025-05-22,1.56,1.561,1.56,1.561,2224,1.589845,1.579452555298445,0.0022868533664872626,52.19648270466948,-0.039000000000000146,1.6430660277002669,1.536623972299733,0.03584999999999997,6965.85,224057,1.59,1.55,1.6
2025-05-23,1.556,1.556,1.55,1.55,1102,1.5865950000000002,1.5766475500319266,-0.00026492302016634106,49.99999732211185,-0.06040000000000001,1.6412669778121627,1.5319230221878377,0.036278571428571396,5548.5,222955,1.561,1.56,1.6104
2025-05-27,1.575,1.775,1.575,1.6932,62840,1.591755,1.5877477833622193,0.009162202865163893,62.07196497676288,0.07319999999999993,1.6643293023970605,1.5191806976029396,0.04690714285714283,8388.35,285795,1.55,1.58,1.62
2025-05-28,1.69,1.69,1.6101,1.64,7699,1.592755,1.59272418494677,0.012199840491959213,55.143076122704116,0.06999999999999984,1.6674870680832459,1.518022931916754,0.045471428571428545,8584.65,278096,1.6932,1.5907,1.57
2025-05-29,1.598,1.68,1.57,1.68,5473,1.596255,1.6010361673327917,0.017631609681135307,59.35016168559543,0.09999999999999987,1.680357055172329,1.512152944827671,0.05332857142857139,8103.05,283569,1.64,1.59,1.58
2025-05-30,1.62,1.645,1.59,1.61,8989,1.59477,1.6018898656820497,0.01610229369338323,49.9589645067183,0.06000000000000005,1.676661895364039,1.512878104635961,0.05651428571428568,8117.4,274580,1.68,1.561,1.55
2025-06-02,1.7,1.7,1.6101,1.68,10142,1.60127,1.609328926093283,0.02030465531331105,55.47644984178477,0.11999999999999988,1.6886525732355264,1.5138874267644735,0.06150714285714282,8268.15,284722,1.61,1.55,1.56
2025-06-03,1.68,1.68,1.67,1.67,1566,1.6072700000000002,1.6151071236082084,0.022567990994868836,59.84639456902417,0.08999999999999986,1.6962937602819377,1.5182462397180627,0.05793571428571425,8252.2,283156,1.68,1.6932,1.58
2025-06-04,1.67,1.67,1.6,1.6,4816,1.6067699999999998,1.613668349931236,0.018500029024637987,51.76118223906912,0.009300000000000086,1.6958415170966215,1.5176984829033782,0.062221428571428525,8271.7,278340,1.67,1.64,1.5907
2025-06-05,1.61,1.67,1.6,1.615,16129,1.607515,1.6137951737473089,0.016298633987851474,55.879159221584246,0.02499999999999991,1.6966008669161925,1.5184291330838076,0.06507857142857136,8846.1,294469,1.6,1.68,1.59
2025-06-06,1.6215,1.65,1.62,1.65,26281,1.610015,1.6172432524380413,0.017180177660023332,57.78816059357174,0.08899999999999997,1.7009989609925495,1.5190310390074504,0.06364999999999991,10109.5,320750,1.615,1.61,1.561
2025-06-09,1.64,1.74,1.64,1.7195,13445,1.6154700000000002,1.626981990301085,0.02321921982300701,61.11908041500538,0.16949999999999998,1.7187963221164115,1.5121436778835888,0.06803571428571421,10723.0,334195,1.65,1.68,1.55
2025-06-10,1.68,1.72,1.65,1.65,2109,1.6169699999999998,1.6291741817009815,0.022141897075224515,54.32152636568813,-0.04320000000000013,1.7214379371612933,1.5125020628387063,0.06727142857142851,10363.0,332086,1.7195,1.67,1.6932
2025-06-11,1.6236,1.63,1.6236,1.63,1793,1.61997,1.6292528310627927,0.019450069884509258,52.8352697197423,-0.010000000000000009,1.722180270366633,1.517759729633367,0.06415714285714279,9780.15,330293,1.65,1.6,1.64
2025-06-12,1.62,1.71,1.6087,1.67,13642,1.6244699999999999,1.6331335138187173,0.020310318440108333,57.60748072793868,-0.010000000000000009,1.727194323978507,1.5217456760214927,0.07132142857142851,10278.0,343935,1.63,1.615,1.68
2025-06-13,1.6141,1.73,1.6141,1.72,10701,1.6329699999999998,1.641406512502649,0.024741449719394293,61.252315518225544,0.10999999999999988,1.737859477672048,1.5280805223279517,0.07917142857142849,10140.3,354636,1.67,1.65,1.61
2025-06-16,1.69,1.69,1.6101,1.68,9478,1.6389699999999998,1.645082082740492,0.024740296736277534,48.98803942681301,0.0,1.73993978391161,1.5380002160883897,0.07059285714285705,10221.45,345158,1.72,1.7195,1.68
2025-06-17,1.75,1.75,1.68,1.68,2010,1.6439700000000002,1.6484075986699689,0.0244574526983794,53.338896916954,0.010000000000000009,1.7425192257439714,1.5454207742560289,0.06988571428571422,10237.15,345158,1.68,1.65,1.67
2025-06-18,1.71,1.7457,1.68,1.725,15481,1.650685,1.6557021130823528,0.027546877424261318,53.72516431762865,0.125,1.7522082464953066,1.5491617535046933,0.06672142857142851,10963.1,360639,1.68,1.63,1.6
2025-06-20,1.73,1.738,1.66,1.6664,10370,1.654505,1.6567209594554622,0.02497879847816553,54.758689222710686,0.05140000000000011,1.7520868679231334,1.5569231320768664,0.06836428571428567,11314.5,350269,1.725,1.67,1.615
2025-06-23,1.64,1.64,1.61,1.61,2703,1.656955,1.6522713442692276,0.018182966842584358,43.95509392854696,-0.039999999999999813,1.7468063503398485,1.5671036496601514,0.06408571428571423,11338.45,347566,1.6664,1.72,1.65
2025-06-24,1.66,1.7339,1.6411,1.675,16368,1.663205,1.6544359781483489,0.017836569215361697,50.394320653753184,-0.044499999999999984,1.7378310988634573,1.5885789011365428,0.06999999999999995,12101.75,363934,1.61,1.68,1.7195
2025-06-25,1.68,1.68,1.64,1.68,7836,1.6625450000000002,1.6568706468961252,0.017760769715795544,57.02987557395735,0.030000000000000027,1.7362823282601623,1.588807671739838,0.06785714285714282,9351.55,371770,1.675,1.68,1.65
2025-06-26,1.6592,1.67,1.645,1.655,24935,1.6632950000000002,1.656692490048875,0.015504678715100972,53.45423014100307,0.025000000000000133,1.736368963251371,1.5902210367486294,0.06464285714285711,10213.35,346835,1.68,1.725,1.63
2025-06-27,1.64,1.69,1.64,1.69,3406,1.663795,1.6598646338537442,0.0163524173474332,53.45423014100307,0.020000000000000018,1.7374844900740123,1.5901055099259875,0.06607142857142856,10110.0,350241,1.655,1.6664,1.67
2025-06-30,1.6851,1.7,1.6851,1.7,2140,1.668295,1.6636870496771972,0.01762796849985948,48.12319408330179,-0.020000000000000018,1.739087609635095,1.5975023903649053,0.05999285714285712,9767.55,352381,1.69,1.61,1.72
2025-07-01,1.65,1.7,1.65,1.69,6964,1.668795,1.6661930449460356,0.017628722610736336,54.3478244328923,0.010000000000000009,1.7400752763004834,1.5975147236995166,0.05856428571428569,9608.65,345417,1.7,1.675,1.68
2025-07-02,1.69,1.69,1.69,1.69,985,1.669795,1.668460373998794,0.017428416314577033,56.81818001033064,0.010000000000000009,1.741704840480245,1.5978851595197547,0.058107142857142836,9579.6,345417,1.69,1.68,1.68
2025-07-03,1.685,1.685,1.68,1.68,488,1.6737949999999997,1.6695593859989089,0.016275145953602577,51.21951044616306,-0.04500000000000015,1.7378265210205888,1.6097634789794106,0.051228571428571415,9363.2,344929,1.69,1.655,1.725
2025-07-07,1.68,1.68,1.6329,1.6329,3030,1.67469,1.6660680159037746,0.01142884984795467,39.30238135535903,-0.033500000000000085,1.7356899102674028,1.6136900897325972,0.046314285714285704,8708.25,341899,1.68,1.69,1.6664
2025-07-08,1.628,1.66,1.56,1.6597,13331,1.675175,1.6654615381986533,0.009639542644407584,47.42320217333123,0.049699999999999855,1.7354988584204996,1.6148511415795006,0.047749999999999994,8060.75,355230,1.6329,1.7,1.61
2025-07-09,1.5945,1.62,1.5945,1.62,2110,1.6702,1.6611318678940197,0.004960859876450341,43.08117942081064,-0.05499999999999994,1.7315354194915964,1.6088645805084034,0.04457142857142856,7494.0,353120,1.6597,1.69,1.675
2025-07-10,1.63,1.6629,1.63,1.65,7504,1.6702,1.660071689999351,0.003631853606666846,41.041565755895995,-0.030000000000000027,1.7315354194915964,1.6088645805084034,0.04222857142857143,7763.75,360624,1.62,1.69,1.68
2025-07-11,1.65,1.6963,1.65,1.65,4051,1.6712,1.6591124814279843,0.0025492207331134775,47.722220366358066,-0.0050000000000001155,1.7303904330818811,1.612009566918119,0.03996428571428571,7876.65,360624,1.65,1.68,1.655
2025-07-14,1.65,1.68,1.65,1.68,3074,1.6717,1.6611017689110334,0.004065115538926634,60.49160417601182,-0.010000000000000009,1.7310165637646153,1.6123834362353846,0.03996428571428572,7348.25,363698,1.65,1.6329,1.69
2025-07-15,1.7,1.7,1.67,1.685,3244,1.66995,1.6633777909195064,0.00560531670543063,51.827482728125894,-0.014999999999999902,1.7251918796128216,1.6147081203871785,0.035478571428571436,6975.4,366942,1.68,1.6597,1.7
2025-07-16,1.6701,1.6701,1.67,1.67,1195,1.66945,1.664008477498601,0.005551567571433047,48.2369510743395,-0.020000000000000018,1.7244895264667475,1.6144104735332527,0.03262857142857144,6561.25,365747,1.685,1.62,1.69
