Date,Open,High,Low,Close,Volume,SMA_20,EMA_20,MACD,RSI_14,Momentum_10,Bollinger_Upper,Bollinger_Lower,ATR_14,Volume_MA_20,OBV,Lag_1,Lag_5,Lag_10
2023-08-14,13.07,13.26,13.07,13.21,97499,13.122,13.140343582385777,0.032277676631467855,60.43955950972113,-0.06999999999999851,13.391314920336377,12.852685079663623,0.11962857142857113,67632.2,184337,13.23,13.26,13.28
2023-08-15,13.21,13.25,13.13,13.18,57253,13.135,13.14412038406332,0.028178924282816098,53.012047298591916,-0.05000000000000071,13.38785735525245,12.88214264474755,0.12069999999999961,67248.75,127084,13.21,13.26,13.23
2023-08-16,13.15,13.18,13.1,13.1,82125,13.141499999999999,13.139918442723957,0.019303761798374452,49.99999920454547,-0.0600000000000005,13.38292341054234,12.900076589457658,0.1149857142857139,67676.9,44959,13.18,13.27,13.16
2023-08-17,13.12,13.15,13.0502,13.09,83513,13.151499999999999,13.135164305321675,0.011512424830277368,43.037973920846056,0.0600000000000005,13.363882475240953,12.939117524759045,0.11639999999999961,68310.55,-38554,13.1,13.21,13.03
2023-08-18,13.08,13.16,13.07,13.1,122610,13.16,13.131815323862467,0.006012651123302959,37.49999927083336,-0.09999999999999964,13.347167248596996,12.972832751403004,0.11123571428571388,71294.55,84056,13.09,13.23,13.2
2023-08-21,13.11,13.15,13.06,13.06,86693,13.166,13.124975769208898,-0.0011150931222925209,38.028168264233294,-0.1999999999999993,13.329694194990799,13.002305805009202,0.11266428571428529,71764.95,-2637,13.1,13.21,13.26
2023-08-22,13.13,13.16,13.08,13.09,78541,13.1695,13.121644743569956,-0.004544117682531379,44.776118467364654,-0.16999999999999993,13.322707805215494,13.016292194784505,0.10909285714285678,71961.2,75904,13.06,13.18,13.26
2023-08-23,13.13,13.22,13.08,13.1,76763,13.168000000000001,13.119583339420435,-0.006453891793089639,56.36363492892571,-0.16999999999999993,13.323407782776057,13.012592217223945,0.10623571428571399,72380.05,152667,13.09,13.1,13.27
2023-08-24,13.08,13.09,12.99,12.99,69694,13.1625,13.107242068999442,-0.01573329004311752,28.571427755102007,-0.22000000000000064,13.334897948455252,12.990102051544747,0.10552142857142817,70311.15,82973,13.1,13.09,13.21
2023-08-25,12.97,13.07,12.97,13.06,74851,13.1555,13.102742824332829,-0.017744353212782116,29.999999159999945,-0.16999999999999993,13.332786565525396,12.978213434474604,0.10694999999999968,70969.1,157824,12.99,13.1,13.23
2023-08-28,13.06,13.13,13.01,13.06,61062,13.144499999999999,13.098672079158273,-0.019108366578388214,29.999999159999945,-0.15000000000000036,13.316482251226232,12.972517748773766,0.11123571428571413,69318.1,157824,13.06,13.06,13.21
2023-08-29,13.06,13.13,13.03,13.12,54841,13.139,13.100703309714628,-0.015564075438293301,36.36363543801641,-0.0600000000000005,13.306445199205122,12.971554800794877,0.11230714285714287,69940.05,212665,13.06,13.09,13.18
2023-08-30,13.13,13.163,13.08,13.13,56505,13.1375,13.103493470694188,-0.011878612463601002,41.999998823999995,0.030000000000001137,13.304690405164136,12.970309594835863,0.10395000000000008,70055.3,269170,13.12,13.1,13.1
2023-08-31,13.18,13.23,13.1588,13.18,57078,13.145,13.11077980681855,-0.005158213580685356,45.283017671769265,0.08999999999999986,13.30519724683882,12.98480275316118,0.10457142857142873,69825.8,326248,13.13,12.99,13.09
2023-09-01,13.24,13.26,13.1709,13.21,48157,13.145500000000002,13.120229349026308,0.0023894881025512404,49.99999870370374,0.11000000000000121,13.306480548023998,12.984519451976006,0.09736428571428592,70435.3,374405,13.18,13.06,13.1
2023-09-05,13.23,13.24,13.1528,13.22,27374,13.1435,13.129731315785708,0.009013055354845534,53.846152396449845,0.16000000000000014,13.299404829269251,12.987595170730748,0.09502142857142891,68661.3,401779,13.21,13.06,13.06
2023-09-06,13.21,13.29,13.16,13.24,93617,13.142499999999998,13.140233095234688,0.01559437531539487,65.21738931947091,0.15000000000000036,13.295487787610304,12.989512212389693,0.0985928571428574,70103.7,495396,13.22,13.12,13.09
2023-09-07,13.21,13.22,13.06,13.09,77590,13.133500000000002,13.135448990926623,0.009234310281735603,49.999998833333365,-0.009999999999999787,13.275704448816342,12.991295551183661,0.10289285714285741,72016.55,417806,13.24,13.13,13.1
2023-09-08,13.14,13.31,13.13,13.29,152140,13.1375,13.150168134647897,0.019319235595657958,62.0253153565134,0.29999999999999893,13.29267392618743,12.982326073812569,0.10932142857142882,75542.2,569946,13.09,13.18,12.99
2023-09-11,13.37,13.37,13.27,13.28,92608,13.14,13.16253307420524,0.02622865704203825,64.47368302285318,0.21999999999999886,13.302869014209195,12.977130985790806,0.11003571428571453,77525.7,477338,13.29,13.21,13.06
2023-09-12,13.24,13.32,13.24,13.25,51991,13.142,13.170863257614265,0.029043923878285582,60.52631467451529,0.1899999999999995,13.309407476409794,12.974592523590205,0.11003571428571453,75250.3,425347,13.28,13.22,13.06
2023-09-13,13.28,13.32,13.25,13.27,36809,13.1465,13.180304852127191,0.03244725817192595,61.0389599291618,0.15000000000000036,13.322810133452094,12.970189866547905,0.1050357142857145,74228.1,462156,13.25,13.24,13.12
2023-09-14,13.24,13.24,13.11,13.18,40148,13.1505,13.180275818591268,0.027821566557159727,62.6666654968889,0.049999999999998934,13.325996288759683,12.975003711240316,0.10717857142857172,72129.25,422008,13.27,13.09,13.13
2023-09-15,13.17,13.2036,13.05,13.07,95259,13.1495,13.169773359677814,0.015402358600718813,50.63291049511297,-0.10999999999999943,13.326667776564003,12.972332223435997,0.11100714285714311,72716.55,326749,13.18,13.29,13.18
2023-09-18,13.11,13.14,13.06,13.08,51961,13.148500000000002,13.161223515898975,0.006274565033679735,51.249999103125,-0.13000000000000078,13.327064450991502,12.969935549008502,0.10815000000000019,69184.1,378710,13.07,13.28,13.21
2023-09-19,13.1,13.17,13.06,13.06,37236,13.148500000000002,13.151583181051453,-0.0024939204580753938,46.05263073060951,-0.16000000000000014,13.327064450991502,12.969935549008502,0.10886428571428576,66711.25,341474,13.08,13.25,13.22
2023-09-20,13.06,13.15,13.06,13.09,54409,13.148499999999999,13.14571811618941,-0.007002944663460298,47.435896584483835,-0.15000000000000036,13.327064450991498,12.969935549008499,0.10936428571428573,65504.65,395883,13.06,13.27,13.24
2023-09-21,13.03,13.08,13.0,13.0,34733,13.1435,13.131840200361848,-0.017454817513629095,39.02438957763235,-0.08999999999999986,13.333045161956335,12.953954838043664,0.1099928571428571,63403.15,361150,13.09,13.18,13.09
2023-09-22,13.0,13.1447,12.98,13.05,63111,13.1465,13.124045895565482,-0.021543947132036223,40.47618980158726,-0.23999999999999844,13.327523406454004,12.965476593545995,0.11539285714285707,63074.0,424261,13.0,13.07,13.29
2023-09-25,13.01,13.0762,12.8,12.86,160035,13.136500000000002,13.098898667416389,-0.03933326242863444,32.35294073241052,-0.41999999999999993,13.35571150565271,12.917288494347293,0.12889285714285695,67333.2,264226,13.05,13.08,13.28
2023-09-26,12.89,12.9,12.72,12.74,85555,13.120499999999998,13.06471784194816,-0.06219981753950066,27.678571082589244,-0.5099999999999998,13.401286489403565,12.83971351059643,0.13246428571428556,68557.85,178671,12.86,13.06,13.25
2023-09-27,12.79,12.8417,12.6912,12.73,73132,13.101000000000003,13.032839952238811,-0.08018201073884512,31.632652609329426,-0.5399999999999991,13.431670769640649,12.770329230359357,0.1317857142857141,69472.4,105539,12.74,13.09,13.27
2023-09-28,12.7,12.75,12.69,12.75,95026,13.081999999999999,13.005902813930353,-0.091782148807253,16.249999715624952,-0.4299999999999997,13.447490297948846,12.716509702051152,0.12321428571428557,71398.45,200565,12.73,13.0,13.18
2023-09-29,12.85,12.89,12.7,12.88,207216,13.067000000000002,12.99391206974651,-0.08961228787336317,28.260869135160718,-0.1899999999999995,13.440100804778439,12.693899195221565,0.12964285714285712,78905.35,407781,12.75,13.05,13.07
2023-10-02,12.82,12.89,12.7,12.73,74727,13.043000000000001,12.96877758691351,-0.09868072078822898,24.999999663461537,-0.34999999999999964,13.438453104545582,12.64754689545442,0.13750000000000004,80233.85,333054,12.88,12.86,13.08
2023-10-03,12.7,12.87,12.7,12.77,91315,13.020500000000002,12.949846388159841,-0.10150926702066165,26.415093990744012,-0.2900000000000009,13.424661249737623,12.616338750262381,0.14464285714285716,83430.9,424369,12.73,12.74,13.06
2023-10-04,12.8,12.81,12.71,12.77,109997,12.997,12.932718160716046,-0.10256582645968493,28.865978964820883,-0.3200000000000003,13.402078290028772,12.591921709971228,0.14249999999999993,84249.9,424369,12.77,12.73,13.09
2023-10-05,12.8,12.87,12.7401,12.77,53027,12.981,12.917221193028803,-0.10222246128054202,32.558139004867456,-0.23000000000000043,13.395774510712561,12.566225489287438,0.14080714285714283,83021.75,424369,12.77,12.75,13.0
2023-10-06,12.76,12.92,12.69,12.92,54813,12.9625,12.917485841311775,-0.0889487953857877,41.99999941200001,-0.13000000000000078,13.351445944018478,12.573554055981523,0.15152142857142856,78155.4,479182,12.77,12.88,13.05
2023-10-09,12.94,12.9684,12.91,12.95,48116,12.946000000000002,12.92058242785351,-0.07516597476694109,44.55445482795799,0.08999999999999986,13.305086560448512,12.586913439551491,0.14783571428571435,75930.8,527298,12.92,12.73,12.86
2023-10-10,12.92,12.99,12.88,12.93,67529,12.930000000000001,12.92147933948651,-0.0650918398953344,41.99999941200001,0.1899999999999995,13.259337452918345,12.600662547081658,0.14926428571428577,76707.7,459769,12.95,12.77,12.74
2023-10-11,12.97,12.99,12.92,12.94,42451,12.913499999999999,12.923243211916366,-0.0556662125682692,46.73912972353495,0.20999999999999908,13.20159903268075,12.625400967319248,0.14855000000000004,76989.8,502220,12.93,12.77,12.73
2023-10-12,12.94,12.9929,12.81,12.85,63666,12.897,12.916267667924332,-0.054770106744800984,39.58333275607633,0.09999999999999964,13.157291334752763,12.636708665247237,0.14985000000000007,78165.7,438554,12.94,12.77,12.75
2023-10-13,12.8,12.85,12.74,12.76,40670,12.881499999999999,12.901385032883919,-0.06057039123219532,44.186045792320186,-0.120000000000001,13.135252884349708,12.62774711565029,0.1379785714285715,75436.25,397884,12.85,12.92,12.88
2023-10-16,12.8,12.8,12.62,12.63,48863,12.859,12.875538839275928,-0.07472375004132026,43.6781602166733,-0.09999999999999964,13.11838388538999,12.59961611461001,0.13797857142857164,75281.35,349021,12.76,12.95,12.73
2023-10-17,12.62,12.68,12.54,12.58,97638,12.834999999999999,12.847392283154411,-0.08892288803184556,41.75824111580725,-0.1899999999999995,13.10469768650337,12.565302313496629,0.13722857142857173,78301.45,251383,12.63,12.93,12.77
2023-10-18,12.6,12.65,12.54,12.55,51286,12.808000000000002,12.819069208568276,-0.10141169647113912,39.13043418714558,-0.21999999999999886,13.078329233966382,12.53767076603362,0.14080000000000034,78145.3,200097,12.58,12.94,12.77
2023-10-19,12.59,12.6039,12.455,12.48,46301,12.782,12.786776902990345,-0.11559311569567399,26.744185611141077,-0.28999999999999915,13.073753320460982,12.490246679539018,0.13786428571428594,78723.7,153796,12.55,12.85,12.77
2023-10-20,12.48,12.55,12.44,12.44,30921,12.751499999999998,12.75375053127698,-0.1285598735790554,30.666666094222123,-0.4800000000000004,13.052674892362365,12.450325107637632,0.1321500000000002,77114.2,122875,12.48,12.76,12.92
2023-10-23,12.45,12.53,12.44,12.45,56979,12.731,12.7248219092506,-0.1364581712764572,27.77777723765429,-0.5,13.05595505762135,12.40604494237865,0.12643571428571448,71961.4,179854,12.44,12.63,12.95
2023-10-24,12.56,12.5792,12.46,12.51,58821,12.7195,12.704362679798162,-0.13632381997821597,33.333332735042745,-0.41999999999999993,13.05906473687108,12.37993526312892,0.12780714285714304,70624.7,238675,12.45,12.58,12.93
2023-10-25,12.49,12.53,12.39,12.4,40727,12.703,12.675375757912624,-0.14340442089210903,29.213482686529503,-0.5399999999999991,13.071273353852686,12.334726646147313,0.12852857142857158,69004.45,197948,12.51,12.55,12.94
2023-10-26,12.46,12.5099,12.4,12.45,59869,12.687999999999999,12.653911400016183,-0.143342363182958,20.253164198045056,-0.40000000000000036,13.072302512420414,12.303697487579583,0.1199500000000001,67246.6,257817,12.4,12.48,12.85
2023-10-27,12.51,12.51,12.35,12.38,68803,12.663,12.627824600014641,-0.1472245268358794,15.662650338220303,-0.379999999999999,13.0595695001145,12.2664304998855,0.1272071428571429,60325.95,189014,12.45,12.44,12.76
2023-10-30,12.36,12.44,12.36,12.44,53358,12.6485,12.60993654287039,-0.14381599304003956,21.83908010833649,-0.19000000000000128,13.055815990097967,12.241184009902033,0.12506428571428582,59257.5,242372,12.38,12.45,12.63
2023-10-31,12.52,12.58,12.435,12.58,106637,12.639,12.6070854435494,-0.12837011575719792,31.999999551999977,0.0,13.043235470721566,12.234764529278433,0.13042142857142863,60023.6,349009,12.44,12.51,12.58
2023-11-01,12.55,12.83,12.53,12.83,85170,12.642,12.6283154013066,-0.09491593468106352,49.13793044143879,0.27999999999999936,13.051189185431015,12.232810814568984,0.13878571428571437,58782.25,434179,12.58,12.4,12.55
2023-11-02,12.89,13.06,12.8201,13.04,70101,12.6555,12.667523458325018,-0.05091356968345728,60.93749933349611,0.5599999999999987,13.098859186688475,12.212140813311525,0.1480642857142859,59635.95,504280,12.83,12.45,12.48
2023-11-03,13.14,13.29,13.14,13.22,106605,12.6705,12.720140271817874,-0.0015334017463128902,72.18045036802536,0.7800000000000011,13.168473789206677,12.172526210793324,0.14592142857142854,62225.55,610885,13.04,12.38,12.44
2023-11-06,13.21,13.22,13.0,13.03,98081,12.6745,12.749650722120933,0.022046688832887185,65.30612182701651,0.5800000000000001,13.18309869403977,12.16590130596023,0.15163571428571426,64723.8,512804,13.22,12.44,12.45
2023-11-07,13.08,13.13,12.91,12.95,105160,12.6755,12.768731605728464,0.03390011168571583,63.15789415512461,0.4399999999999995,13.186287833181575,12.164712166818424,0.15949285714285708,66605.35,407644,13.03,12.58,12.51
2023-11-08,12.97,13.08,12.97,13.0,93064,12.6785,12.790757167087659,0.04678165201353224,67.33333270488887,0.5999999999999996,13.196482930017472,12.160517069982527,0.15671428571428564,69136.0,500708,12.95,12.83,12.4
2023-11-09,13.08,13.09,12.86,12.9,106641,12.681000000000001,12.801161246412644,0.04837678810625157,64.74358916255758,0.45000000000000107,13.202935668550518,12.159064331449484,0.16528571428571417,71284.75,394067,13.0,13.04,12.45
2023-11-10,12.93,13.0,12.93,12.95,42453,12.6905,12.815336365801915,0.05305744212463459,65.62499942578128,0.5699999999999985,13.225249326418721,12.155750673581279,0.16385714285714276,71373.9,436520,12.9,13.22,12.38
2023-11-13,12.94,12.9509,12.86,12.95,77104,12.7065,12.82816147382078,0.056119766545737804,64.28571370129872,0.5099999999999998,13.252654980896365,12.160345019103636,0.16183571428571433,72785.95,436520,12.95,13.03,12.44
2023-11-14,12.92,13.0,12.92,13.0,111709,12.727500000000001,12.844527047742611,0.06186256160921211,70.2702696055515,0.41999999999999993,13.28534830988551,12.169651690114492,0.15755000000000013,73489.5,548229,12.95,12.95,12.58
2023-11-15,13.0,13.04,12.9203,12.95,77355,12.747499999999999,12.854572090814743,0.061673044536219024,66.89189125913074,0.11999999999999922,13.30723207876627,12.187767921233727,0.15825000000000017,74792.95,470874,13.0,13.0,12.83
2023-11-16,12.95,12.9874,12.85,12.88,158595,12.767500000000002,12.856993796451434,0.05524397479374521,66.89189125913074,-0.15999999999999837,13.315448326415062,12.219551673584942,0.1566357142857144,80407.65,312279,12.95,12.9,13.04
2023-11-17,12.88,13.0,12.88,12.97,76274,12.794,12.867756292027488,0.056749207441400884,67.54966824788389,-0.25,13.326299875910891,12.26170012408911,0.1594928571428572,82675.3,388553,12.88,12.95,13.22
2023-11-20,12.92,13.03,12.92,12.98,80355,12.8205,12.878446168977252,0.05807862297564981,64.4927529689141,-0.049999999999998934,13.333098129244807,12.307901870755192,0.15699285714285718,83844.1,468908,12.97,12.95,13.03
2023-11-21,12.93,13.03,12.9101,13.03,52327,12.8465,12.892879867169894,0.06244318057730425,58.47457557742026,0.08000000000000007,13.345352367149381,12.34764763285062,0.14412857142857138,83519.4,521235,12.98,13.0,12.95
2023-11-22,13.04,13.07,12.98,13.0,55817,12.876499999999998,12.903081784582286,0.0627598249851804,47.99999932800006,0.0,13.332629021451758,12.420370978548238,0.1334214285714285,84273.9,465418,13.03,12.95,13.0
2023-11-24,13.02,13.08,13.02,13.08,35685,12.908000000000001,12.919931138431592,0.06866938178870541,42.222221565432065,0.17999999999999972,13.325491254241856,12.490508745758147,0.12699285714285719,83064.7,501103,13.0,12.88,12.9
2023-11-27,13.05,13.0696,12.96,12.99,71275,12.9385,12.926604363342868,0.06534239194646041,47.49999916875006,0.040000000000000924,13.274812824301257,12.602187175698742,0.11910714285714276,83188.3,429828,13.08,12.97,12.95
2023-11-28,13.01,13.14,13.01,13.1,89563,12.9715,12.94311823350069,0.0707601242340985,59.03614358252294,0.15000000000000036,13.219886371352576,12.723113628647425,0.11267857142857134,84998.55,519391,12.99,12.98,12.95
2023-11-29,13.1,13.22,13.09,13.18,79569,13.001500000000002,12.96567840173872,0.08057609448721337,60.465115294753964,0.17999999999999972,13.188022187194461,12.814977812805543,0.11410714285714287,83645.15,598960,13.1,13.03,13.0
2023-11-30,13.15,13.21,13.12,13.18,138430,13.019,12.986089982525508,0.08734827993078476,68.4210513711912,0.23000000000000043,13.203436553061692,12.834563446938308,0.10410714285714295,86308.15,598960,13.18,13.0,12.95
2023-12-01,13.2,13.23,13.05,13.16,295259,13.025,13.002652841332603,0.09006398529059112,64.38356040908252,0.27999999999999936,13.219827859242095,12.830172140757906,0.11196428571428577,97566.05,303701,13.18,13.08,12.88
2023-12-04,13.17,13.205,13.13,13.18,84567,13.023,13.019543046919974,0.09275986447525497,65.3333321137779,0.20999999999999908,13.210065988919798,12.835934011080202,0.11082857142857135,96464.15,388268,13.16,12.99,12.97
2023-12-05,13.25,13.25,13.12,13.16,119623,13.029499999999999,13.032919899594262,0.09222012300131865,61.11110992283962,0.17999999999999972,13.226367575047995,12.832632424952003,0.11439999999999996,97541.25,268645,13.18,13.1,12.98
2023-12-06,13.15,13.19,13.13,13.17,217511,13.0405,13.045975147251951,0.09154362120273696,66.17646922577876,0.14000000000000057,13.243163838853809,12.83783616114619,0.11013571428571416,103158.8,486156,13.16,13.18,13.03
2023-12-07,13.16,13.26,13.14,13.26,96043,13.0535,13.066358466561288,0.09714698313988102,77.14285560000013,0.2599999999999998,13.277461932855644,12.829538067144355,0.108892857142857,103307.75,582199,13.17,13.18,13.0
2023-12-08,13.25,13.26,13.16,13.26,74519,13.0715,13.084800517364975,0.10042990745341918,73.77049011018556,0.17999999999999972,13.30130769993058,12.84169230006942,0.1074642857142856,101701.65,582199,13.26,13.16,13.08
2023-12-11,13.26,13.27,13.14,13.18,89248,13.082999999999998,13.093867134758787,0.09547779758712771,64.7058810207613,0.1899999999999995,13.310211934453077,12.85578806554692,0.108892857142857,104041.4,492951,13.26,13.18,12.99
2023-12-12,13.18,13.23,13.11,13.2,146717,13.095499999999998,13.103975026686522,0.09210478061197414,63.076921718343286,0.09999999999999964,13.31938671947641,12.871613280523585,0.10889999999999997,107522.05,639668,13.18,13.16,13.1
2023-12-13,13.2,13.22,13.1451,13.22,134281,13.1065,13.115025024144948,0.09000742035449605,67.18749853027356,0.040000000000000924,13.332240885460381,12.88075911453962,0.10782142857142864,108650.65,773949,13.2,13.17,13.18
2023-12-14,13.14,13.36,13.08,13.36,120266,13.127,13.138355974226382,0.09850354501190317,69.99999860000005,0.17999999999999972,13.366921039642573,12.887078960357428,0.12353571428571428,110796.2,894215,13.22,13.26,13.18
2023-12-15,13.38,13.74,13.38,13.67,198987,13.166500000000003,13.188988738585774,0.12876069196905426,86.9565204158791,0.5099999999999998,13.483078750492156,12.84992124950785,0.14142142857142861,112815.8,1093202,13.36,13.26,13.16
2023-12-18,13.73,13.73,13.555,13.57,104729,13.1965,13.22527552538713,0.1430235620642346,75.82417465765013,0.39000000000000057,13.546614267061507,12.846385732938494,0.14463571428571434,114238.55,988473,13.67,13.18,13.18
2023-12-19,13.57,13.62,13.54,13.56,121108,13.2255,13.257154046778831,0.15177063807458424,72.61904640873028,0.40000000000000036,13.595619468621482,12.855380531378518,0.1410642857142857,116276.2,867365,13.57,13.2,13.16
2023-12-20,13.61,13.68,13.5,13.53,119078,13.250499999999999,13.283139375657038,0.15450141340046208,70.11494140044923,0.35999999999999943,13.632377632646644,12.868622367353353,0.147492857142857,119613.75,748287,13.56,13.22,13.17
2023-12-21,13.6,13.63,13.55,13.61,101890,13.281,13.314268958927796,0.1612607637944503,74.19354727020463,0.34999999999999964,13.675856402945914,12.886143597054087,0.1403499999999999,121917.4,850177,13.53,13.36,13.26
2023-12-22,13.69,13.72,13.54,13.59,103259,13.3065,13.34052905807753,0.16312358574849917,72.04300966816976,0.33000000000000007,13.712418062771574,12.900581937228425,0.14785000000000004,125296.1,746918,13.61,13.67,13.26
2023-12-26,13.56,13.67,13.55,13.62,83747,13.338,13.367145338260622,0.16511684434262186,74.46808399728383,0.4399999999999995,13.738242032038794,12.937757967961204,0.1471357142857142,125919.7,830665,13.59,13.57,13.18
2023-12-27,13.63,13.74,13.57,13.74,153008,13.37,13.402655306045325,0.17436806746371225,77.14285611428572,0.5400000000000009,13.791875511695617,12.948124488304382,0.15499285714285715,129091.95,983673,13.62,13.56,13.2
2023-12-28,13.76,13.78,13.66,13.78,76678,13.4,13.43859289594577,0.18281947914032415,75.999998936,0.5599999999999987,13.849420679729405,12.950579320270595,0.15499285714285715,128947.4,1060351,13.74,13.53,13.22
2023-12-29,13.83,13.98,13.76,13.98,260015,13.440000000000001,13.490155477284269,0.20330994019196247,79.99999906666667,0.620000000000001,13.945839583475383,12.93416041652462,0.1635642857142858,135026.65,1320366,13.78,13.61,13.36
2024-01-02,13.95,14.0198,13.93,13.99,86481,13.4815,13.53775971754291,0.2178443606392264,85.84070690108858,0.3200000000000003,14.025375953349293,12.937624046650708,0.16069285714285733,124587.75,1406847,13.98,13.59,13.67
2024-01-03,13.92,13.98,13.92,13.95,48143,13.52,13.577020696824537,0.2235585657451047,82.60869464650278,0.379999999999999,14.082700256750778,12.957299743249221,0.156407142857143,122766.55,1358704,13.99,13.62,13.57
2024-01-04,13.93,13.96,13.9,13.91,79021,13.557500000000001,13.608733011412676,0.22229721371377842,79.48717853605083,0.34999999999999964,14.119147014076527,12.995852985923475,0.15534285714285723,120736.45,1279683,13.95,13.74,13.56
2024-01-05,13.89,14.1,13.89,14.03,121575,13.6005,13.648853676992422,0.22834741970701167,79.13043381928166,0.5,14.168876265292099,13.032123734707902,0.1503428571428572,115939.65,1401258,13.91,13.78,13.53
2024-01-08,13.98,14.0399,13.96,13.99,94120,13.637,13.681343802993144,0.22729470344168412,68.18181709710748,0.3800000000000008,14.207063708351072,13.06693629164893,0.13033571428571428,115843.5,1307138,14.03,13.98,13.61
2024-01-09,13.96,14.03,13.85,13.87,137755,13.6675,13.69931105985094,0.21430773450336282,66.66666562962959,0.27999999999999936,14.217557413271347,13.117442586728654,0.13069285714285708,119005.3,1169383,13.99,13.99,13.59
2024-01-10,13.85,13.9801,13.85,13.92,75023,13.704500000000001,13.72032905415085,0.20567880359663526,69.14893514033496,0.3000000000000007,14.214586679940442,13.19441332005956,0.13427142857142854,118294.05,1244406,13.87,13.95,13.62
2024-01-11,13.76,13.808,13.7001,13.78,75117,13.733499999999998,13.72601200137458,0.18540695994993328,61.90476107936508,0.03999999999999915,14.185455982952261,13.281544017047734,0.12912142857142847,114714.05,1169289,13.92,13.91,13.74
2024-01-12,13.75,13.82,13.75,13.8,58336,13.7625,13.733058477434144,0.16900689633168575,59.59595875318851,0.02000000000000135,14.144785371500388,13.38021462849961,0.12840714285714278,110916.8,1227625,13.78,14.03,13.78
2024-01-16,13.81,13.87,13.75,13.76,57812,13.782499999999999,13.73562433672613,0.15104112969614825,58.41584077443386,-0.22000000000000064,14.11469366577191,13.450306334228088,0.12412142857142834,107794.1,1169813,13.8,13.99,13.98
2024-01-17,13.75,13.86,13.73,13.86,79974,13.792000000000002,13.747469637990307,0.14322090145817512,61.111110318930024,-0.13000000000000078,14.121503613908834,13.46249638609117,0.12483571428571404,101843.45,1249787,13.76,13.87,13.99
2024-01-18,13.86,13.86,13.7,13.745,71049,13.800749999999999,13.747234434372182,0.12628844559286811,50.23255748534339,-0.20500000000000007,14.114341672150486,13.487158327849512,0.12412142857142834,100159.45,1178738,13.86,13.92,13.95
2024-01-19,13.71,13.7268,13.51,13.56,117617,13.800749999999999,13.729402583479592,0.0968259229865911,40.98360608707344,-0.34999999999999964,14.114341672150486,13.487158327849512,0.13103571428571417,99984.9,1061121,13.745,13.78,13.91
2024-01-22,13.6,13.72,13.56,13.71,62342,13.80975,13.727554718386298,0.08460463575967658,38.46153800131497,-0.3199999999999985,14.100094169636895,13.519405830363104,0.12674999999999986,97148.1,1123463,13.56,13.8,14.03
2024-01-23,13.73,13.8,13.73,13.76,69099,13.817249999999998,13.73064474520665,0.07805384558595208,40.495867300047806,-0.23000000000000043,14.093264397031122,13.541235602968873,0.12533571428571413,95508.55,1192562,13.71,13.76,13.99
2024-01-24,13.76,13.8505,13.76,13.82,79146,13.82875,13.739154769472684,0.07681810744288065,44.715446645515286,-0.049999999999998934,14.083223139933082,13.574276860066917,0.12751428571428555,94302.9,1271708,13.76,13.86,13.87
2024-01-25,13.81,13.9,13.81,13.87,70404,13.841249999999999,13.751616219999095,0.07896298333446339,48.38709622788759,-0.05000000000000071,14.076373148024341,13.606126851975656,0.12965714285714267,93635.75,1342112,13.82,13.745,13.92
2024-01-26,13.87,13.97,13.8501,13.94,68156,13.851249999999999,13.769557532380134,0.08532744679748916,46.21848685121109,0.16000000000000014,14.08525123706383,13.617248762936168,0.12322142857142852,89393.15,1410268,13.87,13.56,13.78
2024-01-29,14.0,14.08,13.93,13.96,79596,13.860250000000002,13.787694910248693,0.0909368469004761,48.71794813499894,0.16000000000000014,14.096547649051795,13.62395235094821,0.12822857142857153,89539.05,1489864,13.94,13.71,13.8
2024-01-30,13.97,14.03,13.92,14.0,87172,13.861250000000002,13.80791444260596,0.09748615155249851,55.9633020334989,0.2400000000000002,14.09983960580888,13.622660394191124,0.12322857142857149,80896.9,1577036,13.96,13.76,13.76
2024-01-31,14.04,14.041,13.94,13.99,93667,13.861250000000002,13.825255924262535,0.10070871250833058,53.333332622222244,0.13000000000000078,14.09983960580888,13.622660394191124,0.12115000000000009,81256.2,1483369,14.0,13.82,13.86
2024-02-01,14.08,14.08,13.9913,14.025,116361,13.865,13.844279169570866,0.1048777878675935,62.96296203017839,0.28000000000000114,14.11168326165142,13.61831673834858,0.11977857142857154,84667.1,1599730,13.99,13.87,13.745
2024-02-02,14.02,14.0577,13.88,13.92,84367,13.8655,13.851490677230784,0.09857307140176808,55.82524195965687,0.35999999999999943,14.112607477149506,13.618392522850495,0.12747142857142865,84934.4,1515363,14.025,13.94,13.56
2024-02-05,13.88,13.9489,13.82,13.9,70553,13.859,13.856110612732614,0.09091472598279893,56.930692280168664,0.1899999999999995,14.094452531812417,13.623547468187583,0.12810714285714297,82383.3,1444810,13.92,13.96,13.71
2024-02-06,13.92,13.9613,13.89,13.9,106255,13.854500000000002,13.860290554377126,0.08387853092106745,52.19780139475915,0.14000000000000057,14.082740408803003,13.626259591197,0.12391428571428584,82990.05,1444810,13.9,14.0,13.76
2024-02-07,13.95,13.96,13.91,13.92,52126,13.857,13.865977168245971,0.079005375406771,60.736195275697334,0.09999999999999964,14.087043474152246,13.626956525847753,0.11605714285714301,78708.6,1496936,13.9,13.99,13.82
2024-02-08,13.96,13.96,13.85,13.86,74292,13.854,13.865407914127307,0.06950077745992722,71.73912897920601,-0.009999999999999787,14.082141230496958,13.62585876950304,0.10842857142857161,78672.05,1422644,13.92,14.025,13.87
2024-02-09,13.92,13.989,13.88,13.96,99911,13.863,13.87441668421042,0.0692392170719458,69.53124847900392,0.02000000000000135,14.093043474152246,13.632956525847753,0.10478571428571445,79911.75,1522555,13.86,13.92,13.94
2024-02-12,14.0,14.02,13.91,13.93,97533,13.869499999999999,13.879710333333238,0.06585210752404613,63.70967598074918,-0.030000000000001137,14.099394712743472,13.639605287256526,0.10764285714285725,81871.6,1425022,13.96,13.9,13.96
2024-02-13,13.88,13.91,13.78,13.81,134577,13.872,13.873071253968167,0.052875404417363825,49.264704868079626,-0.1899999999999995,14.097934317423249,13.64606568257675,0.11046428571428583,85709.85,1290445,13.93,13.9,14.0
2024-02-14,13.74,13.85,13.74,13.84,88646,13.871,13.869921610733103,0.04449903872244931,47.72727171487612,-0.15000000000000036,14.097334638138063,13.644665361861938,0.11189285714285724,86143.45,1379091,13.81,13.92,13.99
2024-02-15,13.89,13.94,13.81,13.91,56870,13.879249999999999,13.873738600187092,0.043013234488462615,47.72727171487612,-0.11500000000000021,14.098153367289225,13.660346632710773,0.11261428571428565,85434.5,1435961,13.84,13.86,14.025
2024-02-16,13.95,13.9638,13.86,13.86,63604,13.89425,13.872430162074036,0.037370397694170165,42.75362232094091,-0.0600000000000005,14.054226149538263,13.734273850461737,0.10931428571428572,82733.85,1372357,13.91,13.96,13.92
2024-02-20,13.75,13.93,13.75,13.89,56308,13.90325,13.874103479971746,0.03491663898589081,41.91176384299318,-0.009999999999999787,14.037816555632418,13.768683444367582,0.11431428571428574,82432.15,1428665,13.86,13.93,13.9
2024-02-21,13.91,14.01,13.91,13.97,75260,13.913750000000002,13.883236481879198,0.03897798091082372,48.66666575822228,0.07000000000000028,14.033172954683343,13.794327045316662,0.11424285714285709,82740.2,1503925,13.89,13.81,13.9
2024-02-22,14.02,14.04,13.95,13.97,41417,13.92125,13.89149967408118,0.041715749563557836,46.15384525013454,0.05000000000000071,14.034567207315218,13.807932792684783,0.11433571428571428,80853.75,1503925,13.97,13.84,13.92
2024-02-23,13.95,14.03,13.92,13.92,94748,13.923750000000002,13.894213990835354,0.03939675560124556,49.99999893939396,0.0600000000000005,14.0344832023618,13.813016797638204,0.10949999999999996,82070.95,1409177,13.97,13.91,13.86
2024-02-26,13.96,13.9691,13.86,13.95,77215,13.92425,13.89952694408913,0.03952406034774647,53.73134216083753,-0.010000000000001563,14.035381737851663,13.813118262148338,0.10808571428571424,82523.9,1486392,13.92,13.86,13.96
2024-02-27,13.95,14.04,13.95,13.95,85379,13.923749999999998,13.904333901794928,0.03917338343373977,53.73134216083753,0.019999999999999574,14.034292918552664,13.813207081447333,0.10942142857142859,82813.05,1486392,13.95,13.89,13.93
2024-02-28,13.96,14.02,13.95,13.99,65550,13.92325,13.912492577814458,0.04164308094044067,55.07246265070364,0.17999999999999972,14.032422726495962,13.814077273504036,0.11084999999999999,81731.95,1551942,13.95,13.97,13.81
2024-02-29,14.08,14.16,14.03,14.04,134925,13.925749999999999,13.924636141832128,0.047092046607772886,63.23529281574389,0.1999999999999993,14.043325283833196,13.808174716166802,0.11227857142857138,83794.85,1686867,13.99,13.97,13.84
2024-03-01,14.09,14.14,14.06,14.12,81481,13.9305,13.943242223562402,0.0572062524071022,62.121210803489305,0.20999999999999908,14.070496240551156,13.790503759448844,0.11020714285714282,82050.85,1768348,14.04,13.92,13.91
2024-03-04,14.07,14.17,14.0602,14.14,81018,13.9415,13.961981059413603,0.06607399808372527,66.15384472899413,0.28000000000000114,14.109744809101231,13.773255190898768,0.11019285714285713,81883.4,1849366,14.12,13.95,13.86
2024-03-05,14.18,14.2,14.07,14.09,138352,13.950999999999999,13.97417333946945,0.06828009378976851,74.13792924494633,0.1999999999999993,14.130461181845853,13.771538818154145,0.11019285714285701,85273.35,1711014,14.14,13.95,13.89
2024-03-06,14.13,14.13,14.06,14.07,103739,13.959500000000002,13.983299688091407,0.0676349596107304,70.1754368728839,0.09999999999999964,14.144799189080045,13.77420081091996,0.10733571428571421,85147.55,1607275,14.09,13.99,13.97
2024-03-07,14.15,14.18,14.115,14.14,70397,13.970500000000001,13.998223527320796,0.07194276903424424,70.1754368728839,0.16999999999999993,14.17139012445937,13.769609875540633,0.10269285714285711,86061.1,1677672,14.07,14.04,13.97
2024-03-08,14.1,14.155,14.1,14.13,78225,13.984,14.01077366757596,0.07370025403568548,75.47169611961556,0.21000000000000085,14.189851249309163,13.778148750690837,0.0992071428571427,86257.75,1599447,14.14,14.12,13.92
2024-03-11,14.13,14.19,14.11,14.14,83503,13.993,14.02308093733063,0.0750350299178546,74.50980187620144,0.19000000000000128,14.209877360445303,13.776122639554698,0.09206428571428558,85437.35,1682950,14.13,14.14,13.95
2024-03-12,14.14,14.24,14.1245,14.22,100003,14.007500000000002,14.041835133775331,0.08160744228265315,74.50980187620144,0.27000000000000135,14.244487674562995,13.770512325437009,0.09317142857142853,85560.85,1782953,14.14,14.09,13.95
2024-03-13,14.2,14.2599,14.2,14.21,65903,14.0275,14.057850835320538,0.085029049590295,73.07692110946746,0.22000000000000064,14.261807490277281,13.793192509722719,0.09102142857142859,82127.15,1717050,14.22,14.07,13.99
2024-03-14,14.09,14.13,14.02,14.02,53194,14.036499999999998,14.05424599386144,0.07158414528047174,57.57575635445361,-0.019999999999999574,14.253685344082532,13.819314655917465,0.09102142857142871,80354.55,1663856,14.21,14.14,14.04
2024-03-15,14.01,14.07,14.0,14.0,43927,14.041,14.049079708731778,0.058639176615040256,53.8461526863906,-0.11999999999999922,14.250751732945696,13.831248267054304,0.08822857142857161,79707.4,1619929,14.02,14.13,14.12
2024-03-18,14.01,14.07,13.91,13.95,67102,14.0455,14.039643545995418,0.043840258800997844,49.99999900000002,-0.19000000000000128,14.242367575048055,13.848632424951946,0.09322857142857163,79882.3,1552827,14.0,14.14,14.14
2024-03-19,13.92,13.9922,13.92,13.99,59916,14.0505,14.034915589233949,0.03493693814726484,49.99999900000002,-0.09999999999999964,14.235458032224201,13.865541967775798,0.0933857142857145,80062.7,1612743,13.95,14.22,14.09
2024-03-20,13.95,14.02,13.93,13.99,69641,14.051499999999999,14.03063791406881,0.027563260323901773,46.15384515976344,-0.08000000000000007,14.234834609246063,13.868165390753935,0.09052857142857158,79781.75,1612743,13.99,14.21,14.07
2024-03-21,14.04,14.05,13.99,14.01,77376,14.0535,14.02867239844321,0.023067490079535347,40.677965136455164,-0.13000000000000078,14.233940980291228,13.873059019708771,0.08910000000000018,81579.7,1690119,13.99,14.02,14.14
2024-03-22,14.05,14.09,13.95,13.99,103773,14.056999999999999,14.024989312877189,0.017686846440074788,37.28813470841715,-0.14000000000000057,14.22905874149939,13.884941258500607,0.09125714285714308,82030.95,1586346,14.01,14.0,14.13
2024-03-25,13.99,14.06,13.99,14.0,83865,14.0595,14.022609378317457,0.014067402642352178,41.81818075371906,-0.14000000000000057,14.226387923312044,13.892612076687955,0.0869714285714289,82363.45,1670211,13.99,13.95,14.14
2024-03-26,14.06,14.25,13.93,13.98,217526,14.061000000000002,14.018551342287223,0.009475904311896599,41.81818075371906,-0.2400000000000002,14.224243441070907,13.897756558929096,0.10482857142857174,88970.8,1452685,14.0,13.99,14.22
2024-03-27,14.06,14.11,13.99,14.11,120682,14.067000000000002,14.02726073825987,0.0161409468335183,47.54098251545277,-0.10000000000000142,14.228062263214008,13.905937736785996,0.10875714285714315,91727.4,1573367,13.98,13.99,14.21
2024-03-28,14.16,14.17,14.0,14.03,282248,14.0665,14.027521620330358,0.014797144529049788,42.64705794550164,0.009999999999999787,14.227976737774034,13.905023262225965,0.11697142857142888,99093.55,1291119,14.11,14.01,14.02
2024-04-01,14.06,14.08,14.02,14.03,103639,14.062000000000001,14.02775765648937,0.01357567952367944,41.79104390287362,0.02999999999999936,14.2222103879937,13.901789612006302,0.11554285714285749,100201.45,1291119,14.03,13.99,14.0
2024-04-02,13.99,14.0189,13.94,13.98,80711,14.053999999999998,14.023209308252287,0.008475382525004349,31.249999316406218,0.030000000000001137,14.213789334997632,13.894210665002365,0.11292857142857178,100186.1,1210408,14.03,14.0,13.95
2024-04-03,13.97,14.01,13.93,13.96,56102,14.047500000000003,14.017189374133022,0.0027873976462533534,30.769230106508843,-0.02999999999999936,14.211640504639158,13.883359495360848,0.11436428571428602,96073.6,1154306,13.98,13.98,13.99
2024-04-04,13.98,14.0276,13.83,13.83,87290,14.035499999999999,13.999361814691781,-0.012071127716520635,33.89830428037921,-0.16000000000000014,14.22573254467275,13.845267455327248,0.12062142857142875,95251.15,1067016,13.96,14.11,13.99
2024-04-05,13.88,13.8859,13.79,13.85,78224,14.021,13.98513687995923,-0.02197941930170444,37.288134708417076,-0.16000000000000014,14.221620091348475,13.820379908651526,0.12247142857142876,95642.5,1145240,13.83,14.03,14.01
2024-04-08,13.81,13.89,13.8,13.85,90391,14.007,13.972266700915494,-0.02949184800056237,40.74073968449933,-0.14000000000000057,14.214552149439317,13.799447850560682,0.11747142857142874,96250.8,1145240,13.85,14.03,13.99
2024-04-09,13.87,13.89,13.81,13.84,123873,13.992,13.959669872256875,-0.035839284712070096,35.29411667820057,-0.16000000000000014,14.202423132608754,13.781576867391248,0.11802857142857157,98269.3,1021367,13.85,13.98,14.0
2024-04-10,13.81,13.85,13.75,13.78,96643,13.969999999999999,13.942558455851458,-0.04519024455841247,31.57894659279762,-0.20000000000000107,14.17188584580619,13.768114154193809,0.11874285714285726,98101.3,924724,13.84,13.96,13.98
2024-04-11,13.82,13.82,13.7,13.73,120227,13.946000000000002,13.922314793389415,-0.05599010824758466,26.66666604444437,-0.379999999999999,14.141787209947397,13.750212790052606,0.12302857142857158,100817.5,804497,13.78,13.83,14.11
2024-04-12,13.66,13.66,13.48,13.5,92466,13.920000000000002,13.882094336876136,-0.08216104466161234,19.753086078341596,-0.5299999999999994,14.196062540587869,13.643937459412134,0.12588571428571438,102781.1,712031,13.73,13.85,14.03
2024-04-15,13.51,13.55,13.3,13.3,130747,13.885000000000002,13.826656780983171,-0.11768343941341186,14.999999789999919,-0.7299999999999986,14.273112843059087,13.496887156940916,0.13874285714285722,107122.1,581284,13.5,13.85,14.03
2024-04-16,13.36,13.38,13.24,13.3,118228,13.852499999999997,13.776498992318107,-0.14417325339552356,15.306122230320597,-0.6799999999999997,14.318699640994279,13.386300359005716,0.12588571428571438,109678.4,581284,13.3,13.84,13.98
2024-04-17,13.33,13.38,13.31,13.38,65791,13.822,13.738737183525906,-0.15690261715953824,10.75268801017458,-0.5800000000000001,14.328405288074197,13.315594711925801,0.12231428571428589,109972.15,647075,13.3,13.78,13.96
2024-04-18,13.4,13.43,13.371,13.405,48561,13.792750000000002,13.706952689856772,-0.1630934000034312,14.285714057142712,-0.4250000000000007,14.325206818115737,13.260293181884267,0.11438571428571441,108918.15,695636,13.38,13.73,13.83
2024-04-19,13.46,13.47,13.41,13.41,58624,13.76275,13.678671481298984,-0.16568625381000146,14.772727037706545,-0.4399999999999995,14.311043764903102,13.214456235096899,0.11438571428571441,107980.55,754260,13.405,13.5,13.85
2024-04-22,13.4,13.52,13.4,13.52,72140,13.739250000000002,13.663559911651461,-0.1570546035419067,25.531914513354366,-0.33000000000000007,14.286821432494659,13.191678567505345,0.11732142857142858,106398.9,826400,13.41,13.3,13.85
2024-04-23,13.53,13.62,13.53,13.59,74606,13.71875,13.656554205779894,-0.14291807458802097,31.313130870319284,-0.25,14.255816838925774,13.181683161074226,0.11803571428571427,105935.95,901006,13.52,13.3,13.84
2024-04-24,13.55,13.59,13.4399,13.46,119018,13.69275,13.637834757610381,-0.1405841178957683,31.31313087031934,-0.3199999999999985,14.226904274974679,13.158595725025322,0.11464285714285717,101010.55,781988,13.59,13.38,13.78
2024-04-25,13.39,13.44,13.3,13.39,86923,13.656749999999999,13.614231447361774,-0.14273746520230013,27.88461500924555,-0.33999999999999986,14.169105499526234,13.144394500473764,0.11779285714285706,99322.6,695065,13.46,13.405,13.73
2024-04-26,13.41,13.52,13.38,13.52,82964,13.63125,13.60525702380351,-0.13242755495734038,35.8974354678939,0.019999999999999574,14.115375636151391,13.147124363848608,0.12136428571428556,89358.4,778029,13.39,13.41,13.5
2024-04-29,13.48,13.51,13.42,13.51,131249,13.605249999999998,13.596184926298415,-0.12363856461283973,35.8974354678939,0.20999999999999908,14.053750132019037,13.15674986798096,0.12207857142857126,90738.9,646780,13.52,13.52,13.3
2024-04-30,13.44,13.465,13.35,13.37,121130,13.57475,13.574643504746184,-0.12651170584994276,33.59999962367995,0.06999999999999851,13.998212854892525,13.151287145107474,0.12314999999999987,92759.85,525650,13.51,13.59,13.3
2024-05-01,13.35,13.53,13.33,13.51,125391,13.552249999999997,13.568486980484643,-0.11615292451438286,41.791044339496516,0.129999999999999,13.935428878112587,13.169071121887407,0.12886428571428546,96224.3,651041,13.37,13.46,13.38
2024-05-02,13.43,13.51,13.35,13.51,165369,13.53625,13.562916791867059,-0.10671339012066383,50.450449814138466,0.10500000000000043,13.896642695176924,13.175857304823078,0.12743571428571407,100128.25,651041,13.51,13.39,13.405
2024-05-03,13.54,13.68,13.51,13.67,106852,13.527249999999999,13.573115192641625,-0.08533810582553869,67.289718745742,0.2599999999999998,13.862785314636872,13.191714685363126,0.12172142857142834,101559.65,757893,13.51,13.52,13.41
2024-05-06,13.73,13.73,13.57,13.67,161210,13.51825,13.582342317151946,-0.06761857419801842,67.289718745742,0.15000000000000036,13.82582583574931,13.21067416425069,0.12314999999999975,105100.6,757893,13.67,13.51,13.52
2024-05-07,13.73,13.75,13.705,13.73,98617,13.51275,13.596404953613666,-0.04817884412778284,66.66666577777778,0.14000000000000057,13.799317251223389,13.226182748776612,0.12136428571428544,103837.8,856510,13.67,13.37,13.59
2024-05-08,13.74,13.77,13.7146,13.77,88955,13.51225,13.61293781517427,-0.029208356963826176,67.13614935220087,0.3099999999999987,13.796882265064651,13.227617734935349,0.12110714285714254,103453.4,945465,13.73,13.51,13.46
2024-05-09,13.79,13.79,13.7209,13.77,90661,13.514249999999999,13.627896118491007,-0.01401258091819102,66.98113119081523,0.379999999999999,13.805802559132802,13.222697440867195,0.12175714285714243,101975.1,945465,13.77,13.51,13.39
2024-05-10,13.81,13.81,13.73,13.74,82821,13.52625,13.63857267863472,-0.0043405329831607276,61.224488921282855,0.22000000000000064,13.83460514384697,13.217894856153029,0.11889999999999963,101492.85,862644,13.77,13.67,13.52
2024-05-13,13.78,13.78,13.735,13.77,105485,13.549749999999998,13.651089566383794,0.005679909249529658,59.57446719782709,0.2599999999999998,13.857140973397655,13.24235902660234,0.11568571428571392,100229.75,968129,13.74,13.67,13.51
2024-05-14,13.69,13.71,13.61,13.7,115591,13.569750000000003,13.65574770291867,0.007881909709176682,63.63636262396689,0.33000000000000007,13.860311615895188,13.279188384104817,0.11210714285714259,100097.9,852538,13.77,13.73,13.37
2024-05-15,13.75,13.75,13.68,13.73,67304,13.587250000000001,13.662819350259749,0.011910463588789,70.23809406746034,0.22000000000000064,13.871789794645466,13.302710205354536,0.10710714285714269,100173.55,919842,13.7,13.77,13.51
2024-05-16,13.71,13.73,13.67,13.67,61499,13.6005,13.663503221663582,0.010144681819484802,59.74025865407323,0.16000000000000014,13.873762934879556,13.327237065120444,0.10139285714285709,100820.45,858343,13.73,13.77,13.51
2024-05-17,13.66,13.709,13.66,13.66,55481,13.613000000000003,13.663169581505146,0.007847904917715809,59.74025865407323,-0.009999999999999787,13.872075278635462,13.353924721364544,0.09846428571428564,100663.3,802862,13.67,13.74,13.67
2024-05-20,13.68,13.7,13.5952,13.65,91870,13.619499999999999,13.661915335647514,0.005161280280452374,71.87499842773448,-0.019999999999999574,13.875252758898608,13.36374724110139,0.09773571428571413,101649.8,710992,13.66,13.77,13.67
2024-05-21,13.65,13.745,13.65,13.73,74129,13.626500000000002,13.668399589395369,0.009379322894965014,68.96551557669451,0.0,13.886481780738247,13.366518219261756,0.0902357142857141,101625.95,785121,13.65,13.7,13.73
2024-05-22,13.73,13.8299,13.72,13.75,118889,13.641,13.676171057072,0.014172611761772202,69.99999836666673,-0.019999999999999574,13.894140277316824,13.387859722683176,0.08665714285714264,101619.5,904010,13.73,13.73,13.77
2024-05-23,13.79,13.8299,13.7,13.72,73030,13.657499999999999,13.680345242112763,0.015373364003636425,55.31914728836591,-0.049999999999998934,13.883296834624298,13.4317031653757,0.083792857142857,100924.85,830980,13.75,13.67,13.77
2024-05-24,13.72,13.77,13.71,13.71,48193,13.667000000000002,13.68316950476869,0.015341208517243743,54.166665086805715,-0.02999999999999936,13.88426529986713,13.449734700132874,0.07664999999999976,99186.3,782787,13.72,13.66,13.74
2024-05-28,13.7,13.74,13.5919,13.64,70380,13.6735,13.679058123362148,0.009557141568015126,40.81632536443151,-0.129999999999999,13.878415900592966,13.468584099407035,0.08401428571428544,96142.85,712407,13.71,13.65,13.77
2024-05-29,13.62,13.66,13.49,13.63,114326,13.6865,13.674385921137182,0.0041188311286575185,34.78260763705117,-0.06999999999999851,13.835782494479194,13.537217505520807,0.09219999999999981,95802.65,598081,13.64,13.73,13.7
2024-05-30,13.61,13.7,13.61,13.67,54762,13.694500000000001,13.673968214362212,0.00300199141140034,39.999998880000035,-0.0600000000000005,13.8190581665012,13.569941833498802,0.09369285714285702,92271.2,652843,13.63,13.75,13.73
2024-05-31,13.73,13.8,13.6701,13.76,89980,13.706999999999999,13.682161717756287,0.009272250716591657,51.78571299107143,0.08999999999999986,13.799702126246167,13.61429787375383,0.0972571428571428,88501.75,742823,13.67,13.72,13.67
2024-06-03,13.79,13.84,13.75,13.8,64479,13.713500000000002,13.693384411303308,0.017270063438873606,52.631577654663104,0.14000000000000057,13.813241771854454,13.61375822814555,0.10047142857142852,86383.1,807302,13.76,13.71,13.66
2024-06-04,13.74,13.88,13.74,13.82,58225,13.721,13.705443038798231,0.02493478772737312,61.53845988165696,0.16999999999999993,13.829171403945832,13.612828596054168,0.10332857142857131,81233.85,865527,13.8,13.64,13.65
2024-06-05,13.85,13.92,13.8136,13.89,104553,13.729,13.723019892246018,0.03623980188062248,64.28571267857151,0.16000000000000014,13.861012758554185,13.596987241445813,0.10592857142857134,81530.65,970080,13.82,13.63,13.73
2024-06-06,13.93,14.01,13.93,14.0,115982,13.7405,13.74939895012735,0.05345894603025236,77.04917855952716,0.25,13.919323641437241,13.56167635856276,0.10735714285714273,82882.0,1086062,13.89,13.67,13.75
2024-06-07,13.98,14.06,13.8724,14.02,108015,13.753,13.77517047868665,0.06793595127239271,79.03225627991687,0.29999999999999893,13.971135641046503,13.534864358953497,0.11725714285714275,83749.7,1194077,14.0,13.76,13.72
2024-06-10,13.99,14.06,13.965,14.0,59456,13.766,13.796582814049827,0.07690869385825927,77.77777604938285,0.28999999999999915,14.010294903753703,13.521705096246297,0.11655714285714287,82581.45,1134621,14.02,13.8,13.71
2024-06-11,14.01,14.0358,13.95,14.0,42324,13.7775,13.815955879378416,0.08306216802876953,74.54545264793403,0.35999999999999943,14.043295726867614,13.511704273132386,0.11590000000000014,79423.4,1134621,14.0,13.82,13.64
2024-06-12,14.06,14.06,13.9939,14.05,61278,13.794999999999998,13.83824579562809,0.09092529251415549,75.86206713436403,0.41999999999999993,14.084354999593064,13.505645000406933,0.11277142857142877,76707.75,1195899,14.0,13.89,13.63
2024-06-13,14.06,14.08,14.02,14.0486,78319,13.810930000000003,13.858279529377796,0.09593799354692756,79.79687864135602,0.3786000000000005,14.119649822561065,13.50221017743894,0.1077785714285716,77258.5,1117580,14.05,14.0,13.67
2024-06-14,13.95,14.0151,13.81,13.87,74734,13.82093,13.859395764675149,0.08452471974836051,61.11110992283941,0.10999999999999943,14.123320706484922,13.51853929351508,0.1181428571428574,77920.25,1042846,14.0486,14.02,13.76
2024-06-17,13.86,13.86,13.75,13.77,68323,13.826429999999998,13.850881882325135,0.06664224360006088,58.66666557155551,-0.030000000000001137,14.120379892615134,13.532480107384863,0.11542142857142881,78562.35,974523,13.87,14.0,13.8
2024-06-18,13.81,13.84,13.7511,13.8,54123,13.83393,13.84603598877036,0.0542654631795898,61.03895992916174,-0.019999999999999574,14.116354489023221,13.55150551097678,0.10962857142857173,76675.0,1028646,13.77,14.0,13.82
2024-06-20,13.79,13.85,13.72,13.78,84411,13.836429999999998,13.839746846982706,0.042354704033229496,57.33333226311106,-0.11000000000000121,14.115850099491835,13.557009900508161,0.11248571428571452,77189.1,944235,13.8,14.05,13.89
2024-06-21,13.77,13.9399,13.75,13.78,41944,13.83793,13.83405667107959,0.03254023798996286,51.51515042240586,-0.22000000000000064,14.115713809160301,13.5601461908397,0.11677142857142872,73341.85,944235,13.78,14.0486,14.0
2024-06-24,13.79,13.86,13.72,13.77,72283,13.840430000000001,13.827956035738676,0.02368229180670056,47.619046560846506,-0.25,14.114621735450765,13.566238264549238,0.12034285714285721,73304.5,871952,13.78,13.87,14.02
2024-06-25,13.82,13.88,13.8,13.83,84928,13.846429999999998,13.82815069900166,0.021258746547056617,50.746267596346634,-0.16999999999999993,14.113770532693938,13.579089467306058,0.11605714285714289,75141.25,956880,13.77,13.77,14.0
2024-06-26,13.8,13.8799,13.79,13.84,49234,13.85643,13.829279203858643,0.01991541339740266,45.90163829078203,-0.16000000000000014,14.105603396400399,13.6072566035996,0.11487857142857141,74083.95,1006114,13.83,13.8,14.0
2024-06-27,13.88,13.9284,13.83,13.87,71437,13.86843,13.833157374919725,0.021029150497586357,37.73584805980777,-0.1800000000000015,14.093654408324873,13.643205591675127,0.11619285714285711,71939.5,1077551,13.84,13.78,14.05
2024-06-28,13.96,14.0,13.91,13.96,71059,13.882929999999998,13.845237624927371,0.02884157522164088,44.99999895000017,-0.08859999999999957,14.091056612274516,13.67480338772548,0.10922142857142855,72754.35,1148610,13.87,13.78,14.0486
2024-07-01,14.03,14.03,13.94,13.99,62290,13.89443,13.85902451779143,0.03702690425576094,49.180326740123675,0.120000000000001,14.099349220027957,13.689510779972043,0.10886428571428564,71369.85,1210900,13.96,13.77,13.87
2024-07-02,14.01,14.03,13.97,14.01,65988,13.904929999999998,13.873403135144628,0.0446133938931208,50.793649664903,0.2400000000000002,14.110993792881876,13.69886620711812,0.10702142857142835,71445.3,1276888,13.99,13.83,13.77
2024-07-03,13.98,14.15,13.9586,14.12,59406,13.919929999999999,13.896888550845139,0.05882373877263625,55.072462650703535,0.3199999999999985,14.142941853355072,13.696918146644926,0.1159714285714283,71504.35,1336294,14.01,13.84,13.8
2024-07-05,14.19,14.21,14.12,14.15,127319,13.932929999999999,13.920994403145603,0.07168000623913962,57.05538436017894,0.370000000000001,14.17783353073903,13.688026469260969,0.11811428571428552,72642.65,1463613,14.12,13.87,13.78
2024-07-08,14.15,14.15,13.97,14.0,143841,13.932929999999999,13.928518745703164,0.0689699024015944,59.420288649443435,0.22000000000000064,14.17783353073903,13.688026469260969,0.11632142857142837,74035.6,1319772,14.15,13.96,13.78
2024-07-09,14.05,14.09,13.98,14.09,106887,13.936430000000001,13.943897912779052,0.0732401070193891,73.529410250865,0.3200000000000003,14.188469705309807,13.684390294690196,0.11632142857142837,73979.2,1426659,14.0,13.99,13.77
2024-07-10,14.13,14.21,14.13,14.17,57346,13.94493,13.965431444895334,0.0821328301816262,75.34246430850055,0.33999999999999986,14.216691451896445,13.673168548103554,0.11568571428571404,73873.7,1484005,14.09,14.01,13.83
2024-07-11,14.24,14.26,14.17,14.23,73326,13.956430000000001,13.990628450143397,0.09295040152197664,79.22077778040146,0.39000000000000057,14.256042051616262,13.65681794838374,0.11282857142857125,75423.8,1557331,14.17,14.12,13.84
2024-07-12,14.27,14.305,14.255,14.29,68601,13.968430000000001,14.019140026320217,0.10515276763207915,80.72289020467413,0.41999999999999993,14.301210522582899,13.635649477417104,0.10283571428571404,75789.95,1625932,14.23,14.15,13.87
2024-07-15,14.2,14.25,14.16,14.17,59420,13.9745,14.03350764286115,0.10394205430739945,71.27659468311458,0.20999999999999908,14.31770317750955,13.631296822490452,0.09926428571428556,74845.0,1566512,14.29,14.0,13.96
2024-07-16,14.17,14.23,14.07,14.09,154417,13.985499999999998,14.038887867350564,0.09542719854309567,63.541665740017386,0.09999999999999964,14.328703177509547,13.642296822490449,0.10497857142857127,78829.15,1412095,14.17,14.09,13.99
2024-07-17,14.09,14.16,13.95,14.14,150836,14.004,14.048517594269558,0.09165712978418306,64.99999909000005,0.13000000000000078,14.338059559769963,13.669940440230036,0.11355714285714276,82954.8,1562931,14.09,14.17,14.01
2024-07-18,14.11,14.13,13.85,13.94,180432,14.011,14.038182585291505,0.07170443061096421,52.99145235736725,-0.17999999999999972,14.332699434745862,13.689300565254136,0.1265285714285714,89270.25,1382499,14.14,14.23,14.12
2024-07-19,13.99,14.03,13.89,13.94,132858,14.019,14.02883186288279,0.055254829485596346,49.07407343792862,-0.21000000000000085,14.324038392751879,13.713961607248121,0.1300999999999999,91692.6,1382499,13.94,14.29,14.15
2024-07-22,13.91,14.0033,13.89,13.9,122510,14.025,14.016562161655857,0.0385463975077176,45.87155904385154,-0.09999999999999964,14.314573188639702,13.735426811360298,0.13176428571428556,95720.9,1259989,13.94,14.17,14.0
2024-07-23,13.88,13.97,13.88,13.93,96733,14.033000000000001,14.008318146260061,0.02740963287516962,46.363635773553725,-0.16000000000000014,14.300943434721852,13.765056565278151,0.13390714285714278,96943.4,1356722,13.9,14.09,14.09
2024-07-24,13.91,13.9938,13.8991,13.91,75275,14.037,13.998954513282913,0.01677644539921097,39.60395984707387,-0.2599999999999998,14.294363147077629,13.779636852922373,0.12699999999999992,96460.75,1281447,13.93,14.14,14.17
2024-07-25,13.96,14.02,13.94,13.99,94549,14.0445,13.998101702494063,0.014636182315516777,42.45282962798149,-0.2400000000000002,14.28594085033511,13.803059149664888,0.12628571428571408,98726.5,1375996,13.91,13.94,14.23
2024-07-26,14.05,14.0615,13.96,13.98,53665,14.05,13.996377730827962,0.011994823122616793,48.91304273393198,-0.3099999999999987,14.279415733870596,13.820584266129405,0.12067857142857122,97837.9,1322331,13.99,13.94,14.29
2024-07-29,14.05,14.05,13.94,13.98,74907,14.050999999999998,13.994817946939586,0.009788689018527919,43.373493244302544,-0.1899999999999995,14.278933508310079,13.823066491689918,0.12067857142857134,98030.3,1322331,13.98,13.9,14.17
2024-07-30,14.03,14.09,14.02,14.09,91105,14.056000000000001,14.00388290437391,0.016723613120804615,45.34883647106543,0.0,14.282683177933233,13.829316822066769,0.11996428571428565,99471.05,1413436,13.98,13.93,14.09
2024-07-31,14.2,14.22,14.1,14.12,75001,14.0615,14.014941675385918,0.024359538118583046,43.37349324430242,-0.02000000000000135,14.288820779609168,13.834179220390833,0.12210714285714287,99921.7,1488437,14.09,13.91,14.14
2024-08-01,14.15,14.208,14.1,14.12,67929,14.0615,14.024947230111069,0.030064498864591727,38.96103825265642,0.17999999999999972,14.288820779609168,13.834179220390833,0.12625000000000014,100347.85,1488437,14.12,13.99,13.94
2024-08-02,14.12,14.22,14.05,14.1,102779,14.059000000000001,14.032095112957634,0.03259614048971571,44.776118467364654,0.16000000000000014,14.28330242742196,13.834697572578042,0.13196428571428584,99120.85,1385658,14.12,13.98,13.94
2024-08-05,13.91,13.95,13.83,13.87,175781,14.0525,14.016657483152146,0.015860576082927125,36.58536522903029,-0.030000000000001137,14.291081333367877,13.813918666632123,0.12910714285714292,100717.85,1209877,14.1,13.98,13.9
2024-08-06,13.78,13.9397,13.7496,13.89,130239,14.042499999999999,14.004594865709084,0.004163360935327987,34.17721458420125,-0.03999999999999915,14.291021946505237,13.79397805349476,0.12768571428571437,101885.45,1340116,13.87,14.09,13.93
2024-08-07,13.96,14.15,13.96,13.98,137985,14.032999999999998,14.002252497546314,0.002130917596083748,52.94117538062293,0.07000000000000028,14.2754523827368,13.790547617263195,0.12125714285714283,105917.4,1478101,13.89,14.12,13.91
2024-08-08,14.08,14.08,14.0367,14.0793,69474,14.025465,14.009590354922855,0.008435631010565103,58.93750696121513,0.08929999999999971,14.250909200354991,13.80002079964501,0.11435000000000008,105724.8,1547575,13.98,14.12,13.99
2024-08-09,14.09,14.24,14.09,14.2179,80407,14.021859999999998,14.029429368739725,0.02433549899128984,68.10570571422728,0.23789999999999978,14.2312258133256,13.812494186674396,0.11697142857142875,106315.1,1627982,14.0793,14.1,13.98
2024-08-12,14.24,14.295,14.2,14.24,92996,14.025359999999997,14.049483714574038,0.03827829585204867,67.81609086272962,0.2599999999999998,14.247126262917597,13.803593737082398,0.11732857142857167,107993.9,1720978,14.2179,13.87,13.98
2024-08-13,14.29,14.32,14.24,14.29,105371,14.03536,14.072390027471748,0.05275452363581756,71.11111000493827,0.1999999999999993,14.285607165397513,13.785112834602488,0.1162785714285717,105541.6,1826349,14.24,13.89,14.09
2024-08-14,14.29,14.31,14.14,14.16,108946,14.036360000000002,14.0807338343792,0.05312473602518253,58.947367552354606,0.040000000000000924,14.28852031158146,13.784199688418544,0.12270714285714313,103447.1,1717403,14.29,13.98,14.12
2024-08-15,14.11,14.2199,14.0701,14.13,92682,14.045860000000001,14.08542585015261,0.050416215978273726,57.73195792964189,0.010000000000001563,14.297049216999572,13.79467078300043,0.12615714285714322,99059.6,1624721,14.16,14.0793,14.12
2024-08-16,14.15,14.18,14.14,14.14,60188,14.055860000000001,14.090623388233315,0.04851733313779327,58.1632644752187,0.040000000000000924,14.305222179211418,13.806497820788584,0.12115714285714306,95426.1,1684909,14.13,14.2179,14.1
2024-08-19,14.15,14.18,14.11,14.11,77842,14.06636,14.092468779830142,0.04408353794350006,51.11111031604937,0.2400000000000002,14.305567422873763,13.827152577126236,0.12115714285714306,93192.7,1607067,14.14,14.24,13.87
2024-08-20,14.18,14.45,14.16,14.38,241594,14.08886,14.119852705560605,0.06164585180562909,61.40350801785172,0.4900000000000002,14.35697109559091,13.820748904409092,0.13330000000000006,100435.75,1848661,14.11,14.29,13.89
2024-08-21,14.35,14.43,14.3,14.35,97178,14.110859999999999,14.141771495507214,0.07230982019662768,59.82905911315656,0.3699999999999992,14.389189644770193,13.832530355229805,0.13487142857142853,101530.9,1751483,14.38,14.16,13.98
2024-08-22,14.39,14.4104,14.26,14.28,90935,14.12536,14.154936114982718,0.07425669207020746,57.377048521902694,0.20069999999999943,14.40737019317152,13.843349806828481,0.1334714285714285,101350.2,1660548,14.35,14.13,14.0793
2024-08-23,14.36,14.4,14.291,14.36,127477,14.14436,14.174466008793887,0.0813175553065193,72.89719530788713,0.14209999999999923,14.43616841155223,13.85255158844777,0.13268571428571427,105040.8,1788025,14.28,14.14,14.2179
2024-08-26,14.38,14.42,14.313,14.34,118773,14.162360000000001,14.190231150813517,0.08432743328074999,71.02803645383874,0.09999999999999964,14.455887908831786,13.868832091168217,0.12674999999999986,107234.1,1669252,14.36,14.11,14.24
2024-08-27,14.38,14.4297,14.35,14.41,70475,14.178359999999998,14.211161517402706,0.09130864897598734,70.47618953650792,0.120000000000001,14.489630100344412,13.867089899655584,0.11887142857142852,106202.6,1739727,14.34,14.38,14.29
2024-08-28,14.44,14.44,14.38,14.43,83216,14.193859999999997,14.232003277650067,0.09733314960294237,68.064282525085,0.2699999999999996,14.523240569522466,13.864479430477529,0.12006428571428554,106613.35,1822943,14.41,14.35,14.16
2024-08-29,14.45,14.525,14.37,14.42,121709,14.208859999999998,14.24990772739768,0.10014626947207006,61.999761467763115,0.28999999999999915,14.551149169224527,13.86657083077547,0.12042142857142846,109302.35,1701234,14.43,14.28,14.13
2024-08-30,14.48,14.55,14.42,14.45,158468,14.22636,14.268964134312187,0.10360217512975822,62.352940149480936,0.3099999999999987,14.580788200137386,13.871931799862613,0.12292142857142847,112086.8,1859702,14.42,14.36,14.14
2024-09-03,14.49,14.545,14.3602,14.47,140872,14.25636,14.288110407234836,0.10672458354904357,60.97560871505065,0.3600000000000012,14.584371523545958,13.928348476454044,0.1304071428571427,110341.35,2000574,14.45,14.34,14.11
2024-09-04,14.45,14.5588,14.41,14.41,141461,14.28236,14.299718939879137,0.10316835557615534,66.66666542222217,0.02999999999999936,14.56776848215181,13.996951517848192,0.12889285714285695,110902.45,1859113,14.47,14.41,14.38
2024-09-05,14.44,14.4574,14.375,14.4,106002,14.303360000000001,14.309269517033504,0.09840870852545791,68.49314937136413,0.05000000000000071,14.554891355375089,14.051828644624914,0.12407857142857116,109303.3,1753111,14.41,14.43,14.35
2024-09-06,14.45,14.55,14.4392,14.55,93397,14.326895000000002,14.332196229696981,0.10552398552267661,73.56321720702857,0.27000000000000135,14.57823816633468,14.075551833665324,0.12913571428571416,110499.45,1846508,14.4,14.42,14.28
2024-09-09,14.59,14.6141,14.49,14.53,112270,14.342500000000001,14.351034684011553,0.1083006386059786,74.41860343969702,0.16999999999999993,14.603903096667485,14.081096903332517,0.13299999999999987,112092.6,1734238,14.55,14.45,14.36
2024-09-10,14.57,14.58,14.4,14.43,126859,14.352,14.358555190296167,0.10126467576836085,53.62318731779031,0.08999999999999986,14.611521827496937,14.092478172503064,0.12514285714285706,113785.75,1607379,14.53,14.47,14.34
2024-09-11,14.45,14.5,14.4,14.44,69591,14.3595,14.366311838839389,0.0953958766701426,56.716416725328585,0.02999999999999936,14.62014494906609,14.098855050933912,0.12299999999999997,111996.75,1676970,14.43,14.41,14.41
2024-09-12,14.49,14.49,14.39,14.41,90870,14.372,14.37047261609278,0.08731751980814195,60.31745897707239,-0.019999999999999574,14.615794564077346,14.128205435922654,0.11939999999999998,111092.95,1586100,14.44,14.4,14.43
2024-09-13,14.48,14.63,14.46,14.61,85299,14.395999999999997,14.393284747893468,0.09594766733770399,66.66666542222225,0.1899999999999995,14.633920818318717,14.158079181681277,0.12375714285714283,110723.8,1671399,14.41,14.55,14.42
2024-09-16,14.56,14.6079,14.44,14.52,147524,14.415000000000001,14.405352867141708,0.09443627104600694,60.97560871505056,0.07000000000000028,14.626012596281472,14.20398740371853,0.12810714285714297,115090.6,1523875,14.61,14.53,14.45
2024-09-17,14.51,14.53,14.355,14.37,123772,14.427999999999997,14.401985927413927,0.08021011986689253,47.77777703456786,-0.10000000000000142,14.585024972871304,14.27097502712869,0.1349142857142857,117387.1,1400103,14.52,14.43,14.47
2024-09-18,14.44,14.49,14.42,14.45,109129,14.4315,14.406558696231649,0.07453196586692101,51.04166592230901,0.03999999999999915,14.587134524650313,14.275865475349686,0.13562857142857151,110763.85,1509232,14.37,14.44,14.41
2024-09-19,14.5,14.51,14.37,14.41,142728,14.4345,14.406886439447682,0.06604301939016821,49.49494879502094,0.009999999999999787,14.58577180138647,14.28322819861353,0.1345571428571429,113041.35,1366504,14.45,14.41,14.4
2024-09-20,14.43,14.43,14.33,14.34,112762,14.4375,14.400516302357426,0.053055462813333065,44.66019356772556,-0.21000000000000085,14.577856688476077,14.297143311523923,0.13241428571428568,114132.7,1253742,14.41,14.61,14.55
2024-09-23,14.31,14.35,14.3,14.34,96721,14.436499999999999,14.394752844990052,0.042275406090022116,43.564355831781164,-0.1899999999999995,14.579442756300967,14.29355724369903,0.12278571428571425,112594.9,1253742,14.34,14.52,14.53
2024-09-24,14.38,14.4881,14.3447,14.48,115498,14.4435,14.402871621657665,0.044515812860359105,53.2110084908678,0.05000000000000071,14.580117021363685,14.306882978636315,0.12239999999999997,112431.15,1369240,14.34,14.37,14.43
2024-09-25,14.44,14.5,14.4,14.435,82117,14.444750000000003,14.405931467214078,0.0421740710099332,51.55555491397533,-0.004999999999999005,14.580531364506838,14.308968635493168,0.12365714285714281,113013.25,1287123,14.48,14.45,14.44
2024-09-26,14.46,14.4795,14.4,14.425,71332,14.444500000000001,14.407747517955594,0.03906103598746391,43.654821714550756,0.015000000000000568,14.580414059533652,14.308585940466351,0.12142142857142842,112419.05,1215791,14.435,14.41,14.41
2024-09-27,14.4,14.53,14.4,14.5,121741,14.448500000000001,14.41653346862649,0.04215981440547978,48.5576916540311,-0.10999999999999943,14.586076772825292,14.31092322717471,0.12184285714285689,112420.65,1337532,14.425,14.34,14.61
2024-09-30,14.45,14.5078,14.42,14.48,107380,14.45,14.422577900185871,0.04251173693358723,52.60416589952262,-0.03999999999999915,14.58829792402434,14.311702075975658,0.1152571428571426,109866.25,1230152,14.5,14.34,14.52
2024-10-01,14.48,14.53,14.44,14.5,97416,14.4515,14.429951433501502,0.04389843706880292,53.092782738867086,0.13000000000000078,14.591353306605134,14.311646693394865,0.1145428571428569,107693.45,1327568,14.48,14.48,14.37
2024-10-02,14.48,14.526,14.42,14.51,141386,14.4565,14.43757510650136,0.04528233675225479,55.26315708033242,0.0600000000000005,14.597253610779036,14.315746389220964,0.11497142857142835,107689.7,1468954,14.5,14.435,14.45
2024-10-03,14.47,14.48,14.39,14.44,74387,14.458499999999997,14.437806048739326,0.040266505031565814,39.63414566478287,0.02999999999999936,14.596991877017993,14.320008122982001,0.10925714285714262,106108.95,1394567,14.51,14.425,14.41
2024-10-04,14.49,14.515,14.4222,14.45,87054,14.4535,14.438967377430819,0.036675565591881565,45.27026941380568,0.10999999999999943,14.585133462390917,14.321866537609083,0.10389285714285686,105791.8,1481621,14.44,14.5,14.34
2024-10-07,14.48,14.58,14.43,14.47,128306,14.4505,14.44192286529455,0.035039637932891665,58.1967199758131,0.13000000000000078,14.577443833414916,14.323556166585083,0.10210714285714266,106593.6,1609927,14.45,14.48,14.34
2024-10-08,14.51,14.5134,14.42,14.45,65975,14.4515,14.442692116218879,0.03176317451998045,49.99999872727276,-0.030000000000001137,14.57807845497211,14.32492154502789,0.10377857142857128,103549.4,1543952,14.47,14.5,14.48
2024-10-09,14.43,14.5,14.3804,14.395,82999,14.449250000000001,14.438150009912318,0.02444670689441608,48.672565165635504,-0.040000000000000924,14.578265502944294,14.320234497055708,0.10232142857142838,104219.8,1460953,14.45,14.51,14.435
2024-10-10,14.45,14.455,14.4,14.45,58642,14.451249999999998,14.43927858039686,0.022823301126152273,59.99999847272725,0.02499999999999858,14.578936911499923,14.323563088500073,0.09910714285714269,102608.4,1519595,14.395,14.44,14.425
2024-10-11,14.46,14.47,14.38,14.44,56181,14.44275,14.43934728702573,0.02049358662253553,58.92856995535714,-0.0600000000000005,14.546291245277686,14.339208754722314,0.1019642857142856,101152.5,1463414,14.45,14.45,14.5
2024-10-14,14.47,14.475,14.42,14.43,76992,14.43825,14.438457069213754,0.017637045782146643,44.1860450730124,-0.05000000000000071,14.535272786254579,14.341227213745421,0.09564999999999989,97625.9,1386422,14.44,14.47,14.48
2024-10-15,14.37,14.4046,14.31,14.32,82845,14.435749999999999,14.427175443574349,0.0064230944597802875,38.38383729823487,-0.17999999999999972,14.542287613817209,14.329212386182789,0.09526428571428561,95579.55,1303577,14.43,14.45,14.5
2024-10-16,14.31,14.38,14.31,14.34,64871,14.430249999999997,14.418873020376791,-0.0008405209006294712,41.58415726301335,-0.16999999999999993,14.544750057457911,14.315749942542084,0.09458571428571425,93366.65,1368448,14.32,14.395,14.51
2024-10-17,14.39,14.39,14.3,14.33,87151,14.426250000000001,14.41040892319805,-0.007319529847928052,30.681817205578525,-0.10999999999999943,14.549019574492316,14.303480425507686,0.09172857142857145,90587.8,1281297,14.34,14.45,14.44
2024-10-18,14.36,14.3695,14.3,14.3,70937,14.424249999999997,14.399893787655378,-0.014705425406608796,29.999999066666703,-0.14999999999999858,14.554038289148023,14.294461710851971,0.09042142857142858,88496.55,1210360,14.33,14.44,14.45
2024-10-21,14.34,14.405,14.3102,14.38,107012,14.426250000000001,14.397999141212008,-0.013942746138960516,38.235293068050844,-0.08999999999999986,14.551733276302265,14.300766723697738,0.0907642857142857,89011.1,1317372,14.3,14.43,14.47
2024-10-22,14.37,14.375,14.32,14.33,87435,14.41875,14.39152303252515,-0.01717491769683477,33.636362780165356,-0.11999999999999922,14.548562617990108,14.288937382009891,0.08712142857142854,87607.95,1229937,14.38,14.32,14.45
2024-10-23,14.32,14.35,14.28,14.29,132862,14.411499999999998,14.38185417228466,-0.022702403473497057,35.576922119082866,-0.10500000000000043,14.553148192809822,14.269851807190175,0.08569285714285714,90145.2,1097075,14.33,14.34,14.395
2024-10-24,14.34,14.34,14.15,14.17,136681,14.398749999999998,14.361677584448026,-0.03634698744681231,27.777777160493926,-0.27999999999999936,14.576569393886265,14.22093060611373,0.09263571428571422,93412.65,960394,14.29,14.33,14.45
2024-10-25,14.2,14.3,14.2,14.29,72497,14.38825,14.354851147833928,-0.037050328309844005,37.67123215425022,-0.15000000000000036,14.565696062968815,14.210803937031184,0.08906428571428572,90950.45,1032891,14.17,14.3,14.44
2024-10-28,14.35,14.37,14.25,14.29,99522,14.37875,14.34867484804022,-0.03717915287991147,38.732393602459794,-0.14000000000000057,14.55585760927508,14.20164239072492,0.09096428571428561,90557.55,1032891,14.29,14.38,14.43
2024-10-29,14.28,14.3139,14.12,14.17,118246,14.36225,14.331658195845913,-0.046429039333489186,35.483870326742945,-0.15000000000000036,14.552774898220896,14.171725101779103,0.09627142857142854,91599.05,914645,14.29,14.33,14.32
2024-10-30,14.23,14.35,14.165,14.34,91851,14.353750000000002,14.332452653384397,-0.03958574194732378,43.82022402979425,0.0,14.531243513595287,14.176256486404716,0.10555714285714288,89122.3,1006496,14.17,14.29,14.34
2024-10-31,14.3,14.3163,14.23,14.29,95013,14.346250000000001,14.328409543538264,-0.03776166858834529,41.935483239680856,-0.040000000000000924,14.52105440196788,14.171445598032122,0.10529285714285715,90153.6,911483,14.34,14.17,14.33
2024-11-01,14.28,14.3712,14.26,14.29,86977,14.338249999999999,14.324751491772714,-0.03590221887874101,42.391303702740984,-0.010000000000001563,14.507622681572732,14.168877318427265,0.1093071428571429,90149.75,911483,14.29,14.29,14.3
2024-11-04,14.25,14.31,14.2,14.24,69589,14.32675,14.316679921127694,-0.03802484695375341,45.34883647106543,-0.14000000000000057,14.489563260807339,14.163936739192662,0.110407142857143,87213.9,841894,14.29,14.29,14.38
2024-11-05,14.28,14.31,14.25,14.29,67392,14.31875,14.31413897625839,-0.03526593907006692,47.19101049362451,-0.040000000000000924,14.471475243492955,14.166024756507044,0.10969285714285729,87284.75,909286,14.24,14.17,14.33
2024-11-06,14.37,14.37,14.27,14.3,122390,14.313999999999998,14.312792407090924,-0.03190478971310995,48.31460598156803,0.010000000000001563,14.462593404967995,14.165406595032001,0.110407142857143,89254.3,1031676,14.29,14.34,14.29
2024-11-07,14.33,14.37,14.29,14.3,90234,14.3065,14.311574082606075,-0.02890782324012875,49.99999918604653,0.13000000000000078,14.440628767666647,14.172371232333353,0.11115714285714302,90833.9,1031676,14.3,14.29,14.17
2024-11-08,14.35,14.51,14.34,14.46,117586,14.3075,14.32570988426264,-0.013466805938136872,54.25531834087825,0.1700000000000017,14.446045071518581,14.168954928481417,0.11652857142857163,93904.15,1149262,14.3,14.29,14.29
2024-11-11,14.47,14.5107,14.3409,14.41,80319,14.3065,14.333737514332865,-0.005204278924434647,54.25531834087825,0.120000000000001,14.441567234719308,14.171432765280692,0.12472857142857167,94070.5,1068943,14.46,14.24,14.29
2024-11-12,14.41,14.41,14.19,14.22,94595,14.301499999999999,14.322905370110687,-0.013828176233561251,46.78899022472862,0.05000000000000071,14.441766663331276,14.161233336668722,0.13544285714285742,94658.0,974348,14.41,14.29,14.17
2024-11-13,14.33,14.3369,14.17,14.21,113228,14.295000000000002,14.312152477719193,-0.0212249256782151,52.04081558309044,-0.129999999999999,14.43973205733713,14.150267942662873,0.13379285714285746,97075.85,861120,14.22,14.3,14.34
2024-11-14,14.25,14.26,14.15,14.19,111986,14.288,14.300518908412604,-0.02837366184506429,44.31818111311987,-0.09999999999999964,14.439010630507596,14.136989369492404,0.13450714285714302,98317.6,749134,14.21,14.3,14.29
2024-11-15,14.1,14.1597,14.0,14.04,151014,14.275,14.27570758380188,-0.04561698890626964,37.86407715524557,-0.25,14.462110999986042,14.08788900001396,0.13734285714285743,102321.45,598120,14.19,14.46,14.29
2024-11-18,14.03,14.13,14.01,14.06,118129,14.258999999999997,14.255164004392178,-0.0570114247644149,44.086020841715865,-0.17999999999999972,14.462330169661868,14.055669830338125,0.132064285714286,102877.3,716249,14.04,14.41,14.24
2024-11-19,14.09,14.17,14.08,14.16,77476,14.250499999999999,14.246100765878637,-0.057311778502143085,39.53488307733916,-0.129999999999999,14.45553914902176,14.045460850978237,0.12527857142857166,102379.35,793725,14.06,14.22,14.29
2024-11-20,14.22,14.24,14.15,14.17,92560,14.244500000000002,14.238853073890196,-0.056096251903476,42.682926100535475,-0.13000000000000078,14.451684128634135,14.03731587136587,0.1255428571428574,100364.25,886285,14.16,14.21,14.3
2024-11-21,14.25,14.25,14.13,14.16,57841,14.244,14.231343257329225,-0.05530236352100104,42.16867398751642,-0.14000000000000057,14.451987853896354,14.036012146103646,0.12617142857142877,96422.25,828444,14.17,14.19,14.3
2024-11-22,14.21,14.25,14.16,14.25,92557,14.241999999999999,14.233120089964537,-0.04687065765417309,50.57471182983221,-0.21000000000000085,14.448891784579054,14.035108215420944,0.12474285714285724,97425.25,921001,14.16,14.04,14.46
2024-11-25,14.3,14.3,14.2,14.24,73435,14.239500000000001,14.233775319491723,-0.04052820254307399,46.98795101466115,-0.16999999999999993,14.445154283229202,14.0338457167708,0.12760000000000016,96120.9,847566,14.25,14.06,14.41
2024-11-26,14.26,14.26,14.13,14.17,96829,14.239500000000001,14.22770147954013,-0.040681228281735926,42.696628541850764,-0.05000000000000071,14.445154283229202,14.0338457167708,0.12974285714285724,95050.05,750737,14.24,14.16,14.22
2024-11-27,14.23,14.32,14.19,14.32,87897,14.238499999999998,14.236491814822022,-0.02837170453534199,50.96153777551773,0.10999999999999943,14.442282649950977,14.03471735004902,0.13331428571428589,94852.35,838634,14.17,14.17,14.21
2024-11-29,14.39,14.41,14.28,14.33,69085,14.2405,14.245397356267544,-0.017606445707993856,42.696628541850764,0.14000000000000057,14.447175438410316,14.033824561589686,0.13045714285714308,93555.95,907719,14.32,14.16,14.19
2024-12-02,14.31,14.33,14.25,14.31,77428,14.241499999999998,14.25154998900397,-0.010566924453426552,44.186045792320215,0.27000000000000135,14.449373949660265,14.033626050339732,0.12404285714285734,93078.5,830291,14.33,14.25,14.04
2024-12-03,14.3,14.41,14.3,14.41,94977,14.25,14.266640466241686,0.003045998745475842,62.33766120425027,0.34999999999999964,14.471097739758473,14.028902260241527,0.1161857142857144,94347.9,925268,14.31,14.24,14.06
2024-12-04,14.43,14.43,14.31,14.34,105289,14.252500000000001,14.273627088504382,0.008092636593678648,57.831324325736624,0.17999999999999972,14.47661228388793,14.028387716112073,0.11283571428571434,96242.75,819979,14.41,14.17,14.16
2024-12-05,14.37,14.4,14.31,14.36,101975,14.255500000000001,14.281853080075393,0.0135497729523113,60.24096283930905,0.1899999999999995,14.483855678250976,14.027144321749027,0.11140714285714294,95222.0,921954,14.34,14.32,14.17
2024-12-06,14.42,14.43,14.36,14.42,101830,14.261500000000002,14.295009929592023,0.02245721855576477,75.67567424397377,0.2599999999999998,14.500821409075943,14.02217859092406,0.10500000000000005,95801.8,1023784,14.36,14.33,14.16
2024-12-09,14.42,14.43,14.38,14.39,91104,14.258000000000001,14.304056602964211,0.026786901366955718,71.99999865600009,0.14000000000000057,14.486919659545233,14.029080340454769,0.0999999999999999,94477.7,932680,14.42,14.31,14.25
2024-12-10,14.41,14.45,14.37,14.42,101967,14.258500000000002,14.315098831253334,0.03226700155957296,69.11764563581322,0.17999999999999972,14.488856702803076,14.028143297196927,0.0992857142857142,95560.1,1034647,14.39,14.41,14.24
2024-12-11,14.42,14.43,14.38,14.39,93909,14.267000000000001,14.322232275895873,0.03379964984086037,65.71428440000012,0.22000000000000064,14.503829941208075,14.030170058791928,0.09642857142857128,95525.8,940738,14.42,14.34,14.17
2024-12-12,14.42,14.46,14.37,14.39,85557,14.276,14.32868634485817,0.034615261459068236,66.66666531400978,0.07000000000000028,14.517347096631841,14.034652903368158,0.0942857142857143,94142.25,940738,14.39,14.36,14.32
2024-12-13,14.43,14.43,14.35,14.38,74264,14.285499999999999,14.333573359633583,0.034062076698871735,60.65573631281927,0.05000000000000071,14.527550451461297,14.043449548538701,0.09357142857142861,92256.15,866474,14.39,14.42,14.33
2024-12-16,14.33,14.35,14.2301,14.28,100441,14.297500000000003,14.328471134906575,0.02526329004403749,52.85714179999996,-0.030000000000001137,14.510337966537897,14.08466203346211,0.09499285714285703,89727.5,766033,14.38,14.39,14.31
2024-12-17,14.23,14.25,14.15,14.2,95636,14.3045,14.316235788724997,0.011699986653001204,52.11267502876411,-0.21000000000000085,14.492169923003088,14.116830076996914,0.09284999999999995,88602.85,670397,14.28,14.42,14.41
2024-12-18,14.21,14.23,14.01,14.01,76458,14.297,14.287070475513092,-0.014216561435722141,29.3333327857777,-0.33000000000000007,14.518012026345762,14.07598797365424,0.09927857142857135,88551.95,593939,14.2,14.39,14.34
2024-12-19,14.09,14.09,13.96,13.98,124465,14.2875,14.257825668321368,-0.03675269955154903,27.27272677685947,-0.379999999999999,14.544844741134261,14.030155258865738,0.09927857142857123,90147.2,469474,14.01,14.39,14.36
2024-12-20,14.0,14.1,13.9826,14.05,113201,14.282,14.238032747528857,-0.04840633825140017,34.14634088042831,-0.3699999999999992,14.555041350251853,14.008958649748147,0.10194999999999979,92915.2,582675,13.98,14.38,14.42
2024-12-23,14.1,14.12,14.02,14.12,123535,14.2755,14.22679153347849,-0.05140099719571545,31.645569059445492,-0.27000000000000135,14.557782053795002,13.993217946204997,0.1012357142857141,94464.1,706210,14.05,14.28,14.39
2024-12-24,14.16,14.18,14.13,14.15,40872,14.271,14.219478054099586,-0.05076831121538383,37.33333263644447,-0.2699999999999996,14.558486384116918,13.983513615883084,0.09623571428571408,92835.95,747082,14.12,14.2,14.42
2024-12-26,14.17,14.27,14.13,14.17,64409,14.271,14.214765858471054,-0.04809861922264602,37.33333263644447,-0.22000000000000064,14.558486384116918,13.983513615883084,0.09980714285714257,91214.95,811491,14.15,14.01,14.39
2024-12-27,14.19,14.26,14.0501,14.08,78254,14.259,14.201931014807144,-0.052638334963685196,28.205127698882265,-0.3100000000000005,14.557691884900231,13.96030811509977,0.10979999999999965,90732.8,733237,14.17,13.98,14.39
2024-12-30,14.13,14.1499,14.03,14.07,72482,14.246,14.189366156254083,-0.056392946043260395,28.947367887811566,-0.3100000000000005,14.554162636486494,13.937837363513507,0.11479285714285695,90902.65,660755,14.08,14.05,14.38
2024-12-31,14.13,14.16,14.03,14.13,147461,14.237,14.183712236610837,-0.05390561345839018,31.64556905944565,-0.14999999999999858,14.54779524483254,13.92620475516746,0.11836428571428557,94404.3,808216,14.07,14.12,14.28
2025-01-02,14.17,14.22,14.12,14.2,33217,14.226499999999998,14.18526345217171,-0.045758494043370845,38.554216217157695,0.0,14.526694673679023,13.926305326320973,0.12193571428571433,91316.3,841433,14.13,14.15,14.2
2025-01-03,14.25,14.28,14.15,14.25,82802,14.222,14.191428837679167,-0.03486535496843324,42.04545387654956,0.2400000000000002,14.517695433636838,13.92630456636316,0.124792857142857,90191.95,924235,14.2,14.17,14.01
2025-01-06,14.3,14.3,14.16,14.2,80107,14.213999999999999,14.192245138852579,-0.029922122303240428,40.217390692343976,0.21999999999999886,14.50254626555964,13.925453734440357,0.12907857142857132,89098.55,844128,14.25,14.08,13.98
2025-01-07,14.25,14.2638,14.09,14.21,108954,14.2035,14.193936078009477,-0.024910505573492614,45.783131757874976,0.16000000000000014,14.475279709555942,13.931720290444058,0.13292857142857134,89454.75,953082,14.2,14.07,14.05
2025-01-08,14.18,14.3,14.17,14.29,63164,14.1985,14.203085022960956,-0.014318378442514046,55.42168581216435,0.16999999999999993,14.459290296881163,13.937709703118836,0.13507142857142856,88057.75,1016246,14.21,14.13,14.12
2025-01-10,14.25,14.2797,14.2101,14.23,69776,14.188999999999998,14.205648354107531,-0.010642855722315048,65.71428440000012,0.08000000000000007,14.428815718724536,13.94918428127546,0.12432857142857134,86448.2,946470,14.29,14.2,14.15
2025-01-13,14.2,14.3,14.19,14.2,109126,14.179499999999999,14.2051104156211,-0.010035048967489857,65.71428439999997,0.02999999999999936,14.400071029256717,13.958928970743282,0.12290000000000008,87209.05,837344,14.23,14.25,14.17
2025-01-14,14.22,14.2338,14.05,14.18,102288,14.169,14.202718947466709,-0.011039929157098172,59.999998707692285,0.09999999999999964,14.366126729208451,13.97187327079155,0.1276428571428572,88045.6,735056,14.2,14.2,14.08
2025-01-15,14.19,14.286,14.1569,14.25,64107,14.1625,14.207221904850831,-0.00611737170842197,59.99999870769239,0.17999999999999972,14.337684113675333,13.987315886324666,0.1297214285714286,87537.75,799163,14.18,14.21,14.07
2025-01-16,14.25,14.25,14.13,14.15,74150,14.156,14.201772199626943,-0.010168161494119587,49.999999027777804,0.019999999999999574,14.322246487893263,13.989753512106738,0.13472142857142863,86223.2,725013,14.25,14.29,14.13
2025-01-17,14.23,14.28,14.21,14.28,78208,14.16,14.20922246632914,-0.00285561034053039,56.6265050689505,0.08000000000000007,14.334355957741634,13.985644042258366,0.1297214285714286,85351.8,803221,14.15,14.23,14.2
2025-01-21,14.3,14.3,14.16,14.21,103446,14.169999999999998,14.209296517154936,-0.002677906612326808,58.02469035512889,-0.03999999999999915,14.330525452974387,14.00947454702561,0.12472857142857155,86701.2,699775,14.28,14.2,14.25
2025-01-22,14.22,14.27,14.18,14.24,105269,14.182999999999998,14.212220658378275,-0.00011500019721211174,60.240962839309105,0.040000000000000924,14.318972133367945,14.047027866632051,0.12259285714285717,85741.4,805044,14.21,14.18,14.2
2025-01-23,14.25,14.29,14.2,14.26,93436,14.1935,14.216771071866058,0.0034897270533438274,58.22784706937991,0.049999999999998934,14.318193307970514,14.068806692029487,0.11973571428571425,84753.15,898480,14.24,14.25,14.21
2025-01-24,14.25,14.26,14.21,14.23,101659,14.199000000000002,14.218030969783577,0.0038810121977590484,51.99999902933343,-0.05999999999999872,14.319682270969324,14.07831772903068,0.1161642857142855,83659.35,796821,14.26,14.15,14.29
2025-01-27,14.25,14.35,14.2311,14.3,71684,14.2065,14.225837544089902,0.009727392157651948,53.246752278630545,0.07000000000000028,14.332870382939227,14.080129617060773,0.11537142857142843,85199.95,868505,14.23,14.28,14.23
2025-01-28,14.25,14.29,14.2,14.21,107067,14.208499999999997,14.224329206557531,0.0070175486258570174,50.61728307575076,0.010000000000001563,14.333698789299659,14.083301210700336,0.1117999999999998,87332.85,761438,14.3,14.21,14.2
2025-01-29,14.25,14.27,14.19,14.27,63564,14.218,14.228678805933004,0.009600804563900667,53.48837122228229,0.08999999999999986,14.330315345532567,14.105684654467433,0.10509999999999982,86598.35,825002,14.21,14.24,14.18
2025-01-30,14.24,14.3,14.22,14.3,124143,14.229499999999998,14.235471300606052,0.013908474548818717,50.61728307575076,0.05000000000000071,14.323638755372857,14.13536124462714,0.10152857142857119,89181.4,949145,14.27,14.26,14.25
2025-01-31,14.35,14.35,14.21,14.35,189502,14.2405,14.246378795786429,0.021113532519350997,57.49999899375001,0.1999999999999993,14.337067402149412,14.14393259785059,0.10655714285714257,91283.45,1138647,14.3,14.23,14.15
2025-02-03,14.31,14.4,14.29,14.37,112730,14.249,14.25815224380677,0.02811335249604241,60.75949259413566,0.08999999999999986,14.359482196708175,14.138517803291826,0.10655714285714257,95259.1,1251377,14.35,14.3,14.28
2025-02-04,14.39,14.41,14.31,14.38,127669,14.255500000000001,14.269756792015649,0.034074882648765126,62.82051169296531,0.16999999999999993,14.380564194042773,14.13043580595723,0.10057142857142828,97502.45,1379046,14.37,14.21,14.21
2025-02-05,14.34,14.4,14.31,14.38,63881,14.264500000000002,14.280256145157015,0.0383572794049023,59.1549284110297,0.14000000000000057,14.398345944436482,14.130654055563522,0.09777857142857117,96691.15,1379046,14.38,14.27,14.24
2025-02-06,14.36,14.44,14.34,14.35,130340,14.2715,14.286898417046823,0.038882151172190405,65.62499856445316,0.08999999999999986,14.407962834732189,14.13503716526781,0.09634999999999978,97760.45,1248706,14.38,14.3,14.26
2025-02-07,14.33,14.44,14.29,14.33,147388,14.273500000000002,14.29100332970903,0.037254832457987774,54.71697968672138,0.09999999999999964,14.412257645593003,14.134742354407,0.10206428571428562,101971.65,1101318,14.35,14.35,14.23
2025-02-10,14.35,14.37,14.27,14.33,145575,14.2785,14.29471729830817,0.035555311158168124,63.04347634215501,0.02999999999999936,14.417863213450119,14.13913678654988,0.0992071428571427,105761.6,1101318,14.33,14.37,14.3
2025-02-11,14.29,14.35,14.26,14.29,173949,14.283000000000001,14.294268031802629,0.03062770545422744,55.319147288365706,0.0799999999999983,14.417414911453447,14.148585088546556,0.0992071428571427,109002.75,927369,14.33,14.38,14.21
2025-02-12,14.27,14.3293,14.235,14.31,121307,14.2895,14.295766314488093,0.02801345362972185,55.319147288365876,0.040000000000000924,14.415235729544927,14.163764270455074,0.0995142857142856,109953.7,1048676,14.29,14.38,14.27
2025-02-13,14.33,14.39,14.28,14.35,131556,14.2945,14.300931427393989,0.02883689218739427,62.49999817708325,0.049999999999998934,14.421568154112103,14.167431845887895,0.10380000000000005,113326.15,1180232,14.31,14.35,14.3
2025-02-14,14.23,14.31,14.2015,14.29,101653,14.301499999999999,14.299890339070751,0.024367086018191486,48.93616875509269,-0.0600000000000005,14.40896358012189,14.194036419878108,0.10305714285714299,114701.3,1078579,14.35,14.33,14.35
2025-02-18,14.32,14.32,14.22,14.28,81768,14.3015,14.297996021064014,0.01978969274011888,58.974356857330534,-0.08999999999999986,14.408963580121892,14.19403641987811,0.1037714285714287,114879.3,996811,14.29,14.33,14.37
2025-02-19,14.27,14.29,14.21,14.22,200316,14.302000000000001,14.290567828581727,0.011191567604990738,43.5897420249838,-0.16000000000000014,14.407750451037902,14.1962495489621,0.10377142857142856,119722.8,796495,14.28,14.29,14.38
2025-02-20,14.24,14.3134,14.16,14.26,104480,14.303,14.287656606812039,0.007518488737241924,44.999998424999944,-0.120000000000001,14.40663904974266,14.199360950257342,0.10901428571428566,119683.35,900975,14.22,14.31,14.38
2025-02-21,14.26,14.3,14.19,14.24,106291,14.302000000000001,14.28311788235375,0.002959598014790288,35.13513380569776,-0.10999999999999943,14.407750451037902,14.1962495489621,0.1068714285714287,120326.1,794684,14.26,14.35,14.35
2025-02-24,14.29,14.2955,14.17,14.21,136607,14.300999999999998,14.276154274510535,-0.003039072471628046,28.94736735457093,-0.11999999999999922,14.40994711416184,14.192052885838157,0.10797857142857151,122073.5,658077,14.24,14.29,14.33
2025-02-25,14.21,14.24,14.18,14.22,86858,14.297,14.270806248366675,-0.006906531428546359,28.947367354570602,-0.10999999999999943,14.411817933680764,14.182182066319237,0.10512142857142871,122832.2,744935,14.21,14.28,14.33
2025-02-26,14.24,14.25,14.19,14.24,98774,14.2985,14.2678723199508,-0.00826244335857318,32.49999886249991,-0.049999999999998934,14.409243896113054,14.187756103886947,0.10297857142857161,122417.55,843709,14.22,14.22,14.29
2025-02-27,14.26,14.26,14.2,14.24,102522,14.297,14.26521781328882,-0.009230608621601633,35.13513380569762,-0.07000000000000028,14.410155691532946,14.183844308467055,0.10012142857142882,124365.45,843709,14.24,14.26,14.31
2025-02-28,14.24,14.25,14.2,14.24,116248,14.294,14.262816116785123,-0.009883950538540631,37.14285565714286,-0.10999999999999943,14.409967327522088,14.178032672477913,0.0929785714285717,123970.7,843709,14.24,14.24,14.35
2025-03-03,14.26,14.47,14.2398,14.37,486224,14.294999999999998,14.27302410566273,8.717987455142406e-05,54.166665086805544,0.08000000000000007,14.413321595661921,14.176678404338075,0.10227857142857173,138806.8,1329933,14.24,14.21,14.29
2025-03-04,14.33,14.3397,14.22,14.22,278247,14.2875,14.267974190837707,-0.004067486381568841,44.06779556449305,-0.05999999999999872,14.404816486031253,14.170183513968746,0.1044000000000003,147082.65,1051686,14.37,14.22,14.28
2025-03-05,14.3,14.3,14.19,14.21,97005,14.279,14.262452839329354,-0.00807393445822413,41.379309346016605,-0.009999999999999787,14.392675438257978,14.165324561742022,0.10552142857142892,145549.45,954681,14.22,14.24,14.22
2025-03-06,14.2,14.25,14.18,14.18,117236,14.269,14.254600187964654,-0.013514041248104292,35.087718436441875,-0.08000000000000007,14.380430884880493,14.157569115119507,0.102664285714286,148217.2,837445,14.21,14.24,14.26
2025-03-07,14.22,14.2351,14.18,14.2,82548,14.261499999999998,14.249400170063257,-0.01602678541398639,41.50943286578848,-0.040000000000000924,14.370132649933462,14.152867350066535,0.09885000000000017,145827.6,919993,14.18,14.24,14.24
2025-03-10,14.2,14.23,14.15,14.17,80382,14.253499999999999,14.241838249104852,-0.02020598058196832,39.99999898181815,-0.040000000000000924,14.364433835187745,14.142566164812253,0.09742142857142877,142477.3,839611,14.2,14.37,14.21
2025-03-11,14.19,14.19,14.07,14.13,82274,14.243500000000001,14.231186987285342,-0.026440894396404957,41.50943286578848,-0.08999999999999986,14.361246382221728,14.125753617778274,0.10027857142857169,139312.25,757337,14.17,14.22,14.22
2025-03-12,14.17,14.25,14.0908,14.19,128143,14.238499999999998,14.22726441706769,-0.02623815286188602,43.63636252561977,-0.05000000000000071,14.356425043097143,14.120574956902853,0.10069285714285746,137021.95,885480,14.13,14.21,14.24
2025-03-13,14.14,14.18,14.09,14.1,130469,14.228,14.215143996394577,-0.03295978666974975,38.70967654526521,-0.14000000000000057,14.356078923036957,14.099921076963042,0.09926428571428593,137480.05,755011,14.19,14.18,14.24
2025-03-14,14.05,14.15,14.05,14.11,71316,14.216000000000003,14.205130282452236,-0.037052693081381705,41.66666569444427,-0.13000000000000078,14.340883103235294,14.091116896764712,0.09744285714285729,134468.05,826327,14.1,14.2,14.24
2025-03-17,14.15,14.15,14.0,14.02,113084,14.2025,14.187498826980594,-0.047016620405807785,35.294116920415036,-0.34999999999999964,14.350023414733833,14.054976585266168,0.10387142857142871,135039.6,713243,14.11,14.17,14.37
2025-03-18,13.96,13.9791,13.91,13.95,130961,14.185999999999998,14.16487989107768,-0.059871359814907876,30.136985723400088,-0.27000000000000135,14.36703794310061,14.004962056899386,0.10452142857142872,137499.25,582282,14.02,14.13,14.22
2025-03-19,13.96,14.08,13.932,14.02,147192,14.175999999999998,14.151081806213138,-0.06367639656203927,36.24999936562489,-0.19000000000000128,14.370708959597046,13.981291040402951,0.11080714285714295,134843.05,729474,13.95,14.19,14.21
2025-03-20,14.03,14.05,13.95,14.03,108128,14.1645,14.139550205621411,-0.06513417297005297,37.0370363968906,-0.15000000000000036,14.36539012445927,13.963609875540731,0.11437857142857157,135025.45,837602,14.02,14.1,14.18
2025-03-21,14.04,14.11,14.01,14.08,106117,14.1565,14.133878757466992,-0.061545431717414445,30.136985723400244,-0.11999999999999922,14.357473944370378,13.95552605562962,0.10507857142857155,135016.75,943719,14.03,14.11,14.2
2025-03-24,14.1,14.11,14.01,14.05,97817,14.148500000000002,14.125890304374897,-0.060425529804748024,36.065572942757285,-0.11999999999999922,14.353210321648602,13.943789678351402,0.10367142857142866,133077.25,845902,14.08,14.02,14.17
2025-03-25,14.05,14.1,14.016,14.06,87160,14.1405,14.119615037291574,-0.058061782952322005,37.70491716742805,-0.07000000000000028,14.34594944313434,13.935050556865658,0.1018142857142857,133092.35,933062,14.05,13.95,14.13
2025-03-26,14.04,14.06,13.99,14.01,83857,14.129,14.109175509930472,-0.05953677578358274,36.50793569664899,-0.17999999999999972,14.336734648555622,13.921265351444378,0.1018142857142857,132346.5,849205,14.06,14.02,14.19
2025-03-27,14.01,14.04,13.95,13.99,78149,14.116499999999998,14.097825461365664,-0.0616093567678071,33.33333259259261,-0.10999999999999943,14.326188992758832,13.906811007241165,0.10430714285714286,131127.85,771056,14.01,14.03,14.1
2025-03-28,13.97,13.99,13.9301,13.97,78462,14.103,14.085651607902268,-0.06412651444185258,33.87096697710719,-0.1399999999999988,14.313972684687414,13.892027315312586,0.10287142857142863,129238.55,692594,13.99,14.08,14.11
2025-03-31,13.97,14.14,13.92,14.14,296850,14.091500000000002,14.090827645244909,-0.051806606472041494,50.6666657208889,0.120000000000001,14.262475529181675,13.920524470818329,0.11001428571428587,119769.85,989444,13.97,14.05,14.02
2025-04-01,14.08,14.1,14.0301,14.05,85027,14.082999999999998,14.086939298078727,-0.04874335542478647,41.025640289283444,0.10000000000000142,14.243669651278987,13.92233034872101,0.10363571428571447,110108.85,904417,14.14,14.06,13.95
2025-04-02,14.05,14.05,13.98,14.03,109381,14.074000000000002,14.081516507785516,-0.04738333417209617,45.070421646498716,0.009999999999999787,14.2245638525152,13.923436147484804,0.10220714285714307,110727.65,795036,14.05,14.01,14.02
2025-04-03,13.94,13.96,13.86,13.93,104937,14.0615,14.067086364186896,-0.05375501741660216,38.749999321875045,-0.09999999999999964,14.216456700233897,13.906543299766104,0.10220714285714319,110112.7,690099,14.03,13.99,14.03
2025-04-04,13.82,13.92,13.1,13.17,322973,14.010000000000002,13.981649567597668,-0.11876126477435811,21.088435173307445,-0.9100000000000001,14.429674058990415,13.590325941009588,0.15006428571428604,122133.95,367126,13.93,13.97,14.08
2025-04-07,13.09,13.11,12.48,12.75,261503,13.939000000000002,13.864349608778841,-0.20184295413129938,17.03296690194425,-1.3000000000000007,14.634516468456903,13.2434835315431,0.19012857142857165,131190.0,105623,13.17,14.14,14.05
2025-04-08,12.95,13.21,12.88,12.9,185216,13.877500000000001,13.772506788895143,-0.25266942922142377,20.526315638227175,-1.1600000000000001,14.706599067155382,13.04840093284462,0.20312857142857169,136337.1,290839,12.75,14.05,14.06
2025-04-09,12.84,13.4,12.825,13.36,183114,13.836000000000002,13.733220428047986,-0.2529161612239825,35.744680638116805,-0.6500000000000004,14.682152903937665,12.98984709606234,0.23705714285714308,139085.65,473953,12.9,14.03,14.01
2025-04-10,13.36,13.365,13.05,13.13,101278,13.7875,13.675770863471987,-0.2685748126650296,31.22529626989953,-0.8599999999999994,14.679874124987611,12.895125875012388,0.2524142857142859,137626.1,372675,13.36,13.93,13.99
2025-04-11,13.16,13.4,13.03,13.16,113908,13.739999999999998,13.626649828855607,-0.2753891428520028,32.41106701432608,-0.8100000000000005,14.660777703328773,12.819222296671224,0.27170000000000033,139755.7,486583,13.13,13.17,13.97
2025-04-14,13.32,13.47,13.2,13.28,105426,13.703,13.593635559440788,-0.26801701815117696,35.2272725404614,-0.8600000000000012,14.635796587517481,12.770203412482518,0.28498571428571473,139372.8,592009,13.16,12.75,14.14
2025-04-15,13.25,13.44,13.23,13.38,100123,13.6745,13.573289315684523,-0.25120960400493253,38.289962626000204,-0.6699999999999999,14.610346928554163,12.738653071445837,0.29498571428571463,137830.9,692132,13.28,12.9,14.05
2025-04-16,13.42,13.46,13.27,13.34,79690,13.6405,13.55107128561933,-0.23836949771935778,38.007379877452635,-0.6899999999999995,14.572898717513654,12.708101282486345,0.30212857142857186,134455.8,612442,13.38,13.36,14.03
2025-04-17,13.39,13.45,13.34,13.4,42673,13.609,13.536683544131774,-0.2208067990885585,39.636363434578506,-0.5299999999999994,14.528471243933769,12.689528756066231,0.30570714285714323,131183.05,655115,13.34,13.13,13.93
2025-04-21,13.41,13.44,13.32,13.34,85150,13.572,13.517951778023987,-0.20931685800643862,34.84848466368227,0.16999999999999993,14.470995931142399,12.6730040688576,0.29856428571428595,130134.7,569965,13.4,13.16,13.17
2025-04-22,13.4,13.52,13.3966,13.49,51398,13.544,13.515289703926465,-0.18596357815000353,39.62962942414266,0.7400000000000002,14.414750432552026,12.673249567447975,0.30238571428571454,127813.75,621363,13.34,13.28,12.75
2025-04-23,13.63,13.6904,13.53,13.54,99488,13.518,13.517643065457278,-0.16155900187330907,41.02564081525311,0.6399999999999988,14.35424725630897,12.681752743691032,0.3088428571428574,128430.15,720851,13.49,13.38,12.9
2025-04-24,13.59,13.7,13.53,13.63,82862,13.499,13.528343725889918,-0.1334179919485674,44.485293888678655,0.27000000000000135,14.30489668921288,12.693103310787121,0.3138428571428573,128380.4,803713,13.54,13.34,13.36
2025-04-25,13.61,13.755,13.61,13.68,64605,13.483500000000001,13.54278718056707,-0.10586115520469619,62.686566727556254,0.5499999999999989,14.26106096393251,12.705939036067493,0.26562857142857166,127703.2,868318,13.63,13.4,13.13
2025-04-28,13.74,13.74,13.6,13.7,73950,13.469999999999999,13.557759830036872,-0.08146920442013084,79.50310489873075,0.5399999999999991,14.220915231041825,12.719084768958172,0.2306285714285718,127477.6,942268,13.68,13.34,13.16
2025-04-29,13.7,13.88,13.69,13.88,72656,13.456999999999999,13.588449370033361,-0.04707130332771747,79.87804809860204,0.6000000000000014,14.166962193211404,12.747037806788594,0.22062857142857187,116267.9,1014924,13.7,13.49,13.28
2025-04-30,13.85,13.94,13.81,13.84,120818,13.4465,13.612406572887327,-0.022775838901152312,69.67213034802471,0.4599999999999991,14.125051863588205,12.767948136411796,0.18884285714285745,118057.45,894106,13.88,13.54,13.38
2025-05-01,13.94,13.94,13.83,13.87,37319,13.4385,13.636939280231392,-0.0010882147618094251,86.27450861976146,0.5299999999999994,14.091373002884032,12.785626997115967,0.1742000000000003,114454.35,931425,13.84,13.63,13.34
2025-05-02,13.88,13.94,13.875,13.937,29801,13.438849999999999,13.665516491637925,0.021260644205046475,86.75496573834465,0.536999999999999,14.092838982685304,12.784861017314693,0.1524142857142859,110697.55,961226,13.87,13.68,13.4
2025-05-05,13.92,13.93,13.8474,13.89,50619,13.47485,13.686895873386694,0.03477885970095862,80.99593380696837,0.5500000000000007,14.145579147624998,12.804120852375002,0.13902857142857147,97079.85,910607,13.937,13.7,13.34
2025-05-06,13.88,13.9395,13.82,13.86,73175,13.530350000000002,13.703381980683199,0.04258055150315876,76.25820452120895,0.3699999999999992,14.12828443576512,12.932415564234883,0.13256428571428586,87663.45,837432,13.89,13.88,13.49
2025-05-07,13.91,13.95,13.8456,13.93,41467,13.58185,13.72496464918956,0.053791785234190925,81.24999879502111,0.39000000000000057,14.126214535369895,13.037485464630103,0.12645000000000003,80476.0,878899,13.86,13.84,13.54
2025-05-08,13.92,13.96,13.9,13.91,67542,13.609350000000001,13.74258706355246,0.06036706197235908,78.20796339058458,0.27999999999999936,14.162031606256981,13.05666839374302,0.12287857142857155,74697.4,811357,13.93,13.87,13.63
2025-05-09,13.93,14.0,13.93,13.99,47113,13.652350000000002,13.766150200356988,0.07121245472194992,85.17315888265773,0.3100000000000005,14.181312947662741,13.123387052337263,0.11930714285714306,71989.15,858470,13.91,13.937,13.68
2025-05-12,14.01,14.12,14.0,14.11,71108,13.699850000000001,13.798897800322989,0.08847066893063804,84.6756138865116,0.41000000000000014,14.213037879825752,13.186662120174251,0.11906428571428584,69849.15,929578,13.99,13.89,13.7
2025-05-13,14.14,14.15,14.07,14.14,110751,13.74285,13.831383724101752,0.1033770114710002,84.32494144101923,0.2599999999999998,14.252017855685335,13.233682144314667,0.11332142857142864,70115.4,1040329,14.11,13.86,13.88
2025-05-14,14.14,14.15,14.03,14.13,82175,13.780350000000002,13.859823369425394,0.11307996347303906,81.48614465893445,0.2900000000000009,14.287467042443737,13.273232957556267,0.10975000000000014,69218.0,958154,14.14,13.93,13.84
2025-05-15,14.07,14.07,14.0,14.05,68821,13.815850000000001,13.877935429480118,0.11301156446069882,72.45145507970831,0.1800000000000015,14.291608574334365,13.340091425665637,0.1043928571428572,68674.55,889333,14.13,13.91,13.87
2025-05-16,14.05,14.08,13.988,14.05,43577,13.848350000000002,13.894322531434392,0.11167009441443909,71.76616790456924,0.11300000000000132,14.292235843551351,13.404464156448652,0.10096428571428577,68719.75,889333,14.05,13.99,13.937
2025-05-19,13.94,13.99,13.89,13.92,71219,13.877349999999998,13.896768004631117,0.09897612108002818,52.65251891626617,0.02999999999999936,14.25174313702665,13.502956862973345,0.09453571428571424,68023.2,818114,14.05,14.11,13.89
2025-05-20,13.96,13.99,13.9,13.97,54269,13.901349999999999,13.903742480380535,0.09189137136127279,58.507852331007975,0.11000000000000121,14.229929894954703,13.572770105045295,0.09167857142857143,68166.75,872383,13.92,14.14,13.86
2025-05-21,13.99,14.02,13.83,13.89,84496,13.91885,13.902433672725246,0.07891168002764637,51.228500347421445,-0.03999999999999915,14.200298340590372,13.63740165940963,0.09739285714285716,67417.15,787887,13.97,14.13,13.93
2025-05-22,13.91,13.9885,13.89,13.91,60771,13.932850000000002,13.903154275322843,0.06943856938132598,48.239894817003275,0.0,14.17950618517327,13.686193814826733,0.0997857142857143,66312.6,848658,13.89,14.05,13.91
2025-05-23,13.87,13.93,13.87,13.89,37645,13.94335,13.901901487196858,0.059629852272315986,49.99999905405407,-0.09999999999999964,14.160840253865166,13.725859746134836,0.09817142857142867,64964.6,811013,13.91,14.05,13.99
2025-05-27,13.95,13.99,13.9016,13.92,66891,13.954350000000002,13.903625155082871,0.05365857986756417,54.05405303140984,-0.1899999999999995,14.139930483320555,13.768769516679448,0.09595000000000008,64611.65,877904,13.89,13.92,14.11
2025-05-28,13.98,14.04,13.955,14.03,114349,13.961850000000002,13.915660854598787,0.057143667529167885,56.41025539776464,-0.11000000000000121,14.146902225914216,13.776797774085788,0.09456428571428573,66696.3,992253,13.92,13.97,14.14
2025-05-29,14.04,14.04,13.9101,14.01,95132,13.97035,13.92464553511319,0.057627497833513175,56.41025539776464,-0.120000000000001,14.147274932044532,13.793425067955468,0.09955714285714277,65412.0,897121,14.03,13.89,14.13
2025-05-30,14.03,14.05,13.98,13.98,126194,13.97585,13.929917388911933,0.054956681145080566,49.31506754738228,-0.07000000000000028,14.146362879587663,13.805337120412336,0.09955714285714277,69855.75,770927,14.01,13.91,14.05
2025-06-02,13.98,14.03,13.96,14.03,70509,13.980499999999997,13.939449066158415,0.05622647797157754,43.93939300734618,-0.02000000000000135,14.15162322429977,13.809376775700224,0.09598571428571415,71891.15,841436,13.98,13.89,14.05
2025-06-03,14.02,14.08,14.0,14.04,91874,13.988,13.949025345571899,0.0573782962490732,42.18749907714831,0.11999999999999922,14.155533186029112,13.820466813970887,0.09598571428571415,73953.9,933310,14.03,13.92,13.92
2025-06-04,14.02,14.05,13.97,14.0,90559,13.995,13.95388007456505,0.0544359510676351,40.29850662062812,0.02999999999999936,14.151339711088289,13.83866028891171,0.09312857142857123,74823.1,842751,14.04,14.03,13.97
2025-06-05,14.04,14.06,14.005,14.05,96499,14.001000000000001,13.963034353177903,0.055498946141236516,49.99999890625003,0.16000000000000014,14.156041590345474,13.845958409654529,0.09205714285714262,77574.7,939250,14.0,14.01,13.89
2025-06-06,14.08,14.08,14.0203,14.08,62168,14.0095,13.974173938589532,0.0580924728098271,52.238804878592106,0.16999999999999993,14.162157166639256,13.856842833360743,0.08974999999999968,77306.0,1001418,14.05,13.98,13.91
2025-06-09,14.08,14.0828,14.02,14.08,74212,14.014,13.984252611104814,0.05946241566630128,64.8148131344309,0.1899999999999995,14.169516118643386,13.858483881356612,0.08709285714285693,78660.95,1001418,14.08,14.03,13.89
2025-06-10,14.08,14.08,14.03,14.065,48063,14.011749999999997,13.991942838618641,0.05866151715594725,59.405938947162056,0.14499999999999957,14.162651675900179,13.860848324099816,0.08423571428571412,77508.7,953355,14.08,14.04,13.92
2025-06-11,14.08,14.09,14.03,14.04,160327,14.00675,13.996519711131151,0.05537122325574373,66.66666459259267,0.009999999999999787,14.145930874366718,13.867569125633283,0.07494999999999992,79987.5,793028,14.065,14.0,14.03
2025-06-12,14.08,14.1465,14.08,14.13,126402,14.00675,14.009232119594852,0.059341833752670325,71.15384423816589,0.120000000000001,14.145930874366718,13.867569125633283,0.07266428571428563,82198.85,919430,14.04,14.05,14.01
2025-06-13,14.02,14.0802,13.95,13.99,78100,14.00375,14.007400489157247,0.050608359540831316,57.81249873535158,0.009999999999999787,14.141585714568238,13.865914285431762,0.07767857142857133,82662.8,841330,14.13,14.08,13.98
2025-06-16,14.03,14.03,13.88,13.94,117762,13.998249999999999,14.000981394951795,0.03920055655957988,51.51515042240586,-0.08999999999999986,14.137090120092786,13.859409879907211,0.08207857142857122,86372.05,723568,13.99,14.08,14.03
2025-06-17,13.9,13.95,13.88,13.91,51264,13.997750000000002,13.992316500194482,0.02742292679866054,39.65517145659938,-0.129999999999999,14.137843014214095,13.857656985785908,0.08100714285714261,85374.3,672304,13.94,14.065,14.04
2025-06-18,13.96,13.98,13.9,13.93,83809,13.995749999999997,13.986381595414056,0.01947836870336772,43.10344723543402,-0.07000000000000028,14.138625543927722,13.852874456072273,0.07744285714285695,86851.3,756113,13.91,14.04,14.0
2025-06-20,13.93,14.0,13.93,13.96,63532,13.99925,13.98386906251748,0.015425186506734079,48.27586090368616,-0.08999999999999986,14.134440898167664,13.864059101832336,0.07744285714285695,85803.1,819645,13.93,14.13,14.05
2025-06-23,13.99,14.03,13.97,14.02,79095,14.004749999999998,13.987310104182482,0.01686015559476317,49.15254120654989,-0.0600000000000005,14.133446910362496,13.8760530896375,0.07672857142857126,86719.3,898740,13.96,13.99,14.08
2025-06-24,14.02,14.04,13.9701,14.04,106277,14.01225,13.992328189498435,0.019387722195418178,49.999998833333365,-0.040000000000000924,14.129789467055959,13.89471053294404,0.07600714285714259,90150.9,1005017,14.02,13.94,14.08
2025-06-25,14.04,14.1,14.0047,14.09,118863,14.020749999999998,14.00163026668906,0.025135670703676283,57.37704786347754,0.025000000000000355,14.134734070909317,13.906765929090678,0.07709999999999972,92749.5,1123880,14.04,13.91,14.065
2025-06-26,14.13,14.13,14.06,14.06,79951,14.02225,14.00718928890915,0.026959440381613575,50.84745642056882,0.02000000000000135,14.137528838154815,13.906971161845185,0.07817142857142834,91029.6,1043929,14.09,13.93,14.04
2025-06-27,14.11,14.3,14.1066,14.21,146347,14.032250000000001,14.026504594727326,0.040046901634909204,59.1549284110296,0.08000000000000007,14.174579306816813,13.88992069318319,0.08772142857142841,93590.35,1190276,14.06,13.96,14.13
2025-06-30,14.27,14.27,14.175,14.18,97032,14.04225,14.041123204753296,0.0474510732534732,56.75675568298025,0.1899999999999995,14.196709158287725,13.887790841712274,0.09002142857142825,92132.25,1093244,14.21,14.02,13.99
2025-07-01,14.21,14.28,14.18,14.25,58498,14.05325,14.06101623287203,0.05829535502581251,61.63521904038606,0.3100000000000005,14.23325804075609,13.873241959243911,0.09359285714285674,91531.7,1151742,14.18,14.04,13.94
2025-07-02,14.27,14.27,14.17,14.23,84442,14.06275,14.077109924979455,0.06453181105798045,62.02531535651344,0.3200000000000003,14.259124373931131,13.866375626068868,0.09644999999999955,91160.1,1067300,14.25,14.09,13.91
2025-07-03,14.21,14.2558,14.2,14.22,60597,14.07375,14.090718503552841,0.06788479728195007,56.338027058123394,0.2900000000000009,14.279736075155325,13.867763924844676,0.09568571428571396,89662.0,1006703,14.23,14.06,13.93
2025-07-07,14.22,14.2452,14.1501,14.16,61565,14.079249999999998,14.097316741309713,0.06495184008099208,63.49206208112876,0.1999999999999993,14.28841563570026,13.870084364299737,0.09317857142857111,87915.3,945138,14.22,14.21,13.96
2025-07-08,14.15,14.2,14.14,14.2,92080,14.085249999999998,14.107096099280216,0.06510463042119952,70.96774033298652,0.17999999999999972,14.301278141441653,13.869221858558344,0.08674999999999969,89410.9,1037218,14.16,14.18,14.02
2025-07-09,14.15,14.19,14.15,14.18,127893,14.090250000000001,14.114039327920196,0.06288696324704723,72.13114588551467,0.14000000000000057,14.310357031380544,13.870142968619458,0.08460714285714259,92094.95,909325,14.2,14.25,14.04
2025-07-10,14.2,14.2154,14.165,14.17,64775,14.095500000000001,14.11936891573732,0.05963509337274431,69.99999836666673,0.08000000000000007,14.31806637094063,13.872933629059373,0.08249285714285699,92930.55,844550,14.18,14.23,14.09
2025-07-11,14.18,14.2116,14.14,14.17,49424,14.102,14.124190923762338,0.05640772987153575,68.42105095106187,0.10999999999999943,14.325333595181823,13.878666404818178,0.08260714285714268,87385.4,844550,14.17,14.22,14.06
2025-07-14,14.19,14.2,14.15,14.17,48439,14.104,14.128553692927829,0.05323634559142576,64.70588057670136,-0.040000000000000924,14.32909880871343,13.878901191286568,0.08189285714285699,83487.25,844550,14.17,14.16,14.21
2025-07-15,14.09,14.1199,14.08,14.1,41917,14.1095,14.125834293601368,0.044560915222778164,55.35714147321436,-0.08000000000000007,14.328153775828833,13.890846224171169,0.07974999999999989,81678.1,802633,14.17,14.2,14.18
2025-07-16,14.07,14.1192,14.03,14.05,81131,14.115,14.118611979925047,0.03326750493141084,46.42857026785724,-0.1999999999999993,14.320861476163985,13.909138523836015,0.0793142857142856,79846.55,721502,14.1,14.18,14.25
