Date,Open,High,Low,Close,Volume,SMA_20,EMA_20,MACD,RSI_14,Momentum_10,Bollinger_Upper,Bollinger_Lower,ATR_14,Volume_MA_20,OBV,Lag_1,Lag_5,Lag_10
2023-08-14,1.26,1.27,1.11,1.1901,74413.0,1.387625,1.3632531504460688,-0.03322923242697762,23.07100187994223,-0.2399,1.5629559397141664,1.2122940602858339,0.07618571428571423,25739.65,-151192.0,1.3,1.31,1.43
2023-08-15,1.19,1.215,1.11,1.125,25817.0,1.3693750000000002,1.3405623742131099,-0.043040587170359634,22.84679817100769,-0.2250000000000001,1.5734644837281457,1.1652855162718547,0.07582857142857138,25871.85,-177009.0,1.1901,1.32,1.35
2023-08-16,1.12,1.2399,1.1106,1.23,22810.0,1.355375,1.3300326242880518,-0.0430807886820721,37.49583106878688,-0.13000000000000012,1.5572501346748775,1.1534998653251225,0.0807785714285714,25962.9,-154199.0,1.125,1.3,1.36
2023-08-17,1.15,1.26,1.15,1.19,31963.0,1.3387499999999999,1.316696183879666,-0.045318756175949604,27.184976517041648,-0.16000000000000014,1.5374138366688812,1.1400861633311186,0.08149285714285713,26176.35,-186162.0,1.23,1.3099,1.35
2023-08-18,1.15,1.2299,1.15,1.22,18719.0,1.3247499999999999,1.307487023510174,-0.04445962175456275,31.890306232383097,-0.15000000000000013,1.5148468008258174,1.1346531991741824,0.0823142857142857,25272.8,-167443.0,1.19,1.3,1.37
2023-08-21,1.15,1.2,1.14,1.1686,32438.0,1.31168,1.2942596879377766,-0.046841347810242295,33.54499189109238,-0.14139999999999997,1.5071758780020423,1.1161841219979576,0.07588571428571429,25436.1,-199881.0,1.22,1.1901,1.31
2023-08-22,1.1451,1.15,1.125,1.145,19911.0,1.29543,1.2800444795627501,-0.04980356712751921,30.96671311343134,-0.17500000000000004,1.489540268173856,1.101319731826144,0.07410000000000001,24998.8,-219792.0,1.1686,1.125,1.32
2023-08-23,1.15,1.2,1.14,1.19,21698.0,1.28443,1.2714688148424882,-0.048339896345524824,36.662219884509696,-0.1100000000000001,1.476122452148034,1.0927375478519659,0.07481428571428574,24874.65,-198094.0,1.145,1.23,1.3
2023-08-24,1.16,1.17,1.1,1.1,23905.0,1.27043,1.255138451524156,-0.05307062538163376,29.844729146273195,-0.20989999999999998,1.473306307661901,1.0675536923380988,0.07624285714285715,24645.8,-221999.0,1.19,1.19,1.3099
2023-08-25,1.17,1.17,1.124,1.13,1990.0,1.25443,1.2432205037599506,-0.05398192231545429,35.933103308747334,-0.17000000000000015,1.4479347841105854,1.0609252158894145,0.07382142857142857,23723.65,-220009.0,1.1,1.22,1.3
2023-08-28,1.124,1.15,1.09,1.105,31938.0,1.23818,1.230056646259003,-0.055882554160048725,33.582772647894274,-0.08509999999999995,1.4240394443460749,1.0523205556539252,0.07394285714285712,24638.3,-251947.0,1.13,1.1686,1.1901
2023-08-29,1.08,1.11,1.07,1.105,40006.0,1.22593,1.2181464894724312,-0.05671954325720319,34.64083099405853,-0.020000000000000018,1.4130492594661437,1.0388107405338562,0.0732285714285714,24993.55,-251947.0,1.105,1.145,1.125
2023-08-30,1.06,1.1252,1.06,1.08,47438.0,1.2119300000000002,1.2049896809512473,-0.05855763759537602,32.312662790618106,-0.1499999999999999,1.3987118778541885,1.0251481221458119,0.07431428571428568,26417.75,-299385.0,1.105,1.19,1.23
2023-08-31,1.07,1.11,1.0699,1.07,25973.0,1.19793,1.1921335208606523,-0.06005836160526368,32.307691611834315,-0.11999999999999988,1.3831048999701294,1.0127551000298705,0.07503571428571425,26930.9,-325358.0,1.08,1.1,1.19
2023-09-01,1.0801,1.0999,1.05,1.07,24442.0,1.18293,1.1805017569691616,-0.06053874414928129,38.88168756833248,-0.1499999999999999,1.3577287004648793,1.0081312995351208,0.06717142857142855,26946.05,-325358.0,1.07,1.13,1.22
2023-09-05,1.02,1.07,0.9797,0.99,59262.0,1.16693,1.1623587324959082,-0.06620424932199342,37.83783688336986,-0.1786000000000001,1.3510863877738015,0.9827736122261984,0.06612142857142855,28763.75,-384620.0,1.07,1.105,1.1686
2023-09-06,1.0,1.03,0.97515,0.9795,13033.0,1.149905,1.1449436151153454,-0.07066325134220719,22.80130223839687,-0.16549999999999998,1.3374049225262998,0.9624050774737001,0.060803571428571415,28933.15,-397653.0,0.99,1.105,1.145
2023-09-07,0.98,1.06,0.969799,1.0473,87409.0,1.13727,1.1356442231995982,-0.06821792083914202,35.38808008307774,-0.14270000000000005,1.3160368060557341,0.9585031939442659,0.05938935714285713,32296.2,-310244.0,0.9795,1.08,1.19
2023-09-08,1.0299,1.08,1.01,1.04,36851.0,1.123775,1.1265352495615413,-0.06607393626626812,30.67010217057249,-0.06000000000000005,1.2878138256352425,0.9597361743647574,0.058682214285714275,33153.6,-347095.0,1.0473,1.07,1.1
2023-09-11,1.07,1.077,0.92,1.02,60306.0,1.109775,1.116389035317585,-0.06515958215871764,32.8880689534017,-0.10999999999999988,1.2574663549121596,0.9620836450878403,0.06561078571428569,35016.1,-407401.0,1.04,1.07,1.13
2023-09-12,0.9901,1.02,0.9666,1.02,11340.0,1.10127,1.1072091271921007,-0.06369594951740498,34.77837192669941,-0.08499999999999996,1.24907587695744,0.9534641230425599,0.06763935714285713,31862.45,-407401.0,1.02,0.99,1.105
2023-09-13,1.11,1.16,0.98,1.01,32414.0,1.09552,1.0979511150785672,-0.06258587655468029,26.038337687601853,-0.09499999999999997,1.248302674686008,0.942737325313992,0.07621078571428568,32192.3,-439815.0,1.02,0.9795,1.105
2023-09-14,1.01,1.045,0.97,1.02,12623.0,1.0850199999999999,1.0905271993567989,-0.06023056032188956,36.468198543454704,-0.06000000000000005,1.2273986589567263,0.9426413410432735,0.07656792857142856,31682.95,-427192.0,1.01,1.0473,1.08
2023-09-15,1.02,1.05,0.99,0.9998,13500.0,1.07551,1.0818865137037703,-0.059253248112164814,27.22183211649528,-0.07020000000000004,1.2137114837303247,0.9373085162696753,0.07756792857142858,30759.8,-440692.0,1.02,1.04,1.07
2023-09-18,0.97,1.0699,0.97,1.03,7550.0,1.06601,1.076944940970078,-0.0554754969615423,37.11340027633126,-0.040000000000000036,1.1875025927999858,0.944517407200014,0.0804179285714286,30201.35,-433142.0,0.9998,1.02,1.07
2023-09-19,1.05,1.0505,0.98,0.98,7882.0,1.0565799999999999,1.067712089449118,-0.05575514209917665,31.67155295190105,-0.010000000000000009,1.1737453370691449,0.939414662930855,0.08259650000000003,28973.55,-441024.0,1.03,1.02,0.99
2023-09-20,1.03,1.0301,1.0,1.01,7640.0,1.04983,1.0622156999777734,-0.053007037081176156,39.88439144976449,0.03049999999999997,1.1609458731377202,0.9387141268622798,0.08008935714285717,28360.0,-433384.0,0.98,1.01,0.9795
2023-09-21,1.0,1.03,0.9701,1.03,14754.0,1.04183,1.0591475380751283,-0.048692650334885235,44.38202072654973,-0.01729999999999987,1.131405139878264,0.952254860121736,0.08150364285714289,28012.8,-418630.0,1.01,1.02,1.0473
2023-09-22,1.0,1.005,0.98,0.98,23439.0,1.0358300000000003,1.0516096773060684,-0.04865349463943858,38.91625481569564,-0.06000000000000005,1.1250745510646836,0.9465854489353169,0.07972507142857145,27989.5,-442069.0,1.03,0.9998,1.04
2023-09-25,0.95,1.0032,0.93,0.99,5083.0,1.02883,1.0457420889912048,-0.04728575744408592,49.99999791666675,-0.030000000000000027,1.1084133915495333,0.9492466084504664,0.07850364285714287,28144.15,-436986.0,0.98,1.03,1.02
2023-09-26,0.9949,0.9949,0.9775,0.9949,5291.0,1.023325,1.0408999852777567,-0.04529077279329141,52.33050625718194,-0.02510000000000001,1.0956218697000162,0.951028130299984,0.07582864285714286,26811.8,-431695.0,0.99,0.98,1.02
2023-09-27,0.99,1.03,0.99,1.02,10192.0,1.019075,1.038909510489399,-0.04124495097507497,45.255472250342,0.010000000000000009,1.0803018903772126,0.9578481096227873,0.07224285714285715,25321.1,-421503.0,0.9949,1.01,1.01
2023-09-28,1.02,1.02,0.99,0.99,7606.0,1.014575,1.034251461871361,-0.03995726005856959,41.945874396771124,-0.030000000000000027,1.0698922239285191,0.9592577760714808,0.06938571428571429,23329.5,-429109.0,1.02,1.03,1.02
2023-09-29,1.0,1.04,0.9801,0.986,17870.0,1.010375,1.029656084550279,-0.038806203415779894,44.2255413751441,-0.013800000000000034,1.060483886700024,0.9602661132999762,0.06245000000000001,22924.35,-446979.0,0.99,0.98,0.9998
2023-10-02,0.9925,1.02,0.955,0.9898,5931.0,1.006365,1.025860266974062,-0.03716258667928263,44.93628226321948,-0.040200000000000014,1.048600842847665,0.9641291571523349,0.06327857142857145,21998.8,-441048.0,0.986,0.99,1.03
2023-10-03,0.99,1.0,0.97,0.9973,11323.0,1.0067300000000001,1.023140241547961,-0.034860466037153204,47.85255099785012,0.017299999999999982,1.0484939028222628,0.9649660971777375,0.05256428571428574,19601.85,-429725.0,0.9898,0.9949,0.98
2023-10-04,0.96,1.0,0.921,0.921,40499.0,1.003805,1.0134125994957741,-0.038669734907655795,36.325965445957145,-0.08899999999999997,1.0594771786324573,0.9481328213675428,0.05285000000000002,20975.15,-470224.0,0.9973,1.02,1.01
2023-10-05,0.9421,0.95,0.92,0.9325,19098.0,0.9980650000000001,1.0057066376390338,-0.04030541596130788,40.47551495426774,-0.09750000000000003,1.0583376183794582,0.937792381620542,0.050707142857142874,17559.6,-451126.0,0.921,0.99,1.03
2023-10-06,0.93,1.01,0.91,1.01,56783.0,0.996565,1.006115529292459,-0.03501044504433648,47.50374272328408,0.030000000000000027,1.0538631959851956,0.9392668040148043,0.05071428571428572,18556.2,-394343.0,0.9325,0.986,0.98
2023-10-09,0.96,0.96,0.949199,0.949199,2149.0,0.99302495,1.000694907455082,-0.03526510395510318,46.25657048088851,-0.040800999999999976,1.0529166859222368,0.9331332140777633,0.04645007142857143,15648.35,-396492.0,1.01,0.9898,0.99
2023-10-10,0.989899,0.9899,0.96,0.96,20130.0,0.9900249500000001,0.9968192019831693,-0.0342084113312312,43.625732120794254,-0.03490000000000004,1.0502374494034505,0.9298124505965497,0.046435785714285714,16087.85,-376362.0,0.949199,0.9973,0.9949
2023-10-11,0.95,0.96,0.87,0.9599,72134.0,0.98751995,0.9933030875085818,-0.03299815653681204,40.585598336301224,-0.06010000000000004,1.0483983424003633,0.9266415575996367,0.04858578571428571,18073.85,-448496.0,0.96,0.921,1.02
2023-10-12,0.94,0.95,0.9097,0.93,104617.0,0.9830199500000001,0.987274222031574,-0.03403995249274805,42.90179896586282,-0.05999999999999994,1.0470149163167672,0.9190249836832328,0.04967864285714286,22673.55,-553113.0,0.9599,0.9325,0.99
2023-10-13,0.95,0.9899,0.914801,0.93745,9290.0,0.97990245,0.9825290580285669,-0.03387774520327402,42.48538376787385,-0.04854999999999998,1.0464782695094725,0.9133266304905275,0.049814285714285714,22463.05,-543823.0,0.93,1.01,0.986
2023-10-16,0.9,0.949899,0.8845,0.9074,12180.0,0.9737724499999999,0.9753739096448939,-0.03574516192892252,38.32716864749824,-0.08240000000000003,1.043431645215669,0.9041132547843309,0.05324278571428572,22694.55,-556003.0,0.93745,0.949199,0.9898
2023-10-17,0.89,0.941399,0.859899,0.9099,26804.0,0.97026745,0.969138299202523,-0.03660216563265717,34.36976371179978,-0.08739999999999992,1.0454432068858328,0.8950916931141673,0.05620707142857144,23640.65,-529199.0,0.9074,0.96,0.9973
2023-10-18,0.866,0.94,0.8501,0.915,18026.0,0.9655174500000001,0.9639822707070447,-0.03645156276673667,38.54268981064076,-0.006000000000000005,1.0421143978723393,0.888920502127661,0.06048564285714286,24159.95,-511173.0,0.9099,0.9599,0.921
2023-10-19,0.9403,0.9403,0.85,0.9,27614.0,0.9590174499999999,0.9578887211158976,-0.037107990652682,37.28946171748182,-0.03249999999999997,1.0346317427326777,0.8834031572673222,0.06265707142857144,24802.95,-538787.0,0.915,0.93,0.9325
2023-10-20,0.9085,0.9085,0.86,0.899,7804.0,0.95496745,0.9522802714858122,-0.03727840734595367,36.46803741690802,-0.11099999999999999,1.0344287983146956,0.8755061016853044,0.0614785,24021.2,-546591.0,0.9,0.93745,1.01
2023-10-23,0.85,0.898899,0.85,0.88,13927.0,0.94946745,0.945396436106211,-0.03849548796912894,33.09807879097785,-0.06919900000000001,1.0337974308221434,0.8651374691778567,0.06282842857142858,24463.4,-560518.0,0.899,0.9074,0.949199
2023-10-24,0.9,0.9,0.8542,0.8581,20911.0,0.94262745,0.9370824898103814,-0.04074957290347847,39.25160952583189,-0.10189999999999999,1.033388007432527,0.8518668925674729,0.060457000000000004,25244.4,-581429.0,0.88,0.9099,0.96
2023-10-25,0.9,0.9,0.75,0.87,25075.0,0.9351274500000001,0.9306936812570118,-0.04110527203167591,39.33454191205662,-0.08989999999999998,1.0237321418455336,0.8465227581544664,0.06902842857142859,25988.55,-556354.0,0.8581,0.915,0.9599
2023-10-26,0.85,0.86,0.81432,0.831,5473.0,0.9271774500000001,0.9211990449468201,-0.044015001338042814,14.833281437214865,-0.09900000000000009,1.0232681290276213,0.8310867709723788,0.06514842857142858,25881.9,-561827.0,0.87,0.9,0.93
2023-10-27,0.801,0.8277,0.62,0.6333,94194.0,0.90954245,0.8937800882852183,-0.06151045379619258,9.645095094209438,-0.30415000000000003,1.068845363748057,0.750239536251943,0.07921264285714288,29698.1,-656021.0,0.831,0.899,0.93745
2023-10-30,0.63,0.771805,0.63,0.6631,18334.0,0.89320745,0.8718105560675784,-0.07214603811693476,13.827972237837216,-0.24429999999999996,1.082109373531456,0.704305526468544,0.08720585714285714,30318.25,-637687.0,0.6333,0.88,0.9074
2023-10-31,0.663,0.75,0.651,0.6835,7215.0,0.8775174499999998,0.8538762173944757,-0.07803323648177429,17.912699673141887,-0.22640000000000005,1.0815386733598562,0.6734962266401433,0.08784871428571431,30112.85,-630472.0,0.6631,0.8581,0.9099
2023-11-01,0.7297,0.7397,0.63,0.66,17579.0,0.8644674499999999,0.8354118157378589,-0.08362551991532297,18.182888865047275,-0.255,1.08912353425275,0.6398113657472497,0.09280585714285715,28966.85,-648051.0,0.6835,0.87,0.915
2023-11-02,0.635101,0.6999,0.6351,0.6999,6985.0,0.85283745,0.8225059285247295,-0.0838784033045562,23.9956205015026,-0.20010000000000006,1.0865638179699197,0.6191110820300803,0.09207021428571428,28361.2,-641066.0,0.66,0.831,0.9
2023-11-03,0.6892,0.6892,0.63,0.6851,3493.0,0.83659245,0.8094196496176124,-0.08429820693196899,24.824461273969533,-0.21389999999999998,1.0694876630130852,0.6036972369869149,0.09162742857142857,25696.7,-644559.0,0.6999,0.6333,0.899
2023-11-06,0.68,0.68,0.632,0.632,18461.0,0.8207325000000001,0.7925225401302207,-0.08789300116011922,21.763868513118965,-0.248,1.0642972245114029,0.5771677754885973,0.08923457142857141,26512.3,-663020.0,0.6851,0.6631,0.88
2023-11-07,0.6,0.632,0.567282,0.5702,60706.0,0.8012425000000001,0.7713489648797235,-0.09462762287014348,18.586005356770997,-0.28789999999999993,1.0598060731152108,0.5426789268847892,0.08743585714285716,28541.1,-723726.0,0.632,0.6835,0.8581
2023-11-08,0.58,0.623,0.51,0.5302,547976.0,0.7797575,0.7483823967959403,-0.10201028051126837,17.77622821738028,-0.3398,1.0537615554348356,0.5057534445651644,0.08905728571428573,52333.2,-1271702.0,0.5702,0.66,0.87
2023-11-09,0.54,0.54,0.4252,0.4619,798814.0,0.7563525,0.7210983590058507,-0.1120706951940198,15.910154074649569,-0.3691,1.0551663858800515,0.45753861411994845,0.09379300000000002,87043.05,-2070516.0,0.5302,0.6999,0.831
2023-11-10,0.4,0.4692,0.36,0.4201,135955.0,0.730485,0.6924318486243412,-0.12200440465551476,15.363759278366274,-0.2132,1.0519989009845694,0.40897109901543083,0.09810021428571429,93376.3,-2206471.0,0.4619,0.6851,0.6333
2023-11-13,0.45,0.556,0.43,0.5,886127.0,0.7101149999999999,0.6741050058982134,-0.12203182093005926,25.197395272525938,-0.16310000000000002,1.036027104876856,0.3842028951231441,0.10382878571428573,137073.65,-1320344.0,0.4201,0.632,0.6631
2023-11-14,0.485,0.52,0.47,0.5,77522.0,0.68962,0.6575235767650502,-0.12066232257958442,23.943661499702444,-0.1835,1.0141835748282033,0.3650564251717968,0.09668592857142858,139609.55,-1320344.0,0.5,0.5702,0.6835
2023-11-15,0.475,0.51,0.47,0.495,89243.0,0.66862,0.6420451408826645,-0.11861239117002154,25.147928473267754,-0.16500000000000004,0.9860547813662708,0.35118521863372926,0.0962802142857143,143170.4,-1409587.0,0.5,0.5302,0.66
2023-11-16,0.595,0.595,0.4851,0.5379,64212.0,0.650515,0.6321265560366964,-0.1122360920017429,40.84804188052075,-0.16199999999999992,0.9533535658190975,0.34767643418090244,0.08929450000000003,145000.3,-1345375.0,0.495,0.4619,0.6999
2023-11-17,0.5225,0.5565,0.51,0.5264,29742.0,0.631885,0.6220573602236777,-0.1068776245575559,36.40882777943211,-0.15870000000000006,0.9155996028930062,0.34817039710699377,0.082487,146097.2,-1375117.0,0.5379,0.4201,0.6851
2023-11-20,0.52,0.6401,0.52,0.5214,84356.0,0.613955,0.6124709449642799,-0.10185974365248274,33.37435801591586,-0.11060000000000003,0.8761572399438615,0.35175276005613854,0.08399414285714288,149618.65,-1459473.0,0.5264,0.5,0.632
2023-11-21,0.5214,0.6527,0.52,0.59,83879.0,0.6005499999999999,0.6103308549676818,-0.09130006007547065,43.428462996623196,0.01979999999999993,0.8362731873461557,0.3648268126538441,0.085637,152767.05,-1375594.0,0.5214,0.5,0.5702
2023-11-22,0.6,0.6,0.5902,0.5973,29665.0,0.5869150000000001,0.6090898211612359,-0.08140445133031449,39.73999888728005,0.06710000000000005,0.7856609343509998,0.38816906564900033,0.08170842857142858,152996.55,-1345929.0,0.59,0.495,0.5302
2023-11-24,0.6199,0.6799,0.6,0.669,31170.0,0.578815,0.6147955524792135,-0.0670085691592307,48.55449689394334,0.20710000000000006,0.7464442936967236,0.41118570630327633,0.083187,154281.4,-1314759.0,0.5973,0.5379,0.4619
2023-11-27,0.65,0.65,0.64,0.6498,16767.0,0.57964,0.618129309385955,-0.05649664616871086,51.701719457315356,0.22970000000000007,0.7485558295533119,0.41072417044668824,0.0804727142857143,150410.05,-1331526.0,0.669,0.5264,0.4201
2023-11-28,0.64,0.64,0.5801,0.6199,19490.0,0.57748,0.6182979465872926,-0.05000056167026601,55.06006766271441,0.1199,0.7429723321486505,0.4119876678513495,0.08012857142857142,150467.85,-1351016.0,0.6498,0.5214,0.5
2023-11-29,0.6101,0.6996,0.6,0.67,55252.0,0.576805,0.6232219516742171,-0.040347111921003376,63.946526545787364,0.17000000000000004,0.740577775515344,0.41303222448465604,0.07917142857142857,152869.7,-1295764.0,0.6199,0.59,0.5
2023-11-30,0.7,0.7,0.6251,0.6856,15424.0,0.578085,0.6291627181814345,-0.031080355906941026,74.93868216467881,0.1906,0.7449662407861202,0.4112037592138797,0.07632142857142858,152761.95,-1280340.0,0.67,0.5973,0.495
2023-12-01,0.6856,0.699799,0.6376,0.6715,11069.0,0.576665,0.6331948402593931,-0.024590092767556415,79.87167034647483,0.13359999999999994,0.7396190106255339,0.41371098937446604,0.0729642142857143,152966.15,-1291409.0,0.6856,0.669,0.5379
2023-12-04,0.61,0.7,0.5445,0.591,32497.0,0.57196,0.6291762840442128,-0.025643399960658675,60.797340172845836,0.06459999999999999,0.7269718148298424,0.41694818517015764,0.07507135714285715,154416.35,-1323906.0,0.6715,0.6498,0.5264
2023-12-05,0.6,0.67,0.5875,0.6527,28129.0,0.572995,0.6314166379447639,-0.02125668861228991,65.8041794219447,0.13129999999999997,0.7299588708010265,0.4160311291989735,0.07739278571428572,154899.75,-1295777.0,0.591,0.6199,0.5214
2023-12-06,0.59,0.59,0.52,0.581,37990.0,0.573535,0.6266150533785959,-0.023294810574213787,57.82102435523037,-0.009000000000000008,0.730532690562965,0.41653730943703504,0.07953564285714286,153763.95,-1333767.0,0.6527,0.67,0.59
2023-12-07,0.5308,0.58,0.53,0.551,65418.0,0.5745750000000001,0.6194136197234915,-0.027018363652664523,51.21996513861146,-0.04630000000000001,0.7306367809512742,0.41851321904872596,0.07525707142857141,129636.05,-1399185.0,0.581,0.6856,0.5973
2023-12-08,0.526,0.5476,0.5,0.5389,43770.0,0.578425,0.6117456559403018,-0.030592636600603185,51.162789365062245,-0.1301,0.7263710623619983,0.4304789376380016,0.07533564285714285,91883.85,-1442955.0,0.551,0.6715,0.669
2023-12-11,0.5,0.538799,0.484499,0.5146,32655.0,0.5831500000000001,0.6024936887078921,-0.034982139460633666,49.389366574261615,-0.1352000000000001,0.7149620591879503,0.4513379408120498,0.07063564285714284,86718.85,-1475610.0,0.5389,0.591,0.6498
2023-12-12,0.48,0.5146,0.4551,0.48,42356.0,0.5821500000000001,0.5908276231166643,-0.04078177516677717,39.47972350283832,-0.13990000000000002,0.7168891163459353,0.4474108836540648,0.06540707142857141,44530.3,-1517966.0,0.5146,0.6527,0.6199
2023-12-13,0.5,0.52,0.4507,0.5075,16399.0,0.5825250000000001,0.5828916590103153,-0.04266775908541376,41.731122312641396,-0.1625000000000001,0.716340015678555,0.44870998432144515,0.06965707142857143,41474.15,-1501567.0,0.48,0.581,0.67
2023-12-14,0.4888,0.575,0.4888,0.56,19001.0,0.5857749999999999,0.5807115010093329,-0.039472193379624376,39.595264310168574,-0.12559999999999993,0.7136657243251845,0.4578842756748154,0.07010707142857142,37962.05,-1482566.0,0.5075,0.551,0.6856
2023-12-15,0.55,0.55,0.5165,0.5272,15617.0,0.58524,0.5756151675798726,-0.039134589144057985,38.593225641412054,-0.14429999999999998,0.7140601259202325,0.4564198740797675,0.07178564285714285,35532.3,-1498183.0,0.56,0.5389,0.6715
2023-12-18,0.501,0.501,0.45,0.4992,14486.0,0.58388,0.5683375325722657,-0.040657199172740244,38.730157717605586,-0.09179999999999999,0.715851457839223,0.45190854216077697,0.07114992857142856,34769.5,-1512669.0,0.5272,0.5146,0.591
2023-12-19,0.4695,0.51,0.4695,0.49,17425.0,0.58231,0.5608768151844309,-0.04212052627155438,31.803476657402598,-0.16269999999999996,0.7181028902874921,0.4465171097125079,0.06692849999999999,31422.95,-1530094.0,0.4992,0.48,0.6527
2023-12-20,0.47,0.669,0.454201,0.606,77382.0,0.58311,0.5651742613573423,-0.033535231651284136,43.31092335066735,0.025000000000000022,0.7192816393689242,0.44693836063107584,0.0769212857142857,31098.1,-1452712.0,0.49,0.5075,0.581
2023-12-21,0.5135,0.6262,0.5135,0.579,62534.0,0.5821949999999999,0.5664909983709288,-0.028580154136506164,42.39183978699498,0.027999999999999914,0.7182110126022292,0.44617898739777057,0.08052849999999999,32741.55,-1515246.0,0.606,0.56,0.551
2023-12-22,0.514,0.5681,0.5134,0.5481,81603.0,0.5761499999999999,0.5647394747165546,-0.02683681475471511,46.15797842340732,0.009199999999999986,0.7065527849234391,0.4457472150765608,0.0733285,35263.2,-1596849.0,0.579,0.5272,0.5389
2023-12-26,0.5189,0.63,0.4801,0.62,93567.0,0.57466,0.5700023818864065,-0.019430390742908088,47.12400939360399,0.10540000000000005,0.7021683551441951,0.4471516448558048,0.0781427857142857,39103.2,-1503282.0,0.5481,0.4992,0.5146
2023-12-27,0.567,0.645,0.567,0.6226,42600.0,0.5747950000000001,0.5750116788496059,-0.013198836030904104,54.16499647915509,0.14260000000000006,0.7025105799752729,0.4470794200247272,0.07871421428571428,40258.7,-1460682.0,0.62,0.49,0.48
2023-12-28,0.6,0.669,0.5901,0.6685,35414.0,0.57472,0.5839153284829768,-0.004505103769951724,61.40112388974241,0.16100000000000003,0.7022017237675116,0.4472382762324885,0.08077850000000002,39266.8,-1425268.0,0.6226,0.606,0.5075
2023-12-29,0.67,0.67,0.590101,0.638,21213.0,0.57234,0.5890662495798361,-7.519340499062555e-05,59.28424052842539,0.07799999999999996,0.6926831479692847,0.45199685203071527,0.08308557142857144,39556.25,-1446481.0,0.6685,0.579,0.56
2024-01-02,0.6043,0.7542,0.6001,0.6758,31821.0,0.572555,0.5973266067627089,0.006411426420341315,64.7295305076509,0.14859999999999995,0.6936570357080377,0.45145296429196236,0.0902141428571429,40593.85,-1414660.0,0.638,0.5481,0.5272
2024-01-03,0.699,0.7079,0.6525,0.6839,23456.0,0.5772,0.605571691832927,0.012066548605182303,69.57941045878289,0.18469999999999998,0.7080177197075113,0.4463822802924889,0.08992128571428573,40141.8,-1391204.0,0.6758,0.62,0.4992
2024-01-04,0.653,0.66,0.61,0.6469,24170.0,0.57691,0.6095077211821721,0.013408403280820047,63.14598098067951,0.15690000000000004,0.7070469464913963,0.44677305350860375,0.08854271428571432,39943.85,-1415374.0,0.6839,0.6226,0.49
2024-01-05,0.614,0.614,0.577001,0.614,16826.0,0.57856,0.6099355572600604,0.011682644389173658,55.28789507632093,0.008000000000000007,0.7097478588734062,0.44737214112659374,0.08502835714285717,38885.65,-1432200.0,0.6469,0.6685,0.606
2024-01-08,0.6106,0.6688,0.6106,0.635,5676.0,0.58276,0.6123226470448165,0.01187249138932256,60.80593253551915,0.05600000000000005,0.7156008846386467,0.4499191153613532,0.08679264285714287,35898.55,-1426524.0,0.614,0.638,0.579
2024-01-09,0.608,0.635,0.53,0.585,84098.0,0.585065,0.6097204901834055,0.007897636730648916,58.23732562342059,0.03689999999999993,0.716291510078443,0.45383848992155684,0.09064978571428574,37914.95,-1510622.0,0.635,0.6758,0.5481
2024-01-10,0.532,0.6,0.5301,0.59,52202.0,0.588835,0.6078423482611763,0.005092266392358047,59.67866659794555,-0.030000000000000027,0.7158009428019115,0.46186905719808846,0.09274978571428573,38892.3,-1458420.0,0.585,0.6839,0.62
2024-01-11,0.53,0.5701,0.53,0.5602,13991.0,0.592845,0.6033049817601119,0.0004592466987317634,44.67936657641466,-0.06240000000000001,0.7100267926399623,0.47566320736003764,0.08027128571428573,37474.05,-1472411.0,0.59,0.6469,0.6226
2024-01-12,0.53,0.59,0.53,0.57,11851.0,0.59597,0.6001330787353394,-0.0023941245565767266,48.91093735538935,-0.09850000000000003,0.706726044862949,0.485213955137051,0.076507,37246.65,-1460560.0,0.5602,0.614,0.6685
2024-01-16,0.53,0.6,0.53,0.5401,16117.0,0.594975,0.5944156426653071,-0.006987435500636852,49.02959561762654,-0.09789999999999999,0.707436078647351,0.48251392135264903,0.07759985714285714,37102.45,-1476677.0,0.57,0.635,0.638
2024-01-17,0.53,0.634,0.53,0.58,20949.0,0.597615,0.5930427243162303,-0.007323813551407987,44.73960908375979,-0.0958,0.7057737580705686,0.4894562419294314,0.07432128571428573,37369.05,-1455728.0,0.5401,0.585,0.6758
2024-01-18,0.574,0.6076,0.51,0.51,154461.0,0.598155,0.5851338934289703,-0.013087666859880498,37.42180401272282,-0.17389999999999994,0.7043346387459003,0.4919753612540997,0.07572128571428571,44367.8,-1610189.0,0.58,0.59,0.6839
2024-01-19,0.5,0.51,0.48,0.48,32055.0,0.5976549999999999,0.5751211416738302,-0.019847409341941957,28.167708143738892,-0.16690000000000005,0.706050134382933,0.4892598656170669,0.07222842857142855,45099.3,-1642244.0,0.51,0.5602,0.6469
2024-01-22,0.476,0.49,0.455,0.47505,67986.0,0.5911074999999999,0.565590556752513,-0.025312173360867884,29.939676427045484,-0.13895000000000002,0.7124292569544953,0.4697857430455045,0.06902135714285713,44629.5,-1710230.0,0.48,0.57,0.614
2024-01-23,0.45,0.504,0.45,0.481,22696.0,0.5862075000000001,0.5575343132522737,-0.028830596382023232,23.978091542363643,-0.15400000000000003,0.7171248876715243,0.45529011232847594,0.06187135714285714,42637.6,-1687534.0,0.47505,0.5401,0.635
2024-01-24,0.5099,0.5643,0.455049,0.4932,23962.0,0.5834625,0.5514072357996762,-0.03028545421988682,24.801796122555118,-0.09179999999999994,0.7199287937948582,0.4469962062051418,0.06571785714285713,39755.55,-1663572.0,0.481,0.58,0.585
2024-01-25,0.557,0.5738,0.481,0.5202,10140.0,0.5784725,0.548435118104469,-0.028926389926651197,32.80401612579743,-0.06979999999999997,0.7166018347974217,0.44034316520257827,0.06877499999999999,35584.2,-1653432.0,0.4932,0.51,0.59
2024-01-26,0.5002,0.52,0.49,0.498,7867.0,0.5722425,0.543631773523091,-0.029302834830910007,33.78529361757306,-0.06220000000000003,0.7132023422657253,0.43128265773427465,0.06827507142857141,33847.55,-1661299.0,0.5202,0.48,0.5602
2024-01-29,0.489,0.525,0.4557,0.48,16674.0,0.5628175,0.53757160461613,-0.03069968963328029,28.150548649259406,-0.08999999999999997,0.7018726018197622,0.42376239818023775,0.06906792857142857,32910.55,-1677973.0,0.498,0.47505,0.57
2024-01-30,0.456,0.481,0.45,0.48,11164.0,0.5549175,0.532088594652689,-0.03144423564574139,32.769936137909056,-0.06010000000000004,0.6939409030847405,0.4158940969152593,0.06378221428571428,32408.1,-1677973.0,0.48,0.481,0.5401
2024-01-31,0.48,0.525,0.48,0.5183,35567.0,0.5470425,0.5307753951619567,-0.02861403306241095,39.39348949257735,-0.06169999999999998,0.6746055753165257,0.4194794246834743,0.06200364285714287,32595.4,-1642406.0,0.48,0.4932,0.58
2024-02-01,0.525,0.525,0.4801,0.517,8665.0,0.5386974999999999,0.5294634527655798,-0.026174252833093825,43.02099966948627,0.007000000000000006,0.6492686510628674,0.42812634893713253,0.062346500000000006,31855.85,-1651071.0,0.5183,0.5202,0.51
2024-02-02,0.48,0.52,0.48,0.52,10277.0,0.5323525,0.5285621715498103,-0.023725150308389842,41.74099575694107,0.040000000000000036,0.6306646102729199,0.43404038972708014,0.060917928571428574,31161.2,-1640794.0,0.517,0.498,0.48
2024-02-05,0.4936,0.51,0.48,0.51,6864.0,0.5271525,0.5267943456879236,-0.022333670632721292,44.67821560998932,0.03495000000000004,0.6179994590777982,0.4363055409222018,0.05806078571428573,30663.1,-1647658.0,0.52,0.48,0.47505
2024-02-06,0.51,0.52,0.48,0.48,25334.0,0.5194025,0.5223377413366928,-0.023382084084003107,31.678268803606585,-0.0010000000000000009,0.5969892356745369,0.4418157643254631,0.05348935714285715,31646.0,-1672992.0,0.51,0.48,0.481
2024-02-07,0.48,0.49,0.461,0.48,27150.0,0.5141525,0.5183055754951029,-0.023937027235172104,42.60719272301282,-0.013200000000000045,0.5871223674291685,0.44118263257083157,0.048589357142857156,28798.6,-1672992.0,0.48,0.5183,0.4932
2024-02-08,0.48,0.525,0.48,0.5037,21656.0,0.5098374999999999,0.5169145683050931,-0.0222084552183327,56.02746294819695,-0.01649999999999996,0.5735405683801921,0.4461344316198078,0.049660785714285734,27271.3,-1651336.0,0.48,0.517,0.5202
2024-02-09,0.4943,0.52,0.4943,0.52,16784.0,0.5078275,0.5172084189427033,-0.01930080642813592,60.80788241735825,0.02200000000000002,0.567231517895291,0.44842348210470895,0.04899650000000001,27410.95,-1634552.0,0.5037,0.52,0.498
2024-02-12,0.52,0.588,0.5,0.5675,53856.0,0.5077025,0.5219980933291125,-0.013013658043139142,67.33466556037948,0.08750000000000002,0.5665637147790202,0.4488412852209797,0.05142507142857144,29511.2,-1580696.0,0.52,0.51,0.48
2024-02-13,0.53,0.5698,0.5,0.538,64019.0,0.5075975,0.5235220844406256,-0.010292773769671082,58.39579903470321,0.05800000000000005,0.5662223956906163,0.4489726043093838,0.04860714285714286,31906.3,-1644715.0,0.5675,0.48,0.48
2024-02-14,0.5,0.5878,0.5,0.5863,51497.0,0.5079125,0.5295009335415185,-0.004190782594311493,61.47170822421412,0.06800000000000006,0.5682189967696714,0.4476060032303287,0.04825000000000001,33433.7,-1593218.0,0.538,0.48,0.5183
2024-02-15,0.559149,0.5878,0.53,0.534,33789.0,0.5091125000000001,0.5299294160613739,-0.0035342986181554625,55.65681716154797,0.017000000000000015,0.5705386205797054,0.4476863794202948,0.050235714285714286,27400.1,-1627007.0,0.5863,0.5037,0.517
2024-02-16,0.528,0.667,0.528,0.6445,329786.0,0.5173375,0.540840900246005,0.0058350467176603305,70.02678115321419,0.12449999999999994,0.6020062345202585,0.4326687654797415,0.055214285714285716,42286.65,-1297221.0,0.534,0.52,0.52
2024-02-20,0.62,0.65,0.5602,0.64,99769.0,0.5255850000000001,0.5502846240320998,0.012750233548809886,69.2678204004107,0.13,0.6239390387954015,0.42723096120459864,0.05941428571428571,43875.8,-1396990.0,0.6445,0.5675,0.51
2024-02-21,0.6208,0.6487,0.58,0.6096,6380.0,0.532015,0.5559337074576141,0.015597761360365614,61.20795272057124,0.12960000000000005,0.6348106639470495,0.4292193360529505,0.06110714285714286,43060.0,-1403370.0,0.64,0.538,0.48
2024-02-22,0.64,0.668,0.581,0.6237,33184.0,0.53854,0.5623876400806984,0.018775755374682013,62.699355206400924,0.14370000000000005,0.6473527585398496,0.42972724146015034,0.06411428571428572,43521.1,-1370186.0,0.6096,0.5863,0.48
2024-02-23,0.64,0.64,0.5603,0.6,30386.0,0.54253,0.5659697695968223,0.019161082738484048,59.074408287110444,0.09629999999999994,0.6543226671166389,0.430737332883361,0.06695000000000001,44533.4,-1400572.0,0.6237,0.534,0.5037
2024-02-26,0.57,0.6599,0.57,0.644,24634.0,0.5498299999999999,0.5734012201114107,0.022754565507813296,64.11120282738662,0.124,0.6682503414247609,0.431409658575239,0.07122857142857145,45371.75,-1375938.0,0.6,0.6445,0.52
2024-02-27,0.655,0.685,0.64,0.6784,57363.0,0.55975,0.583401103910324,0.028054803199139222,70.70116654879732,0.1109,0.6864879642370292,0.4330120357629708,0.0715857142857143,47406.2,-1318575.0,0.644,0.64,0.5675
2024-02-28,0.66,0.66,0.6,0.618,66371.0,0.56665,0.5866962368712455,0.027069491326265127,62.78724818565331,0.07999999999999996,0.6900899321212727,0.44321006787872724,0.07380000000000002,50166.55,-1384946.0,0.6784,0.6096,0.538
2024-02-29,0.61,0.659,0.61,0.659,131889.0,0.573685,0.5935823095501745,0.029259676986417182,63.94325570981221,0.07269999999999999,0.7014831183454231,0.4458868816545769,0.07408571428571431,54982.65,-1253057.0,0.618,0.6237,0.5863
2024-03-01,0.642,0.7651,0.600101,0.719,282113.0,0.583785,0.605526851497777,0.03542849193943565,66.56676501509372,0.18499999999999994,0.7240417311453472,0.4435282688546528,0.08403564285714286,68655.05,-970944.0,0.659,0.6,0.534
2024-03-04,0.8185,0.98,0.7301,0.9332,446909.0,0.6044449999999999,0.6367338180217982,0.05694496754430112,73.8303127412689,0.28870000000000007,0.8111369240649802,0.39775307593501963,0.0955999285714286,90486.65,-524035.0,0.719,0.644,0.6445
2024-03-05,0.98,0.98,0.75,0.811,97765.0,0.6194949999999999,0.6533305972578174,0.06340555075978149,65.87209195091944,0.17100000000000004,0.8405653291286554,0.39842467087134437,0.10704278571428574,95031.7,-621800.0,0.9332,0.6784,0.64
2024-03-06,0.809,0.96,0.809,0.95,140587.0,0.6429950000000001,0.6815848260904062,0.07883296645442828,69.1280099213294,0.3403999999999999,0.8988206517733568,0.3871693482266434,0.11155707142857144,100794.35,-481213.0,0.811,0.618,0.6096
2024-03-07,0.99,0.99,0.885,0.9333,39624.0,0.66566,0.7055576997960817,0.08868940161072492,71.8172866293935,0.3096,0.9403110544021456,0.39100894559785454,0.11492850000000002,101418.05,-520837.0,0.95,0.659,0.6237
2024-03-08,0.9899,0.9899,0.87,0.9196,42047.0,0.686455,0.7259426807678835,0.09430809968063303,66.8092375225109,0.3196,0.9722276551317542,0.40068234486824583,0.1135642142857143,102437.6,-562884.0,0.9333,0.719,0.6
2024-03-11,0.96,1.0,0.950001,1.0,35952.0,0.7104550000000001,0.7520433778376089,0.10404913222209833,70.12972379577708,0.356,1.0172196962121054,0.4036903037878947,0.11072128571428573,103396.0,-526932.0,0.9196,0.9332,0.644
2024-03-12,1.0,1.01,0.96,1.01,35872.0,0.73258,0.776610675186408,0.11129296793112509,72.91142020970487,0.3316,1.059124109054037,0.4060358909459629,0.10938557142857144,102496.8,-491060.0,1.0,0.811,0.6784
2024-03-13,1.0,1.08,0.9802,1.08,48333.0,0.75968,0.8055048965972263,0.12128407203425817,74.54017312728575,0.4620000000000001,1.1074998541592598,0.4118601458407402,0.11029985714285716,101712.5,-442727.0,1.01,0.95,0.618
2024-03-14,1.1,1.1,1.01,1.01,54301.0,0.780865,0.8249806207308238,0.12214567268454879,71.00409734215434,0.351,1.1357621639043751,0.42596783609562494,0.11103557142857147,101852.7,-497028.0,1.08,0.9333,0.659
2024-03-15,1.02,1.05,0.96,0.9802,83534.0,0.8031749999999999,0.8397634187564597,0.11905153929706491,67.47764509805882,0.2612,1.1487056757651732,0.45764432423482637,0.11104271428571431,104339.95,-580562.0,1.01,0.9196,0.719
2024-03-18,0.9608,1.01,0.8851,0.918,40879.0,0.81685,0.8472145217320349,0.11030883460899421,62.10590049567239,-0.015199999999999991,1.1575540048889492,0.47614599511105077,0.11674985714285716,89894.6,-621441.0,0.9802,1.0,0.9332
2024-03-19,0.9365,1.04,0.9,0.913,33592.0,0.8305,0.8534798053766031,0.10180319661556592,65.78890931166268,0.10199999999999998,1.1631508332202192,0.49784916677978086,0.12246414285714288,86585.75,-655033.0,0.918,1.01,0.811
2024-03-20,0.95,1.0212,0.93,0.99,45002.0,0.84952,0.8664817286740695,0.10012152381319728,67.05833751925714,0.040000000000000036,1.1723453469471998,0.5266946530528003,0.1254784285714286,88516.85,-610031.0,0.913,1.08,0.95
2024-03-21,0.98,1.0,0.9499,0.975,12639.0,0.867085,0.8768168021336818,0.09646640837523701,63.83484555373126,0.04169999999999996,1.176109592957636,0.558060407042364,0.11727135714285716,87489.6,-622670.0,0.99,1.01,0.9333
2024-03-22,0.99,0.9995,0.91,0.95435,44107.0,0.8848024999999999,0.8842009162161883,0.09085609051487353,51.44536223572054,0.03475000000000006,1.1689853663952714,0.6006196336047285,0.10581421428571432,88175.65,-666777.0,0.975,0.9802,0.9196
2024-03-25,0.96,0.99,0.932,0.96,18530.0,0.9006025000000001,0.8914198765765513,0.08587585674351828,62.11185031772735,-0.040000000000000036,1.162693505638964,0.6385114943610363,0.09352850000000003,87870.45,-648247.0,0.95435,0.918,1.0
2024-03-26,0.9103,0.940999,0.89,0.91,61141.0,0.9121824999999999,0.8931894121406893,0.07700672305587009,46.198440131575445,-0.09999999999999998,1.1524971999796665,0.6718678000203333,0.08638557142857148,88059.35,-709388.0,0.96,0.913,1.01
2024-03-27,0.87,0.96,0.8033,0.93,61065.0,0.9277825000000002,0.8966951824130046,0.0707758416878822,49.688325093244146,-0.15000000000000002,1.1241842935254196,0.7313807064745808,0.0900784285714286,87794.05,-648323.0,0.91,0.99,1.08
2024-03-28,0.92,0.99,0.91,0.965,33881.0,0.9430825,0.9032004031355756,0.06787955429770787,54.12202513581197,-0.04500000000000004,1.0936493002652206,0.7925156997347794,0.08722842857142858,82893.65,-614442.0,0.93,0.975,1.01
2024-04-01,0.9888,1.25,0.9888,1.19,400933.0,0.9666325,0.930514650455997,0.08278552621423607,63.6631656964126,0.2098,1.1169636792256354,0.8163013207743646,0.1023142142857143,88834.65,-213509.0,0.965,0.95435,0.9802
2024-04-02,1.07,1.14,1.0099,1.04,112831.0,0.9719725,0.9409418266030449,0.08155476873685519,51.79576113355602,0.122,1.1248688855378146,0.8190761144621853,0.10803564285714287,72130.75,-326340.0,1.19,0.96,0.918
2024-04-03,1.0,1.05,0.99,1.045,63650.0,0.9836725,0.9508521288313263,0.08005996090187639,47.72815699312709,0.1319999999999999,1.119571276087598,0.8477737239124019,0.10519278571428571,70425.0,-262690.0,1.04,0.91,0.913
2024-04-04,1.0,1.08,0.9169,0.97,132865.0,0.9846725,0.9526757356092952,0.07199354979677053,47.42035255528835,-0.020000000000000018,1.11982026893227,0.8495247310677299,0.1104142142857143,70038.9,-395555.0,1.045,0.93,0.99
2024-04-05,0.94,0.9906,0.8835,0.960001,47549.0,0.9860075500000001,0.9533733798369813,0.06405563226906885,48.663200505513835,-0.014998999999999985,1.119536391245674,0.8524787087543262,0.11163564285714285,70435.15,-443104.0,0.97,0.965,0.975
2024-04-08,0.99,1.0,0.941,0.9808,42061.0,0.98906755,0.955985438900126,0.058765665681790646,54.39715450601995,0.026449999999999974,1.1189437284737245,0.8591913715262756,0.10692850000000001,70435.85,-401043.0,0.960001,1.19,0.95435
2024-04-09,0.94,0.9609,0.91,0.9396,62585.0,0.9860475500000001,0.9544249209096378,0.050664803207288944,51.77262804270197,-0.020399999999999974,1.1176508336584086,0.8544442663415917,0.10056421428571428,71767.5,-463628.0,0.9808,1.04,0.96
2024-04-10,0.91,0.9225,0.8799,0.9115,34130.0,0.9811225499999999,0.950336833203958,0.0414990028745289,44.40403220189329,0.0014999999999999458,1.1162760846275008,0.845969015372499,0.0970927857142857,71680.4,-497758.0,0.9396,1.045,0.91
2024-04-11,0.88,0.8999,0.862101,0.8783,32348.0,0.9710375500000001,0.9434761824226287,0.031196465621605274,43.280969922187694,-0.05170000000000008,1.1052230871459574,0.8368520128540429,0.09621414285714287,70881.15,-530106.0,0.9115,0.97,0.93
2024-04-12,0.84,0.8783,0.82,0.8722,35860.0,0.9641475500000001,0.9366879745728545,0.02228255248988742,44.17415464133198,-0.0928,1.1039434155219954,0.8243516844780049,0.09398557142857143,69959.1,-565966.0,0.8783,0.960001,0.965
2024-04-15,0.841,0.860001,0.77,0.804,60133.0,0.95533755,0.9240510246135349,0.009604332005598626,39.838430327152984,-0.3859999999999999,1.112057839688992,0.798617260311008,0.09627135714285716,68789.05,-626099.0,0.8722,0.9808,1.19
2024-04-16,0.8001,0.82,0.77,0.8134,15244.0,0.95010755,0.9135128317931983,0.00031165946594879923,43.35623948485778,-0.22660000000000002,1.118612462413763,0.7816026375862369,0.0962,67507.3,-610855.0,0.804,0.9396,1.04
2024-04-17,0.777,0.95,0.777,0.9343,43533.0,0.9511725500000001,0.915492562098608,0.002671964380518199,50.25969297711107,-0.11069999999999991,1.1189576726269435,0.7833874273730569,0.0973642857142857,68004.35,-567322.0,0.8134,0.9115,1.045
2024-04-18,0.9,1.0,0.8901,0.9501,33632.0,0.9491775499999999,0.9187885085654072,0.005751154751923004,49.078765265769526,-0.01990000000000003,1.1159646844406947,0.7823904155593052,0.09949999999999999,67435.85,-533690.0,0.9343,0.8783,0.97
2024-04-19,0.96,0.99,0.8281,0.98939,30531.0,0.94989705,0.9255124601306065,0.011232329501571048,33.899368086397885,0.029389,1.117276318430747,0.782517781569253,0.09240714285714284,68330.45,-503159.0,0.9501,0.8722,0.960001
2024-04-22,0.921,0.9894,0.88,0.9251,55583.0,0.94843455,0.9254731782134059,0.010270148080728347,39.30721051243314,-0.05569999999999997,1.1161607864857543,0.7807083135142456,0.09092857142857144,68904.25,-558742.0,0.98939,0.804,0.9808
2024-04-23,0.9106,1.02,0.9106,0.96,37329.0,0.94843455,0.9287614469549863,0.012183308247069369,42.50676049653786,0.020399999999999974,1.1161607864857543,0.7807083135142456,0.09445714285714286,69844.2,-521413.0,0.9251,0.8134,0.9396
2024-04-24,1.0,1.0,0.9201,0.96,22958.0,0.95093455,0.9317365472449876,0.013543381775785623,48.98410598243423,0.04849999999999999,1.1177366542571785,0.7841324457428217,0.0885142857142857,67935.05,-521413.0,0.96,0.9343,0.9115
2024-04-25,0.96,0.96,0.92,0.9275,11978.0,0.95080955,0.9313330665549887,0.01186203399028285,46.8425938190672,0.04920000000000002,1.1176814420401024,0.7839376579598974,0.08372142857142857,65480.7,-533391.0,0.96,0.9501,0.8783
2024-04-26,0.8625,0.9275,0.862188,0.92,5628.0,0.9485595499999999,0.930253726883085,0.009811268387368899,43.936733385627136,0.047800000000000065,1.115838827463866,0.7812802725361339,0.0841722857142857,64068.05,-539019.0,0.9275,0.98939,0.8722
2024-04-29,0.9,0.9,0.801,0.8769,54461.0,0.9329045500000002,0.9251724195608865,0.004654558005538489,43.770861920219225,0.07289999999999996,1.0584402139508067,0.8073688860491937,0.08760799999999999,46744.45,-593480.0,0.92,0.9251,0.804
2024-04-30,0.87,0.87,0.821,0.8454,17815.0,0.9231745499999999,0.9175750462693735,-0.0019514630800134825,43.47714413697005,0.03200000000000003,1.0438309710754141,0.8025181289245858,0.08806514285714284,41993.65,-611295.0,0.8769,0.96,0.8134
2024-05-01,0.8327,0.8999,0.8327,0.84,17105.0,0.91292455,0.9101869466246713,-0.007535650864628818,46.00108452218681,-0.09430000000000005,1.0244929687034607,0.8013561312965393,0.09016521428571427,39666.4,-628400.0,0.8454,0.96,0.9343
2024-05-02,0.88,0.88,0.8,0.855,26931.0,0.90717455,0.9049310469461311,-0.01062826940452477,48.236908697944315,-0.09509999999999996,1.0182099438326406,0.7961391561673593,0.09171521428571427,34369.7,-601469.0,0.84,0.9275,0.9501
2024-05-03,0.887,0.8899,0.81,0.8714,10342.0,0.9027445000000001,0.9017376139036425,-0.011621879357329723,57.72971051833582,-0.11799000000000004,1.0119606126487593,0.793528387351241,0.09099371428571426,32509.35,-591127.0,0.855,0.92,0.98939
2024-05-06,0.9,0.9,0.8,0.84,14696.0,0.8957045000000001,0.8958578411509146,-0.014772748542410397,52.904055328493,-0.08510000000000006,1.0018441653818428,0.7895648346181574,0.09456514285714286,31141.1,-605823.0,0.8714,0.8769,0.9251
2024-05-07,0.85,0.8895,0.84,0.87,24194.0,0.8922244999999999,0.8933951896127322,-0.014679865771056622,41.24168961157335,-0.08999999999999997,0.9968576275859711,0.7875913724140287,0.08574371428571427,29221.55,-581629.0,0.84,0.8454,0.96
2024-05-08,0.8701,0.879999,0.8399,0.8744,15939.0,0.8903694999999999,0.8915861239353291,-0.014088805342784227,39.35841050658528,-0.08560000000000001,0.9948791636126157,0.7858598363873841,0.08075792857142858,28312.0,-565690.0,0.87,0.84,0.96
2024-05-09,0.865,0.88,0.8501,0.8706,17320.0,0.8899845,0.8895874454652978,-0.013768301488460866,31.450075141943685,-0.05689999999999995,0.9947378215602054,0.7852311784397945,0.07132935714285714,27560.6,-583010.0,0.8744,0.855,0.9275
2024-05-10,0.879,0.9449,0.869999,0.9162,65345.0,0.8921844999999999,0.8921219744686028,-0.009722684326616049,48.52404418130474,-0.0038000000000000256,0.9972129585945062,0.7871560414054937,0.06886514285714286,29034.85,-517665.0,0.8706,0.8714,0.92
2024-05-13,0.9,0.9998,0.9,0.9499,61778.0,0.8994795,0.897624643566831,-0.0037539226225168365,48.31834606574476,0.07299999999999995,0.9988325374022544,0.8001264625977456,0.06817942857142857,29117.1,-455887.0,0.9162,0.84,0.8769
2024-05-14,0.93,0.95,0.86,0.9192,22901.0,0.9047694999999999,0.8996794394176091,-0.0014837652441281879,43.83685615191545,0.07379999999999998,0.9957372901295497,0.8138017098704501,0.06890085714285714,29499.95,-478788.0,0.9499,0.87,0.8454
2024-05-15,0.85,0.87,0.732,0.8505,96376.0,0.9005794999999999,0.8949956832825987,-0.005168584302891799,39.51524903808964,0.010500000000000065,0.9935185470260288,0.8076404529739709,0.07590085714285714,32142.1,-575164.0,0.9192,0.8744,0.84
2024-05-16,0.825,0.869,0.8001,0.8249,15872.0,0.8943194999999999,0.8883199039223512,-0.010038814626509796,37.65896567032047,-0.030100000000000016,0.9900386841245775,0.7986003158754224,0.07615714285714284,31254.1,-591036.0,0.8505,0.8706,0.855
2024-05-17,0.798,0.8394,0.7773,0.7773,28642.0,0.8837149999999999,0.8777465797392701,-0.017537270401704608,37.2242162105207,-0.09409999999999996,0.9820445484850009,0.785385451514999,0.07352142857142858,31159.65,-619678.0,0.8249,0.9162,0.8714
2024-05-20,0.7773,0.797,0.75,0.76495,34289.0,0.8757075000000001,0.86700404833553,-0.024197459089644324,39.14744220136465,-0.07504999999999995,0.9852869173671647,0.7661280826328355,0.07337857142857142,30094.95,-653967.0,0.7773,0.9499,0.84
2024-05-21,0.75,0.7516,0.69,0.6997,49325.0,0.8626925,0.8510703294464319,-0.034344928978161215,33.70499309670173,-0.1703,0.990443855024231,0.7349411449757689,0.07297857142857143,30694.75,-703292.0,0.76495,0.9192,0.87
2024-05-22,0.7,0.7502,0.7,0.749,18012.0,0.8521425,0.8413493456896288,-0.037971067392340685,38.59724496479899,-0.12539999999999996,0.9809043171378158,0.7233806828621843,0.07085000000000001,30447.45,-685280.0,0.6997,0.8505,0.8744
2024-05-23,0.75,0.7902,0.7172,0.73,8829.0,0.8422675,0.8307446461001403,-0.04189500973540439,34.873768745757886,-0.14060000000000006,0.9768568179267977,0.7076781820732022,0.07035714285714287,30290.0,-694109.0,0.749,0.8249,0.8706
2024-05-24,0.7899,0.84,0.7173,0.81,44312.0,0.8367675,0.8287689655191746,-0.03811012147166437,47.09302197809631,-0.10619999999999996,0.9668983664181463,0.7066366335818537,0.07197857142857145,32224.2,-649797.0,0.73,0.7773,0.9162
2024-05-28,0.82,0.83,0.77,0.83,6177.0,0.8344225,0.8288862068983008,-0.03311500827489866,46.04742955599996,-0.1199,0.9631914913433335,0.7056535086566664,0.07272857142857145,29810.0,-643620.0,0.81,0.76495,0.9499
2024-05-29,0.819,0.82,0.790001,0.794999,6574.0,0.83190245,0.8256588538603674,-0.031616181477319705,42.60148490886005,-0.124201,0.9617352138325975,0.7020696861674024,0.07200714285714287,29247.95,-650194.0,0.83,0.6997,0.9192
2024-05-30,0.8,0.82,0.5501,0.77,20549.0,0.8284024500000001,0.8203580106355706,-0.03207581075170829,40.98242995024377,-0.08050000000000002,0.9610594586080344,0.6957454413919658,0.08915,29420.15,-670743.0,0.794999,0.749,0.8505
2024-05-31,0.75,0.75,0.68,0.73,25421.0,0.8221524499999999,0.8117524858131353,-0.0352612659194973,33.14016576609504,-0.09489999999999998,0.9611596831938177,0.6831452168061821,0.08879992857142856,29344.65,-696164.0,0.77,0.73,0.8249
2024-06-03,0.724,0.724,0.675,0.681,7512.0,0.8126324500000001,0.7992998681166462,-0.041263986881949655,26.308369395035825,-0.09629999999999994,0.9630496849034174,0.6622152150965828,0.08517135714285715,29203.15,-703676.0,0.73,0.81,0.7773
2024-06-04,0.6769,0.72,0.6539,0.7,11435.0,0.80563245,0.7898427378198227,-0.04398105905559724,30.280675739601534,-0.06495000000000006,0.9635314667903467,0.6477334332096534,0.08346421428571428,29040.1,-692241.0,0.681,0.83,0.76495
2024-06-05,0.7146,0.7146,0.6756,0.71,1448.0,0.7976324499999999,0.7822386675512681,-0.044810889878505455,35.86803359052006,0.010299999999999976,0.9579937897700075,0.6372711102299924,0.07639278571428572,27902.8,-690793.0,0.7,0.794999,0.6997
2024-06-06,0.67,0.7826,0.67,0.70425,16307.0,0.7891249499999999,0.7748111754035283,-0.04540906626418062,37.359873183785815,-0.044749999999999956,0.9503892513656059,0.627860648634394,0.07951421428571427,27921.2,-707100.0,0.71,0.77,0.749
2024-06-07,0.705,0.8211,0.7,0.72,7164.0,0.78159495,0.7695910634603351,-0.04410383051381417,43.567578334202736,-0.010000000000000009,0.9408930074044507,0.6222968925955493,0.0837285,27413.4,-699936.0,0.70425,0.73,0.73
2024-06-10,0.691,0.71,0.691,0.7049,5418.0,0.7710299500000001,0.763430009797446,-0.04378316053050524,43.300232943873105,-0.10510000000000008,0.9204615742587929,0.6215983257412072,0.08172849999999998,24417.05,-705354.0,0.72,0.681,0.81
2024-06-11,0.7175,0.75,0.6878,0.7283,16452.0,0.75994995,0.7600842945786416,-0.04116630334085325,53.51956497840534,-0.10170000000000001,0.8842946533142351,0.6356052466857649,0.08177135714285712,22150.75,-688902.0,0.7049,0.7,0.83
2024-06-12,0.741,0.741,0.6938,0.72,7819.0,0.74998995,0.7562667427140091,-0.03930903568938937,46.03065796761781,-0.07499900000000004,0.8501939660776728,0.6497859339223272,0.08155707142857141,21396.65,-696721.0,0.7283,0.71,0.794999
2024-06-13,0.72,0.75,0.7001,0.729999,2492.0,0.7439649,0.7537650529317225,-0.036608304230890676,49.99985770378809,-0.040001000000000064,0.8325388136621574,0.6553909863378427,0.07990707142857142,16702.45,-694229.0,0.72,0.70425,0.77
2024-06-14,0.749,0.75,0.71,0.74,3611.0,0.7397199,0.7524540955096537,-0.03327735732685455,37.77505927750319,0.010000000000000009,0.8196806612741182,0.6597591387258818,0.07399992857142856,16089.4,-690618.0,0.729999,0.72,0.73
2024-06-17,0.7,0.7382,0.7,0.72,8077.0,0.7368549000000001,0.749363229270639,-0.031883853517075234,30.789380261783677,0.038999999999999924,0.8152367345252044,0.6584730654747958,0.07244278571428572,15061.15,-698695.0,0.74,0.7049,0.681
2024-06-18,0.7194,0.7194,0.668,0.713,16062.0,0.7342574,0.7459000645781972,-0.030987132819172203,34.12711439928297,0.013000000000000012,0.8121607320100835,0.6563540679899164,0.07397142857142858,14149.8,-714757.0,0.72,0.7283,0.7
2024-06-20,0.6919,0.7282,0.69,0.7092,9400.0,0.7347324000000001,0.7424048203326546,-0.030234578047292904,37.178403540710036,-0.0007999999999999119,0.8118605371373206,0.6576042628626795,0.057421428571428575,12153.55,-724157.0,0.713,0.72,0.71
2024-06-21,0.730999,0.7675,0.729999,0.7373,14865.0,0.7341474,0.7419186469676399,-0.027058820598674038,51.62077831842409,0.03304999999999991,0.8109968686716533,0.6572979313283467,0.055100071428571436,11996.2,-709292.0,0.7092,0.729999,0.70425
2024-06-24,0.7,0.7372,0.692,0.71395,11833.0,0.7333449,0.7392549663040551,-0.026125006955662555,58.256072084264545,-0.00605,0.81071019601667,0.6559796039833299,0.054828642857142874,12146.4,-721125.0,0.7373,0.74,0.72
2024-06-25,0.69,0.718,0.6521,0.7081,8558.0,0.7282499,0.7362878266560499,-0.025562332364136076,52.17274286256223,0.0031999999999999806,0.7973382766624475,0.6591615233375525,0.05481435714285716,10358.7,-729683.0,0.71395,0.72,0.7049
2024-06-26,0.715961,0.715961,0.68,0.68,5572.0,0.7207499,0.7309270812602355,-0.02707177723483778,42.66503375398303,-0.0482999999999999,0.7741060775672601,0.66739372243274,0.05459728571428572,10328.45,-735255.0,0.7081,0.713,0.7283
2024-06-27,0.68,0.717,0.65,0.70415,10266.0,0.71620745,0.728376883044975,-0.026019384746901242,49.977565277317574,-0.01584999999999992,0.756918598844014,0.6754963011559859,0.05134014285714287,10513.05,-724989.0,0.68,0.7092,0.72
2024-06-28,0.707533,0.707533,0.6976,0.6976,1094.0,0.71258745,0.725445751326406,-0.025420850630357927,44.75900502280735,-0.032398999999999956,0.7452359755601545,0.6799389244398455,0.04339964285714286,9540.3,-726083.0,0.70415,0.7373,0.729999
2024-07-01,0.67,0.7178,0.67,0.709,10570.0,0.71153745,0.7238794892953196,-0.023752815638682145,50.97618707777801,-0.031000000000000028,0.7431627977649188,0.6799121022350813,0.045456785714285707,8797.75,-715513.0,0.6976,0.71395,0.74
2024-07-02,0.6896,0.6982,0.6896,0.6982,1393.0,0.71239745,0.7214338236481463,-0.023036801713816835,42.375883519440904,-0.02179999999999993,0.7413487054802661,0.6834461945197339,0.04162821428571428,8491.8,-716906.0,0.709,0.7081,0.72
2024-07-03,0.68,0.68,0.63,0.655,12356.0,0.71014745,0.7151067928245134,-0.025659448309935606,36.009468342089725,-0.05799999999999994,0.7485931811871578,0.6717017188128422,0.04182821428571428,8537.85,-729262.0,0.6982,0.68,0.713
2024-07-05,0.6777,0.71,0.67,0.71,858.0,0.71014745,0.7146204316031312,-0.02303434868179255,46.39398830326672,0.0007999999999999119,0.7485931811871578,0.6717017188128422,0.04112107142857142,8508.35,-728404.0,0.655,0.70415,0.7092
2024-07-08,0.73,0.731,0.6781,0.6781,9363.0,0.70883995,0.7111422952599759,-0.023259876323188933,39.65574680755194,-0.05919999999999992,0.7498249811081525,0.6678549188918474,0.04204249999999998,8161.15,-737767.0,0.71,0.6976,0.7373
2024-07-09,0.72,0.72,0.59,0.6825,22462.0,0.7069649499999999,0.7084144576161686,-0.022820504803781838,43.38857331650202,-0.03144999999999998,0.7492119789978684,0.6647179210021315,0.04859964285714284,8926.05,-715305.0,0.6781,0.709,0.71395
2024-07-10,0.640099,0.7,0.619999,0.685,23597.0,0.70596995,0.7061845092717716,-0.02201677492697296,44.983874490239195,-0.0230999999999999,0.7493440847638791,0.6625958152361208,0.05064257142857141,9835.0,-691708.0,0.6825,0.6982,0.7081
2024-07-11,0.7,0.79,0.6995,0.7799,59571.0,0.70854995,0.7132050321982695,-0.013565798279667418,59.54889023856169,0.09989999999999999,0.7623921015581419,0.6547077984418581,0.0543782857142857,11990.95,-632137.0,0.685,0.655,0.68
2024-07-12,0.8188,0.8188,0.731,0.79,16885.0,0.71204995,0.7205188386555772,-0.005984368736125623,57.48154229204547,0.08584999999999998,0.7769841662677328,0.6471157337322673,0.05797107142857141,12444.25,-615252.0,0.7799,0.71,0.70415
2024-07-15,0.79,0.79,0.75,0.771,12030.0,0.7141,0.725326568307427,-0.001491973860057616,58.200371381902556,0.07340000000000002,0.7838318699319757,0.6443681300680242,0.05759964285714284,12921.15,-627282.0,0.79,0.6781,0.6976
2024-07-16,0.79,0.818,0.7796,0.7796,20742.0,0.71608,0.7304954665638625,0.0027307511695414677,60.1968030725749,0.0706,0.7909666750848416,0.6411933249151585,0.055635357142857125,13777.7,-606540.0,0.771,0.6825,0.709
2024-07-17,0.775,0.8,0.77,0.773,5362.0,0.71873,0.7345435173673042,0.005481538574243494,64.12944120992958,0.07479999999999998,0.7978330467175538,0.6396269532824461,0.05520957142857142,13641.95,-611902.0,0.7796,0.685,0.6982
2024-07-18,0.7527,0.798,0.7527,0.794,3709.0,0.72278,0.740206039522799,0.009249459884906441,63.78278603172572,0.139,0.8086523986045855,0.6369076013954145,0.053659571428571425,13024.3,-608193.0,0.773,0.7799,0.655
2024-07-19,0.766,0.799,0.7651,0.784,3306.0,0.72652,0.74437689290158,0.011298407240108554,63.11475141588794,0.07400000000000007,0.8163274513377876,0.6367125486622125,0.055371500000000004,12719.6,-611499.0,0.794,0.79,0.71
2024-07-22,0.7751,0.8198,0.7751,0.7999,47582.0,0.72965,0.7496648078633343,0.014043327161588626,63.61185717111114,0.12180000000000002,0.8252181349669034,0.6340818650330966,0.05515007142857143,14355.45,-563917.0,0.784,0.771,0.6781
2024-07-23,0.802,0.814,0.7468,0.8071,14219.0,0.7343075,0.7551348261620644,0.01660822650401539,66.48501080596382,0.12460000000000004,0.8355640177889133,0.6330509822110867,0.05933578571428571,14474.75,-549698.0,0.7999,0.7796,0.6825
2024-07-24,0.774313,0.7757,0.74,0.7556,10235.0,0.7366824999999999,0.755179128432344,0.014320233388761872,64.85528379216194,0.0706,0.83757839880038,0.6357866011996198,0.05831435714285713,14558.6,-559933.0,0.8071,0.773,0.685
2024-07-25,0.75,0.7699,0.701,0.731,11835.0,0.7392325,0.7528763542959303,0.010402059489247106,53.40687622421718,-0.048900000000000055,0.8366131977253367,0.6418518022746632,0.06037864285714285,14871.75,-571768.0,0.7556,0.794,0.7799
2024-07-26,0.73,0.7686,0.7299,0.734949,28046.0,0.7407724499999999,0.7511689872201274,0.0075287430774663155,60.14258448024369,-0.05505100000000007,0.8367816480472361,0.6447632519527637,0.05936435714285714,15760.75,-543722.0,0.731,0.784,0.79
2024-07-29,0.735,0.756,0.73,0.75,1924.0,0.74339245,0.7510576551039247,0.0063924211790674645,61.60192209547298,-0.02100000000000002,0.8372774729196373,0.6495074270803627,0.05193578571428571,15802.25,-541798.0,0.734949,0.7999,0.771
2024-07-30,0.75,0.75,0.6875,0.6875,24763.0,0.74231745,0.7450045450940271,0.00044353740782743234,50.35622483617228,-0.09209999999999996,0.8383288540495617,0.6463060459504384,0.050685714285714285,16511.9,-566561.0,0.75,0.8071,0.7796
2024-07-31,0.71,0.7426,0.692,0.719,9794.0,0.7433574500000001,0.7425279217517389,-0.0017095030141701661,39.40869373314186,-0.05400000000000005,0.8377944222323324,0.6489204777676678,0.047835714285714294,16931.95,-556767.0,0.6875,0.7556,0.773
2024-08-01,0.729,0.7379,0.5624,0.63,41658.0,0.74210745,0.7318109768230019,-0.0104765916188152,28.1659377884194,-0.16400000000000003,0.841974462298671,0.642240437701329,0.0541,18397.05,-598425.0,0.719,0.731,0.794
2024-08-02,0.669,0.726,0.65001,0.6875,9991.0,0.74098245,0.7275908837922398,-0.012639107294004526,39.68881068006087,-0.09650000000000003,0.8428590713984747,0.6391058286015252,0.05667071428571429,18853.7,-588434.0,0.63,0.734949,0.784
2024-08-05,0.65,0.65,0.553,0.5702,48485.0,0.7355874499999999,0.7126012758120265,-0.023546615491281453,29.614485174059993,-0.22970000000000002,0.8603439206904898,0.61083097930951,0.060856428571428575,20809.8,-636919.0,0.6875,0.75,0.7999
2024-08-06,0.649,0.649,0.5987,0.6,10220.0,0.73146245,0.7018773447823097,-0.029446838548881082,33.88599017435942,-0.20710000000000006,0.8684643381167996,0.5944605618832004,0.062306428571428575,20197.7,-626699.0,0.5702,0.6875,0.8071
2024-08-07,0.6401,0.6498,0.6,0.62,8795.0,0.72821245,0.6940795024220897,-0.03213850233013149,33.76259710213445,-0.13560000000000005,0.8727327642893928,0.5836921357106072,0.06262785714285715,19457.6,-617904.0,0.6,0.719,0.7556
2024-08-08,0.6479,0.66,0.6187,0.6199,13911.0,0.72021245,0.6870147879057003,-0.03388908218907505,34.39817364218591,-0.11109999999999998,0.8702924706913827,0.5701324293086173,0.06315642857142857,17174.6,-631815.0,0.62,0.63,0.731
2024-08-09,0.7,0.7003,0.63,0.6547,37507.0,0.71344745,0.6839371890575383,-0.03209835037525732,36.674007868142226,-0.08024900000000001,0.8624761186449765,0.5644187813550234,0.064985,18205.7,-594308.0,0.6199,0.6875,0.734949
2024-08-12,0.69,0.7298,0.613,0.6187,35167.0,0.7058324500000001,0.6777241234330108,-0.03320135706699956,33.57740503820838,-0.13129999999999997,0.8580098763230414,0.5536550236769587,0.06852785714285715,19362.55,-629475.0,0.6547,0.5702,0.75
2024-08-13,0.667959,0.6868,0.61,0.634,59619.0,0.69855245,0.6735599212012955,-0.032466660235912714,38.68626620467486,-0.05349999999999999,0.849798944230582,0.547305955769418,0.07146357142857143,21306.4,-569856.0,0.6187,0.6,0.6875
2024-08-14,0.77,0.77,0.6501,0.6799,53194.0,0.69389745,0.6741637382297435,-0.027859514171698296,45.42688269916527,-0.039100000000000024,0.8411750112815524,0.5466198887184477,0.07510642857142859,23698.0,-516662.0,0.634,0.62,0.719
2024-08-15,0.714,0.72,0.65,0.6734,63796.0,0.6878674499999999,0.6740910012554823,-0.02445095797661656,44.516801532228506,0.043399999999999994,0.8275687382515642,0.5481661617484357,0.07734214285714287,26702.35,-580458.0,0.6799,0.6199,0.63
2024-08-16,0.68,0.6898,0.665,0.6898,7533.0,0.6831574499999999,0.6755870963740077,-0.02019353123798384,44.64983891735203,0.0022999999999999687,0.8153628108204785,0.5509520891795214,0.07725642857142857,26913.7,-572925.0,0.6734,0.6547,0.6875
2024-08-19,0.658,0.6714,0.61,0.63,43651.0,0.67466245,0.6712454681479118,-0.021398185143752912,44.86515337004438,0.059799999999999964,0.7967282767630914,0.5525966232369086,0.07717785714285716,26717.15,-616576.0,0.6898,0.6187,0.5702
2024-08-20,0.64,0.645,0.62,0.6449,8753.0,0.66655245,0.6687363759433488,-0.020909544356665144,43.180562112041464,0.04490000000000005,0.7719898553080491,0.5611150446919508,0.0753492857142857,26443.85,-607823.0,0.63,0.634,0.6
2024-08-21,0.6721,0.69,0.6289,0.6414,23871.0,0.66084245,0.6661329115677918,-0.020567623006431335,51.245083622911366,0.021399999999999975,0.758020602364825,0.5636642976351749,0.06717785714285714,27125.65,-631694.0,0.6449,0.6799,0.62
2024-08-22,0.6413,0.82,0.64,0.7665,174413.0,0.66261745,0.6756916818946688,-0.010085859867728808,57.518079929095705,0.14659999999999995,0.7662722330271695,0.5589626669728306,0.07460714285714284,35254.55,-457281.0,0.6414,0.6734,0.6199
2024-08-23,0.7209,0.78,0.65,0.74,36074.0,0.6628700000000001,0.681816283618986,-0.003872673819505623,69.53520254603582,0.08530000000000004,0.767288612980834,0.5584513870191662,0.07696428571428571,35655.95,-493355.0,0.7665,0.6898,0.6547
2024-08-26,0.74,0.74,0.6681,0.67,42162.0,0.6588700000000001,0.6806909232743207,-0.00454470555931108,57.371523160907074,0.05130000000000001,0.7550382976540776,0.5627017023459225,0.07850714285714286,37667.85,-535517.0,0.74,0.63,0.6187
2024-08-27,0.651,0.651,0.63,0.6415,12728.0,0.6565700000000001,0.6769584543910521,-0.0072929389094729125,52.22428981762868,0.007499999999999951,0.7520531062489402,0.56108689375106,0.07644999999999999,37066.1,-548245.0,0.67,0.6449,0.634
2024-08-28,0.631,0.6497,0.6289,0.638,19392.0,0.65252,0.6732481254014281,-0.009642205050832908,51.8594601889615,-0.04189999999999994,0.7436245114140843,0.5614154885859157,0.07498571428571428,37546.0,-567637.0,0.6415,0.6414,0.6799
2024-08-29,0.649,0.65,0.6358,0.645,8203.0,0.65327,0.6705578277441492,-0.010814510944648137,48.94312337066088,-0.02839999999999998,0.7438393127999304,0.5627006872000696,0.07097857142857142,35873.25,-559434.0,0.638,0.7665,0.6734
2024-08-30,0.65,0.689,0.62,0.689,32351.0,0.6533450000000001,0.6723142251018492,-0.008099770424378705,57.52837694282014,-0.0008000000000000229,0.7440360655380125,0.5626539344619876,0.0675642857142857,36991.25,-527083.0,0.645,0.74,0.6898
2024-09-03,0.6896,0.6901,0.65,0.66,13388.0,0.6578350000000001,0.671141441758816,-0.008193922205019577,52.7049506078458,0.030000000000000027,0.739651386854308,0.5760186131456921,0.06494285714285712,35236.4,-540471.0,0.689,0.67,0.63
2024-09-04,0.65,0.65,0.553,0.619,43831.0,0.6587850000000001,0.6661755901627382,-0.011444965084109526,43.598905590950864,-0.025900000000000034,0.7381792136297965,0.5793907863702036,0.06330714285714284,36916.95,-584302.0,0.66,0.6415,0.6449
2024-09-05,0.68,0.6802,0.63,0.6301,3871.0,0.65929,0.6627398196710489,-0.012976181413119403,45.492399256936096,-0.011299999999999977,0.7377686903694519,0.5808113096305482,0.06189285714285713,36670.75,-580431.0,0.619,0.638,0.6414
2024-09-06,0.6302,0.649049,0.6301,0.63481,16494.0,0.6600355,0.6600798368452347,-0.013652249119248117,44.13264629893291,-0.13168999999999997,0.7372111450469971,0.5828598549530029,0.06147492857142856,36799.9,-563937.0,0.6301,0.645,0.7665
2024-09-09,0.669,0.68,0.635,0.6532,16929.0,0.6599605000000001,0.6594246142885457,-0.01255934206172915,52.715354077680345,-0.08679999999999999,0.737160888456884,0.5827601115431161,0.060303499999999996,35771.0,-547008.0,0.63481,0.689,0.74
2024-09-10,0.675,0.675,0.6302,0.639,8889.0,0.6609754999999999,0.6574794129277318,-0.012692712975859055,49.308321945330576,-0.031000000000000028,0.7364052639076043,0.5855457360923956,0.06171778571428571,34457.1,-555897.0,0.6532,0.66,0.67
2024-09-11,0.631,0.69,0.5945,0.6559,40440.0,0.6620705,0.6573289926489002,-0.011304411407663473,51.648100197605366,0.01440000000000008,0.7364803701644733,0.5876606298355267,0.06417492857142856,33498.15,-515457.0,0.639,0.619,0.6415
2024-09-12,0.602,0.629999,0.553,0.613,32524.0,0.6587255,0.6531071838251954,-0.013510107769262314,28.543471066232613,-0.025000000000000022,0.7357301876153385,0.5817208123846614,0.056817714285714284,32464.65,-547981.0,0.6559,0.6301,0.638
2024-09-13,0.613,0.6825,0.603001,0.6502,6972.0,0.6575655,0.6528303091751768,-0.012116734745091118,37.81215925795269,0.005199999999999982,0.7343380420967616,0.5807929579032385,0.053210499999999994,29623.45,-541009.0,0.613,0.63481,0.645
2024-09-16,0.67,0.67,0.6403,0.6599,2430.0,0.6560705,0.6535036130632552,-0.01011318910238368,48.36091958113316,-0.029099999999999904,0.7313500445690616,0.5807909554309384,0.05019621428571429,29368.3,-538579.0,0.6502,0.6532,0.689
2024-09-17,0.6899,0.7,0.640101,0.641,32275.0,0.6566205,0.6523127927715167,-0.009935901899472577,49.91624556506722,-0.019000000000000017,0.731256029418488,0.5819849705815121,0.05297471428571428,28799.5,-570854.0,0.6599,0.639,0.66
2024-09-18,0.67,0.69,0.6476,0.6556,17037.0,0.6571555,0.6526258601266103,-0.008519099653459317,52.84237487146883,0.036599999999999966,0.7315904132782183,0.5827205867217817,0.05451757142857142,29213.7,-553817.0,0.641,0.6559,0.619
2024-09-19,0.6555,0.69,0.6555,0.6899,6875.0,0.6595805,0.6561757782097902,-0.00457580331111751,56.66369607215273,0.059799999999999964,0.7350076994707416,0.5841533005292584,0.055967571428571415,28363.9,-546942.0,0.6556,0.613,0.6301
2024-09-20,0.66,0.7001,0.66,0.7,6761.0,0.6562555,0.6603495136183817,-0.0006284822075317553,51.815179124051134,0.06518999999999997,0.7160883205920381,0.5964226794079619,0.0539032857142857,19981.3,-540181.0,0.6899,0.6502,0.63481
2024-09-23,0.69,0.75,0.69,0.75,34211.0,0.6567554999999999,0.6688876551785358,0.006459914465354211,63.888886128257994,0.0968,0.7196250064482906,0.5938859935517092,0.055324714285714276,19888.15,-505970.0,0.7,0.6599,0.6532
2024-09-24,0.759,0.789,0.730001,0.775,24675.0,0.6620055,0.67899359278058,0.013934186337486998,75.32467190082659,0.136,0.7441220096484329,0.5798889903515672,0.05261035714285713,19013.8,-481295.0,0.75,0.641,0.639
2024-09-25,0.89,0.9,0.7923,0.83,116663.0,0.6714304999999999,0.6933751553729057,0.024018767589222723,78.40295226586719,0.17409999999999992,0.7819840254930681,0.5608769745069317,0.05671749999999999,24210.55,-364632.0,0.775,0.6556,0.6559
2024-09-26,0.84,0.97,0.84,0.94,94208.0,0.6865304999999999,0.7168632358135814,0.040421003411548195,83.37671172319173,0.32699999999999996,0.8484314882580911,0.5246295117419087,0.06464971428571428,27951.35,-270424.0,0.83,0.6899,0.613
2024-09-27,0.94,0.98,0.85,0.85,53055.0,0.6967805,0.7295429276408593,0.045631632578676085,68.60816762383823,0.19979999999999998,0.8729400643279405,0.5206209356720596,0.07072114285714284,30193.95,-323479.0,0.94,0.7,0.6502
2024-09-30,0.911799,0.911799,0.781001,0.85,21996.0,0.7048305,0.7410150297703012,0.04919401574289939,70.50135836179749,0.19009999999999994,0.8937457087689339,0.5159152912310662,0.07686385714285714,29676.2,-323479.0,0.85,0.75,0.6599
2024-10-01,0.856,0.856,0.731,0.760101,31610.0,0.70983555,0.7428327412207487,0.044253010920496494,58.86667468097555,0.11910100000000001,0.8990536560797562,0.5206174439202438,0.078971,30587.3,-355089.0,0.85,0.775,0.641
2024-10-02,0.78,0.788,0.7581,0.788,12500.0,0.7182855499999999,0.7471343849140107,0.042103106732786166,65.28122537288438,0.13240000000000007,0.905507410804626,0.5310636891953738,0.07560678571428572,29020.75,-342589.0,0.760101,0.83,0.6556
2024-10-03,0.79,0.79,0.7601,0.762501,7278.0,0.7249055999999999,0.7485978720650573,0.03790479311877992,60.01083828198094,0.07260100000000003,0.9083228310534802,0.5414883689465196,0.072064,29191.1,-349867.0,0.788,0.94,0.6899
2024-10-04,0.771,0.789999,0.7401,0.75,35396.0,0.7306651,0.7487314080588614,0.03318632184723935,57.991866545763635,0.050000000000000044,0.9093432923734738,0.5519869076265261,0.07350678571428572,30136.2,-385263.0,0.762501,0.85,0.7
2024-10-07,0.73,0.77,0.6535,0.73,44960.0,0.7345051,0.7469474644342079,0.02751588057362575,57.878921649324354,-0.020000000000000018,0.9094352795645444,0.5595749204354556,0.0775497142857143,31537.75,-430223.0,0.75,0.85,0.75
2024-10-08,0.7301,0.755,0.715,0.755,5804.0,0.7403050999999999,0.747714372583331,0.0247539578597612,58.64050149519467,-0.020000000000000018,0.9095005419454476,0.5711096580545523,0.07737828571428573,31383.5,-424419.0,0.73,0.760101,0.775
2024-10-09,0.7468,0.77,0.7468,0.7648,16656.0,0.7457501,0.7493415751944423,0.023089728293486877,56.8004590624872,-0.06519999999999992,0.9104581557271901,0.5810420442728098,0.07657114285714288,30194.3,-407763.0,0.755,0.788,0.83
2024-10-10,0.761999,0.78,0.75,0.78,8896.0,0.7541000999999999,0.752261425175924,0.022735249535895785,57.1968578498735,-0.15999999999999992,0.9069795150211881,0.6012206849788118,0.07584971428571431,29012.9,-398867.0,0.7648,0.762501,0.94
2024-10-11,0.78,0.85,0.77,0.81597,48876.0,0.7623886,0.7583289084925027,0.025067834560072888,56.08839801310233,-0.034030000000000005,0.9094125636055067,0.6153646363944932,0.07727828571428574,31108.1,-349991.0,0.78,0.75,0.85
2024-10-14,0.82,0.94,0.82,0.94,71057.0,0.7763935999999999,0.7756309172075024,0.03650381616492904,62.8745706443466,0.08999999999999997,0.9352018681678884,0.6175853318321114,0.08163550000000004,34539.45,-278934.0,0.81597,0.73,0.85
2024-10-15,0.88,0.972,0.88,0.91,39952.0,0.7898436,0.7884279727115499,0.042654470514493115,56.49563527173052,0.149899,0.9459114036743876,0.6337757963256123,0.08051407142857145,34923.3,-318886.0,0.94,0.755,0.760101
2024-10-16,0.9,0.9699,0.9,0.9651,100455.0,0.8053186,0.8052538800723547,0.05138271001315875,52.237482160170394,0.17709999999999992,0.9666293207471278,0.6440078792528722,0.0762212142857143,39094.2,-218431.0,0.91,0.7648,0.788
2024-10-17,0.95,1.05,0.948,0.99,220517.0,0.8203236,0.8228487486368923,0.05962184113014579,64.11865135062845,0.227499,0.9919309987871276,0.6487162012128724,0.07422121428571431,49776.3,2086.0,0.9651,0.78,0.762501
2024-10-18,1.07,1.55,1.06,1.13,6873388.0,0.8418236,0.852101248766712,0.07656564082405981,72.01957066824056,0.3799999999999999,1.0531153293635314,0.6305318706364686,0.09987850000000001,393107.65,6875474.0,0.99,0.81597,0.75
2024-10-21,1.04,1.3,1.0,1.3,611110.0,0.8693236000000001,0.8947582726936918,0.10252940820990497,87.70776153073456,0.5700000000000001,1.1589436653716054,0.5797035346283947,0.11237850000000002,421952.6,7486584.0,1.13,0.94,0.73
2024-10-22,1.24,1.42,1.18,1.39,240192.0,0.9000736,0.9419241514847687,0.1288824520794709,88.68894441947916,0.6349999999999999,1.26763302957004,0.5325141704299601,0.12738564285714288,432728.45,7726776.0,1.3,0.91,0.755
2024-10-23,1.39,1.39,1.22,1.25,131899.0,0.9210736,0.9712647084862193,0.13689258671160076,77.31083653424288,0.48519999999999996,1.3185506072827922,0.5235965927172078,0.13739278571428573,433490.25,7594877.0,1.39,0.9651,0.7648
2024-10-24,1.24,1.245,1.14,1.17,103337.0,0.9325735999999999,0.9901918791065794,0.13522653735839096,71.87499895182293,0.3899999999999999,1.345369970792595,0.5197772292074049,0.14132857142857144,433946.7,7491540.0,1.25,0.99,0.78
2024-10-25,1.13,1.15,1.02,1.04,169715.0,0.9420736,0.9949355096678575,0.12200981450507653,64.48598046466942,0.22403000000000006,1.3556131455570575,0.5285340544429424,0.14229285714285717,439779.7,7321825.0,1.17,1.13,0.81597
2024-10-28,1.05,1.15,1.0201,1.11,70627.0,0.9550736000000001,1.005894032556633,0.11584845256003595,65.91928168352473,0.17000000000000015,1.372752088228699,0.5373951117713012,0.14871428571428572,442211.25,7392452.0,1.04,1.3,0.94
2024-10-29,1.11,1.12,1.04,1.05,110940.0,0.96956855,1.0100946008845728,0.10491463961101732,62.23824161402732,0.14,1.3787930805501496,0.5603440194498504,0.15277142857142856,446177.75,7281512.0,1.11,1.39,0.91
2024-10-30,1.0,1.07,0.978,1.04,98410.0,0.9821685500000001,1.0129427341336612,0.09435493271807927,61.206895813020225,0.07490000000000008,1.3832921439520924,0.5810449560479077,0.1572,450473.25,7183102.0,1.05,1.25,0.9651
2024-10-31,1.07,1.07,1.02,1.03,87425.0,0.9955434999999999,1.014567235644741,0.08420866740062205,59.43669847172141,0.040000000000000036,1.3834479600373177,0.6076390399626821,0.15505714285714287,454480.6,7095677.0,1.04,1.17,0.99
2024-11-01,1.12,1.22,1.1001,1.15,120809.0,1.0155435000000002,1.0274655941547657,0.08487232087088603,59.29203466363851,0.020000000000000018,1.3911964986303866,0.6398905013696137,0.15505,458751.25,7216486.0,1.03,1.04,1.13
2024-11-04,1.12,1.178,1.02,1.02,67329.0,1.0300435000000001,1.0267545851876452,0.07405470098733202,54.47154409544584,-0.28,1.3808551462854035,0.6792318537145967,0.15976428571428572,459869.7,7149157.0,1.15,1.11,1.3
2024-11-05,1.04,1.062,1.02,1.02,184411.0,1.0432935,1.0261112913602504,0.06473542955734135,52.33636842905,-0.3699999999999999,1.369521559735745,0.7170654402642552,0.1577714285714286,468800.05,7149157.0,1.02,1.05,1.39
2024-11-06,1.12,1.22,1.05,1.18,148714.0,1.0640535,1.0407673588497504,0.06945981314277483,57.25190778509411,-0.07000000000000006,1.3677250794042903,0.7603819205957096,0.1626285714285714,475402.95,7297871.0,1.02,1.04,1.25
2024-11-07,1.16,1.182,1.06,1.06,44971.0,1.0780534999999998,1.0425990389592978,0.06279703887909283,47.286821192236054,-0.10999999999999988,1.3508318266799568,0.8052751733200427,0.13634285714285713,477206.7,7252900.0,1.18,1.03,1.17
2024-11-08,1.13,1.15,1.06,1.13,47317.0,1.093755,1.0509229400107933,0.06244532640603695,42.857142352941175,0.08999999999999986,1.3376350436366458,0.8498749563633543,0.12134285714285711,477128.75,7300217.0,1.06,1.15,1.04
2024-11-11,1.11,1.12,1.06,1.06,94624.0,1.099755,1.0517874219145273,0.05587409496528983,35.89743546789393,-0.050000000000000044,1.3333974661742847,0.8661125338257154,0.10848571428571427,478307.1,7205593.0,1.13,1.02,1.11
2024-11-12,1.06,1.2,1.06,1.18,99428.0,1.113255,1.0639981436369532,0.05966160201347659,46.956521167485825,0.1299999999999999,1.3314215754224987,0.8950884245775015,0.10634285714285711,481280.9,7305021.0,1.06,1.02,1.05
2024-11-13,1.18,1.27,1.16,1.2498,97633.0,1.12749,1.081693558528672,0.0675172089370848,53.500613485691716,0.2098,1.3420770148619678,0.9129029851380324,0.10669999999999998,481139.8,7402654.0,1.18,1.18,1.04
2024-11-14,1.31,1.38,1.15,1.18,150410.0,1.13699,1.0910560767640365,0.06733436867569842,56.48388218713009,0.1499999999999999,1.3425827696865102,0.9313972303134898,0.11384285714285712,477634.45,7252244.0,1.2498,1.06,1.03
2024-11-15,1.24,1.24,1.09,1.13,43386.0,1.13699,1.0947650218341283,0.06243517053730052,50.94375168628489,-0.020000000000000018,1.3425827696865102,0.9313972303134898,0.11527857142857141,136134.35,7208858.0,1.18,1.13,1.15
2024-11-18,1.23,1.3,1.17,1.24,141886.0,1.13399,1.1085969245165923,0.06666018429735177,58.561643096734855,0.21999999999999997,1.331145369135485,0.936834630864515,0.11884999999999998,112673.15,7350744.0,1.13,1.06,1.02
2024-11-19,1.25,1.29,1.24,1.29,210870.0,1.12899,1.1258734078959645,0.07319932403187823,60.87334650989314,0.27,1.302457204848342,0.9555227951516578,0.11584999999999998,111207.05,7561614.0,1.24,1.18,1.02
2024-11-20,1.29,1.3,1.18,1.24,55601.0,1.1284899999999998,1.136742607143968,0.0734997973392062,58.826495608968614,0.06000000000000005,1.3005404442552326,0.9564395557447668,0.12084999999999999,107392.15,7506013.0,1.29,1.2498,1.18
2024-11-21,1.2,1.3099,1.2,1.3,40416.0,1.13499,1.152290930273114,0.07768393115730432,56.63951771162072,0.24,1.3227491054628577,0.9472308945371422,0.12013571428571428,104246.1,7546429.0,1.24,1.18,1.06
2024-11-22,1.29,1.48,1.28,1.41,230048.0,1.1534900000000001,1.176834651199484,0.088851740488751,67.57389965209572,0.28,1.3722022300625862,0.934777769937414,0.12313571428571428,107262.75,7776477.0,1.3,1.13,1.13
2024-11-25,1.5,1.53,1.4,1.43,468955.0,1.1694900000000001,1.2009456367995333,0.09818433480268496,68.14801615255645,0.3699999999999999,1.4194006526656915,0.9195793473343088,0.12942142857142858,127179.15,8245432.0,1.41,1.24,1.06
2024-11-26,1.44,1.53,1.4222,1.5,92569.0,1.19199,1.2294270047233873,0.10996133223036453,65.39053394048915,0.32000000000000006,1.4753892303967608,0.9085907696032394,0.12497857142857145,126260.6,8338001.0,1.43,1.29,1.18
2024-11-27,1.51,1.64,1.4941,1.63,375192.0,1.2214899999999997,1.2675768137973504,0.1283055742921333,77.15320019041081,0.38019999999999987,1.5564192582023892,0.8865607417976102,0.12668571428571432,140099.7,8713193.0,1.5,1.24,1.2498
2024-11-29,1.65,1.7299,1.6,1.69,325877.0,1.25449,1.307807593435698,0.1460019967132551,76.93343490085793,0.51,1.6366987712783534,0.8722812287216468,0.1295357142857143,152022.3,9039070.0,1.63,1.3,1.18
2024-12-02,1.75,1.89,1.62,1.72,501042.0,1.2829899999999999,1.3470640131084888,0.16059603710913306,83.01320411946291,0.5900000000000001,1.7142508779406134,0.8517291220593862,0.1445357142857143,171033.95,9540112.0,1.69,1.41,1.13
2024-12-03,1.75,1.77,1.45,1.46,337394.0,1.3049899999999999,1.3578198213838708,0.14945921933262096,62.285011519840154,0.21999999999999997,1.7244939772724117,0.8854860227275879,0.15739285714285714,184537.2,9202718.0,1.72,1.43,1.24
2024-12-04,1.55,1.64,1.5001,1.61,253682.0,1.33449,1.3818369812520737,0.15099636529877714,64.7647147838121,0.32000000000000006,1.7525881597159918,0.9163918402840081,0.1595285714285714,188000.75,9456400.0,1.46,1.5,1.29
2024-12-05,1.6,1.72,1.4721,1.48,271165.0,1.3494899999999999,1.3911858401804476,0.1401095552688736,61.718749324951176,0.24,1.7657730105134122,0.9332069894865876,0.1608071428571429,194123.3,9185235.0,1.61,1.63,1.24
2024-12-06,1.6,1.61,1.49,1.59,147576.0,1.37599,1.410120522068024,0.13875824193752329,67.16417840276232,0.29000000000000004,1.7820313352046089,0.9699486647953912,0.15866428571428573,199253.55,9332811.0,1.48,1.69,1.3
2024-12-09,1.61,1.7,1.57,1.67,225817.0,1.40299,1.434870948537736,0.1424999965418685,66.41221303070918,0.26,1.811963358545523,0.994016641454477,0.15866428571428573,208178.55,9558628.0,1.59,1.72,1.41
2024-12-10,1.65,1.69,1.55,1.58,87983.0,1.42899,1.4486927629627135,0.13662815189808164,60.74074011083677,0.15000000000000013,1.811406592350892,1.046573407649108,0.16509285714285715,207846.5,9470645.0,1.67,1.46,1.43
2024-12-11,1.56,1.65,1.55,1.63,202485.0,1.45149,1.4659601188710265,0.13445929182789462,64.44444377613169,0.1299999999999999,1.8250745252063976,1.0779054747936023,0.16366428571428568,212999.35,9673130.0,1.58,1.61,1.5
2024-12-12,1.65,1.6667,1.59,1.62,83314.0,1.47,1.4806305837404525,0.13043002206546506,62.30769163668641,-0.009999999999999787,1.8381532861530216,1.1018467138469783,0.1612928571428571,212283.4,9589816.0,1.63,1.48,1.63
2024-12-13,1.62,1.69,1.62,1.67,102403.0,1.4945,1.4986657662413618,0.12977540875226956,60.48387028485953,-0.020000000000000018,1.846246020813172,1.142753979186828,0.1520071428571428,209883.05,9692219.0,1.62,1.59,1.69
2024-12-16,1.68,1.75,1.61,1.61,251243.0,1.5185,1.5092690265993274,0.12299728825045708,57.03124937622072,-0.10999999999999988,1.8285611145191345,1.2084388854808654,0.1527214285714285,220275.9,9440976.0,1.67,1.67,1.72
2024-12-17,1.6,1.63,1.44,1.53,209676.0,1.533,1.5112434050184391,0.10990335009946506,51.162790142419325,0.07000000000000006,1.8139832360611114,1.2520167639388884,0.15859285714285706,223665.4,9231300.0,1.61,1.58,1.46
2024-12-18,1.52,1.52,1.24,1.24,372233.0,1.5305,1.4854106997785879,0.07525820368375635,36.55172378501784,-0.3700000000000001,1.8213046911950674,1.2396953088049325,0.1681714285714285,231733.55,8859067.0,1.53,1.63,1.61
2024-12-19,1.35,1.41,1.285,1.33,154805.0,1.5350000000000001,1.4706096807520557,0.054436414284734,37.837837479912345,-0.1499999999999999,1.8091877958050413,1.260812204194959,0.1678214285714285,236693.75,9013872.0,1.24,1.62,1.48
2024-12-20,1.39,1.39,1.24,1.32,171747.0,1.536,1.4562659016328123,0.03670496772670018,36.30136951491837,-0.27,1.806702789051029,1.265297210948971,0.15924999999999997,243260.3,8842125.0,1.33,1.67,1.59
2024-12-23,1.35,1.4,1.3,1.39,178230.0,1.535,1.4499548633820682,0.027978564096023728,47.24409396738794,-0.28,1.8078022225561676,1.2621977774438322,0.14353571428571424,240669.4,9020355.0,1.32,1.61,1.67
2024-12-24,1.37,1.42,1.353,1.36,67097.0,1.5314999999999999,1.441387733536157,0.018429631746110342,39.13043430623818,-0.21999999999999997,1.8116710004152643,1.2513289995847354,0.13832857142857138,220576.5,8953258.0,1.39,1.53,1.58
2024-12-26,1.38,1.62,1.36,1.6,255255.0,1.5365,1.4564936636755705,0.029883549343789895,54.76190415343917,-0.029999999999999805,1.8178707050924392,1.2551292949075608,0.1391928571428571,228710.8,9208513.0,1.36,1.24,1.63
2024-12-27,1.6,1.615,1.51,1.55,223506.0,1.5325000000000002,1.465399029039802,0.034528259150022,48.333332769444446,-0.07000000000000006,1.8105287754891677,1.2544712245108327,0.1381214285714285,221126.5,8985007.0,1.6,1.33,1.62
2024-12-30,1.64,1.83,1.5901,1.73,689346.0,1.5345,1.4905991215122019,0.052132766728686386,52.30769174437871,0.06000000000000005,1.8178242516604488,1.2511757483395511,0.1459714285714285,239299.95,9674353.0,1.55,1.32,1.67
2024-12-31,1.77,1.865,1.69,1.815,283506.0,1.53925,1.5214944432729445,0.07211199327346351,59.07335843472818,0.20499999999999985,1.838411547627621,1.240088452372379,0.14847142857142853,228423.15,9957859.0,1.73,1.39,1.61
2025-01-02,1.89,3.38,1.83,2.84,7596025.0,1.60825,1.6470664010564735,0.16870982611308594,76.65198190611113,1.3099999999999998,2.259655565317278,0.9568444346827221,0.25204285714285707,591354.7,17553884.0,1.815,1.36,1.53
2025-01-03,2.71,2.72,2.05,2.3,1378683.0,1.6427500000000002,1.7092505533368094,0.1993923467012615,62.142856832142854,1.0599999999999998,2.3639002142958527,0.9215997857041475,0.29442142857142856,647604.75,16175201.0,2.84,1.6,1.24
2025-01-06,2.38,2.49,2.3,2.35,537458.0,1.68625,1.7702743101618752,0.22514768509141136,62.14285683214286,1.02,2.468439067196744,0.904060932803256,0.3029928571428572,660919.4,16712659.0,2.3,1.55,1.33
2025-01-07,2.35,2.35,1.78,1.82,678865.0,1.6977499999999999,1.7750100901464585,0.20048138115104264,53.2110089464972,0.5,2.4807434126226946,0.914756587377305,0.3337071428571429,687483.85,16033794.0,2.35,1.73,1.32
2025-01-08,1.76,2.0799,1.74,1.88,266229.0,1.70825,1.785009129180129,0.18365756602794825,55.3846151460355,0.49,2.4952982831440567,0.9212017168559432,0.34441428571428573,689504.45,16300023.0,1.82,1.815,1.39
2025-01-10,1.84,1.9655,1.65,1.66,275857.0,1.7122499999999998,1.7731034978296405,0.1508336930280596,56.603773335706656,0.2999999999999998,2.4973646413104316,0.9271353586895682,0.34695000000000004,698898.15,16024166.0,1.88,2.84,1.36
2025-01-13,1.55,1.92,1.53,1.82,470862.0,1.7217500000000001,1.7775698313696748,0.13616161369164126,57.53846129060356,0.21999999999999997,2.5072721193575696,0.9362278806424306,0.3658785714285715,712317.0,16495028.0,1.66,2.3,1.6
2025-01-14,1.86,1.9,1.6078,1.62,498112.0,1.7217499999999997,1.762563180763039,0.10716027958258079,54.36046489504462,0.07000000000000006,2.507272119357569,0.9362278806424301,0.3760357142857143,733056.9,15996916.0,1.82,2.35,1.55
2025-01-15,1.74,1.75,1.61,1.64,231259.0,1.72025,1.750890496880845,0.08481267844776008,53.68731541250075,-0.09000000000000008,2.5063025963385237,0.9341974036614763,0.3788928571428572,739499.7,16228175.0,1.62,1.82,1.73
2025-01-16,1.65,1.7562,1.55,1.7,189303.0,1.7247500000000002,1.746043782892193,0.0711236726760589,54.97076000889163,-0.11499999999999999,2.509173858302189,0.9403261416978116,0.3888357142857143,736402.7,16417478.0,1.64,1.88,1.815
2025-01-17,1.69,1.6902,1.46,1.49,249370.0,1.72275,1.7216586607119841,0.0428360052175949,48.37758092115453,-1.3499999999999999,2.5094651895531777,0.9360348104468225,0.38670714285714286,738387.4,16168108.0,1.7,1.66,2.84
2025-01-21,1.47,1.71,1.46,1.62,352767.0,1.7417500000000001,1.711976883501319,0.030555513559621827,51.008645327342634,-0.6799999999999997,2.497104744126025,0.9863952558739754,0.3970642857142857,737414.1,16520875.0,1.49,1.82,2.3
2025-01-22,1.64,1.72,1.64,1.69,132160.0,1.75975,1.7098838469773838,0.026169880339731444,49.40476169890873,-0.6600000000000001,2.4905496701523235,1.0289503298476763,0.38564285714285723,736281.85,16653035.0,1.62,1.62,2.35
2025-01-23,1.69,1.69,1.51,1.59,196647.0,1.7732500000000002,1.6984663377414426,0.014458402684950133,46.66666647308643,-0.22999999999999998,2.479405454780177,1.0670945452198237,0.38600000000000007,737526.85,16456388.0,1.69,1.64,1.82
2025-01-24,1.62,1.6694,1.435,1.47,249880.0,1.77725,1.6767076389089244,-0.004454674140703219,22.267206351521907,-0.4099999999999999,2.47512251889696,1.07937748110304,0.29202857142857147,741109.35,16206508.0,1.59,1.7,1.88
2025-01-27,1.46,1.46,1.34,1.39,180878.0,1.77875,1.6494021494890267,-0.025603612689111932,27.36318388901266,-0.27,2.472965763517221,1.0845342364827792,0.2527428571428571,746798.4,16025630.0,1.47,1.49,1.66
2025-01-28,1.45,1.45,1.3,1.39,197760.0,1.76825,1.6246971828710242,-0.041881514826023425,25.510203899416894,-0.43000000000000016,2.4799808406087887,1.0565191593912115,0.24988571428571427,743923.65,16025630.0,1.39,1.62,1.82
2025-01-29,1.32,1.4042,1.27,1.31,191966.0,1.75625,1.5947260225975932,-0.06053934111760828,33.112582474452864,-0.31000000000000005,2.491189131027732,1.021310868972268,0.21875714285714282,742346.65,15833664.0,1.39,1.69,1.62
2025-01-30,1.3,1.46,1.3,1.42,149248.0,1.7407499999999998,1.57808544901687,-0.06569246039315169,35.25640994000656,-0.21999999999999997,2.490937871206454,0.9905621287935458,0.20590714285714284,715341.75,15982912.0,1.31,1.59,1.64
2025-01-31,1.47,1.59,1.4642,1.52,105624.0,1.7260000000000002,1.5725535014914538,-0.06100396455042256,45.13888845003858,-0.17999999999999994,2.4816217377274983,0.9703782622725021,0.19235714285714284,706447.65,16088536.0,1.42,1.47,1.7
2025-02-03,1.47,1.52,1.43,1.49,78334.0,1.6585,1.5646912632541725,-0.0590286021146611,37.40457975292815,0.0,2.2082664575933535,1.1087335424066467,0.1709285714285714,330563.1,16010202.0,1.52,1.39,1.49
2025-02-04,1.49,1.57,1.46,1.55,61857.0,1.621,1.5632920953252036,-0.05202193807394062,47.00854644605158,-0.07000000000000006,2.0816128640478064,1.1603871359521933,0.15791428571428567,264721.8,16072059.0,1.49,1.39,1.62
2025-02-05,1.55,1.73,1.55,1.62,247887.0,1.5844999999999998,1.5686928481513747,-0.04035549829190721,49.18032730448805,-0.06999999999999984,1.8921891801460597,1.2768108198539398,0.16077142857142857,250243.25,16319946.0,1.55,1.31,1.69
2025-02-06,1.67,1.68,1.62,1.63,75082.0,1.575,1.5745316245179104,-0.029957512727158297,47.00854644605158,0.039999999999999813,1.86318853478054,1.28681146521946,0.1503285714285714,220054.1,16395028.0,1.62,1.42,1.59
2025-02-07,1.63,1.645,1.4,1.49,261196.0,1.5554999999999999,1.5664809936114428,-0.03263763785190266,49.99999936363638,0.020000000000000018,1.8072705722530702,1.3037294277469296,0.15138571428571426,219802.45,16133832.0,1.63,1.52,1.47
2025-02-10,1.46,1.5195,1.4,1.43,106921.0,1.544,1.5534828037436863,-0.0391518368772501,40.776698474879815,0.040000000000000036,1.7966824510183454,1.2913175489816546,0.1420642857142857,211355.65,16026911.0,1.49,1.49,1.39
2025-02-11,1.43,1.4843,1.33,1.4,69030.0,1.5230000000000001,1.5388653938633352,-0.04620254167628568,35.35353485358637,0.010000000000000009,1.7473211982849746,1.2986788017150257,0.14737142857142854,191264.05,15957881.0,1.43,1.55,1.39
2025-02-12,1.47,1.47,1.33,1.43,71010.0,1.5135,1.528497261114446,-0.048806911058136615,41.30434719754253,0.11999999999999988,1.7366143204727271,1.290385679527273,0.14451428571428568,169908.95,16028891.0,1.4,1.62,1.31
2025-02-13,1.55,1.55,1.43,1.48,47869.0,1.5055,1.5238784743416416,-0.046302563296816146,50.58823446089966,0.06000000000000005,1.720855275618799,1.2901447243812012,0.13634285714285713,160739.45,16076760.0,1.43,1.63,1.42
2025-02-14,1.49,1.56,1.44,1.47,50319.0,1.494,1.518747191071009,-0.0446105237311456,55.12820413872454,-0.050000000000000044,1.6892488290955021,1.2987511709044979,0.13634285714285715,153790.25,16026441.0,1.48,1.49,1.52
2025-02-18,1.46,1.6,1.45,1.56,149331.0,1.4975,1.5226760300166273,-0.03559698249045051,59.77011398071082,0.07000000000000006,1.694944195980339,1.300055804019661,0.13634285714285715,148788.3,16175772.0,1.47,1.43,1.49
2025-02-19,1.56,1.56,1.4101,1.48,151277.0,1.4905,1.51861164620552,-0.0345111939686471,59.7701139807108,-0.07000000000000006,1.6793998620823833,1.3016001379176165,0.13746428571428576,138713.8,16024495.0,1.56,1.4,1.55
2025-02-20,1.47,1.5,1.42,1.445,60525.0,1.47825,1.5116010132335655,-0.03605923778810438,51.57232613583326,-0.17500000000000004,1.642895552307809,1.313604447692191,0.13175000000000006,135132.05,15963970.0,1.48,1.43,1.62
2025-02-21,1.44,1.5,1.34,1.34,75035.0,1.46575,1.4952580595922735,-0.04523722952371201,38.749999321875016,-0.2899999999999998,1.632618211472427,1.2988817885275732,0.13419285714285717,129051.45,15888935.0,1.445,1.48,1.63
2025-02-24,1.35,1.4,1.27,1.37,92431.0,1.46075,1.4833287205834855,-0.049519277413162976,42.49999925625003,-0.11999999999999988,1.6329883599306074,1.2885116400693926,0.13705000000000003,121179.0,15981366.0,1.34,1.47,1.49
2025-02-25,1.38,1.38,1.27,1.315,38978.0,1.4569999999999999,1.467297413861249,-0.05669730037597276,35.2201251659349,-0.11499999999999999,1.6387285424964972,1.2752714575035025,0.13705,114084.0,15942388.0,1.37,1.56,1.43
2025-02-26,1.3,1.345,1.29,1.33,40284.0,1.4540000000000002,1.454221469683987,-0.060478403262778535,30.405404830168024,-0.06999999999999984,1.6422495544134132,1.2657504455865871,0.12812142857142858,106210.2,15982672.0,1.315,1.48,1.4
2025-02-27,1.32,1.35,1.23,1.27,109140.0,1.452,1.4366765678093216,-0.0675379180229505,27.215189391123246,-0.15999999999999992,1.6474051122533475,1.2565948877466524,0.1324071428571429,102068.9,15873532.0,1.33,1.445,1.43
2025-02-28,1.23,1.2799,1.21,1.24,63901.0,1.443,1.4179454661131958,-0.07469237639034554,31.617646407872,-0.24,1.659998666015803,1.226001333984197,0.11990000000000002,97801.55,15809631.0,1.27,1.34,1.48
2025-03-03,1.25,1.3695,1.13,1.16,153701.0,1.425,1.3933792312452724,-0.08582829247431167,30.71428510000004,-0.31000000000000005,1.672662758817852,1.177337241182148,0.1284714285714286,100205.4,15655930.0,1.24,1.37,1.47
2025-03-04,1.13,1.29,1.03,1.17,187718.0,1.409,1.3721050187457227,-0.09277719205605939,33.08823461288931,-0.3900000000000001,1.6792941867085331,1.138705813291467,0.1360214285714286,105674.6,15843648.0,1.16,1.315,1.56
2025-03-05,1.25,1.28,1.13,1.15,47694.0,1.3889999999999998,1.3509521598175587,-0.09875963825764433,29.104477003787053,-0.33000000000000007,1.6741518524354602,1.1038481475645394,0.13673571428571432,104966.45,15795954.0,1.17,1.33,1.48
2025-03-06,1.19,1.2,1.12,1.18,53477.0,1.367,1.3346710017396959,-0.09992811162632043,26.92307634319529,-0.2650000000000001,1.6449132768935129,1.0890867231064871,0.13387857142857146,95245.95,15849431.0,1.15,1.27,1.445
2025-03-07,1.16,1.1931,1.1,1.12,59057.0,1.3415,1.3142261444311534,-0.10449112510176373,24.999999500000044,-0.21999999999999997,1.6112776862529699,1.07172231374703,0.13195714285714286,94444.7,15790374.0,1.18,1.24,1.34
2025-03-10,1.1,1.1596,0.906,0.906,362493.0,1.3123,1.2753474640091387,-0.12394657867823033,10.315533805318623,-0.4640000000000001,1.6355272135494676,0.9890727864505324,0.13935714285714287,99509.55,15427881.0,1.12,1.16,1.37
2025-03-11,0.88,0.949999,0.85,0.9,70117.0,1.2858,1.2396000864844587,-0.1382555912674479,11.333333121777798,-0.4149999999999999,1.652392617722216,0.9192073822777842,0.1357927857142857,97669.35,15357764.0,0.906,1.17,1.315
2025-03-12,0.9,0.97,0.9,0.97,36985.0,1.2643,1.2139238877716532,-0.14230674823885847,19.74522257779222,-0.3600000000000001,1.6524931694944036,0.8761068305055963,0.13507849999999996,96067.1,15394749.0,0.9,1.15,1.33
2025-03-13,0.98,0.98,0.9072,0.94,33953.0,1.2398,1.1878358984600672,-0.14625216468952051,21.830985485022822,-0.33000000000000007,1.645419785669192,0.834180214330808,0.12884992857142857,94214.25,15360796.0,0.97,1.18,1.27
2025-03-14,0.93,0.9577,0.9,0.93,41125.0,1.2123000000000002,1.1632800986067275,-0.14847433239656915,18.11594166141569,-0.30999999999999994,1.623884921211196,0.8007150787888042,0.12368564285714286,93877.05,15319671.0,0.94,1.12,1.24
2025-03-17,0.93,1.0,0.93,1.0,82286.0,1.1888,1.1477296130251344,-0.14293928621381147,27.659573918816974,-0.15999999999999992,1.59201789851669,0.7855821014833102,0.1208285,95475.4,15401957.0,0.93,0.906,1.16
2025-03-18,1.0,1.0,0.93,0.93001,24439.0,1.1573005,1.1269944117846455,-0.14255702169781848,23.684521728465754,-0.23998999999999993,1.5361118414894777,0.7784891585105225,0.12189992857142858,89230.8,15377518.0,1.0,0.9,1.17
2025-03-19,0.93,0.99395,0.93,0.9879,72144.0,1.1326955,1.1137473249480125,-0.13601493956480026,31.38887364827646,-0.1620999999999999,1.4863438819290815,0.7790471180709186,0.11789635714285714,85274.15,15449662.0,0.93001,0.97,1.15
2025-03-20,0.9879,1.07,0.9879,1.06,97840.0,1.1134454999999999,1.108628532095821,-0.12358778188719555,38.749718064831555,-0.11999999999999988,1.436069080792171,0.7908219192078287,0.1187677857142857,87139.9,15547502.0,0.9879,0.94,1.18
2025-03-21,1.04,1.1,0.9824,0.9938,68387.0,1.0961355,1.0976924814200284,-0.11772390869947458,39.429900847110574,-0.1262000000000001,1.4044087085923038,0.787862291407696,0.11006064285714283,86807.5,15479115.0,1.06,0.93,1.12
2025-03-24,1.06,1.08,0.95,0.9846,59718.0,1.0768654999999998,1.0869217689038353,-0.11252202618830331,38.19679577433199,0.0786,1.3602345204421087,0.7934964795578909,0.10077492857142856,85171.85,15419397.0,0.9938,1.0,0.906
2025-03-25,0.98,1.0189,0.97,0.9878,58760.0,1.0605055,1.0774816004368033,-0.10690890426429966,39.448072351254254,0.08779999999999999,1.3229984631117042,0.7980125368882961,0.09355349999999997,86160.95,15478157.0,0.9846,0.93001,0.9
2025-03-26,1.01,1.04,0.99,1.0,39999.0,1.0440055,1.0701024003952029,-0.10031960470259516,38.01246632545549,0.030000000000000027,1.2747369545184832,0.8132740454815166,0.09141064285714284,86146.7,15518156.0,0.9878,0.9879,0.97
2025-03-27,1.0,1.0,0.91,0.95,52783.0,1.0280055000000001,1.0586640765480406,-0.098002408696102,38.525607414673026,0.010000000000000009,1.2360132374547808,0.8199977625452194,0.09118921428571428,83328.85,15465373.0,1.0,1.06,0.94
2025-03-28,0.95,0.9512,0.7991,0.8573,158204.0,1.0088705,1.0394865454482272,-0.10246497696798218,46.06928287439471,-0.0727000000000001,1.2048270068258073,0.8129139931741927,0.08393921428571427,88044.0,15307169.0,0.95,0.9938,0.93
2025-03-31,0.75,0.838,0.75,0.75,70021.0,0.9883705,1.0119163982626818,-0.11335314325543255,39.59460507460741,-0.25,1.202681555143794,0.774059444856206,0.08308214285714285,83860.0,15237148.0,0.8573,0.9846,1.0
2025-04-01,0.7125,0.845,0.6152,0.7701,97623.0,0.9683755,0.9888862650948073,-0.11898856535237623,35.101656791940144,-0.15991,1.1859315763017055,0.7508194236982942,0.09449642857142858,79355.25,15334771.0,0.75,0.9878,0.93001
2025-04-02,0.7635,0.8049,0.7359,0.7605,63662.0,0.9489005,0.9671351922286351,-0.12281359901405697,36.2024958387115,-0.22740000000000005,1.1677298360950343,0.7300711639049656,0.094225,80153.65,15271109.0,0.7701,1.0,0.9879
2025-04-03,0.715,0.7605,0.6615,0.73,42764.0,0.9264005000000001,0.9445508882068603,-0.12684388351806253,35.09642539069725,-0.33000000000000007,1.1375852642506035,0.7152157357493968,0.097175,79618.0,15228345.0,0.7605,0.95,1.06
2025-04-04,0.6967,0.7605,0.601301,0.6736,137273.0,0.9040805000000001,0.9187460417109689,-0.13305514478452785,25.17417573939204,-0.32020000000000004,1.1233179106065787,0.6848430893934215,0.10354635714285713,83528.8,15091072.0,0.73,0.8573,0.9938
2025-04-07,0.6534,0.6679,0.6156,0.62,121060.0,0.8897805,0.8902940377384956,-0.1406810031011656,25.817874909982606,-0.36460000000000004,1.1431440609138597,0.6364169390861403,0.10228207142857142,71457.15,14970012.0,0.6736,0.75,0.9846
2025-04-08,0.6227,0.72,0.5802,0.596,129771.0,0.8745804999999999,0.8622660341443531,-0.1469670060204552,17.723603610392928,-0.39180000000000004,1.1598316139311309,0.5893293860688689,0.10769992857142856,74439.85,14840241.0,0.62,0.7701,0.9878
2025-04-09,0.5919,0.676,0.575,0.625,106778.0,0.8573305,0.8396692689877481,-0.14790370909373973,11.436169928889399,-0.375,1.1595096854251614,0.5551513145748386,0.10904992857142858,77929.5,14947019.0,0.596,0.7605,1.0
2025-04-10,0.62,0.6688,0.615,0.63,37029.0,0.8418305,0.8197007671793911,-0.1465532205147605,13.822593091654127,-0.31999999999999995,1.1576496172824347,0.5260113827175654,0.10449278571428569,78083.3,14984048.0,0.625,0.73,0.95
2025-04-11,0.6499,0.66,0.63,0.66,22910.0,0.8283305000000001,0.8044911703051634,-0.14143186085299897,19.00305525965858,-0.19729999999999992,1.1512828724035111,0.505378127596489,0.09734992857142857,77172.55,15006958.0,0.63,0.6736,0.8573
2025-04-14,0.66,0.66,0.63,0.6426,51431.0,0.8104604999999999,0.7890729636094336,-0.1371956746695332,17.906284398125734,-0.10740000000000005,1.1329688528563384,0.4879521471436613,0.09599992857142856,75629.8,14955527.0,0.66,0.62,0.75
2025-04-15,0.64,0.64,0.606,0.6171,66442.0,0.794815,0.7726945861228208,-0.1343474299426637,15.260387926609653,-0.15300000000000002,1.12321009115506,0.46641990884494017,0.09485707142857144,77729.95,14889085.0,0.6426,0.596,0.7701
2025-04-16,0.6,0.6085,0.5628,0.589,33072.0,0.7748700000000001,0.7551998636349331,-0.13282646977269297,15.891911900062809,-0.17149999999999999,1.1023412625399012,0.447398737460099,0.09169278571428571,75776.35,14856013.0,0.6171,0.625,0.7605
2025-04-17,0.6,0.6,0.57,0.5917,27708.0,0.751455,0.7396284480506538,-0.1299057577332834,19.763205198804954,-0.13829999999999998,1.059475733922765,0.443434266077235,0.08297135714285717,72269.75,14883721.0,0.589,0.63,0.73
2025-04-21,0.56,0.58,0.5317,0.5359,113004.0,0.72856,0.7202257387124963,-0.13058832513564578,22.388443865261266,-0.13769999999999993,1.028705195740859,0.4284148042591409,0.08013564285714285,74500.6,14770717.0,0.5917,0.66,0.6736
2025-04-22,0.5656,0.5656,0.520251,0.5488,54770.0,0.7067699999999999,0.7038994778827348,-0.1286058542954951,20.91984154302817,-0.07120000000000004,0.9915321360105058,0.422007863989494,0.06696057142857144,74253.2,14825487.0,0.5359,0.6426,0.62
2025-04-23,0.53,0.5929,0.53,0.5801,75665.0,0.6863849999999999,0.6921090514177124,-0.12309017652277887,27.57334563394619,-0.015900000000000025,0.9434663778594392,0.42930362214056056,0.06652485714285715,75098.45,14901152.0,0.5488,0.6171,0.596
2025-04-24,0.6001,0.627999,0.5606,0.618,50326.0,0.6672849999999999,0.6850510465207874,-0.11434267768064754,36.32812375831609,-0.007000000000000006,0.8790233715815403,0.4555466284184595,0.06426764285714286,75614.8,14951478.0,0.5801,0.589,0.625
2025-04-25,0.62,0.65,0.6005,0.6199,44111.0,0.6507799999999999,0.6788461849473791,-0.10603460676238907,42.43874797481704,-0.010099999999999998,0.816103715622928,0.4854562843770718,0.056432,75181.2,14995589.0,0.618,0.5917,0.63
2025-04-28,0.6,0.6299,0.5744,0.61,29977.0,0.638415,0.6722894054285812,-0.0991068063932421,48.394345929605514,-0.050000000000000044,0.7727996055563234,0.5040303944436765,0.056660571428571435,68769.85,14965612.0,0.6199,0.5359,0.66
2025-04-29,0.59,0.59,0.57,0.576,16411.0,0.6297149999999999,0.6631189858639543,-0.09526187098843175,46.888610278654184,-0.06659999999999999,0.7559661494476164,0.5034638505523834,0.04810342857142858,66089.35,14949201.0,0.61,0.5488,0.6426
2025-04-30,0.57,0.57,0.55,0.565,26237.0,0.61946,0.6537743205435778,-0.09204134471983771,40.11206143187586,-0.052100000000000035,0.730045720977949,0.5088742790220511,0.042317714285714285,62520.05,14922964.0,0.576,0.5801,0.6171
2025-05-01,0.6,0.6,0.56,0.5651,33471.0,0.60969,0.6453291471584751,-0.08846125895703771,39.12897638926076,-0.02389999999999992,0.7005830869932367,0.5187969130067632,0.041331999999999994,61010.5,14956435.0,0.565,0.618,0.589
2025-05-02,0.5555,0.6475,0.55,0.5651,59648.0,0.601445,0.6376882760005251,-0.08464824294393769,32.32774505553658,-0.026599999999999957,0.6745657357731181,0.528324264226882,0.04615342857142856,61854.7,14956435.0,0.5651,0.6199,0.5917
2025-05-05,0.53,0.562,0.53,0.54,61565.0,0.594765,0.6283846306671418,-0.08269846409670623,31.42650094145182,0.0040999999999999925,0.6644609494405749,0.5250690505594251,0.0462962857142857,58069.3,14894870.0,0.5651,0.61,0.5359
2025-05-06,0.55,0.61,0.5401,0.545,62522.0,0.591015,0.6204432372702712,-0.07982956654862794,35.90144504254897,-0.0037999999999999146,0.6630263229400838,0.5190036770599161,0.04886057142857141,55142.4,14957392.0,0.54,0.576,0.5488
2025-05-07,0.53,0.5499,0.53,0.5338,14898.0,0.5879049999999999,0.6121915003873882,-0.07756556343775611,38.44220880154557,-0.0462999999999999,0.6642518670297952,0.5115581329702046,0.04701771428571427,49398.75,14942494.0,0.545,0.565,0.5801
2025-05-08,0.5402,0.5976,0.5402,0.5976,26035.0,0.586535,0.6108018336838275,-0.06981837509234068,50.98365884037606,-0.020399999999999974,0.6610402813387782,0.5120297186612218,0.04897485714285712,45361.6,14968529.0,0.5338,0.5651,0.618
2025-05-09,0.5976,0.6653,0.5976,0.615,55269.0,0.585785,0.6112016590472724,-0.061564955447444336,65.12427949621447,-0.0049000000000000155,0.658733757068896,0.512836242931104,0.05036057142857141,46273.6,15023798.0,0.5976,0.5651,0.6199
2025-05-12,0.62,0.6385,0.6,0.6385,44376.0,0.5847100000000001,0.6138015010427703,-0.05252236221628692,66.48290727394081,0.02849999999999997,0.6535731258749211,0.515846874125079,0.04987135714285712,47346.9,15068174.0,0.615,0.54,0.61
2025-05-13,0.65,0.6814,0.6004,0.6757,78432.0,0.586365,0.6196965961815541,-0.04187164259396947,67.1942412204339,0.09970000000000001,0.6623127181667686,0.5104172818332314,0.051164214285714264,48696.95,15146606.0,0.6385,0.545,0.576
2025-05-14,0.68,0.69,0.66,0.6752,32068.0,0.58927,0.6249826346404538,-0.03308977801700874,61.88694569236392,0.11020000000000008,0.674093658566662,0.5044463414333379,0.048492857142857115,46978.25,15114538.0,0.6757,0.5338,0.565
2025-05-15,0.659,0.659,0.5302,0.5567,200146.0,0.587655,0.6184795265794581,-0.03528529975281436,41.15341384057169,-0.008400000000000074,0.6737211550938211,0.5015888449061789,0.054157142857142834,55331.95,14914392.0,0.6752,0.5976,0.5651
2025-05-16,0.59,0.59,0.53,0.534,63958.0,0.58477,0.6104338573814145,-0.03841415239764423,39.729728226442724,-0.031100000000000017,0.6740726810465807,0.4954673189534193,0.0544785714285714,57144.45,14850434.0,0.5567,0.615,0.5651
2025-05-19,0.5321,0.58,0.5221,0.58,275495.0,0.586975,0.6075353947736608,-0.03675824888692536,50.52355835777536,0.039999999999999925,0.6733259820747004,0.5006240179252996,0.05718571428571425,65269.0,15125929.0,0.534,0.6385,0.54
2025-05-20,0.56,0.62,0.548249,0.6101,117028.0,0.59004,0.607779642890455,-0.03264085156215213,55.622037450240526,0.06509999999999994,0.6750265475423022,0.5050534524576978,0.06088221428571426,68381.9,15242957.0,0.58,0.6757,0.545
2025-05-21,0.61,0.61,0.53,0.5371,132231.0,0.58789,0.6010482483294594,-0.034866356774228335,47.04641211255322,0.0032999999999999696,0.6760516672877133,0.4997283327122868,0.06373935714285713,71210.2,15110726.0,0.6101,0.6752,0.5338
2025-05-22,0.5301,0.5325,0.512563,0.5301,43895.0,0.583495,0.5942912722980823,-0.036771053373157225,46.36174501234006,-0.0675,0.6740674827504525,0.4929225172495475,0.05819914285714284,70888.65,15066831.0,0.5371,0.5567,0.5976
2025-05-23,0.55,0.55,0.53,0.544,21434.0,0.5797000000000001,0.5895016273173126,-0.03673546178117093,50.42571156670932,-0.07099999999999995,0.6702102727522476,0.4891897272477525,0.05734199999999998,69754.8,15088265.0,0.5301,0.534,0.615
2025-05-27,0.55,0.5621,0.5383,0.56045,29236.0,0.5772225,0.5867348056680447,-0.03497668817740773,51.60519330395282,-0.07804999999999995,0.666949844157039,0.487495155842961,0.054049142857142844,69717.75,15117501.0,0.544,0.58,0.6385
2025-05-28,0.5383,0.6002,0.5383,0.5819,9022148.0,0.5775175000000001,0.5862743479853738,-0.03148902580206725,54.89318256662349,-0.0938,0.6672667136016095,0.48776828639839076,0.05704914285714284,520004.6,24139649.0,0.56045,0.6101,0.6757
2025-05-29,0.6688,0.7747,0.6252,0.738,37783680.0,0.5861675,0.6007244100820048,-0.015945255840737027,62.02466449409848,0.06279999999999997,0.7007490006424498,0.47158599935755,0.06362771428571427,2407876.75,61923329.0,0.5819,0.5371,0.6752
2025-05-30,0.6799,0.7255,0.6439,0.6597,925159.0,0.5908975,0.6063411329313377,-0.009831530020996904,53.466727549970244,0.10299999999999998,0.7095549923888166,0.47224000761118334,0.06462057142857142,2452461.15,60998170.0,0.738,0.5301,0.5567
2025-06-02,0.6,0.63505,0.58,0.602,447928.0,0.5927425,0.6059276916997818,-0.009532382669109385,47.31182698134398,0.06799999999999995,0.7108573204747887,0.4746276795252113,0.06580271428571428,2471875.15,60550242.0,0.6597,0.544,0.534
2025-06-03,0.5839,0.65,0.58,0.5805,422372.0,0.5947675,0.6035060067759931,-0.010904476536786056,42.8226770212342,0.000500000000000056,0.7104384228576436,0.47909657714235643,0.065017,2489915.5,60127870.0,0.602,0.56045,0.58
2025-06-04,0.5976,0.6029,0.5505,0.5709,275804.0,0.5960625,0.6004006727973271,-0.012621023281697563,42.24304537943977,-0.03920000000000001,0.7099536616875006,0.4821713383124994,0.06661700000000001,2500579.6,59852066.0,0.5805,0.5819,0.6101
2025-06-05,0.56,0.5748,0.525,0.5455,129884.0,0.5966475,0.5951720372928198,-0.015848277588603188,49.03314798607722,0.008399999999999963,0.7093056109982158,0.48398938900178423,0.06097414285714286,2506328.9,59722182.0,0.5709,0.738,0.5371
2025-06-06,0.5586,0.579,0.54,0.5789,127210.0,0.5957125,0.5936223194554083,-0.015531758568787413,53.805728507746736,0.048799999999999955,0.7086473851749351,0.48277761482506487,0.05947414285714286,2511387.65,59849392.0,0.5455,0.6597,0.5301
2025-06-09,0.5694,0.5773,0.55,0.5565,102449.0,0.5927875,0.5900868604596552,-0.01689366807099668,47.92512683921636,0.012499999999999956,0.70664555509725,0.47892944490275,0.057288428571428573,2513746.65,59746943.0,0.5789,0.602,0.544
2025-06-10,0.56,0.5717,0.5415,0.5674,153797.0,0.5892324999999999,0.5879262070825452,-0.016898655081890035,46.09760437695767,0.006950000000000012,0.7015098833672283,0.47695511663277157,0.0543205,2519217.7,59900740.0,0.5565,0.5805,0.56045
2025-06-11,0.5584,0.5642,0.540001,0.551,66429.0,0.5829975,0.5844094254556361,-0.018018247126528553,51.41692004110728,-0.030899999999999928,0.6887151899751706,0.47727981002482933,0.050334714285714295,2518617.55,59834311.0,0.5674,0.5709,0.5819
2025-06-12,0.55,0.565,0.5421,0.545,122489.0,0.5764875,0.5806561468408137,-0.019168716709917377,51.52195971132291,-0.19299999999999995,0.6740169820473436,0.4789580179526564,0.05054635714285715,2523138.6,59711822.0,0.551,0.5455,0.738
2025-06-13,0.53,0.53,0.5011,0.5125,178838.0,0.5742775,0.5741650852369267,-0.022444227446647425,46.900215200545134,-0.1472,0.6756233615726207,0.4729316384273793,0.05118207142857144,2522073.2,59532984.0,0.545,0.5789,0.6597
2025-06-16,0.52,0.52,0.5011,0.51162,90755.0,0.5731585000000001,0.5682084104524575,-0.024824935545833204,45.04294026637735,-0.09038000000000002,0.6768440717060098,0.46947292829399045,0.050832071428571435,2523413.05,59442229.0,0.5125,0.5565,0.602
2025-06-17,0.51,0.512,0.49,0.498,139324.0,0.5690585,0.561521895171271,-0.027493753167179946,41.345160761641736,-0.08250000000000002,0.6779588488999387,0.46015815110006136,0.047982071428571436,2516604.5,59302905.0,0.51162,0.5674,0.5805
2025-06-18,0.5079,0.5293,0.49,0.5,49783.0,0.5635535,0.5556626670597214,-0.02911184386006216,14.00483909235406,-0.07089999999999996,0.6748238484926972,0.4522831515073029,0.040110642857142866,2513242.25,59352688.0,0.498,0.551,0.5709
2025-06-20,0.5,0.528,0.5,0.528,106330.0,0.5630985,0.5530281273397479,-0.027814201595396493,26.507312268632305,-0.01749999999999996,0.6748974764146812,0.4512995235853186,0.036282071428571434,2511947.2,59459018.0,0.5,0.545,0.5455
2025-06-23,0.53,0.55,0.5116,0.539,137914.0,0.5635435,0.5516921152121529,-0.025603066469571334,36.515408770480654,-0.039899999999999936,0.6748592472711222,0.4522277527288777,0.035092785714285715,2516648.15,59596932.0,0.528,0.5125,0.5789
2025-06-24,0.5473,0.5473,0.532565,0.5398,70275.0,0.5633334999999999,0.5505595328109955,-0.023515105143416926,40.44151918186344,-0.016700000000000048,0.6748202020203327,0.45184679797966715,0.031145285714285716,2519090.2,59667207.0,0.539,0.51162,0.5565
2025-06-25,0.5447,0.55,0.5275,0.55,71235.0,0.5628110000000001,0.550506243971853,-0.020797584387672874,45.10538345913178,-0.01739999999999997,0.6744524467273265,0.4511695532726736,0.029009571428571437,2521190.15,59738442.0,0.5398,0.498,0.5674
2025-06-26,0.5396,0.55,0.51,0.5299,107723.0,0.560211,0.5485437445459622,-0.020034881979182018,46.253599195243105,-0.021100000000000008,0.6724013025924769,0.44802069740752315,0.02830957142857144,2075468.9,59630719.0,0.55,0.5,0.551
2025-06-27,0.514,0.5296,0.51,0.515,169205.0,0.549061,0.5453491022082515,-0.02039760935738233,33.157614843402186,-0.030000000000000027,0.6254744322444061,0.47264756775559386,0.02692385714285716,194745.15,59461514.0,0.5299,0.528,0.545
2025-06-30,0.51,0.5199,0.485,0.4899,159311.0,0.540571,0.5400682353312751,-0.022451625287796984,32.69230531344972,-0.022599999999999953,0.6013600980184503,0.47978190198154974,0.027466714285714306,156452.75,59302203.0,0.515,0.539,0.5125
2025-07-01,0.48,0.4849,0.3909,0.4199,484260.0,0.531466,0.5286236414902014,-0.029389083634557278,20.6759431830489,-0.09171999999999997,0.6064153741837003,0.4565166258162997,0.03202385714285716,158269.35,58817943.0,0.4899,0.5398,0.51162
2025-07-02,0.4302,0.4443,0.4,0.425701,233476.0,0.5237260499999999,0.5188214851578012,-0.03402673808134027,23.993672355401543,-0.072299,0.6086612659669938,0.4387908340330061,0.03345964285714286,148824.55,59051419.0,0.4199,0.55,0.498
2025-07-03,0.43,0.499,0.4259,0.4573,102121.0,0.5180460499999999,0.5129622960951535,-0.03475174098886147,33.545964466628504,-0.042700000000000016,0.604871037173484,0.4312210628265159,0.03704535714285716,140140.4,59153540.0,0.425701,0.5299,0.5
2025-07-07,0.45,0.45,0.4232,0.43,93003.0,0.5122710500000001,0.5050611250384722,-0.03710150975129145,34.21354581328113,-0.09800000000000003,0.6064596876418811,0.4180824123581191,0.03689535714285715,138296.35,59060537.0,0.4573,0.515,0.528
2025-07-08,0.426,0.47,0.426,0.47,113155.0,0.50682605,0.5017219702729034,-0.03532880425460505,43.07302908254308,-0.06900000000000006,0.5973148822611771,0.41633721773882293,0.03868821428571429,137593.6,59173692.0,0.43,0.4899,0.539
2025-07-09,0.47,0.47505,0.4447,0.468,88835.0,0.50240105,0.49851035405643646,-0.03369686913036807,44.80609201078502,-0.07179999999999992,0.5913036400741153,0.4134984599258848,0.03928464285714286,136912.9,59084857.0,0.47,0.4199,0.5398
2025-07-10,0.4511,0.46614,0.45,0.465,22402.0,0.49728105000000006,0.49531889176534727,-0.032273593815021484,43.96135053326809,-0.08500000000000002,0.5821240902430019,0.4124380097569981,0.03763035714285715,130343.15,59062455.0,0.468,0.425701,0.55
2025-07-11,0.455,0.4853,0.4501,0.4602,49062.0,0.49274105000000007,0.4919742354067428,-0.031173607812228277,37.28431912235383,-0.06970000000000004,0.5751637968589886,0.4103183031410116,0.038144642857142856,129474.8,59013393.0,0.465,0.4573,0.5299
2025-07-14,0.4749,0.4939,0.4602,0.469,84665.0,0.48894105000000004,0.489786212987053,-0.02925454632500024,36.76247914268263,-0.04600000000000004,0.568164927712347,0.40971717228765314,0.03780892857142858,127583.6,59098058.0,0.4602,0.43,0.515
2025-07-15,0.48,0.4839,0.4443,0.4497,55407.0,0.48580104999999996,0.4859684784168575,-0.028957224119052383,34.07564341796039,-0.040200000000000014,0.5660646318039004,0.4055374681960995,0.039584999999999995,121412.05,59042651.0,0.469,0.47,0.4899
2025-07-16,0.459,0.473125,0.445042,0.4599,44165.0,0.4832150500000001,0.4834857661866806,-0.02758060730106987,34.075643417960364,0.03999999999999998,0.5633086143264661,0.4031214856735342,0.039983785714285715,119082.55,59086816.0,0.4497,0.468,0.4199
