Date,Open,High,Low,Close,Volume,SMA_20,EMA_20,MACD,RSI_14,Momentum_10,Bollinger_Upper,Bollinger_Lower,ATR_14,Volume_MA_20,OBV,Lag_1,Lag_5,Lag_10
2023-08-14,6.501,6.652,6.475,6.49,36218.4,7.45875,7.359685525762335,-0.1733500196628004,44.99246976093852,-1.17,8.824893226674813,6.092606773325186,0.7854285714285716,70699.17,-271167.39999999997,6.592,7.771,7.66
2023-08-15,6.3,6.475,5.999,6.197,49986.7,7.3713999999999995,7.248953570927827,-0.21972339338111802,41.299981636260775,-1.2560000000000002,8.827356534920924,5.915443465079075,0.7758571428571431,71460.115,-321154.1,6.49,7.348,7.453
2023-08-16,6.17,6.25,5.82,5.89,23789.8,7.2559,7.119529421315653,-0.27360048687381866,42.2408962481097,-1.487,8.798983570408017,5.712816429591982,0.670857142857143,68563.735,-344943.89999999997,6.197,6.63,7.377
2023-08-17,5.874,6.15,5.8,6.04,33067.5,7.1399,7.016717095476067,-0.3019504488506941,37.18521516641085,-2.6599999999999993,8.68231872941238,5.597481270587619,0.6452142857142861,67761.84,-311876.39999999997,5.89,6.612,8.7
2023-08-18,5.75,6.027,5.75,5.8,26942.3,7.0269,6.9008392768592985,-0.3369045072507397,30.649188425075195,-2.7570000000000006,8.615933589125296,5.437866410874705,0.6296428571428574,67764.545,-338818.69999999995,6.04,6.592,8.557
2023-08-21,5.8,5.886,5.511,5.595,38239.2,6.94535,6.776473631444127,-0.37437327798625386,30.661948286996804,-2.176,8.654247493153191,5.23645250684681,0.6117857142857145,65376.384999999995,-377057.89999999997,5.8,6.49,7.771
2023-08-22,5.711,6.52,5.679,6.2,70937.5,6.904249999999999,6.721571380830401,-0.3566724667143184,38.96493520616743,-1.1479999999999997,8.644634576375061,5.163865423624936,0.6107857142857144,66979.23999999999,-306120.39999999997,5.595,6.197,7.348
2023-08-23,6.2,6.33,6.0844,6.2,25182.5,6.856750000000001,6.67189791598941,-0.3387132556503767,18.827930108830188,-0.4299999999999997,8.620591963919729,5.092908036080272,0.501757142857143,65002.77,-306120.39999999997,6.2,5.89,6.63
2023-08-24,6.3,6.3,6.09,6.2,21472.8,6.8307,6.626955257323752,-0.32076206937674456,19.524178879405625,-0.4119999999999999,8.61821389836334,5.043186101636661,0.4560428571428573,58147.36,-306120.39999999997,6.2,6.04,6.612
2023-08-25,6.2,6.475,6.1,6.3,15572.5,6.7806000000000015,6.595816661388157,-0.2958170629033283,26.878340026313495,-0.2919999999999998,8.568662568079882,4.9925374319201214,0.40925714285714293,55923.090000000004,-290547.89999999997,6.2,5.8,6.592
2023-08-28,6.26,6.5,6.1,6.27,20211.0,6.7111,6.564786503160713,-0.2750889820345135,30.66714475274749,-0.22000000000000064,8.462929708138262,4.959270291861739,0.4021142857142858,54693.865000000005,-310758.89999999997,6.3,5.595,6.49
2023-08-29,6.12,6.45,6.1,6.2,20276.4,6.6484499999999995,6.530044931431121,-0.26083213839073505,39.95327076666085,0.0030000000000001137,8.378044838470313,4.918855161529685,0.37182857142857156,52818.83,-331035.3,6.27,6.2,6.197
2023-08-30,6.124,6.75,6.124,6.71,37335.9,6.6151,6.547183509390062,-0.20913403223033722,51.86170185179946,0.8200000000000003,8.31093860950082,4.919261390499179,0.39511428571428586,51231.925,-293699.39999999997,6.2,6.2,5.89
2023-08-31,6.607,6.95,6.25,6.355,42937.6,6.49785,6.5288803180195805,-0.19259825095234362,46.00606651699194,0.3150000000000004,7.882447114116971,5.113252885883028,0.4166142857142859,40697.005,-336636.99999999994,6.71,6.2,6.04
2023-09-01,6.562,6.58,6.3,6.3,38638.8,6.385,6.507082192493906,-0.1815429997901976,46.74657511833834,0.5,7.374482799510082,5.395517200489918,0.4239714285714287,39264.185000000005,-375275.79999999993,6.355,6.3,5.8
2023-09-05,6.298,6.349,5.82,5.82,37178.3,6.28745,6.441645793208772,-0.20673023879964791,43.93305419534511,0.22500000000000053,7.063203752301926,5.511696247698073,0.427757142857143,38042.56999999999,-412454.0999999999,6.3,6.27,5.595
2023-09-06,5.8,5.909,5.441,5.5,66630.7,6.19505,6.351965241474603,-0.24811601702673158,43.74999980368591,-0.7000000000000002,6.872984471293807,5.517115528706193,0.4304714285714287,38646.85,-479084.79999999993,5.82,6.2,6.2
2023-09-07,5.43,5.445,4.8,4.84,129753.1,6.10555,6.207968551810355,-0.32749139620642964,33.47107425107575,-1.3600000000000003,6.984526791502479,5.226573208497521,0.4515428571428573,40711.28,-608837.8999999999,5.5,6.71,6.2
2023-09-08,4.95,5.2,4.811,5.0,60102.4,6.02495,6.092923927828417,-0.3737039326164924,38.732394213449716,-1.2000000000000002,6.998891849555599,5.0510081504444,0.4595428571428573,41623.14,-548735.4999999999,4.84,6.355,6.2
2023-09-11,4.849,4.968,4.51,4.58,112319.4,5.92435,5.948835934701901,-0.4375504582928116,36.52058419354896,-1.7199999999999998,7.054752867169602,4.7939471328303975,0.4654714285714287,45339.64,-661054.8999999999,5.0,6.3,6.3
2023-09-12,4.709,5.14,4.569,4.924,50093.0,5.84605,5.8512325123493385,-0.45622267954284634,31.792237315898603,-1.3459999999999992,7.027282447377244,4.664817552622756,0.44618571428571446,46033.369999999995,-610961.8999999999,4.58,5.82,6.27
2023-09-13,5.0,5.01,4.605,4.605,56364.0,5.76645,5.732543701649401,-0.49005278223582227,29.139419197501468,-1.5949999999999998,7.057556335055732,4.475343664944267,0.4575714285714287,46352.235,-667325.8999999999,4.924,5.5,6.2
2023-09-14,4.65,5.034,4.6,4.73,61873.6,5.70845,5.637063349111363,-0.5013100371034191,31.3829786121171,-1.9799999999999995,7.078023345012385,4.338876654987615,0.4735714285714287,48256.425,-605452.2999999999,4.605,4.84,6.71
2023-09-15,4.73,4.84,4.449,4.449,142856.2,5.6289,5.523914458719805,-0.5260378965764039,27.585371667184504,-1.9060000000000006,7.098554295189318,4.159245704810681,0.4747142857142858,53745.86,-748308.5,4.73,5.0,6.355
2023-09-18,4.5,4.59,4.1,4.104,114280.8,5.544099999999999,5.388684510270299,-0.5660342473244873,25.630062925557866,-2.1959999999999997,7.1605725598791015,3.9276274401208973,0.48114285714285726,58112.784999999996,-862589.3,4.449,4.58,6.3
2023-09-19,4.2,4.378,3.85,3.998,86529.6,5.46425,5.256238366435033,-0.5990823773464564,25.424107063406822,-1.822,7.2217593471339345,3.706740652866065,0.49385714285714294,60527.30500000001,-949118.9,4.104,4.924,5.82
2023-09-20,4.0,4.624,4.0,4.208,86443.1,5.36465,5.156406141060268,-0.6018022874263504,20.071770267702206,-1.2919999999999998,7.171678299082282,3.5576217009177187,0.49371428571428577,61302.58500000001,-862675.8,3.998,4.605,5.5
2023-09-21,4.23,4.25,3.9,4.0,72396.9,5.25465,5.046272222864052,-0.6132260459718655,20.80337210730295,-0.8399999999999999,7.114637467416745,3.3946625325832542,0.46871428571428575,63663.30500000001,-935072.7000000001,4.208,4.73,4.84
2023-09-22,4.1,4.1,3.915,3.952,42577.3,5.14225,4.942055820686523,-0.6188988745641675,20.839542898223158,-1.048,7.033137497001284,3.251362502998716,0.4619285714285714,64718.530000000006,-977650.0000000001,4.0,4.449,5.0
2023-09-25,3.963,4.17,3.919,3.919,26478.9,5.0232,4.8446219330020925,-0.6188405913675625,23.44230222738412,-0.661,6.9069762298666255,3.139423770133375,0.44207142857142856,65263.85,-1004128.9000000001,3.952,4.104,4.58
2023-09-26,4.034,4.074,3.86,3.879,36537.1,4.903650000000001,4.752657939382845,-0.6148477986553189,25.43194896755159,-1.0450000000000004,6.757508028402842,3.049791971597159,0.4239285714285714,66080.155,-1040666.0000000001,3.919,3.998,4.924
2023-09-27,3.878,4.1,3.802,4.07,47830.9,4.79715,4.68764289753686,-0.5897355106123507,36.3957595372648,-0.5350000000000001,6.580839526323395,3.0134604736766057,0.3991428571428571,67457.87999999999,-992835.1000000001,3.879,4.208,4.605
2023-09-28,4.103,4.15,4.0,4.0,22257.5,4.66165,4.622153097771445,-0.5688162758925568,31.75182465528266,-0.7300000000000004,6.232543312736413,3.0907566872635863,0.38207142857142845,66703.95999999999,-1015092.6000000001,4.07,4.0,4.73
2023-09-29,4.0,4.425,4.0,4.2,32328.2,4.5539000000000005,4.581948040840832,-0.530228219272967,42.46031722442682,-0.24899999999999967,5.917724946322111,3.19007505367789,0.3797142857142856,66173.48999999999,-982764.4000000001,4.0,3.952,4.449
2023-10-02,4.5,4.649,4.2,4.249,43587.6,4.45135,4.550238703617896,-0.4900936340022861,34.83146045499305,0.14499999999999957,5.543798389723975,3.3589016102760247,0.37099999999999994,66420.93000000001,-939176.8000000002,4.2,3.919,4.104
2023-10-03,4.211,4.287,4.005,4.045,17846.2,4.3626000000000005,4.502120731844763,-0.4691126183420753,36.72985757619998,0.04699999999999971,5.257408747575045,3.467791252424956,0.3622142857142857,65454.325,-957023.0000000001,4.249,3.879,3.998
2023-10-04,4.045,4.1,3.95,4.08,23108.1,4.291600000000001,4.461918757383357,-0.4445636704856506,33.910890854082936,-0.1280000000000001,5.015421263194588,3.5677787368054137,0.34192857142857136,63278.19500000001,-933914.9000000001,4.045,4.07,4.208
2023-10-05,4.0,4.094,3.92,3.92,26152.9,4.2456000000000005,4.41030744715637,-0.43287383902687715,36.071616374406204,-0.08000000000000007,4.938971746574191,3.5522282534258096,0.32642857142857135,58098.185,-960067.8000000002,4.08,4.0,4.0
2023-10-06,4.0,4.375,3.92,4.122,51764.1,4.201700000000001,4.382849595046239,-0.4028335479649261,50.512528071084624,0.16999999999999993,4.79840043617069,3.604999563829312,0.3239285714285713,57681.270000000004,-908303.7000000002,3.92,4.2,3.952
2023-10-09,4.2,4.294,4.0,4.21,24881.5,4.1832,4.366387728851359,-0.36775271590425884,56.09896387492203,0.2909999999999999,4.75284572554488,3.61355427445512,0.3072142857142856,53309.375,-883422.2000000002,4.122,4.249,3.919
2023-10-10,4.089,4.5474,4.089,4.305,33354.9,4.1522499999999996,4.360541278484563,-0.3285654640690119,52.9882928269648,0.4259999999999997,4.608377809881552,3.696122190118447,0.29538571428571414,52472.469999999994,-850067.3000000002,4.21,4.045,3.879
2023-10-11,4.228,4.326,4.1,4.106,17790.9,4.1273,4.336299251962224,-0.3098572278203289,53.28376657622507,0.03599999999999959,4.53069511778479,3.7239048822152108,0.2865285714285713,50543.814999999995,-867858.2000000002,4.305,4.08,4.07
2023-10-12,4.1,4.1,3.86,3.978,48119.3,4.0897,4.302175513680107,-0.3017962954142357,50.767413984212645,-0.021999999999999797,4.381238279512354,3.7981617204876446,0.2904571428571427,49856.1,-915977.5000000002,4.106,3.92,4.0
2023-10-13,3.966,4.094,3.83,3.95,39404.4,4.06475,4.268634988567716,-0.29425544169286333,50.91770236065848,-0.25,4.308274018052413,3.8212259819475873,0.29138571428571414,44683.51,-955381.9000000003,3.978,4.122,4.2
2023-10-16,3.957,4.135,3.876,3.9,23608.9,4.054550000000001,4.23352689441841,-0.28895264444881974,50.61801017736777,-0.34899999999999975,4.308037236261196,3.801062763738806,0.29459999999999986,40149.915,-978990.8000000003,3.95,4.21,4.249
2023-10-17,3.911,4.16,3.902,3.95,31855.1,4.05215,4.206524333045228,-0.27753848732177655,46.1489084428211,-0.09499999999999975,4.308781027372952,3.7955189726270486,0.291742857142857,37416.19,-947135.7000000003,3.9,4.305,4.045
2023-10-18,4.0,4.05,3.81,3.81,22357.9,4.0322499999999994,4.168760110850444,-0.27653420834971776,44.164618784825144,-0.27,4.299501015457617,3.764998984542382,0.2981714285714285,34211.93000000001,-969493.6000000003,3.95,4.106,4.08
2023-10-19,3.801,3.874,3.451,3.5,67682.1,4.00725,4.10506867172183,-0.2971902480617401,29.861910001112335,-0.41999999999999993,4.365317841263827,3.649182158736173,0.29802857142857125,33976.19,-1037175.7000000003,3.81,3.978,3.92
2023-10-20,3.5,3.629,3.429,3.529,37517.4,3.9861000000000004,4.0502049887007034,-0.3076812577871446,29.045401393110822,-0.593,4.403039677575558,3.5691603224244424,0.28024285714285707,33723.195,-999658.3000000003,3.5,3.95,4.122
2023-10-23,3.59,3.59,3.461,3.484,23798.2,3.9643500000000005,3.996280704062541,-0.3159645300409757,32.00769695438888,-0.726,4.437608480614613,3.491091519385388,0.2693142857142856,33589.159999999996,-1023456.5000000002,3.529,3.9,4.21
2023-10-24,3.56,3.59,3.395,3.44,32761.6,3.9424,3.943301589389918,-0.32234575057750714,29.59183647048104,-0.8649999999999998,4.469935840638208,3.414864159361792,0.27252857142857134,33400.384999999995,-1056218.1000000003,3.484,3.95,4.305
2023-10-25,3.407,3.44,3.22,3.267,33120.8,3.9022499999999996,3.878891914209926,-0.3374154808119787,29.34851333910234,-0.839,4.505668289065646,3.2988317109343526,0.2758142857142856,32664.879999999997,-1089338.9000000004,3.44,3.81,4.106
2023-10-26,3.29,3.341,3.1,3.202,34070.2,3.86235,3.8144260176185045,-0.3505405105271695,18.144044145417865,-0.7760000000000002,4.539572586435886,3.185127413564114,0.26052857142857133,33255.515,-1123409.1000000003,3.267,3.5,3.978
2023-10-27,3.104,3.18,3.0,3.108,65519.2,3.80775,3.747147349273885,-0.36429952352522,11.999999884137935,-0.8420000000000001,4.543871807712171,3.071628192287829,0.2523857142857142,34915.065,-1188928.3000000003,3.202,3.529,3.95
2023-10-30,3.1,3.474,3.1,3.302,25366.8,3.7603999999999997,3.704752363628753,-0.35549784342882074,17.624273565694125,-0.5979999999999999,4.498840575950757,3.0219594240492427,0.24635714285714286,34004.025,-1163561.5000000002,3.108,3.484,3.9
2023-10-31,3.5,4.699,3.4,4.527,183698.3,3.7845,3.7830616623307765,-0.2471109602780226,58.174756965263455,0.577,4.590426860988711,2.978573139011288,0.323,42296.63,-979863.2000000002,3.302,3.44,3.95
2023-11-01,4.4,4.42,4.0,4.38,76728.8,3.7994999999999997,3.8399129325849883,-0.17107327073401102,57.748650420786,0.5699999999999998,4.639050130160547,2.959949869839452,0.33585714285714285,44977.66499999999,-1056592.0000000002,4.527,3.267,3.81
2023-11-02,4.341,5.99,4.222,5.208,198792.3,3.8638999999999997,3.9702069390054655,-0.043663739705603,68.53270449043669,1.7080000000000002,4.913653434709396,2.8141465652906037,0.4432857142857142,53609.634999999995,-857799.7000000002,4.38,3.202,3.5
2023-11-03,3.5,3.985,3.0,3.66,344010.3,3.8407999999999993,3.940663421004945,-0.06655032346773915,47.5470153994975,0.13100000000000023,4.88696625427267,2.794633745727329,0.4951428571428571,68221.94499999999,-1201810.0000000002,5.208,3.108,3.529
2023-11-06,3.617,3.649,3.4,3.447,73204.6,3.80265,3.893647857099712,-0.10067756076424317,45.02472786738947,-0.03699999999999992,4.8477754822671635,2.7575245177328362,0.4945,70638.1,-1275014.6000000003,3.66,3.302,3.484
2023-11-07,3.19,3.369,3.11,3.193,120422.0,3.7470499999999993,3.8269194897568823,-0.1464892615304234,44.0317274876293,-0.2469999999999999,4.797949860019703,2.696150139980296,0.4958571428571429,74991.455,-1395436.6000000003,3.447,4.527,3.44
2023-11-08,3.23,3.3,3.109,3.139,56974.0,3.6987,3.7614033478752744,-0.18501071220411802,46.326073550058,-0.1280000000000001,4.7688677389426575,2.6285322610573427,0.4792857142857142,76950.61,-1452410.6000000003,3.193,4.38,3.267
2023-11-09,3.1,3.139,2.8,2.801,109687.6,3.6398500000000005,3.6699363623633436,-0.239999162398425,43.02949050126142,-0.4009999999999998,4.772947343335354,2.5067526566646468,0.4892142857142857,80029.025,-1562098.2000000004,3.139,5.208,3.202
2023-11-10,2.8,2.815,2.5,2.62,134664.8,3.57335,3.5699424230906445,-0.29476085446814215,41.93728992401605,-0.488,4.7833109867568595,2.36338901324314,0.5025000000000001,84792.045,-1696763.0000000005,2.801,3.66,3.108
2023-11-13,2.6,2.8,2.505,2.506,73969.0,3.5036499999999995,3.468614573272488,-0.34338547228337646,41.39646267878584,-0.7960000000000003,4.79241934770303,2.2148806522969693,0.5096428571428572,87310.05,-1770732.0000000005,2.62,3.447,3.302
2023-11-14,2.54,2.74,2.505,2.563,115279.7,3.4342999999999995,3.3823655662941556,-0.37302602145897135,43.373493861590944,-1.964,4.770343349438516,2.098256650561483,0.5107142857142858,91481.28,-1655452.3000000005,2.506,3.193,4.527
2023-11-15,2.6,2.7079,2.517,2.571,71660.3,3.37235,3.305092655218522,-0.3913590474174975,43.99619398364478,-1.8089999999999997,4.749317419252957,1.9953825807470422,0.5071357142857142,93946.4,-1583792.0000000005,2.563,3.139,4.38
2023-11-16,2.66,2.665,2.529,2.539,90666.8,3.3243,3.2321314499596148,-0.4038113249752926,44.521471091218835,-2.669,4.748762092381372,1.899837907618628,0.5039928571428572,95095.635,-1674458.8000000005,2.571,2.801,5.208
2023-11-17,2.51,2.535,2.365,2.365,170450.8,3.2661000000000002,3.1495475023444133,-0.4228301961597194,40.94335964175391,-1.295,4.749254376746768,1.7829456232532328,0.4894214285714286,101742.30500000001,-1844909.6000000006,2.539,2.62,3.66
2023-11-20,2.4,2.45,2.1,2.166,234652.9,3.2002,3.0558763116449454,-0.4487704949632483,21.53363870232195,-1.2810000000000001,4.75784202359982,1.6425579764001805,0.42163571428571434,112285.04,-2079562.5000000005,2.365,2.506,3.447
2023-11-21,2.175,2.175,1.955,2.0,162569.6,3.1282,2.9553166629168555,-0.4772089908443835,21.43542959671244,-1.193,4.770020376097321,1.4863796239026794,0.40735000000000005,118775.43999999999,-2242132.1000000006,2.166,2.563,3.193
2023-11-22,2.0,2.1,1.8,1.928,182977.8,3.0612500000000002,2.857476980734298,-0.49978933473259435,1.9061583499454144,-1.2109999999999999,4.786330974453366,1.336169025546634,0.3024928571428572,126268.29,-2425109.9000000004,2.0,2.571,3.139
2023-11-24,1.925,1.953,1.7,1.926,98076.4,2.99745,2.7687648873310313,-0.511943398110184,3.4871244373284895,-0.8750000000000002,4.793534568985349,1.201365431014651,0.2502071428571429,129468.59999999998,-2523186.3000000003,1.928,2.539,2.801
2023-11-27,1.949,2.394,1.925,2.3,397694.9,2.95705,2.7241206123471238,-0.48581775626969126,21.67901219579943,-0.3200000000000003,4.778829982671638,1.135270017328362,0.2659214285714286,146077.385,-2125491.4000000004,1.926,2.365,2.62
2023-11-28,2.277,2.52,2.2,2.26,160365.7,2.90495,2.6799186492664453,-0.4630008855385812,24.240750778922973,-0.246,4.744703470326625,1.0651965296733745,0.2702785714285714,152827.33,-2285857.1000000006,2.3,2.166,2.506
2023-11-29,2.254,2.425,2.221,2.264,81652.7,2.7918000000000003,2.640307349336308,-0.43952877907828736,25.156161072012353,-0.2990000000000004,4.483949253091095,1.0996507469089059,0.27120714285714287,147725.05,-2204204.4000000004,2.26,2.0,2.563
2023-11-30,2.29,2.32,2.2,2.208,55631.6,2.6832000000000003,2.5991352208280882,-0.42059441771646,29.952670439934167,-0.363,4.217616892503436,1.1487831074965644,0.2555642857142857,146670.19,-2259836.0000000005,2.264,1.928,2.571
2023-12-01,2.249,2.39,2.1,2.39,97444.8,2.5423,2.579217580749223,-0.38645559754368985,42.22972933025932,-0.14900000000000002,3.5153973013499877,1.5692026986500125,0.2537785714285714,141602.815,-2162391.2000000007,2.208,1.926,2.539
2023-12-04,2.4,2.69,2.39,2.478,79957.5,2.4832,2.569577811154059,-0.3482879397387526,49.03713845493816,0.11299999999999999,3.3017850693662583,1.6646149306337419,0.25413571428571424,128400.175,-2082433.7000000007,2.39,2.3,2.365
2023-12-05,2.5,2.5,2.352,2.435,53760.6,2.4326,2.556760876758434,-0.3178439297818376,45.555555112654325,0.26900000000000013,3.113944305881967,1.7512556941180326,0.24792142857142854,127427.975,-2136194.3000000007,2.478,2.26,2.166
2023-12-06,2.5,2.549,2.378,2.47,31593.6,2.39645,2.5484979361147735,-0.2875786709149022,46.55760010101813,0.4700000000000002,2.97722025985903,1.8156797401409706,0.24649999999999994,122986.55500000001,-2104600.7000000007,2.435,2.264,2.0
2023-12-07,2.428,2.549,2.35,2.421,67202.0,2.3605500000000004,2.536355275532414,-0.26449654010173607,46.02425832591669,0.4929999999999999,2.8252157995409592,1.8958842004590415,0.25099999999999995,123497.955,-2171802.7000000007,2.47,2.208,1.928
2023-12-08,2.45,2.588,2.396,2.578,57407.7,2.3494,2.540321439767422,-0.23087826873793116,57.25971315498568,0.6519999999999999,2.7789394841233257,1.9198605158766746,0.2525714285714285,120883.95999999999,-2114395.0000000005,2.421,2.39,1.926
2023-12-11,2.503,2.6,2.4,2.45,64695.2,2.3409,2.5317193978848103,-0.21211545160167855,60.17191916733034,0.15000000000000036,2.754318559408062,1.9274814405919378,0.2418571428571428,117385.48000000001,-2179090.2000000007,2.578,2.478,2.3
2023-12-12,2.401,2.49,2.295,2.299,56119.4,2.33055,2.5095556457053045,-0.20703975211539394,60.825488159625756,0.039000000000000146,2.736868762601463,1.924231237398537,0.24007142857142855,116493.0,-2235209.6000000006,2.45,2.435,2.26
2023-12-13,2.386,2.5,2.012,2.462,75886.7,2.3255,2.5050265365905138,-0.18770442880833693,68.13858630846454,0.1980000000000004,2.7220474684532996,1.9289525315467004,0.2535,114523.35,-2159322.9000000004,2.299,2.47,2.264
2023-12-14,2.499,2.939,2.402,2.673,119137.3,2.3306,2.521024009296179,-0.15358911860021252,72.21891670965805,0.46499999999999986,2.7427580688086666,1.9184419311913337,0.27378571428571424,116897.2,-2040185.6000000003,2.462,2.421,2.208
2023-12-15,2.8,2.8,2.44,2.44,66766.4,2.3256500000000004,2.5133074369822572,-0.14369262751038647,54.54545404958679,0.04999999999999982,2.729565194329707,1.9217348056702936,0.26599999999999996,115702.17999999998,-2106952.0000000005,2.673,2.578,2.39
2023-12-18,2.4,2.562,2.4,2.438,44603.0,2.3293,2.5061353001268043,-0.1344609136055901,55.92543223504924,-0.040000000000000036,2.73602199220997,1.9225780077900296,0.25471428571428567,109409.79,-2151555.0000000005,2.44,2.45,2.478
2023-12-19,2.4,2.5,2.3,2.4,43273.6,2.341,2.496027176305204,-0.128726437286391,54.42708283725315,-0.03500000000000014,2.7413556313814347,1.940644368618566,0.2544285714285714,99840.825,-2194828.6000000006,2.438,2.299,2.435
2023-12-20,2.35,2.448,2.16,2.26,60924.8,2.354,2.4735483976094703,-0.13393251804951234,51.604937825636334,-0.2100000000000004,2.7234240182541445,1.9845759817458557,0.2664285714285714,94758.58499999999,-2255753.4000000004,2.4,2.462,2.47
2023-12-21,2.3,2.3,2.2,2.201,37916.5,2.3676500000000003,2.4475914073609495,-0.14119070564667524,43.68737434093304,-0.21999999999999975,2.6876692592886733,2.0476307407113272,0.25285714285714284,87505.51999999999,-2293669.9000000004,2.26,2.673,2.421
2023-12-22,2.2,2.265,2.1,2.19,67445.4,2.3808499999999997,2.4230588923741925,-0.14614559836462826,39.85915453659988,-0.3879999999999999,2.640192711686959,2.1215072883130404,0.2432142857142857,85973.97,-2361115.3000000003,2.201,2.44,2.578
2023-12-26,2.2,2.5,2.185,2.229,134952.3,2.3773,2.40457709310046,-0.14525148175944524,42.72598827813289,-0.22100000000000009,2.643164310464623,2.111435689535377,0.2551428571428571,72836.84,-2226163.0000000005,2.19,2.438,2.45
2023-12-27,2.3,2.5,2.2,2.38,126507.2,2.3833,2.402236417567083,-0.13085178531465314,47.06266275530203,0.08099999999999996,2.6433713262486362,2.123228673751364,0.26435714285714285,71143.915,-2099655.8000000003,2.229,2.4,2.299
2023-12-28,2.44,2.59,2.17,2.23,148414.7,2.3815999999999997,2.385832949227361,-0.1300429902171767,44.151867349585956,-0.2320000000000002,2.645372948614779,2.1178270513852206,0.28014285714285714,74482.015,-2248070.5000000005,2.38,2.26,2.462
2023-12-29,2.174,2.275,2.115,2.198,98700.4,2.3811,2.367944096919993,-0.13047971071224085,37.40053015675901,-0.4750000000000001,2.6462926013096064,2.1159073986903936,0.2778571428571428,76635.45499999999,-2346770.9000000004,2.23,2.201,2.673
2024-01-02,2.2,2.35,2.165,2.285,39974.5,2.37585,2.360044659118089,-0.1223955151179914,44.37627769511392,-0.1549999999999998,2.6444363773633075,2.107263622636692,0.27678571428571425,73761.94,-2306796.4000000004,2.198,2.19,2.44
2024-01-03,2.252,2.259,2.14,2.19,35082.8,2.36145,2.343849929678271,-0.12224445465365719,46.13749068325665,-0.24800000000000022,2.637747684619681,2.085152315380319,0.27135714285714274,71518.205,-2341879.2,2.285,2.229,2.438
2024-01-04,2.2,2.255,2.121,2.152,35522.2,2.3473,2.32557850780415,-0.12376402369953876,37.947122448476115,-0.24799999999999978,2.636426524843884,2.0581734751561163,0.24607142857142847,70606.285,-2377401.4000000004,2.19,2.38,2.4
2024-01-05,2.2,2.248,2.021,2.033,61499.1,2.32545,2.2977138880132784,-0.1330361485137459,23.199329711230646,-0.22699999999999987,2.6404280109282223,2.0104719890717777,0.22392857142857134,72101.56,-2438900.5000000005,2.152,2.23,2.26
2024-01-08,2.032,2.223,2.032,2.221,33296.2,2.31545,2.2904078034405853,-0.12378863032424325,40.46997339723271,0.020000000000000018,2.6303544800869383,2.0005455199130613,0.21185714285714277,70406.26999999999,-2405604.3000000003,2.033,2.198,2.201
2024-01-09,2.27,2.27,2.101,2.171,23262.6,2.2951,2.279035631684339,-0.11912101088509353,38.84711734013397,-0.019000000000000128,2.5905688691409896,1.9996311308590107,0.21235714285714277,68699.01499999998,-2428866.9000000004,2.221,2.285,2.19
2024-01-10,2.3,2.304,2.04,2.049,45261.0,2.27505,2.2571274762858304,-0.12383802122536292,36.2997654112438,-0.18000000000000016,2.5805142540890675,1.9695857459109318,0.21692857142857133,67727.30500000001,-2474127.9000000004,2.171,2.19,2.229
2024-01-11,2.04,2.096,2.007,2.032,45967.1,2.2617000000000003,2.2356867642586087,-0.1274784416508341,40.15543992903615,-0.34799999999999986,2.5855421317797664,1.937857868220234,0.20271428571428562,67219.69,-2520095.0000000005,2.049,2.152,2.38
2024-01-12,2.096,2.096,1.9,1.93,91472.1,2.2351,2.206573739091122,-0.13701411081953063,38.71773476931866,-0.30000000000000004,2.576584005944146,1.8936159940558541,0.20957142857142852,67998.96,-2611567.1000000006,2.032,2.033,2.23
2024-01-16,1.93,1.94,1.85,1.874,90002.7,2.19515,2.1749000496538726,-0.14739062374009304,37.319421731563494,-0.32399999999999984,2.506554475511015,1.883745524488985,0.20421428571428565,66542.23000000001,-2701569.8000000007,1.93,2.221,2.198
2024-01-17,1.888,1.899,1.788,1.8,64964.3,2.16315,2.1391952830201704,-0.15974350697425876,33.25526895739753,-0.4850000000000001,2.499173980973592,1.827126019026408,0.18964285714285709,66452.125,-2766534.1000000006,1.874,2.171,2.285
2024-01-18,1.899,1.899,1.8,1.849,19833.0,2.1337,2.111557637018249,-0.1636925916765808,27.48091570421306,-0.34099999999999997,2.471536522284579,1.7958634777154212,0.17528571428571424,65213.625,-2746701.1000000006,1.8,2.049,2.19
2024-01-19,1.816,1.848,1.781,1.8,41644.4,2.1037000000000003,2.0818854811117493,-0.16882980047314677,30.055658236753985,-0.3520000000000001,2.448457489136426,1.7589425108635748,0.15007142857142855,65132.165,-2788345.5000000005,1.849,2.032,2.152
2024-01-22,1.843,1.859,1.62,1.843,154221.8,2.0828499999999996,2.0591344829106304,-0.16750062193846826,33.70064235830212,-0.18999999999999995,2.438085889011748,1.7276141109882515,0.1557142857142857,69797.015,-2634123.7000000007,1.8,1.93,2.033
2024-01-23,1.94,1.975,1.8,1.931,82668.4,2.06935,2.046931198823904,-0.15753072184525374,33.76146745627473,-0.29000000000000004,2.4261983534616376,1.7125016465383625,0.155,72034.61,-2551455.3000000007,1.843,1.874,2.221
2024-01-24,1.92,2.86,1.87,2.44,536090.0,2.08185,2.0843663227454368,-0.10732178954834914,58.31116966997581,0.26900000000000013,2.47241465196979,1.6912853480302108,0.21721428571428567,95466.84,-2015365.3000000007,1.931,1.8,2.171
2024-01-25,2.41,2.4328,1.9,2.07,239655.0,2.0739,2.0829981015315857,-0.09627596368634261,47.7668841673549,0.020999999999999908,2.4582769531399147,1.6895230468600853,0.2457,100701.975,-2255020.3000000007,2.44,1.849,2.049
2024-01-26,2.04,2.3,2.04,2.3,137718.0,2.0698999999999996,2.103664949004768,-0.06817764999762055,56.85670221058355,0.2679999999999998,2.4423444995741224,1.697455500425877,0.2480571428571428,101262.515,-2117302.3000000007,2.07,1.8,2.032
2024-01-29,2.33,2.38,2.12,2.38,146775.0,2.0774,2.1299825729090758,-0.03900476879428183,54.32300121776943,0.44999999999999996,2.4689692585104037,1.6858307414895959,0.25298571428571426,101180.53,-1970527.3000000007,2.3,1.843,1.93
2024-01-30,2.29,2.41,2.25,2.28,113780.0,2.0815,2.1442699469177353,-0.023681027106992047,52.88512401249776,0.4059999999999997,2.480041287565791,1.6829587124342091,0.2523428571428571,101934.51,-2084307.3000000007,2.38,1.931,1.874
2024-01-31,2.29,2.35,2.18,2.19,54890.0,2.0767499999999997,2.1486251900684272,-0.01858469152757758,53.79644547487871,0.3899999999999999,2.467262685958597,1.6862373140414024,0.2456285714285714,102680.285,-2139197.3000000007,2.28,2.44,1.8
2024-02-01,2.2,2.26,2.1046,2.22,33017.0,2.0782499999999997,2.155422791014291,-0.011986936904484491,55.02673755594957,0.3710000000000002,2.4708193368188445,1.685680663181155,0.2503714285714285,102576.995,-2106180.3000000007,2.19,2.07,1.849
2024-02-02,2.22,2.35,2.15,2.33,69879.0,2.08715,2.172049191870073,0.002093591018343055,60.649626810918654,0.53,2.4945501136860924,1.6797498863139075,0.2506571428571428,104294.83499999999,-2036301.3000000007,2.22,2.3,1.8
2024-02-05,2.3,2.58,2.2212,2.57,91606.0,2.114,2.209949268834828,0.032246409337997495,66.8768181686346,0.7269999999999999,2.573788051858074,1.654211948141926,0.26985714285714285,105800.17999999998,-1944695.3000000007,2.33,2.38,1.843
2024-02-06,2.52,2.69,2.52,2.62,84483.0,2.13395,2.249001719421987,0.059491457450983276,70.11776203059438,0.6890000000000001,2.64504808513772,1.6228519148622798,0.2740714285714286,108359.51999999999,-1860212.3000000007,2.57,2.28,1.931
2024-02-07,2.63,2.65,2.52,2.56,66509.0,2.1534,2.27862060328656,0.07537307600842214,67.34992633338264,0.1200000000000001,2.6988849701242423,1.6079150298757576,0.27628571428571425,110521.84,-1926721.3000000007,2.62,2.19,2.44
2024-02-08,2.55,2.64,2.32,2.53,71098.0,2.17745,2.3025614982116496,0.08456385697449642,67.98029509767284,0.45999999999999996,2.745501322736798,1.6093986772632014,0.2943571428571428,111813.68999999999,-1997819.3000000007,2.56,2.22,2.07
2024-02-09,2.52,2.74,2.52,2.61,75497.0,2.2063499999999996,2.331841355524826,0.09718259226424797,68.55345865517734,0.31000000000000005,2.801414003633998,1.6112859963660013,0.293,113290.18499999998,-1922322.3000000007,2.53,2.33,2.3
2024-02-12,2.67,3.1,2.66,2.86,131456.0,2.2528499999999996,2.382142178808176,0.12590432396833018,70.83894078432249,0.48,2.900050375707294,1.605649624292705,0.31192857142857144,115289.38,-1790866.3000000007,2.61,2.57,2.38
2024-02-13,2.84,2.8488,2.54,2.6,104577.0,2.2891500000000002,2.402890542731207,0.12623180487297647,54.04040365830018,0.3200000000000003,2.928270538832677,1.6500294611673234,0.26327142857142855,116018.095,-1895443.3000000007,2.86,2.62,2.28
2024-02-14,2.64,3.0028,2.61,2.88,57598.0,2.34315,2.448329538661568,0.1473857655410975,71.42857089947091,0.69,2.990699640446187,1.6956003595538134,0.25327142857142854,115649.78,-1837845.3000000007,2.6,2.56,2.19
2024-02-15,2.89,3.72,2.89,3.61,221099.0,2.4312,2.5589648206937996,0.22051277334271369,77.40585728716235,1.3899999999999997,3.251654456864828,1.6107455431351718,0.2939857142857143,125713.08,-1616746.3000000007,2.88,2.53,2.22
2024-02-16,3.68,3.7399,3.25,3.39,128131.0,2.5107,2.638111028246771,0.25774334878687943,69.96047392116733,1.06,3.380294000850789,1.641105999149211,0.31040714285714294,130037.40999999999,-1744877.3000000007,3.61,2.61,2.33
2024-02-20,3.33,3.4356,3.1,3.32,88081.0,2.58455,2.703052835080412,0.27839135385044056,70.79999960352,0.75,3.4661737352330153,1.702926264766985,0.32295,126730.37,-1832958.3000000007,3.39,2.86,2.57
2024-02-21,3.22,3.3,3.1,3.13,45686.0,2.6445,2.7437144698346585,0.2762394398365302,68.07692271035503,0.5099999999999998,3.501728704974046,1.7872712950259533,0.3250928571428572,124881.25,-1878644.3000000007,3.32,2.6,2.62
2024-02-22,3.17,3.26,2.68,2.74,139398.0,2.6595,2.7433607108027864,0.24029456467323262,58.78378350575238,0.18000000000000016,3.512148505354999,1.806851494645001,0.3554214285714286,105046.65,-2018042.3000000007,3.13,2.88,2.56
2024-02-23,2.62,2.72,2.082,2.26,167872.0,2.6689999999999996,2.6973263573929973,0.17110390056351088,48.94894874315757,-0.27,3.497896539794994,1.8401034602050053,0.3867071428571429,101457.5,-2185914.3000000007,2.74,3.61,2.53
2024-02-26,2.27,2.31,2.09,2.09,84950.0,2.6585,2.6394857519269976,0.10138362751765584,42.638036626707816,-0.52,3.5120319807161104,1.80496801928389,0.37679285714285715,98819.1,-2270864.3000000007,2.26,3.39,2.61
2024-02-27,2.19,2.27,2.1269,2.2,92698.0,2.6494999999999997,2.597629966029188,0.05437899123020662,43.67469861101031,-0.6599999999999997,3.5190425294522503,1.7799574705477492,0.37487142857142863,96115.25,-2178166.3000000007,2.09,3.32,2.86
2024-02-28,2.22,2.39,2.1533,2.23,101709.0,2.647,2.5626175883121225,0.019325444355786647,44.984802240186255,-0.3700000000000001,3.5212900879540143,1.772709912045985,0.3824928571428572,95511.7,-2076457.3000000007,2.2,3.13,2.6
2024-02-29,2.41,3.26,2.3698,3.04,542373.0,2.6895,2.608082579901444,0.05625665324803286,56.26535607181451,0.16000000000000014,3.552822224408592,1.8261777755914073,0.4232214285714285,119885.85,-1534084.3000000007,2.23,2.74,2.88
2024-03-01,3.1,3.46,2.9,3.33,184447.0,2.745,2.6768366199108304,0.10768404790849395,58.411214762206306,-0.2799999999999998,3.623814991607218,1.8661850083927822,0.4475071428571429,127457.35,-1349637.3000000007,3.04,2.26,3.61
2024-03-04,3.36,3.4943,3.2,3.22,101641.0,2.7895,2.7285664656336084,0.1379741050603842,54.34782590317161,-0.16999999999999993,3.669965785820161,1.9090342141798389,0.4371,129045.45,-1451278.3000000007,3.33,2.09,3.39
2024-03-05,3.2,3.2099,2.8421,2.89,81736.0,2.8055,2.743941087954217,0.13380859790499589,53.44418034484121,-0.4299999999999997,3.6807858179805093,1.9302141820194905,0.4413142857142857,128551.95,-1533014.3000000007,3.22,2.2,3.32
2024-03-06,2.84,2.9152,2.6,2.71,80288.0,2.8099999999999996,2.740708603387149,0.11466121988800593,47.93187331604715,-0.41999999999999993,3.682190225509091,1.9378097744909084,0.43577142857142853,128342.2,-1613302.3000000007,2.89,2.23,3.13
2024-03-07,2.74,3.2739,2.74,3.03,123885.0,2.8335,2.768260164969325,0.12388000655448339,42.16216200262966,0.2899999999999996,3.702650220193883,1.9643497798061171,0.41462142857142853,131211.0,-1489417.3000000007,2.71,3.04,2.74
2024-03-08,3.02,3.63,3.02,3.51,197640.0,2.8825,2.8389020540198655,0.16798143519370035,51.515151333027234,1.25,3.7892901747662204,1.9757098252337792,0.4231999999999999,137538.1,-1291777.3000000007,3.03,3.33,2.26
2024-03-11,3.55,3.6501,3.39,3.39,108040.0,2.9215,2.89138757268464,0.19104689562170396,50.87281777750138,1.3000000000000003,3.845866639494552,1.997133360505448,0.4178071428571428,139165.25,-1399817.3000000007,3.51,3.22,2.09
2024-03-12,3.41,3.43,3.0235,3.09,112399.0,2.9330000000000003,2.9103030419527696,0.18300939499409408,49.514562938542745,0.8899999999999997,3.859864550372258,2.0061354496277426,0.4325571428571428,138212.4,-1512216.3000000007,3.39,2.89,2.2
2024-03-13,3.09,3.33,3.0,3.02,34503.0,2.9539999999999997,2.920750371290601,0.1690425991497846,53.68421032853185,0.79,3.868040192597753,2.0399598074022465,0.4147,134708.7,-1546719.3000000007,3.09,2.71,2.23
2024-03-14,3.01,3.1,2.75,2.79,180556.0,2.9494999999999996,2.9082979549772103,0.13782600731230943,57.46478850577266,-0.25,3.8659571371376034,2.0330428628623958,0.3941285714285714,140856.6,-1727275.3000000007,3.02,3.03,3.04
2024-03-15,2.76,2.94,2.7,2.86,87799.0,2.912,2.9036981497412855,0.11738192996388364,61.15942004167192,-0.4700000000000002,3.7744469472622817,2.049553052737718,0.39555714285714283,134191.6,-1639476.3000000007,2.79,3.51,3.33
2024-03-18,2.91,2.99,2.81,2.84,85880.0,2.8845,2.8976316592897344,0.09843136634697602,59.52380927579365,-0.38000000000000034,3.7173385197623374,2.0516614802376627,0.39819285714285707,132079.05,-1725356.3000000007,2.86,3.39,3.22
2024-03-19,2.78,2.94,2.78,2.9,115629.0,2.8634999999999997,2.897857215547855,0.08724864926213138,59.88200565240469,0.009999999999999787,3.6708941188526296,2.05610588114737,0.3927142857142857,133456.45,-1609727.3000000007,2.84,3.09,2.89
2024-03-20,2.9,3.05,2.9,3.04,26494.0,2.859,2.9113946235909163,0.08866104574605549,49.99999974264706,0.33000000000000007,3.661126122121324,2.056873877878676,0.33984285714285717,132496.85,-1583233.3000000007,2.9,3.02,2.71
2024-03-21,3.06,3.24,3.04,3.16,50903.0,2.88,2.9350713261060672,0.09832987532859816,46.66666641045752,0.13000000000000034,3.690951358136281,2.0690486418637186,0.3141285714285714,128072.1,-1532330.3000000007,3.04,2.79,3.03
2024-03-22,3.12,3.12,2.88,2.97,107102.0,2.9155,2.938397866476918,0.08962792842625511,45.24714804811404,-0.5399999999999996,3.672543418069287,2.1584565819307135,0.31025,125033.6,-1639432.3000000007,3.16,2.86,3.51
2024-03-25,3.0,3.08,2.8518,2.92,109280.0,2.957,2.936645688717211,0.07780016442779125,50.63829757066546,-0.4700000000000002,3.6069263116125105,2.307073688387489,0.3002785714285715,126250.1,-1748712.3000000007,2.97,2.84,3.39
2024-03-26,2.95,3.011,2.83,2.86,79139.0,2.99,2.929346099315572,0.06286046767458675,53.363228364535786,-0.22999999999999998,3.536953283870543,2.4430467161294573,0.2906928571428572,125572.15,-1827851.3000000007,2.92,2.9,3.09
2024-03-27,2.87,3.0,2.8,2.86,44297.0,3.0215,2.922741708904565,0.05043921849366395,45.54973788602287,-0.16000000000000014,3.4421398634660925,2.6008601365339077,0.2668428571428572,122701.55,-1827851.3000000007,2.86,3.04,3.02
2024-03-28,2.81,3.12,2.77,2.8,88532.0,3.0095,2.9110520223422256,0.03534634529502778,26.174496398360432,0.009999999999999787,3.4414588186998403,2.57754118130016,0.24827142857142867,100009.5,-1916383.3000000007,2.86,3.16,2.79
2024-04-01,2.79,2.9,2.7108,2.78,101225.0,2.982,2.8985708773572516,0.021523197448445774,28.057553674240467,-0.08000000000000007,3.3977732175368933,2.566226782463107,0.24320714285714295,95848.4,-2017608.3000000007,2.8,2.97,2.86
2024-04-02,2.75,2.8278,2.65,2.72,53000.0,2.957,2.8815641271327515,0.0056614971908062195,33.91304306540644,-0.11999999999999966,3.372646611032839,2.5413533889671607,0.2268714285714286,93416.35,-2070608.3000000007,2.78,2.92,2.84
2024-04-03,2.68,2.8,2.67,2.78,74799.0,2.9515000000000002,2.8718913531201085,-0.0020439586913543195,39.47368372576177,-0.1200000000000001,3.3737383961197995,2.529261603880201,0.21258571428571432,93069.5,-1995809.3000000007,2.72,2.86,2.9
2024-04-04,2.82,2.83,2.65,2.67,46661.0,2.9495,2.8526636052039076,-0.016832625238613286,44.1176464532872,-0.3700000000000001,3.376902189487692,2.522097810512308,0.20044285714285723,91388.15,-2042470.3000000007,2.78,2.86,3.04
2024-04-05,2.68,2.74,2.54,2.55,40886.0,2.9255,2.8238384999463926,-0.037800004651519004,35.51401822691939,-0.6100000000000003,3.386458954674558,2.464541045325442,0.1975857142857144,87238.2,-2083356.3000000007,2.67,2.8,3.16
2024-04-08,2.6,2.74,2.58,2.7,45802.0,2.8850000000000002,2.812044357094355,-0.04183086570876782,44.1666661513889,-0.27,3.264944594298647,2.5050554057013534,0.19615714285714297,79646.3,-2037554.3000000007,2.55,2.78,2.97
2024-04-09,2.7,2.84,2.62,2.64,79577.0,2.8475,2.7956591802282262,-0.04929856427284873,39.16666620972223,-0.2799999999999998,3.159564433292605,2.5354355667073953,0.20044285714285723,78223.15,-2117131.3000000007,2.7,2.72,2.92
2024-04-10,2.55,2.6999,2.54,2.55,47237.0,2.8205,2.772263067825538,-0.06176700096276688,28.695651824574668,-0.31000000000000005,3.1376235854063355,2.5033764145936646,0.20115000000000002,74965.05,-2164368.3000000007,2.64,2.78,2.86
2024-04-11,2.56,2.585,2.4506,2.47,29159.0,2.793,2.7434761089850106,-0.0772135843685069,18.91891868030193,-0.3899999999999997,3.1319208881449585,2.454079111855042,0.19646428571428576,74697.85,-2193527.3000000007,2.55,2.67,2.86
2024-04-12,2.5,2.58,2.31,2.32,33082.0,2.7695,2.7031450509864383,-0.10040148708072483,19.626167967508067,-0.48,3.1690510638597926,2.369948936140207,0.19860714285714284,67324.15,-2226609.3000000007,2.47,2.55,2.8
2024-04-15,2.31,2.41,2.285,2.32,43652.0,2.7425,2.666655046130587,-0.11742447062969807,20.588235011534024,-0.45999999999999996,3.1867794284301576,2.2982205715698427,0.19123571428571426,65116.8,-2226609.3000000007,2.32,2.7,2.78
2024-04-16,2.3,2.4,2.22,2.25,19063.0,2.713,2.6269736131657693,-0.1350074383074391,20.38834923743991,-0.4700000000000002,3.205730309494602,2.2202696905053982,0.19116428571428568,61775.95,-2245672.3000000007,2.32,2.64,2.72
2024-04-17,2.29,2.41,2.29,2.32,23061.0,2.684,2.5977380309595057,-0.14166067793004355,25.45454513057851,-0.45999999999999996,3.1981943110085833,2.169805688991417,0.18544999999999995,57147.55,-2222611.3000000007,2.25,2.55,2.78
2024-04-18,2.33,2.5,2.2901,2.42,61644.0,2.653,2.5808105994395527,-0.13728175831172917,33.33333292397661,-0.25,3.1513382913558665,2.1546617086441335,0.17544285714285715,58905.05,-2160967.3000000007,2.32,2.47,2.67
2024-04-19,2.55,3.1699,2.5101,3.0,331087.0,2.645,2.6207333994929285,-0.08601872644190411,56.470587770242226,0.4500000000000002,3.1133003984172976,2.1766996015827025,0.20905714285714286,72914.25,-1829880.3000000007,2.42,2.32,2.55
2024-04-22,3.0,3.13,2.92,3.0,103796.0,2.6465,2.6568540281126496,-0.04487511211729611,58.536584866151095,0.2999999999999998,3.1193535992415566,2.1736464007584435,0.21135714285714288,72748.95,-1829880.3000000007,3.0,2.32,2.7
2024-04-23,2.97,3.1,2.93,3.05,33849.0,2.6529999999999996,2.6942965016257308,-0.008140086688857462,58.282208088373665,0.4099999999999997,3.1448750376177714,2.1611249623822277,0.21421428571428575,68977.4,-1796031.3000000007,3.0,2.25,2.64
2024-04-24,3.0,3.2797,3.0,3.23,77810.0,2.6715,2.7453158824232804,0.035092650869116504,66.47058768788926,0.6800000000000002,3.2206534154351742,2.1223465845648257,0.22133571428571427,68910.95,-1718221.3000000007,3.05,2.32,2.55
2024-04-25,3.15,3.7,3.08,3.53,110994.0,2.7049999999999996,2.8200477031448727,0.09249615510130038,76.06382922080127,1.0599999999999996,3.371728067347837,2.038271932652162,0.2513357142857143,72245.8,-1607227.3000000007,3.23,2.42,2.47
2024-04-26,3.53,4.1999,3.5,3.85,125360.0,2.7575,2.9181383980834563,0.16194338248919404,78.04877995478881,1.5300000000000002,3.5983485688810948,1.916651431118905,0.2899,74087.2,-1481867.3000000007,3.53,3.0,2.32
2024-04-29,3.86,4.555,3.86,4.18,227126.0,2.8274999999999997,3.0383156935040794,0.24083287495114236,83.18965467040725,1.8599999999999999,3.8821513517196697,1.7728486482803298,0.3238285714285714,80382.25,-1254741.3000000007,3.85,3.0,2.32
2024-04-30,4.23,4.23,3.93,4.03,64804.0,2.893,3.1327618179322623,0.28793053793249035,81.09243649777561,1.7800000000000002,4.074615308314015,1.7113846916859845,0.33383571428571435,80972.45,-1319545.3000000007,4.18,3.05,2.25
2024-05-01,3.98,4.12,3.86,4.02,46193.0,2.955,3.217260692414904,0.3207514358054384,83.54978304342121,1.6999999999999997,4.237472940106413,1.672527059893587,0.3428071428571429,79542.15,-1365738.3000000007,4.03,3.23,2.32
2024-05-02,4.02,4.0699,3.87,4.01,24454.0,3.022,3.292759674089675,0.3420128066415975,88.94009159209159,1.5899999999999999,4.3795922959803475,1.6644077040196523,0.33780000000000004,78431.8,-1390192.3000000007,4.02,3.53,2.42
2024-05-03,4.06,4.28,3.59,3.66,147668.0,3.0774999999999997,3.3277349432239918,0.32685277050602135,76.5873011618166,0.6600000000000001,4.444569474228853,1.7104305257711467,0.3781571428571429,83770.9,-1537860.3000000007,4.01,3.85,3.0
2024-05-06,3.66,4.09,3.641,3.84,78259.0,3.1345,3.3765220914883733,0.32560940352238266,80.22813645505936,0.8399999999999999,4.530064024818767,1.738935975181233,0.39737142857142865,85393.75,-1459601.3000000007,3.66,4.18,3.0
2024-05-07,3.92,3.9799,3.7069,3.81,90476.0,3.193,3.417805701822814,0.3185314449883698,78.76447833872484,0.7600000000000002,4.599333044331565,1.7866669556684356,0.4083000000000001,85938.7,-1550077.3000000007,3.84,4.03,3.05
2024-05-08,3.89,4.08,3.71,3.75,73389.0,3.253,3.449443254030165,0.3045697236743594,76.07843095486353,0.52,4.646157715785465,1.8598422842145352,0.4197357142857144,87246.3,-1623466.3000000007,3.81,4.02,3.23
2024-05-09,3.76,3.98,3.7,3.84,133931.0,3.3215000000000003,3.4866391345987204,0.29733965934742823,70.3883490361957,0.31000000000000005,4.687003955553234,1.9559960444467672,0.3926071428571429,92484.9,-1489535.3000000007,3.75,4.01,3.53
2024-05-10,4.59,5.7799,4.5832,5.03,1663866.0,3.4569999999999994,3.6336258836845565,0.38321535713398935,81.23076888085208,1.1800000000000002,4.937086768437991,1.9769132315620073,0.46308571428571427,174024.1,174330.69999999925,3.84,3.66,3.85
2024-05-13,5.17,5.2899,4.87,5.05,215215.0,3.5935,3.7685186566669797,0.44772520142701566,81.05590026870107,0.8700000000000001,5.13437159204064,2.0526284079593595,0.4809357142857143,182602.25,389545.69999999925,5.03,3.84,4.18
2024-05-14,5.1,5.59,5.0388,5.23,220558.0,3.7424999999999997,3.9077073560320295,0.507523793566059,81.05590026870107,1.2000000000000002,5.312412837003841,2.1725871629961593,0.5003285714285715,192677.0,610103.6999999993,5.05,3.81,4.03
2024-05-15,5.28,5.62,5.1,5.57,110732.0,3.905,4.066020941171836,0.5757133000312886,81.28834320919118,1.5500000000000007,5.526896226156604,2.2831037738433952,0.4931857142857143,197060.55,720835.6999999993,5.23,3.75,4.02
2024-05-16,5.63,6.54,5.5,6.43,219172.0,4.1055,4.291161803917376,0.6911812745183914,83.94736811177286,2.42,5.9328647980803275,2.2781352019196732,0.5174785714285715,204936.95,940007.6999999993,5.57,3.84,4.01
2024-05-17,6.5,7.6394,6.4,7.14,441696.0,4.3125,4.562479727353816,0.8304090987491985,85.40669827854217,3.4799999999999995,6.512527511789703,2.112472488210298,0.5563642857142858,210467.4,1381703.6999999993,6.43,5.03,3.66
2024-05-20,7.11,7.63,5.9263,6.11,341263.0,4.468,4.709862610462976,0.8478621392903527,70.55335948858755,2.2700000000000005,6.716523258075238,2.2194767419247623,0.6566285714285715,222340.75,1040440.6999999993,7.14,5.05,3.84
2024-05-21,6.05,6.74,6.0259,6.6,199114.0,4.6455,4.8898756951807885,0.890962243720737,73.28519837075945,2.7899999999999996,6.981483732820079,2.3095162671799208,0.6890642857142858,230604.0,1239554.6999999993,6.11,5.23,3.81
2024-05-22,6.73,7.3066,6.6,6.74,281966.0,4.821,5.066078009925476,0.9257448062900444,74.07407389117515,2.99,7.235307354087304,2.406692645912695,0.7252571428571429,240811.8,1521520.6999999993,6.6,5.57,3.75
2024-05-23,6.88,7.005,6.2617,6.59,163460.0,4.974,5.211213437551621,0.9304804919761906,76.78244952925881,2.75,7.4312847659668355,2.516715234033165,0.7290642857142856,243435.1,1358060.6999999993,6.74,6.43,3.84
2024-05-24,6.66,7.63,6.655,7.5,255260.0,5.156499999999999,5.429193110165752,0.9961796094746171,79.51612885270552,2.4699999999999998,7.797586498912314,2.515413501087685,0.7666357142857142,249930.1,1613320.6999999993,6.59,7.14,5.03
2024-05-28,7.67,8.9399,7.58,8.78,363993.0,5.3865,5.7483175758642515,1.1384090599320258,83.35570454134498,3.7299999999999995,8.438714209217212,2.334285790782788,0.8442714285714285,256773.45,1977313.6999999993,7.5,6.11,5.05
2024-05-29,8.8,8.99,8.18,8.55,157630.0,5.6125,6.01514447340099,1.2185214897516916,81.4960628423957,3.3200000000000003,8.901946441992473,2.3230535580075267,0.8757,261414.75,1819683.6999999993,8.78,6.6,5.23
2024-05-30,8.58,10.1899,8.3649,9.81,454616.0,5.902,6.376559285458038,1.3679141699349904,83.95904423487752,4.24,9.595633783459848,2.2083662165401527,0.9860571428571427,281835.9,2274299.6999999993,8.55,6.74,5.57
2024-05-31,9.86,11.17,9.46,9.66,943116.0,6.1845,6.689267924938225,1.4574051399530203,79.87096759765245,3.2300000000000004,10.124863194587942,2.2441368054120576,1.0227214285714283,327769.0,1331183.6999999993,9.81,6.59,6.43
2024-06-03,9.9,9.92,8.24,8.49,458367.0,6.426,6.860766217801251,1.4175772120515857,69.32584258757734,1.3500000000000005,10.306490473611502,2.5455095263884977,1.1127285714285713,343303.95,872816.6999999993,9.66,7.5,7.14
2024-06-04,8.4,8.86,8.02,8.32,207316.0,6.65,6.999740863724941,1.356657015780696,67.3790775091893,2.21,10.417528856453616,2.8824711435463843,1.1333571428571427,349756.8,665500.6999999993,8.49,8.78,6.11
2024-06-05,8.32,8.32,7.43,7.95,201792.0,6.856999999999999,7.0902417338463755,1.2639513697856186,63.340807075474075,1.3500000000000005,10.416722638515264,3.297277361484735,1.1597857142857142,355322.6,463708.69999999925,8.32,8.55,6.6
2024-06-06,8.0,9.0,8.0,8.54,239777.0,7.096500000000001,7.22831394967053,1.223980262650394,62.196531691242605,1.799999999999999,10.412237752311764,3.780762247688238,1.1569285714285713,363642.0,703485.6999999993,7.95,9.81,6.74
2024-06-07,8.58,8.6699,7.73,7.86,319277.0,7.297499999999999,7.288474525892384,1.124470362263506,54.17633401873914,1.2700000000000005,10.24947257867741,4.345527421322588,1.135535714285714,372909.3,384208.69999999925,8.54,9.66,6.59
2024-06-10,7.99,8.05,7.42,7.93,255433.0,7.4425,7.3495721900931095,1.0392763334555948,61.879895448261294,0.4299999999999997,10.204275744545185,4.680724255454814,1.058842857142857,302487.65,639641.6999999993,7.86,8.49,7.5
2024-06-11,7.77,8.22,7.53,7.83,193026.0,7.5815,7.395327219608052,0.9527080622248318,58.45942217077966,-0.9499999999999993,10.105901127521497,5.0570988724785035,1.0571214285714285,301378.2,446615.69999999925,7.93,8.32,8.78
2024-06-12,7.93,8.6,7.84,8.31,190992.0,7.735499999999999,7.482438912978713,0.9123174436477175,60.31537439626607,-0.2400000000000002,10.02031002319788,5.450689976802119,1.0609357142857143,299899.9,637607.6999999993,7.83,7.95,8.55
2024-06-13,8.38,9.74,8.211,9.57,282875.0,7.9355,7.681254254599788,0.9707884106999289,67.08715585559403,-0.2400000000000002,10.120265192730942,5.750734807269058,1.1170571428571427,308507.05,920482.6999999993,8.31,8.54,9.81
2024-06-14,9.69,9.93,9.06,9.19,300989.0,8.0735,7.824944325590285,0.9752224918097516,60.31746021435355,-0.47000000000000064,10.205909311948451,5.941090688051547,1.109557142857143,312597.9,619493.6999999993,9.57,7.86,9.66
2024-06-17,8.96,9.1199,8.18,8.26,201003.0,8.1295,7.866378199343591,0.8933948073454845,46.68367338602405,-0.23000000000000043,10.217041742412844,6.041958257587156,1.0795571428571429,300563.25,418490.69999999925,9.19,7.93,8.49
2024-06-18,8.16,9.065,7.91,8.73,144064.0,8.260499999999999,7.948627894644201,0.8565965376570084,51.113861297574985,0.41000000000000014,10.132099091123685,6.3889009088763125,1.1041999999999998,290703.3,562554.6999999993,8.26,7.83,8.32
2024-06-20,8.75,9.51,8.7,9.315,153900.0,8.396249999999998,8.078758571344753,0.8646708665728493,46.65766365250408,1.3649999999999993,10.150933582212042,6.641566417787954,1.0317,288442.6,716454.6999999993,8.73,8.31,7.95
2024-06-21,9.6,9.72,9.1201,9.55,231564.0,8.53675,8.218876802645253,0.8798895471781734,49.265687491359195,1.0100000000000016,10.17947006456566,6.894029935434339,0.9524071428571429,285922.5,948018.6999999993,9.315,9.57,8.54
2024-06-24,9.48,11.0,9.47,10.17,327878.0,8.71575,8.404698059536182,0.9312444724248294,62.1037462724132,2.3099999999999996,10.241312105206607,7.190187894793394,0.9416928571428571,294143.4,1275896.6999999993,9.55,9.19,7.86
2024-06-25,10.06,10.49,9.7007,10.17,146796.0,8.849250000000001,8.57282205386607,0.9608673400724683,63.66321995697414,2.24,10.394035030181872,7.304464969818131,0.9380714285714287,288720.2,1275896.6999999993,10.17,8.26,7.93
2024-06-26,10.28,10.65,9.78,10.3,115351.0,8.925250000000002,8.73731519159311,0.9834964545959899,67.99387427995188,2.4700000000000006,10.599800921732156,7.250699078267848,0.9366428571428572,276288.1,1391247.6999999993,10.17,8.73,7.83
2024-06-27,10.5,10.61,9.9,10.42,94282.0,9.01875,8.897570887631861,0.9995905304838413,65.5115510037687,2.1099999999999994,10.809850440922848,7.227649559077155,0.9159285714285714,273120.7,1485529.6999999993,10.3,9.315,8.31
2024-06-28,10.55,10.87,9.92,10.66,165081.0,9.06125,9.06542127928597,1.0199538030809805,74.91103184185863,1.0899999999999999,10.968007719271206,7.154492280728793,0.91665,258643.95,1650610.6999999993,10.42,9.55,9.57
2024-07-01,10.84,13.42,10.25,12.81,836236.0,9.21875,9.422047824115877,1.1957944989598577,81.68831153978749,3.620000000000001,11.7514080067091,6.6860919932908995,1.0980785714285712,253299.95,2486846.6999999993,10.66,10.17,9.19
2024-07-02,12.6,12.6,11.0,11.61,464842.0,9.37475,9.630424221819126,1.2242076431610514,71.47727261355887,3.3499999999999996,12.09575885895777,6.6537411410422305,1.1630785714285712,253623.7,2022004.6999999993,12.81,10.17,8.26
2024-07-03,11.74,12.45,11.5601,11.69,161532.0,9.54325,9.826574295931591,1.2388993356415696,70.11904750218253,2.959999999999999,12.403081196711543,6.683418803288458,1.1723571428571427,251334.5,2183536.6999999993,11.61,10.3,8.73
2024-07-05,11.66,12.0,10.0,10.95,373881.0,9.69325,9.933567220128582,1.1772600713068524,58.75634507327552,1.6349999999999998,12.515679477931222,6.870820522068779,1.2059999999999997,259938.95,1809655.6999999993,11.69,10.42,9.315
2024-07-08,10.71,11.3,10.64,10.77,139454.0,9.80475,10.013227484878241,1.1011921569186391,60.28645822343614,1.2199999999999989,12.611500274830938,6.997999725169063,1.191,254922.8,1670201.6999999993,10.95,10.66,9.55
2024-07-09,10.77,11.9899,10.61,10.8,173509.0,9.95175,10.088158200604123,1.0314387520992998,68.73156327990533,0.6300000000000008,12.63487715237088,7.26862284762912,1.2224285714285712,247634.4,1843710.6999999993,10.77,12.81,10.17
2024-07-10,10.85,11.19,10.54,10.98,139594.0,10.10425,10.173095514832303,0.979393335113917,67.33436040944821,0.8100000000000005,12.646555781020634,7.561944218979367,1.1863571428571427,241842.45,1983304.6999999993,10.8,11.61,10.17
2024-07-11,11.16,11.8958,10.98,11.58,251214.0,10.29175,10.307086418181607,0.9753190812855177,67.40968471272319,1.2799999999999994,12.67605233644548,7.907447663554522,1.1939142857142855,244751.85,2234518.6999999993,10.98,11.69,10.3
2024-07-12,11.56,12.89,11.2966,12.25,214806.0,10.48875,10.492125806926216,1.0144595479134537,69.45244942761752,1.83,12.834383962111513,8.143116037888486,1.2648785714285715,245942.55,2449324.6999999993,11.58,10.95,10.42
2024-07-15,12.25,12.29,11.3,12.26,243222.0,10.623249999999999,10.660494777695147,1.034362083886677,66.50868863647366,1.5999999999999996,13.054013958317029,8.192486041682969,1.2263071428571428,243959.9,2692546.6999999993,12.25,10.77,10.66
2024-07-16,12.38,12.87,12.01,12.12,173082.0,10.769749999999998,10.799495275057515,1.0269995456220418,65.06955163663466,-0.6900000000000013,13.189959810391702,8.349540189608295,1.2313571428571426,237564.55,2519464.6999999993,12.26,10.8,12.81
2024-07-17,11.86,12.205,11.34,11.37,128257.0,10.92525,10.85382905838537,0.949698417035556,57.545839096524425,-0.2400000000000002,13.047838972780385,8.802661027219616,1.2309999999999997,233927.25,2391207.6999999993,12.12,10.98,11.61
2024-07-18,11.5,11.75,10.26,10.53,311637.0,11.01525,10.822988195682,0.8113035339753072,50.704225261221616,-1.1600000000000001,12.88330126437051,9.14719873562949,1.2867142857142857,242305.9,2079570.6999999993,11.37,11.58,11.69
2024-07-19,10.26,10.37,9.74,9.9,143704.0,11.044500000000001,10.735084557998,0.6433724601162805,45.36585358108269,-1.049999999999999,12.816296293388051,9.272703706611951,1.2638571428571428,241796.1,1935866.6999999993,10.53,12.25,10.95
2024-07-22,9.94,10.07,9.6101,9.9,147831.0,11.062000000000001,10.655552695331524,0.504470650568738,25.950413163089948,-0.8699999999999992,12.77766896573916,9.346331034260842,1.0702785714285714,237609.45,1935866.6999999993,9.9,12.26,10.77
2024-07-23,9.98,10.32,9.89,10.11,144126.0,11.059,10.60359529577614,0.4066476299346249,35.17786551531816,-0.6900000000000013,12.781432796030828,9.336567203969171,0.9867071428571429,228421.85,2079992.6999999993,9.9,12.12,10.8
2024-07-24,10.11,10.2,9.26,9.36,122900.0,11.0185,10.485157648559365,0.26554244149080297,29.668411794876477,-1.620000000000001,12.862731689977227,9.174268310022772,0.9902857142857141,227227.05,1957092.6999999993,10.11,11.37,10.98
2024-07-25,9.35,10.0,9.26,9.91,108923.0,10.998999999999999,10.430380729648949,0.19583846251268433,40.613718308918415,-1.67,12.883037098752078,9.11496290124792,0.9002857142857142,226905.65,2066015.6999999993,9.36,10.53,11.58
2024-07-26,10.09,10.36,9.59,9.75,95978.0,10.9655,10.365582564920478,0.12623177288415555,40.760869461838375,-2.5,12.915555059951533,9.015444940048468,0.908142857142857,226990.45,1970037.6999999993,9.91,9.9,12.25
2024-07-29,9.7,9.97,9.01,9.26,135283.0,10.8955,10.260288987309004,0.031169759456627588,37.123745732486206,-3.0,12.98710200501168,8.80389799498832,0.87815,225500.55,1834754.6999999993,9.75,9.9,12.26
2024-07-30,9.26,9.435,8.94,9.18,71414.0,10.714,10.157404321851002,-0.05004600329523612,34.69387746841592,-2.9399999999999995,12.734895059647014,8.693104940352987,0.8670785714285714,187259.45,1763340.6999999993,9.26,10.11,12.12
2024-07-31,9.34,9.94,9.17,9.53,94467.0,10.61,10.097651529293763,-0.08518603394759516,31.79396084456208,-1.8399999999999999,12.650732582599847,8.569267417400152,0.8566642857142858,168740.7,1857807.6999999993,9.18,9.36,11.37
2024-08-01,9.62,9.6666,8.91,9.27,108379.0,10.488999999999999,10.018827574122929,-0.1324873566894258,21.455938639773336,-1.2599999999999998,12.547010280778474,8.430989719221524,0.796892857142857,166083.05,1749428.6999999993,9.53,9.91,10.53
2024-08-02,8.82,9.26,8.52,9.03,136088.0,10.392999999999999,9.924653519444554,-0.1871822692749756,20.366972424745384,-0.870000000000001,12.537762040536602,8.248237959463395,0.7790357142857144,154193.4,1613340.6999999993,9.27,9.75,9.9
2024-08-05,8.27,8.85,8.05,8.53,128136.0,10.280999999999999,9.79182937473555,-0.26778731732471606,19.104991348111895,-1.370000000000001,12.571841261242458,7.990158738757541,0.7747499999999999,153627.5,1485204.6999999993,9.03,9.26,9.9
2024-08-06,8.59,8.61,8.16,8.21,86670.0,10.1515,9.641178958094068,-0.3534147786726507,20.631970206533907,-1.8999999999999986,12.605800414846598,7.697199585153402,0.7451071428571429,149285.55,1398534.6999999993,8.53,9.18,10.11
2024-08-07,8.38,8.795,7.85,7.97,216646.0,10.001,9.482019057323205,-0.43561960131642863,23.221757254162213,-1.3899999999999997,12.605917616638589,7.39608238336141,0.7061785714285713,153138.15,1181888.6999999993,8.21,9.53,9.36
2024-08-08,8.85,10.84,8.85,9.85,390173.0,9.9145,9.517064861387661,-0.3450892533821772,49.58540618670054,-0.0600000000000005,12.411297738578117,7.4177022614218835,0.8033214285714286,160086.1,1572061.6999999993,7.97,9.27,9.91
2024-08-09,10.04,10.265,9.55,10.21,131117.0,9.8125,9.583058684112647,-0.24151032835141528,52.42566498686084,0.46000000000000085,12.061999359506782,7.563000640493218,0.8215428571428571,155901.65,1703178.6999999993,9.85,9.03,9.75
2024-08-12,10.25,10.816,10.01,10.18,191203.0,9.7085,9.63991023800668,-0.15999965684880912,50.5636069713542,0.9199999999999999,11.653244875704603,7.763755124295399,0.8484,153300.7,1511975.6999999993,10.21,8.53,9.26
2024-08-13,10.21,11.5,10.21,11.45,330360.0,9.675,9.8122997391489,0.006995879508901126,65.52748871955649,2.2699999999999996,11.461481399140233,7.888518600859768,0.8734000000000002,161164.6,1842335.6999999993,10.18,8.21,9.18
2024-08-14,11.45,12.12,11.1,11.15,268724.0,9.664,9.939699763991861,0.11382148915619972,59.56790110587182,1.620000000000001,11.408759371133526,7.919240628866475,0.8934,168187.95,1573611.6999999993,11.45,7.97,9.53
2024-08-15,11.59,11.89,11.371,11.73,162029.0,9.724,10.110204548373588,0.24248746261701726,64.34782595639572,2.460000000000001,11.665582642561244,7.7824173574387565,0.8754714285714285,160707.55,1735640.6999999993,11.15,9.85,9.27
2024-08-16,11.65,12.32,11.57,11.94,187529.0,9.825999999999999,10.284470781861817,0.35728288383372053,70.24169169435291,2.91,12.006192169222064,7.645807830777933,0.8604714285714284,162898.8,1923169.6999999993,11.73,10.21,9.03
2024-08-19,12.02,13.08,11.9263,13.08,226419.0,9.985,10.550711659779738,0.5340908874798842,75.39062486256918,4.550000000000001,12.606983981644508,7.363016018355491,0.9075214285714284,166828.2,2149588.6999999993,11.94,10.18,8.53
2024-08-20,13.3,13.3,12.27,13.16,191468.0,10.1375,10.799215311229286,0.6729109371978144,74.49392698476181,4.949999999999999,13.120087184943614,7.1549128150563845,0.926092857142857,169195.3,2341056.6999999993,13.08,11.45,8.21
2024-08-21,13.28,13.75,12.67,12.93,200683.0,10.315999999999999,11.002147186350307,0.7556570053643625,74.79674782558882,4.96,13.521635826576686,7.110364173423312,0.9491928571428573,173084.45,2140373.6999999993,13.16,11.15,7.97
2024-08-22,12.77,13.02,12.22,12.58,113135.0,10.449499999999999,11.152418882888373,0.7839548421980247,73.6982642147162,2.7300000000000004,13.80292385912485,7.096076140875149,0.9534785714285713,173295.05,2027238.6999999993,12.93,11.73,9.85
2024-08-23,12.45,13.3699,12.41,13.02,175206.0,10.613,11.330283751184718,0.8322912688498363,80.21534305208415,2.8099999999999987,14.13733405430249,7.0886659456975085,0.9649000000000001,177256.45,2202444.6999999993,12.58,11.94,10.21
2024-08-26,13.23,13.665,12.85,13.5,182885.0,10.825,11.53692339392903,0.8989674860808723,84.84848469197907,3.3200000000000003,14.512951934839265,7.137048065160735,0.9909714285714285,179636.55,2385329.6999999993,13.02,13.08,10.18
2024-08-27,13.26,13.75,12.85,13.74,148411.0,11.053,11.746740213554837,0.9601073430363432,88.01054002211495,2.290000000000001,14.874165983529727,7.231834016470275,0.987757142857143,183486.4,2533740.6999999993,13.5,13.16,11.45
2024-08-28,13.8,13.89,12.88,13.19,162094.0,11.236,11.884193526549614,0.9531929022833019,76.6773161224469,2.039999999999999,15.100376575308102,7.371623424691899,0.9177571428571427,186867.75,2371646.6999999993,13.74,12.93,11.15
2024-08-29,13.23,13.86,13.16,13.82,195537.0,11.4635,12.068556047830603,0.9871694184596365,77.64165373859369,2.09,15.37597545813732,7.551024541862679,0.9166857142857141,191225.65,2567183.6999999993,13.19,12.58,11.73
2024-08-30,14.0,14.7,13.6,14.59,233455.0,11.7415,12.30869356708483,1.063963903553601,80.33012364173017,2.6500000000000004,15.71557003355244,7.76742996644756,0.9376857142857141,196094.0,2800638.6999999993,13.82,13.02,11.94
2024-09-03,14.55,14.55,13.41,13.79,292128.0,12.0045,12.449770370219609,1.0481879143586035,67.20588221457612,0.7099999999999991,15.774662498243075,8.234337501756926,0.9269714285714284,204293.6,2508510.6999999993,14.59,13.5,13.08
2024-09-04,13.67,15.35,13.3,15.27,324048.0,12.3575,12.718363668293932,1.1419453254787246,75.81453620784416,2.1099999999999994,15.949601715826363,8.765398284173637,1.000542857142857,216162.5,2832558.6999999993,13.79,13.74,13.16
2024-09-05,15.4,15.61,14.69,14.93,187894.0,12.7055,12.928995699884986,1.1752658575531445,70.6718344974928,2.0,15.825408736856964,9.585591263143037,1.0291857142857144,214724.9,2644664.6999999993,15.27,13.19,12.93
2024-09-06,15.02,15.44,14.23,14.39,137322.0,12.9325,13.068138966562607,1.1449014213519462,65.179677706008,1.8100000000000005,15.830367637092127,10.034632362907871,1.0620428571428568,202082.35,2507342.6999999993,14.93,13.82,12.58
2024-09-09,14.62,15.56,14.21,15.56,238412.0,13.2,13.305459064985216,1.201397644578357,65.30864186242951,2.540000000000001,16.02654336043545,10.373456639564548,1.0760642857142855,207447.1,2745754.6999999993,14.39,14.59,13.02
2024-09-10,15.56,15.98,15.1,15.57,190968.0,13.4695,13.521129630224719,1.2327676468823778,65.00622653672637,2.0700000000000003,16.105018325131887,10.833981674868115,1.0653499999999998,207435.35,2936722.6999999993,15.56,13.79,13.5
2024-09-11,15.57,16.4,14.98,16.35,224381.0,13.714500000000001,13.790545855917603,1.3055188720735647,69.93006981596493,2.610000000000001,16.467935939637048,10.961064060362952,1.0896357142857138,202136.4,3161103.6999999993,15.57,15.27,13.74
2024-09-12,16.45,18.36,15.822,18.01,536813.0,14.057500000000001,14.192398631544497,1.4800616396849549,77.45197157893554,4.820000000000002,17.15362236260315,10.96137763739685,1.2137785714285712,215540.85,3697916.6999999993,16.35,14.93,13.19
2024-09-13,18.08,18.15,17.24,17.77,256614.0,14.3595,14.533122571397403,1.5807995728335573,74.50980381391771,3.9499999999999993,17.670556279227423,11.048443720772578,1.2102142857142852,220270.1,3441302.6999999993,18.01,14.39,13.82
2024-09-16,17.71,18.0,16.94,17.49,192404.0,14.637,14.814729945550031,1.619374311652427,71.02212845160064,2.8999999999999986,18.023680411631304,11.250319588368699,1.2277142857142853,220513.85,3248898.6999999993,17.77,15.56,14.59
2024-09-17,18.22,18.25,16.79,16.87,328748.0,14.826500000000001,15.010469950735743,1.5816835878081292,65.85612959250398,3.080000000000002,18.27001274137339,11.382987258626612,1.2677142857142853,225630.3,2920150.6999999993,17.49,15.57,13.79
2024-09-18,16.8,18.65,16.7278,17.55,264518.0,15.046000000000001,15.252329955427577,1.5883739484611787,71.79999989948,2.280000000000001,18.60012525325014,11.491874746749861,1.3328714285714283,229282.8,3184668.6999999993,16.87,16.35,15.27
2024-09-19,18.32,18.48,17.38,18.11,209726.0,15.305000000000001,15.524489007291617,1.6201869210648905,71.60120835826616,3.1799999999999997,18.96330274135006,11.646697258649944,1.361442857142857,229734.95,3394394.6999999993,17.55,18.01,14.93
2024-09-20,18.11,18.24,17.52,17.69,157854.0,15.560500000000001,15.73072814945432,1.5931436725829506,66.1795406130988,3.3000000000000007,19.13017033713065,11.990829662869352,1.3342999999999996,231970.9,3236540.6999999993,18.11,17.77,14.39
2024-09-23,17.29,17.61,16.8,17.17,161052.0,15.768,15.8678016590301,1.5123189773647692,68.17204290812813,1.6100000000000012,19.19551467423646,12.340485325763542,1.310728571428571,231263.2,3075488.6999999993,17.69,17.49,15.56
2024-09-24,17.3,18.87,16.9248,18.55,230414.0,16.020500000000002,16.123249120074853,1.5418458517297537,67.82608685330814,2.9800000000000004,19.488333997119813,12.55266600288019,1.303242857142857,233639.65,3305902.6999999993,17.17,16.87,15.57
2024-09-25,18.5,19.04,18.065,18.21,176809.0,16.244000000000003,16.321987299115342,1.5202860427386717,67.82608685330814,1.8599999999999994,19.668895849357824,12.819104150642183,1.307171428571428,235059.55,3129093.6999999993,18.55,17.55,16.35
2024-09-26,18.64,18.9,17.58,17.71,149184.0,16.470000000000002,16.45417898491388,1.446183217546297,68.12227063824108,-0.3000000000000007,19.632870115642145,13.30712988435786,1.3150285714285712,234414.05,2979909.6999999993,18.21,18.11,18.01
2024-09-27,17.75,17.82,16.92,17.49,189385.0,16.6535,16.552828605398272,1.3540948705442766,61.75395848178374,-0.28000000000000114,19.586515513085654,13.720484486914346,1.2828857142857137,234106.45,2790524.6999999993,17.71,17.69,17.77
2024-09-30,17.53,17.825,15.8209,16.33,268208.0,16.7405,16.53160683345558,1.1739789876220996,54.05982897897032,-1.1600000000000001,19.51472326730262,13.96627673269738,1.3631785714285711,235844.1,2522316.6999999993,17.49,17.17,17.49
2024-10-01,16.31,16.525,15.92,16.07,121065.0,16.854499999999998,16.487644277888382,0.9987431364720649,48.41628951608279,-0.8000000000000007,19.284214949709785,14.42478505029021,1.3049642857142854,227290.95,2401251.6999999993,16.33,18.55,16.87
2024-10-02,15.83,16.61,15.3112,16.195,127078.0,16.90075,16.459773394279964,0.8600399125052789,37.57700198137191,-1.3550000000000004,19.23688327620914,14.564616723790856,1.2164499999999996,217442.45,2528329.6999999993,16.07,18.21,17.55
2024-10-03,16.09,16.36,15.66,16.06,80136.0,16.95725,16.421699737681873,0.7307990400246602,38.12499992586803,-2.0500000000000007,19.14248147033638,14.772018529663614,1.2014499999999995,212054.55,2448193.6999999993,16.195,17.71,18.11
2024-10-04,16.2,16.51,15.65,16.48,135621.0,17.06175,16.427252143616933,0.6547180255151908,43.119890925929376,-1.2100000000000009,18.902857432755766,15.220642567244234,1.1871642857142854,211969.5,2583814.6999999993,16.06,17.49,17.69
2024-10-07,16.4,16.72,16.13,16.61,106918.0,17.114250000000002,16.444656701367702,0.5980195893547062,48.10218968271084,-0.5600000000000023,18.830712932894613,15.39778706710539,1.1250214285714282,205394.8,2690732.6999999993,16.48,16.33,17.17
2024-10-08,16.6,17.595,16.25,17.56,163091.0,17.21375,16.550879872666016,0.6225661753870853,50.07022462064842,-0.990000000000002,18.777190453817404,15.6503095461826,1.0837928571428568,204000.95,2853823.6999999993,16.61,16.07,18.55
2024-10-09,17.71,19.65,17.41,19.2,311184.0,17.35625,16.803177027650204,0.7655292707022419,56.646341366701364,0.9899999999999984,19.097613274171355,15.614886725828644,1.165221428571428,208341.1,3165007.6999999993,17.56,16.195,18.21
2024-10-10,19.07,19.1,18.3,18.82,155103.0,17.39675,16.995255405969232,0.838500023207061,56.92401951017937,1.1099999999999994,19.23700248553766,15.556497514462343,1.1709357142857137,189255.6,3009904.6999999993,19.2,16.06,17.71
2024-10-11,18.96,19.97,18.83,19.54,181328.0,17.48525,17.237612033972162,0.94355118231055,64.17464104085585,2.0500000000000007,19.556790172000472,15.41370982799953,1.1945071428571425,185491.3,3191232.6999999993,18.82,16.48,17.49
2024-10-14,19.53,19.5792,18.5343,18.72,155700.0,17.54675,17.37879184026053,0.9496903960566172,51.08974349804403,2.3900000000000006,19.69065267601208,15.40284732398792,1.1301999999999996,183656.1,3035532.6999999993,19.54,16.61,16.33
2024-10-15,18.53,18.76,18.23,18.46,127378.0,17.62625,17.48176404595,0.9229368980398789,51.61917089084606,2.3900000000000006,19.782374386120217,15.47012561387978,1.0984142857142856,173587.6,2908154.6999999993,18.72,17.56,16.07
2024-10-16,18.55,20.6651,18.31,19.63,266759.0,17.730249999999998,17.686357946335715,0.9847917141435545,61.442192984482624,3.4349999999999987,20.064210886787496,15.3962891132125,1.1723499999999998,173699.65,3174913.6999999993,18.46,19.2,16.195
2024-10-17,19.74,19.74,18.83,19.68,160707.0,17.808749999999996,17.876228618113267,1.0260193710435068,63.321167775365424,3.620000000000001,20.297000019169293,15.3204999808307,1.1730642857142857,171248.7,3335620.6999999993,19.63,18.82,16.06
2024-10-18,19.96,20.5,18.6067,19.31,208128.0,17.88975,18.01277827353105,1.0171120438740502,70.0538356688084,2.8299999999999983,20.465651426277024,15.313848573722975,1.16515,173762.4,3127492.6999999993,19.68,19.54,16.48
2024-10-21,19.38,19.67,19.07,19.67,93901.0,18.01475,18.17060891414714,1.0272602970156086,73.9043823327143,3.0600000000000023,20.68451339381389,15.344986606186108,1.1647928571428572,170404.85,3221393.6999999993,19.31,18.72,16.61
2024-10-22,19.58,20.08,19.4,19.52,69536.0,18.06325,18.299122350895033,1.0115387255795127,72.00529437351764,1.9600000000000009,20.808140516463222,15.31835948353678,1.1205928571428572,162360.95,3151857.6999999993,19.67,18.46,17.56
2024-10-23,19.55,19.74,18.79,19.26,110034.0,18.11575,18.390634507952647,0.966953007496528,70.83333320421009,0.060000000000002274,20.91214104825097,15.319358951749027,1.1384500000000002,159022.2,3041823.6999999993,19.52,19.63,19.2
2024-10-24,19.4,19.855,19.07,19.74,97104.0,18.21725,18.51914550719525,0.9592923678867571,71.05943139601654,0.9199999999999982,21.097731456467645,15.336768543532354,1.1330928571428571,156418.2,3138927.6999999993,19.26,19.68,18.82
2024-10-25,19.77,20.3683,19.54,19.64,135884.0,18.32475,18.625893554129036,0.9343811275329053,69.64980532099908,0.10000000000000142,21.25106522387371,15.398434776126292,1.1501142857142859,153743.15,3003043.6999999993,19.74,19.31,19.54
2024-10-28,19.77,20.305,19.659,19.84,141755.0,18.50025,18.74152273945008,0.9201699719559109,66.379310211306,1.120000000000001,21.342662753834194,15.657837246165808,1.1001857142857145,147420.5,3144798.6999999993,19.64,19.67,18.72
2024-10-29,19.81,20.1091,17.87,17.96,251644.0,18.594749999999998,18.667092002359595,0.7485780982498333,41.3888888084105,-0.5,21.213864906745833,15.975635093254162,1.100121428571429,153949.45,2893154.6999999993,19.84,19.52,18.46
2024-10-30,17.78,18.41,17.59,17.65,165162.0,18.6675,18.570226097372966,0.5808798712923782,41.795231334483404,-1.9800000000000004,21.078517474669006,16.256482525330995,1.1015500000000003,155853.65,2727992.6999999993,17.96,19.26,19.63
2024-10-31,17.45,17.45,16.12,16.84,335579.0,18.7065,18.40544265952792,0.37825727329174796,31.30193899747546,-2.84,20.96001444823912,16.452985551760875,1.1151214285714288,168625.8,2392413.6999999993,17.65,19.74,19.68
2024-11-01,16.86,17.42,16.6967,17.38,136584.0,18.7515,18.307781453858595,0.25827367345275576,40.34582124425914,-1.9299999999999997,20.848307347524567,16.654692652475433,1.0921500000000004,168673.95,2528997.6999999993,16.84,19.64,19.31
2024-11-04,17.11,17.31,16.52,16.64,122089.0,18.752999999999997,18.14894512491968,0.10229479980791822,37.735848985404054,-3.030000000000001,20.84339004167098,16.662609958329014,1.1107214285714289,169432.5,2406908.6999999993,17.38,19.84,19.67
2024-11-05,16.63,17.54,16.63,17.05,166468.0,18.7275,18.04428368445114,0.011629929575274645,30.63063056624192,-2.469999999999999,20.89035264845962,16.56464735154038,1.0075000000000003,169601.35,2573376.6999999993,16.64,17.96,19.52
2024-11-06,17.48,17.48,16.11,16.28,203791.0,18.5815,17.876256666884366,-0.12096083689795378,26.96476959654379,-2.9800000000000004,20.990293320971993,16.172706679028003,1.0403571428571432,164231.7,2369585.6999999993,17.05,17.65,19.26
2024-11-07,16.5,17.3889,16.1,17.06,271085.0,18.4935,17.798517936704904,-0.161241798244685,35.55840815175637,-2.6799999999999997,20.9925126471324,15.9944873528676,0.9971857142857145,170030.8,2640670.6999999993,16.28,16.84,19.74
2024-11-08,17.06,18.51,16.75,18.2,238138.0,18.4265,17.83675432368539,-0.10002327168511371,41.42357052742938,-1.4400000000000013,20.87879237545979,15.974207624540213,1.0800428571428573,172871.3,2878808.6999999993,17.06,17.38,19.64
2024-11-11,18.5,19.745,17.7081,19.66,216108.0,18.4735,18.010396769048686,0.06554706418486234,50.70850195243735,-0.17999999999999972,20.984798888078544,15.962201111921457,1.176964285714286,175891.7,3094916.6999999993,18.2,16.64,19.84
2024-11-12,19.73,19.74,18.05,18.16,352216.0,18.4585,18.024644695805954,0.07486231805308563,45.05395677780975,0.1999999999999993,20.973719149184106,15.943280850815894,1.2298214285714286,187133.6,2742700.6999999993,19.66,17.05,17.96
2024-11-13,13.6,13.95,10.52,10.83,1583392.0,18.0185,17.33944043906253,-0.5034218826800441,25.208681115585875,-6.8199999999999985,22.19864492319927,13.838355076800728,1.41875,252965.25,1159308.6999999993,18.16,16.28,17.65
2024-11-14,11.44,13.115,11.4001,12.31,909650.0,17.65,16.860446111532763,-0.8326938703469615,31.059431502075867,-4.529999999999999,22.464674935740035,12.835325064259964,1.4820785714285714,290412.4,2068958.6999999993,10.83,17.06,16.84
2024-11-15,11.82,12.8002,11.55,11.88,360043.0,17.2785,16.386117910434404,-1.1154831043268754,29.67313583169438,-5.499999999999998,22.666347045850024,11.890652954149978,1.525235714285714,298008.15,1708915.6999999993,12.31,18.2,17.38
2024-11-18,12.2,13.48,12.2,12.84,415978.0,16.937,16.048392395154938,-1.2477483662279507,36.28081454941418,-3.8000000000000007,22.547813244366537,11.326186755633463,1.4567285714285714,314112.0,2124893.6999999993,11.88,19.66,16.64
2024-11-19,12.78,13.24,12.5,12.805,241596.0,16.60125,15.739497881330658,-1.3399476641136374,36.823497388331305,-4.245000000000001,22.3628797721721,10.839620227827899,1.4510142857142854,322715.0,1883297.6999999993,12.84,18.16,17.05
2024-11-20,12.8,12.84,12.2515,12.42,193672.0,16.259249999999998,15.423355225965834,-1.4276257731223687,37.694877476184395,-3.860000000000001,22.166558831572956,10.35194116842704,1.3980499999999998,326896.9,1689625.6999999993,12.805,10.83,16.28
2024-11-21,12.42,12.6,11.9,12.21,197097.0,15.882750000000001,15.117321394921468,-1.4968023454439834,35.33749288175129,-4.849999999999998,21.815765098404487,9.949734901595516,1.396385714285714,331896.55,1492528.6999999993,12.42,12.31,17.06
2024-11-22,12.26,12.57,12.0306,12.17,126046.0,15.50925,14.836624119214662,-1.5371338212464352,36.79858236767985,-6.029999999999999,21.386605541218813,9.631894458781186,1.378485714285714,331404.65,1366482.6999999993,12.21,11.88,18.2
2024-11-25,12.03,12.83,11.68,12.59,251836.0,15.14675,14.622659917384693,-1.5177110878011906,36.83589135090304,-7.07,20.789056615859256,9.504443384140746,1.3956285714285712,336908.7,1618318.6999999993,12.17,12.84,19.66
2024-11-26,12.49,12.78,12.11,12.24,144319.0,14.860750000000001,14.395739925252817,-1.5131182215656462,37.77239706242048,-5.92,20.48247690737048,9.239023092629523,1.3456285714285712,331542.45,1473999.6999999993,12.59,12.805,18.16
2024-11-27,12.44,12.58,11.82,11.98,136639.0,14.577249999999998,14.16566945618112,-1.5130170503375595,34.124999970140635,1.1500000000000004,20.178555745326896,8.975944254673097,1.30785,330116.3,1337360.6999999993,12.24,12.42,10.83
2024-11-29,12.03,12.415,11.94,11.94,85967.0,14.332250000000002,13.953700936544823,-1.4988863087732351,28.993288563362015,-0.370000000000001,19.94546792970096,8.719032070299043,1.2160642857142854,317635.7,1251393.6999999993,11.98,12.21,12.31
2024-12-02,11.98,12.6428,11.98,12.29,276133.0,14.07775,13.795253228302458,-1.4428136615787537,23.27773746730324,0.40999999999999837,19.569382366849773,8.586117633150227,1.1179142857142854,324613.15,1527526.6999999993,11.94,12.17,11.88
2024-12-03,12.24,12.96,11.8801,12.73,237559.0,13.882249999999999,13.6938005398927,-1.347340064357173,28.672427305466314,-0.10999999999999943,19.267170929879384,8.497329070120616,1.0743357142857142,330386.65,1765085.6999999993,12.29,12.59,12.84
2024-12-04,12.7,12.83,12.07,12.32,147198.0,13.645750000000001,13.562962393236253,-1.2898910629515168,62.822719297845424,-0.48499999999999943,18.857575899867214,8.433924100132788,0.8836214285714286,329423.15,1617887.6999999993,12.73,12.24,12.805
2024-12-05,12.1,12.1257,10.93,11.04,278778.0,13.383750000000001,13.322680260547086,-1.3322898104203933,38.68092681969108,-1.3800000000000008,18.564740430613202,8.2027595693868,0.8465357142857142,333172.5,1339109.6999999993,12.32,11.98,12.42
2024-12-06,10.91,11.32,10.84,10.99,173682.0,13.080249999999998,13.100520235733079,-1.3543140164382166,41.491395682432206,-1.2200000000000006,18.061808068463513,8.098691931536482,0.7915214285714285,328302.35,1165427.6999999993,11.04,11.94,12.21
2024-12-09,10.97,11.055,10.39,10.45,185828.0,12.69275,12.848089737091833,-1.3992125936152089,25.155925082706247,-1.7200000000000006,17.178490536176263,8.207009463823736,0.747592857142857,325686.85,979599.6999999993,10.99,12.29,12.17
2024-12-10,10.33,10.8,10.255,10.61,143923.0,12.24025,12.634938333559278,-1.4056805661200986,27.760891511924527,-1.9800000000000004,15.39516341944761,9.08533658055239,0.7336642857142858,322077.6,1123522.6999999993,10.45,12.73,12.59
2024-12-11,10.65,11.09,10.36,10.93,108363.0,11.87875,12.47256325417268,-1.3692018486681743,34.7022586271393,-1.3100000000000005,13.42377214257681,10.33372785742319,0.7437714285714286,309884.95,1231885.6999999993,10.61,12.32,12.24
2024-12-12,10.87,11.5,10.8,11.21,122894.0,11.897749999999998,12.352319134727663,-1.3026820347253167,39.87854239710535,-0.7699999999999996,13.397141016730671,10.398358983269326,0.7437714285714286,236860.05,1354779.6999999993,10.93,11.04,11.98
2024-12-13,11.23,11.4,10.86,10.95,92862.0,11.82975,12.218764931420267,-1.256460732807378,38.178294470058894,-0.9900000000000002,13.373131369795416,10.286368630204585,0.7438142857142857,196020.65,1261917.6999999993,11.21,10.99,11.94
2024-12-16,10.68,11.19,10.68,11.12,124629.0,11.791749999999999,12.114120652237384,-1.1923675676829966,35.03054979828357,-1.17,13.367016978207682,10.216483021792316,0.6980999999999999,184249.95,1386546.6999999993,10.95,10.45,12.29
2024-12-17,10.99,11.08,10.7714,11.01,109408.0,11.70025,12.008966304405252,-1.1373388193070966,36.83083500735939,-1.7200000000000006,13.231113103646186,10.169386896353815,0.6722857142857143,168921.45,1277138.6999999993,11.12,10.61,12.73
2024-12-18,11.04,11.8686,11.04,11.18,229375.0,11.619,11.930017132557133,-1.0677027478524064,41.266375419709775,-1.1400000000000006,13.073573911204875,10.164426088795125,0.6771857142857142,168310.4,1506513.6999999993,11.01,10.93,12.32
2024-12-19,11.01,11.7242,10.87,10.88,163730.0,11.542,11.830015500885025,-1.0249086434607886,39.04958666390618,-0.15999999999999837,12.980999652536418,10.103000347463581,0.7042714285714288,166813.3,1342783.6999999993,11.18,11.21,11.04
2024-12-20,10.56,11.07,10.555,10.81,256039.0,11.472,11.732871167467405,-0.9852846739977146,33.77192972087569,-0.17999999999999972,12.910385059345128,10.033614940654871,0.693714285714286,169760.4,1086744.6999999993,10.88,10.95,10.99
2024-12-23,10.7,10.79,10.1805,10.28,153893.0,11.377500000000001,11.59450248485146,-0.9852911403841897,23.65591390727252,-0.16999999999999993,12.870118680814258,9.884881319185745,0.6601142857142859,171152.75,932851.6999999993,10.81,11.12,10.45
2024-12-24,10.24,10.52,10.24,10.37,41892.0,11.266499999999999,11.477883200579893,-0.96688833039771,27.48267889497518,-0.2400000000000002,12.708797509275751,9.824202490724247,0.6258285714285715,160655.55,974743.6999999993,10.28,11.01,10.61
2024-12-26,10.24,10.868,10.1,10.76,143373.0,11.192499999999999,11.409513371953237,-0.9103403928824179,45.93023237121418,-0.16999999999999993,12.575127171270948,9.80987282872905,0.5952785714285715,160608.25,1118116.6999999993,10.37,11.18,10.93
2024-12-27,10.77,10.9209,10.18,10.41,96078.0,11.114,11.314321622243405,-0.8835824316623615,42.24598914667278,-0.8000000000000007,12.486610267835802,9.7413897321642,0.6139142857142857,158580.2,1022038.6999999993,10.76,10.88,11.21
2024-12-30,10.28,10.46,9.85,10.38,110859.0,11.036,11.225338610601176,-0.8549420639638843,48.916408456709085,-0.5699999999999985,12.388119583624498,9.683880416375501,0.6099857142857145,159824.8,911179.6999999993,10.41,10.81,10.95
2024-12-31,10.39,10.6,10.17,10.26,106856.0,10.9345,11.13340160006773,-0.8323327495110657,44.5141063877124,-0.8599999999999994,12.191706175780595,9.677293824219404,0.6017714285714287,151360.95,804323.6999999993,10.38,10.28,11.12
2025-01-02,10.3,10.61,10.14,10.27,106506.0,10.811499999999999,11.051172876251755,-0.8043359048598706,38.54166647931135,-0.7400000000000002,11.776449412363593,9.846550587636404,0.5832,144808.3,910829.6999999993,10.26,10.37,11.01
2025-01-03,10.3,10.44,10.1937,10.39,68593.0,10.715,10.988204030894446,-0.7636621843512774,34.92647040846671,-0.7899999999999991,11.386008667290314,10.043991332709686,0.5507928571428573,140878.05,979422.6999999993,10.27,10.76,11.18
2025-01-06,10.45,11.42,10.45,11.225,144448.0,10.724250000000001,11.010756027952118,-0.6564829197437003,54.17298914767168,0.34499999999999886,11.418809875786394,10.029690124213609,0.581507142857143,134161.55,1123870.6999999993,10.39,10.41,10.88
2025-01-07,11.4,12.01,10.8171,11.7,192472.0,10.75975,11.076398311004297,-0.5271375367065083,58.05555532978395,0.8899999999999988,11.57380078724261,9.945699212757392,0.6302857142857144,135101.05,1316342.6999999993,11.225,10.38,10.81
2025-01-08,11.54,11.69,10.65,11.26,108069.0,10.80025,11.093884186146745,-0.45489101111659913,53.180661388160495,0.9800000000000004,11.629862940821646,9.970637059178355,0.6825285714285715,131213.1,1208273.6999999993,11.7,10.26,10.28
2025-01-10,11.11,11.22,10.7484,11.11,116417.0,10.82525,11.095419025561341,-0.40506947669582516,49.10485915921534,0.7400000000000002,11.660836620285291,9.98966337971471,0.6570285714285714,129837.8,1091856.6999999993,11.26,10.27,10.37
2025-01-13,10.92,10.92,10.4202,10.6,111215.0,10.80875,11.048236261222167,-0.4021030952926914,46.60194158921669,-0.16000000000000014,11.648648960088467,9.968851039911533,0.6317142857142857,129980.4,980641.6999999993,11.11,10.39,10.76
2025-01-14,10.76,10.94,10.4501,10.59,98208.0,10.777750000000001,11.004594712534342,-0.39599435664017335,47.29064023101749,0.17999999999999972,11.600892086602691,9.95460791339731,0.6299214285714284,128746.1,882433.6999999993,10.6,11.225,10.41
2025-01-15,10.9,11.78,10.7,11.62,164579.0,10.81125,11.063204739912024,-0.30453030947209214,64.69298225752155,1.2399999999999984,11.714541495761795,9.907958504238204,0.6635285714285714,132331.95,1047012.6999999993,10.59,11.7,10.38
2025-01-16,11.76,11.92,11.125,11.19,64800.0,10.81475,11.075280478968022,-0.2637020068820277,58.36734677201167,0.9299999999999997,11.723603963140164,9.905896036859836,0.7003142857142857,129340.5,982212.6999999993,11.62,11.26,10.26
2025-01-17,11.31,11.6,11.28,11.38,89283.0,10.83325,11.104301385732972,-0.21355217429001883,56.595744512268006,1.1100000000000012,11.773363514982329,9.89313648501767,0.6683142857142856,128334.25,1071495.6999999993,11.19,11.11,10.27
2025-01-21,11.51,11.64,11.29,11.61,76049.0,10.85475,11.152463158520309,-0.1534797735493889,63.10043648833928,1.2199999999999989,11.846502701560441,9.862997298439558,0.6403928571428572,120667.95,1147544.6999999993,11.38,10.6,10.39
2025-01-22,11.58,12.23,11.58,11.98,127450.0,10.909749999999999,11.231276191042184,-0.07514977554976277,66.26016241308083,0.7550000000000008,12.022075562906178,9.79742443709382,0.64325,118853.95,1274994.6999999993,11.61,10.59,11.225
2025-01-23,11.99,12.5,11.835,12.39,83303.0,10.98875,11.341630839514357,0.0197828414077712,70.44145854391931,0.6900000000000013,12.281107596756627,9.696392403243372,0.6600357142857142,110217.15,1358297.6999999993,11.98,11.62,11.7
2025-01-24,12.38,12.58,12.16,12.28,90729.0,11.08875,11.43099933098918,0.08515987359492527,68.92655349058913,1.0199999999999996,12.457452324331856,9.720047675668143,0.6564642857142857,107058.95,1267568.6999999993,12.39,11.19,11.26
2025-01-27,12.04,12.04,10.9834,11.54,119571.0,11.14725,11.441380347085449,0.07637937318777688,59.6964585437183,0.4299999999999997,12.48629708851594,9.80820291148406,0.7143428571428572,110942.9,1147997.6999999993,12.28,11.38,11.11
2025-01-28,11.45,12.11,10.98,12.02,117090.0,11.210249999999998,11.496486980696359,0.10692024183530258,57.13004469958374,1.42,12.590511130900074,9.829988869099923,0.7257714285714284,109628.75,1265087.6999999993,11.54,11.61,10.6
2025-01-29,12.06,12.06,11.46,11.65,72855.0,11.27225,11.511107268249086,0.10011413901686517,49.542961481974146,1.0600000000000005,12.611961182543261,9.932538817456738,0.6834214285714284,108467.6,1192232.6999999993,12.02,11.98,10.59
2025-01-30,11.77,12.244,11.6911,12.13,68874.0,11.35975,11.570049433177745,0.13193141870023162,57.894736695004305,0.5100000000000016,12.682579801679124,10.036920198320876,0.6486285714285713,106368.35,1261106.6999999993,11.65,12.39,11.62
2025-01-31,12.11,12.39,12.06,12.11,61360.0,11.452250000000001,11.621473296684627,0.15376055328178317,59.29368014310194,0.9199999999999999,12.708327750694357,10.196172249305645,0.6385142857142856,104093.55,1199746.6999999993,12.13,12.28,11.19
2025-02-03,11.69,11.92,11.23,11.81,67873.0,11.529250000000001,11.6394282208099,0.14517927065158354,61.70212749248941,0.4299999999999997,12.663029311116466,10.395470688883536,0.6520999999999998,102161.9,1131873.6999999993,12.11,11.54,11.38
2025-02-04,11.91,12.72,11.495,12.58,129444.0,11.63875,11.729006485494672,0.1982260803213478,66.77908921839675,0.9700000000000006,12.731529531865013,10.545970468134987,0.7046071428571429,105204.45,1261317.6999999993,11.81,12.02,11.61
2025-02-05,12.55,13.245,12.55,13.15,149340.0,11.735,11.864339201161846,0.28299806988800924,63.98537460771568,1.17,12.99988609847102,10.470113901528979,0.6771071428571427,105449.05,1410657.6999999993,12.58,11.65,11.98
2025-02-06,13.15,13.45,12.39,12.92,175458.0,11.796,11.964878324860717,0.32784224325348177,66.4136620626582,0.5299999999999994,13.166998867518435,10.425001132481563,0.6960357142857141,104598.35,1235199.6999999993,13.15,12.13,12.39
2025-02-07,13.01,13.15,12.25,12.49,94163.0,11.8575,12.01488991296922,0.32493847887311844,60.072595128672155,0.21000000000000085,13.237581996038452,10.477418003961548,0.7374642857142855,103903.05,1141036.6999999993,12.92,12.11,12.28
2025-02-10,12.6,13.205,12.6,12.81,132105.0,11.942499999999999,12.090614683162627,0.3444875127190077,60.7142855625,1.2700000000000014,13.338054973553728,10.54694502644627,0.7556785714285711,104687.45,1273141.6999999993,12.49,11.81,11.54
2025-02-11,12.58,12.83,12.5,12.7,70642.0,12.0475,12.148651380004281,0.34710299493194974,56.74157288494717,0.6799999999999997,13.329108775185167,10.765891224814832,0.7328214285714283,102658.8,1202499.6999999993,12.81,12.58,12.02
2025-02-12,12.55,13.78,12.401,13.62,150989.0,12.199,12.288779820003873,0.4185868856123758,60.51282036800349,1.9699999999999989,13.471492787695444,10.926507212304555,0.7838214285714283,105297.85,1353488.6999999993,12.7,13.15,11.65
2025-02-13,13.7,13.8,12.91,13.12,140671.0,12.274,12.36794364667017,0.42993652206442334,56.730769103488655,0.9899999999999984,13.579202545282003,10.968797454717995,0.8173928571428569,104102.45,1212817.6999999993,13.62,12.92,12.13
2025-02-14,13.12,13.42,12.8,12.91,65712.0,12.36,12.419568061273011,0.4171769891187118,61.99649722102436,0.8000000000000007,13.588897666074894,11.131102333925105,0.7862071428571425,104148.05,1147105.6999999993,13.12,12.49,12.11
2025-02-18,13.29,13.35,12.43,12.57,127027.0,12.4195,12.433894912580344,0.37530354320263015,54.93716323714179,0.7599999999999998,13.56071772451052,11.27828227548948,0.7712071428571426,106035.25,1020078.6999999993,12.91,12.81,11.81
2025-02-19,12.94,12.94,11.4202,11.82,250412.0,12.430000000000001,12.375428730429835,0.27839068907233866,51.428571307563026,-0.7599999999999998,13.543382707172926,11.316617292827077,0.8369071428571427,114753.4,769666.6999999993,12.57,12.7,12.58
2025-02-20,10.5,12.57,8.76,12.51,1261919.0,12.4565,12.38824504181747,0.2543320063312553,53.084415463769176,-0.6400000000000006,13.549834349593086,11.363165650406915,1.0695571428571429,171476.85,2031585.6999999993,11.82,13.62,13.15
2025-02-21,12.77,14.39,12.14,12.19,458411.0,12.4465,12.369364561644378,0.20705717505170362,50.619194936738594,-0.7300000000000004,13.54603626588673,11.34696373411327,1.2066999999999999,190232.25,1573174.6999999993,12.51,13.12,12.92
2025-02-24,12.03,12.21,10.5,11.77,313113.0,12.421000000000001,12.312282222440151,0.13415459014548325,49.69604852648256,-0.7200000000000006,13.559750931595955,11.282249068404047,1.279557142857143,201351.45,1260061.6999999993,12.19,12.91,12.49
2025-02-25,11.84,11.84,10.37,10.61,242718.0,12.3745,12.15016010601728,-0.017027259455060673,35.86800566683614,-2.200000000000001,13.721613483282763,11.027386516717236,1.297057142857143,207508.8,1017343.6999999993,11.77,12.57,12.81
2025-02-26,10.62,11.18,10.6,11.09,176072.0,12.328,12.049192476872777,-0.0969899363847766,35.02906969616177,-1.6099999999999994,13.786255627002452,10.869744372997546,1.2888428571428572,210457.9,1193415.6999999993,10.61,11.82,12.7
2025-02-27,11.16,11.305,10.65,10.65,206460.0,12.278,11.915936050503941,-0.19363317402047997,33.991537309466636,-2.969999999999999,13.894163097553843,10.661836902446158,1.259914285714286,217138.15,986955.6999999993,11.09,12.51,13.62
2025-02-28,10.7,10.87,10.2472,10.52,125149.0,12.1975,11.782989759979756,-0.2775145348573389,35.49337253359245,-2.5999999999999996,13.994923594745392,10.400076405254607,1.240114285714286,219951.9,861806.6999999993,10.65,12.19,13.12
2025-03-03,10.65,10.66,9.3,9.51,350608.0,12.067499999999999,11.566514544743589,-0.4206407915260151,27.941176418291903,-3.4000000000000004,14.230488916437537,9.904511083562461,1.294042857142857,234414.3,511198.69999999925,10.52,11.77,12.91
2025-03-04,9.16,10.1,8.99,9.57,238699.0,11.955499999999999,11.376370302387057,-0.5231967955652816,28.936742879527003,-3.0,14.389612612540006,9.521387387459992,1.3497571428571429,242955.6,749897.6999999993,9.51,10.61,12.57
2025-03-05,9.62,9.62,9.13,9.5,127757.0,11.8015,11.197668368826385,-0.6031686301195176,18.693009078768682,-2.3200000000000003,14.449575964882705,9.153424035117297,1.2862571428571428,242871.25,622140.6999999993,9.57,11.09,11.82
2025-03-06,9.48,9.965,8.97,9.1,171823.0,11.599,10.997890428938158,-0.6908597411791657,18.98148144047211,-3.41,14.426235212600531,8.77176478739947,1.2937571428571424,243995.4,450317.69999999925,9.5,10.65,12.51
2025-03-07,9.06,9.59,8.7605,9.4,149733.0,11.423,10.845710388086905,-0.7277589337053385,23.287671183253067,-2.789999999999999,14.340786471751619,8.505213528248381,1.3087214285714286,242709.15,600050.6999999993,9.1,10.52,12.19
2025-03-10,9.11,9.11,8.46,8.94,274067.0,11.2455,10.664214160650056,-0.785070165072506,22.86995510909128,-2.83,14.317810805275144,8.173189194724856,1.289435714285714,251704.35,325983.69999999925,9.4,9.51,11.77
2025-03-11,8.91,9.43,8.845,9.31,116057.0,11.0705,10.535241383445289,-0.7915097889063567,30.110934956964655,-1.299999999999999,14.166225236005602,7.974774763994397,1.2226642857142855,250901.95,442040.69999999925,8.94,9.57,10.61
2025-03-12,9.48,9.9,9.34,9.54,123878.0,10.9125,10.440456489783832,-0.7691874453128626,24.615384556476016,-1.5500000000000007,13.980486653371061,7.844513346628938,0.9905214285714282,253563.75,565918.6999999993,9.31,9.5,11.09
2025-03-13,9.48,9.59,8.81,9.09,103362.0,10.686,10.311841585994896,-0.7788301966819144,24.080267502153234,-1.5600000000000005,13.57607302766953,7.795926972330471,0.8855214285714281,251182.4,462556.69999999925,9.54,9.1,10.65
2025-03-14,9.34,9.73,9.175,9.7,116819.0,10.515,10.253570958757287,-0.7288485324077314,33.225283555080395,-0.8200000000000003,13.195828622881905,7.834171377118096,0.8030214285714281,249989.8,579375.6999999993,9.09,9.4,10.52
2025-03-17,9.7,9.95,9.53,9.74,144080.0,10.3565,10.204659438875641,-0.6781922594589265,41.38613849912755,0.23000000000000043,12.80597491687928,7.907025083120722,0.728021428571428,253908.2,723455.6999999993,9.7,8.94,9.51
2025-03-18,9.64,9.64,9.28,9.43,87259.0,10.1995,10.130882349458913,-0.6555049543342619,32.99180318403991,-0.14000000000000057,12.445689521928351,7.95331047807165,0.7123071428571424,251919.8,636196.6999999993,9.74,9.31,9.57
2025-03-19,9.49,9.58,9.23,9.51,78293.0,10.084,10.071750697129493,-0.6238780918652598,37.38938041516564,0.009999999999999787,12.213891521823701,7.954108478176298,0.6905214285714282,243313.85,714489.6999999993,9.43,9.54,9.5
2025-03-20,9.29,9.669,9.18,9.55,60581.0,9.936,10.022060154545732,-0.5887986059779742,39.05191861247703,0.45000000000000107,11.742985276495991,8.129014723504008,0.6809642857142854,183246.95,775070.6999999993,9.51,9.09,9.1
2025-03-21,9.39,9.55,9.251,9.36,82378.0,9.7945,9.959006806493758,-0.5697614178215193,47.9224374872814,-0.040000000000000924,11.271374010234062,8.317625989765936,0.6051785714285712,164445.3,692692.6999999993,9.55,9.7,9.4
2025-03-24,9.51,9.9095,9.36,9.6,91632.0,9.686,9.92481568206578,-0.5292079351596648,50.39577817795754,0.6600000000000001,10.83402163926038,8.53797836073962,0.565142857142857,153371.25,784324.6999999993,9.36,9.74,8.94
2025-03-25,9.47,9.68,9.44,9.55,71285.0,9.633,9.889118950440468,-0.4953930078871629,50.66312978533587,0.2400000000000002,10.69614528392708,8.569854716072918,0.5472857142857143,144799.6,713039.6999999993,9.6,9.43,9.31
2025-03-26,9.47,9.54,9.12,9.3,59510.0,9.5435,9.833012383731852,-0.48319734682879556,52.762430735172934,-0.23999999999999844,10.363853582304323,8.723146417695677,0.5062142857142857,138971.5,653529.6999999993,9.55,9.51,9.54
2025-03-27,9.19,9.37,8.92,8.95,70836.0,9.458499999999999,9.74891596623358,-0.49605604717533147,43.86920964191581,-0.14000000000000057,10.135965089408995,8.781034910591003,0.47910714285714284,132190.3,582693.6999999993,9.3,9.55,9.09
2025-03-28,8.91,8.985,8.595,8.69,85881.0,9.367,9.648066826592286,-0.5212182078778831,46.39769433730037,-1.0099999999999998,9.92451705189832,8.809482948101682,0.46053571428571427,130226.9,496812.69999999925,8.95,9.36,9.7
2025-03-31,8.48,8.625,7.98,8.17,152167.0,9.3,9.507298557393021,-0.5764738242929539,34.25414351393425,-1.5700000000000003,10.067634781581855,8.532365218418146,0.4648214285714286,120304.85,344645.69999999925,8.69,9.6,9.74
2025-04-01,8.1,8.235,7.83,8.15,127415.0,9.229,9.378032028117495,-0.6147912009794858,29.618768206843797,-1.2799999999999994,10.14065321199831,8.317346788001688,0.45374999999999993,114740.65,217230.69999999925,8.17,9.55,9.43
2025-04-02,8.0,8.6238,7.915,8.37,85007.0,9.1725,9.282028977820591,-0.6202559126173153,38.67924511273288,-1.1400000000000006,10.151046182649754,8.193953817350245,0.4486642857142856,112603.15,302237.69999999925,8.15,9.3,9.51
2025-04-03,7.79,7.79,7.305,7.34,162439.0,9.0845,9.097073837075772,-0.6996341805658446,17.222222155246925,-2.210000000000001,10.361527387086065,7.807472612913935,0.4436642857142857,112133.95,139798.69999999925,8.37,8.95,9.55
2025-04-04,6.93,7.05,6.58,6.9,128613.0,8.9595,8.887828709735222,-0.788951807242718,14.499999949249997,-2.459999999999999,10.555962866530237,7.363037133469764,0.44723571428571424,111077.95,11185.699999999255,7.34,8.69,9.36
2025-04-07,6.56,7.6,6.24,6.96,143234.0,8.8605,8.704225975474724,-0.8451527762090105,17.066666602951102,-2.6399999999999997,10.690535662580153,7.030464337419847,0.5186642857142856,104536.3,154419.69999999925,6.9,8.17,9.6
2025-04-08,7.48,7.48,6.69,6.86,135148.0,8.738,8.528585406381893,-0.8875307117101352,14.854111350674387,-2.6900000000000004,10.759345044635637,6.716654955364362,0.550092857142857,105490.85,19271.699999999255,6.96,8.15,9.55
2025-04-09,6.77,7.81,6.66,7.58,223019.0,8.64,8.438243939107426,-0.8531825903881103,27.865168451660125,-1.7200000000000006,10.68750939847451,6.5924906015254905,0.5973071428571427,110447.9,242290.69999999925,6.86,8.37,9.3
2025-04-10,7.4,7.65673,7.11,7.15,117030.0,8.543000000000001,8.315554040144814,-0.850850784903467,26.439232330458566,-1.799999999999999,10.682494283580354,6.403505716419648,0.6150021428571425,111131.3,125260.69999999925,7.58,7.34,8.95
2025-04-11,7.11,7.45,6.95,7.26,87162.0,8.421000000000001,8.215025083940546,-0.830552637758478,24.342105188423332,-1.4299999999999997,10.560974421883376,6.281025578116626,0.6114664285714282,109648.45,212422.69999999925,7.15,6.9,8.69
2025-04-14,7.5,7.6,7.2601,7.43,67906.0,8.3055,8.140260790231922,-0.7916232901348161,27.350427268609806,-0.7400000000000002,10.394473306120373,6.2165266938796275,0.6186021428571424,105839.75,280328.69999999925,7.26,6.96,8.17
2025-04-15,7.43,7.65,7.17,7.25,83548.0,8.1965,8.055474048305072,-0.7664607153284164,27.765726596806886,-0.9000000000000004,10.265827630440505,6.127172369559497,0.6228878571428567,105654.2,196780.69999999925,7.43,6.86,8.15
2025-04-16,7.12,7.33,7.08,7.29,61956.0,8.0855,7.9825717579903035,-0.7348209690803422,30.697674318658713,-1.0799999999999992,10.095480099403778,6.0755199005962215,0.6086021428571424,104837.35,258736.69999999925,7.25,7.58,8.37
2025-04-17,7.28,7.4475,7.25,7.29,55879.0,7.972499999999999,7.916612542943608,-0.7016579659619904,32.67326721350845,-0.04999999999999982,9.887689972712405,6.057310027287594,0.5948521428571425,104602.25,258736.69999999925,7.29,7.15,7.34
2025-04-21,7.16,7.27,6.8,6.95,75123.0,7.852000000000001,7.824554205520407,-0.6948019610577321,34.19689106767966,0.04999999999999982,9.701763569529108,6.002236430470894,0.5823521428571425,104239.5,183613.69999999925,7.29,7.26,6.9
2025-04-22,7.07,7.57,7.0491,7.57,78689.0,7.7505,7.800310947851797,-0.6320537867189806,43.497757710993575,0.6100000000000003,9.40933250003038,6.091667499969619,0.5906307142857141,103592.35,262302.69999999925,6.95,7.43,6.96
2025-04-23,7.92,8.33,7.91,7.91,137208.0,7.6685,7.810757524246863,-0.5485667123884044,44.97816580137679,1.0499999999999998,9.09924915966911,6.2377508403308894,0.5700021428571427,106888.5,399510.69999999925,7.57,7.25,6.86
2025-04-24,7.93,8.5358,7.93,8.51,82002.0,7.629,7.877352045747162,-0.42904189104805646,64.0963853259399,0.9299999999999997,8.905391294564964,6.352608705435036,0.5786307142857142,108013.1,481512.69999999925,7.91,7.29,7.58
2025-04-25,8.4,8.425,8.25,8.32,57555.0,7.597500000000001,7.919508993771242,-0.34566441688056937,68.2051279602893,1.17,8.762893540938972,6.432106459061031,0.5575592857142856,107349.05,423957.69999999925,8.51,7.29,7.15
2025-04-28,8.29,8.591,8.2763,8.57,84295.0,7.591500000000001,7.98146051817398,-0.25645796940597787,69.68215135072126,1.3100000000000005,8.734225734926046,6.448774265073956,0.4828949999999998,107269.75,508252.69999999925,8.32,6.95,7.26
2025-04-29,8.48,8.5,8.27,8.42,85155.0,7.603999999999999,8.023226183109792,-0.19561009210359526,68.8405794773507,0.9900000000000002,8.778400631004759,6.429599368995239,0.44289499999999987,103919.15,423097.69999999925,8.57,7.57,7.43
2025-04-30,8.2,8.32,8.0,8.14,98364.0,7.603500000000001,8.034347499004097,-0.16804426125866812,57.56756734974435,0.8900000000000006,8.776929970103014,6.430070029896989,0.3836092857142856,102466.6,324733.69999999925,8.42,7.91,7.25
2025-05-01,8.29,8.59,8.13,8.23,100342.0,7.596500000000001,8.052981070527517,-0.1373525788444514,66.07142829613096,0.9400000000000004,8.752213951132035,6.440786048867966,0.3774142857142856,103233.35,425075.69999999925,8.14,8.51,7.29
2025-05-02,8.31,8.6,8.21,8.24,77517.0,7.641500000000001,8.070792397143943,-0.11094339656728103,65.03067456735295,0.9500000000000002,8.82491655254658,6.458083447453422,0.36955714285714264,98987.25,502592.69999999925,8.23,8.32,7.29
2025-05-05,8.05,8.265,8.05,8.1,56411.0,7.7015,8.073574073606425,-0.10015622074821806,60.37151676619157,1.1499999999999995,8.847720792544916,6.555279207455085,0.3606357142857141,95377.15,446181.69999999925,8.24,8.57,6.95
2025-05-06,8.0,8.5554,8.0,8.34,44116.0,7.7705,8.098947971358195,-0.07141804914355987,66.56534926081615,0.7699999999999996,8.894711536565303,6.646288463434697,0.36602142857142844,90421.25,490297.69999999925,8.1,8.42,7.57
2025-05-07,8.35,8.86,8.085,8.19,105881.0,7.837000000000001,8.107619593133604,-0.0600543186938296,63.23529385726643,0.27999999999999936,8.889497780969887,6.784502219030115,0.4035214285714283,88957.9,384416.69999999925,8.34,8.14,7.91
2025-05-08,8.32,8.87,8.24,8.48,190039.0,7.882,8.143084393787547,-0.027332828242400353,66.124660995733,-0.02999999999999936,8.964756715639451,6.799243284360547,0.4344142857142854,87308.9,574455.6999999993,8.19,8.23,8.51
2025-05-09,8.0,8.0287,7.03,7.89,321343.0,7.919,8.118981118188733,-0.04845037471786462,61.928933790100224,-0.4300000000000006,8.945550688367923,6.892449311632076,0.47217857142857117,97524.55,253112.69999999925,8.48,8.24,8.32
2025-05-12,8.0,8.23,7.67,7.84,127191.0,7.948,8.092411487885045,-0.068431923953991,54.00593449374389,-0.7300000000000004,8.927873246367385,6.968126753632616,0.4749714285714283,99526.0,125921.69999999925,7.89,8.1,8.57
2025-05-13,7.89,7.91,7.61,7.85,166248.0,7.968999999999999,8.06932467951504,-0.08250941211387541,49.01315766901835,-0.5700000000000003,8.919698358271564,7.018301641728436,0.46639999999999976,104443.1,292169.69999999925,7.84,8.34,8.42
2025-05-14,7.89,8.14,7.75,7.83,100903.0,7.997999999999999,8.04653185289456,-0.09419394657402513,36.178861582721936,-0.3100000000000005,8.88991927885835,7.106080721141648,0.45098571428571405,105310.85,191266.69999999925,7.85,8.19,8.14
2025-05-15,7.83,7.97,7.675,7.73,77752.0,8.02,8.016385962142698,-0.1102522690533565,37.552742394203214,-0.5,8.858494892178676,7.181505107821322,0.4595571428571426,106100.65,113514.69999999925,7.83,8.48,8.23
2025-05-16,7.71,7.925,7.6935,7.72,93809.0,8.041500000000001,7.988158727652917,-0.12237486052230917,30.046948159315846,-0.5200000000000005,8.82116997066522,7.2618300293347815,0.4536142857142855,107997.15,19705.699999999255,7.73,7.89,8.24
2025-05-19,7.61,9.14,7.58,8.99,286477.0,8.1435,8.083572182162163,-0.02916749075556524,58.769230516071005,0.8900000000000006,8.852488159651166,7.434511840348833,0.5486142857142855,118564.85,306182.69999999925,7.72,7.84,8.1
2025-05-20,8.89,9.16,8.515,8.87,157840.0,8.208499999999999,8.15847006957529,0.03461796978254483,61.81229745457208,0.5299999999999994,8.934274359599371,7.482725640400628,0.5718285714285712,122522.4,148342.69999999925,8.99,7.85,8.34
2025-05-21,8.8,8.845,8.44,8.5,125142.0,8.238,8.190996729615739,0.054682157158186584,54.00593449374388,0.3100000000000005,8.960644267147645,7.515355732852354,0.5679,121919.1,23200.699999999255,8.87,7.83,8.19
2025-05-22,8.48,8.7099,8.24,8.24,90139.0,8.2245,8.195663707747572,0.04903806285524759,49.99999980662984,-0.2400000000000002,8.935747236604964,7.5132527633950374,0.5736071428571429,122325.95,-66938.30000000075,8.5,7.73,8.48
2025-05-23,8.1,8.29,7.89,8.14,98684.0,8.2155,8.190362402247803,0.036080005348898325,50.558659020161684,0.2500000000000009,8.926214244152566,7.504785755847435,0.5868214285714285,124382.4,-165622.30000000075,8.24,7.72,7.89
2025-05-27,8.32,8.905,8.25,8.54,152857.0,8.214,8.223661221081345,0.057425344848493154,52.673796594269206,0.6999999999999993,8.921684140068512,7.5063158599314885,0.5939357142857141,127810.5,-12765.300000000745,8.14,8.99,7.84
2025-05-28,8.51,8.51,7.77,7.77,131034.0,8.1815,8.18045539050217,0.012069980127682456,45.18348609344753,-0.08000000000000007,8.908781166218459,7.454218833781541,0.5914357142857142,130104.45,-143799.30000000075,8.54,8.87,7.85
2025-05-29,7.84,8.07,7.715,7.72,127773.0,8.160499999999999,8.13660249616863,-0.02759100340147569,40.77669889056461,-0.11000000000000032,8.91651378433498,7.404486215665019,0.5717928571428572,131574.9,-271572.30000000075,7.77,8.5,7.83
2025-05-30,7.67,7.86,7.4314,7.48,92573.0,8.123000000000001,8.074068925104951,-0.07749529530151023,44.56233405202317,-0.25,8.936701096031854,7.309298903968148,0.5310714285714286,131186.45,-364145.30000000075,7.72,8.24,7.73
2025-06-02,7.46,7.55,7.259,7.37,105349.0,8.0795,8.007014741761623,-0.12448589100323115,43.86422960467383,-0.34999999999999964,8.95735564093136,7.2016443590686405,0.5118571428571428,132578.05,-469494.30000000075,7.48,8.14,7.72
2025-06-03,7.38,7.775,7.2101,7.45,96457.0,8.047,7.953965718736706,-0.15350147577234718,44.87179471071664,-1.54,8.968694092418527,7.125305907581474,0.5307785714285714,134580.35,-373037.30000000075,7.37,8.54,8.99
2025-06-04,7.39,7.75,7.32,7.74,200488.0,8.017,7.933588031237972,-0.1513512760812299,48.92086314510981,-1.129999999999999,8.937597060264492,7.096402939735507,0.5336357142857142,142398.95,-172549.30000000075,7.45,7.77,8.87
2025-06-05,7.75,7.82,7.49,7.51,101737.0,7.983,7.893246313977213,-0.16628942417415882,47.441860310654405,-0.9900000000000002,8.926634630452206,7.039365369547793,0.5361357142857143,142191.75,-274286.30000000075,7.74,7.72,8.5
2025-06-06,7.67,7.86,7.66,7.66,81624.0,7.942,7.871032379312716,-0.16413225331620485,49.32432416879718,-0.5800000000000001,8.865758911358899,7.018241088641101,0.5338857142857143,136771.0,-192662.30000000075,7.51,7.48,8.24
2025-06-09,7.69,7.8547,7.565,7.67,104066.0,7.931,7.85188643842579,-0.1597739883612137,29.245282890115092,-0.47000000000000064,8.86257252450909,6.99942747549091,0.44315,125907.15,-88596.30000000075,7.66,7.37,8.14
2025-06-10,7.77,7.84,7.57,7.59,59055.0,7.9185,7.8269448728614295,-0.16092037350062238,29.617834262850423,-0.9499999999999993,8.86184845936624,6.97515154063376,0.4163642857142857,122500.35,-147651.30000000075,7.67,7.45,8.54
2025-06-11,7.65,7.73,7.33,7.33,76026.0,7.8925,7.77961678973177,-0.18072542882636355,30.693069165114522,-0.4399999999999995,8.871777392022043,6.913222607977957,0.41600714285714274,117989.25,-223677.30000000075,7.59,7.74,7.77
2025-06-12,7.33,7.54,7.325,7.35,80309.0,7.8685,7.738700904995411,-0.19258721942258372,34.050179040608384,-0.3700000000000001,8.877309094662047,6.859690905337954,0.3978,116959.55,-143368.30000000075,7.33,7.51,7.72
2025-06-13,7.26,7.36,6.95,6.98,162490.0,7.831,7.666443675948229,-0.22920158847178573,31.045751491947527,-0.5,8.914481717232974,6.747518282767027,0.3985142857142857,121196.45,-305858.30000000075,7.35,7.66,7.48
2025-06-16,7.05,7.49,7.05,7.42,93258.0,7.816,7.642972849667445,-0.2201763609351577,31.935483726742973,0.04999999999999982,8.914159225344708,6.717840774655292,0.3831571428571429,121168.9,-212600.30000000075,6.98,7.67,7.37
2025-06-17,7.42,7.43,7.14,7.32,88684.0,7.732499999999999,7.612213530651498,-0.21857338937870896,40.74074050602043,-0.1299999999999999,8.701120831795713,6.763879168204285,0.3510142857142858,111279.25,-301284.30000000075,7.42,7.59,7.45
2025-06-18,7.34,7.68,7.28,7.65,128009.0,7.6715,7.6158122420180225,-0.18850184882162146,48.70848683324029,-0.08999999999999986,8.478711574690877,6.864288425309124,0.35422857142857145,109787.7,-173275.30000000075,7.32,7.33,7.74
2025-06-20,7.7,7.77,7.335,7.49,177354.0,7.621,7.603830123730591,-0.1755568885695249,50.19011380126935,-0.019999999999999574,8.33042230018454,6.91157769981546,0.3546857142857142,112398.3,-350629.30000000075,7.65,7.35,7.51
2025-06-23,7.44,7.63,7.185,7.62,158768.0,7.590000000000001,7.605370111946725,-0.15304380702079268,54.716980843004634,-0.040000000000000036,8.236968639929131,6.9430313600708695,0.3656857142857143,115829.75,-191861.30000000075,7.49,6.98,7.66
2025-06-24,7.7,8.3,7.625,8.23,294048.0,7.594499999999999,7.664858672713704,-0.08500029518607999,62.264150669277335,0.5600000000000005,8.258601292209937,6.930398707790062,0.37355,125597.95,102186.69999999925,7.62,7.42,7.67
2025-06-25,8.25,8.36,7.97,8.23,169691.0,7.578999999999999,7.7186816562647795,-0.030721187108330383,58.47750836723699,0.6400000000000006,8.15937737269466,6.998622627305338,0.37069285714285716,126439.65,102186.69999999925,8.23,7.32,7.59
2025-06-26,8.28,8.385,8.14,8.24,129803.0,7.602500000000001,7.7683310223348006,0.01295299941535788,63.6704116511664,0.9100000000000001,8.24965978666231,6.955340213337692,0.36462142857142854,126378.1,231989.69999999925,8.23,7.65,7.33
2025-06-27,8.22,8.57,8.115,8.55,1688443.0,7.644000000000001,7.842775686874344,0.0717523991200677,65.72438130030343,1.200000000000001,8.417084049355276,6.870915950644726,0.3828357142857142,204411.6,1920432.6999999993,8.24,7.49,7.35
2025-06-30,8.61,8.795,8.0672,8.24,235701.0,7.6819999999999995,7.880606573838692,0.09227326898421229,59.105431045534814,1.2599999999999998,8.494833899002469,6.86916610099753,0.4141285714285714,211568.0,1684731.6999999993,8.55,7.62,6.98
2025-07-01,8.13,8.9699,8.06,8.83,314612.0,7.755,7.9710249953778645,0.15436485341926165,67.03296677514794,1.4100000000000001,8.701161219153866,6.808838780846135,0.4598357142857143,222031.15,1999343.6999999993,8.24,8.23,7.42
2025-07-02,8.79,9.0699,8.56,8.68,177563.0,7.8165000000000004,8.038546424389496,0.18928715058724332,69.12181275702397,1.3599999999999994,8.836227001649902,6.796772998350099,0.4676857142857143,226086.45,1821780.6999999993,8.83,8.23,7.32
2025-07-03,8.75,8.81,8.61,8.68,108236.0,7.863499999999999,8.099637241114307,0.2144908061964923,68.94586867087118,1.0299999999999994,8.952667233787844,6.774332766212155,0.4666142857142858,221473.85,1821780.6999999993,8.68,8.24,7.65
2025-07-07,8.56,8.74,8.26,8.26,108253.0,7.901000000000001,8.114909884817706,0.1982886468453735,67.97752782256026,0.7699999999999996,8.9905658237159,6.811434176284102,0.4716142857142858,221799.65,1713527.6999999993,8.68,8.55,7.49
2025-07-08,8.27,8.5,8.19,8.25,87237.0,7.9305,8.127775610073163,0.182537226876887,63.25878565954537,0.6299999999999999,9.02453117438467,6.836468825615331,0.46232857142857153,222080.3,1626290.6999999993,8.26,8.24,7.62
2025-07-09,8.23,8.39,8.0401,8.21,84589.0,7.9575000000000005,8.13560650435191,0.16492529126765199,64.49511371240014,-0.019999999999999574,9.051115442850591,6.86388455714941,0.46660714285714294,221106.45,1541701.6999999993,8.25,8.83,8.23
2025-07-10,8.21,8.3672,7.99,8.05,152973.0,7.980499999999999,8.127453503937444,0.13648374295537025,56.89655144946493,-0.17999999999999972,9.060840589570194,6.900159410429804,0.4649785714285716,225802.35,1388728.6999999993,8.21,8.68,8.23
2025-07-11,7.99,8.005,7.75,7.84,103530.0,8.006,8.100076979752926,0.0958929715659167,55.93220312438954,-0.40000000000000036,9.044975203594102,6.967024796405897,0.45212142857142884,227177.55,1285198.6999999993,8.05,8.68,8.24
2025-07-14,7.82,7.91,7.62,7.67,105270.0,8.022,8.059117267395504,0.049437034191660345,50.83612016330913,-0.8800000000000008,9.02776443825697,7.016235561743031,0.4410500000000002,228425.6,1179928.6999999993,7.84,8.26,8.55
2025-07-15,7.76,7.82,7.485,7.52,123297.0,8.049,8.007772765738789,0.0005107352894189177,35.968379247605796,-0.7200000000000006,8.961668729893558,7.136331270106441,0.41676428571428586,226465.95,1056631.6999999993,7.67,8.25,8.24
2025-07-16,7.58,7.78,7.335,7.47,169037.0,8.0515,7.956556311858904,-0.041816259409368506,35.27131763806261,-1.3600000000000003,8.957161142625854,7.145838857374149,0.42069285714285737,230254.9,887594.6999999993,7.52,8.21,8.83
