Date,Open,High,Low,Close,Volume,SMA_20,EMA_20,MACD,RSI_14,Momentum_10,Bollinger_Upper,Bollinger_Lower,ATR_14,Volume_MA_20,OBV,Lag_1,Lag_5,Lag_10
2023-08-15,3.74,3.7593,3.4404,3.51,132431.0,4.253500000000001,4.13268774460421,-0.14742196533170215,30.864197353045768,-1.0,4.949209406970589,3.557790593029412,0.2570642857142858,78235.55,-895139.0,3.77,4.15,4.51
2023-08-16,3.48,3.64,3.48,3.62,69392.0,4.2115,4.08386034035619,-0.15722860842266373,35.10204061574345,-0.7800000000000002,4.954531486192668,3.468468513807333,0.24900714285714293,79294.35,-825747.0,3.51,4.1,4.4
2023-08-17,3.65,3.73,3.54,3.59,49585.0,4.166,4.036826022227029,-0.16495986777636995,26.696832410065312,-0.6400000000000006,4.945214179056121,3.3867858209438793,0.23900714285714292,79672.25,-875332.0,3.62,3.74,4.23
2023-08-18,3.57,3.58,3.46,3.56,40193.0,4.117500000000001,3.991414020110169,-0.1710383391897854,21.4285712857143,-0.5900000000000003,4.921670052715351,3.31332994728465,0.23543571428571436,80802.5,-915525.0,3.59,3.61,4.15
2023-08-21,3.57,3.62,3.4491,3.54,51165.0,4.0714999999999995,3.948422208671105,-0.17511548877899008,24.064170942835077,-0.79,4.898117075479138,3.2448829245208612,0.23550000000000007,80440.0,-966690.0,3.56,3.77,4.33
2023-08-22,3.53,3.53,3.37,3.455,114970.0,4.02175,3.901429617369095,-0.18213494936199526,24.390243717364,-0.6950000000000003,4.871884819029496,3.1716151809705035,0.2310071428571429,84105.25,-1081660.0,3.54,3.51,4.15
2023-08-23,3.51,3.63,3.47,3.54,149526.0,3.97675,3.867007749048229,-0.17949636212613074,30.39772703092717,-0.5599999999999996,4.8289439178873605,3.1245560821126395,0.21457857142857142,89842.9,-932134.0,3.455,3.62,4.1
2023-08-24,3.52,3.52,3.3,3.37,68755.0,3.9277500000000005,3.8196736777103024,-0.18739303698615162,28.91891870007305,-0.3700000000000001,4.801992378772674,3.0535076212273267,0.20897142857142859,91436.6,-1000889.0,3.54,3.59,3.74
2023-08-25,3.37,3.46,3.23,3.46,95344.0,3.86975,3.785419041737893,-0.18493074704160417,25.28409070796748,-0.1499999999999999,4.703602662739582,3.035897337260417,0.2046857142857143,91351.75,-905545.0,3.37,3.56,3.61
2023-08-28,3.45,3.64,3.45,3.59,42897.0,3.81125,3.766807704429522,-0.17148771444934985,33.62573071885366,-0.18000000000000016,4.539621471160147,3.082878528839853,0.2082571428571429,90640.4,-862648.0,3.46,3.54,3.77
2023-08-29,3.69,3.69,3.425,3.53,45978.0,3.7622500000000003,3.7442545897219484,-0.16336070125373148,33.430232286033004,0.020000000000000018,4.421248242949496,3.1032517570505043,0.22134285714285715,88505.3,-908626.0,3.59,3.455,3.51
2023-08-30,3.55,3.55,3.35,3.4,77552.0,3.7122499999999996,3.711468438319858,-0.1646283928099721,38.59060366424935,-0.2200000000000002,4.317024642673656,3.107475357326343,0.20562857142857144,87808.35,-986178.0,3.53,3.54,3.62
2023-08-31,3.45,3.45,3.28,3.35,134592.0,3.6682499999999996,3.677042872765586,-0.16739496616990035,40.78014143906243,-0.23999999999999977,4.241654192887571,3.0948458071124274,0.20062857142857143,88516.25,-1120770.0,3.4,3.37,3.59
2023-09-01,3.34,3.4943,3.3051,3.44,43270.0,3.63275,3.6544673610736256,-0.16095896751130745,37.686566770438844,-0.1200000000000001,4.167160398181216,3.0983396018187843,0.196,87694.25,-1077500.0,3.35,3.46,3.56
2023-09-05,3.53,3.54,3.38,3.46,102959.0,3.58925,3.6359466600189947,-0.15258061090591957,47.72727211983472,-0.08000000000000007,4.015349506540055,3.1631504934599444,0.18465,91016.65,-974541.0,3.44,3.59,3.54
2023-09-06,3.43,3.44,3.3658,3.43,38359.0,3.55325,3.6163326923981383,-0.14651512424461322,40.68627395136486,-0.02499999999999991,3.8927275397577783,3.2137724602422213,0.17852142857142855,89401.55,-1012900.0,3.46,3.53,3.455
2023-09-07,3.45,3.45,3.26,3.3,32743.0,3.51325,3.5862057693126013,-0.14985963926170331,37.05357096540178,-0.2400000000000002,3.7563067401808934,3.270193259819107,0.17852142857142858,85810.2,-1045643.0,3.43,3.4,3.54
2023-09-08,3.27,3.34,3.23,3.29,52043.0,3.49075,3.5579956960447343,-0.1515076438688916,37.72727224710743,-0.08000000000000007,3.728685749841475,3.2528142501585244,0.17780714285714286,77383.15,-1097686.0,3.3,3.35,3.37
2023-09-11,3.35,3.35,3.23,3.3,24094.0,3.47525,3.5334246773738074,-0.1502972900945756,38.99082518727378,-0.16000000000000014,3.72074573905616,3.22975426094384,0.1741714285714286,71311.75,-1073592.0,3.29,3.44,3.46
2023-09-12,3.31,3.31,3.21,3.21,35632.0,3.4472499999999995,3.5026223271477304,-0.15447494522104366,38.81278489189132,-0.3799999999999999,3.6785273454671,3.215972654532899,0.16988571428571433,70074.0,-1109224.0,3.3,3.46,3.59
2023-09-13,3.21,3.21,3.13,3.19,34519.0,3.43125,3.4728487721812797,-0.15749945290492606,33.00970828918841,-0.33999999999999986,3.6872079529614252,3.1752920470385746,0.16417142857142863,65178.4,-1143743.0,3.21,3.43,3.53
2023-09-14,3.2,3.27,3.15,3.24,22444.0,3.4122500000000002,3.4506726986402056,-0.15422828633015584,42.85714219780221,-0.1599999999999997,3.6656162836373523,3.158883716362648,0.1570285714285715,62831.0,-1121299.0,3.19,3.3,3.4
2023-09-15,3.25,3.25,3.15,3.18,24216.0,3.3917499999999996,3.4248943463887573,-0.15451103066434024,34.09090854855373,-0.16999999999999993,3.6508430537978738,3.1326569462021254,0.1477428571428572,61562.55,-1145515.0,3.24,3.29,3.35
2023-09-18,3.22,3.22,3.0884,3.1,25601.0,3.36875,3.3939520276850663,-0.15912801699437917,20.481927365365095,-0.33999999999999986,3.645989683496528,3.091510316503472,0.14357142857142866,60832.95,-1171116.0,3.18,3.3,3.44
2023-09-19,3.13,3.1488,3.03,3.03,56490.0,3.34325,3.359289929810298,-0.16632961308127436,20.238094900793655,-0.43000000000000016,3.6467432584007895,3.03975674159921,0.1331285714285715,61099.2,-1227606.0,3.1,3.21,3.46
2023-09-20,3.04,3.0699,3.0,3.04,24941.0,3.3225000000000002,3.32888136506646,-0.16928958569511066,24.999999513888923,-0.3900000000000001,3.6496487670608975,2.995351232939103,0.1238357142857144,56597.75,-1202665.0,3.03,3.19,3.43
2023-09-21,2.88,3.02,2.88,3.02,26251.0,3.2965000000000004,3.299464092202988,-0.17122235281175646,26.086955992438575,-0.2799999999999998,3.633375738452454,2.959624261547547,0.12169285714285724,50434.0,-1228916.0,3.04,3.24,3.3
2023-09-22,3.08,3.08,2.95,3.0,25232.0,3.278,3.27094370246937,-0.17233250150116763,14.51612870447454,-0.29000000000000004,3.637742598036563,2.918257401963437,0.1174642857142858,48257.85,-1254148.0,3.02,3.18,3.29
2023-09-25,2.95,3.0,2.91,2.92,19377.0,3.251,3.2375204927103827,-0.17746532829530048,10.294117435121137,-0.3799999999999999,3.6335620004790297,2.86843799952097,0.11246428571428578,44459.5,-1273525.0,3.0,3.1,3.3
2023-09-26,2.88,2.9103,2.75,2.75,71812.0,3.2089999999999996,3.191089969595108,-0.19272762530380794,8.5365852201071,-0.45999999999999996,3.618358933995699,2.7996410660043,0.11861428571428578,45905.25,-1345337.0,2.92,3.03,3.21
2023-09-27,2.74,2.82,2.6851,2.81,33334.0,3.173,3.1547956867765263,-0.19778626082929573,17.333333009777817,-0.3799999999999999,3.5900624085572432,2.755937591442757,0.11467857142857148,45273.05,-1312003.0,2.75,3.04,3.19
2023-09-28,2.84,2.9,2.7801,2.83,21406.0,3.1445,3.1238627642263808,-0.19792151622854925,19.736841741689787,-0.41000000000000014,3.5739660087033296,2.71503399129667,0.11538571428571433,42465.75,-1290597.0,2.81,3.02,3.24
2023-09-29,2.9217,2.9217,2.82,2.83,13486.0,3.1185,3.0958758343000587,-0.19576576160811765,18.666666318222283,-0.3500000000000001,3.558417456372263,2.678582543627737,0.11407857142857147,36410.45,-1290597.0,2.83,3.0,3.18
2023-10-02,2.83,2.83,2.7,2.74,15565.0,3.0835,3.061982897700053,-0.19890728379591494,18.666666318222283,-0.3599999999999999,3.5270870531070533,2.6399129468929465,0.1162214285714286,35025.2,-1306162.0,2.83,2.92,3.1
2023-10-03,2.72,2.73,2.61,2.64,69214.0,3.0425,3.021794050300048,-0.20695710555861746,16.867469595006582,-0.3899999999999997,3.491117760166526,2.5938822398334738,0.11907857142857146,33337.95,-1375376.0,2.74,2.75,3.03
2023-10-04,2.61,2.69,2.58,2.65,20266.0,3.0035,2.986385093128615,-0.2101120779453507,12.658227623778245,-0.3900000000000001,3.4458513726011186,2.561148627398881,0.11836428571428573,32433.3,-1355110.0,2.64,2.81,3.04
2023-10-05,2.66,2.76,2.65,2.76,27536.0,2.9765,2.9648246080687466,-0.20151879055916178,24.999999583333334,-0.26000000000000023,3.4084490710720288,2.5445509289279715,0.11907857142857144,32172.95,-1327574.0,2.65,2.83,3.02
2023-10-06,2.73,2.8247,2.705,2.79,81855.0,2.9515,2.9481746453955324,-0.19012103332160857,30.379746297067797,-0.20999999999999996,3.364513316976569,2.5384866830234305,0.11822857142857142,33663.55,-1245719.0,2.76,2.83,3.0
2023-10-09,2.76,2.85,2.7286,2.81,22711.0,2.927,2.9350151553578625,-0.1774438560623608,35.1351344704164,-0.10999999999999988,3.3100129859004905,2.5439870140995096,0.11841428571428568,33594.4,-1223008.0,2.79,2.74,2.92
2023-10-10,2.81,2.9,2.8,2.82,29458.0,2.9074999999999998,2.924061331038066,-0.16469783818542894,35.13513447041636,0.06999999999999984,3.2689517511661004,2.546048248833899,0.12056428571428568,33285.7,-1193550.0,2.81,2.64,2.75
2023-10-11,2.86,2.93,2.823,2.93,33227.0,2.8945,2.9246269185582503,-0.14413888834190125,44.57831250108871,0.1200000000000001,3.2310130794361003,2.5579869205638994,0.11820714285714283,33221.1,-1160323.0,2.82,2.65,2.81
2023-10-12,2.94,2.94,2.73,2.89,106090.0,2.877,2.921329116790798,-0.12955231882952534,43.529411047750884,0.06000000000000005,3.171661268506539,2.5823387314934605,0.12392142857142854,37403.4,-1266413.0,2.93,2.76,2.83
2023-10-13,2.855,2.89,2.745,2.85,21199.0,2.8605,2.914535867572627,-0.11981289693359587,45.67901155616524,0.020000000000000018,3.1183841028956687,2.6026158971043314,0.12785,37252.55,-1287612.0,2.89,2.79,2.83
2023-10-16,2.84,2.95,2.7795,2.93,28040.0,2.852,2.9160086420895195,-0.10448081596673742,62.49999878472225,0.18999999999999995,3.0868213206494817,2.617178679350518,0.12857857142857143,37374.5,-1259572.0,2.85,2.81,2.74
2023-10-17,2.94,3.01,2.7906,3.01,35930.0,2.851,2.9249601999857555,-0.08493895967300036,63.5135123119065,0.36999999999999966,3.0827802952434604,2.6192197047565395,0.13461428571428571,36346.5,-1223642.0,2.93,2.82,2.64
2023-10-18,3.0,3.0,2.89,2.89,20517.0,2.8434999999999997,2.9216306571299695,-0.07817362952278994,53.571427678571446,0.2400000000000002,3.0586401012314592,2.62835989876854,0.13390714285714284,36125.3,-1244159.0,3.01,2.93,2.65
2023-10-19,2.91,2.95,2.86,2.93,26937.0,2.839,2.922427737403306,-0.06880945485983547,55.6818172959711,0.17000000000000037,3.042019314611322,2.635980685388678,0.13307142857142856,36159.6,-1217222.0,2.89,2.89,2.76
2023-10-20,2.85,2.85,2.67,2.79,35294.0,2.8285,2.909815571936324,-0.07179684219329685,52.68817124985547,0.0,3.0177116609291477,2.6392883390708524,0.13664285714285715,36662.7,-1252516.0,2.93,2.85,2.79
2023-10-23,2.7,2.7,2.58,2.6,36422.0,2.8125,2.8803093269900075,-0.08839991861014784,48.039215026912736,-0.20999999999999996,3.022148829185701,2.602851170814299,0.13664285714285715,37514.95,-1288938.0,2.79,2.93,2.81
2023-10-24,2.59,2.6599,2.55,2.55,13777.0,2.8024999999999998,2.848851295848102,-0.10436935755572874,45.28301826984693,-0.27,3.0416982221373563,2.5633017778626432,0.13663571428571433,34613.2,-1302715.0,2.6,3.01,2.82
2023-10-25,2.58,2.58,2.4,2.4,35654.0,2.782,2.806103553386378,-0.12760504332694733,33.63636320826447,-0.5300000000000002,3.081234110073646,2.482765889926354,0.14163571428571434,34729.2,-1338369.0,2.55,2.89,2.93
2023-10-26,2.4,2.41,2.3,2.33,67810.0,2.757,2.7607603578257707,-0.1499156314180432,29.824561037242233,-0.56,3.1167718575342884,2.397228142465712,0.14094285714285723,37049.4,-1406179.0,2.4,2.93,2.89
2023-10-27,2.4,2.42,2.211,2.24,44636.0,2.7275,2.7111641332709353,-0.17283845991925073,26.44628068574552,-0.6099999999999999,3.152848154611686,2.302151845388314,0.14720000000000008,38606.9,-1450815.0,2.33,2.79,2.85
2023-10-30,2.24,2.3,2.15,2.3,82743.0,2.7055,2.672005644387989,-0.18405621608538247,29.3650790388007,-0.6300000000000003,3.1716815774544105,2.239318422545589,0.15077142857142864,41965.8,-1368072.0,2.24,2.6,2.93
2023-10-31,2.31,2.37,2.31,2.35,24211.0,2.691,2.6413384401605615,-0.18676998425114144,25.833333031944434,-0.6599999999999997,3.183080438439413,2.1989195615605865,0.14741428571428578,39715.65,-1343861.0,2.3,2.55,3.01
2023-11-01,2.28,2.35,2.27,2.32,10189.0,2.6745,2.6107347791928888,-0.18915288638822725,26.050419861591678,-0.5700000000000003,3.1937494583531008,2.1552505416468994,0.13812857142857152,39211.8,-1354050.0,2.35,2.4,2.89
2023-11-02,2.31,2.45,2.31,2.44,32881.0,2.6585,2.5944743240316614,-0.17931623692577858,33.858267343294685,-0.4900000000000002,3.1863067828287055,2.1306932171712947,0.13777142857142866,39479.05,-1321169.0,2.32,2.33,2.93
2023-11-03,2.45,2.45,2.37,2.37,45039.0,2.6375,2.573095816981027,-0.17513560147271878,27.7777774691358,-0.41999999999999993,3.176578160527658,2.0984218394723424,0.13130714285714293,37638.25,-1366208.0,2.44,2.24,2.79
2023-11-06,2.42,2.42,2.22,2.25,26142.0,2.6094999999999997,2.5423247867923577,-0.17941435372628067,20.769230545562138,-0.3500000000000001,3.168652554270618,2.0503474457293813,0.12992142857142866,37809.8,-1392350.0,2.37,2.3,2.6
2023-11-07,2.2499,2.51,2.195,2.25,70151.0,2.581,2.5144843309073712,-0.18072124738516937,22.881355660729668,-0.2999999999999998,3.1529366913805728,2.009063308619427,0.14456428571428578,39844.45,-1392350.0,2.25,2.35,2.55
2023-11-08,2.28,2.28,2.0956,2.15,60387.0,2.5420000000000003,2.4797715374876215,-0.18764648672030804,18.548386887356926,-0.25,3.1200766658315624,1.963923334168438,0.1513071428571429,41202.45,-1452737.0,2.25,2.32,2.4
2023-11-09,2.07,2.1999,1.98,2.0,83003.0,2.4975,2.434079010107848,-0.20287706236999759,18.399999793920003,-0.33000000000000007,3.0993174229168714,1.8956825770831287,0.15415714285714288,40048.1,-1535740.0,2.15,2.44,2.33
2023-11-10,1.98,2.068,1.97,2.0,82090.0,2.455,2.3927381520023387,-0.2124969634752163,21.698112920968313,-0.2400000000000002,3.071868151057795,1.8381318489422052,0.15258571428571432,43092.65,-1535740.0,2.0,2.37,2.24
2023-11-13,2.0,2.03,1.98,2.03,57639.0,2.4099999999999997,2.358191661335449,-0.21522211480783904,24.999999663461537,-0.27,3.0121015826166397,1.8078984173833597,0.14830714285714283,44572.6,-1478101.0,2.0,2.25,2.3
2023-11-14,2.01,2.14,2.01,2.05,51202.0,2.362,2.328840074541597,-0.21331078250812974,30.76923029585798,-0.30000000000000027,2.9136520642578883,1.810347935742112,0.14473571428571427,45336.2,-1426899.0,2.03,2.25,2.35
2023-11-15,2.09,2.19,2.07,2.07,65837.0,2.321,2.3041886388709685,-0.20778860214331996,34.88372036235802,-0.25,2.827459329691505,1.8145406703084954,0.14545,47602.2,-1361062.0,2.05,2.15,2.32
2023-11-16,2.06,2.17,2.05,2.13,36670.0,2.2809999999999997,2.287599244692781,-0.19631335267970362,43.37349324430251,-0.31000000000000005,2.704514120810989,1.8574858791890103,0.13909285714285716,48088.85,-1324392.0,2.07,2.0,2.44
2023-11-17,2.12,2.19,2.05,2.06,76709.0,2.2445,2.265923126150611,-0.1906629343911077,35.714285119047645,-0.31000000000000005,2.604352308885904,1.8846476911140961,0.13837857142857143,50159.6,-1401101.0,2.13,2.0,2.37
2023-11-20,2.09,2.1799,2.07,2.17,125129.0,2.223,2.2567875903267436,-0.1752972608713108,39.999999377777776,-0.08000000000000007,2.5425457301924093,1.9034542698075902,0.14194285714285718,54594.95,-1275972.0,2.06,2.03,2.25
2023-11-21,2.17,2.17,2.09,2.12,147938.0,2.2015000000000002,2.2437602007718156,-0.1652454509835275,39.13043418714558,-0.1299999999999999,2.484139811700129,1.918860188299871,0.14194285714285718,61303.0,-1423910.0,2.17,2.05,2.25
2023-11-22,2.1,2.1,2.0,2.04,48811.0,2.1834999999999996,2.224354467364976,-0.16186272600630947,27.27272683884297,-0.10999999999999988,2.45866693497812,1.9083330650218795,0.1390857142857143,61960.85,-1472721.0,2.12,2.07,2.15
2023-11-24,2.13,2.21,2.09,2.21,46068.0,2.1774999999999998,2.2229873752349785,-0.14381782356753048,41.83673409620991,0.20999999999999996,2.4443234188411784,1.910676581158821,0.14194285714285718,60873.75,-1426653.0,2.04,2.13,2.0
2023-11-27,2.16,2.18,2.05,2.1,168678.0,2.1704999999999997,2.211274291879266,-0.13680913695167218,42.26804062705921,0.10000000000000009,2.4377648991464818,1.9032351008535175,0.1369428571428572,67075.85,-1595331.0,2.21,2.06,2.0
2023-11-28,2.09,2.1,2.02,2.03,177411.0,2.157,2.19401007360505,-0.13533879551573413,39.42307639238166,0.0,2.423998915826678,1.8900010841733221,0.12015714285714293,71809.25,-1772742.0,2.1,2.17,2.03
2023-11-29,2.04,2.08,2.01,2.01,108020.0,2.1399999999999997,2.1764853046902832,-0.1342387109030625,42.70833271050347,-0.040000000000000036,2.3984162289184074,1.881583771081592,0.1119857142857144,75999.7,-1880762.0,2.03,2.12,2.05
2023-11-30,2.03,2.15,1.99,2.05,209481.0,2.1264999999999996,2.1644390851959705,-0.1286579845703435,52.94117559861593,-0.020000000000000018,2.3732707224807554,1.8797292775192438,0.10770714285714297,85964.3,-1671281.0,2.01,2.04,2.07
2023-12-01,2.05,2.38,2.05,2.355,132747.0,2.12225,2.1825877437487353,-0.09850282078188277,65.3679645756264,0.2250000000000001,2.3483490700415954,1.896150929958405,0.12427857142857154,90957.6,-1538534.0,2.05,2.21,2.13
2023-12-04,2.38,2.415,2.2064,2.24,119464.0,2.1157500000000002,2.188055577677427,-0.08292341779424683,58.467741275364226,0.18000000000000016,2.3180857033301225,1.9134142966698782,0.13560714285714298,94678.85,-1657998.0,2.355,2.1,2.06
2023-12-05,2.18,2.23,2.035,2.07,81349.0,2.1067500000000003,2.176812189327196,-0.08332691440112461,50.71942394958854,-0.10000000000000009,2.299739637027458,1.9137603629725426,0.1402500000000001,97439.2,-1739347.0,2.24,2.03,2.17
2023-12-06,2.13,2.19,2.0745,2.16,68913.0,2.10225,2.1752110284388917,-0.0755171640523038,53.08219127181461,0.040000000000000036,2.2851067169872588,1.9193932830127416,0.1399285714285715,97377.3,-1670434.0,2.07,2.01,2.12
2023-12-07,2.2,2.2128,2.11,2.19,24712.0,2.1042499999999995,2.176619501920902,-0.06614564195923345,52.09790158785271,0.1499999999999999,2.290155323951935,1.9183446760480638,0.1387000000000001,95593.55,-1645722.0,2.16,2.05,2.04
2023-12-08,2.16,2.29,2.1009,2.21,56688.0,2.11475,2.179798596976054,-0.05645465649066228,55.4347820463138,0.0,2.2995820717214195,1.92991792827858,0.14220714285714292,94277.8,-1589034.0,2.19,2.355,2.21
2023-12-11,2.16,2.25,2.1023,2.14,24287.0,2.1217499999999996,2.1760082544069057,-0.053800668469408564,48.88059650423258,0.040000000000000036,2.2987208569525395,1.94477914304746,0.1449071428571429,91387.65,-1613321.0,2.21,2.24,2.1
2023-12-12,2.15,2.1699,2.0785,2.11,40689.0,2.12575,2.1697217539872002,-0.053500556070778416,49.621211594926535,0.08000000000000007,2.2975293872812648,1.953970612718735,0.1457214285714286,90540.15,-1654010.0,2.14,2.07,2.03
2023-12-13,2.15,2.1506,2.04,2.11,84395.0,2.1287499999999997,2.164033967893181,-0.05265570248616491,52.82258004877732,0.10000000000000009,2.2970190514747153,1.960480948525284,0.14647857142857149,92199.8,-1654010.0,2.11,2.16,2.01
2023-12-14,2.07,2.1749,1.98,1.99,235843.0,2.1247499999999997,2.1474593042843066,-0.06096358862984097,40.75630204152251,-0.05999999999999983,2.3024391134893225,1.9470608865106767,0.15182857142857145,100700.1,-1889853.0,2.11,2.19,2.05
2023-12-15,1.97,1.99,1.9,1.96,232173.0,2.11625,2.129606037209611,-0.06917034750062845,43.693693142602065,-0.395,2.308545687884407,1.9239543121155929,0.1489714285714286,110475.25,-2122026.0,1.99,2.21,2.355
2023-12-18,1.92,2.0899,1.86,2.0,175956.0,2.11325,2.11726260509441,-0.07162172883068063,48.6111104809671,-0.2400000000000002,2.3110344387471273,1.9154655612528724,0.15967857142857142,115437.6,-1946070.0,1.96,2.14,2.24
2023-12-19,1.99,2.05,1.975,1.98,129131.0,2.10375,2.1041899760377993,-0.07432116636656572,48.6111104809671,-0.08999999999999986,2.3081972651089178,1.8993027348910818,0.16003571428571428,115637.7,-2075201.0,2.0,2.11,2.07
2023-12-20,1.94,2.0804,1.94,1.96,107829.0,2.09575,2.0904575973675326,-0.07718421514300777,45.754716376824504,-0.20000000000000018,2.309815287630692,1.8816847123693077,0.15863571428571424,113632.25,-2183030.0,1.98,2.11,2.16
2023-12-21,2.14,2.34,1.99,2.3,297160.0,2.10875,2.110414016665863,-0.05143051517131125,47.488583867725865,0.10999999999999988,2.339489657349304,1.8780103426506962,0.16006428571428571,126049.7,-1885870.0,1.96,1.99,2.19
2023-12-22,2.33,2.47,2.3,2.43,140932.0,2.1197500000000002,2.1408507769833998,-0.020298549833816182,58.55855781998214,0.2200000000000002,2.3886361038471406,1.8508638961528598,0.15730714285714287,130792.9,-1744938.0,2.3,1.96,2.21
2023-12-26,2.43,2.43,2.33,2.42,66100.0,2.13575,2.167436417270695,0.0035262795174397787,68.42105162326871,0.2799999999999998,2.435947741847796,1.8355522581522032,0.1505214285714286,125664.0,-1811038.0,2.43,2.0,2.14
2023-12-27,2.42,2.45,2.2501,2.29,113523.0,2.14875,2.1791091394353908,0.01178347142334868,56.56565576573819,0.18000000000000016,2.452166944327856,1.8453330556721443,0.15655,122469.6,-1924561.0,2.42,1.98,2.11
2023-12-28,2.32,2.41,2.24,2.35,51394.0,2.16575,2.195384459489163,0.022904118327659262,57.84313646097656,0.2400000000000002,2.4744872413728483,1.8570127586271519,0.16134999999999997,119638.3,-1873167.0,2.29,1.96,2.11
2023-12-29,2.35,2.43,2.2901,2.31,110250.0,2.17875,2.2063002252521,0.028165380952000607,54.80769156989646,0.32000000000000006,2.488858215407377,1.8686417845926233,0.15783571428571433,114676.75,-1983417.0,2.35,2.3,1.99
2024-01-02,2.31,2.3612,2.23,2.26,67342.0,2.174,2.2114144895138046,0.027978354235119962,55.88235217416378,0.2999999999999998,2.475532925670063,1.8724670743299368,0.1566571428571429,111406.5,-2050759.0,2.31,2.43,1.96
2024-01-03,2.2,2.38,2.1604,2.32,94322.0,2.178,2.221755966702966,0.03229875467054777,59.999999200000005,0.31999999999999984,2.485286939452175,1.8707130605478248,0.16581428571428575,110149.4,-1956437.0,2.26,2.42,2.0
2024-01-04,2.38,2.38,2.2922,2.3301,44243.0,2.1910049999999996,2.2320744460645883,0.03612120869909674,60.38109532559632,0.35009999999999986,2.5010500933247077,1.8809599066752918,0.16418571428571432,108294.1,-1912194.0,2.32,2.29,1.98
2024-01-05,2.34,2.35,2.3,2.34,47777.0,2.200005,2.2423530702489134,0.039494027114646,68.42105162326868,0.3799999999999999,2.516640606436086,1.883369393563914,0.15383571428571433,107237.3,-1864417.0,2.3301,2.35,1.96
2024-01-08,2.3,2.4,2.23,2.37,114694.0,2.2090050000000003,2.254509920701398,0.04407941015943706,71.5789463135734,0.07000000000000028,2.5345504401138763,1.8834595598861241,0.15955000000000005,111736.4,-1749723.0,2.34,2.31,2.3
2024-01-09,2.33,2.47,2.291,2.45,112511.0,2.2210050000000003,2.273128023491741,0.05355083767336133,72.72727169880625,0.020000000000000018,2.5639341194217233,1.8780758805782773,0.1559142857142858,114527.55,-1637212.0,2.37,2.26,2.43
2024-01-10,2.44,2.63,2.44,2.59,97567.0,2.243505,2.303306306968718,0.0715284145420294,77.47747650028406,0.16999999999999993,2.6213304427085142,1.8656795572914857,0.16412857142857154,118191.55,-1539645.0,2.45,2.32,2.42
2024-01-11,2.62,2.62,2.38,2.4,60854.0,2.258005,2.3125152301145544,0.06964264384557683,67.18749926513672,0.10999999999999988,2.636515768671104,1.8794942313288958,0.17124285714285722,119199.8,-1600499.0,2.59,2.3301,2.29
2024-01-12,2.38,2.55,2.38,2.41,96829.0,2.2730050000000004,2.321799493913168,0.06816920017247563,55.789472862049884,0.06000000000000005,2.6505960930874,1.8954139069126006,0.15838571428571438,119821.5,-1503670.0,2.4,2.34,2.35
2024-01-16,2.42,2.43,2.17,2.19,131972.0,2.283005,2.309247161159533,0.04868915310178368,38.461537943786986,-0.1200000000000001,2.6390148784850465,1.926995121514954,0.1648142857142858,114627.95,-1635642.0,2.41,2.37,2.31
2024-01-17,2.2,2.2,2.06,2.11,86841.0,2.290505,2.2902712410491013,0.026490749868881558,36.036035581527486,-0.1499999999999999,2.6234354999387466,1.9575745000612534,0.16767142857142867,107361.35,-1722483.0,2.19,2.45,2.26
2024-01-18,2.14,2.14,2.03,2.07,47718.0,2.294005,2.2692930276158534,0.005606244440101715,39.21568573625529,-0.25,2.6153466642109837,1.972663335789016,0.1612500000000001,100949.45,-1770201.0,2.11,2.59,2.32
2024-01-19,2.11,2.17,2.07,2.12,39907.0,2.301005,2.255074644033391,-0.006831729884305027,38.613860850896984,-0.21009999999999973,2.5987812528087693,2.0032287471912307,0.15625000000000014,96488.25,-1730294.0,2.07,2.4,2.3301
2024-01-22,2.11,2.2078,2.07,2.07,25099.0,2.306505,2.2374484874587823,-0.02048714403459373,38.235293592848926,-0.27,2.5809075891775777,2.0321024108224224,0.15610000000000016,92351.75,-1755393.0,2.12,2.41,2.34
2024-01-23,2.06,2.11,2.06,2.09,37351.0,2.296005,2.22340577436747,-0.029356976490983566,41.41414082848691,-0.28000000000000025,2.5870238308249602,2.00498616917504,0.1503000000000001,79361.3,-1718042.0,2.07,2.19,2.37
2024-01-24,2.08,2.13,2.08,2.12,22423.0,2.280505,2.2135576053800916,-0.033578647910606385,39.58333275607642,-0.33000000000000007,2.5744813361403707,1.9865286638596287,0.13818571428571438,73435.85,-1695619.0,2.09,2.11,2.45
2024-01-25,2.13,2.1351,2.06,2.08,56261.0,2.263505,2.2008378334391305,-0.03969432721199162,37.36741032109939,-0.5099999999999998,2.562791277139799,1.9642187228602006,0.13727857142857153,72943.9,-1751880.0,2.12,2.07,2.59
2024-01-26,2.14,2.14,2.06,2.06,19604.0,2.2520049999999996,2.1874247064449275,-0.045628840766054335,35.99999949600003,-0.33999999999999986,2.564393290602022,1.9396167093979775,0.13942142857142864,68247.95,-1771484.0,2.08,2.12,2.4
2024-01-29,2.07,2.09,2.03,2.07,36566.0,2.2380050000000002,2.17624140106922,-0.048960700948619706,34.6938770553936,-0.3400000000000003,2.5569303037443274,1.9190796962556729,0.1315642857142858,67506.55,-1734918.0,2.06,2.07,2.41
2024-01-30,2.0899,2.09,2.0417,2.06,16206.0,2.225505,2.1651707914435803,-0.05181087046241828,28.571428131868146,-0.1299999999999999,2.5520550395280637,1.8989549604719365,0.12222857142857148,62804.35,-1751124.0,2.07,2.09,2.19
2024-01-31,2.04,2.11,2.0,2.0,29375.0,2.212505,2.149440239877525,-0.05823966692609117,14.457831081434236,-0.10999999999999988,2.553648127702931,1.8713618722970697,0.11651428571428576,60906.0,-1780499.0,2.06,2.12,2.11
2024-02-01,2.0,2.0792,1.99,2.0,61926.0,2.196505,2.135207836079666,-0.06261276910723756,18.749999589843824,-0.06999999999999984,2.546326521260246,1.8466834787397541,0.10574285714285718,59286.2,-1780499.0,2.0,2.08,2.07
2024-02-02,2.0,2.05,1.96,1.98,24549.0,2.179,2.120426137405412,-0.06692085472055087,16.923076558579922,-0.14000000000000012,2.535645187088898,1.822354812911102,0.10002857142857147,58301.5,-1805048.0,2.0,2.06,2.12
2024-02-05,2.02,2.02,1.85,1.85,81508.0,2.1544999999999996,2.0946712671763255,-0.0799036538579525,19.642856651785777,-0.21999999999999975,2.531327476928649,1.7776725230713502,0.09360000000000002,59988.05,-1886556.0,1.98,2.07,2.07
2024-02-06,1.92,1.9876,1.85,1.92,43686.0,2.132,2.0780359083976276,-0.08358083709031261,32.72727189421491,-0.16999999999999993,2.5083872585795692,1.7556127414204308,0.09342857142857143,56437.65,-1842870.0,1.85,2.06,2.09
2024-02-07,1.91,1.9788,1.8601,1.87,16831.0,2.1029999999999998,2.0582229647407106,-0.0894978616888964,32.14285633928576,-0.25,2.4653374408650346,1.740662559134965,0.09404999999999997,51653.65,-1859701.0,1.92,2.0,2.12
2024-02-08,1.9,1.9184,1.86,1.86,25420.0,2.0665,2.039344587146357,-0.09391149225107887,24.99999932692309,-0.21999999999999997,2.363451174437804,1.7695488255621958,0.09107857142857138,48046.3,-1885121.0,1.87,2.0,2.08
2024-02-09,1.85,1.9,1.78,1.79,210770.0,2.036,2.015597483608609,-0.10188320454085154,24.074073449931433,-0.27,2.3133862972367747,1.7586137027632254,0.08980714285714278,55542.1,-2095891.0,1.86,1.98,2.06
2024-02-12,1.8,2.11,1.8,2.02,120216.0,2.0164999999999997,2.0160167708839793,-0.0886204657437566,45.333332487111136,-0.04999999999999982,2.230855828128425,1.8021441718715743,0.10837857142857135,56711.45,-1975675.0,1.79,1.85,2.07
2024-02-13,1.99,2.05,1.84,1.98,103632.0,2.006,2.012586602228362,-0.08041035184448897,40.78947293282548,-0.08000000000000007,2.204563260501645,1.8074367394983546,0.11980714285714278,55294.45,-2079307.0,2.02,1.92,2.06
2024-02-14,2.06,2.12,1.9184,1.935,102789.0,1.99725,2.005197402016137,-0.07665126797086286,40.52287507539835,-0.06499999999999995,2.1919015104650037,1.8025984895349965,0.12884285714285706,56091.85,-2182096.0,1.98,1.87,2.0
2024-02-15,1.99,2.0152,1.92,1.95,30930.0,1.9912500000000002,1.999940506586029,-0.07163602925516654,42.76315710699446,-0.050000000000000044,2.1838465239889424,1.798653476011058,0.12992857142857137,55252.45,-2151166.0,1.935,1.86,2.0
2024-02-16,1.97,2.08,1.97,2.03,50679.0,1.98675,2.0028033154825975,-0.06050864592143501,47.590360643054154,0.04999999999999982,2.170691495275542,1.8028085047244582,0.13349999999999992,55791.05,-2100487.0,1.95,1.79,1.98
2024-02-20,1.94,2.07,1.94,1.95,37307.0,1.98075,1.9977744282937786,-0.057482757689251596,43.888888206172844,0.09999999999999987,2.1610501882825655,1.8004498117174346,0.13933571428571423,56401.45,-2137794.0,2.03,2.02,1.85
2024-02-21,1.99,2.0589,1.9,1.93,38008.0,1.97275,1.9913197208372282,-0.05605239992714228,45.93023181043808,0.010000000000000009,2.1467274637553055,1.7987725362446947,0.1428285714285714,56434.3,-2175802.0,1.95,1.98,1.92
2024-02-22,1.92,1.98,1.8619,1.96,34303.0,1.96475,1.9883368902813017,-0.05189983227469819,47.75280823759627,0.08999999999999986,2.124337461583699,1.805162538416301,0.1448928571428571,57028.3,-2141499.0,1.93,1.935,1.87
2024-02-23,1.92,2.0,1.8796,1.98,25501.0,1.95975,1.9875429007307015,-0.04645951529842263,49.99999921348316,0.11999999999999988,2.1101345946757224,1.8093654053242778,0.14706428571428568,55490.3,-2115998.0,1.96,1.95,1.86
2024-02-26,1.93,1.98,1.9,1.96,25775.0,1.95475,1.9849197673277776,-0.04326313550423588,57.0512810272847,0.16999999999999993,2.0975592212856102,1.81194077871439,0.14063571428571425,55798.85,-2141773.0,1.98,2.03,1.79
2024-02-27,1.93,1.945,1.84,1.85,70708.0,1.94375,1.972070265677513,-0.049040692564584765,45.731706536287945,-0.16999999999999993,2.0830291592827805,1.8044708407172194,0.13830714285714282,57505.95,-2212481.0,1.96,1.95,2.02
2024-02-28,1.85,1.9885,1.77,1.8,66944.0,1.9307499999999997,1.9556826213272738,-0.05699697895449596,45.73170653628793,-0.17999999999999994,2.072849853698181,1.7886501463018183,0.14543571428571425,60042.85,-2279425.0,1.85,1.93,1.98
2024-02-29,1.83,1.88,1.76,1.81,46326.0,1.92125,1.9418080859627715,-0.06178328111041265,46.95121871058895,-0.125,2.0691430979493113,1.7733569020506885,0.14983571428571427,60890.4,-2233099.0,1.8,1.96,1.935
2024-03-01,1.85,1.85,1.77,1.8,58805.0,1.9112499999999997,1.9283025539663172,-0.0656268657149417,50.657893803670376,-0.1499999999999999,2.0636993013223615,1.7588006986776379,0.1469785714285714,60734.35,-2291904.0,1.81,1.98,1.95
2024-03-04,1.82,1.83,1.7601,1.79,43417.0,1.9017500000000003,1.9151308821600013,-0.06868805279947687,28.703702959533615,-0.23999999999999977,2.059739839779893,1.7437601602201072,0.12982857142857143,61677.75,-2335321.0,1.8,1.96,2.03
2024-03-05,1.8,1.97,1.8,1.83,171157.0,1.90075,1.907023179097144,-0.0671127793764521,36.11111017489714,-0.11999999999999988,2.060363843219692,1.7411361567803076,0.12697142857142857,66160.2,-2164164.0,1.79,1.85,1.95
2024-03-06,1.83,1.8796,1.7808,1.8,60505.0,1.8947499999999997,1.8968304953736064,-0.06750692476219067,37.142856152380965,-0.1299999999999999,2.060230957721464,1.729269042278535,0.11962857142857143,67001.15,-2224669.0,1.83,1.8,1.93
2024-03-07,1.8,1.875,1.78,1.82,28341.0,1.89225,1.8895133053380249,-0.06545098250641534,37.73584805980779,-0.1399999999999999,2.0607878295813498,1.7237121704186502,0.1196142857142857,67576.65,-2196328.0,1.8,1.81,1.96
2024-03-08,1.82,1.83,1.7001,1.71,114102.0,1.88475,1.8724168000677368,-0.07186921844699756,21.428570892857167,-0.27,2.071677371204046,1.6978226287959537,0.12103571428571427,72010.75,-2310430.0,1.82,1.8,1.98
2024-03-11,1.74,1.79,1.7148,1.78,97373.0,1.8842500000000002,1.8636152000612858,-0.07049470068312269,34.54545366611573,-0.17999999999999994,2.0722946475539157,1.6962053524460847,0.11712142857142857,66340.9,-2213057.0,1.71,1.79,1.96
2024-03-12,1.76,1.8894,1.7531,1.81,27295.0,1.87375,1.8585089905316394,-0.06622128547046935,39.28571330357146,-0.040000000000000036,2.0531312464527423,1.6943687535472576,0.11550714285714284,61694.85,-2185762.0,1.78,1.83,1.85
2024-03-13,1.85,1.92,1.8105,1.91,34556.0,1.87025,1.8634128961952927,-0.054141324045581696,46.03174500881836,0.10999999999999988,2.0435302719052895,1.6969697280947105,0.11489285714285713,58241.05,-2151206.0,1.81,1.8,1.8
2024-03-14,1.92,1.92,1.77,1.82,61004.0,1.8645,1.8592783346528838,-0.05123944003650682,38.571427800000016,0.010000000000000009,2.036359795978223,1.6926402040217772,0.11700714285714284,56151.8,-2212210.0,1.91,1.82,1.81
2024-03-15,1.8169,1.9,1.78,1.79,24197.0,1.8564999999999998,1.8526803980192759,-0.05077511535872792,38.02816826423331,-0.010000000000000009,2.0264876156479534,1.6865123843520462,0.11986428571428567,55815.15,-2236407.0,1.82,1.71,1.8
2024-03-18,1.83,1.84,1.73,1.748,215275.0,1.8424000000000003,1.8427108363031544,-0.05318311402719744,42.0560738492445,-0.04200000000000004,1.9979626798702483,1.6868373201297522,0.12022142857142855,64044.95,-2451682.0,1.79,1.78,1.79
2024-03-19,1.79,1.81,1.65,1.69,128593.0,1.8294000000000001,1.8281669471314252,-0.05909041801743631,41.53846064378699,-0.14000000000000012,1.990460171822089,1.6683398281779114,0.11604285714285713,68609.25,-2580275.0,1.748,1.81,1.83
2024-03-20,1.67,1.78,1.63,1.75,131207.0,1.8204,1.8207224759760514,-0.05825893668962645,45.714284800000016,-0.050000000000000044,1.97786732326019,1.66293267673981,0.1181857142857143,73269.2,-2449068.0,1.69,1.91,1.8
2024-03-21,1.74,1.7819,1.62,1.66,108565.0,1.8054,1.8054155735021418,-0.06412304586302886,41.02564028928337,-0.16000000000000014,1.9640262074318204,1.6467737925681794,0.12403571428571428,76982.3,-2557633.0,1.75,1.82,1.82
2024-03-22,1.58,1.7403,1.5,1.58,226276.0,1.7854000000000003,1.783947423644795,-0.07436844195087056,37.64705820346022,-0.1299999999999999,1.9520011941575737,1.618798805842427,0.13620714285714283,87021.05,-2783909.0,1.66,1.79,1.71
2024-03-25,1.56,1.6536,1.5,1.54,84106.0,1.7644000000000002,1.7607143356786241,-0.08473883599312493,32.94117592802769,-0.24,1.9437302158471412,1.5850697841528592,0.1350357142857143,89937.6,-2868015.0,1.58,1.748,1.78
2024-03-26,1.6,1.6,1.5,1.51,98679.0,1.7474,1.7368367798997075,-0.09429126247219388,32.94117592802769,-0.30000000000000004,1.9548247105007228,1.5399752894992773,0.13512142857142856,91336.15,-2966694.0,1.54,1.69,1.81
2024-03-27,1.52,1.565,1.5,1.56,54368.0,1.7354000000000003,1.7199951818140211,-0.0967122138848826,35.22727216683886,-0.34999999999999987,1.957277538532534,1.5135224614674665,0.13297857142857142,90707.35,-2912326.0,1.51,1.75,1.91
2024-03-28,1.57,1.71,1.56,1.65,99713.0,1.7274,1.7133289740222095,-0.09032735850614237,46.51162714981072,-0.17000000000000015,1.9494899770244705,1.5053100229755296,0.13441428571428568,93376.7,-2812613.0,1.56,1.66,1.82
2024-04-01,1.67,1.69,1.6371,1.67,28716.0,1.7209000000000003,1.7092024050677133,-0.08270016741554609,43.209875796372515,-0.1200000000000001,1.9416488689843912,1.5001511310156095,0.13282142857142856,91872.25,-2783897.0,1.65,1.58,1.79
2024-04-02,1.67,1.67,1.5543,1.6,79727.0,1.7113999999999998,1.6988021760136454,-0.08136603552930133,37.64705820346022,-0.1479999999999999,1.9359485763880229,1.4868514236119768,0.13135,93687.75,-2863624.0,1.67,1.54,1.748
2024-04-03,1.59,1.61,1.55,1.59,96930.0,1.6994,1.6884400640123458,-0.08019124713057924,28.94736788781165,-0.09999999999999987,1.922911120646434,1.475888879353566,0.1278142857142857,89976.4,-2960554.0,1.6,1.51,1.69
2024-04-04,1.68,1.69,1.55,1.5539,76929.0,1.687095,1.6756267245825986,-0.081236737884816,31.157059288770952,-0.19609999999999994,1.9143525304756435,1.4598374695243566,0.1271,90797.6,-3037483.0,1.59,1.56,1.75
2024-04-05,1.54,1.56,1.5,1.54,45654.0,1.673095,1.6627098936699702,-0.08223891063855726,31.884057324091586,-0.11999999999999988,1.9003771707875214,1.4458128292124786,0.12281428571428572,91663.25,-3083137.0,1.5539,1.65,1.66
2024-04-08,1.56,1.57,1.51,1.55,35794.0,1.6650950000000002,1.651975618082354,-0.08128917284807557,34.95440655112205,-0.030000000000000027,1.8980991921917734,1.432090807808227,0.11924285714285714,87747.85,-3047343.0,1.54,1.67,1.58
2024-04-09,1.55,1.66,1.54,1.6471,80944.0,1.6584499999999998,1.6515112735030821,-0.07187284040188802,46.9229656334507,0.10709999999999997,1.885151552011017,1.4317484479889826,0.11638571428571427,86926.4,-2966399.0,1.55,1.6,1.54
2024-04-10,1.6599,1.67,1.55,1.56,90193.0,1.6459500000000002,1.6427959141218362,-0.07062445180860166,36.882076061379365,0.050000000000000044,1.8649042466024734,1.426995753397527,0.1142428571428571,90071.3,-3056592.0,1.6471,1.59,1.51
2024-04-11,1.64,1.64,1.52,1.56,56407.0,1.6284500000000002,1.6349105889673756,-0.06884153244761926,42.11605078898659,0.0,1.8115574289216838,1.4453425710783165,0.11124999999999996,91163.85,-3056592.0,1.56,1.5539,1.56
2024-04-12,1.56,1.57,1.51,1.54,54952.0,1.6144500000000002,1.625871485256197,-0.06825558005046695,46.516891934454044,-0.10999999999999988,1.7776235079116838,1.4512764920883165,0.09837142857142854,90861.25,-3111544.0,1.56,1.54,1.65
2024-04-15,1.56,1.58,1.4,1.43,132465.0,1.5964500000000001,1.6072170580889402,-0.07579358330129948,41.462277894331116,-0.24,1.7574962960569978,1.4354037039430025,0.10025714285714284,96274.65,-3244009.0,1.54,1.55,1.67
2024-04-16,1.41,1.46,1.38,1.43,48140.0,1.5805500000000001,1.5903392430328507,-0.08083568165974597,43.48746237573351,-0.17000000000000015,1.7413883104401973,1.419711689559803,0.0988285714285714,87917.9,-3244009.0,1.43,1.6471,1.6
2024-04-17,1.44,1.4872,1.38,1.44,54350.0,1.56805,1.5760212198868648,-0.08306711874102168,39.55067824153692,-0.15000000000000013,1.731903316944389,1.404196683055611,0.10184285714285714,84205.75,-3189659.0,1.43,1.56,1.59
2024-04-18,1.49,1.49,1.38,1.4,35016.0,1.5505499999999999,1.5592572941833538,-0.08705964362027996,26.154138942850167,-0.15390000000000015,1.707184048862794,1.3939159511372057,0.0989857142857143,79396.2,-3224675.0,1.44,1.56,1.5539
2024-04-19,1.42,1.49,1.3905,1.46,21832.0,1.54055,1.549804218546844,-0.08440923445926374,31.389577384874016,-0.08000000000000007,1.6932503050353507,1.3878496949646495,0.10231428571428572,75059.55,-3202843.0,1.4,1.54,1.54
2024-04-22,1.46,1.47,1.39,1.46,55681.0,1.53455,1.5412514358280969,-0.08137077442138385,35.83569303581605,-0.09000000000000008,1.6901267334789958,1.3789732665210044,0.09976428571428574,66529.8,-3202843.0,1.46,1.43,1.55
2024-04-23,1.45,1.51,1.44,1.49,73690.0,1.5320500000000001,1.5363703467016114,-0.07566975064440729,40.27615604071142,-0.15710000000000002,1.6888600225045876,1.3752399774954127,0.10047857142857144,66009.0,-3129153.0,1.46,1.43,1.6471
2024-04-24,1.45,1.54,1.45,1.53,21048.0,1.53305,1.5357636470157436,-0.06714992098915618,47.69349417543154,-0.030000000000000027,1.6895226779580477,1.3765773220419524,0.09690714285714289,62127.45,-3108105.0,1.49,1.44,1.56
2024-04-25,1.53,1.54,1.47,1.495,33358.0,1.5298,1.5318813949190062,-0.06250162150425398,45.8271501454375,-0.06499999999999995,1.6866155604523816,1.3729844395476185,0.09762142857142861,61076.95,-3141463.0,1.53,1.4,1.56
2024-04-26,1.48,1.63,1.48,1.6,60400.0,1.5272999999999999,1.538368881117196,-0.04977145602532129,53.94197294987761,0.06000000000000005,1.6775018431451658,1.377098156854834,0.10405000000000002,59111.3,-3081063.0,1.495,1.46,1.54
2024-04-29,1.63,1.67,1.5,1.56,127844.0,1.5218,1.540428987677463,-0.04242136600151447,42.453646518192606,0.13000000000000012,1.6573408813838482,1.386259118616152,0.1076214285714286,64067.7,-3208907.0,1.6,1.46,1.43
2024-04-30,1.52,1.64,1.51,1.6,45960.0,1.5218,1.5461024174224667,-0.03298843161359866,53.7735834852261,0.17000000000000015,1.6573408813838482,1.386259118616152,0.10833571428571431,62379.35,-3162947.0,1.56,1.49,1.43
2024-05-01,1.61,1.65,1.55,1.59,35777.0,1.5218,1.550283139572708,-0.026019740050617468,52.77777640946506,0.15000000000000013,1.6573408813838482,1.386259118616152,0.10690714285714288,59321.7,-3198724.0,1.6,1.53,1.44
2024-05-02,1.5501,1.63,1.51,1.63,28790.0,1.525605,1.5578752215181644,-0.017072535140193246,58.03571283482145,0.22999999999999998,1.668986045139369,1.3822239548606312,0.11119285714285716,56914.75,-3169934.0,1.59,1.495,1.4
2024-05-03,1.66,1.68,1.601,1.67,23322.0,1.532105,1.5685537718497677,-0.006677175344750985,74.48979379008753,0.20999999999999996,1.6893502255153172,1.3748597744846829,0.10397857142857143,55798.15,-3146612.0,1.63,1.6,1.46
2024-05-06,1.69,1.74,1.675,1.73,53363.0,1.5411050000000002,1.5839296031021708,0.0063297544652600735,77.27272530578517,0.27,1.721555307782896,1.3606546922171043,0.10290714285714285,56676.6,-3093249.0,1.67,1.56,1.46
2024-05-07,1.7,1.77,1.6201,1.67,30575.0,1.54225,1.5921267837591069,0.011661910955497623,69.16666505277782,0.17999999999999994,1.7257962081501828,1.358703791849817,0.10595714285714283,54158.15,-3123824.0,1.73,1.6,1.49
2024-05-08,1.63,1.664,1.54,1.56,35001.0,1.5422500000000001,1.5890670900677635,0.006931699621173237,61.94029721318783,0.030000000000000027,1.725796208150183,1.3587037918498173,0.10695714285714282,51398.55,-3158825.0,1.67,1.59,1.53
2024-05-09,1.66,1.68,1.55,1.65,44459.0,1.5467499999999998,1.594870224347024,0.010326186108603919,63.571427300000025,0.1549999999999998,1.7364388033207483,1.3570611966792514,0.10913571428571424,50801.15,-3114366.0,1.56,1.63,1.495
2024-05-10,1.67,1.7,1.53,1.58,44253.0,1.5487499999999998,1.5934540125044503,0.0072839618189683986,57.79220674144041,-0.020000000000000018,1.738981852997155,1.3585181470028447,0.11556428571428566,50266.2,-3158619.0,1.65,1.67,1.6
2024-05-13,1.6,1.6,1.53,1.59,21509.0,1.5567499999999999,1.5931250589325978,0.005615165358606955,56.66666560888892,0.030000000000000027,1.739255227033998,1.3742447729660017,0.11556428571428566,44718.4,-3137110.0,1.58,1.73,1.56
2024-05-14,1.63,1.69,1.55,1.63,50266.0,1.56675,1.5966369580818742,0.007434596116701053,56.66666560888891,0.029999999999999805,1.74177706557617,1.3917229344238302,0.11913571428571422,44824.7,-3086844.0,1.59,1.67,1.6
2024-05-15,1.68,1.7197,1.6,1.62,50244.0,1.57575,1.5988620096931243,0.00797763058905332,58.620688523186715,0.030000000000000027,1.7416058346719558,1.4098941653280441,0.1226857142857142,44619.4,-3137088.0,1.63,1.56,1.59
2024-05-16,1.61,1.67,1.57,1.67,114748.0,1.58925,1.6056370563890172,0.012300775410895026,55.22387944308311,0.040000000000000036,1.7379381229107795,1.4405618770892206,0.11911428571428563,48606.0,-3022340.0,1.62,1.65,1.63
2024-05-17,1.68,1.68,1.55,1.62,193168.0,1.59725,1.6070049557805395,0.011559071244646946,54.411763585640166,-0.04999999999999982,1.7333411072542158,1.4611588927457844,0.11625714285714277,57172.8,-3215508.0,1.67,1.58,1.67
2024-05-20,1.57,1.9197,1.57,1.8,505066.0,1.6142499999999997,1.625385436182393,0.025205209947957163,62.19512088935161,0.07000000000000006,1.762548241463096,1.4659517585369035,0.13194999999999993,79642.05,-2710442.0,1.62,1.59,1.73
2024-05-21,1.8,1.83,1.73,1.81,98426.0,1.6302499999999998,1.6429677755935936,0.03640711102843408,63.41463306365262,0.14000000000000012,1.790659836947326,1.4698401630526736,0.13194999999999993,80878.85,-2612016.0,1.8,1.63,1.67
2024-05-22,1.81,1.87,1.77,1.85,115470.0,1.6462499999999998,1.6626851302989656,0.04795951637221596,63.41463306365263,0.29000000000000004,1.8270923273694935,1.465407672630506,0.1305214285714285,85599.95,-2496546.0,1.81,1.62,1.56
2024-05-23,1.9,1.95,1.77,1.94,177278.0,1.6685000000000003,1.6890960702704927,0.0636434857374808,65.51724032500995,0.29000000000000004,1.878188992758811,1.4588110072411897,0.13773571428571424,92795.95,-2319268.0,1.85,1.67,1.65
2024-05-24,1.93,2.095,1.92,2.05,287227.0,1.691,1.7234678731018742,0.08398114230301545,67.39130332230627,0.46999999999999975,1.9583771237704966,1.4236228762295036,0.1455928571428571,104137.3,-2032041.0,1.94,1.62,1.58
2024-05-28,2.12,2.17,1.87,1.94,170823.0,1.7099999999999997,1.7440899804255052,0.0901832253213164,63.91752485067492,0.34999999999999987,1.9917987337015253,1.4282012662984742,0.15631428571428568,106286.25,-2202864.0,2.05,1.8,1.59
2024-05-29,1.95,2.049,1.91,2.0,82146.0,1.7299999999999998,1.7684623632421237,0.09880100265515579,73.91304235349722,0.3700000000000001,2.0347691101905006,1.4252308898094992,0.15738571428571427,108095.55,-2120718.0,1.94,1.81,1.63
2024-05-30,1.97,2.24,1.97,2.225,186910.0,1.76175,1.8119421381714453,0.12237560228996713,77.25118380898907,0.605,2.130664124938231,1.3928358750617686,0.16738571428571428,115652.2,-1933808.0,2.0,1.85,1.62
2024-05-31,2.22,2.3,2.1,2.21,174868.0,1.7907499999999998,1.8498524107265457,0.1382545552840877,81.49999885900004,0.54,2.2045167153564136,1.376983284643586,0.1695285714285714,122956.1,-2108676.0,2.225,1.94,1.67
2024-06-03,2.21,2.22,2.1,2.16,106997.0,1.8152500000000003,1.8793902763716366,0.14513117608182768,77.40384511187135,0.54,2.25605637830899,1.3744436216910105,0.1731,127139.85,-2215673.0,2.21,2.05,1.62
2024-06-04,2.19,2.19,2.0044,2.06,96775.0,1.83175,1.8965912024314808,0.14088771770482267,69.54545366033061,0.26,2.2836847298006573,1.3798152701993427,0.17635714285714288,129310.45,-2312448.0,2.16,1.94,1.8
2024-06-05,2.08,2.13,2.0,2.13,58995.0,1.85475,1.9188206117237208,0.14154155818613368,71.98275775193224,0.31999999999999984,2.318685964274555,1.3908140357254446,0.17709285714285716,130731.45,-2253453.0,2.06,2.0,1.81
2024-06-06,2.14,2.14,2.02,2.09,82428.0,1.88125,1.935123410607176,0.1372499340569151,68.26086873421552,0.23999999999999977,2.3347263383834678,1.4277736616165326,0.17852142857142855,133102.8,-2335881.0,2.13,2.225,1.85
2024-06-07,2.07,2.08,1.98,1.99,70680.0,1.8982500000000002,1.9403497524541116,0.12434624090767388,65.41666590347222,0.050000000000000044,2.340579657965394,1.4559203420346065,0.17637857142857147,134413.85,-2406561.0,2.09,2.21,1.94
2024-06-10,1.96,1.97,1.9,1.9,48857.0,1.9142499999999998,1.9365069188870534,0.10563997163361383,54.504503817060304,-0.1499999999999999,2.330489746198969,1.4980102538010307,0.15640000000000004,134644.05,-2455418.0,1.99,2.16,2.05
2024-06-11,1.86,1.92,1.82,1.89,51662.0,1.9292500000000001,1.9320776885168578,0.08898246755891925,53.60360292752212,-0.050000000000000044,2.316932384922168,1.5415676150778324,0.15640000000000004,136151.7,-2507080.0,1.9,2.06,1.94
2024-06-12,1.93,1.99,1.82,1.96,101575.0,1.9457499999999999,1.934736956277157,0.0805017167488471,54.82456073022469,-0.040000000000000036,2.306994559237838,1.584505440762162,0.1614,138717.15,-2405505.0,1.89,2.13,2.0
2024-06-13,1.95,2.07,1.95,1.97,85149.0,1.96325,1.9380953413936182,0.07373757616199028,51.41509366055537,-0.2550000000000001,2.2903468792591037,1.636153120740896,0.15711428571428573,140462.4,-2320356.0,1.96,2.09,2.225
2024-06-14,1.98,1.99,1.85,1.93,86475.0,1.9762499999999998,1.937324356498988,0.06440683842657813,43.93939331802879,-0.28,2.2735868637190952,1.6789131362809044,0.15461428571428565,139048.75,-2406831.0,1.97,1.99,2.21
2024-06-17,1.87,1.9,1.85,1.87,54523.0,1.9887500000000002,1.930912513022894,0.051576125601988876,46.27659505545497,-0.29000000000000004,2.240561855412544,1.7369381445874568,0.13675714285714283,132116.5,-2461354.0,1.93,1.9,2.16
2024-06-18,1.81,1.9166,1.81,1.82,67191.0,1.9897500000000001,1.9203494165445232,0.03694720678125307,40.32258003815471,-0.24,2.238546577231475,1.7409534227685253,0.13444285714285711,110222.75,-2528545.0,1.87,1.89,2.06
2024-06-20,1.83,2.0899,1.83,2.04,177092.0,2.00125,1.9317447102069496,0.042614609642648515,39.999999394594596,-0.08999999999999986,2.2359250272633298,1.7665749727366706,0.13372142857142852,114156.05,-2351453.0,1.82,1.96,2.13
2024-06-21,2.02,2.0273,1.96,1.96,18814.0,2.0067500000000003,1.9344356901872402,0.040187479668393866,37.37373684521988,-0.1299999999999999,2.2314433582978137,1.7820566417021866,0.12424285714285711,109323.25,-2370267.0,2.04,1.97,2.09
2024-06-24,1.8,1.9986,1.69,1.95,49209.0,2.00725,1.935918005407503,0.0370301843459242,38.947367847091414,-0.040000000000000036,2.2313616967754486,1.7831383032245514,0.13771428571428568,102919.8,-2419476.0,1.96,1.93,1.99
2024-06-25,1.92,2.01,1.89,1.91,77283.0,2.0002500000000003,1.9334496239401218,0.030943640363709335,41.57303305390734,0.010000000000000009,2.2274636717532,1.7730363282468007,0.13302857142857138,92422.6,-2496759.0,1.95,1.87,1.9
2024-06-26,1.94,1.94,1.837,1.88,49966.0,1.99725,1.9283591835648721,0.023429184103883394,35.29411706574395,-0.010000000000000009,2.229345148365339,1.7651548516346611,0.13109999999999997,86379.75,-2546725.0,1.91,1.82,1.89
2024-06-27,1.9,1.93,1.83,1.89,37157.0,1.9917500000000001,1.9247059279872654,0.018072511139119563,37.80487740333137,-0.07000000000000006,2.2287326775814558,1.7547673224185447,0.12967142857142852,84130.3,-2509568.0,1.88,2.04,1.96
2024-06-28,1.8648,1.89,1.85,1.85,18206.0,1.973,1.9175910777027638,0.010478849888090558,40.789472932825504,-0.11999999999999988,2.190845913675825,1.7551540863241748,0.1253857142857142,75695.1,-2527774.0,1.89,1.96,1.97
2024-07-01,1.82,1.9,1.82,1.88,24948.0,1.9565000000000001,1.9140109750644054,0.006803145469785887,48.571427600000014,-0.050000000000000044,2.1470421627605445,1.7659578372394558,0.1260999999999999,68199.1,-2502826.0,1.85,1.95,1.93
2024-07-02,1.83,1.859,1.8,1.83,49515.0,1.94,1.9060099298201763,-0.00014281260825099729,45.945945076698344,-0.040000000000000036,2.1126572509794523,1.7673427490205476,0.12317142857142849,65325.0,-2552341.0,1.88,1.91,1.87
2024-07-03,1.85,1.89,1.83,1.84,18929.0,1.9289999999999998,1.8997232698373023,-0.004785454269100375,41.17646974048444,0.020000000000000018,2.09744802415611,1.7605519758438897,0.11531428571428562,61432.7,-2533412.0,1.83,1.88,1.82
2024-07-05,1.84,1.9,1.83,1.85,25001.0,1.9149999999999998,1.8949877203289878,-0.007570595697823368,41.17646974048444,-0.18999999999999995,2.057681094531947,1.7723189054680526,0.11174285714285705,59733.0,-2508411.0,1.84,1.89,2.04
2024-07-08,1.85,1.85,1.71,1.78,50487.0,1.8995000000000002,1.8840365088690842,-0.015250457513450666,39.43661894068639,-0.17999999999999994,2.028866879353553,1.7701331206464475,0.11174285714285706,58135.95,-2558898.0,1.85,1.85,1.96
2024-07-09,1.79,1.81,1.7504,1.79,48875.0,1.8895,1.8750806508815525,-0.020295928085249715,43.9393930073462,-0.15999999999999992,2.0203233038953603,1.7586766961046396,0.11242857142857136,57045.7,-2510023.0,1.78,1.88,1.95
2024-07-10,1.75,1.81,1.71,1.78,87367.0,1.8835000000000002,1.8660253507975952,-0.024815360259525354,46.77419249219565,-0.1299999999999999,2.0230141947126112,1.7439858052873891,0.1119571428571428,58971.2,-2597390.0,1.79,1.83,1.91
2024-07-11,1.74,1.83,1.73,1.82,75074.0,1.8800000000000001,1.8616419840549672,-0.024882546619904744,24.999999204545475,-0.05999999999999983,2.0223117408330737,1.7376882591669265,0.10053571428571424,60141.8,-2522316.0,1.78,1.84,1.88
2024-07-12,1.77,1.82,1.77,1.79,30869.0,1.8715,1.8548189379544942,-0.027044786102917273,28.205127192636454,-0.09999999999999987,2.0140002308400455,1.7289997691599541,0.09929999999999996,56606.5,-2553185.0,1.82,1.85,1.89
2024-07-15,1.8,1.88,1.74,1.87,145243.0,1.8664999999999998,1.8562647533873995,-0.02204887933141464,41.30434656899816,0.020000000000000018,2.00125513856033,1.7317448614396698,0.08725714285714281,59611.2,-2407942.0,1.79,1.78,1.85
2024-07-16,1.87,2.02,1.87,2.02,417740.0,1.871,1.8718585863981234,-0.00591762616249647,59.64912134195142,0.14000000000000012,2.0199471824436013,1.722052817556399,0.08939999999999995,76174.45,-1990202.0,1.87,1.79,1.88
2024-07-17,2.0,2.08,1.95,2.0,143103.0,1.8775,1.884062530550683,0.005192815797672612,60.71428419642862,0.16999999999999993,2.0372201499992473,1.7177798500007526,0.0913285714285714,80603.45,-2133305.0,2.02,1.78,1.83
2024-07-18,1.92,2.02,1.92,1.96,133299.0,1.8844999999999998,1.891294670498237,0.010647517449048127,55.93220206262572,0.11999999999999988,2.0458724035626026,1.723127596437397,0.09132857142857141,83908.85,-2266604.0,2.0,1.82,1.84
2024-07-19,1.94,2.08,1.94,2.05,110260.0,1.8849999999999998,1.9064094637841191,0.021979292024721264,65.62499856445314,0.19999999999999973,2.0484496542476514,1.7215503457523484,0.09847142857142857,80567.25,-2156344.0,1.96,1.79,1.85
2024-07-22,2.08,2.13,2.02,2.11,161401.0,1.8924999999999996,1.925799038661822,0.03539331149763725,67.16417770104704,0.32999999999999985,2.082111791771872,1.7028882082281274,0.10061428571428573,87696.6,-1994943.0,2.05,1.87,1.78
2024-07-23,2.08,2.12,2.03,2.03,43527.0,1.8965,1.9357229397416484,0.03911776196800898,64.285713,0.23999999999999977,2.094412793129204,1.6985872068707963,0.10282857142857146,87412.5,-2038470.0,2.11,2.02,1.79
2024-07-24,2.09,2.09,1.96,2.055,81458.0,1.9037499999999998,1.9470826597662534,0.043584294246000965,65.03496376155314,0.27500000000000013,2.1139848311068334,1.6935151688931664,0.10782857142857147,87621.25,-1957012.0,2.03,2.0,1.78
2024-07-25,2.05,2.28,2.05,2.12,400961.0,1.9157500000000003,1.963550977883753,0.05177221218050998,67.5324663046045,0.30000000000000004,2.1466583892164137,1.6848416107835866,0.11925714285714291,105171.0,-1556051.0,2.055,1.96,1.82
2024-07-26,2.17,2.18,2.0438,2.16,34032.0,1.9292500000000001,1.9822604085614908,0.060788134062711,75.67567424397373,0.3700000000000001,2.1841447151069753,1.674355284893025,0.11898571428571433,105014.75,-1522019.0,2.12,2.05,1.79
2024-07-29,2.17,2.18,2.0,2.04,83582.0,1.93875,1.9877594172699202,0.05758649870112764,64.70588128719724,0.16999999999999993,2.1953651121611237,1.6821348878388764,0.12758571428571433,108283.55,-1605601.0,2.16,2.11,1.87
2024-07-30,2.04,2.08,1.94,2.03,177078.0,1.9462499999999998,1.9917823299108801,0.05362411773600262,64.70588128719723,0.009999999999999787,2.2043987739147264,1.6881012260852735,0.1304428571428572,115890.05,-1782679.0,2.04,2.03,2.02
2024-07-31,2.02,2.15,2.0032,2.1,59408.0,1.95975,2.0020887746812726,0.05549263272224447,65.9090898605372,0.10000000000000009,2.2205276830942253,1.6989723169057747,0.1337857142857143,116384.7,-1723271.0,2.03,2.055,2.0
2024-08-01,2.11,2.1199,1.93,1.99,79349.0,1.9672500000000004,2.0009374628068657,0.04754924552925899,60.416665785590276,0.030000000000000027,2.2220868931400153,1.7124131068599855,0.14377857142857145,119405.7,-1802620.0,2.1,2.12,1.96
2024-08-02,1.97,1.97,1.82,1.9,129133.0,1.9697500000000001,1.9913243711109736,0.033604435112163156,51.54639100860878,-0.1499999999999999,2.2206950558441507,1.7188049441558495,0.14449285714285717,124612.3,-1931753.0,1.99,2.16,2.05
2024-08-05,1.87,1.9399,1.8101,1.91,52933.0,1.9762499999999998,1.9835791929099285,0.023093778116434427,43.37349324430252,-0.19999999999999996,2.2128236782973754,1.7396763217026243,0.14305000000000004,124734.6,-1878820.0,1.9,2.04,2.11
2024-08-06,1.88,1.91,1.75,1.81,111860.0,1.9772500000000002,1.967047841204221,0.006618547966432908,39.56043895181744,-0.21999999999999975,2.2106566927286333,1.743843307271367,0.14519285714285715,127883.85,-1990680.0,1.91,2.03,2.03
2024-08-07,1.81,1.96,1.8,1.84,89713.0,1.9802499999999998,1.954948046803819,-0.003971658540843359,43.333332659259284,-0.21500000000000008,2.2043382110147287,1.756161788985271,0.1494785714285714,128001.15,-1900967.0,1.81,2.1,2.055
2024-08-08,1.91,1.95,1.84,1.95,71033.0,1.98675,1.9544768042510743,-0.0034486390499561814,44.56521671313802,-0.17000000000000015,2.1984666676679314,1.7750333323320688,0.14733571428571426,127799.1,-1829934.0,1.84,1.99,2.12
2024-08-09,1.91,1.92,1.77,1.78,90705.0,1.98625,1.937859965750972,-0.01656081876201343,33.980582062399876,-0.3800000000000001,2.1999609459551497,1.7725390540448505,0.1501928571428571,130790.9,-1920639.0,1.95,1.9,2.16
2024-08-12,1.79,1.805,1.76,1.78,69698.0,1.9817500000000003,1.9228256832984985,-0.02664516675549744,36.842104720221634,-0.26,2.209121131806436,1.7543788681935646,0.1469785714285714,127013.65,-1920639.0,1.78,1.91,2.04
2024-08-13,1.76,1.87,1.72,1.72,357447.0,1.96675,1.9035089515557844,-0.03902868535852999,32.99492338890464,-0.30999999999999983,2.2214381478034877,1.7120618521965123,0.14840714285714282,123999.0,-2278086.0,1.78,1.81,2.03
2024-08-14,1.77,1.77,1.5601,1.6,314510.0,1.9467500000000002,1.8746033371219002,-0.05785875051981759,24.999999663461566,-0.5,2.2488527186762335,1.6446472813237671,0.14697142857142856,132569.35,-2592596.0,1.72,1.84,2.1
2024-08-15,1.61,1.74,1.61,1.68,136964.0,1.93275,1.8560696859674335,-0.06557052521748563,27.777777417695475,-0.31000000000000005,2.2573789379713602,1.6081210620286395,0.14652857142857137,132752.6,-2455632.0,1.6,1.95,1.99
2024-08-16,1.66,1.77,1.66,1.77,39148.0,1.91875,1.8478725730181542,-0.06368578431348482,37.142856647619055,-0.1299999999999999,2.2462263952923576,1.5912736047076421,0.1415285714285714,129197.0,-2416484.0,1.68,1.78,1.9
2024-08-19,1.77,1.88,1.76,1.83,109860.0,1.90475,1.8461704232069014,-0.056697046749973,40.909090388429775,-0.07999999999999985,2.22156764637189,1.5879323536281098,0.14009999999999995,126619.95,-2306624.0,1.77,1.78,1.91
2024-08-20,1.88,2.0,1.84,1.858,111174.0,1.89615,1.8472970495681489,-0.04834180168870672,38.56332652184634,0.04800000000000004,2.2079503916137995,1.5843496083862005,0.14104285714285708,130002.3,-2195450.0,1.83,1.72,1.81
2024-08-21,1.85,1.95,1.8,1.92,76887.0,1.8894000000000002,1.854221140085468,-0.0362988968521154,46.534652820311734,0.07999999999999985,2.192443092297888,1.5863569077021125,0.1381928571428571,129773.75,-2118563.0,1.858,1.6,1.84
2024-08-22,1.95,1.95,1.851,1.87,56779.0,1.8768999999999998,1.8557238886487568,-0.030438513894342822,48.453607548092265,-0.07999999999999985,2.1598512883500263,1.5939487116499733,0.13454999999999995,112564.65,-2175342.0,1.92,1.68,1.95
2024-08-23,1.9,2.085,1.87,2.07,223605.0,1.8724,1.8761311373488752,-0.009545752166968402,56.89655103745542,0.2899999999999998,2.138770853471133,1.6060291465288672,0.14063571428571423,122043.3,-1951737.0,1.87,1.77,1.78
2024-08-26,2.04,2.1299,2.04,2.07,125364.0,1.8739000000000001,1.894594838553744,0.006932004196751551,62.26415012103952,0.2899999999999998,2.144548266594336,1.6032517334056644,0.13562857142857138,124132.4,-1951737.0,2.07,1.83,1.78
2024-08-27,1.96,2.04,1.95,1.99,62034.0,1.8719000000000001,1.9036810444057686,0.013381163695671328,56.75675604090579,0.27,2.1382483275317115,1.6055516724682888,0.1306285714285714,118380.2,-2013771.0,2.07,1.858,1.72
2024-08-28,1.98,2.09,1.92,2.06,68316.0,1.8699,1.9185685639861716,0.023865477674789304,55.140186194427486,0.45999999999999996,2.129553128940156,1.6102468710598437,0.13491428571428568,118825.6,-1945455.0,1.99,1.92,1.6
2024-08-29,2.04,2.0499,1.93,1.97,54428.0,1.8689,1.9234667959874885,0.024628225351194466,59.59595875318846,0.29000000000000004,2.1267534059254616,1.6110465940745387,0.1327642857142857,117579.55,-1999883.0,2.06,1.87,1.68
2024-08-30,1.98,1.99,1.95,1.97,34758.0,1.8724,1.9278985297029658,0.024945156147776926,59.59595875318846,0.19999999999999996,2.1339052781997108,1.6108947218002894,0.13240714285714286,112860.8,-1999883.0,1.97,2.07,1.77
2024-09-03,1.96,1.965,1.83,1.85,81076.0,1.8694000000000002,1.9204796221122071,0.015336538898398366,56.19047544126986,0.020000000000000018,2.1304653477378146,1.6083346522621857,0.13133571428571428,114267.95,-2080959.0,1.97,2.07,1.83
2024-09-04,1.835,1.875,1.75,1.79,71337.0,1.8684,1.908052991434854,0.002847319813779947,59.59595875318846,-0.06800000000000006,2.130574228931415,1.6062257710685854,0.12527142857142856,112241.8,-2152296.0,1.85,1.99,1.858
2024-09-05,1.76,1.79,1.7,1.75,114851.0,1.8639000000000003,1.8930003255839156,-0.01016101217262233,53.684209735180076,-0.16999999999999993,2.131166789635558,1.5966332103644423,0.12241428571428571,113498.7,-2267147.0,1.79,2.06,1.92
2024-09-06,1.76,1.79,1.67,1.68,83292.0,1.8504,1.8727145802902094,-0.02582097583955245,45.16128964273327,-0.19000000000000017,2.126485722767009,1.574314277232991,0.12312857142857143,114111.65,-2350439.0,1.75,1.97,1.87
2024-09-09,1.7023,1.72,1.66,1.67,74460.0,1.8448999999999998,1.85340842978638,-0.03859364280527888,40.909090258264456,-0.3999999999999999,2.1310886753432587,1.5587113246567408,0.11884285714285715,113299.4,-2424899.0,1.68,1.97,2.07
2024-09-10,1.7,1.7,1.5901,1.65,70536.0,1.8384,1.8340361983781532,-0.04975634606517998,38.07339388414274,-0.41999999999999993,2.136454322141721,1.540345677858279,0.11526428571428572,113341.3,-2495435.0,1.67,1.85,2.07
2024-09-11,1.68,1.8,1.6407,1.79,73831.0,1.8419,1.8298422747230911,-0.04676693869462922,43.15789410083104,-0.19999999999999996,2.135714047888855,1.548085952111145,0.11592857142857145,99160.5,-2421604.0,1.65,1.79,1.99
2024-09-12,1.77,1.869,1.77,1.83,80675.0,1.8534,1.8298572961780348,-0.04070097065620182,47.87233971253963,-0.22999999999999998,2.1244730334682456,1.5823269665317543,0.11592857142857145,87468.75,-2340929.0,1.79,1.75,2.06
2024-09-13,1.81,1.86,1.73,1.76,43669.0,1.8573999999999997,1.8232042203515553,-0.04106864845247071,30.864196997408968,-0.20999999999999996,2.1199257080143075,1.5948742919856922,0.10985714285714289,82804.0,-2384598.0,1.83,1.68,1.97
2024-09-16,1.81,1.81,1.71,1.72,88674.0,1.8549,1.8133752469847404,-0.044079579506580036,29.41176422145331,-0.25,2.121845214170274,1.587954785829726,0.11057857142857146,85280.3,-2473272.0,1.76,1.67,1.97
2024-09-17,1.76,1.7776,1.69,1.69,68147.0,1.8479000000000003,1.8016252234623842,-0.04832940207561731,31.249999453125028,-0.16000000000000014,2.1247529155383735,1.571047084461627,0.1104071428571429,83194.65,-2541419.0,1.72,1.65,1.85
2024-09-18,1.67,1.75,1.67,1.68,43057.0,1.839,1.790041868846919,-0.051905993523312155,24.324323864134428,-0.1100000000000001,2.1257531489296064,1.5522468510703935,0.10397857142857148,79788.8,-2584476.0,1.69,1.79,1.79
2024-09-19,1.7,1.8,1.6359,1.64,195228.0,1.825,1.7757521670519745,-0.05730752820674301,26.086955992438575,-0.1100000000000001,2.1222505588503315,1.5277494411496682,0.10713571428571433,85705.85,-2779704.0,1.68,1.83,1.75
2024-09-20,1.65,1.652,1.58,1.61,159329.0,1.812,1.7599662463803578,-0.06327958497317643,24.999999513888923,-0.06999999999999984,2.123370485029267,1.5006295149707332,0.1094214285714286,90833.35,-2939033.0,1.64,1.76,1.68
2024-09-23,1.59,1.7,1.55,1.67,99536.0,1.7920000000000003,1.7513980324393714,-0.062451087169874686,36.36363559228652,0.0,2.084402030376695,1.4995979696233055,0.11049285714285717,84629.9,-2839497.0,1.61,1.72,1.67
2024-09-24,1.71,1.72,1.65,1.69,62143.0,1.7730000000000001,1.745550600778479,-0.05949484430794194,41.93548292403747,0.040000000000000036,2.037384090611394,1.5086159093886065,0.10656428571428575,81468.85,-2777354.0,1.67,1.69,1.65
2024-09-25,1.67,1.76,1.668,1.73,115036.0,1.7599999999999998,1.7440695911805286,-0.053309812501195264,48.38709568158171,-0.06000000000000005,2.004260430472742,1.5157395695272575,0.10670714285714289,84118.95,-2662318.0,1.69,1.68,1.79
2024-09-26,1.71,1.91,1.71,1.87,230657.0,1.7505000000000002,1.7560629634490497,-0.036688379462606946,63.76811464818319,0.040000000000000036,1.9575824905556465,1.5434175094443539,0.11242142857142859,92236.0,-2431661.0,1.73,1.64,1.83
2024-09-27,1.9,2.12,1.86,1.87,389517.0,1.7454999999999998,1.7669141097872354,-0.02324778799975946,64.70588102076128,0.1100000000000001,1.93428838055233,1.5567116194476696,0.12670714285714288,108990.45,-2431661.0,1.87,1.61,1.76
2024-09-30,1.98,2.1,1.93,2.09,280314.0,1.7515,1.7976841945694035,0.005097379532586155,74.99999880681821,0.3699999999999999,1.9748029568239263,1.5281970431760739,0.13100000000000003,121268.25,-2151347.0,1.87,1.67,1.72
2024-10-01,2.06,2.12,2.01,2.05,219018.0,1.7615000000000003,1.8217142712770793,0.024056158886802015,66.66666547008549,0.3599999999999999,2.0187138164415233,1.5042861835584773,0.1274785714285715,128165.35,-2370365.0,2.09,1.69,1.69
2024-10-02,2.06,2.105,1.9913,2.04,69436.0,1.7739999999999998,1.84250338829831,0.037838038336584834,63.99999880533336,0.3600000000000001,2.0597602970470414,1.4882397029529582,0.1285285714285715,128070.3,-2439801.0,2.05,1.73,1.68
2024-10-03,1.98,2.03,1.91,1.96,84772.0,1.7845,1.853693541793709,0.041822838038758636,63.15789357340723,0.32000000000000006,2.08174878823177,1.4872512117682302,0.12781428571428574,126566.35,-2524573.0,2.04,1.87,1.64
2024-10-04,1.96,2.07,1.9506,2.0,78208.0,1.8005,1.8676274901943082,0.04765910175922472,68.42105137119117,0.3899999999999999,2.108325993225484,1.4926740067745161,0.12920000000000004,126312.15,-2446365.0,1.96,1.87,1.61
2024-10-07,2.0,2.03,1.971,1.975,26744.0,1.8157500000000002,1.877853443509136,0.049694247389201474,68.87417090829354,0.30500000000000016,2.1265600621550638,1.5049399378449366,0.12715714285714286,123926.35,-2473109.0,2.0,2.09,1.67
2024-10-08,1.95,1.96,1.91,1.93,40064.0,1.82975,1.8828197822225516,0.047132674906979366,65.82278364364689,0.24,2.1342854529529456,1.5252145470470546,0.12501428571428572,122402.75,-2513173.0,1.975,2.05,1.69
2024-10-09,1.95,1.95,1.8899,1.905,96273.0,1.8355000000000001,1.8849321839156419,0.0425943184049522,67.09677298147767,0.17500000000000004,2.1412157262280607,1.5297842737719398,0.11758571428571428,123524.85,-2609446.0,1.93,2.04,1.73
2024-10-10,1.93,1.97,1.88,1.95,79368.0,1.8415,1.8911291187808188,0.042142964240493797,71.51898607434708,0.07999999999999985,2.151442269666963,1.5315577303330372,0.11887142857142859,123459.5,-2530078.0,1.905,1.96,1.87
2024-10-11,1.94,2.14,1.94,2.09,234255.0,1.858,1.9100692027064552,0.05247716864982488,74.1379298414586,0.21999999999999975,2.1843740185737714,1.5316259814262287,0.12244285714285717,132988.8,-2295823.0,1.95,2.0,1.87
2024-10-14,2.09,2.13,2.07,2.11,127515.0,1.8775000000000002,1.929110231020126,0.06157117872944462,74.1379298414586,0.020000000000000018,2.2155516933375923,1.539448306662408,0.12172857142857145,134930.85,-2168308.0,2.09,1.975,2.09
2024-10-15,2.07,2.13,1.98,2.06,85506.0,1.8959999999999997,1.9415759233039236,0.06400584555855326,68.74999890625003,0.010000000000000231,2.2313332984548713,1.560666701545128,0.12587142857142858,135798.8,-2253814.0,2.11,1.93,2.05
2024-10-16,2.05,2.1,1.96,1.97,93558.0,1.9105,1.9442829782273594,0.05800444953530115,56.02409544055743,-0.07000000000000006,2.231270454079734,1.5897295459202663,0.12158571428571431,138323.85,-2347372.0,2.06,1.905,2.04
2024-10-17,1.98,2.03,1.91,1.96,129810.0,1.9264999999999997,1.9457798374438013,0.05184376091840992,55.357141934523824,0.0,2.2213344763100893,1.6316655236899098,0.1115857142857143,135052.95,-2477182.0,1.97,1.95,1.96
2024-10-18,1.96,2.07,1.92,2.01,111608.0,1.9465,1.9518960434015344,0.05041480247581154,44.02984982624193,0.009999999999999787,2.2026681191388775,1.6903318808611223,0.11015714285714286,132666.9,-2365574.0,1.96,2.09,2.0
2024-10-21,2.08,2.14,1.94,1.98,233477.0,1.9620000000000002,1.9545726106966264,0.04632755808378852,44.696968748852186,0.004999999999999893,2.1827975972409135,1.7412024027590869,0.11658571428571428,139363.95,-2599051.0,2.01,2.11,1.975
2024-10-22,2.03,2.03,1.85,1.9,152514.0,1.9724999999999997,1.9493752192017095,0.036215585319980814,40.410958129104905,-0.030000000000000027,2.155587554551288,1.789412445448711,0.12132142857142855,143882.5,-2751565.0,1.98,2.06,1.93
2024-10-23,1.9,1.9,1.7801,1.888,97272.0,1.9804000000000002,1.9435299602301181,0.02692312135610453,44.561932592345826,-0.017000000000000126,2.130003546256844,1.830796453743156,0.1213142857142857,142994.3,-2848837.0,1.9,1.97,1.905
2024-10-24,1.88,1.96,1.86,1.91,37415.0,1.9823999999999997,1.9403366306843925,0.02109087042875224,43.0124214251958,-0.040000000000000036,2.1267670759957786,1.8380329240042206,0.1199285714285714,133332.2,-2811422.0,1.888,1.96,1.95
2024-10-25,1.93,2.07,1.93,2.07,215627.0,1.9924,1.9526855230001647,0.029044624027587673,56.09755996743794,-0.020000000000000018,2.13159981851165,1.85320018148835,0.1257142857142857,124637.7,-2595795.0,1.91,2.01,2.09
2024-10-28,2.1,2.45,2.1,2.385,641456.0,2.0071499999999998,1.9938583303334825,0.06007340962142704,71.68732030159916,0.2749999999999999,2.2282937017916113,1.7860062982083882,0.1471428571428571,142694.8,-1954339.0,2.07,1.98,2.11
2024-10-29,2.4,2.6999,2.32,2.67,701073.0,2.03815,2.058252775063627,0.10643415719894334,79.22077837349818,0.6099999999999999,2.4082454499926405,1.6680545500073594,0.16998571428571427,166797.55,-1253266.0,2.385,1.9,2.06
2024-10-30,2.72,2.84,2.51,2.55,554613.0,2.06365,2.1050858441051865,0.1319711057888613,71.67629985298541,0.5799999999999998,2.4988372071455567,1.628462792854443,0.1871285714285714,191056.4,-1807879.0,2.67,1.888,1.97
2024-10-31,2.55,2.5717,2.32,2.43,245141.0,2.08715,2.136030049428502,0.14090209279487098,62.46334246738507,0.4700000000000002,2.5487300210033634,1.625569978996636,0.19082142857142853,199074.85,-2053020.0,2.55,1.91,1.96
2024-11-01,2.43,2.5,2.295,2.31,167484.0,2.1026499999999997,2.152598616149597,0.1367209334088555,56.83060054943416,0.30000000000000027,2.572650795072107,1.6326492049278922,0.2011785714285714,203538.65,-2220504.0,2.43,2.07,2.01
2024-11-04,2.32,2.4,2.2008,2.28,119044.0,2.1178999999999997,2.1647320812782067,0.12949386057471868,57.61772797323532,0.2999999999999998,2.5902481766663144,1.645551823333685,0.20469285714285715,208153.65,-2339548.0,2.31,2.385,1.98
2024-11-05,2.29,2.5,2.21,2.46,158702.0,2.1444,2.1928528354421872,0.1367148848717723,65.97131621668942,0.56,2.6315975282972395,1.6572024717027605,0.21540714285714285,214085.55,-2180846.0,2.28,2.67,1.9
2024-11-06,2.54,2.659,2.41,2.58,234485.0,2.1781499999999996,2.229723993971503,0.15038702772696455,68.8564471021957,0.6920000000000002,2.688489525785471,1.6678104742145283,0.22462142857142853,220996.15,-1946361.0,2.46,2.55,1.888
2024-11-07,2.62,2.62,2.39,2.46,169912.0,2.20365,2.251655042164693,0.14981235870786413,63.12718734901948,0.55,2.716947400200531,1.690352599799469,0.23033571428571425,225523.35,-2116273.0,2.58,2.43,1.91
2024-11-08,2.45,2.45,2.35,2.39,92260.0,2.21865,2.2648307524347224,0.14207081051678117,61.68757077330331,0.3200000000000003,2.735485013886385,1.7018149861136147,0.2231928571428571,218423.6,-2208533.0,2.46,2.31,2.07
2024-11-11,2.37,2.4176,2.25,2.32,243593.0,2.2291499999999997,2.2700849664885583,0.12880240882275906,62.04128390563189,-0.06499999999999995,2.7452231384314807,1.7130768615685186,0.22230714285714284,224227.5,-2452126.0,2.39,2.28,2.385
2024-11-12,2.21,2.2936,2.04,2.08,310782.0,2.23015,2.251981636346791,0.09779380454610775,54.86815376868451,-0.5899999999999999,2.7449189415241437,1.7153810584758564,0.23185714285714284,235491.3,-2762908.0,2.32,2.46,2.67
2024-11-13,2.1,2.18,2.0169,2.05,102787.0,2.2341499999999996,2.232745290028049,0.06999169231175362,53.535353156820726,-0.5,2.7415986336462694,1.7267013663537298,0.23636428571428572,235952.75,-2865695.0,2.08,2.58,2.55
2024-11-14,2.02,2.07,1.98,2.03,157991.0,2.23765,2.2134362147872824,0.04581634292801873,48.91304310609641,-0.40000000000000036,2.7380537422553415,1.7372462577446584,0.23279285714285716,237361.8,-3023686.0,2.05,2.46,2.43
2024-11-15,2.08,2.08,1.92,1.95,123712.0,2.23465,2.188347051474208,0.019971652180931443,36.44859781290945,-0.3600000000000001,2.741478435624805,1.7278215643751946,0.2192214285714286,237967.0,-3147398.0,2.03,2.39,2.31
2024-11-18,1.92,2.04,1.8701,1.95,172033.0,2.2331499999999997,2.165647332286188,-0.0005046343266821296,22.7272724862259,-0.32999999999999985,2.743318300403734,1.7229816995962657,0.20422142857142855,234894.8,-3147398.0,1.95,2.32,2.28
2024-11-19,1.92,2.13,1.9,2.04,101271.0,2.24015,2.1536809196875035,-0.009362070942914524,30.23255781142963,-0.41999999999999993,2.7346733856425405,1.7456266143574592,0.19707857142857144,232332.65,-3046127.0,1.95,2.08,2.46
2024-11-20,2.03,2.04,1.98,2.0,69801.0,2.2457499999999997,2.139044641622027,-0.019385850959118933,32.231404585752344,-0.5800000000000001,2.725807836427843,1.7656921635721563,0.1833857142857143,230959.1,-3115928.0,2.04,2.05,2.58
2024-11-21,1.98,2.06,1.98,2.04,87027.0,2.25225,2.1296118186104054,-0.02382743529137965,38.053096873678456,-0.41999999999999993,2.716424139282813,1.7880758607171876,0.17445714285714287,233439.7,-3028901.0,2.0,2.03,2.46
2024-11-22,2.01,2.06,2.0,2.025,61634.0,2.25,2.119648788266557,-0.028232352528430038,38.56502193730018,-0.3650000000000002,2.718311637132451,1.7816883628675488,0.16451428571428575,225740.05,-3090535.0,2.04,1.95,2.39
2024-11-25,2.03,2.11,2.0,2.07,117094.0,2.2342500000000003,2.1149203322411707,-0.02777201871099111,30.10204038629739,-0.25,2.7046280674263863,1.7638719325736143,0.15165714285714285,199521.95,-2973441.0,2.025,1.95,2.32
2024-11-26,2.07,2.19,2.05,2.17,225491.0,2.20925,2.1201660148848687,-0.01911766009380811,28.645832915581607,0.08999999999999986,2.632946452912363,1.7855535470876365,0.14387142857142862,175742.85,-2747950.0,2.07,2.04,2.08
2024-11-27,2.21,2.25,2.07,2.1,95677.0,2.18675,2.118245442038691,-0.017703360207466545,30.21977975486054,0.050000000000000266,2.581028488274191,1.7924715117258085,0.14030000000000004,152796.05,-2843627.0,2.17,2.0,2.05
2024-11-29,2.07,2.14,2.04,2.1,73178.0,2.1702500000000002,2.116507780892149,-0.016393542801273142,32.738094692460336,0.07000000000000028,2.5489802192159488,1.7915197807840517,0.14030000000000004,144197.9,-2843627.0,2.1,2.04,2.03
2024-12-02,2.06,2.075,1.95,1.97,96824.0,2.15325,2.1025546589024207,-0.02555088195250743,30.555555080246933,0.020000000000000018,2.536068838561906,1.7704311614380939,0.1372571428571429,140664.9,-2940451.0,2.1,2.025,1.95
2024-12-03,2.03,2.2363,2.0,2.2,166825.0,2.14925,2.1118351675783806,-0.014086678929126073,56.74157214114381,0.2500000000000002,2.528144166587025,1.770355833412975,0.1360214285714286,143053.95,-2773626.0,1.97,2.07,1.95
2024-12-04,2.24,2.28,2.09,2.16,201035.0,2.1342499999999998,2.1164222944756776,-0.008135104720726094,56.111110238271635,0.1200000000000001,2.483975832466989,1.7845241675330104,0.13794285714285717,145170.6,-2974661.0,2.2,2.17,2.04
2024-12-05,2.17,2.17,2.03,2.06,104848.0,2.10825,2.1110487426208513,-0.011356690685973447,51.530611508746375,0.06000000000000005,2.3889497834360482,1.8275502165639517,0.14151428571428576,138688.75,-3079509.0,2.16,2.1,2.0
2024-12-06,2.08,2.15,2.04,2.13,162356.0,2.09175,2.1128536242760085,-0.008167258713616121,59.2783496599001,0.08999999999999986,2.3191211318064346,1.8643788681935658,0.13794285714285717,138310.95,-2917153.0,2.06,2.1,2.04
2024-12-09,2.13,2.25,2.06,2.06,161519.0,2.0752499999999996,2.1078199457735316,-0.01115938741089284,55.28846079419381,0.03500000000000014,2.254237650264927,1.8962623497350724,0.13937857142857146,141773.9,-3078672.0,2.13,1.97,2.025
2024-12-10,2.06,2.0793,2.0,2.02,84016.0,2.06025,2.0994561414141475,-0.016567358471023308,48.989898297112546,-0.04999999999999982,2.19852794283137,1.9219720571686296,0.12861428571428574,133795.05,-3162688.0,2.06,2.2,2.07
2024-12-11,2.04,2.05,1.99,2.03,105318.0,2.05775,2.092841270803276,-0.01981785023071625,51.56249924804688,-0.14000000000000012,2.1963321056269223,1.9191678943730777,0.12861428571428574,123521.85,-3057370.0,2.02,2.16,2.17
2024-12-12,2.01,2.03,1.97,1.98,71086.0,2.05425,2.082094483107726,-0.026127291350348525,46.90721581783399,-0.1200000000000001,2.1971255439276542,1.911374456072346,0.1271857142857143,121936.8,-3128456.0,2.03,2.06,2.1
2024-12-13,1.98,1.98,1.92,1.94,149764.0,2.0497500000000004,2.0685616751927043,-0.0339637219557507,45.72864257266232,-0.16000000000000014,2.2012503908280245,1.8982496091719763,0.1271857142857143,121525.45,-3278220.0,1.98,2.13,2.1
2024-12-16,1.92,1.92,1.8,1.81,461264.0,2.04275,2.04393675374578,-0.0500866949718719,37.96296247085049,-0.15999999999999992,2.2237261542884696,1.8617738457115303,0.12789999999999999,138403.05,-3739484.0,1.94,2.06,1.97
2024-12-17,1.81,1.81,1.7506,1.77,136355.0,2.0337500000000004,2.017847539103325,-0.06533874853182775,30.39215644559785,-0.43000000000000016,2.2488356622493804,1.8186643377506202,0.12214285714285714,136619.15,-3875839.0,1.81,2.02,2.2
2024-12-18,1.7795,1.84,1.65,1.65,155948.0,2.01425,1.9828144401411034,-0.08611641159409933,28.97196223775002,-0.5100000000000002,2.289305496792521,1.739194503207479,0.12285714285714286,139353.0,-4031787.0,1.77,2.03,2.16
2024-12-19,1.7,1.73,1.65,1.67,102212.0,1.9977500000000004,1.9530225886990935,-0.09981838223725825,30.275228968942002,-0.3900000000000001,2.3130522776888562,1.6824477223111443,0.12142857142857143,140973.55,-3929575.0,1.65,1.98,2.06
2024-12-20,1.68,1.77,1.6405,1.7,145147.0,1.9807499999999998,1.9289251992991798,-0.10702285060740113,36.36363584940313,-0.42999999999999994,2.322052073335555,1.6394479266644444,0.12174999999999998,143879.55,-3784428.0,1.67,1.94,2.13
2024-12-23,1.74,1.77,1.65,1.72,174540.0,1.9654999999999998,1.9090275612706864,-0.10985230188762918,19.230768885601563,-0.3400000000000001,2.325235282790278,1.6057647172097216,0.11344285714285714,149524.85,-3609888.0,1.7,1.81,2.06
2024-12-24,1.7,1.76,1.69,1.74,57369.0,1.9489999999999998,1.8929296982925259,-0.10922178876658228,22.36842064058169,-0.28,2.3186883466978654,1.5793116533021343,0.10487142857142857,146538.6,-3552519.0,1.72,1.77,2.02
2024-12-26,1.72,1.768,1.72,1.75,80342.0,1.9280000000000002,1.87931734607419,-0.10668538345788092,26.865671080418778,-0.2799999999999998,2.29250976450713,1.5634902354928704,0.09829999999999998,139281.15,-3472177.0,1.74,1.65,2.03
2024-12-27,1.71,1.75,1.67,1.69,100767.0,1.9075,1.861287122638553,-0.10826870826208235,16.666666313131316,-0.29000000000000004,2.2773577251350794,1.5376422748649208,0.09615714285714286,139535.65,-3572944.0,1.75,1.67,1.98
2024-12-30,1.66,1.76,1.59,1.725,176533.0,1.88875,1.8483073966729766,-0.10548335067834325,23.199999480320017,-0.21499999999999986,2.255526498701853,1.5219735012981468,0.09472857142857143,144703.4,-3396411.0,1.69,1.7,1.94
2024-12-31,1.71,1.77,1.6818,1.72,68310.0,1.87625,1.8360876446088836,-0.10249786139560313,24.576270603274935,-0.09000000000000008,2.2483687558039005,1.5041312441960994,0.09536428571428572,143277.7,-3464721.0,1.725,1.72,1.81
2025-01-02,1.73,1.812,1.72,1.78,43241.0,1.8552499999999998,1.8307459641699424,-0.09420441125789614,30.468749333496135,0.010000000000000009,2.1965705778181204,1.5139294221818795,0.09765000000000003,137098.5,-3421480.0,1.72,1.74,1.77
2025-01-03,1.78,1.843,1.77,1.81,45383.0,1.8377500000000002,1.8287701580585194,-0.08423997697612773,36.290321761186306,0.16000000000000014,2.147732597134591,1.5277674028654094,0.09857857142857147,129315.9,-3376097.0,1.78,1.75,1.65
2025-01-06,1.86,1.89,1.8,1.8,62349.0,1.8247499999999999,1.8260301430053272,-0.07627080508042705,38.13559231542664,0.13000000000000012,2.116775143113596,1.5327248568864036,0.1007214285714286,127190.95,-3438446.0,1.81,1.69,1.67
2025-01-07,1.84,1.9,1.7868,1.89,143240.0,1.8127499999999999,1.832122510338153,-0.061978481742425595,57.27272581487605,0.18999999999999995,2.069561932006756,1.5559380679932437,0.10023571428571432,126235.15,-3295206.0,1.8,1.725,1.7
2025-01-08,1.91,1.91,1.7532,1.8,124796.0,1.7997500000000002,1.8290632236392814,-0.057253972212736315,52.49999877500003,0.08000000000000007,2.028671383885364,1.5708286161146363,0.10719285714285716,124399.0,-3420002.0,1.89,1.72,1.72
2025-01-10,1.78,1.815,1.715,1.77,103404.0,1.7872499999999998,1.8234381547212546,-0.05529312888078275,61.76470418685127,0.030000000000000027,1.9915066754690631,1.5829933245309364,0.10076428571428571,125368.4,-3523406.0,1.8,1.78,1.74
2025-01-13,1.73,1.7597,1.67,1.68,48918.0,1.7697499999999997,1.809777378081135,-0.060306221667645765,50.862067737812154,-0.07000000000000006,1.9442409890600307,1.5952590109399687,0.10145714285714284,122548.4,-3572324.0,1.77,1.81,1.75
2025-01-14,1.73,1.73,1.64,1.65,159274.0,1.75325,1.7945604849305508,-0.06593977047025668,45.68965406956007,-0.040000000000000036,1.9049517503281406,1.6015482496718594,0.09863571428571428,126957.8,-3731598.0,1.68,1.8,1.69
2025-01-15,1.7,1.7377,1.68,1.7226,21844.0,1.74238,1.7877071054133555,-0.0638106161649501,50.20549999545209,-0.0024000000000001798,1.8663617236106338,1.6183982763893663,0.09418571428571429,120561.8,-3709754.0,1.65,1.89,1.725
2025-01-16,1.7433,1.7433,1.685,1.72,28414.0,1.73788,1.7812588096597026,-0.06162269622586458,48.37451125285573,0.0,1.8580008794681442,1.617759120531856,0.09335,98919.3,-3738168.0,1.7226,1.8,1.72
2025-01-17,1.72,1.75,1.7,1.73,52646.0,1.7358799999999999,1.7763770182635406,-0.05840854019124353,48.37451125285573,-0.050000000000000044,1.8550775556089458,1.616682444391054,0.09349285714285714,94733.85,-3685522.0,1.72,1.77,1.78
2025-01-21,1.76,1.78,1.7152,1.77,50505.0,1.74188,1.7757696831908225,-0.05203381919327921,56.720428773377016,-0.040000000000000036,1.854790837669144,1.6289691623308562,0.09240714285714284,89461.7,-3635017.0,1.73,1.68,1.81
2025-01-22,1.77,1.77,1.69,1.72,39636.0,1.74438,1.7704582847916965,-0.050435005657058385,49.590297125099696,-0.08000000000000007,1.85271094712617,1.63604905287383,0.08597857142857143,86332.9,-3674653.0,1.77,1.65,1.8
2025-01-23,1.7137,1.77,1.69,1.745,36402.0,1.7466300000000001,1.7680336862401065,-0.046613314075608425,51.98349614762149,-0.1449999999999998,1.8529300935781656,1.6403299064218346,0.08539285714285715,80895.65,-3638251.0,1.72,1.7226,1.89
2025-01-24,1.8,1.82,1.72,1.79,71630.0,1.75013,1.7701257161220012,-0.03949816182147492,50.81274266681015,-0.010000000000000009,1.8573439248614676,1.6429160751385323,0.08596428571428572,75750.15,-3566621.0,1.745,1.72,1.8
2025-01-27,1.75,1.8,1.73,1.74,55691.0,1.75013,1.7672566003008583,-0.037462094820982506,44.489923452678006,-0.030000000000000027,1.8573439248614676,1.6429160751385323,0.08575,75666.25,-3622312.0,1.79,1.73,1.77
2025-01-28,1.76,1.78,1.7,1.78,34958.0,1.75163,1.7684702574150624,-0.03224908398218118,48.49669170331677,0.10000000000000009,1.859672508203657,1.6435874917963431,0.08503571428571431,73397.05,-3587354.0,1.74,1.77,1.68
2025-01-29,1.7401,1.7951,1.725,1.74,29887.0,1.7541300000000004,1.7657588043279135,-0.030988188493294322,37.80884179238657,0.09000000000000008,1.858416671702221,1.6498433282977798,0.08195714285714287,69853.05,-3617241.0,1.78,1.72,1.65
2025-01-30,1.77,1.93,1.73,1.75,53576.0,1.7553800000000002,1.764257965820493,-0.028849444865326035,45.3288478426684,0.02740000000000009,1.858792176825456,1.6519678231745443,0.08504285714285717,63705.2,-3563665.0,1.74,1.745,1.7226
2025-01-31,1.74,1.81,1.7101,1.7543,40829.0,1.757095,1.7633095881233032,-0.026502002480275566,48.45927246628103,0.0343,1.8591656355009551,1.655024364499045,0.08503571428571433,62331.15,-3522836.0,1.75,1.79,1.72
2025-02-03,1.72,2.04,1.72,1.89,844647.0,1.762595,1.7753753416353695,-0.013535749871131264,68.91210200870059,0.15999999999999992,1.8804901983308207,1.6446998016691792,0.10148571428571432,102401.45,-2678189.0,1.7543,1.74,1.73
2025-02-04,2.01,2.28,1.96,2.14,1350289.0,1.7790949999999999,1.810101499574858,0.016720268553365836,81.60474568825279,0.3700000000000001,1.9846821537559278,1.573507846244072,0.11791428571428574,167646.75,-1327900.0,1.89,1.78,1.77
2025-02-05,2.19,2.19,1.99,2.05,242989.0,1.7915950000000003,1.832948975805824,0.033055094742891145,70.65354404598835,0.32999999999999985,2.0302717774737484,1.5529182225262523,0.12807857142857143,176678.75,-1570889.0,2.14,1.74,1.72
2025-02-06,2.04,2.1558,1.95,2.12,234676.0,1.8030950000000001,1.8602871685862217,0.05106038483732944,73.25581276095187,0.375,2.080721280228789,1.5254687197712111,0.13861428571428575,181250.55,-1336213.0,2.05,1.75,1.745
2025-02-07,2.15,2.28,2.11,2.15,263865.0,1.8205949999999997,1.8878788668161053,0.06697837126644934,73.86363518853305,0.3599999999999999,2.1385890977605024,1.502600902239497,0.14718571428571428,188204.0,-1072348.0,2.12,1.7543,1.79
2025-02-10,2.2,2.2498,2.09,2.09,130718.0,1.8365950000000002,1.9071284985479047,0.07390011708679789,67.77777672345678,0.34999999999999987,2.1753917468618913,1.4977982531381093,0.15397142857142862,189569.7,-1203066.0,2.15,1.89,1.74
2025-02-11,2.0,2.06,1.92,1.96,168259.0,1.8505950000000002,1.9121638796385805,0.06811060036955796,62.244897069970854,0.17999999999999994,2.185261265656416,1.5159287343435843,0.15825714285714287,195536.75,-1371325.0,2.09,2.14,1.78
2025-02-12,1.98,1.98,1.83,1.84,350844.0,1.860095,1.9052911291968109,0.0532258154729226,54.41860394245539,0.10000000000000009,2.181301957222926,1.538888042777074,0.1632571428571429,205115.25,-1722169.0,1.96,2.05,1.74
2025-02-13,1.84,1.9195,1.81,1.86,117496.0,1.866965,1.9009776883209242,0.04255282655991266,53.33333262222223,0.1100000000000001,2.1816000485712985,1.5523299514287017,0.1639357142857143,209897.85,-1604673.0,1.84,2.12,1.75
2025-02-14,1.85,1.905,1.8,1.81,196401.0,1.871465,1.8923131465760743,0.02971726172425071,53.33333262222223,0.05570000000000008,2.179760335335232,1.563169664664768,0.1664357142857143,218297.2,-1801074.0,1.86,2.15,1.7543
2025-02-18,1.8,1.8599,1.72,1.74,186141.0,1.871965,1.8778071326164483,0.013738203670963456,48.14814752400549,-0.1499999999999999,2.1793253287416907,1.5646046712583095,0.17071428571428568,224971.95,-1987215.0,1.81,2.09,1.89
2025-02-19,1.75,1.91,1.75,1.89,100114.0,1.877965,1.8789683580815484,0.013028249883675569,56.30252034602076,-0.2500000000000002,2.1816069863831853,1.574323013616815,0.1771357142857143,227452.4,-1887101.0,1.74,1.96,2.14
2025-02-20,1.9,1.9,1.79,1.83,66662.0,1.883465,1.8743047049309247,0.007537223413479399,53.22580585067639,-0.21999999999999975,2.1789344268626043,1.5879955731373958,0.1707071428571429,228803.7,-1953763.0,1.89,1.84,2.05
2025-02-21,1.82,1.82,1.72,1.76,98231.0,1.884215,1.863418542556551,-0.002434802720303164,50.21827318445598,-0.3600000000000001,2.178277351247218,1.5901526487527822,0.17071428571428574,231895.15,-2051994.0,1.83,1.86,2.12
2025-02-24,1.76,1.796,1.73,1.74,54759.0,1.8817150000000002,1.8516643956464034,-0.011815338264203445,43.69747847750866,-0.4099999999999999,2.1799701593941885,1.583459840605812,0.15257142857142858,231051.6,-2106753.0,1.76,1.81,2.15
2025-02-25,1.74,1.79,1.65,1.67,101605.0,1.8782150000000002,1.8343630246324603,-0.024614158553422083,26.73267289677483,-0.41999999999999993,2.184993426984603,1.5714365730153972,0.13971428571428574,233347.3,-2208358.0,1.74,1.74,2.09
2025-02-26,1.67,1.76,1.67,1.72,64897.0,1.875215,1.8234713080007974,-0.030372617087101483,32.98969024550962,-0.24,2.1871672789078147,1.5632627210921854,0.1318571428571429,234844.25,-2143461.0,1.67,1.89,1.96
2025-02-27,1.76,1.765,1.68,1.68,53250.0,1.872215,1.8098073739054834,-0.03772898639882061,26.595744284744214,-0.16000000000000014,2.190727452206371,1.5537025477936288,0.12322857142857145,236012.4,-2196711.0,1.72,1.83,1.84
2025-02-28,1.68,1.76,1.65,1.7,164099.0,1.8697149999999998,1.799349528771628,-0.041467122054454464,25.80645122441902,-0.16000000000000014,2.1930153705208775,1.546414629479122,0.11894285714285717,241538.55,-2032612.0,1.68,1.76,1.86
2025-03-03,1.69,1.73,1.69,1.7,128749.0,1.8670000000000002,1.7898876688886156,-0.04392330102049846,27.586206452635764,-0.1100000000000001,2.1952553563117565,1.5387446436882442,0.11038571428571431,245934.55,-2032612.0,1.7,1.74,1.81
2025-03-04,1.7,1.72,1.6,1.64,198566.0,1.8545000000000003,1.7756126528039855,-0.05013343210762122,29.99999947500001,-0.10000000000000009,2.197764513627289,1.5112354863727115,0.10895714285714286,213630.5,-2231178.0,1.7,1.67,1.74
2025-03-05,1.66,1.8,1.66,1.795,85175.0,1.8372500000000003,1.7774590668226535,-0.04206292589830052,47.30538842841265,-0.09499999999999997,2.153735220408208,1.520764779591793,0.10824285714285717,150374.8,-2146003.0,1.64,1.72,1.89
2025-03-06,1.79,1.876,1.76,1.79,74718.0,1.82425,1.7786534414109723,-0.03565939053888045,45.73170653628793,-0.040000000000000036,2.124903236172575,1.5235967638274248,0.10870714285714288,141961.25,-2220721.0,1.795,1.68,1.83
2025-03-07,1.76,1.82,1.71,1.755,69220.0,1.8059999999999998,1.7764007327051654,-0.03302802362721091,46.58385012152309,-0.0050000000000001155,2.0735542247057297,1.5384457752942697,0.10906428571428574,133688.45,-2289941.0,1.79,1.7,1.76
2025-03-10,1.7,1.7594,1.6801,1.7,46576.0,1.7835,1.7691244724475306,-0.034977488028299364,47.468353589168416,-0.040000000000000036,2.00007865958922,1.5669213404107802,0.10473571428571431,122824.0,-2336517.0,1.755,1.7,1.74
2025-03-11,1.69,1.73,1.6701,1.71,102346.0,1.7645,1.7634935703096706,-0.035308521527404935,36.15384537514795,0.040000000000000036,1.9280430089898775,1.6009569910101225,0.09758571428571432,121405.4,-2234171.0,1.7,1.64,1.67
2025-03-12,1.72,1.7572,1.71,1.71,36425.0,1.752,1.7583989445658925,-0.03516550194377066,39.83050752944558,-0.010000000000000009,1.8886285783467063,1.6153714216532937,0.09310000000000006,114813.7,-2234171.0,1.71,1.795,1.72
2025-03-13,1.7596,1.77,1.71,1.75,57483.0,1.7475,1.7575990450834265,-0.03146181991164965,49.107141629464316,0.07000000000000006,1.8777022717886935,1.6172977282113066,0.0902428571428572,100145.65,-2176688.0,1.71,1.79,1.68
2025-03-14,1.78,1.8651,1.76,1.8502,76079.0,1.7470100000000002,1.7664181836469097,-0.020208373078373754,58.60668412918841,0.1502000000000001,1.8754920184018802,1.6185279815981202,0.09303571428571433,98074.8,-2100609.0,1.75,1.755,1.7
2025-03-17,1.86,1.985,1.859,1.975,159889.0,1.7552599999999998,1.7862831185376802,-0.0012057195984183089,71.94244459396515,0.27500000000000013,1.9175214446535036,1.592998555346496,0.09203571428571433,96249.2,-1940720.0,1.8502,1.7,1.7
2025-03-18,1.99,1.99,1.88,1.902,84909.0,1.7633599999999998,1.797303773915044,0.007872777795830732,62.674093485463345,0.262,1.9381074857886746,1.588612514211325,0.09346428571428576,91187.6,-2025629.0,1.975,1.71,1.64
2025-03-19,1.8993,1.9301,1.89,1.9301,47182.0,1.7653649999999999,1.8099510335421827,0.017137437830688773,67.70995475436996,0.1351,1.947014393642026,1.5837156063579736,0.09025714285714291,88541.0,-1978447.0,1.902,1.71,1.795
2025-03-20,1.95,1.95,1.83,1.88,70081.0,1.7678649999999998,1.8166223636810224,0.020204194976737755,62.22493769200063,0.08999999999999986,1.9545659347931095,1.5811640652068901,0.0909714285714286,88711.95,-2048528.0,1.9301,1.75,1.79
2025-03-21,1.89,1.89,1.8113,1.85,69461.0,1.772365,1.8198011861875918,0.019983515305103783,59.788565861341795,0.0950000000000002,1.9625732988393458,1.582156701160654,0.09373571428571432,87273.45,-2117989.0,1.88,1.8502,1.755
2025-03-24,1.85,1.9,1.835,1.84,35340.0,1.777365,1.8217248827411545,0.01878516496060323,63.96257903452094,0.14000000000000012,1.9692411582512341,1.585488841748766,0.08980714285714289,86302.5,-2153329.0,1.85,1.975,1.7
2025-03-25,1.8215,1.86,1.81,1.815,45445.0,1.7846149999999998,1.8210844177181875,0.015637908537297962,51.70590118750833,0.10499999999999998,1.9702666746915547,1.598963325308445,0.08337857142857145,83494.5,-2198774.0,1.84,1.902,1.71
2025-03-26,1.8093,1.86,1.75,1.81,81553.0,1.789115,1.820028758887884,0.012595039162488497,51.70590118750833,0.10000000000000009,1.9725215862904772,1.6057084137095228,0.08295000000000005,84327.3,-2280327.0,1.815,1.9301,1.71
2025-03-27,1.82,1.87,1.77,1.775,25721.0,1.7938649999999998,1.8157403056604666,0.007275468693193954,51.70590118750833,0.02499999999999991,1.9701556006987502,1.6175743993012495,0.08223571428571433,82950.85,-2306048.0,1.81,1.88,1.75
2025-03-28,1.79,1.8004,1.7,1.7,67072.0,1.7938650000000003,1.8047174194070887,-0.002958103255036315,49.999998845265615,-0.1502000000000001,1.9701556006987506,1.61757439930125,0.08374285714285719,78099.5,-2373120.0,1.775,1.85,1.8502
2025-03-31,1.7,1.72,1.52,1.61,219550.0,1.789365,1.7861729032730802,-0.018121635656014323,42.71349373653614,-0.365,1.9797734172730044,1.5989565827269958,0.09375000000000003,82639.55,-2592670.0,1.7,1.84,1.975
2025-04-01,1.61,1.68,1.57,1.635,36209.0,1.789115,1.7717754839137392,-0.027801079723378308,44.72722071684324,-0.2669999999999999,1.9803604391612764,1.5978695608387237,0.0982357142857143,74521.7,-2556461.0,1.61,1.815,1.902
2025-04-02,1.61,1.61,1.575,1.6,49268.0,1.7793649999999999,1.7554159140171925,-0.037859891118340316,39.379778318724306,-0.33009999999999984,1.9884023854751949,1.5703276145248048,0.09645000000000002,72726.35,-2605729.0,1.635,1.81,1.9301
2025-04-03,1.57,1.7,1.54,1.58,293374.0,1.768865,1.7387096364917456,-0.0469047161016487,28.418529715879515,-0.2999999999999998,1.9959690964658463,1.5417609035341535,0.10037142857142858,83659.15,-2899103.0,1.6,1.775,1.88
2025-04-04,1.54,1.64,1.38,1.44,246666.0,1.753115,1.7102610996830079,-0.06462468193071746,8.281347292671754,-0.41000000000000014,2.023781228912426,1.482448771087574,0.10994285714285715,92531.45,-3145769.0,1.58,1.7,1.85
2025-04-07,1.44,1.44,1.3,1.3,254937.0,1.7331150000000002,1.6711886139989118,-0.08893947359815635,7.497881806028872,-0.54,2.071058622049892,1.3951713779501085,0.11208571428571427,102949.5,-3400706.0,1.44,1.61,1.84
2025-04-08,1.34,1.375,1.115,1.18,205580.0,1.706615,1.6244087459990155,-0.11654861836782326,3.1246093691481747,-0.635,2.12559493558289,1.2876350644171104,0.12779285714285712,108111.2,-3606286.0,1.3,1.635,1.815
2025-04-09,1.25,1.4165,1.19,1.4,162306.0,1.691115,1.6030364844752998,-0.11930166776436746,25.2577315942183,-0.41000000000000014,2.13193509350992,1.2502949064900795,0.13540000000000002,114405.25,-3443980.0,1.18,1.6,1.81
2025-04-10,1.39,1.4372,1.24,1.3991,219594.0,1.6735699999999998,1.5836139621443188,-0.12017084700366176,26.03889853911724,-0.3758999999999999,2.1320985302493414,1.2150414697506582,0.14386428571428572,122510.8,-3663574.0,1.4,1.58,1.775
2025-04-11,1.45,1.555,1.3716,1.555,123620.0,1.6588100000000001,1.580888822892479,-0.10704589231075934,36.88811141292458,-0.14500000000000002,2.1123767995832594,1.2052432004167408,0.15232142857142858,124887.85,-3539954.0,1.3991,1.44,1.7
2025-04-14,1.59,1.59,1.4814,1.52,123867.0,1.6360599999999998,1.5750898873789094,-0.09833493473300647,36.551786550214246,-0.09000000000000008,2.067977230862325,1.2041427691376743,0.1565071428571429,123086.75,-3663821.0,1.555,1.3,1.61
2025-04-15,1.52,1.52,1.4672,1.5,22484.0,1.61596,1.567938469533299,-0.09198492597855079,36.05864318688523,-0.135,2.032924566966131,1.198995433033869,0.15242142857142857,119965.5,-3686305.0,1.52,1.18,1.635
2025-04-16,1.4401,1.6016,1.4401,1.49,108075.0,1.5939549999999998,1.5605157581491753,-0.0867593074275832,36.88811141292459,-0.1100000000000001,1.9868738933314762,1.2010361066685233,0.15681428571428574,123010.15,-3794380.0,1.5,1.4,1.6
2025-04-17,1.52,1.64,1.52,1.61,70391.0,1.580455,1.5652285430873492,-0.07210380221041413,46.02403194527616,0.030000000000000027,1.9498415952316517,1.2110684047683482,0.1582142857142857,123025.65,-3723989.0,1.49,1.3991,1.58
2025-04-21,1.61,1.6496,1.53,1.54,52476.0,1.564955,1.5628258246980777,-0.06538391861051895,46.851951199921466,0.10000000000000009,1.9120626791823518,1.2178473208176483,0.15247142857142856,122176.4,-3776465.0,1.61,1.555,1.44
2025-04-22,1.51,1.605,1.51,1.56,29176.0,1.5509549999999999,1.5625566985363561,-0.05777849506518207,46.611853403897776,0.26,1.8730378822719729,1.2288721177280268,0.1514,121868.2,-3747289.0,1.54,1.52,1.3
2025-04-23,1.62,1.69,1.555,1.64,57590.0,1.542205,1.569932251056703,-0.04477961912436035,51.73641194277672,0.45999999999999996,1.8428816297606128,1.2415283702393873,0.15854285714285712,122475.45,-3689699.0,1.56,1.5,1.18
2025-04-24,1.63,1.685,1.5504,1.63,91878.0,1.5332050000000002,1.5756529890513027,-0.034882726360191185,52.189524670998985,0.22999999999999998,1.809954694812727,1.2564553051872733,0.1567285714285714,122991.7,-3781577.0,1.64,1.49,1.4
2025-04-25,1.6047,1.6731,1.58,1.63,40846.0,1.525955,1.5808288948559406,-0.02673122660068339,59.48292989343081,0.23089999999999988,1.7829242054046668,1.2689857945953331,0.14480714285714286,123747.95,-3781577.0,1.63,1.61,1.3991
2025-04-28,1.62,1.65,1.5842,1.6,32793.0,1.520955,1.5826547143934702,-0.02243325697029208,66.81991373012022,0.04500000000000015,1.7673387697576488,1.2745712302423513,0.13950714285714286,122034.0,-3814370.0,1.63,1.54,1.555
2025-04-29,1.625,1.65,1.581,1.595,48228.0,1.520205,1.5838304558798064,-0.019209112593543187,76.7121510376286,0.07499999999999996,1.7655365563198218,1.2748734436801783,0.1258642857142857,113467.9,-3862598.0,1.6,1.56,1.52
2025-04-30,1.52,1.57,1.5,1.55,24949.0,1.515955,1.5806085077007772,-0.020053909875651144,62.46261071040788,0.050000000000000044,1.7557968643496729,1.276113135650327,0.11468571428571427,112904.9,-3887547.0,1.595,1.64,1.5
2025-05-01,1.53,1.535,1.45,1.49,39803.0,1.510455,1.571979126014989,-0.02527357828897614,56.87698472344109,0.0,1.7472069997136481,1.273703000286352,0.10667142857142854,112431.65,-3927350.0,1.55,1.63,1.49
2025-05-02,1.49,1.51,1.457,1.46,59380.0,1.5044549999999999,1.5613144473468947,-0.03146820649555315,41.12149425102633,-0.15000000000000013,1.7398645510739361,1.2690454489260636,0.09735714285714282,100731.95,-3986730.0,1.49,1.63,1.61
2025-05-05,1.49,1.49,1.39,1.42,39804.0,1.503455,1.5478559285519524,-0.03915381883408986,40.74073968449933,-0.1200000000000001,1.7401836118833138,1.2667263881166861,0.09674285714285712,90388.85,-4026534.0,1.46,1.6,1.54
2025-05-06,1.42,1.4255,1.39,1.41,76876.0,1.508955,1.5347267924993855,-0.04552683341460617,41.509432865788554,-0.15000000000000013,1.7303985746117558,1.2875114253882443,0.09550714285714283,81485.8,-4103410.0,1.42,1.595,1.56
2025-05-07,1.41,1.44,1.41,1.42,41113.0,1.520955,1.5238004313089677,-0.04920339089604098,43.39622526877895,-0.21999999999999997,1.6862289795484444,1.3556810204515557,0.0861142857142857,73262.45,-4062297.0,1.41,1.55,1.64
2025-05-08,1.45,1.48,1.43,1.44,25665.0,1.522955,1.5158194378509708,-0.04992772065048645,30.232557155219055,-0.18999999999999995,1.6829498482722938,1.3629601517277063,0.08111428571428571,66430.4,-4036632.0,1.42,1.49,1.63
2025-05-09,1.44,1.505,1.44,1.49,95592.0,1.5274999999999999,1.513360443769926,-0.045937634610231814,43.90243752528262,-0.1399999999999999,1.677535083616398,1.3774649163836017,0.07721428571428571,60230.3,-3941040.0,1.44,1.46,1.63
2025-05-12,1.48,1.56,1.48,1.5,85243.0,1.5247499999999998,1.5120880205537426,-0.04149027221846269,42.49999851250004,-0.10000000000000009,1.674678930532157,1.3748210694678427,0.07614285714285715,58311.45,-3855797.0,1.49,1.42,1.6
2025-05-13,1.54,1.58,1.49,1.55,132649.0,1.5262499999999999,1.51569868526291,-0.03354444388054123,37.83783640613594,-0.04499999999999993,1.6765785874693047,1.375921412530695,0.07292857142857144,58750.55,-3723148.0,1.5,1.41,1.595
2025-05-14,1.555,1.57,1.5,1.505,44254.0,1.5265,1.5146797628569186,-0.030526550523132467,34.56790003962816,-0.04500000000000015,1.6766613167650766,1.3763386832349234,0.06831428571428573,59839.05,-3767402.0,1.55,1.42,1.55
2025-05-15,1.46,1.49,1.39,1.39,189575.0,1.5215,1.5028054997276883,-0.03698801241663685,26.923076198224877,-0.10000000000000009,1.6830093283927738,1.3599906716072263,0.06880714285714287,63914.05,-3956977.0,1.505,1.44,1.49
2025-05-16,1.32,1.32,1.18,1.27,345540.0,1.5045,1.4806335473726704,-0.05120154509768282,22.950819145391037,-0.18999999999999995,1.6956433741296681,1.3133566258703318,0.0741071428571429,77671.5,-4302517.0,1.39,1.49,1.46
2025-05-19,1.28,1.355,1.24,1.3,99137.0,1.4925,1.4634303523847971,-0.059360847966335006,26.77165295306594,-0.11999999999999988,1.7033753685299013,1.2816246314700985,0.07739285714285718,80004.55,-4203380.0,1.27,1.5,1.42
2025-05-20,1.28,1.335,1.255,1.32,169083.0,1.4805,1.4497703188243403,-0.06348154567862552,31.14754026874499,-0.08999999999999986,1.7022371606678566,1.2587628393321433,0.0781071428571429,86999.9,-4034297.0,1.3,1.55,1.41
2025-05-21,1.37,1.37,1.26,1.295,70343.0,1.46325,1.4350302884601174,-0.06798087812354137,33.043477456332724,-0.125,1.6864156217629238,1.240084378237076,0.0798928571428572,87637.55,-4104640.0,1.32,1.505,1.42
2025-05-22,1.27,1.34,1.27,1.28,23128.0,1.4457499999999999,1.4202654990829633,-0.07192786647071414,33.928570580357174,-0.15999999999999992,1.668750472031577,1.2227495279684228,0.08110714285714292,84200.05,-4127768.0,1.295,1.39,1.44
2025-05-23,1.26,1.34,1.26,1.34,97893.0,1.43125,1.4126211658369667,-0.0694142206860695,43.103447235434054,-0.1499999999999999,1.6411340532042966,1.2213659467957032,0.07967857142857149,87052.4,-4029875.0,1.28,1.27,1.49
2025-05-27,1.33,1.3699,1.3,1.33,90640.0,1.41775,1.4047524833763032,-0.06745151563330132,43.103447235434054,-0.16999999999999993,1.6163629534122796,1.2191370465877205,0.08213571428571433,89944.75,-4120515.0,1.34,1.3,1.5
2025-05-28,1.3305,1.3306,1.2701,1.31,27405.0,1.4035,1.3957284373404648,-0.06674054710895838,40.67796513645508,-0.24,1.5890319521353353,1.2179680478646646,0.08431428571428576,88903.6,-4147920.0,1.33,1.32,1.55
2025-05-29,1.31,1.36,1.31,1.33,60070.0,1.3925,1.3894685861651825,-0.06382750285645056,40.67796513645508,-0.17499999999999982,1.5672328788389838,1.2177671211610164,0.08431428571428576,90659.65,-4087850.0,1.31,1.295,1.505
2025-05-30,1.33,1.33,1.2801,1.295,46890.0,1.38275,1.3804715779589747,-0.06360984707050932,33.043477456332724,-0.09499999999999997,1.5563337428720334,1.2091662571279664,0.08323571428571433,91014.0,-4134740.0,1.33,1.28,1.39
2025-06-02,1.28,1.31,1.242,1.275,199878.0,1.3735000000000002,1.3704266657724056,-0.06430986208641842,30.76923003287314,0.004999999999999893,1.549451548354687,1.1975484516453134,0.08237857142857148,98038.9,-4334618.0,1.295,1.34,1.27
2025-06-03,1.24,1.41,1.24,1.4,506535.0,1.3725,1.3732431737940811,-0.054153921006729666,38.63636281680442,0.09999999999999987,1.5475638981087856,1.1974361018912145,0.08809285714285718,121375.45,-3828083.0,1.275,1.33,1.3
2025-06-04,1.4,1.42,1.36,1.37,79896.0,1.3705,1.3729343000994068,-0.047973010804617466,39.53488286280876,0.050000000000000044,1.5446717240934211,1.196328275906579,0.08737857142857144,121526.45,-3907979.0,1.4,1.31,1.32
2025-06-05,1.3999,1.44,1.38,1.3841,102712.0,1.368705,1.3739977000899395,-0.04145893003880774,49.45781898105228,0.08910000000000018,1.5414629806976436,1.1959470193023565,0.0845214285714286,124606.4,-3805267.0,1.37,1.33,1.295
2025-06-06,1.39,1.44,1.36,1.36,96166.0,1.364705,1.3726645857956596,-0.03780534619050879,60.04015876715257,0.08000000000000007,1.534185984494585,1.195224015505415,0.08023571428571429,128131.45,-3901433.0,1.3841,1.295,1.28
2025-06-09,1.36,1.375,1.3,1.31,135255.0,1.355705,1.3666965300055969,-0.03850062555505529,51.067918165418945,-0.030000000000000027,1.5160414026039957,1.1953685973960042,0.07737857142857142,130114.6,-4036688.0,1.36,1.275,1.34
2025-06-10,1.31,1.35,1.3,1.305,90932.0,1.345955,1.3608206700050638,-0.03900546693120921,48.3451000069916,-0.025000000000000133,1.4924656926221502,1.1994443073778498,0.07523571428571428,130399.05,-4127620.0,1.31,1.4,1.33
2025-06-11,1.315,1.39,1.28,1.29,126304.0,1.3329550000000001,1.3540758442902958,-0.040153072374848886,49.4359190160134,-0.020000000000000018,1.445417550023932,1.2204924499760683,0.07523571428571427,130081.8,-4253924.0,1.305,1.37,1.31
2025-06-12,1.2901,1.38,1.29,1.3,37317.0,1.322705,1.3489257638816963,-0.0397968877808359,52.282061314584986,-0.030000000000000027,1.401461746745186,1.243948253254814,0.07666428571428567,129734.95,-4216607.0,1.29,1.3841,1.33
2025-06-13,1.28,1.31,1.2501,1.27,72432.0,1.316705,1.341409024464392,-0.041457462383465815,41.4257702597727,-0.02499999999999991,1.3920870717202223,1.2413229282797777,0.0752285714285714,123877.8,-4289039.0,1.3,1.36,1.295
2025-06-16,1.27,1.34,1.27,1.305,79936.0,1.3184550000000002,1.337941498324926,-0.03949400986548679,47.11449524560725,0.030000000000000027,1.3908371285008008,1.2460728714991995,0.07523571428571427,110597.6,-4209103.0,1.27,1.31,1.275
2025-06-17,1.3,1.31,1.28,1.295,56011.0,1.318205,1.3338518318177903,-0.03830333897686522,48.22778668433597,-0.10499999999999998,1.390889421700151,1.245520578299849,0.07305714285714283,108441.3,-4265114.0,1.305,1.305,1.4
2025-06-18,1.28,1.2999,1.25,1.27,67204.0,1.315705,1.3277707049780008,-0.038928273876357,42.99392666530832,-0.10000000000000009,1.3915023329623222,1.2399076670376776,0.07304999999999998,103347.35,-4332318.0,1.295,1.29,1.37
2025-06-20,1.27,1.29,1.23,1.23,110331.0,1.312455,1.3184592092658103,-0.04216515137451893,42.4976902239897,-0.15410000000000013,1.3970534564994888,1.227856543500511,0.07377142857142856,105346.75,-4442649.0,1.27,1.3,1.3841
2025-06-23,1.23,1.24,1.195,1.21,233177.0,1.308955,1.3081297607643045,-0.045816093558269655,42.4976902239897,-0.15000000000000013,1.4043146731493379,1.2135953268506623,0.0721285714285714,115849.2,-4675826.0,1.23,1.27,1.36
2025-06-24,1.24,1.2699,1.17,1.1846,174372.0,1.301185,1.2963650216438947,-0.05018060844800831,17.715826594659546,-0.12539999999999996,1.4102353365181763,1.1921346634818237,0.06712142857142855,119673.15,-4850198.0,1.21,1.305,1.31
2025-06-25,1.17,1.2,1.16,1.2,105338.0,1.2946849999999999,1.2871874005349524,-0.05179975135651582,23.354230949970997,-0.10499999999999998,1.411709500808439,1.1776604991915607,0.06569285714285714,120408.05,-4744860.0,1.1846,1.295,1.305
2025-06-26,1.21,1.28,1.195,1.25,149764.0,1.291685,1.2836457433411474,-0.048489396069944846,31.107352957162718,-0.040000000000000036,1.4101241342686466,1.1732458657313534,0.06747857142857142,126526.0,-4595096.0,1.2,1.27,1.29
2025-06-27,1.25,1.3,1.195,1.22,94533.0,1.286185,1.2775842439753238,-0.04773638955117887,30.598668435750085,-0.08000000000000007,1.4073181459701358,1.165051854029864,0.06926428571428571,128249.15,-4689629.0,1.25,1.23,1.3
2025-06-30,1.23,1.34,1.23,1.29,177618.0,1.285935,1.2787666969300548,-0.04101837715555079,47.37394783814267,0.020000000000000018,1.407012170258829,1.1648578297411711,0.07176428571428572,134785.55,-4512011.0,1.22,1.21,1.27
2025-07-01,1.29,1.35,1.241,1.335,57954.0,1.288935,1.284122249603383,-0.03169778764723197,53.564637001176536,0.030000000000000027,1.4118310069583486,1.1660389930416513,0.07597857142857144,127689.35,-4454057.0,1.29,1.1846,1.305
2025-07-02,1.24,1.35,1.24,1.33,144470.0,1.285435,1.2884915591649657,-0.02443296352934987,54.868547302435104,0.03500000000000014,1.398615978037232,1.1722540219627682,0.07597857142857145,109586.1,-4598527.0,1.335,1.2,1.295
2025-07-03,1.33,1.39,1.33,1.38,112933.0,1.2859349999999998,1.2972066487683023,-0.014474107442355777,58.87311263481904,0.10999999999999988,1.4007652962957036,1.171104703704296,0.07383571428571431,111237.95,-4485594.0,1.33,1.25,1.27
2025-07-07,1.38,1.47,1.35,1.37,70202.0,1.2852299999999999,1.3041393488856068,-0.007304358571436076,61.606311832664,0.14000000000000012,1.3976709571379393,1.1727890428620604,0.07812857142857144,109612.45,-4555796.0,1.38,1.22,1.23
2025-07-08,1.37,1.38,1.355,1.365,46930.0,1.28548,1.309935601372692,-0.002002653802807508,57.485027932159724,0.15500000000000003,1.3986408561668378,1.1723191438331622,0.07491428571428571,107150.65,-4602726.0,1.37,1.29,1.21
2025-07-09,1.36,1.3697,1.31,1.33,140445.0,1.28648,1.3118464964800547,-0.0006180970319125123,54.109908977128434,0.14539999999999997,1.400899681781318,1.1720603182186822,0.07703571428571428,107410.15,-4743171.0,1.365,1.335,1.1846
2025-07-10,1.29,1.365,1.26,1.35,134451.0,1.28873,1.3154801634819542,0.002069155105192122,59.50570144230083,0.15000000000000013,1.4064065432960025,1.1710534567039974,0.08097142857142856,109586.1,-4608720.0,1.33,1.33,1.2
2025-07-11,1.37,1.38,1.3087,1.38,121646.0,1.2932299999999999,1.321624909817006,0.006544134356710529,68.25705707011006,0.1299999999999999,1.4177928161125357,1.168667183887464,0.0817785714285714,109353.2,-4487074.0,1.35,1.38,1.25
2025-07-14,1.39,1.39,1.34,1.36,82674.0,1.29623,1.3252796803106246,0.008380153606684537,68.2570570701101,0.14000000000000012,1.4243195262573518,1.1681404737426482,0.08213571428571424,111621.05,-4569748.0,1.38,1.37,1.22
2025-07-15,1.36,1.39,1.34,1.37,100180.0,1.30123,1.3295387583762794,0.010520850698753081,73.4446104496092,0.08000000000000007,1.4327689892168907,1.1696910107831096,0.07857142857142851,113008.45,-4469568.0,1.36,1.365,1.29
2025-07-16,1.38,1.39,1.35,1.38,98346.0,1.30498,1.3343445909118719,0.012875860093407798,73.07692045364907,0.04499999999999993,1.4411657493124013,1.1687942506875988,0.0785714285714285,113928.95,-4371222.0,1.37,1.33,1.335
2025-07-17,1.36,1.55,1.36,1.54,445557.0,1.31723,1.3539308203488365,0.02733775223915247,78.99999778800012,0.20999999999999996,1.4890497966658864,1.1454102033341134,0.0860714285714285,133406.25,-3925665.0,1.38,1.35,1.33
