Date,Open,High,Low,Close,Volume,SMA_20,EMA_20,MACD,RSI_14,Momentum_10,Bollinger_Upper,Bollinger_Lower,ATR_14,Volume_MA_20,OBV,Lag_1,Lag_5,Lag_10
2023-08-15,192.7,194.25,190.99,191.24,253269.0,191.0615,192.23707822445732,-0.4216577018030705,55.105829900799066,-0.3499999999999943,202.6215223547407,179.50147764525929,3.2822285714285715,434975.6,-2796138.0,192.35,185.77,191.59
2023-08-16,191.72,192.86,189.81,189.86,227721.0,190.162,192.01068982212806,-0.3629060476910979,53.170906458459626,1.8000000000000114,198.5996339911388,181.7243660088612,3.2595071428571436,423680.75,-3023859.0,191.24,185.02,188.06
2023-08-17,189.75,190.66,185.05,185.19,261246.0,189.20800000000003,191.3611003152587,-0.6263419636626395,48.010352614941944,-2.670000000000016,194.74548413327892,183.67051586672113,3.3255785714285713,417822.1,-3285105.0,189.86,186.69,187.86
2023-08-18,183.91,186.74,183.63,185.93,256536.0,188.80599999999998,190.84385266618645,-0.7729494948830222,41.4571948786739,-0.9000000000000057,194.04731923931567,183.5646807606843,3.181292857142858,382332.25,-3028569.0,185.19,191.45,186.83
2023-08-21,186.86,188.79,184.91,187.09,350243.0,188.552,190.4863428884544,-0.7979466216984576,41.859623712516814,-2.079999999999984,193.59553927525624,183.50846072474374,3.234864285714287,371073.25,-2678326.0,185.93,192.35,189.17
2023-08-22,187.86,191.1925,187.56,190.21,285581.0,188.3965,190.4600245181254,-0.5911453586352877,53.94785160649029,4.439999999999998,192.9930354229829,183.7999645770171,3.303614285714287,360522.8,-2392745.0,187.09,191.24,185.77
2023-08-23,190.83,195.215,190.19,194.34,245485.0,188.689,190.82954599258966,-0.13323906934576257,60.397946057587575,9.319999999999993,193.99964432605822,183.37835567394177,3.491471428571432,334289.15,-2147260.0,190.21,189.86,185.02
2023-08-24,194.97,195.63,189.93,189.95,310920.0,188.782,190.7457797075811,-0.08608090476514008,54.5191193289899,3.259999999999991,194.11358058918245,183.45041941081757,3.7093571428571437,315167.9,-2458180.0,194.34,185.19,186.69
2023-08-25,190.79,193.29,189.02,192.36,300297.0,189.079,190.89951497352575,0.12401927979956895,54.61115927249046,0.910000000000025,194.51728881755628,183.64071118244374,3.8364999999999987,312258.1,-2157883.0,189.95,185.93,191.45
2023-08-28,193.16,196.21,192.56,193.81,297321.0,189.23850000000002,191.17670402366616,0.39102956803628786,62.31617644385947,1.460000000000008,195.0419482490109,183.43505175098915,3.8250714285714276,307901.0,-1860562.0,192.36,187.09,192.35
2023-08-29,193.14,200.54,192.25,200.41,423066.0,189.67950000000002,192.05606554522177,1.0742941410184699,69.99220574227354,9.169999999999987,197.2933833718412,182.06561662815884,4.172928571428569,315958.25,-1437496.0,193.81,190.21,191.24
2023-08-30,200.37,204.39,200.2,203.27,440737.0,190.44,193.1240593028197,1.8046696053476694,70.89213707176185,13.409999999999997,200.12857167247222,180.75142832752778,4.325514285714283,313076.75,-996759.0,200.41,194.34,189.86
2023-08-31,202.25,205.7,201.33,202.62,3549179.0,191.178,194.02843460731305,2.3066210779070673,65.70143376666235,17.430000000000007,202.19643546062687,180.15956453937312,4.358728571428567,475870.2,-4545938.0,203.27,189.95,185.19
2023-09-01,203.2,204.21,200.95,201.2,688376.0,191.8965,194.711440835188,2.567154490897451,62.26101410718606,15.269999999999982,203.57543880363056,180.21756119636945,4.378392857142854,501139.4,-5234314.0,202.62,192.36,185.93
2023-09-05,200.56,200.96,196.93,199.87,733200.0,192.4315,195.20273218421772,2.642197539685327,61.883778549535286,12.780000000000001,204.55635099203067,180.30664900796933,4.433392857142855,523263.2,-5967514.0,201.2,193.81,187.09
2023-09-06,199.87,202.73,198.6101,201.02,426685.0,193.19400000000002,195.75675769048271,2.756503616222176,65.46563190364412,10.810000000000002,205.47205642085441,180.91594357914562,4.509814285714283,530006.65,-5540829.0,199.87,200.41,190.21
2023-09-07,199.43,200.73,198.48,200.56,467544.0,193.971,196.21420933900816,2.779585664831046,74.11358641237554,6.219999999999999,206.03604110403714,181.90595889596287,4.269814285714284,540429.3,-6008373.0,201.02,203.27,194.34
2023-09-08,201.14,207.03,199.74,200.48,378325.0,194.6605,196.62047511624547,2.759626038826127,73.30983655795129,10.530000000000001,206.54840358216904,182.77259641783098,4.568385714285711,541995.65,-6386698.0,200.56,202.62,189.95
2023-09-11,201.16,203.74,198.61,203.0,427556.0,195.238,197.2280489146983,2.903401240294727,74.42431682401158,10.639999999999986,207.58261757843857,182.89338242156143,4.657671428571425,532654.65,-5959142.0,200.48,201.2,192.36
2023-09-12,201.16,204.57,198.99,199.14,433390.0,195.5775,197.41013949425084,2.6887288800782585,63.404383041499145,5.329999999999984,207.96110864844712,183.19389135155285,4.796778571428567,537833.85,-6392532.0,203.0,199.87,193.81
2023-09-13,198.51,202.165,197.41,199.64,452767.0,195.9975,197.62250716146505,2.5280346537496428,58.92857140077488,-0.7700000000000102,208.33138464865453,183.66361535134547,4.777492857142852,547808.75,-5939765.0,199.14,201.02,200.41
2023-09-14,200.11,203.08,197.4201,202.88,466005.0,196.64849999999998,198.12322076513504,2.6215483638912076,72.66035748274635,-0.3900000000000148,208.99282539564976,184.3041746043502,4.774628571428569,559722.95,-5473760.0,199.64,200.56,203.27
2023-09-15,202.72,203.1896,195.25,198.88,1055082.0,197.333,198.19529497797933,2.357231364539615,60.82337314569957,-3.740000000000009,208.46028103167592,186.20571896832408,5.0367428571428565,599414.75,-6528842.0,202.88,200.48,202.62
2023-09-18,198.12,202.21,197.5,201.96,358397.0,198.1345,198.55383831340987,2.3606790603141405,62.8346456415847,0.7600000000000193,208.04632701306082,188.2226729869392,5.112457142857143,604507.8,-6170445.0,198.88,203.0,201.2
2023-09-19,201.09,202.84,199.22,202.53,293033.0,198.9065,198.9325203787994,2.3803843019825024,54.12130634690131,2.6599999999999966,207.51592268374415,190.29707731625584,4.778885714285715,601647.3,-5877412.0,201.96,199.14,199.87
2023-09-20,203.17,205.67,202.03,202.73,286933.0,199.53249999999997,199.29418510462804,2.3840495515776183,48.82914134069346,1.7099999999999795,207.2544137933273,191.81058620667264,4.7396,601714.9,-5590479.0,202.53,199.64,201.02
2023-09-21,201.0,201.37,192.97,193.17,511891.0,199.474,198.71092938037776,1.61748846201246,35.220519221361045,-7.390000000000015,207.37714634213887,191.5708536578611,5.027457142857145,615035.2,-6102370.0,202.73,202.88,200.56
2023-09-22,192.96,195.695,192.2801,194.45,454350.0,199.699,198.30512658224654,1.0982360924305965,39.396795458637925,-6.030000000000001,206.66062685160966,192.73737314839036,5.038521428571428,622206.7,-5648020.0,193.17,198.88,200.48
2023-09-25,193.23,196.1,192.98,195.96,238744.0,199.879,198.08178119346115,0.7966963686779707,43.892533564058276,-7.039999999999992,206.19816683382265,193.55983316617733,4.973521428571429,619129.05,-5409276.0,194.45,201.96,203.0
2023-09-26,194.71,195.95,191.26,193.26,251998.0,199.8515,197.62256393694105,0.3406366026744081,38.43861738563348,-5.8799999999999955,206.28561393318947,193.4173860668105,5.014242857142857,616862.9,-5661274.0,195.96,202.53,199.14
2023-09-27,194.14,195.995,193.35,195.08,256197.0,199.58499999999998,197.3804149905657,0.12186296511006844,42.15349368298546,-4.559999999999974,206.35450592926216,192.8154940707378,5.042457142857144,608519.45,-5405077.0,193.26,202.73,199.64
2023-09-28,194.34,197.975,193.265,197.17,271031.0,199.28,197.36037546765468,0.11278762076767634,45.518548588213925,-5.710000000000008,205.8984272261141,192.6615727738859,4.85817142857143,600034.15,-5134046.0,195.08,193.17,202.88
2023-09-29,199.08,202.15,196.36,197.66,258613.0,199.03199999999998,197.38891113740186,0.14281560941248017,42.34957018358471,-1.2199999999999989,205.4933135376314,192.57068646236857,4.9053142857142875,435505.85,-4875433.0,197.17,194.45,198.88
2023-10-02,197.14,198.96,196.755,198.86,249501.0,198.915,197.52901483860168,0.258926806487068,49.56575680229779,-3.0999999999999943,205.29525407842533,192.53474592157465,4.6642428571428605,413562.1,-4625932.0,197.66,195.96,201.96
2023-10-03,197.69,199.63,193.305,195.13,349984.0,198.678,197.30053723492534,0.05369870161959511,43.642514784014814,-7.400000000000006,205.25790753414475,192.09809246585525,4.776385714285717,394401.3,-4975916.0,198.86,193.26,202.53
2023-10-04,196.35,200.24,196.35,199.34,289711.0,198.594,197.49477178398007,0.22364208941434072,45.142700311964944,-3.3899999999999864,205.09038409546338,192.0976159045366,4.649964285714288,387552.6,-4686205.0,195.13,195.08,202.73
2023-10-05,199.57,200.52,195.64,199.51,352960.0,198.54149999999998,197.68669828074388,0.3676018787931241,50.965961339665014,6.340000000000003,204.98776460583343,192.09523539416654,4.431421428571432,381823.4,-4333245.0,199.34,197.17,193.17
2023-10-06,198.12,207.68,198.12,206.85,247866.0,198.85999999999999,198.5593936825778,1.054935012749894,56.63140762699102,12.400000000000006,206.26735907196704,191.45264092803293,4.777850000000003,375300.45,-4085379.0,199.51,197.66,194.45
2023-10-09,205.16,208.29,204.78,208.21,198650.0,199.1205,199.47849904614182,1.6886455667319353,57.541157705640565,12.25,207.4499442223135,190.7910557776865,4.769992857142859,363855.15,-3886729.0,206.85,198.86,195.96
2023-10-10,209.34,211.545,208.47,209.69,310940.0,199.648,200.45102294650926,2.2826892520199635,58.93682586478901,16.430000000000007,209.22540894528697,190.07059105471302,4.729635714285716,357732.65,-3575789.0,208.21,195.13,193.26
2023-10-11,210.84,211.81,207.9809,209.49,337380.0,200.14050000000003,201.31187790398457,2.706186802596335,77.58620685983071,14.409999999999997,210.68080754569786,189.6001924543022,4.40314285714286,351963.3,-3913169.0,209.69,199.34,195.08
2023-10-12,209.45,209.61,204.065,204.72,530245.0,200.23250000000002,201.63646096074794,2.629785348398485,65.5276685540554,7.550000000000011,210.90478160876773,189.5602183912323,4.555292857142861,355175.3,-4443414.0,209.49,199.51,197.17
2023-10-13,204.6,204.885,199.09,200.49,432420.0,200.313,201.52727420258148,2.2051454490269293,56.32858338115115,2.8300000000000125,210.96659855191018,189.6594014480898,4.7463642857142885,324042.2,-4875834.0,204.72,206.85,197.66
2023-10-16,202.17,208.68,201.67,204.62,382762.0,200.446,201.82181951662133,2.1743835009146437,65.26061254933776,5.759999999999991,211.25150425039308,189.6404957496069,4.912078571428576,325260.45,-4493072.0,200.49,208.21,198.86
2023-10-17,202.94,207.43,202.485,206.92,586079.0,200.6655,202.30736051503834,2.3077164275946416,65.70291774748429,11.789999999999992,211.82190854302794,189.50909145697207,5.076364285714289,339912.75,-3906993.0,204.62,209.69,195.13
2023-10-18,205.23,208.42,201.57,201.65,401273.0,200.6115,202.24475475170135,1.9680724661196791,55.47945203579473,2.3100000000000023,211.7362439237234,189.4867560762766,5.229221428571431,345629.75,-4308266.0,206.92,209.49,199.34
2023-10-19,202.5,203.23,195.3671,196.26,561362.0,200.76600000000002,201.67477810868218,1.2520571086740233,48.47094799740949,-3.25,211.53576156702303,189.996238432977,5.377285714285717,348103.3,-4869628.0,201.65,204.72,199.51
2023-10-20,196.7,196.7,189.78,190.45,478946.0,200.56599999999997,200.605751622141,0.21584304007760124,41.65509028412041,-16.400000000000006,211.96008784829817,189.17191215170178,5.71407142857143,349333.1,-5348574.0,196.26,200.49,206.85
2023-10-23,188.99,190.75,184.31,184.4,735256.0,199.988,199.06234670574662,-1.0786404485058654,39.82166570750326,-23.810000000000002,213.36600645993659,186.6099935400634,5.722285714285716,374158.7,-6083830.0,190.45,204.62,208.21
2023-10-24,185.86,190.275,185.0,189.58,635886.0,199.804,198.15926606710408,-1.6691503262062213,40.909090898421624,-20.109999999999985,213.66417300719849,185.94382699280152,5.821214285714286,393353.1,-5447944.0,184.4,206.92,209.69
2023-10-25,183.13,193.35,182.971,193.06,934343.0,199.703,197.67362167976083,-1.8363125775013032,44.34111246498025,-16.430000000000007,213.73647291675383,185.66952708324618,6.213999999999999,427260.4,-4513601.0,189.58,201.65,209.49
2023-10-26,194.21,196.355,191.25,191.92,795995.0,199.4405,197.1256577102598,-2.036915523156466,35.302224837680015,-12.800000000000011,213.86444277800481,185.01655722199516,5.895785714285712,453508.6,-5309596.0,193.06,196.26,204.72
2023-10-27,192.43,192.705,186.9,188.49,382569.0,198.98200000000003,196.30321411880647,-2.4434700675059275,31.346954210388603,-12.0,214.20509132448746,183.7589086755126,6.059714285714285,459706.4,-5692165.0,191.92,190.45,200.49
2023-10-30,190.67,191.49,186.77,189.26,408874.0,198.502,195.6324318217773,-2.6729031407525383,30.412272283302514,-15.360000000000014,214.3344870540225,182.66951294597752,6.177214285714285,467675.05,-5283291.0,188.49,184.4,204.62
2023-10-31,190.58,195.59,189.16,194.98,457079.0,198.4945,195.5702954577985,-2.367304498715555,37.41980231448103,-11.939999999999998,214.33385335601938,182.6551466439806,6.3629928571428565,473029.8,-4826212.0,189.26,189.58,206.92
2023-11-01,195.1,198.34,193.225,198.14,527071.0,198.4345,195.81502922372243,-1.849543637778595,44.13128789479417,-3.5100000000000193,214.26945862756966,182.59954137243037,6.33227857142857,484897.8,-4299141.0,194.98,193.06,201.65
2023-11-02,200.79,203.54,198.45,200.89,443568.0,198.5035,196.2983597738441,-1.2040328272397858,50.36643457850621,4.6299999999999955,214.3701857548168,182.63681424518322,6.281921428571429,489428.2,-3855573.0,198.14,191.92,196.26
2023-11-03,201.1,209.86,200.77,208.86,473705.0,198.60399999999998,197.49470646204944,-0.050374038533391285,53.62889420145834,18.410000000000025,214.7168368569581,182.49116314304186,6.430492857142856,500720.15,-3381868.0,200.89,188.49,190.45
2023-11-06,209.46,211.11,206.66,208.95,371499.0,198.64100000000002,198.5856867989971,0.8611994964618646,51.80572850515424,24.549999999999983,214.84982657527587,182.43217342472417,6.395135714285715,509362.6,-3010369.0,208.86,189.26,184.4
2023-11-07,209.67,213.43,209.05,211.69,463085.0,198.741,199.83371662766405,1.7836683743376511,59.35171384443136,22.109999999999985,215.25858093668685,182.22341906331317,6.218707142857143,516969.85,-2547284.0,208.95,194.98,189.58
2023-11-08,212.52,214.02,210.04,211.84,265357.0,198.8585,200.97717218693413,2.4979907065616374,66.08175060022413,18.78,215.727727386919,181.98927261308097,5.941357142857145,513368.7,-2281927.0,211.69,198.14,193.06
2023-11-09,212.6,212.7714,206.51,206.83,294594.0,198.964,201.53458435960707,2.6302263542052913,67.1914357485164,14.910000000000025,216.0130097258339,181.9149902741661,5.894314285714289,501586.15,-2576521.0,211.84,200.89,191.92
2023-11-10,207.02,214.43,206.875,214.36,269514.0,199.6575,202.75605251583497,3.3035151780868546,80.49674264806691,25.870000000000005,218.0437979588491,181.2712020411509,5.973957142857147,493440.85,-2307007.0,206.83,208.86,188.49
2023-11-13,213.23,215.91,211.545,214.02,291067.0,200.1275,203.82880941908877,3.7662732801361187,77.59710927989252,24.76000000000002,219.5019420632739,180.7530579367261,5.9089571428571475,488856.1,-2598074.0,214.36,208.95,189.26
2023-11-14,218.34,221.92,217.809,221.51,339420.0,200.85700000000003,205.51273233155652,4.682523981019955,79.45744458247248,26.53,222.2969166337735,179.41708336622656,5.461242857142862,476523.15,-2258654.0,214.02,211.69,194.98
2023-11-15,222.25,224.65,219.57,221.33,470171.0,201.841,207.0191387761702,5.332658172707937,81.06908934851123,23.190000000000026,225.15840881153412,178.5235911884659,5.459457142857149,479968.05,-2728825.0,221.51,211.84,198.14
2023-11-16,221.73,223.99,221.14,221.25,455287.0,203.0905,208.37445889272541,5.774857175933704,87.24420188218696,20.360000000000014,227.78620214046407,178.3947978595359,5.248385714285722,474664.3,-3184112.0,221.33,206.83,200.89
2023-11-17,222.13,223.7,220.3401,221.86,372518.0,204.661,209.65879614103727,6.104086656533013,87.19762662663703,13.0,229.95964394119085,179.36235605880916,5.15123571428572,469342.9,-2811594.0,221.25,214.36,208.86
2023-11-20,221.08,224.25,221.08,222.42,477495.0,206.56199999999998,210.8741488895099,6.3370770071474,85.48887736169573,13.469999999999999,231.1542517536679,181.96974824633207,4.918378571428576,456454.85,-2334099.0,221.86,214.02,208.95
2023-11-21,222.23,224.74,219.8,223.29,450514.0,208.2475,212.05661090003278,6.516721386731007,84.57519930755976,11.599999999999994,232.55829021859682,183.93670978140318,4.905878571428575,447186.25,-1883585.0,222.42,221.51,211.69
2023-11-22,225.55,226.81,221.775,222.0,339985.0,209.6945,213.0036003381249,6.480378940074047,80.23488968423699,10.159999999999997,233.64143209666108,185.74756790333893,4.901950000000004,417468.35,-2223570.0,223.29,221.33,211.84
2023-11-24,221.69,223.87,221.305,223.14,145305.0,211.25549999999998,213.96897173449395,6.468908641426395,75.42735038974422,16.309999999999974,234.38000554805646,188.1309944519435,4.4358785714285744,384933.85,-2078265.0,222.0,221.25,206.83
2023-11-27,222.16,225.58,221.65,224.61,403038.0,213.06149999999997,214.98240299787548,6.503366224720878,76.57841136890374,10.25,234.26164922986175,191.8613507701382,4.398735714285716,385957.3,-1675227.0,223.14,221.86,214.36
2023-11-28,224.31,226.8,223.99,224.67,482071.0,214.83200000000002,215.9050312837921,6.461024364835708,74.2345033219088,10.649999999999977,233.41565167220026,196.2483483277998,4.2865928571428595,389617.15,-1193156.0,224.61,222.42,214.02
2023-11-29,227.13,230.61,223.43,223.61,412998.0,216.26349999999996,216.63883782819286,6.269711164042349,71.253159949529,2.1000000000000227,232.69447239009898,199.83252760990095,4.515164285714287,387413.1,-1606154.0,224.67,223.29,221.51
2023-11-30,224.31,225.51,220.7291,223.05,1261427.0,217.50900000000001,217.2494247016983,6.003721565890828,84.89672972510535,1.7199999999999989,231.79156191083473,203.2264380891653,4.409414285714287,424130.9,-2867581.0,223.61,222.0,221.33
2023-12-01,222.47,228.405,221.72,227.92,296466.0,218.8605,218.2656699682032,6.115168717031338,82.94460635756937,6.6699999999999875,231.5480545733847,206.1729454266153,4.34727142857143,416775.8,-2571115.0,223.05,223.14,221.25
2023-12-04,226.45,229.84,225.5201,227.75,297798.0,219.805,219.168939495041,6.11923565548048,83.63547275007872,5.889999999999986,232.16621523577865,207.44378476422136,4.34405,407980.45,-2868913.0,227.92,224.61,221.86
2023-12-05,225.77,228.48,224.7,227.18,260415.0,220.7165,219.93189763837043,6.007233826628777,71.01556701303076,4.760000000000019,232.37606806097048,209.0569319390295,4.320407142857143,402426.25,-3129328.0,227.75,224.67,222.42
2023-12-06,228.25,228.46,223.81,224.68,435567.0,221.36599999999999,220.38409786328754,5.651680785338897,60.5945603511497,1.3900000000000148,232.33519975011285,210.39680024988712,4.289692857142858,401050.35,-3564895.0,227.18,223.61,223.29
2023-12-07,224.93,225.63,220.48,222.62,326824.0,221.90499999999997,220.5970409239268,5.1444429786442925,53.85047775413682,0.6200000000000045,231.92133718114044,211.8886628188595,4.4539785714285705,404123.7,-3891719.0,224.68,223.05,222.0
2023-12-08,221.85,223.81,221.3,221.74,485828.0,222.65050000000002,220.7058941692671,4.618234621965968,49.66777404787658,-1.3999999999999773,229.73212180354207,215.56887819645797,4.3932714285714285,413685.4,-4377547.0,222.62,227.92,223.14
2023-12-11,221.63,223.05,220.335,222.59,420342.0,223.06199999999998,220.8853328198131,4.221114235231454,50.46321522035509,-2.0200000000000102,228.97530560328784,217.14869439671213,4.36077142857143,421226.8,-3957205.0,221.74,227.75,224.61
2023-12-12,222.79,224.885,222.08,224.76,442787.0,223.599,221.25434874173567,4.034922297009416,53.74045797697883,0.09000000000000341,227.73999352431295,219.45800647568703,4.208271428571428,428812.8,-3514418.0,222.59,227.18,224.67
2023-12-13,224.77,225.79,219.61,224.77,666333.0,223.76200000000003,221.5891726710942,3.8438591434458544,57.53946647765099,1.1599999999999966,227.81242220021332,219.71157779978674,4.290057142857141,445158.45,-2848085.0,224.76,224.68,223.61
2023-12-14,225.82,227.4626,214.39,215.95,1023130.0,223.49300000000002,221.05210860718046,2.9469720601582026,36.199616103385985,-7.100000000000023,228.7564513391862,218.22954866081383,5.0405999999999995,472806.4,-3871215.0,224.77,222.62,223.05
2023-12-15,216.03,220.585,212.61,214.19,1702929.0,223.14000000000001,220.39857445411565,2.070338499650205,30.220197402312635,-13.72999999999999,229.79884769547704,216.481152304523,5.32952857142857,535188.5,-5574144.0,215.95,221.74,227.92
2023-12-18,214.85,218.82,214.85,218.54,596575.0,222.974,220.2215673632475,1.706848059948669,39.993470435523705,-9.210000000000008,229.92626854305252,216.02173145694746,5.412385714285713,546391.35,-4977569.0,214.19,222.59,227.75
2023-12-19,219.89,222.195,219.265,221.93,473204.0,222.9495,220.3842752334144,1.6729766371727521,47.45145629052424,-5.25,229.9134325701852,215.9855674298148,5.108814285714284,546176.8,-4504365.0,218.54,224.76,227.18
2023-12-20,220.84,223.32,217.69,217.95,291327.0,222.68249999999998,220.15243949689875,1.3099475284867026,42.99065418906349,-6.730000000000018,229.99234879964453,215.37265120035542,5.169464285714284,538217.45,-4795692.0,221.93,224.77,224.68
2023-12-21,219.96,220.515,217.7525,219.83,195542.0,222.57399999999998,220.1217309733846,1.1605372699833936,37.88559447348319,-2.789999999999992,229.99014852516783,215.15785147483214,4.889285714285712,530995.3,-4600150.0,217.95,215.95,222.62
2023-12-22,221.38,221.81,218.52,220.2,268407.0,222.427,220.1291851663956,1.0597626665766313,38.761536155324144,-1.5400000000000205,229.91214064839775,214.94185935160223,4.815721428571426,537150.4,-4331743.0,219.83,214.19,221.74
2023-12-26,220.01,220.775,219.09,219.32,236682.0,222.1625,220.05211991245315,0.8985433191922709,38.40707963015636,-3.2700000000000102,229.6965430887498,214.6284569112502,4.666078571428569,528832.6,-4568425.0,220.2,218.54,222.59
2023-12-27,219.42,219.42,215.81,216.44,299884.0,221.75099999999998,219.7081084922195,0.5322841244630183,37.981330206191984,-8.319999999999993,229.6007922198436,213.90120778015634,4.5917928571428535,519723.25,-4868309.0,219.32,221.93,224.76
2023-12-28,216.6,218.825,215.28,216.58,179923.0,221.3995,219.41019339772242,0.2504298809383272,40.667490711701355,-8.189999999999998,229.52358628060517,213.2754137193948,4.477149999999995,508069.5,-4688386.0,216.44,217.95,224.77
2023-12-29,216.62,217.5,214.38,215.32,287110.0,221.013,219.0206511693679,-0.07374911777259285,40.19547951854805,-0.6299999999999955,229.53235530053905,212.49364469946096,4.520721428571425,459353.65,-4975496.0,216.58,219.83,215.95
2024-01-02,213.03,213.91,204.56,206.77,377591.0,219.95549999999997,217.85392248657095,-1.0088618796196442,30.440158248611255,-7.4199999999999875,229.98222738759978,209.92877261240017,4.994649999999995,463409.9,-5353087.0,215.32,220.2,214.19
2024-01-03,205.04,206.865,202.22,204.44,403311.0,218.79000000000002,216.57640605927847,-1.9158495169696437,24.975369449515938,-14.099999999999994,230.30978800974458,207.27021199025546,5.126078571428569,468685.55,-5756398.0,206.77,219.32,218.54
2024-01-04,205.12,206.28,200.09,200.57,376846.0,217.45950000000002,215.05198643458527,-2.91330330364309,22.78452540892978,-21.360000000000014,230.88785095883577,204.03114904116427,5.126792857142855,474507.1,-6133244.0,204.44,216.44,221.93
2024-01-05,199.73,202.28,199.225,199.37,627517.0,216.19400000000002,213.55846391700572,-3.757299758706921,27.497285548725287,-18.579999999999984,231.40886447697162,200.97913552302842,4.411249999999997,484104.6,-6760761.0,200.57,216.58,217.95
2024-01-08,200.53,202.96,199.62,202.25,302263.0,215.1755,212.48146735348138,-4.146008116857928,34.27291884931981,-17.580000000000013,231.2803034351305,199.0706965648695,4.080178571428569,482876.55,-6458498.0,199.37,215.32,219.83
2024-01-09,199.84,204.37,199.84,204.01,319215.0,214.289,211.6746609388641,-4.262915681352439,29.459994333829826,-16.189999999999998,230.81865679269205,197.75934320730792,4.1201785714285695,474545.9,-6139283.0,202.25,206.77,220.2
2024-01-10,204.54,207.21,203.95,207.09,254676.0,213.51399999999998,211.23802656373417,-4.060250056395859,28.836280650207996,-12.22999999999999,229.8573352261945,197.17066477380547,4.143749999999999,466262.6,-5884607.0,204.01,204.44,219.32
2024-01-11,207.94,208.62,205.47,207.1,256777.0,212.631,210.8439287957595,-3.854397734443097,32.550659361347414,-9.340000000000003,228.31082263594578,196.95117736405422,3.9666071428571428,456962.1,-5627830.0,207.09,200.57,216.44
2024-01-12,208.39,213.69,207.825,210.6,222864.0,211.92249999999999,210.82069748187763,-3.3700086358549015,35.89116476605082,-5.980000000000018,226.53720186238147,197.3077981376185,4.188214285714287,434788.65,-5404966.0,207.1,199.37,216.58
2024-01-16,212.0,218.045,211.865,216.24,427397.0,211.93699999999998,211.33682153122263,-2.5022099726424756,44.786729841310866,0.9200000000000159,226.56909176685494,197.30490823314503,4.394642857142857,405002.0,-4977569.0,210.6,202.25,215.32
2024-01-17,214.99,216.845,213.25,216.56,254355.0,212.0555,211.83426709967762,-1.7682701540168182,46.31213253211199,9.789999999999992,226.80235547212592,197.30864452787407,4.531071428571429,332573.3,-4723214.0,216.24,204.01,206.77
2024-01-18,217.73,218.69,215.52,217.57,295093.0,212.00699999999998,212.3805273758988,-1.0925295328014215,51.58931080950068,13.129999999999995,226.6702029243266,197.34379707567336,4.499642857142858,317499.2,-4428121.0,216.56,207.09,204.44
2024-01-19,219.39,221.48,217.8101,221.41,258537.0,211.981,213.2404771496227,-0.2443430823846029,56.152866222009145,20.840000000000003,226.5717842579876,197.3902157420124,4.508564285714286,306765.85,-4169584.0,217.57,207.1,200.57
2024-01-22,224.01,225.59,222.97,224.39,237354.0,212.30300000000003,214.30233646870624,0.6606846531039707,61.06907491200958,25.019999999999982,227.70985302065225,196.8961469793478,4.47285,304067.2,-3932230.0,221.41,210.6,199.37
2024-01-23,224.59,224.64,222.29,222.77,244147.0,212.45,215.10878061454375,1.232997009978618,73.50176260196757,20.52000000000001,228.211264977285,196.68873502271498,3.97285,306497.45,-4176377.0,224.39,216.24,202.25
2024-01-24,224.92,225.67,221.11,221.15,332279.0,212.4975,215.68413484173004,1.5381125685248094,75.06750671914361,17.140000000000015,228.36249207955024,196.63250792044977,3.966778571428569,309691.05,-4508656.0,222.77,216.56,204.01
2024-01-25,222.88,224.51,217.55,218.28,293541.0,212.44549999999998,215.93136009489862,1.5306970218036895,77.3894215563424,11.189999999999998,228.22291286910138,196.66808713089858,4.021778571428568,312534.0,-4802197.0,221.15,217.57,207.09
2024-01-26,218.47,221.28,216.66,219.76,463590.0,212.61150000000004,216.29599246681303,1.6255019340199794,81.26341609513379,12.659999999999997,228.63383214511555,196.58916785488452,4.133564285714281,320719.3,-4338607.0,218.28,221.41,207.1
2024-01-29,219.38,226.12,219.38,225.92,584973.0,213.0785,217.21256461283085,2.172635784621747,82.97575923205183,15.319999999999993,230.1010995602744,196.05590043972558,4.376421428571425,340971.8,-3753634.0,219.76,224.39,210.6
2024-01-30,225.37,227.84,223.39,223.78,517338.0,213.5015,217.8380346497041,2.4058348730688692,77.2539288370126,7.539999999999992,231.16693729254453,195.83606270745545,4.370707142857141,352483.2,-4270972.0,225.92,222.77,216.24
2024-01-31,255.645,258.91,232.0,242.56,1063834.0,215.291,220.19250754020848,4.059203662901581,84.12545697175766,26.0,236.89684024359062,193.68515975640938,6.059992857142855,386795.35,-3207138.0,223.78,221.15,216.56
2024-02-01,243.08,249.26,241.96,249.07,562754.0,217.52249999999998,222.94274491733148,5.8276222691680175,85.8902000820513,31.5,243.23771513566754,191.80728486433242,6.356421428571425,394767.5,-2644384.0,242.56,218.28,217.57
2024-02-02,249.0,252.66,248.42,250.56,378867.0,220.022,225.57295968710943,7.265580822348397,85.38788520730733,29.150000000000006,248.3812833403619,191.66271665963808,6.240349999999997,394868.55,-2265517.0,249.07,219.76,221.41
2024-02-05,250.45,252.0,245.1,249.15,273054.0,222.51100000000002,227.8183920978609,8.196911020778884,81.5048822297326,24.76000000000002,251.9557399645324,193.06626003546765,6.29177857142857,377145.4,-2538571.0,250.56,225.92,224.39
2024-02-06,250.29,250.84,243.81,247.52,287664.0,224.7745,229.69473570758845,8.703147141914798,78.91296225056445,24.75,254.6186167436818,194.93038325631818,6.5371357142857125,376415.45,-2826235.0,249.15,223.78,222.77
2024-02-07,249.74,251.665,245.62,245.73,475196.0,226.8605,231.22190373543717,8.857799881766482,75.9204712617289,24.579999999999984,256.42445135972156,197.29654864027844,6.742492857142856,384214.5,-3301431.0,247.52,242.56,221.15
2024-02-08,246.95,249.12,246.34,247.02,398943.0,228.85699999999997,232.7264843320622,8.980926937969883,74.73440214320493,28.74000000000001,258.19152006371337,199.52247993628657,6.678928571428571,391427.85,-2902488.0,245.73,249.07,218.28
2024-02-09,247.46,250.92,247.46,250.5,316536.0,231.027,234.41920010996103,9.25264953778057,74.97608568873801,30.74000000000001,260.0036374860849,202.05036251391502,6.738928571428569,394415.8,-2585952.0,247.02,250.56,219.76
2024-02-12,250.89,251.0,244.19,245.73,315461.0,232.7835,235.4964191471076,8.979586643853452,70.71454346824243,19.810000000000002,260.7892372129728,204.7777627870272,7.057499999999998,399045.65,-2901413.0,250.5,249.15,225.92
2024-02-13,240.96,248.6,239.04,245.75,460281.0,234.25900000000001,236.47295065690687,8.66491224411456,72.85395761761508,21.97,261.6986063344477,206.81939366555238,7.414642857142858,400689.85,-2441132.0,245.73,247.52,223.78
2024-02-14,248.38,249.935,246.08,248.8,254037.0,235.871,237.64695535624907,8.562928739874991,78.25925923896982,6.240000000000009,262.71417880618907,209.02782119381092,7.192857142857144,400673.95,-2187095.0,245.75,245.73,242.56
2024-02-15,249.75,249.75,245.63,247.4,264943.0,237.3625,238.57581675089202,8.273764086428287,75.63056377858257,-1.6699999999999875,263.2209892911601,211.50401070883996,7.157142857142858,399166.45,-2452038.0,248.8,247.02,249.07
2024-02-16,246.61,247.5,243.17,243.81,173976.0,238.4825,239.0743103936642,7.666543782851875,67.41966892027506,-6.75,263.353290201824,213.61170979817598,6.985000000000001,394938.4,-2626014.0,247.4,250.5,250.56
2024-02-20,243.31,244.08,240.201,242.88,251889.0,239.40699999999998,239.43675702283903,7.029245968235756,69.0466693066084,-6.27000000000001,263.4323700119376,215.38162998806231,6.9442142857142874,395665.15,-2877903.0,243.81,245.73,249.15
2024-02-21,240.21,241.9,239.14,241.58,298546.0,240.3475,239.64087540161626,6.3461303671806775,48.499693794274485,-5.939999999999998,263.06790017716486,217.6270998228351,5.219214285714287,398385.1,-3176449.0,242.88,245.75,247.52
2024-02-22,245.19,249.5,245.19,248.29,273141.0,241.7045,240.46460155384327,6.273871416918752,48.8131466621003,2.5600000000000023,262.7794993819064,220.62950061809357,5.00564285714286,395428.2,-2903308.0,241.58,248.8,245.73
2024-02-23,249.99,250.8,246.04,248.9,178555.0,243.2355,241.26797283442963,6.1944216780022145,47.40462787168028,1.8799999999999955,261.392290204392,225.07870979560803,5.042785714285718,389678.9,-2724753.0,248.29,247.4,247.02
2024-02-26,250.07,252.49,249.49,250.09,255729.0,244.752,242.1081658978173,6.156511051774487,51.4798488438061,-0.4099999999999966,259.3758271324571,230.1281728675429,4.764214285714289,379285.85,-2469024.0,248.9,243.81,250.5
2024-02-27,249.5,252.99,249.07,250.47,438977.0,245.97949999999997,242.90453105040612,6.086962440737665,54.83448047303562,4.740000000000009,257.8003886922123,234.15861130778765,4.5420714285714325,371986.05,-2030047.0,250.09,242.88,245.73
2024-02-28,250.17,254.47,249.312,254.01,442850.0,247.49099999999999,243.96219475989125,6.245497062559451,62.83322997893164,8.259999999999991,253.81076315345587,241.1712368465441,4.47871428571429,368261.65,-1587197.0,250.47,241.58,245.75
2024-02-29,255.0,257.3,251.07,253.33,659955.0,248.0295,244.85436668752064,6.244286562298981,59.96840439685443,4.530000000000001,254.41520269800887,241.64379730199116,4.725142857142862,348067.7,-2247152.0,254.01,248.29,248.8
2024-03-01,253.05,256.77,252.07,256.75,271180.0,248.41349999999997,245.98728414585202,6.4449972230511605,59.89237097693913,9.349999999999994,255.89269296237302,240.93430703762692,4.813714285714291,333489.0,-1975972.0,253.33,248.9,247.4
2024-03-04,257.0,257.67,254.32,255.39,290514.0,248.65500000000003,246.8827808938661,6.420312334268317,67.13981543861047,11.579999999999984,256.7153604464258,240.59463955357427,4.566571428571436,329071.35,-2266486.0,256.75,250.09,243.81
2024-03-05,254.37,257.5,250.15,252.33,357246.0,248.814,247.40156366587885,6.083704851513403,60.53811656478115,9.450000000000017,257.0392458609864,240.58875413901362,4.408714285714292,333280.95,-2623732.0,255.39,250.47,242.88
2024-03-06,255.56,257.0,252.8115,254.76,243135.0,249.17600000000002,248.10236712627133,5.944496383363003,59.7385620641719,13.179999999999978,257.78956677756486,240.5624332224352,4.432535714285722,331054.5,-2380597.0,252.33,254.01,241.58
2024-03-07,257.0,266.775,255.71,266.03,452234.0,250.19099999999997,249.8097607332931,6.666714202766997,73.01704964116043,17.73999999999998,261.46740461550667,238.91459538449325,4.928607142857148,329906.4,-1928363.0,254.76,253.33,248.29
2024-03-08,266.36,266.94,257.2,257.5,338509.0,250.715,250.54216447297947,6.476126944541846,65.07377227678857,8.599999999999994,262.3395828448069,239.09041715519308,5.315035714285719,326884.7,-2266872.0,266.03,256.75,248.9
2024-03-11,256.19,257.93,253.7701,255.5,257550.0,250.965,251.01433928507666,6.093460761685122,63.57573147826897,5.409999999999997,262.78355721891774,239.1464427810823,5.335100000000003,323935.4,-2524422.0,257.5,255.39,250.09
2024-03-12,257.22,258.57,254.79,256.19,521368.0,251.48799999999997,251.50725935316459,5.779252469645968,65.92544144488872,5.719999999999999,263.2567965668359,239.71920343316407,5.4079571428571445,334230.75,-2003054.0,255.5,252.33,250.47
2024-03-13,255.0,255.685,251.075,251.67,336419.0,251.78399999999996,251.522758462387,5.106648655956121,53.86904760178191,-2.3400000000000034,263.23874280076024,240.32925719923972,5.429385714285717,328037.65,-2339473.0,256.19,254.76,254.01
2024-03-14,252.31,253.7,248.38,250.67,431945.0,251.87749999999997,251.4415433707311,4.4417125527027395,52.008168805806335,-2.660000000000025,263.25998677851845,240.49501322148149,5.469385714285715,336933.05,-2771418.0,251.67,266.03,253.33
2024-03-15,248.3,249.425,246.1601,247.0,1081985.0,251.8575,251.01853924018528,3.5773705872076107,46.680988170708176,-9.75,263.27446590720604,240.4405340927939,5.488307142857145,377785.15,-3853403.0,250.67,257.5,256.75
2024-03-18,248.19,249.37,246.7,247.0,310961.0,252.017,250.63582121731048,2.859411837545281,46.242148567307986,-8.389999999999986,263.0430268169641,240.99097318303592,5.39902142857143,384634.4,-3853403.0,247.0,255.5,255.39
2024-03-19,245.54,249.415,244.89,247.6,428602.0,252.25300000000001,250.34669538709042,2.3121858060322324,42.586166999856424,-4.730000000000018,262.639065766461,241.866934233539,5.353807142857145,393470.05,-3424801.0,247.0,256.19,252.33
2024-03-20,248.71,251.3,247.17,251.14,433785.0,252.731,250.42224820736752,2.1394903860600607,47.62421348086915,-3.6200000000000045,261.85171534590586,243.61028465409413,5.203807142857146,400232.0,-2991016.0,247.6,251.67,254.76
2024-03-21,252.4,254.429,251.425,252.92,318832.0,252.9625,250.66012933047537,2.121800093937111,45.691788512043054,-13.109999999999985,261.8404060475691,244.08459395243094,5.082664285714289,402516.55,-2672184.0,251.14,250.67,266.03
2024-03-22,252.78,253.035,249.235,250.84,367772.0,253.05949999999999,250.6772598704301,1.917834462942011,44.96347131659313,-6.659999999999997,261.79171133143444,244.32728866856556,5.114807142857144,411977.4,-3039956.0,252.92,247.0,257.5
2024-03-25,250.31,250.31,247.77,248.51,233322.0,252.98049999999998,250.47085416848438,1.5503080037775874,45.70207019262308,-6.990000000000009,261.85328387453455,244.10771612546543,4.771235714285715,410857.05,-3273278.0,250.84,247.0,255.5
2024-03-26,249.42,251.67,248.365,249.58,286856.0,252.936,250.38601091434302,1.3300486010078032,43.98792941931684,-6.609999999999985,261.87051120802397,244.00148879197604,4.70812857142857,403251.0,-2986422.0,248.51,247.6,256.19
2024-03-27,251.52,252.6,247.96,249.73,228119.0,252.72200000000004,250.3235336844056,1.1542892397912397,24.499374207040304,-1.9399999999999977,261.75270924532924,243.69129075467086,4.2492,392514.45,-2758303.0,249.58,251.14,251.67
2024-03-28,250.11,251.49,248.0,250.23,400098.0,252.567,250.3146257144622,1.0433177341546127,34.80986207742002,-0.4399999999999977,261.65997033282713,243.47402966717289,3.8027714285714285,379521.6,-2358205.0,249.73,252.92,250.67
2024-04-01,250.25,251.31,246.55,247.67,254853.0,252.113,250.06275659879915,0.7402682910134502,34.01388319819537,0.6699999999999875,261.23325876825817,242.99274123174183,3.845635714285714,378705.25,-2613058.0,250.23,250.84,247.0
2024-04-02,245.59,245.705,241.035,242.76,430570.0,251.4815,249.3672559703421,0.10271978397145176,26.610936942788086,-4.240000000000009,261.36359284247817,241.59940715752185,3.9092071428571438,385708.05,-3043628.0,247.67,248.51,247.0
2024-04-03,241.07,244.8,241.07,241.7,388859.0,250.95,248.6370411160238,-0.48251294468298056,30.257425725797845,-5.900000000000006,261.7415444482677,240.15845555173232,3.846350000000001,387288.7,-3432487.0,242.76,249.58,247.6
2024-04-04,244.03,246.8,241.515,242.03,360668.0,250.31349999999998,248.0077991049739,-0.9092051233331233,32.424735538895604,-9.109999999999985,261.6469201183463,238.98007988165367,3.8438500000000033,393165.35,-3071819.0,241.7,249.73,251.14
2024-04-05,243.38,245.405,242.32,243.51,315021.0,249.1875,247.5794372854526,-1.1150842150584594,42.20634209062575,-9.409999999999997,258.17921753395956,240.1957824660404,3.831000000000003,386304.7,-2756798.0,242.03,250.23,252.92
2024-04-08,243.73,244.95,241.11,242.09,326083.0,248.417,247.0566337344571,-1.3769542485382544,39.68920619253888,-8.75,257.0431001739208,239.79089982607923,3.9145714285714286,385683.4,-3082881.0,243.51,247.67,250.84
2024-04-09,243.5,243.6,240.66,242.18,323803.0,247.75099999999998,246.5921924264136,-1.5592518060802547,38.369098689391976,-6.329999999999984,256.1277319340377,239.3742680659623,3.8013571428571424,388996.05,-2759078.0,242.09,242.76,248.51
2024-04-10,238.65,241.035,237.14,238.3,222749.0,246.8565,245.8024598143742,-1.993823739352905,22.842639580380876,-11.280000000000001,255.25960537836997,238.45339462163005,3.7845714285714274,374065.1,-2981827.0,242.18,241.7,249.58
2024-04-11,238.85,240.57,238.32,239.66,212224.0,246.256,245.21746364157667,-2.203088719786109,21.44702841084157,-10.069999999999993,254.9231270053176,237.5888729946824,3.730714285714285,367855.35,-2769603.0,238.3,242.03,249.73
2024-04-12,237.19,239.46,235.59,237.81,274185.0,245.613,244.51199091380747,-2.4895146010128713,21.661591983329146,-12.419999999999987,254.7941961151722,236.4318038848278,3.7357142857142867,359967.35,-3043788.0,239.66,243.51,250.23
2024-04-15,238.36,240.81,230.07,230.49,565455.0,244.7875,243.17656320773057,-3.269483121196231,17.798427439271677,-17.17999999999998,256.15273392215283,233.42226607784718,4.321428571428574,334140.85,-3609243.0,237.81,242.09,247.67
2024-04-16,231.56,233.1725,229.51,231.16,327661.0,243.9955,242.03212861651812,-3.7898632273164026,16.60623639476104,-11.599999999999994,256.8248979429643,231.16610205703566,4.346964285714291,334975.85,-3281582.0,230.49,242.18,242.76
2024-04-17,231.45,233.2,228.26,228.43,240940.0,243.03699999999998,240.73668779589735,-4.372156788942419,14.688328905648618,-13.269999999999982,257.4937363282017,228.58026367179826,4.368392857142863,325592.75,-3522522.0,231.16,238.3,241.7
2024-04-18,229.82,232.0,227.795,230.44,546778.0,242.002,239.75605086295474,-4.618202725012111,18.755920421137205,-11.590000000000003,256.9710074205969,227.03299257940313,4.419464285714292,331242.4,-2975744.0,228.43,239.66,242.03
2024-04-19,230.76,232.92,224.93,226.34,392744.0,240.673,238.47833173314953,-5.085410064008357,17.88617885424847,-17.169999999999987,256.267255487535,225.078744512465,4.650178571428577,334938.0,-3368488.0,230.44,237.81,243.51
2024-04-22,227.2,229.67,224.78,228.32,491440.0,239.54700000000003,237.51087156808768,-5.235553642030538,26.155878455542123,-13.77000000000001,255.30156505270742,223.79243494729263,4.66589285714286,341121.4,-2877048.0,226.34,230.49,242.09
2024-04-23,229.61,233.23,229.61,230.63,538934.0,238.65299999999996,236.85555046636503,-5.10924962311114,32.44529018540325,-11.550000000000011,254.29486568492555,223.01113431507437,4.658035714285715,356402.0,-2338114.0,228.32,231.16,242.18
2024-04-24,208.49,217.97,205.175,206.32,1487420.0,236.49,233.9474028029017,-6.89132708223201,17.834624387503368,-31.980000000000018,256.98197532283234,215.9980246771677,5.194464285714283,416430.2,-3825534.0,230.63,228.43,238.3
2024-04-25,207.21,211.17,205.12,208.3,739547.0,234.4185,231.50479301214918,-8.05105929160763,18.56811283235217,-31.359999999999985,257.4890154962594,211.34798450374055,5.406249999999996,442001.6,-3085987.0,206.32,230.44,239.66
2024-04-26,208.33,211.26,205.79,209.02,456441.0,232.358,229.36338415384927,-8.81049554009121,20.104863491566277,-28.789999999999992,256.80277479415247,207.91322520584754,5.522678571428569,444818.75,-2629546.0,208.3,226.34,237.81
2024-04-29,210.67,211.35,207.885,209.83,393786.0,230.46599999999998,227.50306185348268,-9.24047556746217,21.131536671500214,-20.659999999999997,255.76342437482495,205.168575625175,5.56017857142857,451765.4,-2235760.0,209.02,228.32,230.49
2024-04-30,208.29,209.18,205.875,206.06,607124.0,228.631,225.46086548648432,-9.772790610013772,21.173104429606127,-25.099999999999994,255.45194381949318,201.81005618050682,5.518035714285712,460593.1,-2842884.0,209.83,230.63,231.16
2024-05-01,207.18,211.9,206.07,207.77,505538.0,226.93449999999999,223.77602115443818,-9.942065488838978,21.66340856045339,-20.659999999999997,254.55521951118902,199.31378048881095,5.773749999999999,466427.05,-2337346.0,206.06,206.32,228.43
2024-05-02,209.57,210.98,207.96,208.84,380015.0,225.275,222.3535429492536,-9.876032252684354,23.896197507036447,-21.599999999999994,253.064633432555,197.485366567445,5.713035714285711,467394.4,-1957331.0,207.77,208.3,230.44
2024-05-03,211.76,212.82,208.0,210.76,331805.0,223.6375,221.24939600170563,-9.558587066064092,30.305450181188306,-15.580000000000013,250.75437986631573,196.52062013368425,5.290178571428568,468233.6,-1625526.0,208.84,209.02,226.34
2024-05-06,213.04,215.095,211.665,213.39,275119.0,222.20250000000001,220.50088209678128,-8.99114614495852,32.929875111219616,-14.930000000000007,248.22324708664914,196.1817529133509,5.273571428571423,465685.4,-1350407.0,210.76,209.83,228.32
2024-05-07,214.62,217.43,214.315,216.64,622305.0,220.9255,220.13317903994496,-8.184847499360501,38.78638005434639,-13.990000000000009,245.27105139304857,196.57994860695143,5.143214285714281,480610.5,-728102.0,213.39,206.06,230.63
2024-05-08,215.49,218.21,213.39,214.62,328518.0,219.7415,219.608114369474,-7.620996998335869,34.95625712268186,8.300000000000011,242.7984174686879,196.68458253131212,5.187142857142853,485898.95,-1056620.0,216.64,207.77,206.32
2024-05-09,215.27,217.89,215.11,217.23,254417.0,218.62000000000003,219.38162728666697,-6.8841797145299495,41.08436092043097,8.929999999999978,239.69434259447883,197.54565740552124,4.814999999999996,488008.6,-802203.0,214.62,208.84,208.3
2024-05-10,217.78,219.95,216.62,217.73,292619.0,217.61599999999999,219.22432944984155,-6.188562989643515,39.32674862828916,8.70999999999998,236.6560314020083,198.57596859799168,4.703571428571424,488930.3,-509584.0,217.23,210.76,209.02
2024-05-13,219.19,219.19,213.44,213.62,347067.0,216.77249999999998,218.69058378795188,-5.9009024074204035,33.456525958599656,3.789999999999992,234.88316318643854,198.66183681356142,4.855714285714283,478010.9,-856651.0,217.73,213.39,209.83
2024-05-14,213.31,217.1,213.31,216.64,323045.0,216.0465,218.49529009386123,-5.367368899539088,67.13147407238247,10.579999999999984,232.84535619539835,199.24764380460167,4.212499999999998,477780.1,-533606.0,213.62,216.64,206.06
2024-05-15,218.34,223.68,217.82,223.45,315446.0,215.79749999999999,218.9671672277792,-4.344943907762854,71.67381971377874,15.679999999999978,231.95904093096158,199.6359590690384,4.198928571428572,481505.4,-218160.0,216.64,214.62,207.77
2024-05-16,223.75,226.13,222.78,225.69,384746.0,215.56,219.60743701560978,-3.3156942134022813,72.85440084946639,16.849999999999994,230.93604972882005,200.18395027117995,4.047499999999999,473403.8,166586.0,223.45,217.23,208.84
2024-05-17,226.68,229.88,226.6,228.78,470709.0,215.68199999999996,220.48101444269454,-2.2250206078290375,74.45161287632718,18.02000000000001,231.45186546683556,199.91213453316436,4.034285714285714,477302.05,637295.0,225.69,217.73,210.76
2024-05-20,228.82,231.02,228.77,230.64,363735.0,215.798,221.44853687672364,-1.1967718334482527,83.36047770990649,17.25,231.98782604503242,199.60817395496758,3.95892857142857,470916.8,1001030.0,228.78,213.62,213.39
2024-05-21,230.57,230.57,225.57,225.67,348953.0,215.55,221.85058098370234,-0.7739926029572359,72.3192019697639,9.030000000000001,230.91409210841235,200.18590789158768,3.899642857142855,461417.75,652077.0,230.64,216.64,216.64
2024-05-22,226.4,227.435,223.04,223.98,345336.0,216.433,222.05338279477832,-0.5687496917825854,68.5903732573609,9.359999999999985,231.59209329325714,201.27390670674285,3.9978571428571428,404313.55,306741.0,225.67,223.45,214.62
2024-05-23,225.86,226.93,223.7,225.35,420918.0,217.2855,222.36734633813276,-0.2921776205645301,68.16031862200043,8.120000000000005,232.4364811737163,202.13451882628374,3.884285714285716,388382.1,727659.0,223.98,225.69,217.23
2024-05-24,225.35,229.61,225.19,228.13,373022.0,218.24099999999999,222.91617049640584,0.1496059283309421,68.27876981756198,10.400000000000006,233.60601960195334,202.87598039804664,3.9550000000000023,384211.15,1100681.0,225.35,228.78,217.73
2024-05-28,228.1,229.9,223.53,225.79,263239.0,219.039,223.1898685443672,0.3073610723302522,61.608728727162614,12.169999999999987,234.2214315367602,203.85656846323977,4.187500000000002,377683.8,837442.0,228.13,230.64,213.62
2024-05-29,223.85,226.74,220.12,221.46,507215.0,219.80900000000003,223.02511915918936,0.0820426281588027,58.19750717126644,4.820000000000022,233.72947624714615,205.8885237528539,4.316071428571429,372688.35,330227.0,225.79,225.67,216.64
2024-05-30,220.66,221.88,215.92,216.36,457598.0,220.2385,222.39034590593323,-0.5022614637975948,49.016059699474695,-7.089999999999975,233.08350357501297,207.393496424987,4.543214285714289,370291.35,-127371.0,221.46,223.98,223.45
2024-05-31,217.02,219.99,212.39,219.54,1123851.0,220.77349999999996,222.11888439108245,-0.7006505891505128,51.93004903546555,-6.150000000000006,232.45848501226394,209.08851498773598,4.848214285714292,407483.15,996480.0,216.36,225.35,225.69
2024-06-03,219.96,220.49,213.17,214.5,446666.0,220.9605,221.3932763538365,-1.250150309068573,50.920117090905855,-14.280000000000001,232.0766039653474,209.8443960346526,4.96035714285715,413226.2,549814.0,219.54,228.13,228.78
2024-06-04,214.52,216.6188,212.56,214.48,427949.0,221.01500000000001,220.73486908204256,-1.6680187467411258,47.59036143091779,-16.159999999999997,231.98454540150965,210.04545459849038,4.979557142857151,420867.7,121865.0,214.5,225.79,230.64
2024-06-05,216.35,223.21,216.35,220.09,457199.0,221.1875,220.6734529789909,-1.528878434553718,46.148555693579105,-5.579999999999984,231.97435140149275,210.40064859850725,5.050985714285722,412612.4,579064.0,214.48,221.46,225.67
2024-06-06,220.45,222.61,219.52,219.82,386453.0,221.4475,220.5921717428965,-1.423980714230055,42.953181258070956,-4.159999999999997,231.81016349626552,211.08483650373446,5.032414285714294,415509.15,192611.0,220.09,216.36,223.98
2024-06-07,219.9,223.47,219.8,220.55,320759.0,221.61350000000002,220.58815538643017,-1.2673345735215662,39.52659708441406,-4.799999999999983,231.79650808622887,211.43049191377116,5.060271428571435,418826.25,513370.0,219.82,219.54,225.35
2024-06-10,218.38,221.65,217.62,221.23,304873.0,221.78849999999997,220.6492834448654,-1.0759185436018868,37.65415899954977,-6.900000000000006,231.80950798585766,211.76749201414228,5.187414285714293,419438.95,818243.0,220.55,214.5,228.13
2024-06-11,220.87,227.46,220.37,226.31,425427.0,222.423,221.18839930725917,-0.5084453840985077,50.83725796149344,0.5200000000000102,231.85603958379622,212.9899604162038,5.3367000000000075,423356.95,1243670.0,221.23,214.48,225.79
2024-06-12,228.8,232.98,226.59,231.05,384751.0,223.1435,222.1275993732345,0.32006999313730944,58.56554395880987,9.590000000000003,232.91203439419235,213.37496560580763,5.479200000000006,426442.25,1628421.0,226.31,220.09,221.46
2024-06-13,231.03,233.3075,228.01,229.14,300976.0,223.42799999999997,222.79544705197407,0.8131795367362997,54.53240849644931,12.779999999999973,233.55883380991924,213.2971661900807,5.626878571428577,425718.75,1327445.0,231.05,219.82,216.36
2024-06-14,229.34,229.9,226.62,228.84,152222.0,223.5855,223.37111876130987,1.1663202958790748,50.90261884788618,9.300000000000011,233.9594298243237,213.2115701756763,5.545450000000004,414092.55,1175223.0,229.14,220.55,219.54
2024-06-17,227.63,233.49,226.415,232.75,294232.0,223.78400000000002,224.26434554594704,1.7416149557417668,58.508557437185345,18.25,234.71348383237282,212.85451616762722,5.595807142857148,405268.7,1469455.0,228.84,221.23,214.5
2024-06-18,232.76,237.84,231.49,237.37,381736.0,224.1205,225.5125031129997,2.541043928596423,69.31294001043015,22.890000000000015,236.28355618623326,211.95744381376673,5.576521428571433,406168.75,1851191.0,232.75,226.31,214.48
2024-06-20,237.89,238.11,232.77,233.06,299656.0,224.49,226.23131234033306,2.794601745060902,70.66831680719412,12.969999999999999,237.28389492564384,211.69610507435618,5.532235714285719,403703.9,1551535.0,237.37,231.05,220.09
2024-06-21,233.41,240.53,231.575,240.11,947632.0,225.2965,227.5530921174442,3.5238039950387474,73.23243729330801,20.29000000000002,239.86548836931576,210.72751163068426,5.629021428571432,433818.7,2499167.0,233.06,229.14,219.82
2024-06-24,239.12,243.325,238.97,241.475,678965.0,226.10275000000001,228.87898810625904,4.163847875961551,83.22453501255953,20.924999999999983,242.36994963445963,209.8355503655404,5.417235714285716,446721.05,3178132.0,240.11,228.84,220.55
2024-06-25,242.58,243.47,237.86,239.78,545331.0,226.68525,229.91717971518676,4.482641825420359,79.92666190870655,18.55000000000001,244.05506515975935,209.31543484024064,5.528035714285715,455336.5,2632801.0,241.475,232.75,221.23
2024-06-26,238.5,241.98,237.61,241.79,291952.0,227.48525,231.04792450421658,4.841666805841982,78.05792601259861,15.47999999999999,246.10994652878858,208.86055347121143,5.35017857142857,456772.15,2924753.0,239.78,237.37,226.31
2024-06-27,242.99,252.03,241.625,251.21,575492.0,228.97275,232.96812217048168,5.819231477150424,82.82099537516743,20.159999999999997,250.14862392715926,207.79687607284072,5.87267857142857,460186.0,3500245.0,241.79,233.06,231.05
2024-06-28,251.21,254.83,246.06,246.68,1138356.0,230.48875000000004,234.27401529710247,6.157446177553794,75.3099573604351,17.54000000000002,252.19726830745856,208.78023169254152,6.2369642857142855,494223.9,2361889.0,251.21,240.11,229.14
2024-07-01,247.21,249.31,245.12,245.28,415337.0,231.77575000000002,235.32220431642605,6.240577967299544,72.9747802632471,16.439999999999998,253.8009148598884,209.75058514011164,6.248392857142856,458798.2,1946552.0,246.68,241.475,228.84
2024-07-02,245.3,249.09,244.45,245.66,534978.0,233.33375,236.30675628629024,6.264905403732968,70.3085642110764,12.909999999999997,254.60906826096294,212.05843173903708,6.073392857142857,463213.8,2481530.0,245.28,239.78,232.75
2024-07-03,244.11,248.99,244.11,246.22,231767.0,234.92075,237.25087473521498,6.257242791920731,67.45283016695029,8.849999999999994,254.9746574221145,214.8668425778855,5.965535714285715,453404.7,2713297.0,245.66,241.79,237.37
2024-07-05,246.33,249.59,246.227,247.83,167538.0,236.30775,238.25841047471832,6.308364758414825,71.65199256248547,14.77000000000001,255.87398527648432,216.74151472351568,5.827357142857143,438921.65,2880835.0,246.22,251.21,233.06
2024-07-08,248.0,248.0,244.33,246.22,181072.0,237.62775000000002,239.0166570961737,6.1480943368108285,69.54126375143741,6.109999999999985,256.0384861341149,219.21701386588515,5.855214285714284,428652.6,2699763.0,247.83,246.68,240.11
2024-07-09,245.76,246.27,240.62,242.17,289950.0,238.70875,239.31697546796667,5.62938566835706,60.55817079471384,0.6949999999999932,255.35142497318753,222.06607502681248,5.75342857142857,427112.15,2409813.0,246.22,245.28,241.475
2024-07-10,243.51,247.045,241.87,246.23,348526.0,239.95875,239.97535875673174,5.482712086758539,60.05675366990248,6.449999999999989,254.7232949695512,225.1942050304488,5.6694999999999975,429294.8,2758339.0,242.17,245.66,239.78
2024-07-11,248.37,250.535,240.85,241.17,385469.0,240.70175,240.08913411323348,4.901669116467616,59.051339267260715,-0.6200000000000045,253.99677292114194,227.40672707885807,5.97985714285714,427296.9,2372870.0,246.23,246.22,241.79
2024-07-12,241.02,244.55,240.025,240.42,379123.0,241.17024999999998,240.12064515006838,4.330747483416388,50.40259738426915,-10.79000000000002,253.669782822849,228.67071717715098,5.663428571428568,427015.5,1993747.0,241.17,247.83,251.21
2024-07-15,242.12,245.0,240.02,241.14,391451.0,241.77024999999998,240.21772656434757,3.8915268591563574,49.55752210556582,-5.5400000000000205,252.917173330536,230.62332666946395,5.708071428571425,431539.25,2385198.0,240.42,246.22,246.68
2024-07-16,242.15,242.99,236.9,239.15,549071.0,242.28575,240.116038320124,3.344313813902545,49.174311908559886,-6.1299999999999955,251.73996725725482,232.8315327427452,5.7423571428571405,451381.7,1836127.0,241.14,242.17,245.28
2024-07-17,234.54,235.21,221.46,223.88,1061354.0,241.84225,238.56974895630267,1.6593541527017521,32.58120987247352,-21.78,253.7052648271626,229.9792351728374,6.412357142857142,489737.8,774773.0,239.15,246.23,245.66
2024-07-18,224.35,225.57,215.62,219.05,658134.0,240.92625000000004,236.7107252461786,-0.06498010071484828,15.655702686476317,-27.169999999999987,256.49394491607563,225.35855508392447,6.379857142857142,503557.7,116639.0,223.88,241.17,246.22
2024-07-19,219.06,221.87,215.9,218.59,508964.0,240.20274999999998,234.9849418893997,-1.4519088734346326,17.14619882479424,-29.24000000000001,258.4278828707886,221.97761712921135,6.1798571428571405,514023.1,-392325.0,219.05,240.42,247.83
2024-07-22,220.87,226.26,219.25,225.15,616536.0,239.45475000000002,234.0482807570759,-1.9986831684169317,28.99185972853506,-21.069999999999993,258.8841096272837,220.02539037271634,6.381285714285712,497468.3,224211.0,218.59,241.14,246.22
2024-07-23,225.52,230.12,224.56,226.0,668823.0,238.68099999999998,233.28177782783058,-2.336484303754901,29.681686638785806,-16.169999999999987,258.984487799935,218.37751220006498,6.4469999999999965,496961.2,893034.0,225.15,239.15,242.17
2024-07-24,247.39,254.42,238.72,249.83,1455465.0,239.1835,234.8577989870848,-0.6735480550831596,52.51919049915885,3.6000000000000227,260.0900210426141,218.2769789573859,7.219857142857139,542467.9,2348499.0,226.0,223.88,246.23
2024-07-25,249.83,256.22,245.79,246.87,1080050.0,239.4375,236.00181813117197,0.4008726309274664,49.34246574396171,5.700000000000017,260.59923595008354,218.2757640499165,7.724642857142856,581872.8,1268449.0,249.83,219.05,241.17
2024-07-26,250.34,259.78,249.195,258.46,882921.0,239.8,238.14069259486988,2.1626452731006225,57.37527113999452,18.039999999999992,262.03215404957905,217.56784595042095,8.218571428571426,597244.25,2151370.0,246.87,218.59,240.42
2024-07-29,260.39,260.445,254.45,255.89,564788.0,240.2605,239.83110282392988,3.3132916994158848,58.41717790407557,14.75,263.453460343037,217.067539656963,8.243214285714284,568565.85,1586582.0,258.46,225.15,241.14
2024-07-30,257.37,259.22,252.745,255.0,403030.0,240.74650000000003,241.27575969784132,4.106039848915486,55.59811054795898,15.849999999999994,264.7746512747905,216.71834872520955,8.33607142857143,567950.5,1183552.0,255.89,226.0,239.15
2024-07-31,259.71,260.63,254.25,255.38,405790.0,241.2325,242.6190206789993,4.710659739765475,59.646978943176414,31.5,266.05903578225065,216.40596421774933,8.1,561491.1,1589342.0,255.0,249.83,223.88
2024-08-01,255.38,261.89,248.43,250.66,342992.0,241.4545,243.38482823338032,4.754157834440434,56.596238072760286,31.609999999999985,266.5468015872871,216.36219841271287,8.738214285714283,567052.35,1246350.0,255.38,246.87,219.05
2024-08-02,245.18,245.95,239.9,243.93,401419.0,241.25949999999997,243.43674935401077,4.197193005313494,51.66806169169733,25.340000000000003,266.20336411208393,216.31563588791605,8.814642857142855,578746.4,844931.0,250.66,258.46,218.59
2024-08-05,233.75,244.0,233.45,238.86,634023.0,240.8915,243.0008684631526,3.3085488462409955,49.83277591168656,13.710000000000008,265.7442251709155,216.0387748290845,9.133214285714285,601393.95,210908.0,243.93,255.89,225.15
2024-08-06,240.67,247.18,240.66,241.09,284591.0,240.8375,242.81888099047143,2.7525051447905184,61.68046693547542,15.090000000000003,265.68322090659524,215.99177909340474,8.616785714285713,601126.0,495499.0,238.86,255.0,226.0
2024-08-07,244.97,249.49,238.665,239.33,215168.0,240.4925,242.48660661042652,2.145091929921705,64.3626062195315,-10.5,265.2142559204333,215.77074407956673,8.679285714285715,594458.1,280331.0,241.09,255.38,249.83
2024-08-08,241.43,248.36,238.2285,248.09,373347.0,240.83849999999998,243.02026312371922,2.3435563114630895,68.69455005118223,1.2199999999999989,265.7927885461018,215.88421145389816,8.976535714285717,593852.0,653678.0,239.33,250.66,246.87
2024-08-09,248.09,249.35,244.51,247.8,243857.0,241.20749999999998,243.47547615955548,2.449207250733906,65.59273026410166,-10.659999999999968,266.3532543763932,216.06174562360675,8.821535714285718,587088.7,409821.0,248.09,243.93,258.46
2024-08-12,246.77,249.29,245.44,247.07,205166.0,241.50400000000005,243.81781176340735,2.4458373912297304,64.52903046609563,-8.819999999999993,266.7858790107815,216.22212098921855,8.69939285714286,577774.45,204655.0,247.8,238.86,255.89
2024-08-13,249.16,251.88,247.37,250.93,309625.0,242.093,244.4951630240352,2.7232446247772373,51.04682145575455,-4.069999999999993,267.6908758164773,216.49512418352268,7.900107142857146,565802.15,514280.0,247.07,241.09,255.0
2024-08-14,250.79,251.21,248.07,249.81,322773.0,243.3895,245.0013379741271,2.820207618366112,52.89940826941635,-5.569999999999993,267.6974536257927,219.0815463742073,7.379392857142859,528873.1,191507.0,250.93,239.33,255.38
2024-08-15,253.22,256.06,252.51,255.06,431355.0,245.18999999999997,245.95930578611498,3.2828400760618024,46.16771865089389,4.400000000000006,267.12587400631793,223.25412599368198,6.876892857142861,517534.15,622862.0,249.81,248.09,250.66
2024-08-16,254.76,257.6,253.36,255.96,287623.0,247.0585,246.91175285410404,3.6796849921354635,50.081986397255875,12.030000000000001,265.55017240735833,228.5668275926417,6.751535714285718,506467.1,910485.0,255.06,247.8,243.93
2024-08-19,256.75,260.24,255.405,259.74,337288.0,248.788,248.1334906775227,4.250208102907436,55.19964895189129,20.879999999999995,264.9792186726407,232.59678132735937,6.634392857142861,492504.7,1247773.0,255.96,247.07,238.86
2024-08-20,260.07,261.345,255.435,257.35,260820.0,250.35549999999998,249.0112534701396,4.458108453584856,52.06976253984082,16.26000000000002,262.92206126811413,237.7889387318858,6.600821428571434,472104.55,986953.0,259.74,250.93,241.09
2024-08-21,257.43,261.66,255.04,261.44,259958.0,250.936,250.19494361584057,4.896456495056583,61.47785347400576,22.109999999999985,264.43814860094903,237.433851399051,6.112250000000009,412329.2,1246911.0,257.35,249.81,239.33
2024-08-22,262.35,263.9,259.11,259.71,298310.0,251.57800000000003,251.101139461951,5.046085798324015,68.80362247466036,11.619999999999976,265.4812031144665,237.6747968855336,6.022250000000008,373242.2,948601.0,261.44,255.06,248.09
2024-08-23,262.61,263.67,260.2601,262.51,304606.0,251.7805,252.18769760843185,5.329173305920165,79.79339881287204,14.70999999999998,266.21362779319645,237.3473722068035,5.512242857142864,344326.45,1253207.0,259.71,255.96,247.8
2024-08-26,263.53,264.32,261.07,261.39,219053.0,252.0555,253.06410736000976,5.400889463689566,76.30896834970642,14.319999999999993,267.01818407528697,237.09281592471302,5.2786714285714345,327039.7,1034154.0,262.51,259.74,247.07
2024-08-27,259.85,262.4,257.66,261.69,177926.0,252.38999999999996,253.88562094477072,5.419460362626495,80.11853445254145,10.759999999999991,267.91827505925215,236.8617249407478,4.844028571428573,315784.5,1212080.0,261.39,257.35,250.93
2024-08-28,261.18,262.04,258.54,259.0,250997.0,252.571,254.37270466431636,5.1576630856582995,67.56843797275494,9.189999999999998,268.3287154368734,236.81328456312662,4.37035,308044.85,961083.0,261.69,261.44,249.81
2024-08-29,261.0,266.31,260.88,263.36,219503.0,253.206,255.22863755342908,5.24158073935547,72.15261956121475,8.300000000000011,269.6481645392827,236.76383546071727,4.412492857142857,301870.4,1180586.0,259.0,259.71,255.06
2024-08-30,264.62,266.75,262.13,264.43,491666.0,254.23100000000005,256.1049577864358,5.3329512003196555,74.47828536258612,8.469999999999999,270.7938574956454,237.66814250435468,4.467492857142858,306382.75,1672252.0,263.36,262.51,255.96
2024-09-03,263.56,267.0,254.44,256.39,350594.0,255.1075,256.13210466391814,4.702395849977847,56.88698282551919,-3.3500000000000227,270.01837752015473,240.19662247984527,5.042492857142859,292211.3,1321658.0,264.43,261.39,259.74
2024-09-04,253.9,257.97,252.44,256.78,342035.0,255.89199999999997,256.19380898164025,4.185893557250836,58.95656641415077,-0.57000000000005,269.2697971595516,242.51420284044832,5.213207142857145,295083.5,1663693.0,256.39,261.69,257.35
2024-09-05,251.51,255.53,251.49,252.82,302174.0,256.5665,255.87249384053166,3.4176265922915263,47.0228601632557,-8.620000000000005,267.57964291390556,245.55335708609448,5.248207142857145,299433.8,1361519.0,256.78,259.0,261.44
2024-09-06,254.56,256.04,249.59,250.66,255091.0,256.69500000000005,255.37606585571913,2.604453026141897,43.18415636305095,-9.049999999999983,267.3457197681167,246.04428023188345,5.4060642857142875,293521.0,1106428.0,252.82,263.36,259.71
2024-09-09,252.68,255.485,251.31,255.08,414978.0,257.059,255.3478691075554,2.2902634454506767,44.104250996521785,-7.429999999999978,266.8962758317268,247.22172416827323,5.35892142857143,302077.05,1521406.0,250.66,264.43,262.51
2024-09-10,257.8,259.675,255.26,259.49,200113.0,257.67999999999995,255.7423577639787,2.3697985209575165,52.57583050707602,-1.8999999999999773,266.36251479456826,248.99748520543167,5.252135714285716,301824.4,1721519.0,255.08,256.39,261.39
2024-09-11,259.0,268.895,256.12,268.12,415415.0,258.5395,256.921180834076,3.0935391239054297,57.24826387149575,6.430000000000007,267.793120571658,249.28587942834196,5.69177857142857,307113.9,2136934.0,259.49,256.78,261.69
2024-09-12,268.48,268.565,262.76,263.94,270233.0,259.246,257.5896398022592,3.291871059331754,54.35812897669455,4.939999999999998,267.82649783858113,250.6655021614188,5.764278571428572,304486.9,1866701.0,268.12,252.82,259.0
2024-09-13,265.19,265.32,261.07,263.74,197266.0,259.68,258.17538839252023,3.393790711768645,51.33899410584052,0.37999999999999545,268.2470703707185,251.1129296292815,5.824285714285716,292782.45,1669435.0,263.94,250.66,263.36
2024-09-16,263.89,270.58,263.89,270.4,407423.0,260.402,259.3396371170421,3.9662486648878144,58.75267144312148,5.96999999999997,270.0186425917179,250.78535740828212,6.070000000000001,298772.45,2076858.0,263.74,255.08,264.43
2024-09-17,271.33,273.91,265.83,272.54,567032.0,261.042,260.59681453446666,4.540268443917114,60.17632712732194,16.150000000000034,272.07286502310194,250.011134976898,6.308571428571436,310259.65,2643890.0,270.4,259.49,256.39
2024-09-18,274.36,276.995,268.39,269.2,290042.0,261.6345,261.4161655311841,4.671819342688423,59.45144549977166,12.420000000000016,273.095012480504,250.173987519496,6.673214285714295,311720.75,2353848.0,272.54,268.12,256.78
2024-09-19,275.61,278.075,273.8,275.17,317600.0,262.321,262.7260545282142,5.197885495882417,60.626237163059784,22.350000000000023,275.27945328652095,249.36254671347908,6.590714285714292,314602.85,2671448.0,269.2,263.94,252.82
2024-09-20,276.88,277.61,271.7616,275.94,1083212.0,263.1325,263.98452552552715,5.612234926486053,60.41252033932013,25.28,277.3719291355117,248.89307086448827,6.678457142857151,353847.95,3754660.0,275.17,263.74,250.66
2024-09-23,276.13,282.515,275.51,281.28,418451.0,264.071,265.631713570715,6.298893484019686,73.67319762162022,26.19999999999996,280.4509940877824,247.69100591221766,6.281671428571436,359540.2,4173111.0,275.94,270.4,255.08
2024-09-24,282.4,287.63,280.48,286.0,382788.0,265.3015,267.57155037350407,7.141615789924572,75.67662564043107,26.50999999999999,284.3186980613669,246.28430193863306,6.3973857142857184,367726.95,4555899.0,281.28,272.54,259.49
2024-09-25,286.46,286.48,281.1,284.13,466890.0,266.4235,269.1485455760275,7.571308584705264,78.56230612844601,16.00999999999999,287.117498392618,245.72950160738196,6.4931000000000045,382175.15,4089009.0,286.0,269.2,268.12
2024-09-26,287.63,287.63,281.335,283.81,367460.0,267.66400000000004,270.5448745687868,7.796152699309516,81.29129693905834,19.870000000000005,289.4309603805979,245.89703961940216,6.482028571428576,387998.3,3721549.0,284.13,275.17,263.94
2024-09-27,283.81,284.22,279.63,280.25,192297.0,268.5085,271.4691722289023,7.599478969183963,74.15083475267485,16.50999999999999,290.8746965568812,246.14230344311886,6.511671428571434,386638.0,3529252.0,283.81,275.94,263.74
2024-09-30,279.91,282.125,278.9401,281.38,392075.0,269.356,272.41306058805446,7.448928565583515,72.4144992624656,10.980000000000018,292.3472948285808,246.3647051714192,6.423807142857149,381658.45,3921327.0,280.25,281.28,270.4
2024-10-01,282.37,282.37,274.24,274.75,398119.0,270.274,272.635626246335,6.717199006492876,57.078795626754136,2.2099999999999795,292.54019755782736,248.00780244217262,6.092021428571436,384034.7,3523208.0,281.38,286.0,272.54
2024-10-02,273.82,279.89,273.82,277.36,514601.0,271.303,273.0855666038269,6.2755624686570854,64.82545291852504,8.160000000000025,292.8334847282072,249.77251527179277,6.110950000000007,392663.0,4037809.0,274.75,284.13,269.2
2024-10-03,277.36,280.3378,276.71,277.28,239968.0,272.52599999999995,273.4850364510815,5.851652788373713,64.99778464975692,2.109999999999957,292.3468135156213,252.70518648437863,6.066507142857152,389552.7,3797841.0,277.36,283.81,275.17
2024-10-04,280.28,282.63,277.06,282.41,284020.0,274.1135,274.3350329795499,5.862075086838502,63.76977755347909,6.470000000000027,291.49634365931513,256.73065634068485,5.9865071428571515,390999.15,4081861.0,277.28,280.25,275.94
2024-10-07,282.0,284.91,279.36,280.67,522838.0,275.393,274.9383631719737,5.664633012002582,59.407544530624676,-0.6099999999999568,290.49438801567527,260.2916119843247,5.805792857142864,396392.15,3559023.0,282.41,281.38,281.28
2024-10-08,280.96,286.54,280.45,286.28,264215.0,276.7325,276.01851906035716,5.892909072871873,68.7774845874475,0.2799999999999727,290.5963703109911,262.8686296890089,5.626150000000008,399597.25,3823238.0,280.67,274.75,286.0
2024-10-09,286.89,292.41,286.89,292.26,240198.0,277.9395,277.5653267688946,6.481639216577264,68.78434818722833,8.129999999999995,292.81281694149243,263.0661830585076,5.715078571428584,390836.4,4063436.0,286.28,277.36,284.13
2024-10-10,290.48,294.275,289.45,294.0,498117.0,279.4425,279.1305337432856,7.007833611593298,69.43607402126331,10.189999999999998,294.43405815082116,264.45094184917883,5.641978571428581,402230.6,4561553.0,292.26,277.28,283.81
2024-10-11,294.94,299.67,294.94,299.5,365216.0,281.2305,281.0704829105917,7.778979264520615,69.54096952008635,19.25,296.8533125710948,265.6076874289052,5.479478571428582,410628.1,4926769.0,294.0,282.41,280.25
2024-10-14,300.74,305.61,298.3401,304.64,528131.0,282.9425,283.3151988238687,8.704532362788598,69.81292514929032,23.25999999999999,300.8981727585046,264.9868272414954,5.4880428571428705,416663.5,5454900.0,299.5,280.67,281.38
2024-10-15,304.83,307.5,301.27,301.4,472247.0,284.3855,285.0375608406431,9.0720223131446,67.83722369449032,26.649999999999977,303.42701528136615,265.3439847186338,5.548757142857157,411924.25,4982653.0,304.64,286.28,274.75
2024-10-16,302.35,303.89,300.76,303.36,600364.0,286.0935,286.7825550462961,9.412910196602184,69.53046951102041,26.0,305.52401671983984,266.6629832801602,5.322685714285727,427440.35,5583017.0,301.4,292.26,277.36
2024-10-17,304.7,305.43,302.27,304.54,343693.0,287.562,288.4737402799822,9.666849020429538,75.47723933172469,27.260000000000048,307.93308022353403,267.190919776466,5.22054285714287,428745.0,5926710.0,303.36,294.0,277.28
2024-10-18,304.68,306.3967,297.8,298.28,333790.0,288.679,289.4076697771268,9.25626719842029,66.00378786128681,15.869999999999948,308.81543035317816,268.5425696468218,5.607100000000011,391273.9,5592920.0,304.54,299.5,282.41
2024-10-21,297.73,299.32,292.323,295.54,535001.0,289.392,289.99170122692425,8.610526258692005,71.25332240855555,14.870000000000005,309.4349587058444,269.3490412941556,5.52617142857144,397101.4,5057919.0,298.28,304.64,280.67
2024-10-22,295.02,296.52,292.2,292.32,759787.0,289.70799999999997,290.2134439672172,7.749612117785205,65.10500805913826,6.0400000000000205,309.7250523094153,269.69094769058466,5.40117142857144,415951.35,4298132.0,295.54,301.4,286.28
2024-10-23,280.0,280.0,264.08,271.36,1446745.0,289.0695,288.4178778751013,5.31476927673225,45.79545453634753,-20.899999999999977,310.5936489592742,267.5453510407258,6.279185714285725,464944.1,2851387.0,292.32,303.36,292.26
2024-10-24,270.53,275.7,269.85,273.49,685612.0,288.5535,286.99617522032975,3.5164762328649317,43.38278930849615,-20.50999999999999,311.0800039453523,266.02699605464767,6.299185714285723,480851.7,3536999.0,271.36,304.54,294.0
2024-10-25,273.65,278.52,273.65,275.7,375277.0,288.32599999999996,285.9203490088698,2.243779674472023,46.338588468414,-23.80000000000001,311.2931861118141,265.3588138881858,6.250614285714294,490000.7,3912276.0,273.49,298.28,299.5
2024-10-28,278.65,278.65,274.0,275.39,418056.0,288.0265,284.9174586270727,1.196353257788985,41.29774651465291,-29.25,311.52514253638077,264.5278574636192,6.147757142857147,491299.75,3494220.0,275.7,295.54,304.64
2024-10-29,275.36,279.24,274.17,277.26,407088.0,288.152,284.1881768530657,0.511260159157473,37.170715009914645,-24.139999999999986,311.3773106941991,264.9266893058009,6.115614285714287,491748.2,3901308.0,275.39,292.32,301.4
2024-10-30,276.72,276.72,265.27,265.79,468386.0,287.5735,282.4359695337261,-0.9463057746208392,29.315148842786172,-37.56999999999999,312.44842948416294,262.6985705158371,6.588828571428577,489437.45,3432922.0,277.26,271.36,303.36
2024-10-31,263.72,265.77,261.67,263.36,399379.0,286.8775,280.6192105305141,-2.2713354290073653,22.251228496444767,-41.18000000000001,313.67015089731206,260.08484910268794,6.543828571428572,497408.0,3033543.0,265.79,273.49,304.54
2024-11-01,264.54,266.45,263.44,264.35,329374.0,285.97450000000003,279.0697619085604,-3.204605552199723,16.9591602388482,-33.92999999999995,314.5585982476543,257.3904017523458,6.23955,499675.7,3362917.0,263.36,275.7,298.28
2024-11-04,263.36,269.19,263.18,266.64,317323.0,285.273,277.88597506012604,-3.716602309093389,21.042985666534463,-28.900000000000034,315.06820915216116,255.47779084783892,6.223835714285713,489399.95,3680240.0,264.35,275.39,295.54
2024-11-05,265.73,266.43,262.92,266.43,399200.0,284.28049999999996,276.7949298163045,-4.092137063820758,18.311309417258258,-25.889999999999986,315.2343784067687,253.3266215932312,6.250978571428569,496149.2,3281040.0,266.64,277.26,292.32
2024-11-06,283.95,285.0,278.46,281.03,609018.0,283.719,277.1982698337993,-3.175053044727406,33.60301296595834,9.669999999999959,314.4701744919044,252.96782550809561,6.49240714285714,514590.2,3890058.0,266.43,265.79,271.36
2024-11-07,282.11,287.0,282.11,283.67,430437.0,283.2025,277.8146250877232,-2.2097586930779016,39.26840016821277,10.180000000000007,313.57122690259143,252.8337730974085,6.227642857142854,511206.2,4320495.0,281.03,263.36,273.49
2024-11-08,282.89,285.44,281.23,283.48,284005.0,282.40150000000006,278.3541846031781,-1.443448204542392,40.79670328798604,7.78000000000003,311.78953714725424,253.01346285274585,6.028571428571423,507145.65,4036490.0,283.67,264.35,275.7
2024-11-11,284.68,286.4,282.54,283.08,293352.0,281.3235,278.8042622600183,-0.8585217738715301,42.63157893784939,7.689999999999998,308.79611700790684,253.85088299209323,5.995714285714278,495406.7,3743138.0,283.48,266.64,275.39
2024-11-12,282.95,286.47,281.0,284.34,237018.0,280.4705,279.33147537811175,-0.28994953589506167,65.09302323462084,7.079999999999984,306.3305219603435,254.61047803965656,5.249285714285707,483645.25,3980156.0,283.08,266.43,277.26
2024-11-13,284.65,292.55,284.65,287.39,360972.0,279.67199999999997,280.09895391352967,0.40212215523490613,65.82422584422724,21.599999999999966,303.4592886001608,255.88471139983915,5.395714285714283,471675.65,4341128.0,284.34,281.03,265.79
2024-11-14,285.8,287.135,277.4,279.75,348662.0,278.4325,280.0657202074792,0.33030228754523705,54.10334344969714,16.389999999999986,299.1490236618394,257.7159763381606,5.743214285714283,471924.1,3992466.0,287.39,283.67,263.36
2024-11-15,277.51,280.85,272.01,272.62,302735.0,277.1495,279.3566039972431,-0.2985058969671286,47.5342709513,8.269999999999982,295.7619932292936,258.5370067707064,6.042500000000002,470371.35,3689731.0,279.75,283.48,264.35
2024-11-18,273.5,277.088,270.76,271.64,354445.0,275.9545,278.621689330839,-0.8659367435565173,44.91678725345811,5.0,292.55571679116747,259.3532832088325,6.132357142857147,461343.55,3335286.0,272.62,283.08,266.64
2024-11-19,268.77,271.83,266.455,270.74,299679.0,274.8755,277.8710522517115,-1.372431717453253,55.535674328394094,4.310000000000002,289.7091636706752,260.0418363293248,5.698428571428573,438338.15,3035607.0,271.64,284.34,266.43
2024-11-20,271.93,274.2008,268.22,271.56,230150.0,274.8855,277.2699996563104,-1.6882049110482171,59.51276100155037,-9.46999999999997,289.7094514229319,260.06154857706804,5.832771428571432,377508.4,3265757.0,270.74,287.39,281.03
2024-11-21,274.44,275.5,271.37,271.89,394743.0,274.8055,276.7576187366618,-1.8900419725709412,58.88312910404418,-11.78000000000003,289.6783498313281,259.9326501686719,5.912771428571432,362964.95,3660500.0,271.56,279.75,283.67
2024-11-22,271.67,281.31,271.67,280.4,444976.0,275.0405,277.1045121903131,-1.3477770837653793,64.13892312170273,-3.080000000000041,290.11995060425903,259.961049395741,6.172057142857146,366449.9,4105476.0,271.89,272.62,283.48
2024-11-25,286.94,293.345,285.35,290.74,1168520.0,275.808,278.40313007694994,-0.0827230873105691,70.67528489556975,7.660000000000025,292.44450216272935,259.17149783727064,6.49241428571429,403973.1,5273996.0,280.4,271.64,283.08
2024-11-26,290.13,294.905,286.405,288.95,413539.0,276.3925,279.40759387914517,0.7665667741550806,58.61244017354123,4.610000000000014,294.03481620430273,258.75018379569724,6.6324142857142885,404295.65,4860457.0,290.74,270.74,284.34
2024-11-27,288.45,288.95,283.765,287.68,274824.0,277.48699999999997,280.1954420811313,1.3219184687605434,54.49450794075491,0.29000000000002046,295.07575130961686,259.89824869038307,6.653485714285718,394617.55,4585633.0,288.95,271.56,287.39
2024-11-29,287.82,291.78,285.43,285.44,171170.0,278.591,280.69492378769024,1.563269016172569,52.10030002723092,5.689999999999998,295.1901856490159,261.9918143509841,6.80634285714286,383207.1,4414463.0,287.68,271.89,279.75
2024-12-02,284.05,286.54,282.4401,286.37,323828.0,279.69199999999995,281.23540723648165,1.8087343280629966,53.48590801549477,13.75,295.1991753849958,264.1848246150041,6.823478571428581,382929.8,4738291.0,285.44,280.4,272.62
2024-12-03,285.05,299.76,284.81,297.09,549303.0,281.2145,282.74536845205483,2.835594793752364,61.2533097818615,25.44999999999999,297.29469307948915,265.1343069205108,7.500621428571435,394528.8,5287594.0,286.37,290.74,271.64
2024-12-04,300.0,306.63,298.01,303.33,401330.0,283.05949999999996,284.70580955185915,4.105578408821316,63.31885025256578,32.589999999999975,300.41433123998576,265.70466876001416,7.552050000000004,394635.3,5688924.0,297.09,288.95,270.74
2024-12-05,301.08,304.14,299.555,302.6,511715.0,284.13800000000003,286.4100181659678,4.995558980071166,71.5851123936862,31.04000000000002,303.52384573179125,264.7521542682088,7.184192857142859,389770.15,5177209.0,303.33,287.68,271.56
2024-12-06,304.42,306.21,299.955,302.59,341830.0,285.084,287.95096881682804,5.635110037545246,82.71119840301336,30.69999999999999,306.1476193221235,264.0203806778765,6.999549999999999,385339.8,4835379.0,302.6,285.44,271.89
2024-12-09,301.33,302.735,297.51,299.7,323923.0,285.895,289.0699241676063,5.841423714625989,79.40067055507946,19.30000000000001,307.9254167722233,263.8645832277767,6.920764285714284,387335.7,4511456.0,302.59,286.37,280.4
2024-12-10,299.76,302.79,295.03,297.67,376988.0,286.6245,289.88897900878663,5.774559231260696,77.56397131861014,6.930000000000007,309.22140009014896,264.02759990985106,7.091121428571431,391517.5,4134468.0,299.7,297.09,290.74
2024-12-11,299.58,302.96,298.575,300.67,242007.0,287.441,290.9157429127117,5.8956818242788245,78.52243776015456,11.720000000000027,310.8556520928999,264.02634790710005,6.977135714285716,391766.95,4376475.0,297.67,303.33,288.95
2024-12-12,300.48,312.5999,298.95,309.78,416675.0,288.5605,292.7123388257868,6.650114832206327,81.67530511380282,22.099999999999966,314.0168853844584,263.10411461554156,7.657128571428574,394552.1,4793150.0,300.67,302.6,287.68
2024-12-13,309.11,309.515,294.6795,298.17,305803.0,289.4815,293.23211608047376,6.239256193606877,64.12335080435982,12.730000000000018,314.92859126175665,264.0344087382433,8.028235714285715,392409.15,4487347.0,309.78,302.59,285.44
2024-12-16,298.65,301.075,296.9948,300.88,245757.0,290.8945,293.9604859775715,6.062438101329576,59.17149057835744,14.509999999999991,315.524682147754,266.264317852246,7.748607142857144,389560.25,4733104.0,298.17,299.7,286.37
2024-12-17,299.18,299.94,293.26,295.06,355027.0,292.0655,294.0652015987552,5.390544289986451,55.150902027109915,-2.0299999999999727,315.01055425438784,269.12044574561213,7.618607142857144,389589.35,4378077.0,300.88,297.67,297.09
2024-12-18,295.7,295.7,280.73,281.63,368392.0,292.61,292.88089668458804,3.7313620242344427,45.76745486720658,-21.69999999999999,313.8799531090955,271.34004689090455,8.317535714285713,393025.0,4009685.0,295.06,300.67,303.33
2024-12-19,285.29,287.48,282.05,282.54,342227.0,293.159,291.89604938129395,2.46150284708699,47.93270600697095,-20.060000000000002,312.6321998289677,273.68580017103227,8.25182142857143,398628.85,4351912.0,281.63,309.78,302.6
2024-12-20,279.0,282.735,275.51,280.26,976393.0,293.5775,290.78785420212307,1.2566672769905836,45.72667505049413,-22.329999999999984,311.4173558821168,275.7376441178832,8.475042857142856,427711.35,3375519.0,282.54,298.17,302.59
2024-12-23,277.82,279.36,275.3,278.82,306304.0,293.4985,289.64805856382566,0.18351499526852422,35.31586560851274,-20.879999999999995,311.5961861271781,275.40081387282186,7.697185714285715,420777.75,3069215.0,280.26,300.88,299.7
2024-12-24,279.02,282.3,277.78,282.27,130269.0,293.075,288.9453863196518,-0.3841514932064456,32.278694034804715,-15.400000000000034,311.82898904934945,274.32101095065053,7.404328571428574,368865.2,3199484.0,278.82,295.06,297.67
2024-12-26,281.66,282.0,277.31,279.3,276207.0,292.59250000000003,288.02677809873256,-1.0614497221458805,31.106065513534105,-21.370000000000005,312.26728415584046,272.9177158441596,7.411828571428576,361998.6,2923277.0,282.27,281.63,300.67
2024-12-27,279.08,279.08,269.83,275.19,482794.0,291.96799999999996,286.80422780361516,-1.9078634374441208,29.166666660457196,-34.589999999999975,313.04243310094665,270.89356689905327,7.625757142857148,372397.1,2440483.0,279.3,282.54,309.78
2024-12-30,272.09,272.82,267.69,271.14,199866.0,291.25300000000004,285.3123965842232,-2.8723429757836243,28.6610878601127,-27.03000000000003,314.1513659265291,268.354634073471,7.618971428571432,373831.9,2240617.0,275.19,280.26,298.17
2024-12-31,272.04,275.19,268.99,270.24,330871.0,290.4465,283.87693024286864,-3.6670509562400753,29.153366766861993,-30.639999999999986,315.1352387710516,265.7577612289484,7.507542857142856,374184.05,1909746.0,271.14,278.82,300.88
2025-01-02,271.88,273.09,267.14,268.84,293466.0,289.034,282.4448416483097,-4.3595765710564365,25.206418439743047,-26.220000000000027,315.3042043748179,262.76379562518207,7.61932857142857,361392.2,1616280.0,270.24,282.27,295.06
2025-01-03,268.84,273.99,267.08,272.84,280448.0,287.5095,281.53009482466115,-4.533383516328001,18.73730534423963,-8.79000000000002,313.82529591684073,261.1937040831593,7.137907142857143,355348.1,1896728.0,268.84,279.3,281.63
2025-01-06,273.99,281.0,263.8579,271.36,374513.0,285.9475,280.5615143651696,-4.735957236796253,22.61491317024293,-11.180000000000007,312.2003658084763,259.6946341915237,7.3026642857142905,348488.0,1522215.0,272.84,275.19,282.54
2025-01-07,273.3,274.177,265.89,268.2,293341.0,284.22799999999995,279.3842272827725,-5.092777590589833,16.923076918280927,-12.060000000000002,310.3959953981551,258.0600046018448,7.603150000000007,346063.55,1228874.0,271.36,271.14,280.26
2025-01-08,267.62,273.03,266.66,272.49,249103.0,282.86749999999995,278.72763420822275,-4.972078123156507,26.425736361605203,-6.329999999999984,308.4718071006664,257.2631928993335,7.581007142857146,342322.55,1477977.0,268.2,270.24,278.82
2025-01-10,267.09,268.95,263.91,265.38,327542.0,281.253,277.4564309502968,-5.388030641570083,30.445246680475762,-16.889999999999986,306.99902276898376,255.50697723101624,6.871721428571432,339850.25,1150435.0,272.49,268.84,282.27
2025-01-13,262.26,266.24,262.07,265.33,277232.0,279.486,276.3015327645542,-5.656505912218108,28.85229785195544,-13.970000000000027,304.4603037624882,254.51169623751179,6.781721428571432,341611.5,873203.0,265.38,272.84,279.3
2025-01-14,265.92,271.7,265.92,271.0,426340.0,277.54699999999997,275.7966248822157,-5.350080487088121,39.496370223390464,-4.189999999999998,298.27959127684267,256.81440872315727,6.678507142857143,342094.75,1299543.0,265.33,271.36,275.19
2025-01-15,273.71,278.31,273.241,274.46,415366.0,276.3615,275.66932727438564,-4.773022612845693,45.27114966087209,3.319999999999993,294.7024513327269,258.02054866727303,6.750578571428572,347572.9,1714909.0,271.0,268.2,271.14
2025-01-16,275.21,277.33,273.115,275.43,336506.0,275.089,275.6465342006346,-4.189139405244475,42.15955982140687,5.189999999999998,289.34368033941604,260.83431966058396,6.728792857142854,352110.35,2051415.0,274.46,272.49,270.24
2025-01-17,278.92,278.92,272.9,273.43,241491.0,274.00750000000005,275.4354357053361,-3.8434857308532173,43.11840561304438,4.590000000000032,284.7258971209363,263.2891028790638,6.823792857142856,346433.55,1809924.0,275.43,265.38,268.84
2025-01-21,274.27,282.525,274.27,282.08,334503.0,274.03000000000003,276.06825135244696,-2.8388455502806664,57.30027546509419,9.240000000000009,284.81743713770743,263.24256286229263,6.752721428571427,344739.1,2144427.0,273.43,265.33,272.84
2025-01-22,284.78,285.45,280.27,281.95,274221.0,274.0005,276.62841789030915,-2.029753151823172,62.4913334671856,10.589999999999975,284.6927568638288,263.3082431361712,6.756292857142857,341338.8,1870206.0,282.08,271.0,271.36
2025-01-23,280.85,285.045,279.37,284.96,275684.0,274.2355,277.42190190075587,-1.1326038008741648,66.21859848111364,16.75999999999999,285.68668237976874,262.78431762023126,6.718792857142859,306303.35,2145890.0,281.95,274.46,268.2
2025-01-24,285.95,289.67,282.925,289.38,557228.0,274.7635,278.5607683863982,-0.0642092518301638,71.21900824386228,16.889999999999986,287.94744601898714,261.5795539810129,6.775578571428574,318849.55,2703118.0,284.96,275.43,272.49
2025-01-27,283.26,294.25,282.16,288.23,482858.0,275.06149999999997,279.4816475876936,0.6818458421710716,66.89352357987909,22.850000000000023,289.19508117541665,260.9279188245833,7.145578571428571,336479.0,2220260.0,289.38,273.43,265.38
2025-01-28,288.01,299.27,285.59,295.1,703701.0,275.8515,280.969109722199,1.8066258065061334,73.30192381181335,29.77000000000004,292.52133190645486,259.1816680935451,6.898285714285712,357853.7,2923961.0,288.23,282.08,265.33
2025-01-29,222.8,238.0,218.3,222.84,3271285.0,273.23400000000004,275.4330040343705,-3.0970551423076245,31.10629789707191,-48.16,302.2265619499389,244.2414380500612,7.7134999999999945,497278.25,-347324.0,295.1,281.95,271.0
2025-01-30,224.51,224.85,213.99,214.14,1473308.0,270.38399999999996,269.5955750787162,-7.597693433915936,26.5568501376312,-60.31999999999999,309.63479169164674,231.13320830835318,8.034214285714283,560950.35,-1820632.0,222.84,284.96,274.46
2025-01-31,215.13,218.25,206.71,208.59,1300111.0,267.3015,263.7855203093147,-11.479986187353575,26.893970214203648,-66.84,315.3067818475546,219.29621815244536,8.498499999999998,609412.35,-3120743.0,214.14,289.38,275.43
2025-02-03,204.76,205.42,199.35,200.28,1037189.0,263.8735,257.73737551795136,-15.053748473524223,25.20015249445062,-73.15,320.44371618261124,207.30328381738872,8.634214285714283,646598.5,-4157932.0,208.59,288.23,273.43
2025-02-04,200.4,201.8,196.04,196.51,799672.0,260.05699999999996,251.9061968971941,-17.98289273222173,21.183752415500408,-85.57,323.91049847399455,196.20350152600537,8.632785714285715,672559.7,-4957604.0,200.28,295.1,282.08
2025-02-05,199.71,201.16,196.09,200.72,716409.0,256.525,247.03132100222322,-19.737032618868284,21.63846153613126,-81.22999999999999,325.36600720997785,187.6839927900221,8.632857142857143,689654.5,-4241195.0,196.51,222.84,281.95
2025-02-06,201.72,204.0,197.6,198.07,619243.0,253.0185,242.36833804963052,-21.097831303632745,20.625759414575015,-86.88999999999999,326.35323486619257,179.68376513380744,8.788928571428572,705949.6,-4860438.0,200.72,214.14,284.96
2025-02-07,199.57,203.6619,199.0,200.9,701435.0,249.43900000000002,238.41897252109428,-21.697798007609094,22.632254167105486,-88.47999999999999,325.70220514473147,173.17579485526858,8.691921428571428,728566.2,-4159003.0,198.07,208.59,289.38
2025-02-10,198.14,198.65,177.12,177.7,2844262.0,245.055,232.636213233371,-23.7713012884154,14.511083909947274,-110.53000000000003,327.30537859455364,162.8046214054464,9.640135714285714,854402.2,-7003265.0,200.9,200.28,288.23
2025-02-11,177.185,179.05,169.9401,178.33,4000567.0,240.705,227.4641929254309,-25.07468646524751,14.888858767901596,-116.77000000000001,327.5164019918439,153.89359800815612,9.920842857142857,1040568.95,-3002698.0,177.7,196.51,295.1
2025-02-12,176.12,182.81,175.615,181.95,1614429.0,236.2525,223.12950788491366,-25.521330846352498,15.239252208859114,-40.890000000000015,325.6185839645441,146.8864160354559,10.029414285714283,1099973.4,-1388269.0,178.33,200.72,222.84
2025-02-13,184.09,188.94,182.0167,187.58,1617449.0,231.9085,219.74384046730285,-25.131307716490596,15.92582674907645,-26.559999999999974,321.89879544754757,141.91820455245244,10.042149999999998,1160077.55,229180.0,181.95,198.07,214.14
2025-02-14,187.59,192.29,186.711,190.41,857848.0,227.65749999999997,216.95014137517876,-24.313582384359563,17.62213689761215,-18.180000000000007,317.0216722333253,138.29332776667462,9.57707857142857,1186144.65,1087028.0,187.58,200.9,208.59
2025-02-18,190.18,191.99,185.61,187.52,759774.0,223.362,214.14727076801887,-23.62637783771146,13.42806635716623,-12.759999999999991,311.7155461653921,135.0084538346079,9.055649999999998,1212058.8,327254.0,190.41,177.7,200.28
2025-02-19,186.29,187.49,182.4,183.21,622996.0,218.4185,211.20086402820755,-23.16254090985089,24.958928341344333,-13.299999999999983,303.9579941778978,132.87900582210222,8.012078571428571,1226483.45,-295742.0,187.52,178.33,196.51
2025-02-20,182.08,186.15,181.8,185.98,560106.0,213.61999999999998,208.79887697790207,-22.31420666825241,30.76502731652036,-14.740000000000009,294.8101819317173,132.42981806828266,7.547078571428571,1240777.7,264364.0,183.21,181.95,200.72
2025-02-21,185.84,186.755,180.81,182.51,735607.0,208.4975,206.29517440857805,-21.67207349699146,31.664791894779157,-15.560000000000002,283.42188739366435,133.57311260633566,7.147435714285714,1263773.85,-471243.0,185.98,187.58,198.07
2025-02-24,181.96,181.96,174.785,176.95,2041285.0,202.876,203.50039589347537,-21.365535274527844,32.93842327832181,-23.950000000000017,268.548462994695,137.203537005305,7.226364285714287,1337976.7,-2512528.0,182.51,190.41,200.9
2025-02-25,177.54,180.825,175.49,178.08,1443252.0,197.36849999999998,201.0794058083825,-20.791745666904973,35.9805263881983,0.3800000000000239,250.1022484169804,144.63475158301958,7.196007142857141,1385996.4,-1069276.0,176.95,187.52,177.7
2025-02-26,178.12,181.23,176.59,177.61,478212.0,191.494,198.84422430282225,-20.142745311452273,31.359896750459143,-0.7199999999999989,218.08163574929088,164.90636425070912,7.1652928571428545,1374721.95,-1547488.0,178.08,183.21,178.33
2025-02-27,179.61,180.69,174.91,175.2,464873.0,189.11200000000002,196.59239341683917,-19.596973006622363,31.481781369380656,-6.75,212.1781771979331,166.04582280206694,7.12100714285714,1234401.35,-2012361.0,177.61,185.98,181.95
2025-02-28,174.61,177.73,173.02,176.88,837225.0,187.249,194.71502261523543,-18.812029200768478,30.181518144842556,-10.700000000000017,207.6710529923215,166.82694700767848,7.124442857142853,1202597.2,-1175136.0,175.2,182.51,187.58
2025-03-03,178.35,178.35,172.92,173.09,663840.0,185.474,192.65549665187967,-18.28499882067476,44.40398153382726,-17.319999999999993,204.18545261457555,166.76254738542443,5.974442857142853,1170783.65,-1838976.0,176.88,176.95,190.41
2025-03-04,171.22,173.86,169.2,171.41,715933.0,184.03050000000002,190.63211601836733,-17.79772431979592,41.80871210735505,-16.110000000000014,202.38357113265081,165.67742886734922,5.656592857142854,1154720.85,-2554909.0,173.09,178.08,187.52
2025-03-05,169.87,173.35,168.0435,172.93,568135.0,182.85150000000002,188.94620020709425,-17.091879918027075,38.76432484945941,-10.280000000000001,200.85529875120324,164.8477012487968,5.521699999999997,1143144.0,-1986774.0,171.41,177.61,183.21
2025-03-06,170.09,173.55,167.79,169.06,996289.0,181.2685,187.0522763778472,-16.652806612732036,25.872850433501313,-16.919999999999987,198.19219285942475,164.34480714057523,5.438607142857141,1157138.0,-2983063.0,172.93,175.2,185.98
2025-03-07,169.08,171.92,166.31,170.73,845786.0,179.9015,185.49777386567126,-15.985808363709111,23.562600743420845,-11.780000000000001,195.47374153151807,164.32925846848192,5.440821428571427,1168465.15,-2137277.0,169.06,176.88,182.51
2025-03-10,168.71,168.71,164.48,165.64,887007.0,178.1385,183.6065573070359,-15.687096819731494,22.247590047908005,-11.310000000000002,191.53244879080387,164.74455120919612,5.28725,1177743.75,-3024284.0,170.73,173.09,176.95
2025-03-11,165.44,169.45,164.845,167.52,723819.0,177.62949999999998,182.07450423017534,-15.124321714680832,28.79156527701865,-10.560000000000002,191.84230738222962,163.41669261777034,5.252607142857142,1071721.6,-2300465.0,165.64,171.41,178.08
2025-03-12,168.48,168.77,166.17,166.66,655030.0,177.046,180.6064562082539,-14.57964809431715,22.462941838241775,-10.950000000000017,192.07263095623526,162.01936904376473,5.127607142857144,904444.75,-2955495.0,167.52,172.93,177.61
2025-03-13,166.85,166.85,163.1,163.5,584084.0,176.1235,178.9772699027059,-14.238839439111246,22.663215406462996,-11.699999999999989,192.1167423558447,160.1302576441553,4.970821428571431,852927.5,-3539579.0,166.66,169.06,175.2
2025-03-14,164.62,174.14,164.065,172.5,1102601.0,175.36950000000002,178.36038705482915,-13.091609416495658,44.17691702123853,-4.3799999999999955,190.48645524203297,160.25254475796706,5.177964285714286,827185.1,-2436978.0,163.5,170.73,176.88
2025-03-17,171.62,177.685,171.62,175.65,874449.0,174.63150000000002,178.10225495436922,-11.792308294315433,46.97986575546313,2.5600000000000023,187.99642073736112,161.2665792626389,5.230107142857144,828015.15,-1562529.0,172.5,165.64,173.09
2025-03-18,175.56,175.95,171.21,172.78,628546.0,173.8945,177.59537353014358,-10.868897918882851,44.3349753548982,1.3700000000000045,185.8144213614568,161.9745786385432,5.237250000000001,821453.75,-2191075.0,175.65,167.52,171.41
2025-03-19,173.71,176.55,173.075,174.49,659907.0,173.45850000000002,177.2996236701299,-9.885155910565231,49.15335080638812,1.5600000000000023,184.5530757728317,162.36392422716833,5.072607142857145,823299.3,-1531168.0,172.78,166.66,172.93
2025-03-20,173.36,175.66,172.19,172.44,861252.0,172.7815,176.83680236821277,-9.16529928398512,44.75177303483394,3.3799999999999955,182.18204259353092,163.38095740646907,4.984035714285718,838356.6,-2392420.0,174.49,163.5,169.06
2025-03-21,169.86,174.13,168.3,171.08,2852808.0,172.21,176.28853547600204,-8.605351222886952,47.47930773351619,0.35000000000002274,180.4367548120143,163.98324518798572,5.012607142857145,944216.65,-5245228.0,172.44,172.5,170.73
2025-03-24,174.22,178.21,173.085,177.97,745410.0,172.261,176.44867495447804,-7.518949166779947,57.27595384201722,12.330000000000013,180.62301411145413,163.89898588854587,5.045821428571429,879422.9,-4499818.0,171.08,175.65,165.64
2025-03-25,177.96,179.96,176.94,179.55,671583.0,172.3345,176.74403924452776,-6.456053548271285,57.33274256086268,12.030000000000001,180.93433225051513,163.73466774948486,4.882500000000001,840839.45,-3828235.0,177.97,172.78,167.52
2025-03-26,178.69,179.115,175.415,175.62,491627.0,172.23499999999999,176.63698788790606,-5.863231584502159,57.25663715040724,8.960000000000008,180.62122805871564,163.84877194128433,4.735357142857144,841510.2,-4319862.0,179.55,174.49,166.66
2025-03-27,175.55,176.55,172.9,174.82,358309.0,172.216,176.4639414223912,-5.395770141839705,54.613128789429645,11.319999999999993,180.57562326021872,163.8563767397813,4.595357142857146,836182.0,-4678171.0,175.62,172.44,163.5
2025-03-28,174.84,176.2,171.33,173.48,691735.0,172.046,176.17975652502062,-5.074929750672965,59.659930979910314,0.9799999999999898,180.14034474446595,163.95165525553404,4.641071428571428,828907.5,-5369906.0,174.82,171.08,172.5
2025-03-31,171.36,174.12,169.1629,173.04,792629.0,172.04350000000002,175.88073209406627,-4.800824831660037,57.051609586133786,-2.6100000000000136,180.13651784842315,163.9504821515769,4.666221428571428,835346.95,-6162535.0,173.48,177.97,175.65
2025-04-01,173.57,175.23,170.59,174.76,646877.0,172.21099999999998,175.7739957041552,-4.394152033781978,60.12499997895623,1.9799999999999898,180.3870546398518,164.03494536014816,4.8119357142857115,831894.15,-5515658.0,173.04,179.55,172.78
2025-04-02,172.64,179.13,172.06,178.89,608558.0,172.509,176.07075801804518,-3.6959992487346938,68.78203561232732,4.399999999999977,181.21282106047622,163.80517893952376,5.049078571428568,833915.3,-4907100.0,174.76,175.62,174.49
2025-04-03,170.53,170.62,160.93,161.76,887255.0,172.144,174.70782868299327,-4.4733895254214815,39.06313644507364,-10.680000000000007,181.99365166363233,162.29434833636768,5.021578571428569,828463.6,-5794355.0,178.89,174.82,172.44
2025-04-04,154.43,156.125,150.195,152.05,1148717.0,171.20999999999998,172.5499402369939,-5.806064078091481,28.799856262968063,-19.03,184.54887551483102,157.87112448516893,5.011935714285713,843610.15,-6943072.0,161.76,173.48,171.08
2025-04-07,146.88,155.195,140.81,146.4,1659935.0,170.248,170.0594697382326,-7.234728595675193,27.429842567008592,-31.569999999999993,187.48412436593722,153.01187563406276,5.700864285714284,882256.55,-8603007.0,152.05,173.04,177.97
2025-04-08,151.05,152.4,141.88,143.9,1007600.0,169.067,167.56809166792473,-8.47103579781998,24.176937357108258,-35.650000000000006,189.942716539865,148.19128346013503,6.204078571428569,896445.6,-9610607.0,146.4,174.76,179.55
2025-04-09,142.68,167.99,142.68,166.26,1343576.0,169.047,167.44351150907477,-7.55941282744547,46.115162174432825,-9.360000000000014,189.93318994758204,148.16081005241796,7.76407857142857,930872.9,-8267031.0,143.9,178.89,175.62
2025-04-10,157.83,160.57,153.34,157.64,1045334.0,168.754,166.50984374630573,-7.446666479403376,42.25806450931319,-17.180000000000007,190.1265839139318,147.38141608606819,7.86407857142857,953935.4,-9312365.0,166.26,161.76,174.82
2025-04-11,157.99,159.59,152.53,158.67,890090.0,168.0625,165.7631919609433,-7.191304907810235,38.07758833045359,-14.810000000000002,189.81629446635398,146.30870553364602,8.002292857142857,943309.85,-8422275.0,157.64,152.05,173.48
2025-04-14,163.0,163.45,157.51,162.61,912994.0,167.4105,165.46288796466297,-6.594981113453116,39.8319327664148,-10.429999999999978,188.9877223713647,145.83327762863533,8.210864285714283,945237.1,-7509281.0,158.67,146.4,173.04
2025-04-15,163.2,165.47,162.525,164.35,568894.0,166.989,165.35689863469506,-5.913815962735072,43.05264454934363,-10.409999999999997,188.45363617944534,145.52436382055467,8.15693571428571,942254.5,-6940387.0,162.61,143.9,174.76
2025-04-16,163.0,164.5,159.09,161.09,854477.0,166.319,164.95052733615267,-5.572802628551614,41.785329656754875,-17.799999999999983,187.6338111588399,145.00418884116007,8.282649999999995,951983.0,-7794864.0,164.35,166.26,178.89
2025-04-17,161.93,164.32,161.015,163.57,643569.0,165.87550000000002,164.81904854223336,-5.044284459279083,44.150631559224315,1.8100000000000023,187.02251469537677,144.72848530462326,8.170864285714284,941098.85,-7151295.0,161.09,157.64,161.76
2025-04-21,160.75,161.6699,157.26,160.51,739689.0,165.34699999999998,164.40866296678257,-4.816821113446991,42.82606205657203,8.45999999999998,186.47467015825347,144.2193298417465,8.13177857142857,835442.9,-7890984.0,163.57,158.67,152.05
2025-04-22,161.83,163.86,158.8,162.25,1487146.0,164.56099999999998,164.2030760175652,-4.444913123254366,42.8391528265627,15.849999999999994,184.86496891458359,144.25703108541637,8.161778571428572,872529.7,-6403838.0,160.51,162.61,146.4
2025-04-23,178.47,188.36,171.22,171.95,2099325.0,164.18099999999998,164.9408783016066,-3.3290887648612397,46.265604814380985,28.049999999999983,183.5675508454799,144.79444915452007,8.881064285714288,943916.8,-4304513.0,162.25,164.35,143.9
2025-04-24,171.95,174.42,168.16,174.21,670027.0,164.1105,165.82365179669168,-2.236644167660188,57.97565661996594,7.950000000000017,183.33144742722553,144.88955257277448,8.636064285714287,952836.8,-3634486.0,171.95,161.09,166.26
2025-04-25,174.25,176.175,171.855,174.58,569755.0,164.0985,166.65758972081628,-1.3257357890250603,66.39499343720667,16.940000000000026,183.29157471048535,144.90542528951465,8.521064285714289,963409.1,-3064731.0,174.21,163.57,157.64
2025-04-28,174.79,175.58,172.125,174.38,649719.0,164.1435,167.3930573664528,-0.6129074491938127,72.11508060370515,15.710000000000008,183.4331659270998,144.85383407290018,7.740350000000005,961308.3,-3714450.0,174.58,160.51,158.67
2025-04-29,173.34,178.54,172.815,176.25,738134.0,164.304,168.23657571250493,0.10173478228867339,75.82628131787372,13.639999999999986,183.95537027498025,144.65262972501975,7.397850000000004,958583.55,-2976316.0,174.38,162.25,162.61
2025-04-30,173.52,177.725,171.4247,177.39,658569.0,164.4355,169.10833040655208,0.7514204647061433,63.43878288123295,13.039999999999992,184.41394783497717,144.45705216502282,6.040014285714288,959168.15,-2317747.0,176.25,171.95,164.35
2025-05-01,179.94,181.39,177.645,178.63,536182.0,164.4225,170.01515608211855,1.3507876464895503,80.84043487711529,17.539999999999992,184.3616451804355,144.48335481956454,5.791085714285716,955549.35,-1781565.0,177.39,174.21,161.09
2025-05-02,181.775,184.31,181.4,183.41,527715.0,165.505,171.29085550286916,2.186294268724538,82.74219160512465,19.840000000000003,187.11618277773795,143.89381722226204,5.494657142857144,937572.35,-1253850.0,178.63,174.58,163.57
2025-05-05,181.69,185.865,181.02,183.99,535413.0,167.102,172.50029783592925,2.8622462460456575,81.05752466197542,23.480000000000018,189.24082191512542,144.96317808487458,5.416442857142859,906907.15,-718437.0,183.41,174.38,160.51
2025-05-06,180.89,185.255,180.72,182.83,635443.0,168.92350000000002,173.4840789944122,3.26668444769561,77.30496450702513,20.580000000000013,189.85217715285856,147.99482284714148,5.530014285714287,855682.55,-1353880.0,183.99,176.25,162.25
2025-05-07,183.3,186.81,182.4,183.91,761566.0,170.924,174.47702385208723,3.6324786575615633,86.03916610219363,11.960000000000008,189.27109143735555,152.57690856264446,5.458585714285716,843380.85,-592314.0,182.83,177.39,171.95
2025-05-08,185.95,188.155,184.82,186.86,458161.0,171.954,175.6563549137932,4.113001429877528,86.2433862058074,12.650000000000006,191.47408455547233,152.43391544452768,5.460728571428573,799110.1,-134153.0,183.91,178.63,174.21
2025-05-09,187.05,187.36,183.67,184.37,377361.0,173.2905,176.48622587438433,4.243975095596511,87.80101390274982,9.789999999999992,192.33864893617994,154.24235106382008,5.409307142857145,765711.45,-511514.0,186.86,183.41,174.58
2025-05-12,192.85,196.14,192.205,196.0,797126.0,175.15699999999998,178.3446805530144,5.22597469015588,90.71170081375233,21.620000000000005,195.4482364801874,154.86576351981256,5.32895,761063.25,285612.0,184.37,183.99,174.38
2025-05-13,196.0,197.32,194.7,195.54,581208.0,176.8035,179.98233002415589,5.899097168056755,86.6190623653316,19.289999999999992,198.12587794085786,155.48112205914217,4.2918071428571425,744473.95,-295596.0,196.0,182.83,176.25
2025-05-14,194.82,195.725,191.33,194.2,887322.0,178.296,181.33639383137913,6.252351563357365,81.94311277893237,16.810000000000002,200.12092770833002,156.47107229166997,4.158592857142856,760395.35,-1182918.0,195.54,183.91,177.39
2025-05-15,194.01,194.56,191.305,193.1,648944.0,179.8965,182.45673727600968,6.37011667006459,78.91942532464478,14.469999999999999,201.09449124048606,158.69850875951394,4.082521428571425,750118.7,-1831862.0,194.2,186.86,178.63
2025-05-16,193.56,194.6583,192.8832,194.49,451046.0,181.4425,183.60276229734208,6.500672048025393,80.27702495863056,11.080000000000013,202.13090903552506,160.75409096447493,3.962528571428568,740492.55,-1380816.0,193.1,184.37,183.41
2025-05-19,190.26,193.3,190.0315,193.06,447463.0,183.07,184.50345160235713,6.414803218245083,75.64845892404396,9.069999999999993,201.85896876809798,164.281031231902,3.7870642857142838,725881.25,-1828279.0,194.49,196.0,183.99
2025-05-20,192.58,192.58,189.73,191.85,608668.0,184.55,185.20312287832311,6.177899682454296,72.01583431765462,9.019999999999982,200.94434048689178,168.15565951310825,3.540614285714286,681957.35,-2436947.0,193.06,195.54,182.83
2025-05-21,188.58,191.13,187.23,187.97,706775.0,185.351,185.46663498514948,5.61237241444212,63.16234495816592,4.060000000000002,200.6843676734977,170.0176323265023,3.5516857142857168,612329.85,-3143722.0,191.85,194.2,183.91
2025-05-22,187.91,189.435,186.6,187.49,556670.0,186.015,185.65933641513524,5.067046236775099,56.542655523040516,0.6299999999999955,200.44025781946482,171.58974218053515,3.5463285714285746,606662.0,-3700392.0,187.97,193.1,186.86
2025-05-23,182.52,186.01,181.86,185.23,692253.0,186.54749999999999,185.6184472327414,4.401767365534255,51.8867924307238,0.8599999999999852,199.94509738869658,173.1499026113034,3.4966857142857157,612786.9,-4392645.0,187.49,194.49,184.37
2025-05-27,188.0,191.11,186.5,191.03,616136.0,187.38,186.13383321057555,4.293052952276781,60.93333331058485,-4.969999999999999,199.61272401561646,175.14727598438353,3.50204285714286,611107.75,-3776509.0,185.23,193.06,196.0
2025-05-28,191.08,192.7375,187.95,188.28,667692.0,187.98149999999998,186.3382300476636,3.939580942433736,55.578248639823954,-7.259999999999991,199.03624277832236,176.9267572216776,3.5290071428571474,607585.65,-4444201.0,191.03,191.85,195.54
2025-05-29,188.99,189.02,185.62,188.89,750005.0,188.5565,186.5812557574099,3.66640964193067,52.75590549175715,-5.310000000000002,198.42423428909257,178.68876571090743,3.5336500000000046,612157.45,-3694196.0,188.28,187.97,194.2
2025-05-30,187.4,190.0,184.47,188.78,6197591.0,189.064,186.7906599709899,3.4018291684091366,56.40058052860353,-4.319999999999993,197.75617772967985,180.37182227032014,3.665078571428574,895227.9,-9891787.0,188.89,187.49,193.1
2025-06-02,186.98,188.015,181.845,184.49,1089207.0,189.118,186.5715494975623,2.813547268431762,28.77167095526363,-10.0,197.67464370995307,180.56135629004692,3.8247214285714324,923302.5,-10980994.0,188.78,185.23,194.49
2025-06-03,184.28,187.71,182.34,186.98,1411255.0,189.2675,186.6104495454135,2.5192119078405426,35.31228550122263,-6.0800000000000125,197.54688943846804,180.98811056153198,4.021150000000004,967094.6,-9569739.0,184.49,191.03,193.06
2025-06-04,186.98,191.9,185.32,190.87,871355.0,189.6695,187.0161210172789,2.5702117032994067,44.74597662901726,-0.9799999999999898,197.39504062152727,181.94395937847273,4.177221428571435,978890.2,-8698384.0,186.98,188.28,191.85
2025-06-05,191.84,192.7,189.85,190.18,679502.0,189.983,187.3174428251571,2.525835911099989,45.33248079812487,2.210000000000008,197.21774103854918,182.74825896145083,4.148292857142863,974787.0,-9377886.0,190.87,188.89,187.97
2025-06-06,192.15,193.09,189.41,192.78,625138.0,190.279,187.8376863656183,2.6696915051192036,47.368421032220425,5.289999999999992,197.45996577584202,183.09803422415797,4.284357142857148,983135.85,-8752748.0,190.18,188.78,187.49
2025-06-09,193.0,195.26,191.58,193.65,640380.0,190.743,188.39124004508324,2.8213767539363346,50.92389600022129,8.420000000000016,197.5032743637972,183.9827256362028,4.313750000000003,996286.8,-8112368.0,192.78,184.49,185.23
2025-06-10,192.255,194.41,190.61,193.28,838619.0,190.607,188.8568362312658,2.8785503619390624,52.299774823666894,2.25,197.0226325528167,184.1913674471833,4.381607142857143,998361.45,-8950987.0,193.65,186.98,191.03
2025-06-11,193.4,194.7725,188.2786,189.33,694753.0,190.29649999999998,188.90189944733572,2.5754407914348008,52.18228495729938,1.0500000000000114,196.2943883126194,184.29861168738057,4.566885714285713,1004038.7,-9645740.0,193.28,190.87,188.28
2025-06-12,188.75,193.69,188.75,192.88,742849.0,190.2305,189.28076616663708,2.5918029137868928,57.873210610276786,3.990000000000009,196.07460985524148,184.38639014475854,4.717242857142856,996815.05,-8902891.0,189.33,190.18,188.89
2025-06-13,186.86,191.25,186.86,189.31,566916.0,190.041,189.28355034124309,2.290299700087985,55.74001123296682,0.5300000000000011,195.7372550948315,184.34474490516848,4.734385714285714,992713.65,-9469807.0,192.88,192.78,188.78
2025-06-16,190.3,192.74,189.85,192.63,531078.0,189.948,189.60225983255327,2.29282225687561,52.41984268802546,8.139999999999986,195.39363794533844,184.50236205466157,4.611528571428571,996715.25,-8938729.0,189.31,193.65,184.49
2025-06-17,191.65,193.64,191.04,191.52,580640.0,189.871,189.7849017532625,2.1801225819157537,55.15595159859381,4.5400000000000205,195.17301907917357,184.56898092082645,4.455278571428569,1003374.1,-9519369.0,192.63,193.28,186.98
2025-06-18,191.6,191.6,187.6,188.5,709661.0,189.70350000000002,189.6625301577137,1.826068733079211,49.4235885104366,-2.3700000000000045,194.95368806681947,184.45331193318057,4.498135714285711,1008423.75,-10229030.0,191.52,189.33,190.87
2025-06-20,188.78,189.99,184.5701,186.29,1065772.0,189.6195,189.34133680936,1.3515699200810332,46.53492901053466,-3.890000000000015,195.0375418875151,184.2014581124849,4.490271428571426,1026373.6,-11294802.0,188.5,192.88,190.18
2025-06-23,186.16,193.41,185.715,192.67,740186.0,189.8785,189.6583523513257,1.4733549535430086,60.75749603233547,-0.11000000000001364,195.36275986947376,184.39424013052624,4.599199999999998,1035549.4,-10554616.0,186.29,189.31,192.78
2025-06-24,193.27,195.365,193.06,194.64,385581.0,190.349,190.13279498453278,1.709131205360336,60.21333331085369,0.9899999999999807,195.76830622867263,184.92969377132735,4.380271428571427,1020215.8,-10169035.0,192.67,192.63,193.65
2025-06-25,195.8,195.95,191.34,191.48,410555.0,190.3715,190.26110022410109,1.6222991382045677,50.82948053544701,-1.8000000000000114,195.80642516775322,184.93657483224678,4.239557142857139,1009936.75,-10579590.0,194.64,191.52,193.28
2025-06-26,191.92,194.6474,188.49,194.22,680600.0,190.66850000000002,190.63813829799622,1.7543560754676264,55.20350332888075,4.889999999999986,196.2688732018616,185.06812679813845,4.475799999999997,1010582.15,-9898990.0,191.48,188.5,189.33
2025-06-27,194.23,198.015,191.925,197.25,1127458.0,191.0865,191.26783941247277,2.0795362277339677,55.694267496058096,4.3700000000000045,197.3380422097374,184.8349577902626,4.647942857142851,1029454.8,-8771532.0,194.22,186.29,192.88
2025-06-30,197.35,198.74,195.0,197.47,555968.0,191.52100000000002,191.85852137318963,2.3281584413018095,54.948186508568014,8.159999999999997,198.28455216545748,184.75744783454255,4.652228571428568,747373.65,-8215564.0,197.25,192.67,189.31
2025-07-01,196.29,200.46,194.52,198.005,670581.0,192.19675,192.44390029002872,2.5390942674156065,56.09441504487754,5.375,198.69802621075644,185.69547378924358,4.8050857142857115,726442.35,-7544983.0,197.47,194.64,192.63
2025-07-02,197.09,199.16,196.928,198.71,416600.0,192.78325,193.04067169097837,2.7316611480755455,63.20382880391742,7.189999999999998,199.41800083815025,186.14849916184977,4.500664285714284,676709.6,-7128383.0,198.005,191.48,191.52
2025-07-03,199.32,201.81,197.43,199.93,269864.0,193.23624999999998,193.69679819659947,2.9487245315204973,60.62066885059691,11.430000000000007,200.52583801450234,185.94666198549763,4.460664285714283,646635.05,-6858519.0,198.71,194.22,188.5
2025-07-07,198.75,201.36,198.1187,201.0,496554.0,193.77725,194.39234122549476,3.1705408629201486,69.04529159444007,14.710000000000008,201.69109494681493,185.8634050531851,4.378614285714286,637487.65,-6361965.0,199.93,197.25,186.29
2025-07-08,201.33,204.085,201.23,202.75,685186.0,194.27575,195.1883087278286,3.447798206746967,67.37637359398114,10.080000000000013,203.12576532856926,185.42573467143072,4.376114285714286,640490.05,-5676779.0,201.0,197.47,192.67
2025-07-09,203.44,203.505,199.935,202.84,306948.0,194.73525,195.91704122994017,3.632910960950369,70.142348719502,8.200000000000017,204.36814510780718,185.10235489219284,4.4454,623818.45,-5369831.0,202.75,198.005,194.64
2025-07-10,202.68,203.015,197.41,199.78,422633.0,195.06025,196.28494206518397,3.4924390622670103,70.04264388839384,8.300000000000011,204.922292318117,185.198207681883,4.560042857142856,603019.15,-5792464.0,202.84,198.71,191.48
2025-07-11,198.79,198.9,195.79,196.16,357895.0,195.40175000000002,196.27304282088073,3.053807927261346,66.70050758261229,1.9399999999999977,204.894413801734,185.90908619826604,4.3950499999999995,586176.25,-6150359.0,199.78,199.93,194.22
2025-07-14,193.09,198.44,192.985,197.85,585656.0,195.65025,196.4232292188921,2.810164639980428,60.41834268520287,0.5999999999999943,205.12515117988255,186.17534882011745,4.235049999999999,578316.6,-5564703.0,196.16,201.0,197.25
2025-07-15,198.9,199.24,196.0,196.16,351400.0,195.99275,196.3981597694738,2.452436541512668,53.091944640224305,-1.3100000000000023,204.98561587129294,186.99988412870707,4.301835714285714,567540.8,-5916103.0,197.85,202.75,197.47
2025-07-16,197.69,200.24,195.565,199.99,418928.0,196.36075,196.74023979142868,2.449744310046299,66.85148511144871,1.9850000000000136,205.37654565628605,187.34495434371394,4.306478571428572,561933.3,-5497175.0,196.16,202.84,198.005
2025-07-17,200.59,204.12,199.75,203.9,558516.0,196.97975,197.4221217160545,2.7316265297231155,68.3194549221623,5.189999999999998,206.29127001555685,187.66822998444314,4.178807142857145,560827.1,-4938659.0,199.99,199.78,198.71
