Date,Open,High,Low,Close,Volume,SMA_20,EMA_20,MACD,RSI_14,Momentum_10,Bollinger_Upper,Bollinger_Lower,ATR_14,Volume_MA_20,OBV,Lag_1,Lag_5,Lag_10
2023-08-30,6.42,6.77,6.2063,6.385,59087.0,6.5115,6.568747580276617,-0.04540241380619303,36.799999725226684,-0.19500000000000028,7.191191106312271,5.831808893687729,0.4206000000000002,98493.75,-352169.0,6.385,6.37,6.58
2023-08-31,6.41,6.558,6.2502,6.2736,8903.0,6.454179999999999,6.5406382869169395,-0.04989406081633163,35.63313339244793,-0.22639999999999993,6.989248615767123,5.919111384232875,0.41259285714285726,65404.65,-361072.0,6.385,6.3,6.5
2023-09-01,6.29,6.38,6.1605,6.18,5545.0,6.462680000000001,6.50629178340104,-0.059055375623805695,42.59259222450847,-0.08000000000000007,6.9728608372889385,5.952499162711063,0.407557142857143,49135.7,-366617.0,6.2736,6.38,6.26
2023-09-05,6.38,6.59,6.1,6.14,60112.0,6.457179999999999,6.47140685164856,-0.06817781657069855,45.69536381474498,-0.2600000000000007,6.979247935083265,5.9351120649167335,0.3904142857142858,47856.65,-426729.0,6.18,6.4,6.4
2023-09-06,6.15,6.15,5.8,5.8302,13431.0,6.39469,6.410339532443935,-0.09575608789193613,25.168896309203518,-0.3998000000000008,6.901846174015563,5.887533825984437,0.3668500000000002,39636.0,-440160.0,6.14,6.385,6.23
2023-09-07,5.92,6.04,5.87,6.04,34114.0,6.35269,6.375069100782608,-0.10149374507443287,35.972188031464626,-0.33000000000000007,6.828800176988034,5.876579823011966,0.3407857142857144,34794.5,-406046.0,5.8302,6.385,6.37
2023-09-08,5.89,6.4,5.89,6.1,6796.0,6.31369,6.348872043565216,-0.10055780304266015,44.5190458870467,-0.20000000000000018,6.732236527125025,5.895143472874976,0.3486428571428573,32921.2,-399250.0,6.04,6.2736,6.3
2023-09-11,6.0584,6.06,5.95,5.95,13959.0,6.26969,6.310884229892339,-0.10928584839942435,34.689711155650556,-0.4299999999999997,6.642187990951838,5.897192009048162,0.34578571428571436,30406.75,-413209.0,6.1,6.18,6.38
2023-09-12,6.0,6.24,5.9,5.9,13930.0,6.24369,6.271752398474021,-0.11839282826608244,37.77415491342756,-0.5,6.643595956839588,5.843784043160412,0.35650714285714286,28989.55,-427139.0,5.95,6.14,6.4
2023-09-13,5.7,5.7,3.9001,4.1899,63559.0,6.139685,6.073480741476495,-0.2473967902477705,12.665684769901176,-2.1951,7.140806794525362,5.138563205474638,0.45292857142857146,28285.35,-490698.0,5.9,5.8302,6.385
2023-09-14,4.71,4.71,3.42,3.55,33638.0,5.988185,5.833149242288258,-0.39170987235633437,10.59720307532072,-2.835,7.497050668430565,4.479319331569434,0.5243285714285715,27406.7,-524336.0,4.1899,6.04,6.385
2023-09-15,3.6,3.8099,3.0,3.17,20690.0,5.8216849999999996,5.5795159811179476,-0.5276764189871601,7.647245063578907,-3.1036,7.765093629214467,3.8782763707855317,0.5536071428571429,27241.45,-545026.0,3.55,6.1,6.2736
2023-09-18,3.82,6.48,3.5114,4.4,2979025.0,5.7286850000000005,5.467181125773381,-0.5372682204629537,29.998399787987523,-1.7799999999999994,7.7598145496530195,3.6975554503469814,0.7378142857142856,175393.9,2433999.0,3.17,5.95,6.18
2023-09-19,4.56,4.77,4.2,4.2185,141780.0,5.61961,5.348259113794964,-0.551998978273903,29.03157112590891,-1.9215,7.731636326490619,3.5075836735093797,0.7499571428571429,181806.3,2292219.0,4.4,5.9,6.14
2023-09-20,4.18,4.3529,3.92,4.18,69890.0,5.51711,5.236996341052587,-0.5600139938485427,28.816815816117384,-1.6502,7.702125390431162,3.332094609568838,0.7406142857142858,184123.85,2222329.0,4.2185,4.1899,5.8302
2023-09-21,4.18,4.72,4.05,4.49,41899.0,5.423109999999999,5.165853832380912,-0.5366259941413603,33.49496585931864,-1.5499999999999998,7.615378799212356,3.2308412007876433,0.7664857142857143,184872.65,2264228.0,4.18,3.55,6.04
2023-09-22,4.4,5.3,4.06,4.4101,81513.0,5.328614999999999,5.093877276916063,-0.5181612129642321,33.580109384892566,-1.6898999999999997,7.524657800153323,3.1325721998466762,0.8393785714285714,187363.8,2182715.0,4.49,3.17,6.1
2023-09-25,4.6,5.21,4.42,4.49,66807.0,5.234115,5.03636515530501,-0.4917191430279084,34.804950733548964,-1.46,7.402142413183647,3.0660875868163537,0.860807142857143,188846.1,2249522.0,4.4101,4.4,5.95
2023-09-26,4.5,5.09,4.35,4.35,79028.0,5.131615,4.970997045275961,-0.475993578268449,35.92858762966762,-1.5500000000000007,7.261051550407291,3.002178449592708,0.8886642857142856,191323.9,2170494.0,4.49,4.2185,5.9
2023-09-27,4.35,4.94,4.35,4.65,90519.0,5.044865,4.940425898106822,-0.43538159384623487,37.00886004745524,0.4601000000000006,7.099351382504084,2.990378617495916,0.9186642857142858,194211.25,2261013.0,4.35,4.18,4.1899
2023-09-28,4.6114,4.99,4.51,4.785,12391.0,4.964865,4.925623431620458,-0.3882837515671147,37.87973740408563,1.2350000000000003,6.9219256803114275,3.0078043196885718,0.9165214285714286,191876.45,2273404.0,4.65,4.49,3.55
2023-09-29,4.73,4.98,4.65,4.65,6573.0,4.883685,4.899373580989939,-0.35730748013544034,37.98476828500375,1.4800000000000004,6.744497483864302,3.022872516135697,0.9322357142857144,191759.95,2266831.0,4.785,4.4101,3.17
2023-10-02,4.815,4.815,4.67,4.67,3347.0,4.808185,4.877528478038516,-0.3274229200552359,38.56834816536732,0.2699999999999996,6.567292634150419,3.04907736584958,0.9183071428571429,191650.05,2270178.0,4.65,4.49,4.4
2023-10-03,4.65,4.8896,4.53,4.7,12678.0,4.736185,4.86062100393961,-0.29796052205128376,56.8938019848871,0.4815000000000005,6.37986355901584,3.092506440984159,0.8154285714285715,189278.35,2282856.0,4.67,4.35,4.2185
2023-10-04,4.7547,4.98,4.5799,4.67,7420.0,4.6781749999999995,4.842466622612028,-0.273796835303858,68.12415012177547,0.4900000000000002,6.2390913744079,3.1172586255920987,0.7518642857142858,188977.8,2275436.0,4.7,4.65,4.18
2023-10-05,4.77,4.96,4.5101,4.7,7050.0,4.611175,4.828898372839453,-0.24941674368588274,77.92174571468556,0.20999999999999996,6.034981141261761,3.18736885873824,0.72615,187624.6,2282486.0,4.67,4.785,4.49
2023-10-06,4.76,4.89,4.54,4.76,17854.0,4.544175,4.82233662304522,-0.22281235432105717,61.46642829626064,0.3498999999999999,5.787691461914597,3.300658538085403,0.5391071428571429,188177.5,2300340.0,4.7,4.65,4.4101
2023-10-09,4.88,4.91,4.08,4.33,29113.0,4.463175000000001,4.775447420850437,-0.23287694420778315,53.06605029812204,-0.16000000000000014,5.517827814661606,3.408522185338395,0.5576785714285715,188935.2,2271227.0,4.76,4.67,4.49
2023-10-10,4.17,4.36,3.84,3.84,27012.0,4.360175,4.686357190293252,-0.27628274376123674,42.51035307289412,-0.5099999999999998,5.205607391084406,3.5147426089155935,0.5639000000000001,189589.3,2244215.0,4.33,4.7,4.35
2023-10-11,3.9761,4.0,3.405,3.42,12879.0,4.321680000000001,4.565751743598657,-0.33990724853898335,27.51911909182803,-1.2300000000000004,5.264284321966239,3.379075678033762,0.5585428571428572,187055.3,2231336.0,3.84,4.67,4.65
2023-10-12,3.26,3.3,2.8,2.96,38611.0,4.29218,4.41282300611307,-0.4218225096074768,23.729120499942866,-1.8250000000000002,5.36447868305625,3.21988131694375,0.5056857142857144,187303.95,2192725.0,3.42,4.7,4.785
2023-10-13,2.97,3.0082,2.76,2.87,10130.0,4.27718,4.265887481721349,-0.4882085135926868,20.758122638767617,-1.7800000000000002,5.421545989671027,3.132814010328974,0.4669857142857144,186775.95,2182595.0,2.96,4.76,4.65
2023-10-16,2.79,2.96,2.78,2.87,18760.0,4.20068,4.132945816795506,-0.5346272904995581,21.863117754340834,-1.7999999999999998,5.503995610845524,2.8973643891544762,0.4269857142857144,38762.7,2182595.0,2.87,4.33,4.67
2023-10-17,3.15,3.16,3.045,3.16,3601.0,4.147755,4.040284310434029,-0.5421077772248029,21.564885380950983,-1.54,5.531508568682683,2.7640014313173173,0.3930571428571429,31853.75,2186196.0,2.87,3.84,4.7
2023-10-18,3.19,3.2812,3.04,3.04,2469.0,4.090755,3.945019138011741,-0.5512082497945818,16.506717761576184,-1.63,5.560182214543836,2.621327785456163,0.37600000000000006,28482.7,2183727.0,3.16,3.42,4.67
2023-10-19,3.125,3.34,3.125,3.3,1350.0,4.031255,3.8835887439153844,-0.531580339779163,25.27472514511129,-1.4000000000000004,5.52871738047816,2.533792619521839,0.3677857142857143,26455.25,2185077.0,3.04,2.96,4.7
2023-10-20,3.07,3.4515,3.0,3.12,90263.0,3.96675,3.8108660063996336,-0.5243149718547322,23.183390891153124,-1.6399999999999997,5.50606042319193,2.4274395768080703,0.38967857142857143,26892.75,2094814.0,3.3,2.87,4.76
2023-10-23,3.19,3.4,2.715,2.72,48412.0,3.87825,3.7069740057901446,-0.5441775949440966,19.631901756182017,-1.6099999999999999,5.492591237650483,2.2639087623495167,0.4129214285714286,25973.0,2046402.0,3.12,2.87,4.33
2023-10-24,2.93,2.93,2.5,2.5,6764.0,3.78575,3.5920241004767974,-0.5708869669733145,18.55072456240285,-1.3399999999999999,5.495466119865008,2.0760338801349922,0.4150571428571429,22359.8,2039638.0,2.72,3.16,3.84
2023-10-25,2.39,2.45,2.2,2.23,3481.0,3.66475,3.4623075194790074,-0.6066189352859026,16.531165248933235,-1.19,5.457452972432511,1.8720470275674894,0.4007785714285715,18007.9,2036157.0,2.5,3.04,3.42
2023-10-26,2.23,2.7499,2.23,2.35,6590.0,3.543,3.3563734700048165,-0.6182023443439211,17.866666599964447,-0.6099999999999999,5.346074567159322,1.7399254328406784,0.4129142857142858,17717.85,2042747.0,2.23,3.3,2.96
2023-10-27,2.34,2.34,2.25,2.29,2925.0,3.425,3.2548140919091195,-0.6249675680602222,19.822485124995623,-0.5800000000000001,5.231928187196198,1.6180718128038016,0.3600571428571429,17535.45,2039822.0,2.35,3.12,2.87
2023-10-30,2.61,2.61,2.04,2.06,7836.0,3.2945,3.1410222736320605,-0.6413394500240441,21.474358877999663,-0.81,5.099830994582414,1.4891690054175872,0.3636285714285714,17759.9,2031986.0,2.29,2.72,2.87
2023-10-31,2.075,2.09,1.94,1.94,5258.0,3.1565000000000003,3.026639199952817,-0.6563507571764728,23.75886513027514,-1.2200000000000002,4.9311551926026365,1.3818448073973646,0.3318428571428571,17388.9,2026728.0,2.06,2.5,3.16
2023-11-01,1.76,1.76,1.51,1.51,4303.0,2.9985,2.8821973713858817,-0.6946933549479404,24.014336797060665,-1.53,4.7684631277753,1.2285368722246994,0.31398571428571426,17233.05,2022425.0,1.94,2.23,3.04
2023-11-02,1.5301,1.5301,1.48,1.49,4844.0,2.838,2.749607145539607,-0.7183920517258495,24.632352814392306,-1.8099999999999998,4.5391401749229106,1.1368598250770898,0.29983571428571426,17122.75,2017581.0,1.51,2.35,3.3
2023-11-03,1.5412,1.5412,1.48,1.51,3288.0,2.6755,2.6315493221548825,-0.7271772997462049,25.182481623155212,-1.61,4.217016341651573,1.1339836583484268,0.29135,16394.45,2020869.0,1.49,2.29,3.12
2023-11-06,1.45,1.5,1.4202,1.4202,2993.0,2.53001,2.5161827200448936,-0.7328909363507465,15.749271509374822,-1.2998000000000003,3.9592060226497243,1.1008139773502754,0.28883571428571425,15088.45,2017876.0,1.51,2.06,2.72
2023-11-07,1.43,1.51,1.43,1.495,3651.0,2.41276,2.4189272228977607,-0.7230710695068803,19.033111414068955,-1.005,3.7725259773884074,1.0529940226115926,0.27732142857142855,13920.4,2021527.0,1.4202,1.94,2.5
2023-11-08,1.54,1.85,1.4983,1.5784,70830.0,2.3206800000000003,2.3388770111932122,-0.7005092589322002,12.864538317470434,-0.6516,3.6421326577735327,0.9992273422264681,0.2870857142857143,16817.95,2092357.0,1.495,1.51,2.23
2023-11-09,1.63,1.697,1.435,1.48,16322.0,2.24668,2.2570792006033824,-0.6826613682951277,13.333929446129943,-0.8700000000000001,3.5830631117885217,0.9102968882114786,0.27355,15703.5,2076035.0,1.5784,1.49,2.35
2023-11-10,1.42,1.55,1.33,1.51,37056.0,2.17868,2.185928800545917,-0.6585104261831716,17.5846548188035,-0.78,3.519913426993264,0.8374465730067358,0.2403357142857143,17049.8,2113091.0,1.48,1.51,2.29
2023-11-13,1.51,1.71,1.4,1.5312,17294.0,2.11174,2.1235736766844013,-0.6303958676558337,20.95226655473033,-0.5288000000000002,3.4412825796708346,0.7821974203291657,0.2317642857142857,16976.5,2130385.0,1.51,1.4202,2.06
2023-11-14,1.68,1.8002,1.6601,1.71,15924.0,2.0392400000000004,2.084185707476363,-0.5869667615969179,33.50672388410675,-0.22999999999999998,3.2835041019366837,0.7949758980633173,0.2239142857142857,17592.65,2146309.0,1.5312,1.495,1.94
2023-11-15,1.7211,3.23,1.7211,2.95,1542385.0,2.03474,2.166644211526233,-0.4476417595474156,61.12594538801245,1.4400000000000002,3.26432920722581,0.8051507927741903,0.29455714285714285,94588.45,3688694.0,1.71,1.5784,1.51
2023-11-16,2.98,3.44,2.67,3.38,132570.0,2.0387399999999998,2.282201905666592,-0.29918172423620115,67.7732843240197,1.89,3.2860526724028425,0.7914273275971568,0.3431285714285714,101149.45,3821264.0,2.95,1.48,1.49
2023-11-17,3.44,3.7999,2.93,3.32,85391.0,2.04874,2.381039819412631,-0.1842335705543423,71.75113899857894,1.8099999999999998,3.335146769424404,0.7623332305755957,0.36455000000000004,100905.85,3735873.0,3.38,1.51,1.51
2023-11-20,3.9,6.4,3.7013,4.65,4275760.0,2.1452400000000003,2.5971312651828566,0.013756665910058086,82.99727226720198,3.2298000000000004,3.861430388653062,0.4290496113469384,0.5466000000000001,312273.25,8011633.0,3.32,1.5312,1.4202
2023-11-21,4.3,5.04,3.9,3.9,313820.0,2.21524,2.7212140018321085,0.10902400726391281,76.99710801600409,2.405,4.098437051377172,0.33204294862282757,0.6101714285714286,327626.05,7697813.0,4.65,1.71,1.495
2023-11-22,3.79,4.14,2.92,3.195,152917.0,2.26349,2.7663364778480983,0.12629895902720545,66.67840495099236,1.6165999999999998,4.197054934355273,0.329925065644727,0.6937357142857143,335097.85,7544896.0,3.9,2.95,1.5784
2023-11-24,3.03,3.44,2.9728,3.2696,51737.0,2.30947,2.81426633710066,0.14433263284904907,67.03058440990549,1.7896,4.294741482535402,0.32419851746459827,0.7227357142857144,337355.2,7596633.0,3.195,3.38,1.48
2023-11-27,3.49,4.45,3.49,3.905,171975.0,2.39022,2.918145733567264,0.20741072668479532,71.75222336919056,2.3949999999999996,4.49965316067808,0.2807868393219195,0.7856071428571428,345807.7,7768608.0,3.2696,3.32,1.51
2023-11-28,4.0,4.0442,3.3307,3.63,78725.0,2.4687200000000002,2.985941377989429,0.23256518907507706,68.05710596556048,2.0987999999999998,4.642287449923816,0.29515255007618446,0.8308571428571428,349352.15,7689883.0,3.905,4.65,1.5312
2023-11-29,4.0,4.11,3.5,3.7,116825.0,2.55672,3.0539469610380547,0.25519702959033097,67.98453801848237,1.9900000000000002,4.7820528092669425,0.3313871907330572,0.8493071428571429,354930.5,7806708.0,3.63,3.9,1.71
2023-11-30,3.77,3.77,3.55,3.55,54092.0,2.6587199999999998,3.1011901076058592,0.2580707826347233,67.39495782461691,0.5999999999999996,4.8690024983531455,0.44843750164685403,0.846307142857143,357419.95,7752616.0,3.7,3.195,2.95
2023-12-01,3.61,4.4,3.4,3.8,95542.0,2.7742199999999997,3.1677434306910155,0.2772969457617176,68.55753631121466,0.41999999999999993,4.968721023827253,0.5797189761727468,0.9020214285714286,361954.85,7848158.0,3.55,3.2696,3.38
2023-12-04,4.21,4.3,3.57,3.6,803501.0,2.87872,3.208910723006157,0.27326459325583174,66.2928425957504,0.28000000000000025,5.018098681668785,0.7393413183312152,0.9320214285714287,401965.5,7044657.0,3.8,3.905,3.32
2023-12-05,3.37,3.5979,2.83,2.92,180444.0,2.95371,3.18139541605319,0.2128079699018186,58.83211666808034,-1.7300000000000004,4.979980822965164,0.9274391770348362,0.9768642857142859,410838.05,6864213.0,3.6,3.63,4.65
2023-12-06,2.9,2.9455,2.0423,2.0891,339076.0,2.983415,3.0773672811909814,0.09680461299697196,43.31692766438898,-1.8108999999999997,4.935714142603523,1.0311158573964772,0.9336000000000001,427609.3,6525137.0,2.92,3.7,3.9
2023-12-07,2.08,2.08,1.77,1.81,284623.0,2.994995,2.9566656353632688,-0.017425864633927368,37.519872730480415,-1.3849999999999998,4.914679481174727,1.0753105188252723,0.9007428571428573,438298.95,6240514.0,2.0891,3.55,3.195
2023-12-08,1.8,1.81,1.56,1.58,224696.0,2.999995,2.825554622471529,-0.12505384661962138,36.53250766076547,-1.6896,4.903517850954301,1.0964721490456997,0.8564642857142859,448717.65,6015818.0,1.81,3.8,3.2696
2023-12-11,1.6,1.639,1.53,1.54,267648.0,3.0014950000000002,2.703120848902812,-0.21113971228634965,19.92263050697933,-2.3649999999999998,4.9001150922331735,1.1028749077668267,0.6714857142857145,460247.25,5748170.0,1.58,3.6,3.905
2023-12-12,1.53,1.61,1.35,1.4,579752.0,2.994935,2.579014101388258,-0.2873381204889469,22.587719228897356,-2.23,4.915722113083956,1.074147886916044,0.6086285714285715,488370.15,5168418.0,1.54,2.92,3.63
2023-12-13,1.38,1.42,1.23,1.38,470358.0,2.978435,2.464822282208424,-0.34535655686097266,26.58064506525703,-2.3200000000000003,4.9506777514460545,1.0061922485539458,0.5350571428571429,511091.85,4698060.0,1.4,2.0891,3.7
2023-12-14,1.48,1.5982,1.394,1.52,98169.0,2.906935,2.3748392077123834,-0.37571547495448065,27.799208103444087,-2.03,4.984395549273895,0.8294744507261047,0.5162714285714286,438881.05,4796229.0,1.38,1.81,3.55
2023-12-15,1.51,1.76,1.285,1.3,224723.0,2.802935,2.2724735688826327,-0.41275763927236975,13.049645338242556,-2.5,4.98623914427788,0.6196308557221202,0.4816285714285716,443488.7,4571506.0,1.52,1.58,3.8
2023-12-18,1.3,1.35,1.18,1.22,397336.0,2.697935,2.1722379908938105,-0.4434529306687538,13.813813755737726,-2.38,4.976448258822842,0.4194217411771586,0.4428071428571429,459085.95,4174170.0,1.3,1.54,3.6
2023-12-19,1.26,1.3,1.16,1.17,168392.0,2.523935,2.0767867536658287,-0.4664342319589372,11.782477291554486,-1.75,4.704167497766164,0.3437025022338358,0.4092357142857144,253717.55,4005778.0,1.22,1.4,2.92
2023-12-20,1.17,1.22,1.03,1.04,250193.0,2.380935,1.978045158078607,-0.48948875691918126,11.854103293022064,-1.0491000000000001,4.55631124019868,0.20555875980132088,0.4070928571428572,250536.2,3755585.0,1.17,1.38,2.0891
2023-12-21,1.05,1.0899,1.03,1.055,296452.0,2.2739350000000003,1.890136095404454,-0.5007766426872569,5.0736497312500575,-0.7550000000000001,4.490839683538429,0.05703031646157175,0.3399428571428572,257712.95,4052037.0,1.04,1.52,1.81
2023-12-22,1.11,1.14,1.03,1.09,333684.0,2.164955,1.8139326577468868,-0.501122286854029,6.574394431819542,-0.49,4.390050421703098,-0.06014042170309741,0.2956571428571429,271810.3,4385721.0,1.055,1.3,1.58
2023-12-26,1.2,1.23,1.0457,1.05,383758.0,2.0222050000000005,1.7411771665328977,-0.4988715665943637,8.444444391901243,-0.49,4.1410578460118455,-0.09664784601184495,0.25397142857142857,282399.45,4001963.0,1.09,1.22,1.54
2023-12-27,1.05,1.13,0.921701,1.13,266608.0,1.897205,1.6829698173392884,-0.4850432528248614,18.010806315688555,-0.27,3.9089509068129864,-0.11454090681298634,0.20433564285714287,291793.6,4268571.0,1.05,1.17,1.4
2023-12-28,1.15,1.15,1.09,1.1,92185.0,1.767205,1.6274488823545943,-0.4710736516566951,21.599999758080003,-0.2799999999999998,3.6180252204200274,-0.08361522042002756,0.1864785,290561.6,4176386.0,1.13,1.04,1.38
2023-12-29,1.12,1.13,1.05,1.05,91256.0,1.642205,1.5724537507017757,-0.45874758615426914,25.233644529653247,-0.47,3.3151990742651054,-0.030789074265105576,0.17433564285714284,292419.8,4085130.0,1.1,1.055,1.52
2024-01-02,1.06,1.2,1.06,1.19,182891.0,1.5117049999999999,1.5360295839682734,-0.4326974290937087,35.04273462342026,-0.1100000000000001,2.849623545982544,0.17378645401745607,0.17654992857142854,296787.25,4268021.0,1.05,1.09,1.3
2024-01-03,1.19,1.19,1.11,1.13,52809.0,1.3882050000000001,1.4973600997808187,-0.412141645731779,37.61467841595826,-0.09000000000000008,2.30383551264363,0.4725744873563704,0.16369278571428567,259252.65,4215212.0,1.19,1.05,1.22
2024-01-04,1.1,1.22,1.1,1.16,69345.0,1.300205,1.4652305664683598,-0.3889472068872941,39.99999949090909,-0.010000000000000009,1.8683234030592186,0.7320865969407814,0.1586927857142857,253697.7,4284557.0,1.13,1.13,1.17
2024-01-05,1.19,1.19,1.05,1.13,92563.0,1.25225,1.4333038458523255,-0.36873498493895807,30.3030298745026,0.08999999999999986,1.6860153379661285,0.8184846620338717,0.15410707142857136,241372.05,4191994.0,1.16,1.1,1.04
2024-01-08,1.19,1.19,1.0801,1.14,48076.0,1.21875,1.405370146247342,-0.347899437210724,39.743589030243264,0.08499999999999996,1.5660080566301546,0.8714919433698454,0.12802849999999993,229544.7,4240070.0,1.13,1.05,1.055
2024-01-09,1.14,1.1799,1.05,1.08,45533.0,1.19375,1.3743825132714047,-0.33239592840167553,40.7894729328255,-0.010000000000000009,1.5012163011056705,0.8862836988943297,0.1251642142857142,220586.55,4194537.0,1.14,1.19,1.09
2024-01-10,1.1,1.12,1.05,1.09,82871.0,1.1712500000000001,1.3472984643884138,-0.3156636575235534,44.44444358024694,0.040000000000000036,1.4347462298738005,0.9077537701261997,0.1201642142857142,211347.7,4277408.0,1.08,1.13,1.05
2024-01-11,1.07,1.11,0.9711,0.9849,127102.0,1.1504949999999998,1.3127843249228506,-0.3073395923103621,46.03654057759809,-0.1450999999999999,1.4033016077996754,0.8976883922003241,0.11651421428571421,188715.2,4150306.0,1.09,1.16,1.13
2024-01-12,0.99,1.0299,0.97,0.9801,80458.0,1.1305,1.2811001035016267,-0.2976982144864091,44.53204756395289,-0.11990000000000012,1.3697725906396059,0.8912274093603942,0.11651421428571421,169220.2,4069848.0,0.9849,1.13,1.1
2024-01-16,0.9975,0.999,0.88,0.91,105475.0,1.1,1.2457572365014717,-0.2923430099815847,37.499999270833335,-0.14,1.2778521088752859,0.9221478911247143,0.11715707142857136,169585.5,3964373.0,0.9801,1.14,1.05
2024-01-17,0.9135,0.9135,0.86,0.87,39255.0,1.0785,1.209970833025141,-0.28800618625707886,37.499999270833335,-0.31999999999999995,1.2585023508613031,0.8984976491386969,0.10781421428571424,160312.1,3925118.0,0.91,1.08,1.19
2024-01-18,0.86,0.8899,0.8,0.821,197628.0,1.0585499999999999,1.1729259917846515,-0.28523455792939423,27.576196827189037,-0.30899999999999994,1.2597191982277467,0.8573808017722531,0.09935714285714281,150326.7,3727490.0,0.87,1.09,1.13
2024-01-19,0.81,0.87,0.8,0.8304,64393.0,1.0415699999999999,1.1403044687575419,-0.2790626887883023,29.83243504240859,-0.3295999999999999,1.259740808023182,0.8233991919768178,0.10007142857142852,145126.75,3791883.0,0.821,0.9849,1.16
2024-01-22,0.79,0.8999,0.79,0.8601,43129.0,1.032575,1.1136183288758712,-0.2686779486368138,35.34948234085364,-0.2698999999999999,1.2653629439359106,0.7997870560640894,0.10220714285714282,134773.55,3835012.0,0.8304,0.9801,1.13
2024-01-23,0.83,0.92,0.83,0.91,68957.0,1.025325,1.0942261070781691,-0.2534996234133442,24.91039364024104,-0.22999999999999987,1.2641264270869217,0.7865235729130784,0.09863571428571427,123398.8,3903969.0,0.8601,0.91,1.14
2024-01-24,0.95,1.0,0.909899,0.95,94286.0,1.0183250000000001,1.0804902873564388,-0.23552826578957187,33.27137459888617,-0.13000000000000012,1.2573515686615577,0.7792984313384425,0.09935721428571428,111428.9,3998255.0,0.91,0.87,1.08
2024-01-25,0.9709,1.29,0.9709,1.17,586598.0,1.024325,1.0890150218939207,-0.2012156524230333,50.6868122120668,0.07999999999999985,1.2725469200206747,0.7761030799793252,0.11357864285714288,121570.9,4584853.0,0.95,0.821,1.09
2024-01-26,1.17,1.17,0.9,1.09,195018.0,1.022325,1.089108829332595,-0.1784207639655433,47.42930505911278,0.10510000000000008,1.2675888010491274,0.7770611989508724,0.12286435714285714,117991.4,4389835.0,1.17,0.8304,0.9849
2024-01-29,1.1,1.22,1.06,1.11,121695.0,1.0228249999999999,1.0910984646342525,-0.1569329018477792,48.09644584600225,0.12990000000000013,1.2687952923863874,0.7768547076136124,0.12644292857142855,119466.9,4511530.0,1.09,0.8601,0.9801
2024-01-30,1.07,1.169,0.888,0.9394,138739.0,1.017295,1.0766509918119427,-0.15191747914614573,42.17671868409297,0.02939999999999998,1.265654336233892,0.7689356637661082,0.1372357857142857,121841.05,4372791.0,1.11,0.91,0.91
2024-01-31,0.9139,1.03,0.9139,0.94,45238.0,1.004795,1.0636366116393767,-0.14620888905956064,41.56545143734106,0.06999999999999995,1.2414442894777589,0.7681457105222413,0.14052864285714287,114958.4,4418029.0,0.9394,0.95,0.87
2024-02-01,0.9196,0.975,0.9196,0.96,28489.0,0.9962949999999999,1.0537664581499122,-0.13847478609448793,48.4516842702107,0.139,1.2261228575479142,0.7664671424520856,0.13456435714285714,113742.4,4446518.0,0.94,1.17,0.821
2024-02-02,0.9625,0.98,0.93,0.93,29835.0,0.9847949999999999,1.041979176421349,-0.1332302699808643,46.979379407076685,0.09960000000000002,1.2028484504724894,0.7667415495275103,0.13385721428571426,111766.9,4416683.0,0.96,1.09,0.8304
2024-02-05,1.04,1.5399,1.0,1.3577,4937950.0,0.9961800000000001,1.0720478262859825,-0.0934861663990798,68.86005479480936,0.49759999999999993,1.2642063113553381,0.728153688644662,0.1639215,354036.25,9354633.0,0.93,1.11,0.8601
2024-02-06,1.37,1.4289,1.01,1.12,583267.0,0.9951799999999998,1.0766146999730317,-0.08024322908464199,59.02787749069025,0.21000000000000008,1.2610878558246723,0.7292721441753273,0.19002149999999998,380795.8,8771366.0,1.3577,0.9394,0.91
2024-02-07,1.13,1.1432,1.03,1.07,115535.0,0.99468,1.0759847285470288,-0.07294169173135989,58.98527654027579,0.1200000000000001,1.2599531628852976,0.7294068371147024,0.19168578571428568,384295.9,8655831.0,1.12,0.94,0.95
2024-02-08,1.05,1.0692,0.93,0.9955,140168.0,0.9899550000000001,1.0683195163044545,-0.07233265641473263,55.69035584223824,-0.17449999999999988,1.2514185123981747,0.7284914876018256,0.19662864285714285,387160.75,8515663.0,1.07,0.96,1.17
2024-02-09,1.0,1.2,1.0,1.17,114067.0,0.99921,1.0780033718945066,-0.05711145633916681,59.711688601715046,0.07999999999999985,1.2727453717140598,0.7256746282859403,0.20306435714285714,386509.0,8629730.0,0.9955,0.93,1.09
2024-02-12,1.17,1.1956,1.07,1.16,66715.0,1.008205,1.0858125745712202,-0.045332867756485484,58.0354841781327,0.04999999999999982,1.2907768835415565,0.7256331164584435,0.20560721428571424,385821.85,8563015.0,1.17,1.3577,1.11
2024-02-13,1.1,1.1406,1.05,1.05,59468.0,1.0152050000000001,1.082401853183485,-0.04436267427728424,53.07578694447527,0.11060000000000003,1.2944503098127773,0.735959690187223,0.2056428571428571,383521.5,8503547.0,1.16,1.12,0.9394
2024-02-14,1.04,1.16,1.01,1.16,60674.0,1.029705,1.0897921528802959,-0.034322313324781195,49.670097192279385,0.21999999999999997,1.307315605553161,0.7520943944468391,0.1935642857142857,384592.45,8564221.0,1.05,1.07,0.94
2024-02-15,1.13,1.19,1.03,1.03,64589.0,1.040155,1.0840976621297915,-0.03643489343546524,48.08380130737531,0.07000000000000006,1.299842905601307,0.7804670943986929,0.18570714285714282,377940.5,8499632.0,1.16,0.9955,0.96
2024-02-16,1.08,1.1327,1.03,1.04,69972.0,1.0506350000000002,1.0798978847840972,-0.03687713287501082,47.7500638541393,0.10999999999999999,1.2908699049966552,0.8104000950033452,0.1816142857142857,378219.45,8569604.0,1.03,1.17,0.93
2024-02-20,1.05,1.12,1.03,1.07,83837.0,1.0611300000000001,1.0789552290903737,-0.03441025473089754,54.61484044904045,-0.28769999999999984,1.2840316124704136,0.8382283875295866,0.16797142857142858,380254.85,8653441.0,1.04,1.16,1.3577
2024-02-21,1.04,1.1,1.04,1.08,34355.0,1.06963,1.0790547310817666,-0.031287670919357025,54.914349361976356,-0.040000000000000036,1.2809293197483642,0.858330680251636,0.16396428571428573,378524.75,8687796.0,1.07,1.05,1.12
2024-02-22,1.05,1.0997,1.03,1.06,34966.0,1.07513,1.0772399947882652,-0.030080057551658657,53.51024940385882,-0.010000000000000009,1.2789108740568773,0.8713491259431225,0.16498571428571426,375558.75,8652830.0,1.08,1.16,1.07
2024-02-23,1.06,1.06,0.85,1.0,59435.0,1.06663,1.0698838048084305,-0.03357736693242219,52.406490144601996,0.0044999999999999485,1.2679157419057354,0.8653442580942645,0.17641428571428566,349200.6,8593395.0,1.06,1.03,0.9955
2024-02-26,0.9922,1.06,0.95,1.03,33272.0,1.06363,1.0660853472076275,-0.03354165192289593,34.49417953731569,-0.1399999999999999,1.2652374152766763,0.8620225847233239,0.14570714285714284,341113.3,8626667.0,1.0,1.04,1.17
2024-02-27,1.1,1.1,1.0001,1.05,40654.0,1.0606300000000002,1.0645534093783295,-0.031536011088658,45.828366338978384,-0.10999999999999988,1.261114655928984,0.8601453440710163,0.12292142857142856,337061.25,8667321.0,1.03,1.07,1.16
2024-02-28,1.02,1.04,1.0,1.0,18670.0,1.06366,1.0584054656280124,-0.03359380180080063,45.828366338978384,-0.050000000000000044,1.258172956136779,0.8691470438632212,0.11769285714285714,331057.8,8648651.0,1.05,1.08,1.05
2024-02-29,1.0,1.0524,0.9616,1.005,70315.0,1.06691,1.0533192308062969,-0.034424339415229044,50.61728302970505,-0.15500000000000003,1.254782060609608,0.879037939390392,0.1142357142857143,332311.65,8718966.0,1.0,1.06,1.16
2024-03-01,1.0,1.04,0.98,1.0399,37844.0,1.070905,1.0520412088247448,-0.03189873297788681,39.672963080772384,0.00990000000000002,1.252498049657789,0.8893119503422109,0.1042357142857143,332779.4,8756810.0,1.005,1.0,1.03
2024-03-04,1.02,1.02,0.972,0.99,30017.0,1.073905,1.0461325222700073,-0.033537044440989705,37.30964389021348,-0.050000000000000044,1.247503186686551,0.9003068133134493,0.09869285714285717,332788.5,8726793.0,1.0399,1.03,1.04
2024-03-05,0.9755,1.01,0.9106,0.93,87028.0,1.05252,1.035072282053816,-0.039224706967371015,40.31945697890868,-0.14,1.177479152904225,0.9275608470957748,0.09932142857142859,90242.4,8639765.0,0.99,1.05,1.07
2024-03-06,0.9745,0.9915,0.913,0.955,44167.0,1.0442699999999998,1.0274463504296432,-0.04123956373107318,30.833955812125325,-0.1250000000000001,1.1722219663155462,0.9163180336844534,0.09421428571428574,63287.4,8683932.0,0.93,1.0,1.08
2024-03-07,0.9549,0.955,0.922045,0.9499,915408.0,1.0382650000000002,1.020060983722058,-0.04275502174447754,40.22932285140151,-0.11010000000000009,1.1722626947948367,0.9042673052051636,0.0851396428571429,103281.05,7768524.0,0.955,1.005,1.06
2024-03-08,1.34,1.57,1.18,1.57,26172359.0,1.06699,1.072436128129481,0.006011145540174567,75.98039111399463,0.5700000000000001,1.3383215385082967,0.7956584614917035,0.10566107142857148,1404890.6,33940883.0,0.9499,1.0399,1.0
2024-03-11,1.51,1.84,1.4,1.5,3703206.0,1.0834899999999998,1.1131564968790542,0.03856574714922334,70.28301793965824,0.47,1.4147206933397518,0.7522593066602479,0.13066107142857147,1584347.55,30237677.0,1.57,0.99,1.03
2024-03-12,1.56,1.68,1.42,1.55,1085995.0,1.10299,1.15476064003343,0.06762056605853783,71.3636354553719,0.5,1.4937552998652195,0.7122247001347802,0.1449467857142858,1635311.55,31323672.0,1.5,0.93,1.05
2024-03-13,1.57,1.59,1.04,1.1,716070.0,1.10549,1.1495453409826273,0.053716507110136424,51.307189073006114,0.10000000000000009,1.4954668462760154,0.7155131537239848,0.1792539285714286,1668141.65,30607602.0,1.55,0.955,1.0
2024-03-14,1.1,1.3,1.04,1.23,543907.0,1.10899,1.1572076894604724,0.05258116681149083,57.18749949960938,0.2250000000000001,1.5022692279763867,0.7157107720236131,0.18282535714285716,1692303.3,31151509.0,1.1,0.9499,1.005
2024-03-15,1.19,1.2299,1.05,1.18,236325.0,1.1164900000000002,1.159378385702332,0.04710385775038306,54.62962915752172,0.1400999999999999,1.509147241181721,0.7238327588182794,0.1878182142857143,1700890.1,30915184.0,1.23,1.57,1.0399
2024-03-18,1.14,1.2201,1.12,1.18,157082.0,1.1234899999999999,1.1613423489687766,0.042275722476981636,54.062499526953125,0.18999999999999995,1.5153966532248644,0.7315833467751354,0.18783250000000004,1705245.6,30915184.0,1.18,1.5,0.99
2024-03-19,1.19,1.21,1.13,1.19,108316.0,1.1294899999999999,1.1640716490669885,0.03880893757251691,56.089743086374106,0.2599999999999999,1.521622850205559,0.7373571497944406,0.1906896428571429,1706469.55,31023500.0,1.18,1.55,0.93
2024-03-20,1.15,1.28,1.15,1.24,140856.0,1.1374900000000001,1.171302920584418,0.03963911432382328,57.32087177414816,0.28500000000000003,1.5318934850916526,0.7430865149083477,0.1934896428571429,1711794.6,31164356.0,1.19,1.1,0.955
2024-03-21,1.29,1.44,1.2,1.26,236658.0,1.1474900000000001,1.1797502614811402,0.04143324450773944,56.92094786686795,0.31010000000000004,1.5437583880506134,0.7512216119493869,0.20634678571428575,1721879.2,31401014.0,1.24,1.23,0.9499
2024-03-22,1.22,1.27,1.2,1.23,77455.0,1.15899,1.1845359508638886,0.03997357480920183,57.64233804165537,-0.3400000000000001,1.550557865462641,0.7674221345373589,0.2079182142857143,1722780.2,31323559.0,1.26,1.18,1.57
2024-03-25,1.22,1.2698,1.15,1.16,70129.0,1.16549,1.1821991936387564,0.032790393796238826,57.27755929509819,-0.3400000000000001,1.5523296153444104,0.7786503846555894,0.20937535714285718,1724623.05,31253430.0,1.23,1.18,1.5
2024-03-26,1.15,1.1737,1.1131,1.15,104028.0,1.17049,1.1791326037683987,0.025991147606417186,56.22923537745381,-0.40000000000000013,1.5536115879557122,0.7873684120442879,0.20809678571428575,1727791.75,31149402.0,1.16,1.19,1.55
2024-03-27,1.07,1.175,1.07,1.09,140109.0,1.17499,1.1706437843618844,0.015581597401475689,54.32380670296075,-0.010000000000000009,1.551741214295981,0.798238785704019,0.2132428571428572,1733863.7,31009293.0,1.15,1.24,1.1
2024-03-28,1.11,1.18,1.09,1.1,140708.0,1.17974,1.1639158048988478,0.008046117591585578,26.73267289677483,-0.1299999999999999,1.5498033425151652,0.8096766574848349,0.19181428571428574,1737383.35,31150001.0,1.09,1.26,1.23
2024-04-01,1.1,1.12,1.05,1.08,46067.0,1.181745,1.1559238234799099,0.00045512075486442427,28.124999589843767,-0.09999999999999987,1.5490424155551556,0.8144475844448444,0.1653857142857143,1737794.5,31103934.0,1.1,1.23,1.18
2024-04-02,1.02,1.11,1.02,1.07,158414.0,1.185745,1.147740602196109,-0.00629514667106279,23.91304311436673,-0.10999999999999988,1.545923584213621,0.8255664157863791,0.15324285714285718,1744214.35,30945520.0,1.08,1.16,1.18
2024-04-03,1.04,1.07,1.02,1.07,49019.0,1.192745,1.1403367353202891,-0.011512077986311375,46.80850924400185,-0.11999999999999988,1.5370894754737423,0.8484005245262576,0.11752857142857144,1742313.9,30945520.0,1.07,1.15,1.19
2024-04-04,1.05,1.09,1.02,1.02,66926.0,1.1959950000000001,1.128876093861214,-0.019456821078660758,23.07692224852076,-0.21999999999999997,1.532017934524013,0.8599720654759873,0.10395714285714287,1743451.85,30878594.0,1.07,1.09,1.24
2024-04-05,1.02,1.0399,1.0,1.02,102779.0,1.1995,1.1185069420649079,-0.025459604516084422,26.470587145328793,-0.24,1.5260432992967439,0.8729567007032561,0.09395714285714288,1702820.4,30878594.0,1.02,1.1,1.26
2024-04-08,1.04,1.06,1.011,1.03,28768.0,1.1725,1.1100777094872976,-0.029074782463815785,28.571427428571496,-0.19999999999999996,1.4565959808156417,0.8884040191843586,0.0903071428571429,395640.85,30907362.0,1.02,1.08,1.23
2024-04-09,1.0206,1.04,1.0001,1.0001,19207.0,1.1475050000000002,1.0996036419170787,-0.03396103137240436,24.330899322431506,-0.15989999999999993,1.3960144552893945,0.8989955447106059,0.08744285714285718,211440.9,30888155.0,1.03,1.07,1.16
2024-04-10,0.99,1.02,0.96,0.999,48450.0,1.119955,1.0900223426868807,-0.03749001774371741,12.4610586465582,-0.1509999999999999,1.290537265690868,0.949372734309132,0.08244285714285718,159563.65,30839705.0,1.0001,1.07,1.15
2024-04-11,1.01,1.014,0.96,0.9801,21082.0,1.11396,1.079553548145273,-0.041335346454115074,6.251953461933894,-0.10990000000000011,1.2955665081137848,0.9323534918862154,0.0691571428571429,124814.25,30818623.0,0.999,1.02,1.09
2024-04-12,0.98,0.98,0.8801,0.9005,75968.0,1.097485,1.0625008292742946,-0.05022685935129023,5.412719686662854,-0.19950000000000012,1.2939435214018127,0.9010264785981874,0.07129285714285719,101417.3,30742655.0,0.9801,1.02,1.1
2024-04-15,0.88,0.9049,0.8,0.83,51553.0,1.079985,1.0403578931529331,-0.0622446830794503,5.405405200876572,-0.2500000000000001,1.3056747103729534,0.8542952896270466,0.07022857142857146,92178.7,30691102.0,0.9005,1.03,1.08
2024-04-16,0.83,0.8499,0.76,0.79,63940.0,1.060485,1.0165142842812251,-0.07414189514978808,4.999999825000003,-0.28,1.3153032285056403,0.8056667714943595,0.0723214285714286,87521.6,30627162.0,0.83,1.0001,1.07
2024-04-17,0.805,0.905,0.7815,0.809833,60735.0,1.0414766500000001,0.996830352444918,-0.08103603253753855,11.069856975380247,-0.26016700000000004,1.3118582547867863,0.7710950452132138,0.07364285714285719,85142.55,30687897.0,0.79,0.999,1.07
2024-04-18,0.82,0.89,0.8,0.838,17227.0,1.02137665,0.9817036522120687,-0.0832669964645043,15.343914775622181,-0.18200000000000005,1.2893772527422973,0.7533760472577029,0.07364285714285719,78961.1,30705124.0,0.809833,0.9801,1.02
2024-04-19,0.83,0.86,0.79,0.8316,53264.0,0.9999566499999999,0.9674080662871097,-0.08457653172957258,15.916574580592624,-0.1884,1.255860941444491,0.7440523585555088,0.07364285714285719,69791.4,30651860.0,0.838,0.9005,1.02
2024-04-22,0.869,0.869,0.8458,0.855,21659.0,0.9812066500000001,0.9567025361645278,-0.08277202051591959,21.545790625619176,-0.17500000000000004,1.2205586338421643,0.7418546661578359,0.0688714285714286,67001.6,30673519.0,0.8316,0.83,1.03
2024-04-23,0.8955,0.8999,0.865,0.8781,32798.0,0.96711165,0.9492165803393348,-0.07857222505643657,26.06634980062634,-0.122,1.1950613473935485,0.7391619526064513,0.06779285714285717,65135.05,30706317.0,0.855,0.79,1.0001
2024-04-24,0.87,0.899999,0.85,0.87,13087.0,0.95311165,0.941672144116541,-0.07503253036040369,29.10863396233738,-0.129,1.1677729894327742,0.7384503105672258,0.0663642142857143,60588.0,30693230.0,0.8781,0.809833,0.999
2024-04-25,0.899,0.9,0.87,0.9,20904.0,0.9436116499999999,0.9377033684863942,-0.06901103282637577,34.57583423120391,-0.08009999999999995,1.1493989738250405,0.7378243261749593,0.06565707142857145,54627.75,30714134.0,0.87,0.838,0.9801
2024-04-26,0.9171,0.9171,0.85,0.8598,12903.0,0.93160165,0.9302840000591186,-0.06671372042581869,29.699426489045862,-0.04069999999999996,1.1267195804575025,0.7364837195424975,0.06694992857142859,48237.5,30701231.0,0.9,0.8316,0.9005
2024-04-29,0.875,0.890001,0.85,0.85,16575.0,0.92010165,0.922637904815393,-0.06493532735915175,31.195188081351446,0.020000000000000018,1.1052496938849925,0.7349536061150074,0.06695714285714287,46762.9,30684656.0,0.8598,0.855,0.83
2024-04-30,0.83,0.85,0.815,0.8499,14916.0,0.9090966500000001,0.9157104853091651,-0.06280997287764967,31.27354825965918,0.05989999999999995,1.0825237753375883,0.7356695246624119,0.06517142857142859,39588.0,30669740.0,0.85,0.8781,0.79
2024-05-01,0.85,0.852124,0.8,0.8193,21365.0,0.89656165,0.9065285343273398,-0.0628700503589471,30.380672461372825,0.009467000000000003,1.0567566777653883,0.7363666222346117,0.06503742857142858,38205.3,30648375.0,0.8499,0.87,0.809833
2024-05-02,0.8,0.8425,0.8,0.8079,24062.0,0.88595665,0.8971353405818788,-0.06311005305027306,36.446134337687695,-0.030100000000000016,1.0396968028236089,0.7322164971763911,0.06093742857142858,36062.1,30624313.0,0.8193,0.9,0.838
2024-05-03,0.8,0.855499,0.72,0.733,324524.0,0.87160665,0.8815034033836047,-0.068553812713116,35.98265750359188,-0.09860000000000002,1.026240908751738,0.7169723912482621,0.06312307142857145,47149.35,30299789.0,0.8079,0.8598,0.8316
2024-05-06,0.777,0.798,0.73,0.75,71133.0,0.8576066499999999,0.8689792697280233,-0.07068150164296505,43.80804763680289,-0.10499999999999998,1.0022372541745976,0.7129760458254022,0.06155878571428573,49267.6,30370922.0,0.733,0.85,0.855
2024-05-07,0.755,0.79,0.73,0.76,16107.0,0.8456016499999999,0.8586002916586878,-0.0707452866272984,42.04370004307031,-0.11809999999999998,0.979923226613396,0.7112800733866037,0.057023071428571444,49112.6,30387029.0,0.75,0.8499,0.8781
2024-05-08,0.807899,0.807899,0.73,0.7599,9117.0,0.83364665,0.8492002638816699,-0.06999702368715488,36.303049778173644,-0.11009999999999998,0.9521070691179145,0.7151862308820855,0.056158714285714305,47145.95,30377912.0,0.76,0.8193,0.87
2024-05-09,0.76,0.76,0.73,0.75,9872.0,0.8221416500000001,0.8397526197024633,-0.06940283422622673,35.86278412308047,-0.15000000000000002,0.9242839806171691,0.719999319382831,0.053301571428571455,46585.45,30368040.0,0.7599,0.8079,0.9
2024-05-10,0.75,0.785,0.7101,0.72,75935.0,0.8131166499999999,0.8283476083022286,-0.07053954736677437,27.13414505461374,-0.13980000000000004,0.9179683123802719,0.7082649876197279,0.056994428571428606,46583.8,30292105.0,0.75,0.733,0.8598
2024-05-13,0.725,0.7699,0.7011,0.717095,34952.0,0.8074714000000001,0.8177521217972545,-0.07085800289347088,20.726894819452284,-0.13290499999999994,0.9203463849251534,0.6945964150748467,0.05941585714285718,45753.75,30257153.0,0.72,0.75,0.85
2024-05-14,0.72,0.7689,0.7105,0.7383,58266.0,0.8048864,0.8101852530546588,-0.06860843990300003,27.14414501399453,-0.11160000000000003,0.9217438559599531,0.6880289440400469,0.06001592857142861,45470.05,30315419.0,0.717095,0.76,0.8499
2024-05-15,0.7111,0.736935,0.7011,0.7043,43021.0,0.79960975,0.8001009432399294,-0.06877634929535026,16.502344216107545,-0.11499999999999999,0.9247628798872684,0.6744566201127317,0.060432714285714326,44584.35,30272398.0,0.7383,0.7599,0.8193
2024-05-16,0.7,0.75,0.6355,0.6795,88586.0,0.7916847499999999,0.7886151391218409,-0.07010247331922492,17.420764540888626,-0.12839999999999996,0.9263165139635885,0.6570529860364114,0.06381842857142861,48152.3,30183812.0,0.7043,0.75,0.8079
2024-05-17,0.71,0.714,0.6309,0.655,76819.0,0.78285475,0.7758898877769037,-0.07229698634475323,16.541984723970387,-0.07799999999999996,0.9291257652766166,0.6365837347233835,0.06689692857142861,49330.05,30106993.0,0.6795,0.72,0.733
2024-05-20,0.7181,0.978,0.71,0.85,2236408.0,0.78260475,0.7829479937029129,-0.05763688405700451,50.01028006797328,0.09999999999999998,0.9283728026494406,0.6368366973505594,0.08353978571428575,160067.5,32343401.0,0.655,0.717095,0.75
2024-05-21,0.88,1.04,0.771,1.02,562872.0,0.7896997499999999,0.8055243752550164,-0.03193296702059556,66.03777960312459,0.26,0.9657140592405301,0.6136854407594697,0.09903092857142862,186571.2,32906273.0,0.85,0.7383,0.76
2024-05-22,1.04,1.1799,0.8406,0.9156,1111569.0,0.79197975,0.816007768087872,-0.019758865916552848,57.49258977209688,0.15569999999999995,0.9734698981001686,0.6104896018998314,0.1202309285714286,241495.3,31794704.0,1.02,0.7043,0.7599
2024-05-23,0.9061,0.96,0.85,0.88,123963.0,0.79097975,0.8221022663652175,-0.012835465906487986,60.81820866420141,0.13,0.9701696761869784,0.6117898238130216,0.11840957142857145,246648.25,31670741.0,0.9156,0.6795,0.75
2024-05-24,0.8601,0.9,0.86,0.885,70397.0,0.79223975,0.8280925267113873,-0.0068660162029005045,60.11372193765136,0.16500000000000004,0.9738058721720039,0.6106736278279962,0.11640957142857146,249522.95,31741138.0,0.88,0.655,0.72
2024-05-28,0.862,0.882471,0.821,0.8501,82174.0,0.79224475,0.830188476548398,-0.004894896973785534,56.50719938885645,0.13300499999999993,0.973817574869542,0.6106719251304581,0.11651464285714289,252802.9,31658964.0,0.885,0.85,0.717095
2024-05-29,0.8,0.945,0.8,0.87889,496436.0,0.7936942499999999,0.834826716877122,-0.0009981525714864992,58.25173257208841,0.14059,0.9776522151429273,0.6097362848570725,0.12130757142857143,276878.9,32155400.0,0.8501,1.02,0.7383
2024-05-30,0.895,0.895,0.7047,0.8,121786.0,0.79272925,0.8315098866983485,-0.004226991464517438,53.16459607804613,0.09570000000000001,0.9763237775028647,0.6091347224971354,0.13275757142857145,281899.95,32033614.0,0.87889,0.9156,0.7043
2024-05-31,0.847,0.8896,0.751,0.8182,69691.0,0.7932442500000001,0.8302422784413629,-0.005256685986648524,56.30951208787936,0.13870000000000005,0.9770755902996578,0.6094129097003423,0.13730757142857142,284181.4,32103305.0,0.8,0.88,0.6795
2024-06-03,0.82,0.8507,0.7827,0.8507,21439.0,0.79912925,0.8321906328755188,-0.003410929091752002,58.269835642184866,0.19569999999999999,0.9823750998203136,0.6158834001796865,0.13725042857142858,269027.15,32124744.0,0.8182,0.885,0.655
2024-06-04,0.8088,0.8649,0.79,0.8001,26923.0,0.80163425,0.8291343821254693,-0.005962419180911116,53.69096161915782,-0.049899999999999944,0.9834161932077043,0.6198523067922956,0.138429,266816.65,32097821.0,0.8507,0.8501,0.85
2024-06-05,0.8,0.814,0.751,0.7801,31452.0,0.80263925,0.8244644409706627,-0.009488943551642759,54.6040953807705,-0.2399,0.9836727265859346,0.6216057734140654,0.14036935714285712,267583.9,32066369.0,0.8001,0.87889,1.02
2024-06-06,0.7895,0.8,0.771,0.771,17563.0,0.80319425,0.8193725894496472,-0.012869679758014896,55.66577403858817,-0.14459999999999995,0.9837434451986922,0.6226450548013078,0.13426221428571428,268006.2,32048806.0,0.7801,0.8,0.9156
2024-06-07,0.7641,0.79,0.739,0.76,6995.0,0.80369425,0.8137180571211093,-0.01624923450518534,56.6122562374725,-0.12,0.9836776828415308,0.6237108171584693,0.13196935714285712,267862.35,32041811.0,0.771,0.8182,0.88
2024-06-10,0.76,0.8,0.747,0.75697,46160.0,0.8055427500000001,0.8083134802524322,-0.018953566730097515,42.27338317996817,-0.12802999999999998,0.9826432332070165,0.6284422667929837,0.11661221428571429,266373.6,31995651.0,0.76,0.8507,0.885
2024-06-11,0.77,0.77,0.7359,0.75,18900.0,0.807188,0.8027598154664863,-0.0214123618376848,19.246889905106244,-0.10009999999999997,0.9814168973064816,0.6329591026935184,0.09983364285714284,265571.0,31976751.0,0.75697,0.8001,0.8501
2024-06-12,0.75,0.77,0.710101,0.74,38255.0,0.807273,0.7967826901839639,-0.023892473494471655,24.519704152081204,-0.13888999999999996,0.9813619926197787,0.6331840073802213,0.0798764285714286,264570.45,31938496.0,0.75,0.7801,0.87889
2024-06-13,0.72,0.75,0.71,0.7101,116837.0,0.807563,0.7885271958807292,-0.027948487084953122,24.932128337317636,-0.08990000000000009,0.9809476430515294,0.6341783569484707,0.07487642857142858,268261.25,31821659.0,0.74,0.771,0.8
2024-06-14,0.71,0.75,0.71,0.738,43291.0,0.810488,0.7837150819873264,-0.028582133302390678,29.683784577442125,-0.08020000000000005,0.9765972729240892,0.6443787270759108,0.07487642857142858,265996.5,31864950.0,0.7101,0.76,0.8182
2024-06-17,0.72,0.7351,0.71,0.72,60967.0,0.8137380000000001,0.7776469789409144,-0.030188754826534603,31.138365704195323,-0.13070000000000004,0.9692430786911417,0.6582329213088585,0.07227850000000001,265203.9,31803983.0,0.738,0.75697,0.8507
2024-06-18,0.712,0.73,0.71,0.71,28952.0,0.806738,0.7712044095179702,-0.031901193254423754,24.103773996587336,-0.09010000000000007,0.9678723539567324,0.6456036460432675,0.06334992857142858,154831.1,31775031.0,0.72,0.75,0.8001
2024-06-20,0.72,0.735,0.72,0.732,11408.0,0.792338,0.7674706562305444,-0.031124315235744437,37.36998319769775,-0.04810000000000003,0.9215365156497757,0.6631394843502243,0.05082850000000001,127257.9,31786439.0,0.71,0.74,0.7801
2024-06-21,0.75,0.75,0.7171,0.7171,15422.0,0.7824129999999999,0.7626734508752545,-0.03134956101840125,30.98909201260892,-0.05390000000000006,0.9018726092224416,0.6629533907775582,0.04327850000000002,72450.55,31771017.0,0.732,0.7101,0.771
2024-06-24,0.7171,0.74,0.71,0.71005,19979.0,0.7739155,0.7576616936490398,-0.0317311688233588,20.752754042260108,-0.04995000000000005,0.8882136997316395,0.6596173002683604,0.04056421428571431,67251.35,31751038.0,0.7171,0.738,0.76
2024-06-25,0.71,0.7252,0.71,0.71,84172.0,0.7651654999999999,0.7531224847300836,-0.03167252913792373,26.276985951143743,-0.04697000000000007,0.8700649984624939,0.660266001537506,0.036299928571428594,67940.1,31666866.0,0.71005,0.72,0.75697
2024-06-26,0.71,0.72,0.6869,0.705,32269.0,0.7579104999999999,0.7485393909462661,-0.031664506248439084,28.530586624195465,-0.04500000000000004,0.8580386970843705,0.6577823029156293,0.03416421428571431,65444.85,31634597.0,0.71,0.71,0.75
2024-06-27,0.71,0.71,0.65,0.65,48892.0,0.7464660000000001,0.7391546870466217,-0.0356848357154117,22.599636248211496,-0.08999999999999997,0.8405107488995343,0.6524212511004659,0.03637850000000002,43067.65,31585705.0,0.705,0.732,0.74
2024-06-28,0.66,0.66,0.637,0.637,20266.0,0.738316,0.7294256692326577,-0.0394650387114821,22.39676699481717,-0.07309999999999994,0.8407078544035977,0.6359241455964022,0.03437850000000002,37991.65,31565439.0,0.65,0.7171,0.7101
2024-07-01,0.65,0.6596,0.635,0.659,17666.0,0.7303559999999999,0.7227184626390712,-0.04022200646347862,29.739006426165005,-0.07899999999999996,0.8313424802613474,0.6293695197386524,0.032349928571428585,35390.4,31583105.0,0.637,0.71005,0.738
2024-07-02,0.653,0.655,0.6003,0.6027,54892.0,0.7179559999999999,0.7112881328639216,-0.04484786992596013,24.699414820364808,-0.11729999999999996,0.8176185407948245,0.6182934592051753,0.03382135714285716,37063.05,31528213.0,0.659,0.71,0.72
2024-07-03,0.62,0.651,0.51,0.575,45154.0,0.706701,0.6983083106864052,-0.05017072165807934,23.283677700869546,-0.135,0.8175211343847221,0.595880865615278,0.03961428571428573,37974.6,31483059.0,0.6027,0.705,0.71
2024-07-05,0.5563,0.625099,0.5563,0.5847,13533.0,0.696931,0.6874884715734142,-0.052995511809913354,28.274426902834477,-0.1473,0.8147381646279583,0.5791238353720416,0.04167135714285715,37078.65,31496592.0,0.575,0.65,0.732
2024-07-08,0.6094,0.6094,0.5401,0.5478,51933.0,0.685771,0.6741848076140414,-0.057548318727853376,18.044353989848958,-0.1693,0.8156988622353446,0.5558431377646554,0.043764214285714295,38797.15,31444659.0,0.5847,0.637,0.7171
2024-07-09,0.5131,0.5695,0.5131,0.542301,37909.0,0.6748860499999999,0.6616244449841328,-0.06089817805722286,18.83556145865873,-0.16774899999999993,0.814728057323241,0.5350440426767588,0.04599992857142858,40342.85,31406750.0,0.5478,0.659,0.71005
2024-07-10,0.539,0.619,0.5384,0.5594,25191.0,0.66500755,0.6518887835570725,-0.06146469261246501,24.229801917818662,-0.15059999999999996,0.8083052129330974,0.5217098870669026,0.050328500000000005,39294.4,31431941.0,0.542301,0.6027,0.71
2024-07-11,0.5981,0.61,0.5691,0.6001,20431.0,0.6575125500000001,0.6469565184563989,-0.05796136710087085,28.787253687635328,-0.1049,0.7977404239089865,0.5172846760910137,0.0521785,39370.95,31452372.0,0.5594,0.575,0.705
2024-07-12,0.636,0.636,0.5801,0.5892,18581.0,0.64997255,0.6414558976510276,-0.05542558365993444,29.162456554704193,-0.060800000000000076,0.7877203837053176,0.5122247162946824,0.05382135714285714,38387.25,31433791.0,0.6001,0.5847,0.65
2024-07-15,0.916,0.9784,0.685,0.74,30477014.0,0.6514675499999999,0.6508410502556916,-0.040777598652319336,53.322991011783316,0.10299999999999998,0.7925712021142581,0.5103638978857417,0.07263564285714286,1556396.1,61910805.0,0.5892,0.5478,0.637
2024-07-16,0.73,0.84,0.6951,0.81,1398436.0,0.6550675499999999,0.6659990454694352,-0.023252509613123085,59.604338021927234,0.15100000000000002,0.8085939001058495,0.5015411998941504,0.08189992857142855,1624153.35,63309241.0,0.74,0.542301,0.659
2024-07-17,0.7889,0.86,0.75,0.8201,651152.0,0.66007255,0.6806753268532986,-0.008451342885738344,60.94734837632467,0.21740000000000004,0.8283314994483303,0.49181360055166967,0.0873927857142857,1653662.6,63960393.0,0.81,0.5594,0.6027
2024-07-18,0.8378,0.889,0.76,0.786,335201.0,0.66387255,0.6907062481053654,0.0005210965131039469,63.4707330682961,0.21100000000000008,0.8401222378563363,0.4876228621436637,0.09232135714285714,1668975.05,63625192.0,0.8201,0.6001,0.575
2024-07-19,0.7724,0.79,0.616001,0.6888,222974.0,0.6617125500000001,0.6905247006667592,-0.00020899901682902566,54.39729716983392,0.10409999999999997,0.8354882617968692,0.48793683820313094,0.10310699999999999,1679553.35,63402218.0,0.786,0.5892,0.5847
2024-07-22,1.31,5.01,1.3,5.01,158147596.0,0.87635755,1.1019033006032584,0.3439324792650693,94.50515275300384,4.4622,2.829844416215328,-1.077129316215328,0.3663498571428571,9586162.05,221549814.0,0.6888,0.74,0.5478
2024-07-23,3.76,4.12,2.23,2.56,25641561.0,0.9688550499999999,1.2407696529267576,0.4141979409356722,63.43949051632516,2.017699,3.059556513568224,-1.121846413568224,0.49744271428571424,10867241.15,195908253.0,5.01,0.81,0.542301
2024-07-24,2.66,3.3,2.2001,2.36,10734843.0,1.0513550500000002,1.3473630193146855,0.44857460824677964,61.97311892337396,1.8005999999999998,3.227520592822126,-1.1248104928221259,0.5659355714285714,11399774.7,185173410.0,2.56,0.8201,0.5594
2024-07-25,3.28,3.73,2.6201,3.04,49289139.0,1.1681050499999999,1.5085665412847153,0.5246409471905651,65.11047194404546,2.4399,3.51024504751869,-1.1740349475186904,0.6402999285714286,13862618.2,234462549.0,2.36,0.786,0.6001
2024-07-26,2.9,3.3,2.55,2.71,4843150.0,1.2711050499999998,1.6229887754480758,0.5519334812795438,62.84333121161089,2.1208,3.6969970114894144,-1.154786911489415,0.6889213571428572,14102331.1,229619399.0,3.04,0.6888,0.5892
2024-07-29,2.81,2.81,2.25,2.29,1843005.0,1.35375505,1.6865136539768306,0.5335224072148352,59.894018303178406,1.55,3.8012224132183468,-1.0937123132183466,0.7248927857142858,14193468.05,227776394.0,2.71,5.01,0.74
2024-07-30,2.59,2.78,2.29,2.295,4055779.0,1.43555505,1.7444647345504658,0.5134166094982577,59.83900217259115,1.4849999999999999,3.8945831431162135,-1.0234730431162133,0.7541356428571427,14395373.7,231832173.0,2.29,2.56,0.81
2024-07-31,2.35,2.41,1.95,2.1,2022880.0,1.51042005,1.77832523602185,0.4762577468521392,58.356640538315744,1.2799,3.95380576036865,-0.9329656603686498,0.7840713571428573,14493773.1,229809293.0,2.295,2.36,0.8201
2024-08-01,2.06,2.675,2.06,2.43,4715145.0,1.60317005,1.8403894992578642,0.4680420253399804,59.90380260844758,1.6440000000000001,4.0378623176078605,-0.8315222176078609,0.8240070714285714,14727272.65,234524438.0,2.1,3.04,0.786
2024-08-02,2.38,2.7899,2.07,2.17,3352006.0,1.68243505,1.87178097551902,0.43553065356609233,57.60427958155616,1.4811999999999999,4.080463043569549,-0.7155929435695487,0.854471357142857,14894196.3,231172432.0,2.43,2.71,0.6888
2024-08-05,2.13,2.1899,1.85,2.1,1728046.0,1.76004505,1.8935161207076847,0.3995114232348631,56.85980465019916,-2.9099999999999997,4.103302084849265,-0.5832119848492647,0.8683999285714286,14978001.95,229444386.0,2.17,2.29,5.01
2024-08-06,2.13,2.38,2.04,2.28,1311076.0,1.8469299999999997,1.9303241092117147,0.3810973661135535,57.625489599712,-0.28000000000000025,4.128112840084192,-0.43425284008419296,0.8848285,15041660.3,230755462.0,2.1,2.295,2.56
2024-08-07,2.3,2.35,2.06,2.13,626807.0,1.92546,1.9493408607153608,0.35036159642230724,56.93612972244067,-0.22999999999999998,4.12675544959801,-0.27583544959800954,0.8963285000000001,15071741.1,230128655.0,2.28,2.1,2.36
2024-08-08,2.1,2.15,2.01,2.12,562928.0,2.001455,1.9655941120758027,0.32149041964064073,57.45323492851464,-0.9199999999999999,4.113218780126102,-0.11030878012610268,0.8939,15098865.95,229565727.0,2.13,2.43,3.04
2024-08-09,2.07,2.1501,1.98,2.1,848797.0,2.0769949999999997,1.9783946728304882,0.293611401713469,22.547169751762183,-0.6099999999999999,4.081409383541294,0.07258061645870528,0.64105,15140376.75,228716930.0,2.12,2.17,2.71
2024-08-12,2.1,2.2,1.91,2.11,4239810.0,2.145495,1.9909285135132988,0.26922058821589845,42.13286692662233,-0.18000000000000016,4.048603512518641,0.2423864874813586,0.5267642857142858,13828516.55,232956740.0,2.1,2.1,2.29
2024-08-13,1.98,2.09,1.95,2.05,762621.0,2.207495,1.9965543693691752,0.24225661083288608,44.30147036021302,-0.2450000000000001,4.005291718764351,0.40969828123564933,0.45820000000000005,13796725.8,232194119.0,2.11,2.28,2.295
2024-08-14,1.98,2.12,1.91,1.93,977103.0,2.26299,1.9902158580006823,0.20879757887445738,24.305555398019536,-0.17000000000000015,3.9452748896976795,0.5807051103023204,0.3939214285714286,13813023.35,231217016.0,2.05,2.13,2.1
2024-08-15,1.97,2.0,1.87,1.88,416781.0,2.31769,1.979719109619665,0.17621517402648768,27.92553170693752,-0.5500000000000003,3.863361832672014,0.7720181673279858,0.3496357142857143,13817102.35,230800235.0,1.93,2.12,2.43
2024-08-16,1.93,1.93,1.75,1.93,535781.0,2.37975,1.974983956322554,0.1526681027114758,38.07946984562081,-0.24,3.7384044233561156,1.0210955766438843,0.32249285714285714,13832742.7,231336016.0,1.88,2.1,2.17
2024-08-19,1.88,1.9088,1.72,1.78,670275.0,2.21825,1.956414055720406,0.12051392317820397,34.4410873219485,-0.32000000000000006,2.8143891130475596,1.62211088695244,0.3009785714285715,5958876.65,230665741.0,1.93,2.11,2.1
2024-08-20,1.78,2.01,1.72,1.94,453610.0,2.1872499999999997,1.9548508123184625,0.10671205688033569,45.06172800563939,-0.33999999999999986,2.7729522325918046,1.601547767408195,0.28883571428571425,4699479.1,231119351.0,1.78,2.05,2.28
2024-08-21,1.87,2.0,1.84,1.98,238351.0,2.16825,1.9572459730500376,0.09787342023957879,33.08270641867827,-0.1499999999999999,2.7550098361024924,1.5814901638975079,0.2563357142857143,4174654.5,231357702.0,1.94,1.93,2.13
2024-08-22,1.99,2.0,1.87,1.87,260812.0,2.10975,1.9489368327595578,0.08105826709562858,37.28813515081873,-0.25,2.544048890530073,1.6754511094699271,0.2142,1723238.15,231096890.0,1.98,1.88,2.12
2024-08-23,1.93,1.93,1.825,1.85,5771254.0,2.06675,1.9395142772586476,0.06536481928269011,38.938052614926775,-0.25,2.4119772325659197,1.7215227674340798,0.1974214285714286,1769643.35,225325636.0,1.87,1.93,2.1
2024-08-26,2.64,2.7,2.08,2.11,27783458.0,2.05775,1.955751012757824,0.07306522545611283,42.97520611433645,0.0,2.387510279756558,1.727989720243442,0.21742142857142863,3066666.0,253109094.0,1.85,1.78,2.11
2024-08-27,2.08,2.13,1.91,1.96,2741038.0,2.041,1.9561556782094598,0.06629984311929538,42.97520611433645,-0.08999999999999986,2.353605350662808,1.7283946493371916,0.2124214285714286,3000928.95,250368056.0,2.11,1.94,2.05
2024-08-28,1.96,1.98,1.68,1.72,1426873.0,2.022,1.9336646612371302,0.0410984769961622,36.111110760030854,-0.20999999999999996,2.3642895050436348,1.679710494956365,0.22384999999999997,2971128.6,248941183.0,1.96,1.98,1.93
2024-08-29,1.72,1.9,1.72,1.87,728348.0,1.9940000000000002,1.9276013601669273,0.032851270172207014,42.675158855125964,-0.009999999999999787,2.283274955707986,1.7047250442920143,0.22455714285714287,2771788.75,249669531.0,1.72,1.87,1.88
2024-08-30,1.82,1.94,1.78,1.93,583629.0,1.982,1.9278298020557914,0.030801734677806225,44.44444406035665,0.0,2.2602350388465875,1.7037649611534127,0.21527142857142856,2633369.9,250253160.0,1.87,1.85,1.93
2024-09-03,1.93,1.93,1.75,1.8,659451.0,1.9669999999999999,1.915655535193335,0.018474585967994672,42.60354994292917,0.020000000000000018,2.250741913865517,1.6832580861344828,0.21812857142857142,2579940.15,249593709.0,1.93,2.11,1.78
2024-09-04,1.78,1.82,1.7,1.7,537709.0,1.9380000000000002,1.8951169127939698,0.0006288189103229591,43.113772093657,-0.24,2.2051171633332896,1.670882836666711,0.21169999999999997,2541271.8,249056000.0,1.8,1.96,1.94
2024-09-05,1.7,1.71,1.53,1.58,594330.0,1.9105,1.8651057782421632,-0.022932723011203082,41.37931001189061,-0.3999999999999999,2.2061153261461337,1.6148846738538665,0.21527142857142856,2539647.95,248461670.0,1.7,1.72,1.98
2024-09-06,1.56,1.628,1.54,1.55,212847.0,1.8820000000000001,1.835095704123862,-0.043524441346972864,38.95348805502975,-0.32000000000000006,2.2015127869937032,1.5624872130062968,0.20869999999999997,2522143.9,248248823.0,1.58,1.87,1.87
2024-09-09,1.59,1.59,1.44,1.46,551234.0,1.85,1.7993723037311133,-0.066341036149268,40.36144544273479,-0.3900000000000001,2.2039253563883032,1.496074643611697,0.20592857142857143,2507265.75,247697589.0,1.55,1.93,1.85
2024-09-10,1.48,1.48,1.29,1.29,1861481.0,1.809,1.7508606557567217,-0.09702251598891865,30.53892189967371,-0.8199999999999998,2.2212799253443634,1.3967200746556365,0.19878571428571426,2388349.3,245836108.0,1.46,1.8,2.11
2024-09-11,1.3,1.49,1.22,1.41,1112823.0,1.777,1.7183977361608433,-0.11038239317794285,33.714285444571416,-0.55,2.209378976069854,1.344621023930146,0.20664285714285713,2405859.4,246948931.0,1.29,1.7,1.96
2024-09-12,1.37,1.395,1.3,1.34,575694.0,1.7474999999999998,1.6823598565264772,-0.12517565999681546,34.5029236941281,-0.3799999999999999,2.2150073880641696,1.27999261193583,0.20414285714285713,2385788.95,246373237.0,1.41,1.58,1.72
2024-09-13,1.41,1.41,1.33,1.35,312482.0,1.721,1.6507065368572889,-0.1345416022625061,35.29411735640139,-0.52,2.2161512262349246,1.2258487737650756,0.20235714285714287,2380574.0,246685719.0,1.34,1.55,1.87
2024-09-16,1.35,1.43,1.28,1.28,598529.0,1.6885000000000001,1.6154011523946898,-0.14593039916646444,22.516556082627957,-0.6499999999999999,2.210491127167836,1.1665088728321642,0.16878571428571426,2383711.4,246087190.0,1.35,1.46,1.93
2024-09-17,1.28,1.32,1.22,1.31,404698.0,1.6650000000000003,1.5863153283571003,-0.15079705885919936,26.61870476786916,-0.49,2.211394883230887,1.1186051167691138,0.16021428571428567,2370432.55,246491888.0,1.28,1.29,1.8
2024-09-18,1.3,1.315,1.17,1.17,1127065.0,1.6265,1.546666249465948,-0.16405957503828517,28.68217023135628,-0.53,2.1991861912810977,1.0538138087189024,0.1491428571428571,2404105.3,245364823.0,1.31,1.41,1.7
2024-09-19,1.21,1.21,1.16,1.16,368015.0,1.5855000000000001,1.509840892373953,-0.1733785313031717,19.13043454971644,-0.42000000000000015,2.1689371837381115,1.0020628162618888,0.13985714285714285,2410588.5,244996808.0,1.17,1.34,1.58
2024-09-20,1.18,1.18,1.1,1.12,465448.0,1.5479999999999998,1.4727131883383384,-0.18189476733538412,14.15929185997338,-0.42999999999999994,2.150541983686696,0.9454580163133035,0.13414285714285712,2420820.3,244531360.0,1.16,1.35,1.55
2024-09-23,1.15,1.15,1.06,1.06,318669.0,1.5085000000000002,1.4334071704013538,-0.19128048197664582,15.094339423282307,-0.3999999999999999,2.130932410196474,0.8860675898035261,0.1277142857142857,2148191.05,244212691.0,1.12,1.28,1.46
2024-09-24,1.05,1.17,1.05,1.11,350728.0,1.4585000000000001,1.4026064875059867,-0.1924655235684214,20.79207891971376,-0.17999999999999994,2.036564829727819,0.8804351702721809,0.12771428571428567,776554.55,244563419.0,1.06,1.31,1.29
2024-09-25,1.11,1.16,1.08,1.1,322996.0,1.4155000000000002,1.373786822029226,-0.1919983564555472,23.333332970370364,-0.30999999999999983,1.9636634408591718,0.8673365591408287,0.12057142857142852,655652.45,244240423.0,1.11,1.17,1.41
2024-09-26,1.08,1.1099,1.07,1.07,187804.0,1.383,1.3448547437407283,-0.19183748927023636,23.333332970370364,-0.27,1.932223375130103,0.8337766248698971,0.11713571428571425,593699.0,244052619.0,1.1,1.16,1.34
2024-09-27,1.1,1.2696,1.1,1.16,1586296.0,1.3475,1.327249530051135,-0.18234578433398685,33.33333281481481,-0.19000000000000017,1.8543322674892033,0.8406677325107965,0.11853571428571423,636596.4,245638915.0,1.07,1.12,1.35
2024-09-30,1.22,1.36,1.18,1.3,1575841.0,1.316,1.3246543367129318,-0.16166315756992589,50.57471182983223,0.020000000000000018,1.742313450285775,0.8896865497142252,0.11782142857142854,686207.0,247214756.0,1.16,1.06,1.28
2024-10-01,1.32,1.32,1.125,1.19,776306.0,1.2855,1.311830114168843,-0.15239143394923738,37.20930171984857,-0.1200000000000001,1.6486137272910404,0.9223862727089598,0.11246428571428568,692049.75,246438450.0,1.3,1.11,1.31
2024-10-02,1.17,1.27,1.17,1.2,503064.0,1.2605,1.3011796271051437,-0.14259288770577117,41.24999927812501,0.030000000000000027,1.5680523062057152,0.9529476937942847,0.11282142857142854,690317.5,246941514.0,1.19,1.1,1.17
2024-10-03,1.2,1.2,1.17,1.17,165978.0,1.2399999999999998,1.2886863292856061,-0.13568413623029718,39.02438957763237,0.010000000000000009,1.5102825032790115,0.9697174967209882,0.10924999999999999,668899.9,246775536.0,1.2,1.07,1.16
2024-10-04,1.18,1.1929,1.12,1.15,406753.0,1.2200000000000002,1.2754781074488817,-0.13032048038770294,41.55844080283354,0.029999999999999805,1.4498741074218204,0.99012589257818,0.10374285714285714,678595.2,246368783.0,1.17,1.16,1.12
2024-10-07,1.17,1.17,1.07,1.12,267450.0,1.203,1.2606706686442264,-0.12702621463737884,37.6623369775679,0.06000000000000005,1.4069711021839508,0.9990288978160494,0.10374285714285712,664406.0,246101333.0,1.15,1.3,1.06
2024-10-08,1.11,1.16,1.09,1.1,182295.0,1.1935,1.2453687002019191,-0.12459308660332513,44.615383654437906,-0.010000000000000009,1.3981074547178944,0.9888925452821056,0.09838571428571426,580446.7,245919038.0,1.12,1.19,1.11
2024-10-09,1.1,1.125,1.09,1.09,246090.0,1.1775,1.2305716811350698,-0.12206464627337832,44.615383654437906,-0.010000000000000009,1.3596364439379034,0.9953635560620966,0.09731428571428567,537110.05,245672948.0,1.1,1.2,1.1
2024-10-10,1.1,1.15,1.07,1.08,175548.0,1.1645,1.2162315210269679,-0.11949034520255375,46.77419249219565,0.010000000000000009,1.334512383449365,0.9944876165506351,0.09731428571428567,517102.75,245497400.0,1.09,1.17,1.07
2024-10-11,1.08,1.1,1.05,1.09,248941.0,1.1515,1.204209471405352,-0.11531400852087326,52.631577654663005,-0.06999999999999984,1.300217322814394,1.0027826771856059,0.09445714285714282,513925.7,245746341.0,1.08,1.15,1.16
2024-10-14,1.11,1.11,1.06,1.07,215152.0,1.141,1.1914276169857947,-0.11232327170722045,46.29629509602197,-0.22999999999999998,1.2809097453429257,1.0010902546570744,0.08945714285714283,494756.85,245531189.0,1.09,1.12,1.3
2024-10-15,1.1,1.1,1.02,1.05,269685.0,1.1280000000000001,1.1779583201300048,-0.11029550614988004,45.454544297520684,-0.1399999999999999,1.248804321985361,1.0071956780146392,0.08945714285714286,488006.2,245261504.0,1.07,1.1,1.19
2024-10-16,1.05,1.12,1.02,1.1,436459.0,1.1244999999999998,1.1705337182128615,-0.10346126810776468,52.631577654663005,-0.09999999999999987,1.2442321572239492,1.0047678427760505,0.09375,453475.9,245697963.0,1.05,1.09,1.2
2024-10-17,1.07,1.1,1.07,1.09,177975.0,1.121,1.162863840287827,-0.09772548311052276,42.857141632653125,-0.07999999999999985,1.240454902302194,1.001545097697806,0.08377857142857144,443973.9,245519988.0,1.1,1.08,1.17
2024-10-18,1.11,1.1194,1.06,1.1,211491.0,1.12,1.1568768078794627,-0.0913202329490681,22.222221358024754,-0.04999999999999982,1.239824432970318,1.0001755670296821,0.0751642857142857,431276.05,245731479.0,1.09,1.09,1.15
2024-10-21,1.15,1.2,1.04,1.05,2935004.0,1.1195,1.146698064271895,-0.0892497921334856,26.666665422222295,-0.07000000000000006,1.2404567125694377,0.9985432874305622,0.0726642857142857,562092.8,242796475.0,1.1,1.07,1.12
2024-10-22,1.05,1.08,1.04,1.05,398058.0,1.1165,1.1374887248174288,-0.08661056024510527,24.137929869203404,-0.050000000000000044,1.2413620291185654,0.9916379708814348,0.0683785714285714,564459.3,242796475.0,1.05,1.05,1.1
2024-10-23,1.06,1.1,1.04,1.07,442797.0,1.1150000000000002,1.131061227215769,-0.081960329446636,32.14285553571439,-0.020000000000000018,1.2414078611805335,0.988592138819467,0.07052142857142854,570449.35,243239272.0,1.05,1.1,1.09
2024-10-24,1.07,1.14,1.06,1.13,542742.0,1.118,1.1309601579571242,-0.07259664059393178,46.87499794921883,0.04999999999999982,1.2427481673732081,0.9932518326267921,0.0710285714285714,588196.25,243782014.0,1.07,1.09,1.08
2024-10-25,1.17,1.3,1.12,1.29,5531355.0,1.1245,1.1461068095802553,-0.051669572227258875,68.88888674567906,0.19999999999999996,1.2702431049188787,0.9787568950811215,0.07674285714285711,785449.2,249313369.0,1.13,1.1,1.09
2024-10-28,1.39,1.99,1.33,1.57,23291169.0,1.1380000000000001,1.186477589620231,-0.01234871157349482,83.09858991073202,0.5,1.374162299232465,0.9018377007675353,0.11888571428571426,1871215.6,272604538.0,1.29,1.05,1.07
2024-10-29,1.64,1.9,1.52,1.73,4962042.0,1.165,1.2382416287040185,0.0313624893550839,87.20930090589509,0.6799999999999999,1.519846149018842,0.8101538509811581,0.1435285714285714,2080502.4,277566580.0,1.57,1.05,1.05
2024-10-30,1.74,2.56,1.73,2.2,16265242.0,1.215,1.3298376640655405,0.10274462695492037,92.42424144398531,1.1,1.798654548152216,0.6313454518477842,0.1971,2868611.3,293831822.0,1.73,1.07,1.1
2024-10-31,2.3,2.45,2.06,2.19,4845589.0,1.2660000000000002,1.411757886535489,0.15670220339974716,91.66666569444443,1.0999999999999999,1.9936031306895923,0.5383968693104082,0.22138571428571427,3102591.85,288986233.0,2.2,1.13,1.09
2024-11-01,2.18,2.25,1.71,1.9,3216054.0,1.3035,1.458257135436871,0.17405697465025294,76.10062826074918,0.7999999999999998,2.081494046790802,0.5255059532091981,0.2563857142857143,3243056.9,285770179.0,2.19,1.29,1.1
2024-11-04,1.86,2.21,1.7901,1.85,2496451.0,1.34,1.4955659796809786,0.181681858397595,74.69135737921049,0.8,2.149600291241778,0.5303997087582218,0.2806642857142857,3354506.95,283273728.0,1.9,1.57,1.05
2024-11-05,1.86,1.9699,1.85,1.87,757644.0,1.3785,1.5312263625685045,0.18718076323210564,74.21383582453225,0.8200000000000001,2.212899248119858,0.5441007518801421,0.2820857142857142,3383274.4,284031372.0,1.85,1.73,1.05
2024-11-06,1.9,1.95,1.65,1.7,1187260.0,1.4090000000000003,1.547300042323885,0.17579465433368768,67.42857088914286,0.6299999999999999,2.2435916114451215,0.5744083885548789,0.3013714285714285,3430332.9,282844112.0,1.87,2.2,1.07
2024-11-07,1.78,1.83,1.66,1.69,815820.0,1.4395,1.560890514483515,0.16407283506190495,66.85714232228571,0.56,2.268030087119947,0.6109699128800531,0.30927142857142853,3462346.5,282028292.0,1.7,2.19,1.13
2024-11-08,1.67,1.7183,1.54,1.57,721579.0,1.4635,1.5617580845327041,0.14344664805355523,64.28571379120879,0.28,2.277076250752997,0.649923749247003,0.3105785714285715,3485978.4,281306713.0,1.69,1.9,1.29
2024-11-11,1.53,1.7499,1.53,1.71,889702.0,1.4955,1.5758763621962562,0.13681990155904344,66.83673421647231,0.1399999999999999,2.2941165669784613,0.696883433021539,0.32342857142857145,3519705.9,282196415.0,1.57,1.85,1.57
2024-11-12,1.69,1.7,1.52,1.6,618170.0,1.5230000000000001,1.5781738515108985,0.12129387622519139,62.926828838548495,-0.1299999999999999,2.294440211552284,0.7515597884477163,0.33199999999999996,3537130.15,281578245.0,1.71,1.87,1.73
2024-11-13,1.65,1.65,1.484,1.56,666373.0,1.546,1.5764430085098606,0.1045564617759176,60.59113258705624,-0.6400000000000001,2.2913264915103997,0.8006735084896003,0.3381428571428571,3548625.85,280911872.0,1.6,1.7,2.2
2024-11-14,1.55,1.55,1.42,1.5,334759.0,1.5665,1.569162721985112,0.08546525146072503,55.44041410561358,-0.69,2.28093094764099,0.8520690523590101,0.3345714285714285,3556465.05,280577113.0,1.56,1.69,2.19
2024-11-15,1.5,1.5599,1.47,1.54,244445.0,1.5885,1.5663853198912918,0.07272467071276467,49.11242562865446,-0.3599999999999999,2.2687251949092366,0.9082748050907634,0.29384999999999994,3558112.75,280821558.0,1.5,1.57,1.9
2024-11-18,1.58,1.5839,1.41,1.41,395170.0,1.6065,1.551491479901645,0.05154359268284914,40.3614454427348,-0.44000000000000017,2.2444663412997703,0.9685336587002297,0.27912857142857145,3431121.05,280426388.0,1.54,1.71,1.85
2024-11-19,1.43,1.44,1.3507,1.4,384753.0,1.6239999999999999,1.5370637199110122,0.03356361881118253,16.666666472222218,-0.4700000000000002,2.2151772376501198,1.03282276234988,0.2262214285714286,3430455.8,280041635.0,1.41,1.6,1.87
2024-11-20,1.4,1.41,1.13,1.265,1000294.0,1.6337499999999998,1.5111528894432968,0.008325022543612226,15.094339463154157,-0.43500000000000005,2.191969679450799,1.0755303205492004,0.21836428571428573,3458330.65,279041341.0,1.4,1.56,1.7
2024-11-21,1.26,1.329,1.19,1.26,458429.0,1.64025,1.4872335666391734,-0.011942538891585253,19.230768971893497,-0.42999999999999994,2.176361486834247,1.1041385131657528,0.1897214285714286,3454115.0,278582912.0,1.265,1.5,1.69
2024-11-22,1.28,1.3368,1.23,1.32,382913.0,1.64175,1.4713065602925854,-0.02289926037057599,24.761904431746032,-0.25,2.1738884366772537,1.1096115633227464,0.16735714285714284,3196692.9,278965825.0,1.26,1.54,1.57
2024-11-25,1.35,1.425,1.2701,1.31,571165.0,1.6287500000000001,1.4559440307409106,-0.03202034688122479,23.07692276627219,-0.3999999999999999,2.180606913186214,1.0768930868137865,0.1698571428571429,2060692.7,278394660.0,1.32,1.41,1.71
2024-11-26,1.26,1.33,1.23,1.28,321365.0,1.60625,1.4391874563846334,-0.04119475543648776,26.666666251851865,-0.32000000000000006,2.1770930976241187,1.0354069023758812,0.1555714285714286,1828658.85,278073295.0,1.31,1.4,1.6
2024-11-27,1.3,1.3,1.25,1.27,495670.0,1.55975,1.4230743653003826,-0.048710947262554205,26.666666251851865,-0.29000000000000004,2.0758331736310507,1.0436668263689493,0.147,1040180.25,277577625.0,1.28,1.265,1.56
2024-11-29,1.28,1.2998,1.25,1.29,131315.0,1.5147499999999998,1.4104006162241556,-0.05244914943668766,32.499999431250004,-0.20999999999999996,1.9500777652042502,1.0794222347957494,0.1378214285714286,804466.55,277708940.0,1.27,1.26,1.5
2024-12-02,1.27,1.44,1.27,1.43,821809.0,1.49125,1.4122672242028074,-0.043612138041135395,32.499999431250004,-0.1100000000000001,1.888051355578966,1.094448644421034,0.13425714285714288,684754.3,278530749.0,1.29,1.32,1.54
2024-12-03,1.49,1.49,1.34,1.36,503578.0,1.4667499999999998,1.4072893933263495,-0.04177559477631676,34.210525685595584,-0.04999999999999982,1.829317960961279,1.1041820390387205,0.13211428571428574,585110.65,278027171.0,1.43,1.31,1.41
2024-12-04,1.34,1.36,1.24,1.28,713879.0,1.4372500000000001,1.3951665939619353,-0.046242398830616205,32.499999431250004,-0.11999999999999988,1.7548971892555234,1.1196028107444769,0.12882857142857146,582922.4,277313292.0,1.36,1.28,1.4
2024-12-05,1.26,1.26,1.18,1.19,465125.0,1.41175,1.3756269183465129,-0.056394539912093755,31.325300676440705,-0.07499999999999996,1.7223906792079482,1.101109320792052,0.1252571428571429,546815.65,276848167.0,1.28,1.27,1.265
2024-12-06,1.24,1.24,1.17,1.19,336786.0,1.38675,1.3579481642182736,-0.06370582378034961,27.848100772312137,-0.07000000000000006,1.6832608500718873,1.0902391499281125,0.12383571428571431,522863.95,276848167.0,1.19,1.29,1.26
2024-12-09,1.19,1.24,1.18,1.23,378053.0,1.36975,1.3457626247689143,-0.06551716215258008,37.142856400000014,-0.09000000000000008,1.6609629804796247,1.0785370195203754,0.11570000000000003,505687.65,277226220.0,1.19,1.43,1.32
2024-12-10,1.3,1.315,1.21,1.25,972064.0,1.34675,1.3366423747909224,-0.06459422598094133,39.436618940686394,-0.06000000000000005,1.5941847335526003,1.0993152664473995,0.1168214285714286,509805.75,278198284.0,1.23,1.36,1.31
2024-12-11,1.28,1.28,0.97,1.15,932967.0,1.3242500000000001,1.3188669105251203,-0.07111221928255529,41.48148062112484,-0.13000000000000012,1.5560683272347762,1.0924316727652241,0.11896428571428574,525545.6,277265317.0,1.25,1.28,1.28
2024-12-12,1.13,1.1499,1.0715,1.12,314737.0,1.30225,1.299927204760823,-0.07780167592304221,39.99999920000002,-0.1499999999999999,1.5231208839305093,1.0813791160694906,0.11463571428571431,507963.8,276950580.0,1.15,1.19,1.27
2024-12-13,1.13,1.1415,1.08,1.12,263778.0,1.28325,1.2827912804978876,-0.0821560744200267,34.37499924804689,-0.16999999999999993,1.4977819262213523,1.0687180737786477,0.11140000000000003,504414.75,276950580.0,1.12,1.19,1.29
2024-12-16,1.14,1.16,1.1,1.1,210927.0,1.26125,1.2653825871171365,-0.08622683022911226,33.84615311715979,-0.32999999999999985,1.4540650190694935,1.0684349809305065,0.10462142857142857,502738.85,276739653.0,1.12,1.23,1.43
2024-12-17,1.1,1.1228,1.0401,1.07,359350.0,1.24425,1.2467747216774092,-0.09082668927919735,33.84615311715979,-0.29000000000000004,1.441741505479763,1.046758494520237,0.10338571428571429,500947.85,276380303.0,1.1,1.25,1.36
2024-12-18,1.07,1.1,1.04,1.05,357225.0,1.2267500000000002,1.2280342719938464,-0.09499094706169076,33.33333262626263,-0.22999999999999998,1.4281209590723432,1.0253790409276573,0.1041,499571.45,276023078.0,1.07,1.15,1.28
2024-12-19,1.08,1.08,0.98,1.0,1300038.0,1.2135000000000002,1.2063167222801467,-0.10115962826378766,28.98550665826508,-0.18999999999999995,1.437837621501327,0.9891623784986735,0.10768571428571429,514558.65,274723040.0,1.05,1.12,1.19
2024-12-20,1.02,1.09,1.0,1.06,390201.0,1.2035,1.1923817963487042,-0.10005349953878628,19.672130696049464,-0.1299999999999999,1.436762896636366,0.9702371033636341,0.10197142857142859,511147.25,275113241.0,1.0,1.12,1.19
2024-12-23,1.12,1.12,1.03,1.05,239517.0,1.19,1.1788216252678754,-0.09884438444610488,21.818181262809944,-0.17999999999999994,1.426108806317917,0.953891193682083,0.0976857142857143,503977.45,274873724.0,1.06,1.1,1.23
2024-12-24,1.07,1.1,1.05,1.1,209819.0,1.1795,1.171314803813792,-0.09278203633137672,32.69230681213021,-0.1499999999999999,1.4117861212063298,0.9472138787936701,0.0926857142857143,485910.15,275083543.0,1.05,1.07,1.25
2024-12-26,1.12,1.2,1.075,1.2,761437.0,1.1755,1.1740467272600974,-0.07899778027191329,50.94339488074052,0.050000000000000044,1.4032094177832504,0.9477905822167496,0.09590000000000001,507913.75,275844980.0,1.1,1.05,1.15
2024-12-27,1.19,1.1999,1.1,1.18,514818.0,1.171,1.1746137056162786,-0.06889333144729548,49.09090784132235,0.05999999999999983,1.3943618730124006,0.9476381269875995,0.0980357142857143,508871.15,275330162.0,1.2,1.0,1.12
2024-12-30,1.19,1.19,1.09,1.14,442605.0,1.1635,1.1713171622242522,-0.06338251448843346,41.818180753719034,0.019999999999999796,1.3800057432077109,0.9469942567922891,0.10089285714285713,524435.65,274887557.0,1.18,1.06,1.12
2024-12-31,1.14,1.2,1.11,1.14,464436.0,1.149,1.168334575345752,-0.058342614996579334,39.622640462798174,0.039999999999999813,1.3255040628720591,0.9724959371279409,0.09982142857142855,506567.0,274887557.0,1.14,1.05,1.1
2025-01-02,1.17,1.2,1.13,1.15,292987.0,1.1385,1.1665884253128231,-0.052931381890465756,49.99999840909096,0.07999999999999985,1.2845028838930252,0.9924971161069748,0.0826785714285714,496037.45,275180544.0,1.14,1.1,1.07
2025-01-03,1.17,1.26,1.12,1.26,306416.0,1.1375,1.175484765759221,-0.03931367638693284,63.461536752958615,0.20999999999999996,1.2796452185538147,0.9953547814461852,0.08707857142857141,475664.3,275486960.0,1.15,1.2,1.05
2025-01-06,1.28,1.3,1.22,1.26,394015.0,1.141,1.183533835686914,-0.02819651479428531,63.461536752958615,0.26,1.2917734445410216,0.9902265554589784,0.08839999999999999,472108.8,275486960.0,1.26,1.18,1.0
2025-01-07,1.24,1.5,1.225,1.49,1712525.0,1.1560000000000001,1.2127210894310174,-0.0008175817539728403,76.71232729592796,0.42999999999999994,1.3726151085750384,0.939384891424962,0.10375714285714285,540895.75,277199485.0,1.26,1.14,1.06
2025-01-08,1.39,1.47,1.26,1.33,653628.0,1.161,1.2238905094852062,0.007878933667979426,65.116278009735,0.28,1.389118159594233,0.9328818404057669,0.11284999999999999,554674.5,276545857.0,1.49,1.14,1.05
2025-01-10,1.32,1.333,1.25,1.26,365925.0,1.1615,1.2273295085818532,0.00901860889979278,61.53846059171599,0.15999999999999992,1.3904817276089192,0.9325182723910808,0.11449285714285713,524367.55,276179932.0,1.33,1.15,1.1
2025-01-13,1.26,1.29,1.16,1.19,353683.0,1.1635,1.2237743172883433,0.00422469509110579,60.2150528569777,-0.010000000000000009,1.3927573823636634,0.9342426176363364,0.11663571428571427,495403.35,275826249.0,1.26,1.26,1.2
2025-01-14,1.19,1.22,1.13,1.17,242855.0,1.166,1.2186529537370725,-0.0011748065549144204,56.17977439717208,-0.010000000000000009,1.3943487637246037,0.9376512362753961,0.11663571428571427,491809.25,275583394.0,1.19,1.26,1.18
2025-01-15,1.17,1.19,1.14,1.19,160140.0,1.1695,1.2159241010002084,-0.0037963556330802284,57.77777687901235,0.050000000000000044,1.3970244347776097,0.9419755652223902,0.11377857142857141,486627.35,275743534.0,1.17,1.49,1.14
2025-01-16,1.18,1.21,1.16,1.2,140474.0,1.1744999999999999,1.2144075199525695,-0.005009291741238098,55.81395257977285,0.06000000000000005,1.3999796057992768,0.9490203942007229,0.11377857142857141,483104.7,275884008.0,1.19,1.33,1.14
2025-01-17,1.22,1.2546,1.19,1.21,183808.0,1.1815,1.213987756147563,-0.005104791065393632,50.64934972845338,0.06000000000000005,1.4019564642540507,0.9610435357459491,0.1094642857142857,474327.6,276067816.0,1.2,1.26,1.15
2025-01-21,1.22,1.23,1.15,1.17,210016.0,1.1874999999999998,1.2097984460382711,-0.008312321406934053,49.36708773273516,-0.09000000000000008,1.3992471182922732,0.9757528817077264,0.10804285714285713,466967.15,275857800.0,1.21,1.19,1.26
2025-01-22,1.18,1.2107,1.165,1.19,182355.0,1.197,1.207912879748912,-0.009135174849373096,53.24675227863049,-0.07000000000000006,1.3895015379291353,1.0044984620708648,0.10416428571428572,411083.0,276040155.0,1.17,1.17,1.26
2025-01-23,1.17,1.19,1.12,1.13,185208.0,1.2005,1.2004926054871108,-0.014462080824508616,49.397589528233425,-0.3600000000000001,1.3848880347751455,1.0161119652248543,0.10273571428571429,400833.35,275854947.0,1.19,1.19,1.49
2025-01-24,1.14,1.15,1.11,1.14,198451.0,1.2049999999999998,1.1947314049645288,-0.017673051821272878,49.397589528233425,-0.19000000000000017,1.3779618150734538,1.0320381849265459,0.10059285714285714,398780.05,276053398.0,1.13,1.2,1.33
2025-01-27,1.17,1.17,1.1,1.12,148045.0,1.206,1.1876141283012402,-0.021582809134164327,40.54053977355736,-0.1399999999999999,1.3766211562122,1.0353788437878,0.09559285714285713,395691.35,275905353.0,1.14,1.21,1.26
2025-01-28,1.16,1.2,1.115,1.17,289588.0,1.2045,1.1859365922725507,-0.020411447380628722,44.30379668322385,-0.020000000000000018,1.3758690999593335,1.0331309000406663,0.09594999999999998,372098.9,276194941.0,1.12,1.17,1.19
2025-01-29,1.18,1.19,1.14,1.14,77908.0,1.2025,1.1815616787227838,-0.021654267119246562,20.33898256822752,-0.030000000000000027,1.3759935157284542,1.0290064842715456,0.07987857142857142,350253.4,276117033.0,1.17,1.19,1.17
2025-01-30,1.15,1.33,1.14,1.26,630233.0,1.2085000000000001,1.1890319950348998,-0.012808564440169201,43.63636252561986,0.07000000000000006,1.381190779322399,1.0358092206776013,0.07845,359634.8,276747266.0,1.14,1.13,1.19
2025-01-31,1.24,1.26,1.2,1.2,233855.0,1.2115,1.1900765669363378,-0.010518528843282304,44.4444432921811,0.0,1.3812397388568396,1.0417602611431604,0.07680714285714287,348105.75,276513411.0,1.26,1.14,1.2
2025-02-03,1.2,1.2,1.14,1.16,200081.0,1.212,1.18721213199002,-0.011795355326138734,47.05882223760095,-0.050000000000000044,1.381034409451943,1.042965590548057,0.07180714285714286,343460.45,276313330.0,1.2,1.12,1.21
2025-02-04,1.14,1.15,1.1,1.13,245771.0,1.2055,1.18176335751478,-0.015054460344602782,46.153844911242636,-0.040000000000000036,1.3767462062578737,1.0342537937421263,0.06894999999999998,340428.2,276067559.0,1.16,1.17,1.17
2025-02-05,1.14,1.22,1.13,1.2,251379.0,1.2025,1.1835001806086103,-0.011852283816681464,50.8771917328409,0.010000000000000009,1.3718175154921985,1.0331824845078013,0.07180714285714285,333296.4,276318938.0,1.13,1.14,1.19
2025-02-06,1.21,1.21,1.15,1.17,142574.0,1.1865,1.182214449122076,-0.011601549684358892,47.4576259925309,0.040000000000000036,1.2885371449384353,1.084462855061565,0.07252142857142856,254798.85,276176364.0,1.2,1.26,1.13
2025-02-07,1.19,1.22,1.14,1.15,584457.0,1.1774999999999998,1.179146406348545,-0.012868335766620165,44.99999895000003,0.010000000000000009,1.2550615205723992,1.0999384794276004,0.07362142857142857,251340.3,275591907.0,1.17,1.2,1.14
2025-02-10,1.16,1.17,1.12,1.17,140562.0,1.173,1.178275320029636,-0.012118742688430606,49.99999879310348,0.04999999999999982,1.2401526148711195,1.1058473851288806,0.0714785714285714,240072.15,275732469.0,1.15,1.16,1.12
2025-02-11,1.16,1.16,1.12,1.14,139431.0,1.1704999999999999,1.1746300514553851,-0.013786511727587492,45.762710778511945,-0.030000000000000027,1.2387024849047794,1.1022975150952203,0.07107142857142854,229359.55,275593038.0,1.17,1.13,1.17
2025-02-12,1.14,1.14,1.09,1.13,210966.0,1.1685,1.170379570364396,-0.0157337779351594,49.99999870370374,-0.010000000000000009,1.2390691150562214,1.0979308849437788,0.0696428571428571,227765.1,275382072.0,1.14,1.2,1.14
2025-02-13,1.15,1.2,1.1105,1.19,265212.0,1.1684999999999999,1.172248182710644,-0.012293786753796887,54.23728684860675,-0.07000000000000006,1.2390691150562212,1.0979308849437786,0.0731785714285714,233018.7,275647284.0,1.13,1.17,1.26
2025-02-14,1.2,1.2,1.12,1.16,189506.0,1.1664999999999999,1.171081689119154,-0.011851699227044987,53.333332088888895,-0.040000000000000036,1.2355613762100686,1.0974386237899312,0.07389285714285711,235470.3,275457778.0,1.19,1.15,1.2
2025-02-18,1.16,1.1736,1.12,1.14,110861.0,1.1629999999999998,1.1681215282506632,-0.01296571385164591,47.36841988919671,-0.020000000000000018,1.2298383753607958,1.0961616246392039,0.07164999999999996,231822.95,275346917.0,1.16,1.17,1.16
2025-02-19,1.14,1.18,1.12,1.16,166312.0,1.1625,1.1673480493696475,-0.012095318314206516,51.78571299107147,0.030000000000000027,1.2292674676519943,1.0957325323480058,0.07236428571428566,229637.75,275513229.0,1.14,1.14,1.13
2025-02-20,1.16,1.16,1.11,1.11,155260.0,1.1584999999999999,1.1618863303820621,-0.015264150091833795,34.69387655976682,-0.08999999999999986,1.2278655458220165,1.0891344541779833,0.062364285714285636,228283.0,275357969.0,1.16,1.13,1.2
2025-02-21,1.11,1.13,1.1,1.1,149547.0,1.157,1.155992394155199,-0.018370623420837173,38.63636240702485,-0.06999999999999984,1.2301544868561474,1.0838455131438527,0.060221428571428474,226499.95,275208422.0,1.11,1.19,1.17
2025-02-24,1.11,1.11,1.01,1.02,341124.0,1.151,1.1430407375689897,-0.026976884594035022,35.416665633680594,-0.1299999999999999,1.2463442516128114,1.0556557483871887,0.06307857142857133,233633.6,274867298.0,1.1,1.16,1.15
2025-02-25,1.01,1.06,0.97,1.02,226932.0,1.146,1.1313225720862288,-0.03341225292524075,37.777776602469196,-0.1499999999999999,1.2573363798293336,1.0346636201706663,0.06593571428571421,237577.95,274867298.0,1.02,1.14,1.17
2025-02-26,1.02,1.05,1.0,1.03,56586.0,1.139,1.1216728033161119,-0.03727572095766418,28.205127192636482,-0.10999999999999988,1.2610698678273886,1.0169301321726114,0.06307857142857135,225927.85,274923884.0,1.02,1.16,1.14
2025-02-27,1.04,1.08,0.99,1.02,275547.0,1.133,1.111989679190768,-0.04067558085819334,29.729728604821105,-0.10999999999999988,1.2661560224533852,0.9998439775466147,0.0652214285714285,235809.8,274648337.0,1.03,1.11,1.13
2025-02-28,1.02,1.02,0.930763,1.0,170478.0,1.1199999999999999,1.1013239954583138,-0.04447119096991048,29.729728604821105,-0.18999999999999995,1.2517094090066048,0.988290590993395,0.06588121428571421,212822.05,274477859.0,1.02,1.1,1.19
2025-03-03,0.99,1.0,0.9,0.9099,201162.0,1.105495,1.0830931387479983,-0.05412562976433355,20.44989709998056,-0.2500999999999999,1.2617229774790173,0.9492670225209824,0.06945264285714278,211187.4,274276697.0,1.0,1.02,1.16
2025-03-04,0.94,0.9587,0.8,0.93,545370.0,1.093995,1.0685128398196175,-0.05946941366578362,25.592746726409928,-0.20999999999999985,1.266357414695941,0.921632585304059,0.07793121428571423,228451.85,274822067.0,0.9099,1.02,1.14
2025-03-05,0.9139,1.03,0.8859,1.01,119843.0,1.0879949999999998,1.0629401884082255,-0.05659665844708206,38.00479701705886,-0.1499999999999999,1.263407662028188,0.9125823379718118,0.0846526428571428,222155.45,274941910.0,0.93,1.03,1.16
2025-03-06,1.02,1.08,0.9862,1.01,161756.0,1.078495,1.05789826570268,-0.05370094813673654,29.554746901938998,-0.10000000000000009,1.2488745821095208,0.9081154178904791,0.08495978571428567,217674.3,274941910.0,1.01,1.02,1.11
2025-03-07,1.02,1.0603,0.9803,1.01,174837.0,1.070495,1.0533365261119487,-0.05082025261567691,31.71623489998224,-0.09000000000000008,1.2377811459637158,0.9032088540362841,0.08495978571428571,219287.45,274941910.0,1.01,1.0,1.1
2025-03-10,0.9909,1.01,0.95,0.97,86506.0,1.061495,1.045399714101287,-0.05117503244828625,30.24174704001753,-0.050000000000000044,1.2301337041166118,0.8928562958833883,0.08541692857142857,194389.9,274855404.0,1.01,0.9099,1.02
2025-03-11,0.9843,0.996,0.9039,0.968,102665.0,1.0513949999999999,1.0380283127583072,-0.05102934676217341,26.7103338817451,-0.052000000000000046,1.2168373668129058,0.885952633187094,0.08770978571428571,192495.05,274752739.0,0.97,0.93,1.02
2025-03-12,0.99,1.0,0.9162,1.0,152583.0,1.0443950000000002,1.0344065686860875,-0.047780967985165734,36.047690246911046,-0.030000000000000027,1.2058513258522519,0.8829386741477485,0.09012407142857144,193152.65,274905322.0,0.968,1.01,1.03
2025-03-13,1.0,1.328,0.94,1.25,2575780.0,1.050395,1.0549392764302696,-0.024748409479132816,61.82592105713828,0.22999999999999998,1.2328051160047506,0.8679848839952493,0.11569550000000005,311393.35,277481102.0,1.0,1.01,1.02
2025-03-14,1.255,1.255,1.11,1.18,804573.0,1.049895,1.0668498215321487,-0.012004970085754962,62.816403589507125,0.17999999999999994,1.2307420068719712,0.8690479931280289,0.11890978571428572,338361.4,276676529.0,1.25,1.01,1.0
2025-03-17,1.13,1.2,1.05,1.08,336202.0,1.045895,1.0681022194814678,-0.009861193124153678,54.14250102458574,0.17010000000000003,1.21989741347335,0.87189258652665,0.12319550000000001,345696.2,276340327.0,1.18,0.97,0.9099
2025-03-18,1.09,1.2,1.07,1.17,417684.0,1.047395,1.0778067700070422,-0.0008897303408574864,58.70430139037526,0.23999999999999988,1.2252869183982027,0.8695030816017975,0.1289097857142857,361037.35,276758011.0,1.08,0.968,0.93
2025-03-19,1.14,1.31,1.12,1.2,383864.0,1.049395,1.0894442204825618,0.008542495262475303,60.91967865460385,0.18999999999999995,1.2334114120249897,0.8653785879750104,0.13605264285714286,371914.95,277141875.0,1.17,1.0,1.01
2025-03-20,1.22,1.26,1.1648,1.22,133522.0,1.054895,1.1018781042461274,0.017430506829046788,63.34627409991769,0.20999999999999996,1.2526044037106063,0.8571855962893935,0.13647857142857142,370828.05,277275397.0,1.2,1.25,1.01
2025-03-21,1.22,1.29,1.1475,1.28,205124.0,1.063895,1.118842094317925,0.02898173518657088,73.30310914715587,0.27,1.2852261829050082,0.8425638170949918,0.1395142857142857,373606.9,277480521.0,1.22,1.18,1.01
2025-03-24,1.22,1.26,1.18,1.23,596542.0,1.074395,1.1294285615257416,0.03371296270102331,68.2038823363418,0.26,1.3066152627267211,0.8421747372732789,0.13389285714285712,386377.8,276883979.0,1.28,1.08,0.97
2025-03-25,1.22,1.24,1.18,1.22,235012.0,1.084395,1.1380544128090042,0.03623785077985642,63.92572825602095,0.252,1.3238644528367247,0.8449255471632753,0.1278857142857143,386781.8,276648967.0,1.23,1.17,0.968
2025-03-26,1.22,1.22,1.06,1.15,327909.0,1.090395,1.1391920877795751,0.032219026901109116,58.49514463721841,0.1499999999999999,1.3301391133678826,0.8506508866321175,0.1326142857142857,400347.95,276321058.0,1.22,1.2,1.0
2025-03-27,1.14,1.17,1.0918,1.1,69452.0,1.094395,1.1354595079910441,0.024714603327718798,55.14874053537487,-0.1499999999999999,1.3318524485977483,0.8569375514022518,0.13248571428571426,390043.2,276251606.0,1.15,1.22,1.25
2025-03-28,1.0936,1.11,1.06,1.06,82137.0,1.0973950000000001,1.1282728881823731,0.01536253809696908,55.14874053537487,-0.11999999999999988,1.331320894473183,0.8634691055268173,0.1317714285714285,385626.15,276169469.0,1.1,1.28,1.18
2025-03-31,1.05,1.05,0.98,0.98,178394.0,1.1009,1.1141516607364328,0.001478583422199753,50.63025135627782,-0.10000000000000009,1.324886747727874,0.8769132522721259,0.13019285714285714,384487.75,275991075.0,1.06,1.23,1.08
2025-04-01,1.0,1.0,0.95,0.955,127058.0,1.10215,1.0989943597139153,-0.011410310792188572,47.61904691358025,-0.21499999999999997,1.3223683366327366,0.8819316633672634,0.12777857142857138,363572.15,275864017.0,0.98,1.22,1.17
2025-04-02,0.9899,1.0,0.93,0.948,167261.0,1.09905,1.0846139445030663,-0.02193681981152773,28.490027921851294,-0.252,1.326361495066328,0.8717385049336721,0.1050642857142857,365943.05,275696756.0,0.955,1.15,1.2
2025-04-03,0.9305,0.9729,0.865,0.9,140724.0,1.09355,1.0670316640742028,-0.033763152293214915,29.411764100346034,-0.31999999999999995,1.3348277172511391,0.8522722827488609,0.1024142857142857,364891.45,275556032.0,0.948,1.1,1.22
2025-04-04,0.94,0.94,0.8065,0.8344,135732.0,1.08477,1.0448762674957073,-0.047877080564699304,30.97893365287318,-0.4456,1.3504002543006257,0.8191397456993743,0.10123571428571429,362936.2,275420300.0,0.9,1.06,1.28
2025-04-07,0.84,0.84,0.73,0.8028,299397.0,1.0764099999999999,1.0218213848770685,-0.06091019154019639,18.732969580617223,-0.4272,1.366634754285045,0.7861852457149547,0.09980714285714286,373580.75,275120903.0,0.8344,0.98,1.23
2025-04-08,0.83,0.87,0.8101,0.83,120591.0,1.06951,1.003552681555443,-0.06825738456612485,18.343599834342243,-0.39,1.376655567408618,0.7623644325913819,0.0905142857142857,374477.05,275241494.0,0.8028,0.955,1.22
2025-04-09,0.8418,0.87,0.7839,0.845,80033.0,1.06176,0.9884524261692103,-0.07203928924950342,17.638936404996358,-0.30499999999999994,1.3837535429228742,0.7397664570771258,0.0898642857142857,370849.55,275321527.0,0.83,0.948,1.15
2025-04-10,0.85,0.86,0.82,0.8436,58803.0,1.0414400000000001,0.9746569570102378,-0.07429304033477713,8.10291836896917,-0.2564000000000001,1.3647064496564683,0.718173550343532,0.08254285714285713,245000.7,275262724.0,0.845,0.9,1.1
2025-04-11,0.86,0.8895,0.8401,0.8649,60377.0,1.025685,0.9642039134854532,-0.07351301009862665,12.903880957824981,-0.19510000000000005,1.351223836069196,0.700146163930804,0.08035714285714282,207790.9,275323101.0,0.8436,0.8344,1.06
2025-04-14,0.8684,0.9015,0.8684,0.89,88510.0,1.0161850000000001,0.9571368741058862,-0.07006184099510548,17.468453776501676,-0.08999999999999997,1.3461097395835702,0.6862602604164301,0.07843571428571426,195406.3,275411611.0,0.8649,0.8028,0.98
2025-04-15,0.899,0.9,0.8863,0.8972,57266.0,1.002545,0.9514286003815161,-0.06598514906505226,21.557155036453267,-0.05779999999999996,1.328223714621799,0.6768662853782011,0.06798571428571427,177385.4,275468877.0,0.89,0.83,0.955
2025-04-16,1.29,1.33,0.994,1.07,48181405.0,0.996045,0.9627211146308955,-0.04825457676583611,47.35542901449928,0.12200000000000011,1.3101127665724583,0.6819772334275416,0.0864,2567262.45,323650282.0,0.8972,0.845,0.948
2025-04-17,0.99,0.99,0.83,0.9389,1830568.0,0.98199,0.9604524370470007,-0.04427131269362017,40.802065059655305,0.038899999999999935,1.2785286343868574,0.6854513656131427,0.09425714285714286,2652114.75,321819714.0,1.07,0.8436,0.9
2025-04-21,0.94,0.94,0.8601,0.865,402363.0,0.9612400000000001,0.9513617287568101,-0.04654116206503367,41.18368510185282,0.03059999999999996,1.2263943613977188,0.6960856386022813,0.09496428571428571,2661976.7,321417351.0,0.9389,0.8649,0.8344
2025-04-22,0.85,0.89005,0.84,0.8601,307432.0,0.942745,0.9426701355418758,-0.04818003365728041,42.493275439161756,0.05730000000000002,1.1789935441889312,0.7064964558110689,0.09496785714285715,2647521.2,321109919.0,0.865,0.89,0.8028
2025-04-23,0.8744,0.9895,0.8424,0.921,4819167.0,0.927795,0.9406063131093162,-0.04405686999129377,48.032068990599186,0.09100000000000008,1.1247432911025912,0.7308467088974089,0.100475,2876728.95,325929086.0,0.8601,0.8972,0.83
2025-04-24,0.92,1.03,0.9,0.9942,705932.0,0.920005,0.9457104737655718,-0.03448508227587632,56.6226085591725,0.1492,1.0904946165994596,0.7495153834005404,0.10205357142857142,2895630.1,326635018.0,0.921,1.07,0.845
2025-04-25,1.01,1.08,0.9832,1.04,627298.0,0.917005,0.9546904286450412,-0.02293926475210628,64.86838167752771,0.19640000000000002,1.0758743402232396,0.7581356597767603,0.09943214285714287,2923522.4,327262316.0,0.9942,0.9389,0.8436
2025-04-28,1.03,1.09,0.95,1.03,314286.0,0.9155049999999999,0.9618627687740848,-0.014429700996991812,66.96028525314424,0.16510000000000002,1.069170918900023,0.7618390810999769,0.10157500000000004,2935129.85,326948030.0,1.04,0.865,0.8649
2025-04-29,1.05,1.15,1.03,1.12,484118.0,0.9225049999999999,0.9769234574622673,-0.00041873565042638283,69.79251845878343,0.2300000000000001,1.0995220194012554,0.7454879805987443,0.10586785714285717,2950416.05,327432148.0,1.03,0.8601,0.89
2025-04-30,1.14,1.21,1.09,1.16,496893.0,0.932755,0.9943593186563371,0.013754171508853164,70.78933343314326,0.2627999999999999,1.1390190461560186,0.7264909538439814,0.10828928571428573,2968907.8,327929041.0,1.12,0.921,0.8972
2025-05-01,1.18,1.18,1.13,1.14,252097.0,0.942355,1.0082298597366859,0.023106116758900397,69.09301601738954,0.06999999999999984,1.1685188667678579,0.7161911332321422,0.10900357142857145,2973149.6,327676944.0,1.16,0.9942,1.07
2025-05-02,1.17,1.19,1.1,1.16,290654.0,0.9553550000000002,1.0226841588093825,0.031765263416243084,69.04116535478602,0.22109999999999996,1.2003720131575624,0.7103379868424381,0.11190357142857144,2980646.1,327967598.0,1.14,1.04,0.9389
2025-05-05,1.17,1.18,1.15,1.17,92431.0,0.972135,1.0367142389227746,0.03898521862166837,68.42590029223136,0.30499999999999994,1.2280006495729552,0.7162693504270446,0.11168214285714285,2978481.05,328060029.0,1.16,1.03,0.865
2025-05-06,1.13,1.2551,1.11,1.2,651635.0,0.991995,1.0522652637872723,0.046590765080372964,69.34576926802865,0.3399,1.254103482763634,0.729886517236366,0.12106785714285716,2996092.95,328711664.0,1.17,1.12,0.8601
2025-05-07,1.21,1.24,1.149,1.16,190668.0,1.008495,1.062525714855151,0.04882769447017998,56.92520652977393,0.23899999999999988,1.2692095523159117,0.747780447684088,0.10356785714285714,2999596.8,328520996.0,1.2,1.16,0.921
2025-05-08,1.11,1.3,1.03,1.25,7842837.0,1.028745,1.08038040867847,0.05720332069330314,75.55445858754325,0.2558,1.2987392180664006,0.7587507819335995,0.111425,3387737.0,336363833.0,1.16,1.14,0.9942
2025-05-09,1.25,1.25,1.17,1.22,209620.0,1.0475649999999999,1.0936775126138538,0.0607203689228919,81.42705180598666,0.17999999999999994,1.315687566434444,0.7794424335655556,0.11143214285714285,3395277.85,336154213.0,1.25,1.16,1.04
2025-05-12,1.22,1.25,1.17,1.22,244014.0,1.06532,1.1057082256982487,0.06278392102387564,82.13966574396262,0.18999999999999995,1.3295123748846343,0.8011276251153658,0.11357142857142857,3404459.7,336154213.0,1.22,1.17,1.03
2025-05-13,1.24,1.25,1.17,1.18,247186.0,1.07982,1.112783632774606,0.060494294652579494,74.02597210322149,0.05999999999999983,1.3351827149964173,0.8244572850035826,0.10877857142857143,3412393.5,335907027.0,1.22,1.2,1.12
2025-05-14,1.2,1.34,1.19,1.33,518416.0,1.1014599999999999,1.1334709058436911,0.06997684613201893,77.26534413492234,0.17000000000000015,1.364887700257535,0.8380322997424647,0.11020714285714286,3435451.0,336425443.0,1.18,1.16,1.16
2025-05-15,1.33,1.44,1.28,1.42,541813.0,1.11896,1.1607593910014349,0.08378822582523182,78.78787711662078,0.28,1.4177206780295202,0.8201993219704797,0.11472142857142857,1053471.4,336967256.0,1.33,1.25,1.14
2025-05-16,1.42,1.53,1.375,1.45,580560.0,1.144515,1.1883061156679648,0.09604741816805995,80.88235127595158,0.29000000000000004,1.4650671373141342,0.8239628626858657,0.11579285714285714,990971.0,337547816.0,1.42,1.22,1.16
2025-05-19,1.42,1.4432,1.3,1.32,449563.0,1.167265,1.200848390366254,0.09418727065126653,63.888887646604964,0.15000000000000013,1.468279091469114,0.8662509085308859,0.11745000000000001,993331.0,337098253.0,1.45,1.22,1.17
2025-05-20,1.31,1.34,1.21,1.31,213988.0,1.18976,1.211243781759944,0.09085881011074437,60.86956398235668,0.1100000000000001,1.4597687671087896,0.9197512328912103,0.11816428571428574,988658.8,336884265.0,1.32,1.18,1.2
2025-05-21,1.3,1.3146,1.21,1.21,219076.0,1.20421,1.211125326354235,0.07923840586833264,54.54545355371903,0.050000000000000044,1.4427578691888832,0.9656621308111168,0.12206428571428574,758654.25,336665189.0,1.31,1.33,1.16
2025-05-22,1.19,1.2465,1.14,1.23,204064.0,1.216,1.2129229143204983,0.07082654036936797,54.54545355371903,-0.020000000000000018,1.4331974604868238,0.9988025395131761,0.12324285714285718,733560.85,336869253.0,1.21,1.42,1.25
2025-05-23,1.192,1.285,1.16,1.22,229583.0,1.225,1.2135969224804508,0.06263118659816325,53.24675227863049,0.0,1.4257879216325144,1.0242120783674857,0.13002857142857147,713675.1,336639670.0,1.23,1.45,1.22
2025-05-27,1.25,1.29,1.21,1.26,213396.0,1.2365,1.2180162631965983,0.058687462856072736,53.84615287968444,0.040000000000000036,1.4154177994141146,1.0575822005858853,0.12537857142857148,708630.6,336853066.0,1.22,1.32,1.22
2025-05-28,1.3,1.43,1.3,1.34,390950.0,1.2475,1.2296337619397795,0.061310614193681445,60.97560871505059,0.16000000000000014,1.4232839583119614,1.0717160416880387,0.12816428571428576,703972.2,337244016.0,1.26,1.31,1.18
2025-05-29,1.35,1.38,1.3,1.34,244333.0,1.2565,1.240144832231229,0.06266709328504239,56.164382484518704,0.010000000000000009,1.4318522770096052,1.0811477229903947,0.11459285714285716,691344.2,337244016.0,1.34,1.21,1.33
2025-05-30,1.32,1.37,1.29,1.35,107070.0,1.267,1.2506072291615882,0.06381342769240472,59.15492841102959,-0.06999999999999984,1.4380770832720584,1.0959229167279414,0.11459285714285716,684092.85,337351086.0,1.34,1.23,1.42
2025-06-02,1.34,1.4,1.3,1.39,172118.0,1.2784999999999997,1.2638827311461989,0.06717521758202016,61.333332188444466,-0.06000000000000005,1.4502127344075484,1.106787265592451,0.11602142857142858,678166.05,337523204.0,1.35,1.22,1.45
2025-06-03,1.39,1.44,1.32,1.38,195468.0,1.2890000000000001,1.2749415186560846,0.06824584820685264,63.888887646604964,0.05999999999999983,1.4584449141968903,1.11955508580311,0.11887857142857142,683317.9,337327736.0,1.39,1.26,1.32
2025-06-04,1.38,1.43,1.3432,1.4,129068.0,1.299,1.286851850212648,0.06990237250600195,55.9322020626257,0.08999999999999986,1.4699293482848588,1.128070651715141,0.1143642857142857,657189.55,337456804.0,1.38,1.34,1.31
2025-06-05,1.4,1.43,1.37,1.37,70491.0,1.3095,1.2947707216209672,0.06801044855227545,45.28301767176936,0.16000000000000014,1.4699565853721734,1.1490434146278268,0.10722142857142855,651180.7,337386313.0,1.4,1.34,1.21
2025-06-06,1.37,1.43,1.36,1.4,140275.0,1.317,1.3047925576570656,0.0681462864967659,45.283017671769336,0.16999999999999993,1.4797526376205796,1.1542473623794203,0.10114999999999996,266052.6,337526588.0,1.37,1.35,1.23
2025-06-09,1.42,1.42,1.28,1.29,316088.0,1.3204999999999998,1.3033837426421069,0.058701187604309535,47.05882223760095,0.07000000000000006,1.4773740695081081,1.1636259304918914,0.10092142857142852,271376.0,337210500.0,1.4,1.39,1.22
2025-06-10,1.29,1.3181,1.2,1.25,255167.0,1.3219999999999998,1.298299576676192,0.04744133875575485,44.4444432921811,-0.010000000000000009,1.4753623161008735,1.1686376838991261,0.10007142857142852,271933.65,336955333.0,1.29,1.38,1.26
2025-06-11,1.25,1.25,1.2089,1.21,65327.0,1.3235,1.2898900931832213,0.03488799462932857,49.999998541666706,-0.13000000000000012,1.4715078234057175,1.1754921765942823,0.09553571428571424,262840.7,336890006.0,1.25,1.4,1.34
2025-06-12,1.21,1.26,1.21,1.24,70259.0,1.3190000000000002,1.2851386557372002,0.02704833191341849,51.0204067055394,-0.10000000000000009,1.4715778489815092,1.1664221510184911,0.09149999999999994,240432.85,336960265.0,1.21,1.37,1.34
2025-06-13,1.23,1.28,1.2,1.21,79484.0,1.3085,1.2779825932860382,0.018204740532993924,49.019606497501,-0.14000000000000012,1.4607152215911217,1.1562847784088783,0.08828571428571423,217316.4,336880781.0,1.24,1.4,1.35
2025-06-16,1.24,1.255,1.21,1.25,79796.0,1.2985,1.2753175844016535,0.0142594226077839,49.019606497501,-0.1399999999999999,1.4372576455924129,1.159742354407587,0.08578571428571423,192278.2,336960577.0,1.21,1.29,1.39
2025-06-17,1.25,1.28,1.2132,1.28,501803.0,1.2965,1.2757635287443532,0.013399023405892496,43.478259546313836,-0.09999999999999987,1.4351058402347885,1.1578941597652115,0.08127142857142852,194890.2,337462380.0,1.25,1.25,1.38
2025-06-18,1.32,1.34,1.1901,1.23,385551.0,1.2925,1.2714050974353672,0.008583622055055473,39.215685198000784,-0.16999999999999993,1.434051552817644,1.150948447182356,0.08626428571428568,203468.35,337076829.0,1.28,1.21,1.4
2025-06-20,1.28,1.28,1.2,1.22,85132.0,1.293,1.266509373870094,0.003915331856479076,37.25490093810074,-0.15000000000000013,1.433390433021747,1.1526095669782528,0.08626428571428568,196771.15,336991697.0,1.23,1.24,1.37
2025-06-23,1.22,1.22,1.15,1.165,131307.0,1.2897500000000002,1.2568418144538946,-0.004174244018262829,28.571427809523826,-0.23499999999999988,1.4390104576247487,1.1404895423752517,0.08412142857142856,193133.3,336860390.0,1.22,1.21,1.4
2025-06-24,1.17,1.3,1.17,1.29,196146.0,1.29325,1.2599997368868572,-0.000493151110801282,42.96874906005862,0.0,1.4388621380128224,1.1476378619871777,0.08483571428571428,191461.45,337056536.0,1.165,1.25,1.29
2025-06-25,1.28,1.29,1.22,1.25,196862.0,1.29275,1.2590473809928708,-0.0007943671962853394,38.63636281680442,0.0,1.4389105101820092,1.146589489817991,0.08363571428571429,190634.75,336859674.0,1.29,1.28,1.25
2025-06-26,1.24,1.28,1.205,1.21,161595.0,1.2862500000000001,1.2543762018506928,-0.004212193278117171,38.059700697259984,0.0,1.4351008614257617,1.1373991385742386,0.08470714285714287,179167.0,336698079.0,1.25,1.23,1.21
2025-06-27,1.22,1.25,1.22,1.245,76860.0,1.2814999999999999,1.253483230245865,-0.004049952250741784,38.51851771961594,0.0050000000000001155,1.4291874366599644,1.1338125633400353,0.08185000000000002,170793.35,336774939.0,1.21,1.22,1.24
2025-06-30,1.25,1.26,1.18,1.21,519866.0,1.2745,1.2493419702224493,-0.006668709824727115,43.33333232222225,0.0,1.421787759879593,1.127212240120407,0.07756428571428575,191433.15,336255073.0,1.245,1.165,1.21
2025-07-01,1.2,1.22,1.18,1.21,125381.0,1.2655,1.2455951159155494,-0.008644446273579076,46.428570267857175,-0.040000000000000036,1.40485566009252,1.1261443399074802,0.07198571428571432,189096.3,336255073.0,1.21,1.29,1.25
2025-07-02,1.2,1.25,1.2,1.24,15344489.0,1.2585,1.2450622477331161,-0.007700713334376719,52.727271385124006,-0.040000000000000036,1.3873042169946743,1.1296957830053256,0.07262142857142861,946547.35,351599562.0,1.21,1.25,1.28
2025-07-03,1.37,1.39,1.12,1.2,18912879.0,1.2485,1.240770605091867,-0.010064447204410243,46.428570267857175,-0.030000000000000027,1.3610821337598755,1.1359178662401244,0.08833571428571431,1885737.9,332686683.0,1.24,1.21,1.23
2025-07-07,1.18,1.28,1.13,1.15,3682509.0,1.2375,1.2321257855593082,-0.01579028488373102,44.827585124851396,-0.07000000000000006,1.3428565375276769,1.1321434624723232,0.09333571428571431,2066338.8,329004174.0,1.2,1.245,1.22
2025-07-08,1.13,1.14,1.07,1.13,1781559.0,1.224,1.2223995202679454,-0.021691835374552326,39.285713303571455,-0.03500000000000014,1.3088900217298467,1.1391099782701533,0.09512142857142859,2148403.0,327222615.0,1.15,1.21,1.165
2025-07-09,1.12,1.225,1.0806,1.13,1583379.0,1.216,1.2135995659567125,-0.026068356865941666,35.8490556568174,-0.16000000000000014,1.3047693640836737,1.1272306359163262,0.10066428571428575,2211767.55,327222615.0,1.13,1.21,1.29
2025-07-10,1.13,1.23,1.125,1.2,1989910.0,1.2135,1.2123043691989304,-0.02361613459434131,47.272726069421516,-0.050000000000000044,1.3010454769027817,1.1259545230972183,0.09745714285714288,2298504.7,329212525.0,1.13,1.24,1.25
2025-07-11,1.21,1.34,1.19,1.28,2296992.0,1.217,1.2187515721323656,-0.015043981708109166,54.838708439125945,0.07000000000000006,1.3094178155519747,1.1245821844480255,0.10245714285714289,2410087.95,331509517.0,1.2,1.2,1.21
2025-07-14,1.29,1.68,1.28,1.54,11951427.0,1.2319999999999998,1.2493466605007117,0.012584274618233415,72.72727149311295,0.29499999999999993,1.4035992884288688,1.0604007115711307,0.12602857142857143,3004146.35,343460944.0,1.28,1.15,1.245
2025-07-15,1.535,1.72,1.43,1.66,2883151.0,1.2545,1.2884565023577867,0.043659583425273985,72.56097437091017,0.44999999999999996,1.51097201550396,0.9980279844960397,0.13745714285714286,3144329.7,346344095.0,1.54,1.13,1.21
2025-07-16,1.68,1.905,1.66,1.87,2683725.0,1.2855,1.343841597371331,0.08426092698149934,81.31313016324864,0.6600000000000001,1.66164247020851,0.9093575297914902,0.14995714285714287,3274526.15,349027820.0,1.66,1.13,1.21
2025-07-17,1.88,2.09,1.8701,2.02,2188302.0,1.3225,1.4082376357169184,0.1270766699160748,86.81818071322314,0.78,1.8217889681176973,0.8232110318823026,0.16030714285714284,3358851.1,351216122.0,1.87,1.2,1.24
