Date,Open,High,Low,Close,Volume,SMA_20,EMA_20,MACD,RSI_14,Momentum_10,Bollinger_Upper,Bollinger_Lower,ATR_14,Volume_MA_20,OBV,Lag_1,Lag_5,Lag_10
2023-08-15,9.09,9.125,9.02,9.05,48449,8.935300000000002,8.973419852821348,0.03294695773514711,73.95833117621537,0.10000000000000142,9.114481883482737,8.756118116517266,0.07004999999999979,50495.6,74376,9.09,9.001,8.95
2023-08-16,9.07,9.11,9.03,9.05,49692,8.9408,8.980713200171696,0.03306811815405908,71.59090681301669,0.15000000000000036,9.127196973094916,8.754403026905083,0.07147857142857118,48826.15,74376,9.05,9.0,8.9
2023-08-17,8.99,8.99,8.9101,8.95,26969,8.947300000000002,8.977788133488676,0.02606027495867025,55.882351407151,0.03999999999999915,9.124815129080964,8.76978487091904,0.07351428571428542,47107.25,47407,9.05,9.01,8.91
2023-08-18,8.94,9.05,8.9114,8.97,49299,8.9548,8.977046406489755,0.02167517195898938,51.08695496691873,0.009999999999999787,9.12204718548493,8.78755281451507,0.07774285714285689,48575.65,96706,8.95,9.06,8.96
2023-08-21,8.96,9.0299,8.96,9.0,26577,8.9633,8.97923246301454,0.02007592979318673,55.20833172309039,-0.025000000000000355,9.120839101244902,8.805760898755098,0.07488571428571385,45893.0,123283,8.97,9.09,9.025
2023-08-22,8.99,9.02,8.97,8.99,33393,8.9723,8.980257942727441,0.017901187527435525,60.22727081095043,-0.010999999999999233,9.112585573403903,8.832014426596098,0.07274285714285662,44651.6,89890,9.0,9.05,9.001
2023-08-23,9.0,9.05,8.965,9.015,77991,8.982050000000001,8.983566710086732,0.0177538858875792,61.53845964497047,0.015000000000000568,9.10362471170566,8.860475288294342,0.07524285714285675,45916.15,167881,8.99,9.05,9.0
2023-08-24,9.05,9.05,9.0,9.02,29472,8.99005,8.98703654722133,0.01778607016892053,57.31707121356327,0.009999999999999787,9.0981152337102,8.8819847662898,0.07345714285714257,44119.85,197353,9.015,8.95,9.01
2023-08-25,9.02,9.0581,9.02,9.03,23913,8.99705,8.991128304628822,0.018318907573524612,50.70422335250936,-0.030000000000001137,9.095540662127501,8.898559337872499,0.07046428571428555,42689.85,221266,9.02,8.97,9.06
2023-08-28,9.03,9.07,9.03,9.05,39568,9.00155,8.99673513275941,0.019963339353809673,56.980054707348415,-0.03999999999999915,9.101131175562017,8.901968824437983,0.06832142857142857,42433.45,260834,9.03,9.0,9.09
2023-08-29,9.05,9.09,9.045,9.07,43200,9.00755,9.003712739163275,0.022467983711212725,59.459457209642174,0.019999999999999574,9.108504340904023,8.906595659095977,0.0701071428571429,41674.3,304034,9.05,8.99,9.05
2023-08-30,9.06,9.11,9.06,9.07,24513,9.01605,9.010025811623915,0.02416386879558985,58.33333106481494,0.019999999999999574,9.107008579352867,8.925091420647133,0.06867857142857149,37640.1,304034,9.07,9.015,9.05
2023-08-31,9.1,9.13,9.08,9.08,54884,9.024550000000001,9.016690020040686,0.025945511107162034,53.12499767578128,0.13000000000000078,9.104939774159844,8.94416022584016,0.0672500000000001,38150.8,358918,9.07,9.02,8.95
2023-09-01,9.09,9.11,9.07,9.09,77526,9.03105,9.023671922893953,0.02777885358955423,49.99999766666677,0.11999999999999922,9.110480804047143,8.951619195952858,0.06582142857142857,40725.1,436444,9.08,9.03,8.97
2023-09-05,9.07,9.15,9.0643,9.1,41079,9.0348,9.03094126357072,0.0296363545445395,59.25925618655685,0.09999999999999964,9.119906991487166,8.949693008512835,0.06444285714285718,40391.5,477523,9.09,9.05,9.0
2023-09-06,9.1,9.125,9.07,9.09,36822,9.03925,9.036565905135413,0.029998995482243274,57.14285428571424,0.09999999999999964,9.126202800263593,8.952297199736405,0.06265714285714287,39371.9,440701,9.1,9.07,8.99
2023-09-07,9.07,9.13,9.07,9.09,23717,9.04375,9.041654866551088,0.029937252292864258,88.8888819753094,0.07499999999999929,9.131462148831433,8.956037851168565,0.06123571428571432,39185.2,440701,9.09,9.07,9.015
2023-09-08,9.08,9.16,9.08,9.12,89695,9.04925,9.049116307831937,0.03181049332506092,89.47367761772912,0.09999999999999964,9.141717633028486,8.956782366971515,0.05705000000000001,42474.25,530396,9.09,9.08,9.02
2023-09-11,9.16,9.1699,9.12,9.15,39759,9.053749999999999,9.05872427851461,0.03518582577766338,89.47367761772921,0.120000000000001,9.156597613384768,8.95090238661523,0.055621428571428745,42964.5,570155,9.12,9.09,9.03
2023-09-12,9.15,9.2,9.12,9.2,109526,9.05925,9.072179109132266,0.04122949960910205,95.65216809073766,0.14999999999999858,9.180396931233787,8.938103068766214,0.05776428571428597,47302.2,679681,9.15,9.1,9.05
2023-09-13,9.22,9.25,9.18,9.21,76026,9.06725,9.085304908262527,0.04625057987835923,95.34883100054134,0.14000000000000057,9.205718122875362,8.928781877124637,0.05669285714285736,48681.05,755707,9.2,9.09,9.07
2023-09-14,9.2,9.235,9.16,9.16,37849,9.072750000000001,9.092418726523238,0.04581857759960428,76.92307278106526,0.08999999999999986,9.21695289069296,8.928547109307042,0.05847857142857154,48088.9,717858,9.21,9.09,9.07
2023-09-15,9.15,9.18,9.05,9.1,122423,9.08025,9.093140752568644,0.04034301174738708,61.290319812695195,0.019999999999999574,9.212695619426457,8.947804380573542,0.06504285714285718,52861.6,595435,9.16,9.12,9.08
2023-09-18,9.1,9.15,9.09,9.15,53773,9.08925,9.098555918990678,0.039447640150687135,64.70587968858129,0.0600000000000005,9.214414102807368,8.964085897192632,0.06647142857142858,53085.3,649208,9.1,9.15,9.09
2023-09-19,9.08,9.08,9.05,9.08,20429,9.09325,9.096788688610614,0.03288530232651077,51.28204944115716,-0.019999999999999574,9.211316662704165,8.975183337295833,0.06539999999999997,52777.9,628779,9.15,9.2,9.1
2023-09-20,9.1,9.14,9.07,9.07,33436,9.097249999999999,9.094237384933413,0.026595566363466716,49.99999825000006,-0.019999999999999574,9.205609780847217,8.98889021915278,0.06682857142857149,52780.05,595343,9.08,9.21,9.09
2023-09-21,9.05,9.0999,9.04,9.04,43903,9.0985,9.08907191970166,0.019036846955586384,45.23809373015871,-0.05000000000000071,9.203385902921093,8.993614097078906,0.06753571428571435,51075.65,551440,9.07,9.16,9.09
2023-09-22,9.04,9.12,9.035,9.1,48654,9.102500000000001,9.090112689253882,0.01756685644090794,51.063828266183805,-0.019999999999999574,9.200667418756211,9.00433258124379,0.07075000000000006,52034.75,600094,9.04,9.1,9.12
2023-09-25,9.12,9.12,9.07,9.11,35136,9.1065,9.09200671884875,0.01699401239992504,51.063828266183805,-0.040000000000000924,9.19855833390899,9.014441666091011,0.06819999999999991,52595.9,635230,9.1,9.15,9.15
2023-09-26,9.11,9.13,8.96,8.97,94407,9.102500000000001,9.080387031339345,0.005421363172748883,39.99999906666681,-0.22999999999999865,9.210471731193104,8.994528268806897,0.07641428571428564,55337.85,540823,9.11,9.08,9.2
2023-09-27,9.05,9.05,8.94,8.97,75432,9.0975,9.069873980735599,-0.003704504946629328,39.99999906666681,-0.2400000000000002,9.220081873821,8.974918126179,0.07998571428571426,56949.45,540823,8.97,9.07,9.21
2023-09-28,8.97,9.03,8.9529,9.02,35825,9.095,9.065124077808399,-0.006894365337593911,41.93548292403755,-0.14000000000000057,9.221906513457306,8.968093486542696,0.07977857142857138,57515.05,576648,8.97,9.04,9.16
2023-09-29,9.05,9.0853,9.01,9.01,82281,9.0915,9.05987416563617,-0.010098266981389159,38.33333243888889,-0.08999999999999986,9.22389096804936,8.95910903195064,0.08159285714285705,58884.9,494367,9.02,9.1,9.1
2023-10-02,9.01,9.03,8.9,8.93,81699,9.083499999999999,9.047505197480344,-0.01877395115775471,28.571427936508073,-0.22000000000000064,9.234325797039585,8.932674202960413,0.08516428571428555,59093.55,412668,9.01,9.11,9.15
2023-10-03,8.91,8.92,8.7261,8.8,196488,9.0685,9.023933273910787,-0.03557462782417353,22.666666243555554,-0.27999999999999936,9.2651321706291,8.8718678293709,0.09401428571428548,66864.0,216180,8.93,8.97,9.08
2023-10-04,8.81,8.88,8.74,8.88,81931,9.058,9.01022534306214,-0.04203278561692869,32.05128147600266,-0.1899999999999995,9.271502126206586,8.844497873793413,0.09865714285714271,69119.45,298111,8.8,8.97,9.07
2023-10-05,8.9,8.94,8.86,8.93,71716,9.05,9.00258483419908,-0.04267284902034163,38.96103825265642,-0.10999999999999943,9.270334673669511,8.82966532633049,0.09508571428571422,71519.4,369827,8.88,9.02,9.04
2023-10-06,8.92,8.98,8.86,8.97,91942,9.0425,8.99948151665631,-0.03953302578921125,38.157894033933516,-0.129999999999999,9.263013754195677,8.821986245804323,0.09937142857142854,71631.75,461769,8.93,9.01,9.1
2023-10-09,8.97,9.09,8.95,9.06,67431,9.038,9.005245181736662,-0.029519488151839468,48.71794784352404,-0.049999999999998934,9.25287817846153,8.82312182153847,0.10722857142857148,73015.35,529200,8.97,8.93,9.11
2023-10-10,9.05,9.1,9.0,9.03,93401,9.0295,9.007602783476027,-0.02370775987955298,47.49999916874996,0.05999999999999872,9.230390124459271,8.82860987554073,0.10937142857142858,72209.1,435799,9.06,8.8,8.97
2023-10-11,9.05,9.1,9.0,9.02,39548,9.02,9.008783470764024,-0.01967484081974291,48.71794784352404,0.049999999999998934,9.20203527709008,8.83796472290992,0.11223571428571422,70385.2,396251,9.03,8.88,8.97
2023-10-12,9.07,9.08,8.94,8.97,75042,9.010499999999999,9.005089806881736,-0.020245720542318324,41.558440802833566,-0.049999999999998934,9.181253746972834,8.839746253027164,0.11616428571428575,72244.85,321209,9.02,8.93,9.02
2023-10-13,9.0,9.03,8.93,8.94,55896,9.002500000000001,8.998890777654905,-0.02283626214501666,39.24050563371253,-0.07000000000000028,9.170569534482171,8.834430465517832,0.11973571428571438,68918.5,265313,8.97,8.97,9.01
2023-10-16,8.99,8.99,8.85,8.88,158797,8.989,8.987567846449677,-0.02935658874983993,43.66197097004563,-0.049999999999998934,9.150427839508627,8.827572160491375,0.11759285714285728,74169.7,106516,8.94,9.06,8.93
2023-10-17,8.77,8.83,8.75,8.78,108140,8.974,8.967799480121137,-0.042053110345388944,38.271604276786995,-0.02000000000000135,9.154455563855256,8.793544436144744,0.11545000000000005,78555.25,-1624,8.88,9.03,8.8
2023-10-18,8.78,8.7999,8.71,8.72,116389,8.956500000000002,8.94419952963341,-0.056276376935496586,31.707316531826322,-0.16000000000000014,9.1636638050077,8.749336194992305,0.11636428571428567,82702.9,-118013,8.78,9.02,8.88
2023-10-19,8.7,8.73,8.61,8.61,188178,8.934999999999999,8.912371003001656,-0.07550132999803338,28.26086913516066,-0.3200000000000003,9.189517086594252,8.680482913405745,0.11955714285714285,89916.65,-306191,8.72,8.97,8.93
2023-10-20,8.61,8.62,8.55,8.55,65386,8.9075,8.87785947890626,-0.09446204914116052,28.88888843950619,-0.41999999999999993,9.202573585826721,8.61242641417328,0.11527142857142854,90753.25,-371577,8.61,8.94,8.97
2023-10-23,8.53,8.62,8.53,8.57,80399,8.880500000000001,8.848539528534236,-0.10665143063706495,35.44303734657903,-0.4900000000000002,9.19569250592215,8.565307494077853,0.10785,93016.4,-291178,8.55,8.88,9.06
2023-10-24,8.59,8.69,8.59,8.64,56361,8.864,8.828678621054785,-0.10942621450193357,34.61538399408283,-0.3899999999999988,9.193682462857522,8.53431753714248,0.10499285714285708,91114.1,-234817,8.57,8.78,9.03
2023-10-25,8.63,8.63,8.47,8.47,59448,8.839,8.794518752382901,-0.12385579275973768,24.44444406419761,-0.5499999999999989,9.208289502751052,8.469710497248949,0.1107071428571428,90314.9,-294265,8.64,8.72,9.02
2023-10-26,8.51,8.55,8.46,8.48,71338,8.812000000000001,8.76456458548929,-0.1329534811374753,21.839080108336603,-0.4900000000000002,9.203843147996231,8.420156852003771,0.10856428571428557,92090.55,-222927,8.47,8.61,8.97
2023-10-27,8.49,8.51,8.47,8.49,65151,8.786000000000001,8.738415577347453,-0.13777010829305603,13.924050386156011,-0.4499999999999993,9.191301706984106,8.380698293015897,0.10142142857142833,91234.05,-157776,8.48,8.55,8.94
2023-10-30,8.49,8.55,8.49,8.54,62044,8.7665,8.719518855695314,-0.135997620137303,19.753086078341596,-0.34000000000000163,9.18007364264996,8.352926357350041,0.09856428571428553,90251.3,-95732,8.49,8.57,8.88
2023-10-31,8.57,8.62,8.555,8.62,97779,8.7575,8.710040869438618,-0.12669653798993075,27.272726838842885,-0.16000000000000014,9.175811140810685,8.339188859189315,0.09606428571428552,85315.85,2047,8.54,8.64,8.78
2023-11-01,8.64,8.73,8.6384,8.71,78122,8.749,8.71003697711113,-0.11080641927758528,35.86956467155012,-0.009999999999999787,9.163723750795281,8.33427624920472,0.0926071428571426,85125.4,80169,8.62,8.47,8.72
2023-11-02,8.75,8.87,8.75,8.86,81935,8.7455,8.724319169767213,-0.0851602811173251,46.15384553254437,0.25,9.154939925546595,8.336060074453405,0.094035714285714,85636.35,162104,8.71,8.48,8.61
2023-11-03,8.93,8.99,8.89,8.93,143859,8.743500000000001,8.743907820265573,-0.05852674061237906,52.380951682539646,0.379999999999999,9.14869131283879,8.338308687161211,0.09117857142857108,88232.2,305963,8.86,8.49,8.55
2023-11-06,8.98,8.98,8.83,8.85,41858,8.733,8.754011837383137,-0.04336053333259038,53.398057526628364,0.27999999999999936,9.113808005223273,8.352191994776728,0.0961785714285711,86953.55,264105,8.93,8.54,8.57
2023-11-07,8.89,8.92,8.85,8.91,59194,8.727,8.768867852870457,-0.026208055853700785,59.22330016589687,0.2699999999999996,9.091538641371056,8.362461358628945,0.09475714285714266,85243.2,323299,8.85,8.62,8.64
2023-11-08,8.95,8.96,8.91,8.93,50873,8.7225,8.7842137716447,-0.01087879102411371,67.02127559755553,0.4599999999999991,9.073790852653351,8.371209147346649,0.08975714285714265,85809.45,374172,8.91,8.71,8.47
2023-11-09,8.94,8.97,8.9,8.91,32151,8.7195,8.796193412440443,-0.00033749378221514803,69.99999891111113,0.4299999999999997,9.062825838787253,8.376174161212747,0.08975714285714277,83664.9,342021,8.93,8.86,8.48
2023-11-10,8.94,8.955,8.93,8.93,20190,8.719,8.808936896969925,0.009517769947215982,69.99999891111113,0.4399999999999995,9.061000307786907,8.376999692213092,0.08511428571428567,81879.6,362211,8.91,8.93,8.49
2023-11-13,8.95,8.99,8.945,8.98,27969,8.724,8.825228621068028,0.021112850848625797,69.3181807153926,0.4400000000000013,9.0786028170993,8.3693971829007,0.08118571428571426,75338.2,390180,8.93,8.85,8.54
2023-11-14,9.03,9.12,8.98,8.99,78763,8.7345,8.840921133347264,0.0307530511755445,86.11110943672846,0.370000000000001,9.10801671561274,8.360983284387261,0.07975714285714273,73869.35,468943,8.98,8.91,8.62
2023-11-15,8.95,8.96,8.84,8.87,72571,8.742,8.843690549218953,0.028395418251125903,73.49397466395698,0.15999999999999837,9.120284215066455,8.363715784933547,0.08189999999999996,71678.45,396372,8.99,8.93,8.71
2023-11-16,8.9,8.92,8.8401,8.89,53323,8.756,8.848100973102863,0.027818103019431106,73.80952257936508,0.030000000000001137,9.134440011237295,8.377559988762705,0.08475000000000003,64935.7,449695,8.87,8.91,8.86
2023-11-17,8.92,9.03,8.905,9.03,58758,8.78,8.86542468995021,0.038203987494220826,76.34408487223955,0.09999999999999964,9.164269642171686,8.395730357828313,0.08939285714285715,64604.3,508453,8.89,8.93,8.93
2023-11-20,9.03,9.03,8.9206,8.97,80155,8.8,8.875384243288286,0.04112427992794743,69.23076816568056,0.120000000000001,9.179861470594378,8.420138529405623,0.09256428571428568,64592.1,428298,9.03,8.98,8.85
2023-11-21,9.01,9.05,8.98,9.05,71629,8.8205,8.892014315356068,0.04931898401524393,68.88888781728399,0.14000000000000057,9.208177293906338,8.43282270609366,0.09102142857142859,65355.5,499927,8.97,8.99,8.91
2023-11-22,9.06,9.06,9.0,9.01,33190,8.8475,8.903251047226918,0.051989162548826684,59.493669831757764,0.08000000000000007,9.206555779276135,8.488444220723865,0.08673571428571439,64042.6,466737,9.05,8.87,8.93
2023-11-24,9.05,9.06,9.03,9.06,38743,8.8765,8.918179518919592,0.057473846536019835,58.44155737898471,0.15000000000000036,9.202772407982254,8.550227592017746,0.0817357142857145,62412.85,505480,9.01,8.89,8.91
2023-11-27,9.08,9.08,8.99,9.01,30494,8.9025,8.926924326641535,0.05713037734560267,60.81080966033602,0.08000000000000007,9.17801864966967,8.626981350330329,0.07745000000000017,60680.0,474986,9.06,9.03,8.93
2023-11-28,9.03,9.04,8.97,8.99,28338,8.925,8.932931533628055,0.0546158581037659,55.71428460000002,0.009999999999999787,9.14346353423279,8.706536465767211,0.07745000000000005,58994.7,446648,9.01,8.97,8.98
2023-11-29,9.01,9.01,8.95,8.96,66315,8.942,8.935509482806337,0.04963178086515896,52.11267502876423,-0.02999999999999936,9.106873156986643,8.777126843013358,0.07816428571428576,57421.5,380333,8.99,9.05,8.99
2023-11-30,9.02,9.025,8.9601,8.99,28352,8.956,8.9406990558724,0.047552924995846624,55.55555447530866,0.120000000000001,9.080545489470204,8.831454510529795,0.0778,54933.0,408685,8.96,9.01,8.87
2023-12-01,9.0,9.06,8.99,9.06,53529,8.966,8.952061050551219,0.05096307759162144,58.44155737898471,0.16999999999999993,9.090206958021906,8.841793041978093,0.0810142857142857,53512.7,462214,8.99,9.06,8.89
2023-12-04,9.06,9.1,9.0,9.04,47166,8.9715,8.96043618859396,0.05145941196587245,54.054053031409715,0.009999999999999787,9.098700628929274,8.844299371070727,0.08494285714285711,48678.05,415048,9.06,9.01,9.03
2023-12-05,9.06,9.12,9.055,9.11,35738,8.9845,8.97468036110882,0.05684309199335047,57.49999899374995,0.1399999999999988,9.112558374846873,8.856441625153128,0.0795857142857143,48372.05,450786,9.04,8.99,8.97
2023-12-06,9.15,9.15,9.1014,9.12,34430,8.995000000000001,8.988520326717504,0.06121057428905097,68.11594064692292,0.06999999999999851,9.131497541909622,8.85850245809038,0.07448571428571427,47133.85,485216,9.11,8.96,9.05
2023-12-07,9.15,9.24,9.1253,9.21,70926,9.009,9.009613628934884,0.07111122367263611,71.0526302700831,0.20000000000000107,9.172243441070783,8.845756558929217,0.0769714285714286,48136.5,556142,9.12,8.99,9.01
2023-12-08,9.22,9.27,9.17,9.18,58119,9.022499999999999,9.025840902369657,0.07566544043188195,61.538460213017736,0.11999999999999922,9.195629096949425,8.849370903050573,0.07518571428571429,49434.9,498023,9.21,9.06,9.06
2023-12-11,9.16,9.168,9.09,9.09,53073,9.0305,9.031951292620166,0.07119431867290871,58.823528200691946,0.08000000000000007,9.200388508331654,8.860611491668346,0.07294285714285717,51079.05,444950,9.18,9.04,9.01
2023-12-12,9.17,9.2399,9.1664,9.22,60971,9.0425,9.049860693323007,0.0772468375799562,61.643834434227735,0.23000000000000043,9.23032690799887,8.85467309200113,0.07319285714285721,52729.15,505921,9.09,9.11,8.99
2023-12-13,9.24,9.3,9.21,9.25,87799,9.055499999999999,9.068921579673196,0.08350088980866666,66.66666537037031,0.28999999999999915,9.262988744146186,8.84801125585381,0.07533571428571431,53180.95,593720,9.22,9.12,8.96
2023-12-14,9.29,9.39,9.28,9.34,90424,9.078999999999999,9.094738572085273,0.0946265725874671,68.42105137119104,0.34999999999999964,9.30377122872634,8.854228771273657,0.08105000000000004,54073.6,684144,9.25,9.21,8.99
2023-12-15,9.34,9.37,9.17,9.17,73703,9.093,9.101906327124771,0.08870718751834872,59.090908150826436,0.10999999999999943,9.302570990358852,8.883429009641148,0.08890714285714285,55092.6,610441,9.34,9.18,9.06
2023-12-18,9.18,9.31,9.17,9.21,60887,9.102,9.112200962636699,0.08624865606283905,62.222221254320985,0.1700000000000017,9.315600709638062,8.888399290361939,0.093907142857143,55199.05,671328,9.17,9.09,9.04
2023-12-19,9.27,9.35,9.2002,9.22,70373,9.1145,9.12246753762368,0.08413707361227196,64.77272624225199,0.11000000000000121,9.324810547324134,8.904189452675865,0.1003214285714286,54709.95,741701,9.21,9.22,9.11
2023-12-20,9.23,9.27,9.17,9.2,86515,9.122,9.12985158165952,0.07992873977831216,62.06896451843031,0.08000000000000007,9.333321655552028,8.910678344447971,0.10282857142857146,55454.25,655186,9.22,9.25,9.12
2023-12-21,9.27,9.35,9.22,9.23,55300,9.133,9.139389526263374,0.07811341712425524,60.24096283930896,0.019999999999999574,9.342671422142224,8.923328577857774,0.10711428571428565,56559.75,710486,9.2,9.34,9.21
2023-12-22,9.28,9.35,9.265,9.27,33730,9.1435,9.151828619000195,0.07899125695196751,63.529410718339065,0.08999999999999986,9.358737934437768,8.928262065562231,0.10604285714285704,56309.1,744216,9.23,9.17,9.18
2023-12-26,9.33,9.35,9.26,9.3,58203,9.158,9.165940179095415,0.08117157303527023,61.72839399481788,0.21000000000000085,9.374440097462221,8.941559902537778,0.10782857142857136,57694.55,802419,9.27,9.21,9.09
2023-12-27,9.33,9.37,9.24,9.25,76043,9.171,9.173945876324423,0.07796675401923281,57.64705787404844,0.02999999999999936,9.375877370253736,8.966122629746263,0.11364285714285696,60079.8,726376,9.3,9.22,9.22
2023-12-28,9.2,9.24,9.15,9.16,43561,9.181000000000001,9.172617697626858,0.06738887453387221,47.05882275432524,-0.08999999999999986,9.360461181845697,9.001538818154305,0.11187857142857117,58942.1,682815,9.25,9.2,9.25
2023-12-29,9.19,9.269,9.17,9.17,86920,9.190000000000001,9.172368393090967,0.05913101010650834,49.397589528233446,-0.16999999999999993,9.345597321043034,9.034402678956969,0.11180714285714265,61870.5,769735,9.16,9.23,9.34
2024-01-02,9.22,9.27,9.11,9.16,107309,9.195,9.171190450891826,0.05118969000956142,54.666665646222235,-0.009999999999999787,9.339002923946849,9.050997076053152,0.11766428571428555,64559.5,662426,9.17,9.27,9.17
2024-01-03,9.15,9.1931,8.92,8.99,190463,9.192499999999999,9.153934217473557,0.030824791854703548,35.44303734657912,-0.22000000000000064,9.349024758424918,9.03597524157508,0.1319214285714283,71724.35,471963,9.16,9.3,9.21
2024-01-04,8.96,9.1,8.96,9.1,147104,9.192,9.148797625333218,0.023292125345150794,41.379309678953646,-0.120000000000001,9.34969390736814,9.03430609263186,0.1354928571428568,77292.65,619067,8.99,9.25,9.22
2024-01-05,9.15,9.15,9.0501,9.14,87819,9.193000000000001,9.147959756253863,0.02031560059145221,37.80487740333147,-0.05999999999999872,9.349016193491439,9.036983806508564,0.13477142857142813,79962.1,706886,9.1,9.16,9.2
2024-01-08,9.17,9.22,9.16,9.22,78284,9.1935,9.154820731848734,0.024133236429346283,53.42465650966415,-0.009999999999999787,9.349809409758102,9.037190590241899,0.12477142857142821,80330.0,785170,9.14,9.17,9.23
2024-01-09,9.22,9.25,9.195,9.25,52610,9.197000000000001,9.163885424053616,0.02924219368899017,52.77777675154316,-0.019999999999999574,9.355160478129285,9.038839521870717,0.11869999999999958,80054.55,837780,9.22,9.16,9.27
2024-01-10,9.27,9.29,9.21,9.22,144897,9.203500000000002,9.169229669381844,0.030518708771179348,49.99999905405407,-0.08000000000000007,9.353626262648547,9.053373737351457,0.11371428571428524,84645.75,692883,9.25,8.99,9.3
2024-01-11,9.25,9.28,9.209,9.27,81429,9.206,9.17882684372643,0.03515934807727383,54.54545355371906,0.019999999999999574,9.358922408946079,9.05307759105392,0.11164285714285668,85668.65,774312,9.22,9.1,9.25
2024-01-12,9.3,9.3,9.22,9.24,38930,9.2055,9.184652858609628,0.03600148968039285,50.649349728453366,0.08000000000000007,9.35788110119033,9.053118898809672,0.10807142857142818,83225.2,735382,9.27,9.14,9.16
2024-01-16,9.28,9.34,9.19,9.2,127494,9.1985,9.186114491122996,0.03306032268879022,45.454544628099164,0.02999999999999936,9.337105840235346,9.059894159764653,0.11271428571428542,85078.7,607888,9.24,9.22,9.17
2024-01-17,9.24,9.29,9.195,9.21,86655,9.2005,9.188389301492235,0.03117690724070421,43.99999917866669,0.05000000000000071,9.338527457222636,9.062472542777364,0.1130714285714282,85726.3,694543,9.2,9.25,9.16
2024-01-18,9.25,9.28,9.18,9.2,88181,9.2,9.189495082302498,0.028548323772039197,46.47887232295177,0.20999999999999908,9.337954988845443,9.062045011154556,0.11092857142857111,87091.0,606362,9.21,9.22,8.99
2024-01-19,9.2,9.29,9.12,9.29,223848,9.203500000000002,9.19906697922607,0.033342689852220886,59.15492841102951,0.1899999999999995,9.347030667913018,9.059969332086986,0.11664285714285683,94764.75,830210,9.2,9.27,9.1
2024-01-22,9.3,9.36,9.26,9.32,76931,9.2095,9.210584409775967,0.03911203483975001,60.273971446800545,0.17999999999999972,9.362157166639149,9.056842833360852,0.11671428571428535,94285.55,907141,9.29,9.24,9.14
2024-01-23,9.34,9.35,9.2401,9.3,72364,9.213000000000001,9.219100180273493,0.041591075541953515,59.4594583345508,0.08000000000000007,9.370760644815519,9.055239355184483,0.1131357142857139,95138.75,834777,9.32,9.2,9.22
2024-01-24,9.38,9.41,9.3012,9.34,114843,9.2165,9.230614448818875,0.046250126788851986,78.68852278419774,0.08999999999999986,9.382477170275335,9.050522829724665,0.10139999999999968,99194.4,949620,9.3,9.21,9.25
2024-01-25,9.37,9.43,9.34,9.41,33584,9.222000000000001,9.2476987870266,0.0549571535889708,77.19298056017236,0.1899999999999995,9.405945071892834,9.038054928107169,0.09782857142857118,97963.45,983204,9.34,9.2,9.22
2024-01-26,9.41,9.44,9.34,9.39,62716,9.229000000000001,9.261251283500258,0.05955721105603473,72.72727087603307,0.120000000000001,9.427510241019068,9.030489758980934,0.09783571428571403,97297.1,920488,9.41,9.29,9.27
2024-01-29,9.43,9.47,9.38,9.42,39429,9.241999999999999,9.276370208881186,0.06487561376695261,69.99999803999998,0.17999999999999972,9.455008524662558,9.02899147533744,0.09997857142857113,97090.5,959917,9.39,9.32,9.24
2024-01-30,9.46,9.49,9.435,9.48,34672,9.2575,9.295763522321073,0.07308931340393165,71.6981113136348,0.28000000000000114,9.492435601478524,9.022564398521476,0.09997857142857113,94478.1,994589,9.42,9.3,9.2
2024-01-31,9.55,9.55,9.47,9.49,93345,9.274000000000001,9.314262234480971,0.0794893154138947,76.47058613610143,0.27999999999999936,9.525847907319124,9.022152092680878,0.09997857142857125,93779.9,1087934,9.48,9.34,9.21
2024-02-01,9.49,9.55,9.49,9.54,48132,9.3015,9.335761069292307,0.08758620199956191,76.47058613610143,0.33999999999999986,9.542661662310548,9.060338337689453,0.09919285714285701,86663.35,1136066,9.49,9.41,9.2
2024-02-02,9.54,9.55,9.49,9.53,41788,9.323,9.354260015073992,0.09213407492301684,79.59183446064125,0.2400000000000002,9.565191746567109,9.080808253432892,0.09776428571428562,81397.55,1094278,9.54,9.39,9.29
2024-02-05,9.54,9.56,9.47,9.53,36239,9.3425,9.370997156495516,0.09464725768906668,86.66666397037037,0.20999999999999908,9.585453320186069,9.09954667981393,0.0934785714285713,78818.55,1094278,9.53,9.42,9.32
2024-02-06,9.56,9.65,9.5201,9.64,60288,9.363499999999998,9.396616474924514,0.10431242865124268,89.09090682314047,0.33999999999999986,9.633023946792665,9.093976053207331,0.0959714285714286,77918.75,1154566,9.53,9.48,9.3
2024-02-07,9.68,9.72,9.65,9.69,48074,9.385499999999999,9.424557763026941,0.11468463738002477,91.52542155702405,0.34999999999999964,9.686059128082379,9.084940871917619,0.0938285714285715,77691.95,1202640,9.64,9.49,9.34
2024-02-08,9.71,9.71,9.63,9.67,32510,9.408,9.447933214167232,0.11990864397250967,86.53845920858018,0.2599999999999998,9.72340116476766,9.092598835232339,0.08740000000000007,72072.6,1170130,9.69,9.54,9.41
2024-02-09,9.69,9.69,9.65,9.68,37334,9.4285,9.470034812817971,0.12343275058975856,85.99999759200027,0.28999999999999915,9.759067295481657,9.097932704518342,0.08311428571428577,69867.85,1207464,9.67,9.53,9.39
2024-02-12,9.68,9.68,9.61,9.65,54217,9.449,9.487174354454355,0.12239402974692659,84.31372317570194,0.23000000000000043,9.781195250132322,9.116804749867677,0.0802642857142858,70632.2,1153247,9.68,9.53,9.42
2024-02-13,9.64,9.66,9.61,9.65,54231,9.4715,9.502681558792036,0.12018541049570786,82.978720932549,0.16999999999999993,9.793485615893092,9.14951438410691,0.07606428571428582,66969.05,1153247,9.65,9.64,9.48
2024-02-14,9.69,9.8,9.654,9.77,105118,9.499500000000001,9.528140457954699,0.12665790638924435,84.61538233727838,0.27999999999999936,9.823129092440142,9.17587090755986,0.0800642857142859,67892.2,1258365,9.65,9.69,9.49
2024-02-15,9.7,9.75,9.61,9.63,74112,9.521,9.537841366720919,0.1191175872703365,68.74999849609394,0.09000000000000163,9.816787975272378,9.225212024727623,0.08292142857142881,67188.75,1184253,9.77,9.67,9.54
2024-02-16,9.62,9.63,9.58,9.63,36612,9.538,9.546618379414165,0.11185246294433426,67.2131132115025,0.10000000000000142,9.816461941082656,9.259538058917345,0.08006428571428602,57826.95,1184253,9.63,9.68,9.53
2024-02-20,9.56,9.64,9.56,9.6,45513,9.552,9.551702343279482,0.10249260159905482,60.34482612960764,0.07000000000000028,9.811846108302472,9.292153891697527,0.08185000000000033,56256.05,1138740,9.63,9.65,9.53
2024-02-21,9.61,9.69,9.61,9.65,55629,9.5695,9.561064024871913,0.09797993727948118,62.90322438605629,0.009999999999999787,9.803771547343409,9.33522845265659,0.08185000000000033,55419.3,1194369,9.6,9.65,9.64
2024-02-22,9.67,9.72,9.62,9.63,37774,9.584,9.567629355836493,0.0917323641516461,57.62711727664484,-0.05999999999999872,9.79299760764166,9.37500239235834,0.08470714285714324,51565.85,1156595,9.65,9.77,9.69
2024-02-23,9.67,9.7,9.595,9.61,30774,9.594,9.571664655280637,0.08419672872601502,56.666665344444496,-0.0600000000000005,9.786424968288912,9.401575031711086,0.08792142857142883,51425.35,1125821,9.63,9.63,9.67
2024-02-26,9.61,9.6399,9.58,9.62,36149,9.605500000000001,9.576268021444386,0.07813094850753188,57.37704786347759,-0.0600000000000005,9.772387923311738,9.438612076688264,0.0857714285714289,50097.0,1161970,9.61,9.63,9.68
2024-02-27,9.62,9.65,9.62,9.65,23229,9.616999999999999,9.583290114640159,0.07488132142985116,50.9433948807405,0.0,9.760064210832015,9.473935789167983,0.07863571428571461,49287.0,1185199,9.62,9.6,9.65
2024-02-28,9.65,9.67,9.65,9.67,27596,9.6265,9.591548198960144,0.0730774000905825,47.99999865600008,0.019999999999999574,9.755834328084182,9.497165671915818,0.075064285714286,48933.2,1212795,9.65,9.65,9.65
2024-02-29,9.7,9.75,9.66,9.69,55446,9.6365,9.60092456096394,0.07242671240271115,51.99999854399999,-0.08000000000000007,9.751533175992321,9.521466824007678,0.0757785714285717,47038.25,1268241,9.67,9.63,9.77
2024-03-01,9.72,9.73,9.69,9.72,112881,9.6455,9.612265078967374,0.07348468787019868,53.84615239644983,0.08999999999999986,9.75685056070067,9.53414943929933,0.07577857142857182,50275.7,1381122,9.69,9.61,9.63
2024-03-04,9.72,9.72,9.67,9.68,27996,9.653,9.618716023827623,0.07028528529640532,52.83018728373083,0.049999999999998934,9.751001074107624,9.554998925892377,0.07435000000000043,49586.1,1353126,9.72,9.62,9.63
2024-03-05,9.71,9.72,9.65,9.67,40245,9.66,9.623600212034516,0.0661799412990991,51.85185050754457,0.07000000000000028,9.739206591963407,9.580793408036593,0.07577857142857182,49786.4,1312881,9.68,9.65,9.6
2024-03-06,9.7,9.75,9.7,9.75,31065,9.6655,9.635638287078848,0.06859105576852365,47.999998656000095,0.09999999999999964,9.75363267510398,9.57736732489602,0.06892142857142895,48325.25,1343946,9.67,9.67,9.65
2024-03-07,9.75,9.78,9.7,9.73,35556,9.6675,9.644625116880862,0.06810300508917777,63.15789240997219,0.09999999999999964,9.759695444572554,9.575304555427447,0.06463571428571464,47699.35,1308390,9.75,9.69,9.63
2024-03-08,9.77,9.78,9.68,9.71,35376,9.6695,9.650851296225541,0.06534909025103808,59.99999789999998,0.10000000000000142,9.763638755372527,9.575361244627471,0.06820714285714313,47842.65,1273014,9.73,9.72,9.61
2024-03-11,9.72,9.79,9.69,9.79,103546,9.675,9.66410355372787,0.06882849064182395,71.1111088987654,0.16999999999999993,9.783482353645937,9.566517646354065,0.06963571428571454,51153.25,1376560,9.71,9.68,9.62
2024-03-12,9.78,9.8,9.7601,9.8,59645,9.682500000000001,9.677046072420454,0.07156786417770533,68.29268059488403,0.15000000000000036,9.803700138960895,9.561299861039107,0.0667714285714289,51424.65,1436205,9.79,9.67,9.65
2024-03-13,9.8,9.81,9.76,9.78,78121,9.689,9.68685120838041,0.07130307128362823,68.29268059488373,0.10999999999999943,9.81663434614444,9.56136565385556,0.06320000000000027,52619.15,1358084,9.8,9.75,9.67
2024-03-14,9.73,9.73,9.63,9.68,56223,9.6845,9.686198712344181,0.06230585448909487,57.14285551020412,-0.009999999999999787,9.806323859040454,9.562676140959546,0.06284285714285749,50174.4,1301861,9.78,9.73,9.69
2024-03-15,9.66,9.68,9.63,9.65,71459,9.685500000000001,9.68275121593045,0.052153558154302004,52.94117501730118,-0.07000000000000028,9.805758493517454,9.565241506482549,0.0621357142857145,50041.75,1230402,9.68,9.71,9.72
2024-03-18,9.65,9.66,9.625,9.65,39460,9.686499999999999,9.679632052508502,0.04360513730167348,49.999998541666706,-0.02999999999999936,9.80513699609327,9.567863003906728,0.06249285714285729,50184.15,1230402,9.65,9.79,9.68
2024-03-19,9.66,9.6671,9.63,9.65,86683,9.689,9.676809952269597,0.03641073194828515,47.82608550094528,-0.019999999999999574,9.801932210686125,9.576067789313875,0.0637142857142858,52242.65,1230402,9.65,9.8,9.67
2024-03-20,9.64,9.685,9.63,9.68,91296,9.6905,9.67711376633916,0.03275231024452907,48.93616875509287,-0.07000000000000028,9.802039466699048,9.578960533300952,0.06121428571428579,54026.0,1321698,9.65,9.78,9.75
2024-03-21,9.67,9.7,9.67,9.68,28383,9.693000000000001,9.67738864573543,0.029512779691133417,45.4545440082644,-0.05000000000000071,9.801015593415865,9.584984406584137,0.060499999999999964,53556.45,1321698,9.68,9.68,9.73
2024-03-22,9.7,9.7196,9.63,9.64,43050,9.6945,9.673827822332056,0.023447480034681334,45.45454400826458,-0.07000000000000028,9.798417983854334,9.590582016145666,0.06332857142857128,54170.25,1278648,9.68,9.65,9.71
2024-03-25,9.63,9.7,9.63,9.65,38494,9.696,9.67155850591948,0.019225976487796004,47.72727120867777,-0.1399999999999988,9.796189294521772,9.595810705478227,0.06332857142857115,54287.5,1317142,9.64,9.65,9.79
2024-03-26,9.64,9.68,9.6339,9.66,66156,9.6965,9.67045769583191,0.016497150917826886,37.83783640613586,-0.14000000000000057,9.795818732000788,9.597181267999213,0.0630499999999996,56433.85,1383298,9.65,9.65,9.8
2024-03-27,9.68,9.7047,9.67,9.69,47562,9.6975,9.672318867657442,0.016564339691019114,44.73684045706362,-0.08999999999999986,9.796095398632529,9.59890460136747,0.059814285714285376,57432.15,1430860,9.66,9.68,9.78
2024-03-28,9.72,9.74,9.6709,9.68,83672,9.697,9.673050404071018,0.015630493198536044,45.94594420745057,0.0,9.795856621320352,9.598143378679646,0.057607142857142586,58843.45,1347188,9.69,9.68,9.68
2024-04-01,9.74,9.74,9.675,9.72,79116,9.697,9.677521794159492,0.01791160138129655,39.39393772268166,0.07000000000000028,9.795856621320352,9.598143378679646,0.05510714285714258,57155.2,1426304,9.68,9.64,9.65
2024-04-02,9.71,9.71,9.66,9.71,46571,9.6985,9.680614956620493,0.018696953563962282,36.36363482093667,0.0600000000000005,9.79718077186955,9.599819228130448,0.05582857142857112,58083.95,1379733,9.72,9.65,9.65
2024-04-03,9.72,9.736,9.66,9.69,78278,9.6995,9.681508770275684,0.01750374718908354,36.36363482093667,0.03999999999999915,9.79736671925006,9.60163328074994,0.05768571428571396,59985.6,1301455,9.71,9.66,9.65
2024-04-04,9.7,9.7,9.63,9.64,91009,9.693999999999999,9.677555554058952,0.012380825547918306,42.85714071428591,-0.03999999999999915,9.792279943876405,9.595720056123593,0.055542857142856734,62982.8,1210446,9.69,9.69,9.68
2024-04-05,9.66,9.685,9.655,9.67,38936,9.690999999999999,9.67683597748191,0.010619208907929334,53.57142589285723,-0.009999999999999787,9.788311220751458,9.59368877924854,0.05411428571428546,63151.8,1249382,9.64,9.68,9.68
2024-04-08,9.67,9.7,9.665,9.7,69196,9.6905,9.679042074864585,0.011511168861716214,58.06451350676381,0.05999999999999872,9.787502441640092,9.593497558359909,0.05411428571428546,64842.8,1318578,9.67,9.72,9.64
2024-04-09,9.69,9.71,9.67,9.68,28781,9.684999999999999,9.679133305829863,0.010483375989494448,54.54545223140501,0.02999999999999936,9.769976777012944,9.600023222987053,0.05432142857142847,61104.55,1289797,9.7,9.71,9.65
2024-04-10,9.66,9.68,9.64,9.66,30768,9.678,9.67731108622702,0.007963215938971757,46.87499794921887,0.0,9.744046235798018,9.611953764201983,0.05324999999999986,59660.7,1259029,9.68,9.69,9.66
2024-04-11,9.66,9.68,9.64,9.67,32688,9.6725,9.676614792300636,0.006695702988112728,48.48484642791563,-0.019999999999999574,9.71786402469768,9.627135975302318,0.05396428571428556,57389.05,1291717,9.66,9.64,9.69
2024-04-12,9.65,9.702,9.64,9.65,41415,9.671,9.674080050176766,0.0040308922824081606,51.61290089490123,-0.02999999999999936,9.717294253365473,9.624705746634525,0.051992857142857014,56648.65,1250302,9.67,9.67,9.68
2024-04-15,9.65,9.695,9.54,9.55,99680,9.666,9.662262902540883,-0.006080062271177411,37.49999868749999,-0.16999999999999993,9.736903937979372,9.595096062020628,0.05806428571428578,58059.7,1150622,9.65,9.7,9.72
2024-04-16,9.57,9.5722,9.5,9.55,53195,9.661000000000001,9.65157119753699,-0.013932461797404372,35.89743460881,-0.16000000000000014,9.748755641593629,9.573244358406374,0.05992857142857159,58746.45,1150622,9.55,9.68,9.71
2024-04-17,9.55,9.64,9.55,9.61,53959,9.659,9.6476120358668,-0.01513952948269015,40.47618912698408,-0.08000000000000007,9.749588717782096,9.568411282217905,0.06387857142857152,57110.25,1204581,9.55,9.66,9.69
2024-04-18,9.55,9.6,9.52,9.58,42838,9.654,9.641172794355676,-0.01830586891754926,38.63636240702476,-0.0600000000000005,9.750551050036178,9.557448949963822,0.0646571428571429,54687.35,1161743,9.61,9.67,9.64
2024-04-19,9.58,9.64,9.58,9.59,40952,9.6495,9.63629919489323,-0.019780284779045587,34.14634029744174,-0.08000000000000007,9.749283977196711,9.549716022803288,0.06430000000000012,55315.8,1202695,9.58,9.65,9.67
2024-04-22,9.61,9.6199,9.58,9.6,49768,9.6475,9.632842128712921,-0.0199123170177522,36.58536460440187,-0.09999999999999964,9.749660863862804,9.545339136137198,0.06357857142857146,55651.7,1252463,9.59,9.55,9.7
2024-04-23,9.59,9.6,9.575,9.59,37532,9.6445,9.628761925978358,-0.02058656061051778,37.49999868749988,-0.08999999999999986,9.749826559852952,9.53917344014705,0.0599357142857143,55603.6,1214931,9.6,9.55,9.68
2024-04-24,9.6,9.62,9.53,9.555,68416,9.63925,9.621736980647086,-0.023672231386356657,38.96103754427369,-0.10500000000000043,9.751559487811864,9.526940512188137,0.06136428571428582,55716.6,1146515,9.59,9.61,9.66
2024-04-25,9.55,9.56,9.5,9.5359,83676,9.631545,9.613562030109268,-0.027343656969103236,32.07698356301026,-0.1341000000000001,9.750161648782338,9.51292835121766,0.06350714285714291,57522.3,1062839,9.555,9.58,9.67
2024-04-26,9.55,9.58,9.52,9.55,66311,9.625045,9.607508503432195,-0.028783735323390403,29.061975413546463,-0.09999999999999964,9.746690532939532,9.503399467060468,0.06529285714285724,56654.25,1129150,9.5359,9.59,9.65
2024-04-29,9.55,9.56,9.53,9.55,88778,9.616545,9.60203150310532,-0.029583982048025703,30.780601919194453,0.0,9.733936893829066,9.499153106170935,0.06457857142857153,57137.35,1129150,9.55,9.6,9.55
2024-04-30,9.55,9.58,9.52,9.58,47115,9.610045,9.599933264714336,-0.02748065470938066,38.512347676126055,0.02999999999999936,9.719796652187233,9.500293347812766,0.06600714285714306,57164.55,1176265,9.55,9.59,9.55
2024-05-01,9.57,9.69,9.57,9.65,87153,9.608045,9.604701525217733,-0.019935534387695242,47.55021884933109,0.040000000000000924,9.71301554173201,9.50307445826799,0.07172142857142878,57608.3,1263418,9.58,9.555,9.61
2024-05-02,9.66,9.66,9.6,9.64,52275,9.608045,9.608063284720807,-0.014594650407504517,48.744347859314765,0.0600000000000005,9.71301554173201,9.50307445826799,0.07157857142857171,55671.6,1211143,9.65,9.5359,9.58
2024-05-03,9.64,9.7,9.63,9.69,29767,9.609045,9.615866781414063,-0.006255273069283973,70.10338603834751,0.09999999999999964,9.71684361291919,9.50124638708081,0.06550714285714296,55213.15,1240910,9.64,9.55,9.59
2024-05-06,9.69,9.69,9.61,9.63,136858,9.605545000000001,9.617212802231771,-0.004436611723329875,59.79911602844788,0.030000000000001137,9.705143001987656,9.505946998012346,0.06606428571428578,58596.25,1104052,9.69,9.55,9.6
2024-05-07,9.66,9.7,9.63,9.64,185289,9.603545,9.61938301154303,-0.0021634542480484242,54.18760257223237,0.05000000000000071,9.698338370298586,9.508751629701415,0.06463571428571425,66421.65,1289341,9.63,9.58,9.59
2024-05-08,9.67,9.68,9.64,9.68,98930,9.604545,9.625156058062743,0.0028330470732313984,63.579573899744695,0.125,9.702224033466145,9.506865966533855,0.061778571428571336,69829.75,1388271,9.64,9.65,9.555
2024-05-09,9.69,9.73,9.69,9.73,52499,9.607545,9.635141195390101,0.010704002884157404,67.14845433591798,0.1941000000000006,9.716699906343601,9.498390093656399,0.06034999999999994,70820.3,1440770,9.68,9.64,9.5359
2024-05-10,9.73,9.77,9.73,9.7527,47866,9.612680000000001,9.646337272019615,0.01855954919569136,68.1396983750162,0.2027000000000001,9.738616869731732,9.48674313026827,0.060357142857142776,71142.85,1488636,9.73,9.69,9.55
2024-05-13,9.76,9.81,9.7501,9.765,58476,9.62343,9.657638484208222,0.025483871121091184,70.67580106460035,0.21499999999999986,9.762824783561447,9.484035216438555,0.06284999999999995,69082.65,1547112,9.7527,9.63,9.55
2024-05-14,9.81,9.93,9.79,9.91,79320,9.64143,9.681672914283629,0.042185445536421895,83.28957020620055,0.33000000000000007,9.826417738996069,9.45644226100393,0.06642142857142856,70388.9,1626432,9.765,9.64,9.58
2024-05-15,9.9,9.94,9.8857,9.92,99992,9.65693,9.704370731970902,0.05558769951590392,86.64376795838076,0.2699999999999996,9.879051636662467,9.434808363337531,0.06601428571428565,72690.55,1726424,9.91,9.68,9.65
2024-05-16,9.84,9.84,9.76,9.77,54109,9.66643,9.710621138449865,0.05348875197206482,66.66666525252529,0.129999999999999,9.890937508724347,9.441922491275653,0.06744285714285704,73254.1,1672315,9.92,9.73,9.64
2024-05-17,9.79,9.84,9.79,9.82,31787,9.67793,9.72103817288321,0.05522332262757246,69.01408314620122,0.13000000000000078,9.909407816147356,9.446452183852644,0.06887142857142844,72795.85,1704102,9.77,9.7527,9.69
2024-05-20,9.79,9.83,9.71,9.725,73559,9.68418,9.721415489751475,0.048374644106882414,59.35483763746099,0.09499999999999886,9.91353867199864,9.454821328001358,0.07315714285714263,73985.4,1630543,9.82,9.765,9.63
2024-05-21,9.74,9.79,9.73,9.75,27768,9.692179999999999,9.72413782406086,0.04445189419377371,56.84931397823233,0.10999999999999943,9.918852985876663,9.465507014123334,0.06887142857142832,73497.2,1658311,9.725,9.91,9.64
2024-05-22,9.76,9.81,9.67,9.68,69569,9.69843,9.719934221769348,0.03528789511741337,52.53164463867966,0.0,9.915882621336792,9.480977378663209,0.07458571428571403,73554.85,1588742,9.75,9.92,9.68
2024-05-23,9.72,9.74,9.6558,9.66,50978,9.704635,9.714226200648458,0.026110541009163768,48.026314904778445,-0.07000000000000028,9.909264382825915,9.500005617174084,0.07559999999999992,71919.95,1537764,9.68,9.77,9.73
2024-05-24,9.7,9.74,9.64,9.65,45976,9.709635,9.708109419634319,0.017825029535567083,51.40844969053758,-0.10270000000000046,9.902928137351779,9.516341862648222,0.07702857142857132,70903.2,1491788,9.66,9.82,9.7527
2024-05-28,9.68,9.6897,9.59,9.62,48978,9.713135,9.699718046335812,0.008737235436202084,48.63013605366854,-0.14500000000000135,9.896539485682183,9.529730514317816,0.07915000000000003,68913.2,1442810,9.65,9.725,9.765
2024-05-29,9.62,9.63,9.57,9.62,42342,9.715135,9.692125851446688,0.0015175992032165908,45.652172986767496,-0.2900000000000009,9.893221865557614,9.537048134442387,0.08057857142857154,68674.55,1442810,9.62,9.75,9.91
2024-05-30,9.63,9.69,9.615,9.67,75051,9.716135,9.690018627499384,-0.0001675017142375168,45.652172986767496,-0.25,9.892901587399818,9.539368412600181,0.08307857142857143,68069.45,1517861,9.62,9.68,9.92
2024-05-31,9.66,9.78,9.6438,9.78,79027,9.723135000000001,9.698588282023252,0.007289099790048326,51.75607780189739,0.009999999999999787,9.898287700596482,9.54798229940352,0.08994999999999997,69407.05,1596888,9.67,9.66,9.77
2024-06-03,9.79,9.82,9.73,9.73,61093,9.725134999999998,9.701579874211514,0.009059495991435185,47.85275991418572,-0.08999999999999986,9.89960678960607,9.550663210393926,0.09209999999999992,70973.35,1535795,9.78,9.65,9.82
2024-06-04,9.76,9.8,9.74,9.79,46248,9.733135,9.710000838572322,0.015129641038967634,41.78082111653213,0.0649999999999995,9.90387254897943,9.562397451020571,0.08638571428571419,66442.85,1582043,9.73,9.62,9.725
2024-06-05,9.8,9.85,9.8,9.82,49419,9.742135000000001,9.720476949184482,0.02210619743619624,43.333332524444494,0.07000000000000028,9.911169487605115,9.573100512394888,0.0860785714285713,59649.35,1631462,9.79,9.62,9.75
2024-06-06,9.83,9.86,9.82,9.839,25379,9.750085,9.73176485878596,0.028835907413975903,55.57350439736829,0.1590000000000007,9.921750614678889,9.578419385321112,0.08322142857142836,55971.8,1656841,9.82,9.67,9.68
2024-06-07,9.83,9.94,9.8223,9.89,42632,9.758085,9.746834872234915,0.037848233832827205,55.64516003381898,0.23000000000000043,9.94039240118338,9.575777598816618,0.08805714285714254,55478.45,1699473,9.839,9.78,9.66
2024-06-10,9.9,9.95,9.87,9.88,81384,9.76445,9.759517265355399,0.043680133649457886,64.48597962092774,0.23000000000000043,9.954682517005473,9.574217482994527,0.08519999999999975,57154.35,1618089,9.89,9.73,9.65
2024-06-11,9.86,9.92,9.86,9.92,33275,9.7722,9.774801335321552,0.050942389737445026,65.45454378842982,0.3000000000000007,9.974756918576185,9.569643081423814,0.08519999999999987,55894.3,1651364,9.88,9.79,9.62
2024-06-12,9.94,9.98,9.91,9.92,42853,9.7727,9.788629779576642,0.05605165145803781,74.99999781250015,0.3000000000000007,9.976733124245538,9.568666875754463,0.08019999999999985,54070.95,1651364,9.92,9.82,9.62
2024-06-13,9.93,9.95,9.86,9.86,55078,9.7697,9.795426943426484,0.05462954433781242,69.2307673668639,0.1899999999999995,9.96624071494604,9.573159285053961,0.0806142857142855,51825.25,1596286,9.92,9.839,9.67
2024-06-14,9.87,9.91,9.7733,9.82,85141,9.7722,9.797767234528724,0.0497019158060823,65.45454378842982,0.040000000000000924,9.970024590031104,9.574375409968896,0.08323571428571405,53376.85,1511145,9.86,9.89,9.78
2024-06-17,9.8,9.85,9.77,9.82,36400,9.772200000000002,9.799884640764084,0.04527483458183568,69.23076736686414,0.08999999999999986,9.970024590031105,9.574375409968898,0.08182857142857117,53607.5,1511145,9.82,9.88,9.73
2024-06-18,9.72,9.795,9.72,9.7674,32520,9.77432,9.796790865453218,0.03709435979226505,62.87111267866662,-0.022599999999998843,9.970919786903362,9.577720213096637,0.08289999999999965,51555.55,1478625,9.82,9.92,9.79
2024-06-20,9.76,9.8198,9.7575,9.8,26276,9.77682,9.797096497314817,0.03286299791180802,61.707491239364536,-0.019999999999999574,9.973389265681204,9.580250734318797,0.08199285714285688,51480.95,1504901,9.7674,9.92,9.82
2024-06-21,9.77,9.83,9.77,9.775,8276,9.78157,9.79499206899912,0.027179019282039363,49.46830988397217,-0.06400000000000006,9.97280722496012,9.590332775039881,0.07654999999999987,48416.3,1496625,9.8,9.86,9.839
2024-06-24,9.81,9.82,9.75,9.785,31512,9.78782,9.794040443380156,0.02321374804581744,56.39237380406034,-0.10500000000000043,9.97029809500818,9.60534190499182,0.07512142857142846,47443.0,1528137,9.775,9.82,9.89
2024-06-25,9.83,9.84,9.73,9.73,68189,9.79182,9.787941353534427,0.015455045585280658,42.94449529345516,-0.15000000000000036,9.964839933137998,9.618800066862,0.07869285714285697,48553.65,1459948,9.785,9.82,9.88
2024-06-26,9.76,9.77,9.69,9.705,56105,9.79607,9.780042177007338,0.0072058622490907,36.31603877100296,-0.21499999999999986,9.954914420407693,9.637225579592307,0.08083571428571419,48910.0,1403843,9.73,9.7674,9.92
2024-06-27,9.74,9.82,9.68,9.78,74973,9.80407,9.780038160149497,0.006643614705421186,43.80512260967707,-0.14000000000000057,9.940047909970401,9.668092090029598,0.08797857142857143,50541.55,1478816,9.705,9.8,9.92
2024-06-28,9.78,9.84,9.66,9.66,73077,9.80357,9.768605954420973,-0.003445252819648914,28.906822441864293,-0.1999999999999993,9.941680453127475,9.665459546872526,0.09242857142857146,50442.85,1405739,9.78,9.775,9.86
2024-07-01,9.74,9.81,9.68,9.8,81816,9.80457,9.771595863523737,-0.00014228299743024309,44.07582846999169,-0.019999999999999574,9.94225083763745,9.66688916236255,0.09600000000000009,50582.3,1487555,9.66,9.785,9.82
2024-07-02,9.81,9.8758,9.795,9.82,79253,9.809070000000002,9.776205781283382,0.004042576912606677,42.36874146342739,0.0,9.942299886009987,9.675840113990017,0.09748571428571433,51490.3,1566808,9.8,9.73,9.82
2024-07-03,9.82,9.89,9.72,9.86,22925,9.81257,9.784186183065916,0.01046612722313256,45.68469413178114,0.09259999999999913,9.947359240551085,9.677780759448913,0.10462857142857145,50324.15,1589733,9.82,9.705,9.7674
2024-07-05,9.88,9.93,9.84,9.86,53195,9.81457,9.791406546583447,0.015379551229663946,49.99999889798491,0.05999999999999872,9.951000481236576,9.678139518763423,0.10462857142857145,50512.95,1589733,9.86,9.78,9.8
2024-07-08,9.88,9.92,9.8701,9.92,51596,9.81862,9.803653542146929,0.023840159166388375,57.63125639982051,0.14499999999999957,9.962698686103776,9.674541313896222,0.09842857142857143,51823.8,1641329,9.86,9.66,9.775
2024-07-09,9.93,9.97,9.89,9.93,50170,9.82062,9.815686538132935,0.030994878664889924,58.268188791709775,0.14499999999999957,9.969887736845825,9.671352263154175,0.09842857142857143,52200.7,1691499,9.92,9.8,9.785
2024-07-10,9.94,10.0,9.93,9.95,46019,9.824119999999999,9.828478296405988,0.037842651724877996,64.43249936444039,0.21999999999999886,9.982268678880017,9.665971321119981,0.09807142857142866,50432.45,1737518,9.93,9.82,9.73
2024-07-11,9.92,9.95,9.855,9.92,52873,9.82412,9.837194649129227,0.040383298416253766,59.523808201058216,0.21499999999999986,9.982268678880018,9.665971321119983,0.10040714285714282,51412.35,1684645,9.95,9.86,9.705
2024-07-12,9.95,9.97,9.9101,9.952,30002,9.82572,9.8481284920693,0.04446633158439539,63.893248203288145,0.1720000000000006,9.988531736289497,9.662908263710504,0.10039999999999998,50769.8,1714647,9.92,9.86,9.78
2024-07-15,9.95,10.05,9.945,9.98,105532,9.83172,9.860687683300796,0.049392168596487096,64.88549479634065,0.3200000000000003,10.008127776412671,9.65531222358733,0.10289999999999999,53292.5,1820179,9.952,9.92,9.66
2024-07-16,10.0,10.05,9.9557,9.97,69860,9.839220000000001,9.871098380129292,0.05189084809757283,69.6721295485086,0.16999999999999993,10.025980523271238,9.652459476728763,0.1017785714285715,52528.45,1750319,9.98,9.93,9.8
2024-07-17,9.96,10.0101,9.95,9.98,46632,9.84722,9.881469962974121,0.05405487507530893,73.10924197726168,0.16000000000000014,10.043955029925822,9.650484970074178,0.10035714285714294,53040.05,1796951,9.97,9.95,9.82
2024-07-18,9.96,9.9984,9.89,9.91,45493,9.85435,9.884187109357539,0.049550282269898105,61.01694770468271,0.05000000000000071,10.049232177629994,9.659467822370006,0.0981,53688.7,1751458,9.98,9.92,9.86
2024-07-19,9.79,9.9067,9.79,9.8,32521,9.85435,9.876169289418726,0.03668143856443784,62.06896401902509,-0.05999999999999872,10.049232177629994,9.659467822370006,0.09357857142857158,54000.95,1718937,9.91,9.952,9.86
2024-07-22,9.8,9.8699,9.7917,9.84,41661,9.8576,9.872724595188371,0.029371872249448927,54.166665086805544,-0.08000000000000007,10.0490481103257,9.6661518896743,0.08987857142857145,55670.2,1760598,9.8,9.98,9.92
2024-07-23,9.85,9.86,9.81,9.84,15706,9.86035,9.869607967075193,0.02331028186312345,52.17391145557657,-0.08999999999999986,10.04896631899013,9.67173368100987,0.08767857142857137,54879.9,1760598,9.84,9.97,9.93
2024-07-24,9.85,9.86,9.8101,9.824,15158,9.86505,9.86526435116327,0.01701917507531725,45.871558160087616,-0.12599999999999945,10.044449554068322,9.685650445931678,0.07909999999999988,52228.35,1745440,9.84,9.98,9.95
2024-07-25,9.84,9.88,9.74,9.78,91290,9.8688,9.857143936766768,0.008386323041188248,41.666665451388894,-0.14000000000000057,10.036892205273167,9.700707794726833,0.0826714285714285,53987.6,1654150,9.824,9.91,9.92
2024-07-26,9.81,9.83,9.79,9.7952,35739,9.86956,9.851244514217552,0.002739657507188298,35.66176355867478,-0.1568000000000005,10.036091911277078,9.703028088722922,0.08196428571428578,52025.9,1689889,9.78,9.8,9.952
2024-07-29,9.81,9.9,9.8,9.88,60228,9.88056,9.853983131911118,0.00504908298667317,45.09803797770102,-0.09999999999999964,10.014727819500001,9.746392180499997,0.08339285714285717,51383.45,1750117,9.7952,9.84,9.98
2024-07-30,9.89,9.93,9.875,9.92,28885,9.88656,9.860270452681487,0.009991805701108802,47.16981007475979,-0.05000000000000071,10.016215712521216,9.756904287478783,0.08232142857142856,48736.9,1779002,9.88,9.84,9.97
2024-07-31,9.95,9.968,9.91,9.9358,65226,9.892349999999999,9.867463742902297,0.01501084137873221,51.531599997203614,-0.04420000000000002,10.019814529637461,9.764885470362536,0.07967857142857149,48035.55,1844228,9.92,9.824,9.98
2024-08-01,9.95,9.95,9.88,9.92,49764,9.89535,9.87246719595922,0.01751167171065582,46.797436638982965,0.009999999999999787,10.022432426628566,9.768267573371435,0.0803999999999999,49377.5,1794464,9.9358,9.78,9.91
2024-08-02,9.85,9.88,9.65,9.76,137333,9.89035,9.861756034439296,0.006507915759502936,32.58391314728499,-0.040000000000000924,10.030486948055952,9.750213051944048,0.08932857142857133,53584.4,1657131,9.92,9.7952,9.8
2024-08-05,9.55,9.55,9.25,9.37,184383,9.86285,9.814922126397457,-0.03329853590529552,20.344009208366785,-0.47000000000000064,10.133538101735125,9.592161898264875,0.10402142857142849,60223.75,1472748,9.76,9.88,9.84
2024-08-06,9.42,9.54,9.41,9.51,58699,9.841849999999999,9.785881923883414,-0.052938365161825374,29.4148559812474,-0.33000000000000007,10.152779414904003,9.530920585095995,0.10901428571428554,60650.2,1531447,9.37,9.92,9.84
2024-08-07,9.53,9.68,9.53,9.59,79365,9.82385,9.767226502561185,-0.06134064318874266,36.10628646623133,-0.23399999999999999,10.149739303130149,9.497960696869852,0.11198571428571416,62317.5,1610812,9.51,9.9358,9.824
2024-08-08,9.63,9.6999,9.62,9.68,62901,9.81185,9.758919216602976,-0.06004509870827768,44.69777251169243,-0.09999999999999964,10.140495138969586,9.483204861030414,0.10935714285714264,62818.9,1673713,9.59,9.92,9.78
2024-08-09,9.69,9.75,9.6656,9.73,43989,9.800749999999999,9.75616500549793,-0.05435719236764136,45.1821998663711,-0.06519999999999904,10.124422814005491,9.477077185994506,0.1097999999999999,63518.25,1717702,9.68,9.76,9.7952
2024-08-12,9.73,9.78,9.71,9.73,28602,9.788250000000001,9.753673100212414,-0.049281400307357615,45.1821998663711,-0.15000000000000036,10.101930840144254,9.474569159855749,0.1112285714285713,59671.75,1717702,9.73,9.37,9.88
2024-08-13,9.76,9.79,9.73,9.75,43869,9.77725,9.753323281144565,-0.043147587152576605,46.77025082508424,-0.16999999999999993,10.079309398132091,9.47519060186791,0.11194999999999984,58372.2,1761571,9.73,9.51,9.92
2024-08-14,9.74,9.78,9.74,9.74,32618,9.765249999999998,9.752054397226035,-0.038647903487596835,48.20079104461045,-0.1958000000000002,10.052080017514362,9.478419982485635,0.10480714285714259,57671.5,1728953,9.75,9.59,9.9358
2024-08-15,9.76,9.88,9.76,9.832,57836,9.76135,9.759668264156888,-0.027343047020679023,51.54829962834387,-0.08799999999999919,10.04194644368817,9.48075355631183,0.11052142857142831,58288.65,1786789,9.74,9.68,9.92
2024-08-16,9.84,9.88,9.84,9.88,25324,9.765350000000002,9.77112842947528,-0.014345304241384582,49.99999939215006,0.120000000000001,10.050510058471188,9.480189941528815,0.10623571428571411,57928.8,1812113,9.832,9.73,9.76
2024-08-19,9.89,9.9499,9.84,9.85,81716,9.76585,9.77864000762049,-0.006391570675033265,46.93412696471813,0.4800000000000004,10.05159564692531,9.48010435307469,0.11015714285714269,59931.55,1730397,9.88,9.73,9.37
2024-08-20,9.79,9.89,9.73,9.84,78549,9.76585,9.784483816418538,-0.0008848954226134964,45.78270765895588,0.33000000000000007,10.05159564692531,9.48010435307469,0.11744285714285699,63073.7,1651848,9.85,9.75,9.51
2024-08-21,9.84,9.89,9.79,9.89,54897,9.76915,9.79453297675963,0.007428139549810808,48.71794813499894,0.3000000000000007,10.059215048965745,9.479084951034254,0.11958571428571434,65060.65,1706745,9.84,9.74,9.59
2024-08-22,9.89,9.9199,9.8306,9.855,44342,9.7729,9.80029174087776,0.011064527184288409,54.54545381470207,0.1750000000000007,10.06548394386987,9.48031605613013,0.10953571428571429,62713.25,1662403,9.89,9.832,9.68
2024-08-23,9.83,9.8992,9.81,9.84,29558,9.77514,9.804073479841783,0.01259087616131005,85.07462508799277,0.10999999999999943,10.069125408875168,9.481154591124833,0.09447857142857138,62404.2,1632845,9.855,9.88,9.73
2024-08-26,9.91,9.91,9.795,9.82,93144,9.77214,9.805590291285423,0.01204780625895907,78.1818161917355,0.08999999999999986,10.062825957511983,9.481454042488018,0.0934071428571429,64050.0,1539701,9.84,9.85,9.73
2024-08-27,9.85,9.87,9.83,9.87,41878,9.76964,9.81172454925824,0.015473631191284198,76.92307485207093,0.11999999999999922,10.055796397428741,9.48348360257126,0.08554999999999995,64699.65,1581579,9.82,9.84,9.75
2024-08-28,9.89,9.89,9.81,9.845,24835,9.7651,9.814893639805074,0.015987042393220463,68.13186603550312,0.10500000000000043,10.04291622096541,9.487283779034591,0.08555714285714279,62680.1,1556744,9.87,9.89,9.74
2024-08-29,9.87,9.895,9.84,9.85,43413,9.7616,9.818237102680781,0.016605959518310343,64.63414413444383,0.017999999999998906,10.032886525554238,9.490313474445761,0.08345714285714274,62362.55,1600157,9.845,9.855,9.832
2024-08-30,9.88,9.94,9.845,9.86,77511,9.7666,9.822214521473088,0.017699345191335425,65.47618829365082,-0.02000000000000135,10.041425418268103,9.491774581731898,0.08524285714285705,59371.45,1677668,9.85,9.84,9.88
2024-09-03,9.87,9.94,9.83,9.89,78550,9.7926,9.828670281332794,0.020747446841079764,66.2790676095188,0.040000000000000924,9.999419931850017,9.585780068149983,0.08881428571428567,54079.8,1756218,9.86,9.82,9.85
2024-09-04,9.89,9.91,9.82,9.875,50746,9.81085,9.833082635491575,0.02170254133231886,65.5172392707095,0.03500000000000014,9.972058952343556,9.649641047656445,0.0923857142857143,53682.15,1705472,9.89,9.87,9.84
2024-09-05,9.86,9.9197,9.86,9.86,57265,9.824349999999999,9.835646194016187,0.021006931132504292,53.91061241690324,-0.030000000000001137,9.948692946808288,9.70000705319171,0.08807857142857145,52577.15,1648207,9.875,9.845,9.89
2024-09-06,9.88,9.91,9.87,9.88,32487,9.83435,9.839870366014646,0.02181798375468702,49.99999787878797,0.025000000000000355,9.940676755557027,9.728023244442975,0.08807857142857145,51056.45,1680694,9.86,9.85,9.855
2024-09-09,9.87,9.92,9.86,9.89,42277,9.84235,9.844644616870394,0.023002506649318022,56.45161035379838,0.05000000000000071,9.939280305944225,9.745419694055775,0.08451428571428579,50970.85,1722971,9.88,9.86,9.84
2024-09-10,9.9,9.92,9.87,9.8944,31563,9.85057,9.849383224787498,0.024019411975235272,58.93560832753435,0.07439999999999891,9.934379134032527,9.766760865967472,0.07665714285714298,51118.9,1754534,9.89,9.89,9.82
2024-09-11,9.9,9.92,9.88,9.92,24164,9.85907,9.856108631950594,0.02658457242135448,55.35714008928575,0.05000000000000071,9.933938392599543,9.784201607400455,0.07237142857142853,50133.65,1778698,9.8944,9.875,9.87
2024-09-12,9.92,9.97,9.891,9.935,53983,9.868820000000001,9.863622095574346,0.029487936617707433,65.38461186390555,0.08999999999999986,9.927420362850654,9.810219637149348,0.07163571428571432,51201.9,1832681,9.92,9.86,9.845
2024-09-13,9.94,10.01,9.94,9.9699,46454,9.875715,9.873743800757742,0.03421065287800218,73.20471230844619,0.11990000000000123,9.947125076687701,9.804304923312298,0.07026428571428577,50632.8,1879135,9.935,9.88,9.85
2024-09-16,9.94,10.03,9.92,9.99,91841,9.881215000000001,9.884815819733195,0.039124340513270184,80.35713883928597,0.13000000000000078,9.96906636430607,9.793363635693932,0.06990714285714285,53958.65,1970976,9.9699,9.89,9.86
2024-09-17,10.01,10.01,9.92,9.965,55434,9.886965,9.892452408330033,0.040533932358671976,68.6274472126108,0.07499999999999929,9.98104687419765,9.79288312580235,0.07347857142857148,52644.55,1915542,9.99,9.8944,9.89
2024-09-18,10.01,10.02,9.96,9.97,77266,9.893465,9.899837893250982,0.04157524867784268,76.59574011770025,0.09500000000000064,9.991753774857907,9.795176225142095,0.07204999999999995,52580.4,1992808,9.965,9.92,9.875
2024-09-19,10.0,10.02,9.96,9.96,63239,9.896965,9.90556761770327,0.041119581991489795,72.91666241319459,0.10000000000000142,9.999622473898778,9.794307526101221,0.07240714285714274,52997.5,1929569,9.97,9.935,9.86
2024-09-20,9.89,9.895,9.87,9.89,19351,9.898715,9.904084987445815,0.034709933368983314,54.999997433333576,0.009999999999999787,9.999537246395976,9.797892753604023,0.06740714285714285,51747.95,1910218,9.96,9.9699,9.88
2024-09-23,9.89,9.925,9.84,9.86,73355,9.899714999999999,9.89988641721288,0.0268994117035124,44.999997899999975,-0.030000000000001137,9.998460548067078,9.80096945193292,0.06562142857142865,53937.8,1836863,9.89,9.99,9.89
2024-09-24,9.86,9.89,9.83,9.87,39662,9.902215,9.897040091764033,0.021271231917634026,49.15254004021832,-0.024399999999999977,9.994802648942782,9.809627351057218,0.06347857142857156,51263.7,1876525,9.86,9.965,9.8944
2024-09-25,9.9,9.96,9.895,9.91,29887,9.904214999999999,9.898274368738887,0.019810165339615438,57.81249747070325,-0.009999999999999787,9.995592810849784,9.812837189150214,0.06385714285714299,50664.15,1906412,9.87,9.97,9.92
2024-09-26,9.92,9.9499,9.86,9.89,49258,9.906465,9.897486333620899,0.016844256592412066,51.56249774414069,-0.04499999999999993,9.99383167496618,9.81909832503382,0.06742142857142865,51885.3,1857154,9.91,9.96,9.935
2024-09-27,9.87,9.907,9.86,9.87,35171,9.907465,9.894868587561765,0.01273313997757164,46.96969497704307,-0.09990000000000165,9.992538151803634,9.822391848196366,0.06649285714285723,51473.2,1821983,9.89,9.89,9.9699
2024-09-30,9.89,9.93,9.8557,9.9,54780,9.909465,9.895357293508264,0.011760235051504253,50.787399575299375,-0.08999999999999986,9.991672241964977,9.827257758035024,0.0682285714285714,50336.65,1876763,9.87,9.86,9.99
2024-10-01,9.92,9.9363,9.85,9.87,49932,9.908465,9.892942313174144,0.008470805436628481,43.05555388117293,-0.09500000000000064,9.992142633935012,9.824787366064987,0.07153571428571429,48905.75,1826831,9.9,9.87,9.965
2024-10-02,9.89,9.89,9.83,9.86,47916,9.907715,9.889804950014701,0.0049993627989675105,39.43661816306297,-0.11000000000000121,9.992910682494472,9.822519317505527,0.07017857142857142,48764.25,1778915,9.87,9.91,9.97
2024-10-03,9.85,9.85,9.82,9.84,31804,9.906715000000002,9.885061621441873,0.000627157167850001,30.90267441153368,-0.120000000000001,9.994692922469305,9.818737077530699,0.0673214285714285,47491.2,1747111,9.86,9.89,9.96
2024-10-04,9.85,9.88,9.8401,9.8699,52886,9.906209999999998,9.883617657495027,-0.00042032196967412006,32.837952387164094,-0.020100000000001117,9.994946271584094,9.817473728415901,0.062314285714285766,48511.15,1799997,9.84,9.87,9.89
2024-10-07,9.86,9.95,9.85,9.93,61329,9.90821,9.88803502344788,0.0035580954804128595,45.454543801652996,0.07000000000000028,9.997210648134327,9.819209351865673,0.06302857142857146,49463.75,1861326,9.8699,9.9,9.86
2024-10-08,9.9,9.94,9.83,9.85,130443,9.90599,9.884412640262369,0.0002527747309795103,36.95652061436678,-0.019999999999999574,9.998583529385805,9.813396470614194,0.06660000000000009,54407.75,1730883,9.93,9.87,9.87
2024-10-09,9.87,9.92,9.87,9.91,60608,9.90549,9.886849531665952,0.0024465801295967537,45.098037977700905,0.0,9.997872748445996,9.813107251554005,0.06588571428571452,56229.95,1791491,9.85,9.86,9.91
2024-10-10,9.93,9.945,9.9,9.92,72785,9.90474,9.890006719126337,0.004935213075725642,53.333331674074024,0.02999999999999936,9.99635437257913,9.81312562742087,0.06731428571428591,57170.05,1864276,9.91,9.84,9.89
2024-10-11,9.91,9.928,9.8857,9.92,22552,9.902244999999999,9.892863222066685,0.006828754978522866,57.1428552380953,0.05000000000000071,9.988975325540325,9.815514674459672,0.06426428571428591,55974.95,1864276,9.92,9.8699,9.87
2024-10-14,9.92,9.93,9.8801,9.91,33117,9.898245,9.894495296155572,0.007436757837110619,54.76190293650807,0.009999999999999787,9.974705391534407,9.821784608465592,0.06354285714285725,53038.75,1831159,9.92,9.93,9.9
2024-10-15,9.93,9.93,9.88,9.91,52985,9.895495,9.895971934616947,0.007828363976036812,49.99999815789481,0.040000000000000924,9.96553274846779,9.82545725153221,0.06247142857142851,52916.3,1831159,9.91,9.85,9.87
2024-10-16,9.91,9.96,9.91,9.93,40805,9.893494999999998,9.899212702748667,0.009641407372859234,55.263155858725696,0.07000000000000028,9.95650662716361,9.830483372836387,0.059621428571428554,51093.25,1871964,9.91,9.91,9.86
2024-10-17,9.95,9.955,9.9,9.945,67247,9.892745000000001,9.903573397724983,0.012148590576915197,59.99999776000018,0.10500000000000043,9.952706934415584,9.832783065584419,0.06019285714285706,51293.65,1939211,9.93,9.92,9.84
2024-10-18,9.87,9.8911,9.79,9.79,75580,9.887744999999999,9.892756883655936,0.0016097900609874927,38.999998907999945,-0.0799000000000003,9.96331624139663,9.812173758603368,0.06210714285714288,54105.1,1863631,9.945,9.92,9.8699
2024-10-21,9.79,9.8339,9.75,9.8,44594,9.884745,9.883922894736324,-0.005867729318298487,42.708332087673845,-0.129999999999999,9.969195807231298,9.800294192768703,0.06193571428571433,52667.05,1908225,9.79,9.91,9.93
2024-10-22,9.8,9.85,9.8,9.83,43032,9.882745,9.878787380951913,-0.009266153569143398,46.99999868400011,-0.019999999999999574,9.97049621471594,9.79499378528406,0.0612214285714285,52835.55,1951257,9.8,9.91,9.85
2024-10-23,9.81,9.8397,9.77,9.78,23489,9.876245,9.869379058956492,-0.01581174346851455,44.33962147027413,-0.13000000000000078,9.974165493526867,9.778324506473135,0.06405714285714291,52515.65,1927768,9.83,9.93,9.91
2024-10-24,9.8,9.824,9.78,9.79,30406,9.871244999999998,9.861819148579682,-0.019962143036769575,42.168201155940395,-0.13000000000000078,9.976170045426763,9.766319954573234,0.06435,51573.05,1958174,9.78,9.945,9.92
2024-10-25,9.83,9.85,9.81,9.825,29608,9.868995,9.858312563000664,-0.020194368988729394,39.17525660112664,-0.09500000000000064,9.975942906157591,9.762047093842408,0.06006428571428568,51294.9,1987782,9.79,9.79,9.92
2024-10-28,9.83,9.84,9.81,9.82,36049,9.864995,9.854663747476792,-0.02054503753810799,46.341461832242864,-0.08999999999999986,9.973038860001969,9.756951139998032,0.05434999999999996,50358.35,1951733,9.825,9.8,9.91
2024-10-29,9.82,9.8426,9.8,9.8059,46966,9.861790000000001,9.85001958105043,-0.021710432697428672,35.704475419218184,-0.10410000000000075,9.972966235627657,9.750613764372345,0.05382142857142837,50210.05,1904767,9.82,9.83,9.91
2024-10-30,9.82,9.84,9.8,9.82,32092,9.85979,9.847160573331342,-0.021251292919730602,36.42042229797434,-0.10999999999999943,9.972529978431599,9.747050021568402,0.05346428571428546,49418.85,1936859,9.8059,9.78,9.93
2024-10-31,9.82,9.82,9.81,9.814,29865,9.85849,9.844002423490261,-0.02112802052500662,35.836449754916515,-0.13100000000000023,9.972779768386369,9.74420023161363,0.05115714285714252,49321.9,1906994,9.82,9.79,9.945
2024-11-01,9.82,9.87,9.815,9.86,24764,9.857994999999999,9.845526002205474,-0.01712114875681614,43.905410495670985,0.07000000000000028,9.972162383580422,9.743827616419576,0.051521428571428274,47915.8,1931758,9.814,9.825,9.79
2024-11-04,9.85,9.86,9.76,9.79,37866,9.850995000000001,9.84023781151924,-0.01937079453658974,37.50520507065206,-0.010000000000001563,9.963732244114102,9.7382577558859,0.055092857142856895,46742.65,1893892,9.86,9.82,9.8
2024-11-05,9.8,9.87,9.76,9.805,39975,9.848745000000001,9.836881829469789,-0.019716006534579833,36.847642012064554,-0.025000000000000355,9.963346652876483,9.734143347123519,0.05937857142857109,42219.25,1933867,9.79,9.8059,9.83
2024-11-06,9.83,9.8799,9.76,9.76,82961,9.841244999999999,9.829559750472667,-0.02335153152973035,31.69041875758944,-0.019999999999999574,9.958568492958216,9.723921507041782,0.06401428571428536,43336.9,1850906,9.805,9.82,9.78
2024-11-07,9.77,9.8303,9.77,9.8301,77420,9.836749999999999,9.829611202808604,-0.020341740212247217,54.77040026936572,0.04010000000000069,9.948105826070831,9.725394173929166,0.061099999999999585,43568.65,1928326,9.76,9.814,9.79
2024-11-08,9.85,9.8705,9.8362,9.87,36225,9.83425,9.833457754922069,-0.014568920915527528,57.77432072669799,0.04499999999999993,9.939831667068532,9.72866833293147,0.05755714285714245,44252.3,1964551,9.8301,9.86,9.825
2024-11-11,9.82,9.86,9.79,9.86,62375,9.83175,9.835985587786634,-0.010677750003100783,53.486748608055514,0.03999999999999915,9.932013410967636,9.731486589032363,0.058985714285713975,45715.2,1902176,9.87,9.79,9.82
2024-11-12,9.85,9.85,9.79,9.798,49837,9.82615,9.832367912759336,-0.012453297008965691,52.03527650725049,-0.007899999999999352,9.920338355520775,9.731961644479226,0.0582928571428568,45557.8,1852339,9.86,9.805,9.8059
2024-11-13,9.8,9.82,9.788,9.8,40979,9.81965,9.829285254401304,-0.013542933016310599,51.151541418421225,-0.019999999999999574,9.900687184446873,9.738612815553125,0.05743571428571391,45566.5,1893318,9.798,9.76,9.82
2024-11-14,9.8,9.85,9.8,9.85,85264,9.814899999999998,9.831258087315465,-0.010253697033295595,52.78272319911375,0.03599999999999959,9.872848470757015,9.756951529242981,0.058149999999999605,46467.35,1978582,9.8,9.8301,9.814
2024-11-15,9.75,9.83,9.75,9.82,60188,9.8164,9.830185888523516,-0.00995297143937357,49.999998523829646,-0.03999999999999915,9.873175865887605,9.759624134112395,0.061721428571428226,45697.75,1918394,9.85,9.87,9.86
2024-11-18,9.81,9.84,9.7728,9.83,76875,9.817899999999998,9.83016818485461,-0.00880621524540004,52.56328284219119,0.040000000000000924,9.874436192412915,9.761363807587081,0.06347857142857118,47311.8,1995269,9.82,9.86,9.79
2024-11-19,9.8,9.84,9.7647,9.8,61718,9.8164,9.827295024392267,-0.010200566201731931,47.942385450219376,-0.004999999999999005,9.873175865887605,9.759624134112395,0.06599999999999984,48246.1,1933551,9.83,9.798,9.805
2024-11-20,9.8,9.805,9.775,9.78,30904,9.8164,9.822790736354909,-0.01277220223643738,46.59999869519995,0.019999999999999574,9.873175865887605,9.759624134112395,0.06742857142857124,48616.85,1902647,9.8,9.8,9.76
2024-11-21,9.8,9.8129,9.78,9.7843,36361,9.816115,9.819124951940156,-0.014298444688286338,41.74121626799693,-0.04579999999999984,9.873502776985063,9.758727223014937,0.06584999999999994,48914.6,1939008,9.78,9.85,9.8301
2024-11-22,9.8,9.82,9.772,9.8199,38043,9.815859999999999,9.819198766041094,-0.012491387410531019,53.52677341501591,-0.0500999999999987,9.87312674059929,9.758593259400708,0.062135714285714246,49336.35,1977051,9.7843,9.82,9.87
2024-11-25,9.84,9.84,9.82,9.83,20749,9.81636,9.820227454989562,-0.010127551795079626,52.98329178576119,-0.02999999999999936,9.873952631106885,9.758767368893114,0.05570714285714283,48571.35,1997800,9.8199,9.83,9.86
2024-11-26,9.82,9.8399,9.755,9.7601,100067,9.81407,9.814501030704841,-0.013736198514637366,50.011262220865774,-0.03790000000000049,9.876824697034715,9.751315302965283,0.05320714285714282,51226.4,1897733,9.83,9.8,9.798
2024-11-27,9.79,9.82,9.77,9.82,25263,9.81407,9.815024742066285,-0.011628600377385112,48.83559906917601,0.019999999999999574,9.876824697034715,9.751315302965283,0.0524714285714286,50884.95,1922996,9.7601,9.78,9.8
2024-11-29,9.82,9.88,9.8,9.87,62500,9.81687,9.820260480917115,-0.0058562246245355,49.999998422712984,0.019999999999999574,9.88442517355172,9.749314826448279,0.05573571428571432,52516.7,1985496,9.82,9.7843,9.85
2024-12-02,9.87,9.88,9.82,9.87,97540,9.81737,9.824997577972628,-0.0012669704064958154,51.152603236199965,0.049999999999998934,9.886401163061354,9.748338836938647,0.05502142857142862,56155.5,1985496,9.87,9.8199,9.82
2024-12-03,9.87,9.895,9.84,9.89,57050,9.82237,9.831188284832377,0.003938479142181706,61.74068181631051,0.0600000000000005,9.897289159238284,9.747450840761715,0.05466428571428571,57114.7,2042546,9.87,9.83,9.83
2024-12-04,9.89,9.89,9.8501,9.86,51211,9.82512,9.833932257705484,0.0055787774593287764,57.14625821808553,0.05999999999999872,9.901380263501984,9.748859736498016,0.0552285714285715,57676.5,1991335,9.89,9.7601,9.8
2024-12-05,9.85,9.8852,9.85,9.85,59553,9.82962,9.83546251887639,0.006002614859269784,49.99999815692477,0.07000000000000028,9.90010349116094,9.759136508839061,0.0541714285714287,56506.1,1931782,9.86,9.82,9.78
2024-12-06,9.85,9.88,9.85,9.865,28002,9.831365000000002,9.838275612316734,0.007462856527491013,56.167761002333656,0.08070000000000022,9.903604725912537,9.759125274087467,0.0506000000000002,54035.2,1959784,9.85,9.87,9.7843
2024-12-09,9.87,9.9,9.87,9.89,29627,9.832365,9.843201744477044,0.010516175708829678,57.89889202057794,0.07010000000000005,9.907357835446723,9.757372164553276,0.04794285714285745,53705.3,1989411,9.865,9.87,9.8199
2024-12-10,9.87,9.92,9.86,9.88,44751,9.833364999999999,9.846706340241136,0.011990814090690805,61.1172850037742,0.05000000000000071,9.910414601931565,9.756315398068432,0.046850000000000315,52824.1,1944660,9.89,9.89,9.83
2024-12-11,9.89,9.93,9.89,9.9298,38898,9.839955,9.854620022122932,0.016982159670883235,69.22484350834746,0.16970000000000063,9.926258637173595,9.753651362826405,0.04756428571428601,52277.15,1983558,9.88,9.86,9.7601
2024-12-12,9.87,9.9,9.83,9.86,42205,9.842955,9.855132400968367,0.015131138006697853,58.316851644834145,0.03999999999999915,9.927565450393006,9.758344549606994,0.050214285714285926,52338.45,1941353,9.9298,9.85,9.82
2024-12-13,9.83,9.88,9.83,9.84,35675,9.842455000000001,9.85369121992376,0.011913031141521202,52.28668775423512,-0.02999999999999936,9.927008327301843,9.757901672698159,0.050357142857143114,49859.0,1905678,9.86,9.865,9.87
2024-12-16,9.82,9.84,9.81,9.81,42794,9.841955,9.849530151359593,0.0068627989122092,47.82324625701911,-0.05999999999999872,9.927183003181078,9.756726996818923,0.051071428571428816,48989.3,1862884,9.84,9.89,9.87
2024-12-17,9.78,9.84,9.7501,9.77,51723,9.838955,9.841955851230107,-0.0003630274658785737,51.152501242991804,-0.120000000000001,9.929981554251302,9.747928445748698,0.051428571428571726,47731.7,1811161,9.81,9.88,9.89
2024-12-18,9.78,9.7999,9.65,9.67,55554,9.832455,9.825579103493906,-0.013997358360771983,34.028959803225234,-0.1899999999999995,9.94992034494512,9.714989655054879,0.05856428571428588,47423.5,1755607,9.77,9.9298,9.86
2024-12-19,9.71,9.71,9.59,9.61,127648,9.823955,9.80504776030401,-0.0293063371717448,22.894077730364913,-0.2400000000000002,9.976705715046728,9.671204284953271,0.0614214285714288,52260.7,1627959,9.67,9.86,9.85
2024-12-20,9.62,9.7,9.61,9.67,42559,9.81824,9.792186068846485,-0.036180251201180624,31.46775307533646,-0.19500000000000028,9.985135560156401,9.651344439843598,0.06356428571428589,52570.6,1670518,9.61,9.84,9.865
2024-12-23,9.65,9.7488,9.65,9.71,33662,9.812745,9.784358824194438,-0.0379626026350568,33.917082782632065,-0.17999999999999972,9.986506087945862,9.638983912054137,0.06669285714285726,52351.55,1704180,9.67,9.81,9.89
2024-12-24,9.72,9.76,9.72,9.72,21084,9.807244999999998,9.778229412366397,-0.03812868877117026,37.027426763558395,-0.16000000000000014,9.98560905674003,9.628880943259967,0.06669999999999998,52368.3,1725264,9.71,9.77,9.88
2024-12-26,9.69,9.77,9.69,9.75,52578,9.80674,9.77554089690293,-0.03543113587187463,41.06504543439849,-0.17980000000000018,9.985722203172692,9.627757796827307,0.0699,49993.85,1777842,9.72,9.67,9.9298
2024-12-27,9.74,9.75,9.68,9.7,27947,9.800740000000001,9.768346525769317,-0.03690249886106223,36.12512528464215,-0.16000000000000014,9.985793100771598,9.615686899228404,0.07275714285714281,50128.05,1749895,9.75,9.61,9.86
2024-12-30,9.72,9.741,9.6601,9.71,87181,9.79274,9.762789713791287,-0.03683701403651263,34.472048856782905,-0.129999999999999,9.979015906287094,9.606464093712907,0.076392857142857,51362.1,1837076,9.7,9.67,9.84
2024-12-31,9.71,9.789,9.67,9.68,155460,9.78324,9.754904979144499,-0.03875907562369818,33.32221403183625,-0.13000000000000078,9.972284738787087,9.594195261212912,0.08060714285714266,54258.1,1681616,9.71,9.71,9.81
2025-01-02,9.73,9.74,9.67,9.74,70207,9.77574,9.753485457321213,-0.035036940677777295,34.43751970789572,-0.02999999999999936,9.958756874689122,9.59272312531088,0.08274999999999988,54915.95,1751823,9.68,9.72,9.77
2025-01-03,9.76,9.76,9.7,9.745,76086,9.76999,9.752677318528717,-0.031322596310712214,39.44954027102103,0.07499999999999929,9.949043674986683,9.590936325013317,0.08203571428571418,56159.7,1827909,9.74,9.75,9.67
2025-01-06,9.72,9.74,9.63,9.64,252463,9.75949,9.741946145335506,-0.036431613159184195,34.12698336860683,0.030000000000001137,9.943353128726736,9.575626871273263,0.08632142857142837,65805.2,1575446,9.745,9.7,9.61
2025-01-07,9.67,9.71,9.66,9.71,78129,9.75174,9.738903655303552,-0.03443518347455132,42.53731254399652,0.040000000000000924,9.929854385482226,9.573625614517773,0.0877499999999999,68311.55,1653575,9.64,9.71,9.67
2025-01-08,9.71,9.73,9.67,9.73,52850,9.743739999999999,9.738055688131785,-0.030883163824487525,46.923075912426135,0.019999999999999574,9.909662802594985,9.577817197405013,0.08561428571428564,69472.7,1706425,9.71,9.68,9.71
2025-01-10,9.69,9.7,9.6499,9.67,62266,9.73324,9.731574194023997,-0.032534622345668396,49.99999885245904,-0.05000000000000071,9.88913138459003,9.57734861540997,0.0784857142857142,70348.45,1644159,9.73,9.74,9.72
2025-01-13,9.68,9.69,9.63,9.68,47572,9.72075,9.726662366021712,-0.03266001437969024,56.249998593750036,-0.07000000000000028,9.847667917941717,9.593832082058285,0.07419999999999975,70782.15,1691731,9.67,9.745,9.75
2025-01-14,9.68,9.73,9.6301,9.71,64358,9.713249999999999,9.725075474019643,-0.029992899712560472,53.77358348522616,0.010000000000001563,9.821939562758137,9.60456043724186,0.07490714285714262,71889.8,1756089,9.68,9.64,9.7
2025-01-15,9.68,9.698,9.65,9.665,93863,9.7045,9.719354000303486,-0.03115122412193294,45.79439132500645,-0.045000000000001705,9.797230509371754,9.611769490628244,0.07127857142857127,74799.2,1662226,9.71,9.71,9.71
2025-01-16,9.66,9.68,9.62,9.66,85086,9.697,9.71370123836982,-0.03210260393985109,44.33962147027413,-0.019999999999999574,9.77722337236497,9.616776627635028,0.07270714285714279,76913.8,1577140,9.665,9.73,9.68
2025-01-17,9.63,9.66,9.6096,9.62,75296,9.6895,9.704777310906028,-0.03567302853861953,37.96296197873805,-0.120000000000001,9.769031523044763,9.609968476955238,0.07059285714285705,78092.45,1501844,9.66,9.67,9.74
2025-01-21,9.62,9.639,9.58,9.59,75858,9.6855,9.693846138438786,-0.04045700190188484,39.423075861686534,-0.15499999999999936,9.776396123476653,9.594603876523346,0.0698071428571427,79107.65,1425986,9.62,9.68,9.745
2025-01-22,9.59,9.62,9.55,9.6,102501,9.685,9.684908410968426,-0.042946359928352607,39.42307586168633,-0.040000000000000924,9.777736184954554,9.592263815045447,0.06902857142857119,77850.3,1528487,9.59,9.71,9.64
2025-01-23,9.59,9.62,9.59,9.61,40777,9.681999999999999,9.67777427659048,-0.043609573653609957,42.99999879600001,-0.10000000000000142,9.780483233945409,9.583516766054588,0.0626714285714283,77761.2,1569264,9.6,9.665,9.71
2025-01-24,9.6,9.63,9.6,9.615,51836,9.67725,9.671795774058053,-0.043233349949426625,35.95505504860502,-0.11500000000000021,9.779151655375891,9.57534834462411,0.0598142857142855,78669.9,1621100,9.61,9.66,9.73
2025-01-27,9.62,9.62,9.5882,9.61,52231,9.67175,9.665910462243,-0.04284476043818053,34.831459578336194,-0.0600000000000005,9.775788201485545,9.567711798514454,0.057799999999999664,80227.25,1568869,9.615,9.62,9.67
2025-01-28,9.62,9.64,9.61,9.63,36236,9.66575,9.662490418219857,-0.040456608992750276,48.61110922067913,-0.049999999999998934,9.764493420833091,9.567006579166907,0.05208571428571407,79410.15,1605105,9.61,9.59,9.68
2025-01-29,9.66,9.7,9.63,9.67,103367,9.66425,9.663205616484632,-0.03493362299997571,43.93939207529844,-0.040000000000000924,9.761705792946717,9.566794207053281,0.05351428571428534,83181.15,1708472,9.63,9.6,9.71
2025-01-30,9.67,9.69,9.6504,9.67,38884,9.662249999999998,9.663852700628953,-0.030208393256348387,40.32257882414165,0.005000000000000782,9.757366272335936,9.56713372766406,0.052057142857142455,80766.3,1708472,9.67,9.61,9.665
2025-01-31,9.69,9.7,9.6699,9.7,56996,9.663250000000001,9.667295300569052,-0.023768872593889157,55.35714008928569,0.03999999999999915,9.75956499855835,9.566935001441653,0.05062857142857106,75843.1,1765468,9.67,9.615,9.66
2025-02-03,9.65,9.705,9.65,9.67,49266,9.659749999999999,9.667552890991047,-0.020845956147873324,48.333331077777935,0.05000000000000071,9.749161820718163,9.570338179281835,0.050271428571428266,74796.05,1716202,9.7,9.61,9.62
2025-02-04,9.67,9.702,9.65,9.6552,53860,9.65526,9.666376425182376,-0.019498987922101918,40.379211498212904,0.06520000000000081,9.735159526379798,9.575360473620202,0.04684999999999968,73684.75,1662342,9.67,9.63,9.59
2025-02-05,9.64,9.6996,9.64,9.66,66740,9.65626,9.665769146593579,-0.01783855426462111,48.977920336505164,0.0600000000000005,9.735855408489172,9.576664591510827,0.04767857142857108,64398.6,1729082,9.6552,9.67,9.6
2025-02-06,9.66,9.75,9.65,9.67,114575,9.654259999999999,9.666172085013239,-0.015536635538508037,52.00320221135882,0.0600000000000005,9.730090958821025,9.578429041178973,0.05053571428571387,66220.9,1843657,9.66,9.67,9.61
2025-02-07,9.68,9.695,9.665,9.67,64551,9.65126,9.66653664834531,-0.013556082285415272,61.92747677965354,0.054999999999999716,9.718764834914019,9.583755165085982,0.04907857142857112,66805.95,1843657,9.67,9.7,9.615
2025-02-10,9.67,9.6999,9.67,9.69,28086,9.65226,9.668771253264804,-0.010254439910083235,75.0500949363662,0.08000000000000007,9.721503868054034,9.583016131945966,0.04699999999999971,65096.95,1871743,9.67,9.67,9.61
2025-02-11,9.67,9.74,9.6604,9.73,62647,9.65476,9.67460256247768,-0.004359940158355613,78.31009975461086,0.09999999999999964,9.731432767415065,9.578087232584934,0.04768571428571417,65850.7,1934390,9.69,9.6552,9.63
2025-02-12,9.72,9.755,9.7,9.75,57746,9.65676,9.68178327081314,0.0019033851759981957,79.21535430294276,0.08000000000000007,9.741193827094484,9.572326172905516,0.04947142857142861,65520.1,1992136,9.73,9.66,9.67
2025-02-13,9.77,9.78,9.75,9.77,41077,9.662009999999999,9.690184864069032,0.008384299495780567,80.43990131123883,0.09999999999999964,9.760490281755603,9.563529718244395,0.049471428571428486,62880.8,2033213,9.75,9.67,9.67
2025-02-14,9.77,9.83,9.77,9.812,47835,9.66961,9.701786305586268,0.01671681869793673,84.63648427671232,0.1120000000000001,9.788733993782374,9.550486006217627,0.05148571428571432,61018.25,2081048,9.77,9.67,9.7
2025-02-18,9.74,9.7599,9.71,9.73,32370,9.67511,9.704473324101862,0.01651333011047562,64.14026895372254,0.0600000000000005,9.794746113188593,9.555473886811408,0.05290714285714276,58871.95,2048678,9.812,9.69,9.67
2025-02-19,9.74,9.74,9.71,9.72,20978,9.681610000000001,9.70595205513978,0.01536799483414164,57.72558464722461,0.06479999999999997,9.795777188575768,9.567442811424234,0.05004999999999996,56127.95,2027700,9.73,9.73,9.6552
2025-02-20,9.72,9.75,9.67,9.69,54648,9.68611,9.704432811793135,0.011902356143746573,52.8280522070341,0.02999999999999936,9.793634683090024,9.578585316909974,0.052935714285714246,53735.3,1973052,9.72,9.75,9.66
2025-02-21,9.67,9.69,9.65,9.65,51356,9.68811,9.699248734479502,0.005860589578407627,43.12431077079119,-0.019999999999999574,9.79106486798608,9.58515513201392,0.0536428571428571,54264.25,1921696,9.69,9.77,9.67
2025-02-24,9.69,9.69,9.64,9.66,40653,9.69036,9.695510759767169,0.0018579452371501048,48.544817579664034,-0.009999999999999787,9.788438859785217,9.592281140214784,0.05328571428571419,53705.1,1962349,9.65,9.812,9.67
2025-02-25,9.66,9.67,9.64,9.6481,40880,9.692265,9.690995449313153,-0.0022484905884745388,48.95802557847837,-0.04190000000000005,9.785112407921927,9.599417592078074,0.0517142857142856,53137.55,1921469,9.66,9.73,9.69
2025-02-26,9.64,9.67,9.62,9.63,43669,9.692265,9.685186358902376,-0.006884034433754849,45.76271005458214,-0.09999999999999964,9.785112407921927,9.599417592078074,0.05102857142857139,53509.2,1877800,9.6481,9.72,9.73
2025-02-27,9.62,9.64,9.6,9.62,72702,9.689765,9.678978134245007,-0.011235141042636343,42.937851409237396,-0.13000000000000078,9.787690369541941,9.591839630458058,0.0467428571428572,51975.95,1805098,9.63,9.69,9.75
2025-02-28,9.62,9.6301,9.6,9.62,112602,9.687265,9.673361169078817,-0.014516091906655149,42.937851409237396,-0.15000000000000036,9.78976125975168,9.58476874024832,0.046750000000000035,55661.85,1805098,9.62,9.65,9.77
2025-03-03,9.61,9.64,9.6,9.6,38139,9.682265,9.66637439107131,-0.018516653502036462,37.288134118548356,-0.21199999999999974,9.791669171477912,9.572860828522087,0.047471428571428706,54719.0,1766959,9.62,9.66,9.812
2025-03-04,9.6,9.6,9.52,9.56,97785,9.676765,9.656243496683565,-0.024630863828878802,25.988699537169907,-0.16999999999999993,9.79906518763135,9.55446481236865,0.04750000000000006,57144.95,1669174,9.6,9.6481,9.73
2025-03-05,9.53,9.56,9.51,9.55,72421,9.671505,9.646125068427988,-0.02993822674787161,20.93023170632769,-0.16999999999999993,9.806137685090446,9.536872314909553,0.04714285714285715,58073.0,1596753,9.56,9.63,9.72
2025-03-06,9.52,9.57,9.52,9.54,42913,9.665505,9.636017919053893,-0.03455296149354581,15.568861622861988,-0.15000000000000036,9.812431053366383,9.518578946633616,0.048571428571428675,56881.65,1553840,9.55,9.62,9.69
2025-03-07,9.53,9.5408,9.5,9.54,59688,9.659005,9.626873355334475,-0.03777472847099794,3.4246573700505962,-0.11000000000000121,9.81623484148233,9.50177515851767,0.04720000000000013,54137.3,1553840,9.54,9.62,9.65
2025-03-10,9.49,9.49,9.45,9.46,67407,9.648505,9.61098065482643,-0.04625019002346242,3.4482756956004295,-0.1999999999999993,9.828973926906752,9.468036073093248,0.0464928571428574,54280.1,1486433,9.54,9.6,9.66
2025-03-11,9.46,9.51,9.46,9.51,98643,9.639505,9.601363449604865,-0.048374837222421974,18.181817410468057,-0.13809999999999967,9.82898890266286,9.450021097337139,0.047921428571428795,57807.95,1585076,9.46,9.56,9.6481
2025-03-12,9.53,9.55,9.5287,9.53,103371,9.629505,9.594566930594878,-0.04789272505952624,24.999998906249772,-0.10000000000000142,9.819987329336351,9.439022670663649,0.04372857142857166,59844.15,1688447,9.51,9.55,9.63
2025-03-13,9.49,9.55,9.46,9.46,70583,9.615005,9.581751032442986,-0.052553261398461615,22.857141942856956,-0.15999999999999837,9.810939795544824,9.419070204455176,0.04730000000000028,60486.0,1617864,9.53,9.54,9.62
2025-03-14,9.39,9.45,9.38,9.4405,26513,9.59853,9.568298553162702,-0.057161336747785896,19.471487419747106,-0.1794999999999991,9.795001314097219,9.402058685902782,0.048728571428571676,59757.8,1591351,9.46,9.54,9.62
2025-03-17,9.43,9.4318,9.41,9.42,54323,9.57893,9.554174881432921,-0.06175556858275044,19.01657086054857,-0.17999999999999972,9.76359183146479,9.39426816853521,0.04814285714285749,60082.2,1537028,9.4405,9.46,9.6
2025-03-18,9.4,9.43,9.4,9.4,29720,9.56243,9.53949155939169,-0.06624671240122382,18.91891820306769,-0.16000000000000014,9.749216544088602,9.3756434559114,0.046714285714285965,59949.7,1507308,9.42,9.51,9.56
2025-03-19,9.38,9.42,9.38,9.4,63877,9.546429999999999,9.526206648973433,-0.06901046653363174,19.44444368827145,-0.15000000000000036,9.731196687587445,9.361663312412553,0.04671428571428583,62094.65,1507308,9.4,9.53,9.55
2025-03-20,9.38,9.43,9.38,9.415,54145,9.532680000000001,9.515615539547392,-0.06919277570821336,22.66666582044408,-0.125,9.713344977528008,9.352015022471994,0.04813571428571427,62069.5,1561453,9.4,9.46,9.54
2025-03-21,9.41,9.41,9.38,9.4,44018,9.52018,9.504604535780974,-0.069743670067691,22.972972103725027,-0.1399999999999988,9.701261087971618,9.339098912028382,0.04742142857142844,61702.6,1517435,9.415,9.4405,9.54
2025-03-24,9.42,9.42,9.36,9.41,83296,9.50768,9.495594579992309,-0.06858276200098423,27.941175320068837,-0.05000000000000071,9.682529837529646,9.332830162470355,0.045992857142857044,63834.75,1600731,9.4,9.42,9.46
2025-03-25,9.42,9.485,9.4169,9.47,120792,9.498775,9.493157000945422,-0.06210532392021939,39.7435883168967,-0.03999999999999915,9.6612138062915,9.336336193708501,0.04728571428571409,67830.35,1721523,9.41,9.4,9.51
2025-03-26,9.46,9.48,9.44,9.46,76143,9.490275,9.489999191331572,-0.05712037586355123,39.743588316896876,-0.06999999999999851,9.641183642631846,9.339366357368155,0.04657142857142839,69454.05,1645380,9.47,9.4,9.53
2025-03-27,9.44,9.47,9.43,9.43,58974,9.480775,9.484284982633326,-0.05495700771814249,36.90476067460312,-0.030000000000001137,9.620830054964062,9.340719945035937,0.04651428571428554,68767.65,1586406,9.46,9.415,9.46
2025-03-28,9.44,9.49,9.44,9.47,62346,9.473275,9.482924508096819,-0.04944488728834351,51.31578758310254,0.029500000000000526,9.597058118906617,9.349491881093382,0.04722857142857124,66254.85,1648752,9.43,9.4,9.4405
2025-03-31,9.45,9.495,9.45,9.47,65673,9.466775,9.481693602563789,-0.044562799916979756,43.93939207529861,0.05000000000000071,9.575244969164098,9.358305030835902,0.04687142857142845,67631.55,1648752,9.47,9.41,9.42
2025-04-01,9.42,9.47,9.42,9.45,86689,9.461275,9.47867516422438,-0.041825406108454644,37.87878627180906,0.049999999999998934,9.560612529347052,9.361937470652949,0.0489214285714285,67076.75,1562063,9.47,9.47,9.4
2025-04-02,9.46,9.46,9.4227,9.445,44618,9.456025,9.475468005726821,-0.039602941943842396,47.169808828764715,0.04499999999999993,9.546304376323766,9.365745623676235,0.0451571428571428,65686.6,1517445,9.45,9.46,9.4
2025-04-03,9.36,9.38,9.27,9.36,80290,9.447025,9.464471052800457,-0.044191006294145296,37.821480999997696,-0.054999999999999716,9.537942241141474,9.356107758858526,0.04801428571428585,67555.45,1437155,9.445,9.43,9.415
2025-04-04,9.25,9.3,8.82,8.85,230889,9.412525,9.405950000152794,-0.08796580307806856,15.243902178762653,-0.5500000000000007,9.689064799172293,9.135985200827708,0.08074285714285726,76115.5,1206266,9.36,9.47,9.4
2025-04-07,8.35,8.87,8.25,8.76,262011,9.377525,9.344430952519195,-0.12843932416999593,14.044943599293006,-0.6500000000000004,9.778126583805289,8.976923416194712,0.12288571428571439,85845.7,944255,8.85,9.47,9.41
2025-04-08,8.9,9.23,8.9,8.925,132964,9.348275000000001,9.304485147517367,-0.14552325865318672,27.48815129399614,-0.5449999999999999,9.791327981861969,8.905222018138033,0.14360000000000017,87561.75,1077219,8.76,9.45,9.47
2025-04-09,8.97,9.46,8.93,9.34,216689,9.338775,9.307867514420474,-0.12414430978784452,47.42267995607046,-0.120000000000001,9.77349093568304,8.90405906431696,0.17788571428571462,93227.65,1293908,8.925,9.445,9.46
2025-04-10,9.28,9.28,8.84,8.95,84809,9.313275,9.273784893999476,-0.137090782217701,37.704917744333954,-0.4800000000000004,9.776919768171249,8.849630231828753,0.20717142857142892,93938.95,1209099,9.34,9.36,9.43
2025-04-11,8.94,9.07,8.94,9.02,54188,9.29225,9.249614904094765,-0.1400876961474431,39.682539388594954,-0.45000000000000107,9.769539220494176,8.814960779505823,0.21217142857142893,95322.7,1263287,8.95,8.85,9.47
2025-04-14,9.09,9.13,9.05,9.05,48118,9.27375,9.230603960847644,-0.138446102261657,38.709677127991704,-0.41999999999999993,9.758809681623593,8.788690318376407,0.21302142857142897,95012.45,1311405,9.02,8.76,9.47
2025-04-15,9.07,9.2,9.07,9.2,38535,9.263749999999998,9.227689297909773,-0.12361640788092387,43.49999969549998,-0.25,9.746089419692618,8.781410580307378,0.21945000000000028,95453.2,1349940,9.05,8.925,9.45
2025-04-16,9.15,9.18,9.09,9.12,19149,9.24975,9.217433174299318,-0.11697073384609347,42.43902410041641,-0.32500000000000107,9.731692069023525,8.767807930976476,0.22302142857142876,93216.8,1330791,9.2,9.34,9.445
2025-04-17,9.04,9.1099,8.99,9.05,42860,9.2315,9.201487157699383,-0.11601505494306608,39.90384588526258,-0.3099999999999987,9.714735803832045,8.748264196167955,0.2280142857142858,92652.55,1287931,9.12,8.95,9.36
2025-04-21,9.05,9.07,8.995,9.07,33379,9.215,9.188964571251823,-0.11234875318208282,40.4761902063492,0.22000000000000064,9.696543570745428,8.733456429254572,0.23015714285714303,92120.6,1321310,9.05,9.02,8.85
2025-04-22,9.08,9.18,9.0396,9.14,56147,9.2015,9.184301278751649,-0.10261192128180241,42.79069739578153,0.3800000000000008,9.675098764223076,8.727901235776923,0.23661428571428583,90763.15,1377457,9.07,9.05,8.76
2025-04-23,9.19,9.28,9.1605,9.2,25172,9.187999999999999,9.185796395061015,-0.08902765786953992,44.444444162257476,0.2749999999999986,9.644455451218747,8.731544548781251,0.24248571428571428,85982.15,1402629,9.14,9.2,8.925
2025-04-24,9.24,9.3342,9.2148,9.31,42807,9.1805,9.19762530981711,-0.06859522747110525,48.87892345995297,-0.02999999999999936,9.622848992966967,8.738151007033034,0.24315714285714268,84315.35,1445436,9.2,9.12,9.34
2025-04-25,9.32,9.39,9.29,9.3,34020,9.174000000000001,9.207375280310718,-0.052602921860124496,63.00577983694748,0.3500000000000014,9.604576113449907,8.743423886550096,0.21601428571428563,83067.65,1411416,9.31,9.05,8.95
2025-04-28,9.3,9.3427,9.2616,9.32,18102,9.166500000000001,9.21810144409065,-0.03787843259955359,66.86746931557559,0.3000000000000007,9.580264489331215,8.752735510668787,0.1775214285714286,80855.45,1429518,9.3,9.07,9.02
2025-04-29,9.26,9.3959,9.26,9.37,32492,9.1615,9.232567973224873,-0.021921884801676228,64.40129391481027,0.3199999999999985,9.562027284043298,8.760972715956703,0.16365714285714286,79196.4,1462010,9.32,9.14,9.05
2025-04-30,9.3,9.4,9.26,9.34,55878,9.155999999999999,9.242799594822504,-0.011563656358307028,49.999999396551736,0.14000000000000057,9.5426264346885,8.769373565311497,0.13579999999999995,77655.85,1406132,9.37,9.2,9.2
2025-05-01,9.34,9.4,9.3305,9.37,49017,9.152249999999999,9.254913919125123,-0.0009232932604152921,76.24999866562517,0.25,9.528386523366805,8.776113476633192,0.10933571428571424,77875.8,1455149,9.34,9.31,9.12
2025-05-02,9.4,9.43,9.38,9.39,15612,9.15375,9.267779260160825,0.009019137010131573,74.6666652728891,0.33999999999999986,9.5335958828746,8.7739041171254,0.1036214285714284,74641.9,1470761,9.37,9.3,9.05
2025-05-05,9.37,9.41,9.29,9.365,53541,9.179499999999999,9.277038378240746,0.014711706173551775,71.14093826043884,0.29499999999999993,9.542077033557144,8.816922966442855,0.10647857142857133,65774.5,1417220,9.39,9.32,9.07
2025-05-06,9.37,9.37,9.31,9.335,63029,9.20825,9.282558532694008,0.016610879094479003,60.79999863808022,0.19500000000000028,9.518127310186404,8.898372689813595,0.10147857142857131,55825.4,1354191,9.365,9.37,9.14
2025-05-07,9.31,9.39,9.31,9.36,41628,9.23,9.289933910532675,0.01990383931350337,71.05262983379527,0.16000000000000014,9.516338040930908,8.943661959069093,0.10076428571428561,51258.6,1395819,9.335,9.34,9.2
2025-05-08,9.36,9.39,9.33,9.37,47046,9.2315,9.297559252386705,0.023054690319137094,81.37254678585174,0.05999999999999872,9.520565645430862,8.942434354569139,0.09648571428571426,42776.45,1442865,9.36,9.37,9.31
2025-05-09,9.72,9.74,9.5638,9.72,439481,9.27,9.337791704540352,0.05318080218601118,88.69047471230172,0.41999999999999993,9.602977002524895,8.937022997475104,0.10371428571428558,60510.05,1882346,9.37,9.39,9.3
2025-05-12,9.72,9.78,9.6664,9.77,116672,9.307500000000001,9.378954399346034,0.08016643624483244,88.41463263682344,0.4499999999999993,9.687534624461259,8.927465375538743,0.10179999999999989,63634.25,1999018,9.72,9.365,9.32
2025-05-13,9.74,9.77,9.74,9.77,60932,9.3435,9.416196837503554,0.10039544941063383,87.49999838815805,0.40000000000000036,9.75586289587531,8.93113710412469,0.0954071428571428,64274.95,1999018,9.77,9.335,9.37
2025-05-14,9.74,9.78,9.74,9.76,32276,9.371500000000001,9.448939995836549,0.11430256286634055,84.0909073071627,0.41999999999999993,9.817512744684484,8.925487255315518,0.08973571428571425,63962.0,1966742,9.77,9.36,9.34
2025-05-15,9.76,9.7901,9.76,9.78,146703,9.4045,9.480469520042591,0.1254912977633591,85.82089372911574,0.41000000000000014,9.869426706164742,8.93957329383526,0.08474285714285708,70339.7,2113445,9.76,9.37,9.37
2025-05-16,9.68,9.737,9.66,9.7,25850,9.437,9.50137718480044,0.12644553396172675,76.02739580221437,0.3099999999999987,9.888260223677664,8.985739776322335,0.08444999999999984,69489.2,2087595,9.78,9.72,9.39
2025-05-19,9.65,9.7441,9.65,9.72,113367,9.4695,9.522198405295637,0.1273476217643026,74.99999850000016,0.3550000000000004,9.902736291428194,9.036263708571806,0.08146428571428554,73488.6,2200962,9.7,9.77,9.365
2025-05-20,9.67,9.76,9.67,9.71,56448,9.498,9.540084271457957,0.1258054099655883,77.20588076340843,0.375,9.914645753861064,9.081354246138934,0.07789285714285692,73503.65,2144514,9.72,9.77,9.335
2025-05-21,9.67,9.74,9.67,9.7,216617,9.523,9.555314340842914,0.12236572368493626,74.99999840909088,0.33999999999999986,9.924069622516079,9.12193037748392,0.07792857142857125,83075.9,1927897,9.71,9.76,9.36
2025-05-22,9.68,9.76,9.64,9.74,56540,9.5445,9.572903451238828,0.12146721479058087,75.73529255839095,0.370000000000001,9.943589753788384,9.145410246211615,0.08292857142857127,83762.55,1984437,9.7,9.78,9.37
2025-05-23,9.7,9.75,9.67,9.72,34310,9.565499999999998,9.58691264635894,0.11778357147117546,76.29629471385464,0.0,9.954491949585117,9.17650805041488,0.08007142857142835,83777.05,1950127,9.74,9.7,9.72
2025-05-27,9.75,9.75,9.71,9.74,69780,9.5865,9.601492394324755,0.11515070480815481,80.45112612584086,-0.02999999999999936,9.964891331824507,9.208108668175491,0.07864285714285695,86360.95,2019907,9.72,9.72,9.77
2025-05-28,9.72,9.75,9.72,9.74,78328,9.605,9.614683594865253,0.111775658792304,79.68749825683592,-0.02999999999999936,9.974907527562353,9.235092472437648,0.07507142857142833,88652.75,2019907,9.74,9.71,9.77
2025-05-29,9.73,9.75,9.7,9.74,105137,9.625,9.626618490592373,0.10785759528937433,79.36507760141095,-0.019999999999999574,9.977420203734013,9.272579796265987,0.07435714285714264,91115.7,2019907,9.74,9.7,9.76
2025-05-30,9.75,9.7774,9.73,9.75,88701,9.644,9.638369110535956,0.10435646182936686,55.17241112960761,-0.02999999999999936,9.979082079496832,9.308917920503168,0.06515714285714262,93099.9,2108608,9.74,9.74,9.78
2025-06-02,9.74,9.77,9.72,9.77,60690,9.663,9.650905385723009,0.10201960271592192,49.99999730769245,0.07000000000000028,9.980048892128519,9.345951107871482,0.06061428571428541,95353.8,2169298,9.75,9.72,9.7
2025-06-03,9.75,9.78,9.73,9.78,55772,9.68375,9.663200110892246,0.09982383443369436,51.8518491632374,0.05999999999999872,9.971662175936604,9.395837824063396,0.06204285714285681,95465.35,2225070,9.77,9.74,9.72
2025-06-04,9.78,9.78,9.74,9.765,39878,9.705250000000001,9.672895338426319,0.09576932840706398,50.909088317355646,0.054999999999999716,9.943433365895674,9.467066634104329,0.06204285714285681,94307.8,2185192,9.78,9.74,9.71
2025-06-05,9.74,9.78,9.74,9.76,117250,9.725249999999999,9.681191020480956,0.09110247236446867,46.1538436686393,0.0600000000000005,9.900132667432588,9.55036733256741,0.06274999999999954,98088.9,2067942,9.765,9.74,9.7
2025-06-06,9.75,9.79,9.73,9.78,49682,9.74575,9.69060139948277,0.08800334045229796,69.99999510000025,0.03999999999999915,9.799383748212147,9.692116251787851,0.06153571428571374,98220.7,2117624,9.76,9.75,9.74
2025-06-09,9.78,9.81,9.75,9.79,44979,9.74925,9.700067932865363,0.08537007937635366,68.42104759002773,0.06999999999999851,9.804906370514638,9.693593629485362,0.05909999999999955,78495.6,2162603,9.78,9.77,9.72
2025-06-10,9.78,9.795,9.76,9.77,27582,9.74925,9.706728129735328,0.08073866309888977,64.99999545000006,0.02999999999999936,9.804906370514638,9.693593629485362,0.05517142857142814,74041.1,2135021,9.79,9.78,9.74
2025-06-11,9.79,9.8032,9.76,9.77,122288,9.74925,9.712754022141487,0.07618996187752813,68.42104759002837,0.02999999999999936,9.804906370514638,9.693593629485362,0.05325714285714245,77108.9,2135021,9.77,9.765,9.74
2025-06-12,9.76,9.7988,9.76,9.78,49659,9.75025,9.719158400985155,0.07255562374822588,62.49999453125048,0.03999999999999915,9.807417804703803,9.693082195296196,0.04745714285714252,77978.05,2184680,9.77,9.76,9.74
2025-06-13,9.76,9.7908,9.76,9.785,22586,9.750499999999999,9.72542902946276,0.06928022351873686,72.41378611177254,0.03500000000000014,9.808256293800758,9.69274370619924,0.043942857142856874,71772.2,2207266,9.78,9.78,9.75
2025-06-16,9.8,9.82,9.7801,9.82,79898,9.7565,9.734435788561544,0.06871653133302402,74.99999343750085,0.05000000000000071,9.817032722772323,9.695967277227679,0.043935714285714154,74474.6,2287164,9.785,9.79,9.77
2025-06-17,9.8,9.8299,9.79,9.82,30897,9.761500000000002,9.742584761079492,0.06749179778201864,74.99999343750085,0.040000000000000924,9.82574459837969,9.697255401620314,0.044642857142857144,70351.1,2287164,9.82,9.77,9.78
2025-06-18,9.77,9.7973,9.7201,9.74,57275,9.763,9.742338593357635,0.05938134502516945,49.999997083333504,-0.025000000000000355,9.82347182902127,9.702528170978729,0.046585714285714196,70392.45,2229889,9.82,9.77,9.765
2025-06-20,9.74,9.76,9.73,9.75,53025,9.7655,9.7430682511331,0.05314801201025787,49.999997083333504,-0.009999999999999787,9.818702690869015,9.712297309130983,0.04534285714285703,62212.85,2282914,9.74,9.78,9.76
2025-06-23,9.71,9.73,9.67,9.71,124418,9.764,9.739918893882328,0.044467788001307795,38.461536390532814,-0.06999999999999851,9.821728949227072,9.706271050772926,0.04605714285714286,65606.75,2158496,9.75,9.785,9.78
2025-06-24,9.71,9.76,9.69,9.75,57193,9.7655,9.740878999226867,0.04035117046721304,44.82758404280636,-0.03999999999999915,9.819876852659727,9.711123147340272,0.04748571428571439,66750.9,2215689,9.71,9.82,9.79
2025-06-25,9.76,9.78,9.755,9.77,24747,9.767,9.743652427871927,0.038261499516373476,50.84745521401891,0.0,9.820054093546302,9.713945906453697,0.046414285714285776,64499.25,2240436,9.75,9.82,9.77
2025-06-26,9.78,9.82,9.76,9.8,49795,9.77,9.749018863312696,0.038581426839604305,56.24999753906278,0.030000000000001137,9.823410032567503,9.716589967432496,0.0478428571428573,63072.6,2290231,9.77,9.74,9.77
2025-06-27,9.81,9.83,9.77,9.81,51358,9.7735,9.754826590616249,0.039190128567609506,54.83870720083278,0.030000000000001137,9.82779936512102,9.71920063487898,0.04784285714285742,60383.65,2341589,9.8,9.75,9.78
2025-06-30,9.81,9.84,9.8046,9.82,65725,9.777000000000001,9.76103358198613,0.04001814127681591,54.83870720083278,0.03500000000000014,9.833884000154686,9.720115999845316,0.04608571428571447,59234.85,2407314,9.81,9.71,9.785
2025-07-01,9.83,9.85,9.79,9.85,47074,9.781,9.769506574177926,0.04260398438201207,62.49999726562519,0.02999999999999936,9.846421708934525,9.715578291065476,0.04787142857142879,58554.05,2454388,9.82,9.75,9.82
2025-07-02,9.82,9.87,9.82,9.85,33893,9.7845,9.77717261473241,0.04414441434326832,62.49999726562519,0.02999999999999936,9.856822377696691,9.712177622303308,0.04835714285714295,57460.1,2454388,9.85,9.77,9.82
2025-07-03,9.85,9.9,9.835,9.89,28130,9.790750000000001,9.78791807999599,0.048039116856010367,65.71428308571458,0.15000000000000036,9.876360808466156,9.705139191533846,0.05022857142857148,56872.7,2482518,9.85,9.8,9.74
2025-07-07,9.87,9.9,9.86,9.88,40332,9.79675,9.796687786663039,0.049745346837720916,63.38027919063702,0.13000000000000078,9.889785081102248,9.70371491889775,0.050885714285714326,53026.8,2442186,9.89,9.81,9.75
2025-07-08,9.88,9.88,9.8401,9.88,40432,9.80175,9.804622283171321,0.050515238169969834,59.374997402343986,0.16999999999999993,9.901501005798472,9.701998994201528,0.050885714285714326,52564.3,2442186,9.88,9.82,9.71
2025-07-09,9.87,9.9,9.87,9.89,21454,9.80675,9.812753494297862,0.05134047795255725,60.60605803489461,0.14000000000000057,9.913780492457528,9.69971950754247,0.05017857142857147,51388.05,2463640,9.88,9.85,9.75
2025-07-10,9.9,9.9,9.871,9.89,56176,9.81275,9.820110304364732,0.05140195666595204,79.99999552000054,0.120000000000001,9.92445803109194,9.70104196890806,0.04673571428571436,52817.75,2463640,9.89,9.85,9.77
2025-07-11,9.88,9.95,9.86,9.94,97748,9.821250000000001,9.83152837061571,0.05485295045375871,82.75861669441181,0.1399999999999988,9.944532943712572,9.69796705628743,0.051021428571428676,51590.75,2561388,9.89,9.89,9.8
2025-07-14,9.93,9.93,9.89,9.9,44273,9.827250000000001,9.838049478176117,0.05374073247607036,82.75861669441181,0.08999999999999986,9.953719259838591,9.700780740161411,0.049592857142857154,51321.45,2517115,9.94,9.88,9.81
2025-07-15,9.89,9.92,9.85,9.86,153017,9.831,9.840140004064105,0.04906602343399591,68.96551391200963,0.03999999999999915,9.956639417213724,9.705360582786275,0.049592857142857154,57843.0,2364098,9.9,9.88,9.82
2025-07-16,9.86,9.92,9.84,9.86,128600,9.833,9.842031432248476,0.04484434514252378,66.66666320987672,0.009999999999999787,9.959174482364341,9.706825517635659,0.053521428571428685,60278.1,2364098,9.86,9.89,9.85
2025-07-17,9.87,9.883,9.8,9.81,206823,9.8325,9.838980819653383,0.03703711177863411,51.72413543400724,-0.03999999999999915,9.958970300236912,9.706029699763087,0.05516428571428568,69074.4,2157275,9.86,9.89,9.85
