Date,Open,High,Low,Close,Volume,SMA_20,EMA_20,MACD,RSI_14,Momentum_10,Bollinger_Upper,Bollinger_Lower,ATR_14,Volume_MA_20,OBV,Lag_1,Lag_5,Lag_10
2023-08-15,6.23,6.26,6.0,6.19,30454.0,5.95105,5.824380590572003,0.11211830564564629,59.93265965014909,0.1200000000000001,7.484572875775356,4.4175271242246446,0.46887857142857137,473009.45,8283792.0,6.21,7.08,6.07
2023-08-16,6.19,6.27,6.02,6.18,17993.0,6.0835,5.858249105755622,0.0967858872696894,52.19123476865445,-0.020000000000000462,7.111062778207684,5.055937221792316,0.44245714285714277,472374.1,8265799.0,6.19,6.46,6.2
2023-08-17,6.13,6.24,6.0,6.02,19670.0,6.157,5.873653952826515,0.07302992111856188,46.24505903263602,-0.35000000000000053,6.8911045386620415,5.4228954613379585,0.42524999999999996,149425.95,8246129.0,6.18,6.21,6.37
2023-08-18,6.03,6.03,5.675,5.805,70804.0,6.18075,5.867115481128751,0.03913360160133195,46.89378731201882,-0.6050000000000004,6.827769685700682,5.5337303142993175,0.4163285714285713,116591.35,8175325.0,6.02,6.16,6.41
2023-08-21,5.79,6.005,5.76,5.94,30311.0,6.1842500000000005,5.874056863878394,0.021626009585810735,47.42063465718695,-0.7299999999999995,6.824918031289052,5.543581968710949,0.4024071428571428,85077.7,8205636.0,5.805,6.21,6.67
2023-08-22,6.02,6.168,5.97,6.09,32003.0,6.19525,5.894622876842357,0.018183031166353558,47.83464540563581,-0.9900000000000002,6.8205707597957845,5.569929240204215,0.38798571428571427,71537.4,8237639.0,5.94,6.19,7.08
2023-08-23,6.145,6.37,6.01,6.3,58303.0,6.23025,5.9332302219049895,0.030035224601910215,48.64341058875669,-0.16000000000000014,6.79023566710981,5.67026433289019,0.3758500000000001,68918.35,8295942.0,6.09,6.18,6.46
2023-08-24,6.22,6.38,6.06,6.28,37540.0,6.24075,5.9662559150568955,0.03750114626850998,47.460937240448,0.07000000000000028,6.795938682957614,5.685561317042387,0.36949285714285723,63111.1,8258402.0,6.3,6.02,6.21
2023-08-25,6.19,6.495,6.012,6.38,55416.0,6.24925,6.0056601136229055,0.05003592467036988,43.95833307690972,0.21999999999999975,6.807652561824916,5.6908474381750835,0.3804214285714287,57714.45,8313818.0,6.28,5.805,6.16
2023-08-28,6.4,6.71,6.3,6.56,35816.0,6.27925,6.058454388515962,0.07220966547809748,38.018432934443275,0.34999999999999964,6.836690343751781,5.72180965624822,0.3554214285714287,55595.9,8349634.0,6.38,5.94,6.21
2023-08-29,6.5,6.8099,6.45,6.67,26505.0,6.3092500000000005,6.116696827704918,0.09667107603765768,56.32530072978662,0.47999999999999954,6.883598830369983,5.734901169630018,0.3247000000000001,53568.45,8376139.0,6.56,6.09,6.19
2023-08-30,6.67,6.99,6.66,6.81,15800.0,6.33975,6.182725701256831,0.12489533434001565,69.35483808324662,0.6299999999999999,6.953131267196323,5.726368732803678,0.31685000000000013,50768.8,8391939.0,6.67,6.3,6.18
2023-08-31,6.9,7.28,6.9,7.16,82515.0,6.37925,6.275799443994275,0.17126700201034506,77.0270264441198,1.1400000000000006,7.094175649428333,5.6643243505716665,0.32256428571428586,47161.2,8474454.0,6.81,6.28,6.02
2023-09-01,7.07,7.6499,7.07,7.4,59935.0,6.428750000000001,6.382866163613868,0.22330557231594206,79.16666612336603,1.5950000000000006,7.277252550937455,5.580247449062547,0.34077142857142867,48429.75,8534389.0,7.16,6.38,5.805
2023-09-05,7.61,7.89,7.45,7.45,57962.0,6.46775,6.484497957555405,0.26513838885225827,80.43478206469229,1.5099999999999998,7.427368756535498,5.508131243464502,0.3536285714285715,48243.3,8592351.0,7.4,6.56,5.94
2023-09-06,7.52,7.85,7.4901,7.78,28148.0,6.502750000000001,6.607879104454891,0.31949649182605455,83.47280285831833,1.6900000000000004,7.59788505535787,5.407614944642131,0.3614785714285715,44473.35,8620499.0,7.45,6.67,6.09
2023-09-07,7.88,7.88,7.4501,7.634,23041.0,6.561449999999999,6.705604904030615,0.34735859185314943,83.9646459699053,1.3340000000000005,7.767204531185216,5.3556954688147815,0.3750428571428572,39740.0,8597458.0,7.78,6.81,6.3
2023-09-08,7.56,7.695,7.5,7.6,39296.0,6.63095,6.790785389361033,0.3625930504960886,90.888382108229,1.3199999999999994,7.909454302938234,5.352445697061767,0.3636142857142857,40190.35,8558162.0,7.634,7.16,6.28
2023-09-11,4.3,5.08,3.6501,4.04,1373590.0,6.52495,6.528805828469506,0.10035898064303073,33.0960853268069,-2.34,8.24362335312352,4.80627664687648,0.44825,106163.75,7184572.0,7.6,7.4,6.38
2023-09-12,3.94,3.9427,3.46,3.54,329307.0,6.39145,6.244157654329553,-0.14408379248616754,28.643216013231978,-3.0199999999999996,8.567154069950691,4.215745930049309,0.46858571428571427,121220.45,6855265.0,4.04,7.45,6.56
2023-09-13,3.5,3.64,3.35,3.39,105054.0,6.25145,5.972333115821976,-0.3452161483762186,25.38071059977497,-3.28,8.808633440304668,3.6942665596953317,0.46358571428571427,124950.45,6750211.0,3.54,7.78,6.67
2023-09-14,3.37,3.59,3.37,3.55,53321.0,6.119949999999999,5.7416347238389305,-0.4864390545338262,27.438016465432682,-3.26,8.948675617845009,3.29122438215499,0.45644285714285704,126716.85,6803532.0,3.39,7.634,6.81
2023-09-15,3.55,3.5706,3.4101,3.5,27813.0,5.99395,5.528145702520937,-0.5952639145825813,25.999999939333335,-3.66,9.056272783701768,2.931627216298232,0.43340714285714277,127124.0,6775719.0,3.55,7.6,7.16
2023-09-18,3.5,3.5,3.29,3.37,54908.0,5.8722,5.322608016566562,-0.6836649882231933,23.193277256351948,-4.03,9.152045927061689,2.5923540729383108,0.4191214285714285,126329.2,6720811.0,3.5,4.04,7.4
2023-09-19,3.35,3.38,3.24,3.37,35103.0,5.7437000000000005,5.136645348322127,-0.7450506688710208,21.746575290333553,-4.08,9.2085235984565,2.2788764015435006,0.4034142857142856,126568.8,6720811.0,3.37,3.54,7.45
2023-09-20,3.32,3.48,3.32,3.4,48888.0,5.6091999999999995,4.97125055324383,-0.7822631023466169,20.244328048268656,-4.380000000000001,9.223061128022433,1.995338871977566,0.39127142857142844,127413.05,6769699.0,3.37,3.39,7.78
2023-09-21,3.4,3.4776,3.3007,3.32,29128.0,5.4602,4.813988595792036,-0.8086599676078547,14.835164797125955,-4.314,9.197752680846822,1.7226473191531793,0.3767642857142856,125954.3,6740571.0,3.4,3.55,7.634
2023-09-22,3.32,3.3995,3.26,3.3,33239.0,5.3112,4.669799205716604,-0.8216347097725398,10.877862566356853,-4.3,9.147441230546818,1.474958769453182,0.34530714285714276,125739.25,6707332.0,3.32,3.5,7.6
2023-09-25,3.28,3.3987,3.28,3.31,18440.0,5.1577,4.54029451945788,-0.8216180995132647,10.19230766486686,-0.73,9.059002621864705,1.2563973781352953,0.32235714285714284,123890.45,6725772.0,3.3,3.37,4.04
2023-09-26,3.29,3.3684,3.209,3.27,20348.0,4.9932,4.419314089033319,-0.8153321835461207,4.07331974398646,-0.27,8.9228854353819,1.0635145646181003,0.3080357142857143,123117.05,6705424.0,3.31,3.37,3.54
2023-09-27,3.22,3.36,3.22,3.25,4090.0,4.8222000000000005,4.307950842458718,-0.8026515142821191,4.180601994454761,-0.14000000000000012,8.742291277132797,0.9021087228672049,0.28732857142857143,121996.3,6701334.0,3.27,3.4,3.39
2023-09-28,3.25,3.45,3.2,3.24,18806.0,4.643700000000001,4.20624123841503,-0.7843284768194301,4.20168065991102,-0.3099999999999996,8.507392321846389,0.7800076781536123,0.2912571428571428,122146.6,6682528.0,3.25,3.32,3.55
2023-09-29,3.14,3.22,3.1201,3.13,30906.0,4.442200000000001,4.103742072851694,-0.7696400987301719,15.267175409358401,-0.3700000000000001,8.171346627369466,0.7130533726305357,0.19625714285714285,119566.15,6651622.0,3.24,3.3,3.5
2023-10-02,3.12,3.19,3.01,3.07,54610.0,4.2257,4.005290446865819,-0.7540530390662608,22.988505377196432,-0.30000000000000027,7.727667753616304,0.7237322463836957,0.17463571428571428,119299.9,6597012.0,3.13,3.31,3.37
2023-10-03,3.01,3.1699,2.88,2.88,47910.0,3.9972000000000003,3.898119928116693,-0.7481665289970905,21.978021639898543,-0.4900000000000002,7.196657164484067,0.7977428355159337,0.17462857142857144,118797.3,6549102.0,3.07,3.27,3.37
2023-10-04,2.8919,2.9,2.771,2.895,44582.0,3.75295,3.802584696867484,-0.7338304838733021,7.189542352086818,-0.5049999999999999,6.441546070736352,1.064353929263648,0.16812857142857146,119619.0,6593684.0,2.88,3.25,3.4
2023-10-05,2.84,2.99,2.82,2.88,47440.0,3.5152499999999995,3.7147194876420095,-0.7154027800581799,7.534246430850089,-0.43999999999999995,5.510247625641642,1.5202523743583567,0.1688071428571429,120838.95,6546244.0,2.895,3.24,3.32
2023-10-06,2.9,3.02,2.82,2.9,31226.0,3.28025,3.6371271554856275,-0.6912227185829165,12.096773920395435,-0.3999999999999999,3.8410621460506187,2.7194378539493815,0.1680928571428572,120435.45,6577470.0,2.88,3.13,3.3
2023-10-09,2.84,2.8893,2.71,2.79,40668.0,3.21775,3.5564483787727106,-0.673071503849827,10.273972405704654,-0.52,3.6943440013316047,2.7411559986683955,0.17090000000000008,53789.35,6536802.0,2.9,3.07,3.31
2023-10-10,2.74,2.8199,2.7,2.71,58096.0,3.17625,3.475834247461024,-0.6574885010565676,5.769230665680524,-0.56,3.678548663514475,2.673951336485525,0.16803571428571434,40228.8,6478706.0,2.79,2.88,3.27
2023-10-11,2.65,2.725,2.61,2.62,57067.0,3.13775,3.3943262238933074,-0.6448910253544886,5.696202430700254,-0.6299999999999999,3.6869165934563286,2.5885834065436715,0.1636142857142858,37829.45,6421639.0,2.71,2.895,3.25
2023-10-12,2.665,2.8509,2.665,2.84,43538.0,3.10225,3.341533250189183,-0.6102624558113434,26.767676389143972,-0.40000000000000036,3.6306086800052118,2.5738913199947886,0.1669285714285715,37340.3,6465177.0,2.62,2.88,3.24
2023-10-13,2.79,2.888,2.79,2.855,12043.0,3.07,3.2951967501711654,-0.5749843137905799,27.135678010151267,-0.2749999999999999,3.57432863137151,2.5656713686284895,0.16545000000000007,36551.8,6477220.0,2.84,2.9,3.13
2023-10-16,2.84,2.85,2.74,2.75,21027.0,3.039,3.243273250154864,-0.549102415671185,25.4716977767889,-0.31999999999999984,3.5419031506636016,2.5360968493363987,0.16192142857142863,34857.75,6456193.0,2.855,2.79,3.07
2023-10-17,2.76,3.07,2.76,3.0,33377.0,3.0204999999999997,3.220104369187734,-0.5027536353212207,40.31007708190614,0.1200000000000001,3.498752300734563,2.5422476992654364,0.1740642857142858,34771.45,6489570.0,2.75,2.71,2.88
2023-10-18,3.03,3.03,2.84,2.89,11255.0,2.995,3.1886658578365212,-0.4694286055003736,37.41007156565395,-0.004999999999999893,3.4413772301304766,2.5486227698695236,0.16977857142857153,32889.8,6478315.0,3.0,2.62,2.895
2023-10-19,2.84,2.8597,2.8,2.85,20275.0,2.9715,3.1564119666139954,-0.4411391685125494,39.39393897612489,-0.029999999999999805,3.394721977342,2.5482780226579997,0.16690714285714295,32447.15,6458040.0,2.89,2.84,2.88
2023-10-20,2.99,2.99,2.86,2.9,6043.0,2.9515000000000002,3.1319917793174246,-0.4099779029387127,43.51144991667153,0.0,3.3462030862759997,2.5567969137240008,0.1633357142857144,31087.35,6464083.0,2.85,2.855,2.9
2023-10-23,2.91,3.07,2.87,2.98,52333.0,2.9349999999999996,3.1175163717633843,-0.3745394922635792,54.16666603472223,0.18999999999999995,3.2924323638632234,2.577567636136776,0.15691428571428578,32782.0,6516416.0,2.9,2.75,2.79
2023-10-24,2.94,3.1199,2.9,2.945,22297.0,2.91875,3.1010862411192526,-0.34528387717934184,52.04917973058318,0.23499999999999988,3.239749672077238,2.5977503279227623,0.16340714285714292,32879.45,6494119.0,2.98,3.0,2.71
2023-10-25,2.93,3.0799,2.91,3.02,19323.0,2.9072500000000003,3.093363741965038,-0.31246910240759584,55.46874939331056,0.3999999999999999,3.19280532231999,2.6216946776800105,0.16340000000000002,33641.1,6513442.0,2.945,2.89,2.62
2023-10-26,3.05,3.11,2.98,3.11,33251.0,2.90075,3.094948147492177,-0.276046495610232,57.777777178600836,0.27,3.159029224667311,2.642470775332689,0.1584,34363.35,6546693.0,3.02,2.85,2.84
2023-10-27,3.1245,3.1245,2.9558,3.0,16241.0,2.89425,3.0859054667786365,-0.2531069316390919,57.777777178600836,0.14500000000000002,3.134124418898964,2.654375581101036,0.15764285714285714,33630.1,6530452.0,3.11,2.9,2.855
2023-10-30,3.0,3.0912,2.88,2.88,33054.0,2.88475,3.0662954223235284,-0.24178951766328183,56.11510734848094,0.1299999999999999,3.1099160206205982,2.6595839793794016,0.16416428571428573,32552.3,6497398.0,3.0,2.98,2.75
2023-10-31,2.935,2.98,2.86,2.97,16840.0,2.88925,3.0571244297212874,-0.22300908723695478,62.589927427151814,-0.029999999999999805,3.1175912727522466,2.6609087272477536,0.16452142857142857,30998.8,6514238.0,2.88,2.945,3.0
2023-11-01,2.91,2.94,2.85,2.85,8883.0,2.887,3.0373982935573554,-0.21529799687657736,50.38759635238269,-0.040000000000000036,3.1159886230223997,2.6580113769776004,0.15767142857142855,29213.85,6505355.0,2.97,3.02,2.89
2023-11-02,2.81,3.06,2.81,3.02,23684.0,2.894,3.03574131321856,-0.19327723107194128,55.70934202080914,0.16999999999999993,3.130523059964028,2.657476940035972,0.16852857142857142,28026.05,6529039.0,2.85,3.11,2.85
2023-11-03,3.09,3.18,3.02,3.1,46450.0,2.904,3.0418611881501256,-0.16745565061576162,62.323943047510426,0.20000000000000018,3.1578669357215348,2.650133064278465,0.1721,28787.25,6575489.0,3.02,3.0,2.9
2023-11-06,3.12,3.29,3.12,3.25,25914.0,2.927,3.061683932135828,-0.13337831330899164,59.46969633895777,0.27,3.21801275067021,2.6359872493297902,0.1621,28049.55,6601403.0,3.1,2.88,2.98
2023-11-07,3.2501,3.4245,3.24,3.33,38709.0,2.9579999999999997,3.0872378433609873,-0.09879159392570003,67.05426283817079,0.38500000000000023,3.2819135687185854,2.634086431281414,0.16170714285714285,27080.2,6640112.0,3.25,2.97,2.945
2023-11-08,3.35,3.35,3.14,3.22,12818.0,2.988,3.0998818582789887,-0.07932590604011347,63.60294052173444,0.20000000000000018,3.2905401234808354,2.6854598765191646,0.17244285714285712,24867.75,6627294.0,3.33,2.85,3.02
2023-11-09,3.1604,3.3441,3.1604,3.25,16049.0,3.0085,3.11417882415718,-0.06078231150605751,63.059700833704625,0.14000000000000012,3.324096344452195,2.692903655547805,0.17627857142857137,23493.3,6643343.0,3.22,3.02,3.11
2023-11-10,3.25,3.25,3.1201,3.14,4312.0,3.02275,3.116637983761258,-0.05432143099863396,55.8394154877724,0.14000000000000012,3.3348814669039126,2.710618533096087,0.17127142857142855,23106.75,6639031.0,3.25,3.1,3.0
2023-11-13,3.08,3.21,3.08,3.13,8128.0,3.04175,3.1179105567363763,-0.049436861507131,56.87732282804274,0.25,3.3292670475495116,2.7542329524504883,0.16484999999999997,22461.8,6630903.0,3.14,3.25,2.88
2023-11-14,3.22,3.28,3.18,3.2,19848.0,3.05175,3.1257285989519596,-0.03947051107259858,56.71641731788819,0.22999999999999998,3.346962234092532,2.7565377659074684,0.15985714285714284,21785.35,6650751.0,3.13,3.33,2.97
2023-11-15,3.185,3.25,3.1311,3.25,4695.0,3.06975,3.1375639704803446,-0.0272290895306444,55.38461478816569,0.3999999999999999,3.3673274998568634,2.7721725001431365,0.15906428571428569,21457.35,6655446.0,3.2,3.22,2.85
2023-11-16,3.1839,3.2933,3.17,3.18,3598.0,3.08625,3.1416054971012644,-0.022905141930463557,57.14285650793652,0.16000000000000014,3.368736608904803,2.803763391095197,0.15582142857142856,20623.5,6651848.0,3.25,3.25,3.02
2023-11-17,3.22,3.25,3.17,3.24,6222.0,3.10325,3.1509764021392392,-0.01447558112180447,64.99999924166669,0.14000000000000012,3.3793940318308513,2.827105968169149,0.14644999999999997,20632.45,6658070.0,3.18,3.14,3.1
2023-11-20,3.38,3.59,3.25,3.51,52652.0,3.1297500000000005,3.185169125745026,0.013809233473399907,69.56521668557025,0.2599999999999998,3.4536810355453493,2.8058189644546516,0.16216428571428568,20648.4,6710722.0,3.24,3.13,3.25
2023-11-21,3.5309,3.57,3.48,3.51,16313.0,3.1580000000000004,3.216105399483595,0.035812019721235266,76.19047534391535,0.17999999999999972,3.5113061889606563,2.8046938110393445,0.16216428571428568,20349.2,6710722.0,3.51,3.2,3.33
2023-11-22,3.51,3.52,3.42,3.48,8475.0,3.181,3.241238218580395,0.05025130900813668,70.53571340401788,0.2599999999999998,3.555722353356816,2.806277646643184,0.15144999999999995,19806.8,6702247.0,3.51,3.25,3.22
2023-11-24,3.43,3.47,3.4201,3.47,10801.0,3.1990000000000003,3.263025054906072,0.060194227161532776,67.61904671746035,0.2200000000000002,3.5934296348426584,2.804570365157342,0.14358571428571423,18684.3,6691446.0,3.48,3.18,3.25
2023-11-27,3.47,3.65,3.47,3.6,20063.0,3.229,3.2951179068197796,0.07766038714426493,66.9902903515883,0.45999999999999996,3.6500713153749444,2.8079286846250557,0.14429999999999993,18875.4,6711509.0,3.47,3.24,3.14
2023-11-28,3.58,3.58,3.5201,3.53,6500.0,3.2615000000000003,3.3174876299798006,0.08487944375762213,59.80392074778932,0.3999999999999999,3.669280900923402,2.8537190990765984,0.13539999999999996,17547.7,6705009.0,3.6,3.51,3.13
2023-11-29,3.49,3.58,3.4,3.48,19531.0,3.287,3.332964998553153,0.0855820264194902,63.541665740017386,0.2799999999999998,3.681600397470931,2.892399602529069,0.13325714285714282,17682.25,6685478.0,3.53,3.51,3.2
2023-11-30,3.45,3.62,3.45,3.55,9932.0,3.322,3.353634998690948,0.09073766758865087,64.99999909000002,0.2999999999999998,3.6754253438623445,2.9685746561376556,0.1322785714285714,17734.7,6695410.0,3.48,3.48,3.25
2023-12-01,3.51,3.68,3.51,3.65,22170.0,3.3535000000000004,3.3818602369108577,0.10171543877800637,75.75757468625653,0.46999999999999975,3.7058918273740264,3.0011081726259743,0.13514285714285715,17659.0,6717580.0,3.55,3.47,3.18
2023-12-04,3.64,3.8,3.57,3.73,34957.0,3.3850000000000002,3.4150164048241094,0.11553531841493214,78.30188575827701,0.48999999999999977,3.7542096822588618,3.0157903177411387,0.1422857142857143,17084.35,6752537.0,3.65,3.6,3.24
2023-12-05,3.61,3.77,3.56,3.66,12384.0,3.4055,3.4383481757932417,0.11946474699516774,71.69811226059099,0.15000000000000036,3.788423655988755,3.0225763440112448,0.15014285714285716,16407.85,6740153.0,3.73,3.53,3.51
2023-12-06,3.73,3.7775,3.6004,3.64,12378.0,3.4210000000000003,3.4575531114319804,0.11958710413188012,68.93203789801116,0.13000000000000034,3.8159630229194743,3.026036977080526,0.15430000000000002,15091.3,6727775.0,3.66,3.48,3.51
2023-12-07,3.6902,3.725,3.6,3.665,7175.0,3.4432500000000004,3.477309957962268,0.1203135178441408,74.61928827952282,0.18500000000000005,3.840666326843916,3.0458336731560847,0.15442142857142857,14809.15,6734950.0,3.64,3.55,3.48
2023-12-08,3.42,3.55,2.88,3.05,78517.0,3.43325,3.436613771489671,0.0704708109309462,43.83116843270364,-0.4200000000000004,3.8601146401994857,3.0063853598005146,0.19656428571428572,17932.55,6656433.0,3.665,3.65,3.47
2023-12-11,3.01,3.04,2.6946,2.8399,83878.0,3.418245,3.379783888490655,0.0138632607597593,27.363015753609744,-0.7601,3.905358822103434,2.9311311778965665,0.19695000000000001,21910.85,6572555.0,3.05,3.73,3.6
2023-12-12,2.84,2.84,2.7501,2.8099,21816.0,3.4022400000000004,3.325509232443926,-0.03303754479152987,26.819415684079317,-0.7201,3.9468701822047936,2.857609817795207,0.19694285714285714,22595.25,6550739.0,2.8399,3.66,3.53
2023-12-13,2.8,3.0,2.76,2.92,35386.0,3.3882400000000006,3.2868893055445048,-0.060626345659618774,32.39215164539674,-0.56,3.9680201884743687,2.8084598115256325,0.20694285714285715,23372.15,6586125.0,2.8099,3.64,3.48
2023-12-14,3.04,3.07,3.03,3.07,10071.0,3.3792400000000002,3.2662331812069327,-0.06958811735741843,38.44064238922147,-0.48,3.9734640350149757,2.785015964985025,0.2062357142857143,23640.95,6596196.0,2.92,3.665,3.55
2023-12-15,3.04,3.23,3.0,3.1,17658.0,3.3752400000000002,3.2504014496634155,-0.07342383706051558,34.66445805097386,-0.5499999999999998,3.9761505140490905,2.77432948595091,0.2098071428571429,24343.95,6613854.0,3.07,3.05,3.65
2023-12-18,3.15,3.18,2.9501,3.03,33442.0,3.3647400000000003,3.229410835409757,-0.08117491848465841,34.66445805097386,-0.7000000000000002,3.982697530136689,2.7467824698633114,0.22195000000000004,25704.95,6580412.0,3.1,2.8399,3.73
2023-12-19,3.0,3.15,2.97,3.06,22478.0,3.3422399999999994,3.2132764701326373,-0.08392996381135553,36.95814152439823,-0.6000000000000001,3.9706097650939416,2.7138702349060573,0.22195,24196.25,6602890.0,3.03,2.8099,3.66
2023-12-20,2.9932,3.18,2.97,3.18,22034.0,3.3257399999999997,3.2101072825009576,-0.0755613415281533,38.85676391760351,-0.45999999999999996,3.9528912984582742,2.698588701541725,0.22480714285714284,24482.3,6624924.0,3.06,2.92,3.64
2023-12-21,3.23,3.2896,3.13,3.18,12018.0,3.31074,3.207239922262771,-0.06814362002224694,34.93782817002335,-0.4849999999999999,3.9367058756463402,2.68477412435366,0.2240642857142857,24659.45,6624924.0,3.18,3.07,3.665
2023-12-22,3.18,3.36,3.1397,3.27,34388.0,3.3007400000000002,3.2132170725234594,-0.054377252947180654,35.352184119901565,0.2200000000000002,3.9223684332723505,2.67911156672765,0.22337142857142855,25838.8,6659312.0,3.18,3.1,3.05
2023-12-26,3.21,3.27,3.208,3.245,16564.0,3.2829900000000003,3.2162440179974157,-0.04496592824455936,36.39522652141807,0.4051,3.8887089235245957,2.677271076475405,0.21279999999999996,25663.85,6642748.0,3.27,3.03,2.8399
2023-12-27,3.3,3.36,3.0,3.32,41011.0,3.27249,3.2261255400929,-0.031097975722308657,39.87469905186318,0.5101,3.8673635412718137,2.677616458728186,0.22586428571428568,27389.4,6683759.0,3.245,3.06,2.8099
2023-12-28,3.32,3.33,3.2,3.219,13474.0,3.25944,3.2254469172269093,-0.02793421198052748,36.535442270561404,0.29899999999999993,3.846546866986891,2.672333133013109,0.22622142857142855,27086.55,6670285.0,3.32,3.18,2.92
2023-12-29,3.1101,3.21,3.01,3.01,35830.0,3.2324399999999995,3.204928163205299,-0.041807284398931444,48.40025541705041,-0.06000000000000005,3.81291420687065,2.651965793129349,0.19265,28381.45,6634455.0,3.219,3.18,3.07
2024-01-02,3.0,3.0,2.8918,2.9657,15487.0,3.198225,3.182144528614318,-0.055733505031945185,55.80044192068776,-0.13430000000000009,3.755265015098608,2.6411849849013915,0.17570714285714284,28047.3,6618968.0,3.01,3.27,3.1
2024-01-03,2.99,3.04,2.95,3.04,19020.0,3.163725,3.1686069544605737,-0.06008280466835858,60.193141806765325,0.010000000000000231,3.6647429106999176,2.662707089300082,0.1757142857142857,27250.45,6637988.0,2.9657,3.245,3.03
2024-01-04,3.08,3.22,3.0401,3.19,17224.0,3.140225,3.1706443873690904,-0.05084110693509425,61.55228404780765,0.1299999999999999,3.5840591315354136,2.6963908684645865,0.17142142857142859,27492.45,6655212.0,3.04,3.32,3.06
2024-01-05,2.96,3.22,2.96,3.17,22510.0,3.1167249999999997,3.170583017143463,-0.044616360266216404,54.814172186213746,-0.010000000000000231,3.493906513611857,2.7395434863881425,0.18713571428571432,27999.05,6632702.0,3.19,3.219,3.18
2024-01-08,3.18,3.32,3.18,3.3,7732.0,3.098475,3.1829084440821807,-0.028861540583580148,58.78271489288773,0.11999999999999966,3.389421186921595,2.807528813078405,0.18070714285714287,28026.9,6640434.0,3.17,3.01,3.18
2024-01-09,3.25,3.44,3.25,3.2711,20199.0,3.1095300000000003,3.1913076398838776,-0.018494343220812226,60.98405389177518,0.001100000000000101,3.4093865629026565,2.809673437097344,0.17785714285714285,25111.0,6620235.0,3.3,2.9657,3.27
2024-01-10,3.27,3.45,3.26,3.33,11541.0,3.134035,3.204516436085413,-0.005462928301323444,61.985084456861536,0.08499999999999996,3.4209379124249177,2.847132087575082,0.1785714285714286,21494.15,6631776.0,3.2711,3.04,3.245
2024-01-11,3.33,3.4,3.3,3.3,10745.0,3.15854,3.213610108839183,0.0024161261290340796,55.78926979829237,-0.020000000000000018,3.4104627400362535,2.9066172599637463,0.17071428571428576,20940.6,6621031.0,3.33,3.19,3.32
2024-01-12,3.29,3.36,3.168,3.22,13738.0,3.17354,3.214218669902118,0.0021802930734882153,51.79147194098835,0.001000000000000334,3.4001094121595434,2.9469705878404566,0.17302857142857145,19858.2,6607293.0,3.3,3.17,3.219
2024-01-16,3.234,3.24,3.2,3.2,12338.0,3.18004,3.212864510863821,0.0003753335874248087,46.65519815254896,0.1900000000000004,3.4015038704049534,2.9585761295950466,0.16015000000000001,19971.55,6594955.0,3.22,3.3,3.01
2024-01-17,3.2,3.2387,3.13,3.13,23219.0,3.18154,3.2049726526863145,-0.0066268116331742455,44.731536901006486,0.1642999999999999,3.401119630921893,2.961960369078107,0.16348571428571432,20249.6,6571736.0,3.2,3.2711,2.9657
2024-01-18,3.1468,3.2699,3.0,3.01,17977.0,3.1805399999999997,3.1864038286209513,-0.021609442887634334,36.360436018086844,-0.03000000000000025,3.4031862230346253,2.957893776965374,0.15705000000000005,19476.35,6553759.0,3.13,3.33,3.04
2024-01-19,3.07,3.12,3.02,3.055,7290.0,3.18029,3.1738891782760987,-0.02951213279591247,42.41021788805717,-0.1349999999999998,3.4035165867961,2.9570634132038998,0.1549071428571429,18716.95,6561049.0,3.01,3.3,3.19
2024-01-22,3.05,3.25,3.05,3.2,40936.0,3.1812899999999997,3.1763759232021846,-0.02380094471378147,59.34671307472062,0.03000000000000025,3.4046902393628384,2.957889760637161,0.1549071428571429,19662.05,6601985.0,3.055,3.22,3.17
2024-01-23,3.2599,3.2599,3.19,3.215,7489.0,3.1830399999999996,3.1800544067067387,-0.017858600913874145,62.62789902057482,-0.08499999999999996,3.4069454631335683,2.959134536866431,0.15217142857142862,19435.6,6609474.0,3.2,3.2,3.3
2024-01-24,3.17,3.28,3.17,3.21,10923.0,3.18004,3.1829063679727634,-0.013398247606127178,59.26127606269573,-0.061100000000000154,3.400622801257332,2.959457198742668,0.15360000000000004,18262.35,6598551.0,3.215,3.13,3.2711
2024-01-25,3.21,3.29,3.21,3.29,5477.0,3.1822899999999996,3.193105761499167,-0.0033694461094424533,55.89761643952981,-0.040000000000000036,3.4065501018085094,2.95802989819149,0.14646428571428574,17708.0,6604028.0,3.21,3.01,3.33
2024-01-26,3.248,3.3,3.2452,3.26,5345.0,3.17929,3.199476641356389,0.002133189345035813,55.24597718180964,-0.040000000000000036,3.3973120259273797,2.96126797407262,0.13180714285714284,15924.7,6598683.0,3.29,3.055,3.3
2024-01-29,3.2642,3.3,3.26,3.26,5004.0,3.18134,3.205240770751019,0.006420059262524536,47.251991396636605,0.03999999999999959,3.401692725849895,2.960987274150105,0.12466428571428574,15501.2,6598683.0,3.26,3.2,3.22
2024-01-30,3.285,3.34,3.28,3.34,6477.0,3.1978400000000002,3.2180749830604456,0.01608713754759572,54.42290311731845,0.13999999999999968,3.413543689547063,2.9821363104529373,0.11537857142857146,14033.55,6605160.0,3.26,3.215,3.2
2024-01-31,3.29,3.32,3.1701,3.18,10448.0,3.2085549999999996,3.214448794197546,0.01071453132684752,41.47727206740704,0.050000000000000266,3.395013094346621,3.0220969056533784,0.11251428571428569,13781.6,6594712.0,3.34,3.21,3.13
2024-02-01,3.17,3.17,3.12,3.13,5429.0,3.2130549999999998,3.2064060518930178,0.0023946160371370873,40.55555492469138,0.1200000000000001,3.386257983747256,3.0398520162527434,0.1089428571428571,13102.05,6589283.0,3.18,3.29,3.01
2024-02-02,3.15,3.26,3.1375,3.25,9918.0,3.216055,3.2105578564746353,0.005421309256182116,51.595743912403805,0.19499999999999984,3.389654629820139,3.042455370179861,0.10397857142857138,12736.75,6599201.0,3.13,3.26,3.055
2024-02-05,3.27,3.3,3.18,3.19,20889.0,3.2170549999999998,3.208599965381813,0.0029446435918987213,49.48979521137026,-0.010000000000000231,3.3897657405309287,3.044344259469071,0.10969285714285706,12655.7,6578312.0,3.25,3.26,3.2
2024-02-06,3.31,3.31,3.21,3.295,16298.0,3.216805,3.216828540107355,0.009346584834275973,58.12807801596739,0.08000000000000007,3.3890239851384285,3.0445860148615713,0.10907142857142849,13084.0,6594610.0,3.19,3.34,3.215
2024-02-07,3.26,3.3,3.25,3.26,7765.0,3.21625,3.2209401077161783,0.011463862929071755,63.44085926003007,0.04999999999999982,3.3878025084570313,3.0446974915429688,0.09336428571428564,12462.3,6586845.0,3.295,3.18,3.21
2024-02-08,3.3,3.33,3.25,3.26,9291.0,3.2127499999999998,3.2246600974574946,0.012992056015286746,61.58191992977751,-0.03000000000000025,3.377242041080875,3.0482579589191245,0.0919357142857142,12349.8,6586845.0,3.26,3.13,3.29
2024-02-09,3.2301,3.3,3.2301,3.3,15884.0,3.2127500000000007,3.2318353262710664,0.01723213403083257,56.41025539776462,0.040000000000000036,3.377242041080876,3.0482579589191254,0.08264285714285702,12606.75,6602729.0,3.26,3.25,3.26
2024-02-12,3.32,3.32,3.2664,3.29,7601.0,3.21625,3.2373748190071554,0.019560044399586474,54.838708686784635,0.03000000000000025,3.384331277331768,3.048168722668232,0.08147857142857129,12299.9,6595128.0,3.3,3.19,3.26
2024-02-13,3.3161,3.48,3.2606,3.46,15465.0,3.2292500000000004,3.25857721719695,0.034722072737613185,63.297871397691274,0.1200000000000001,3.429230920142542,3.0292690798574586,0.089292857142857,12456.25,6610593.0,3.29,3.295,3.34
2024-02-14,3.5,3.63,3.5,3.55,23407.0,3.25025,3.286331767940098,0.05338485821287664,63.68420958781164,0.36999999999999966,3.490501512947763,3.0099984870522367,0.09286428571428555,12465.65,6634000.0,3.46,3.26,3.18
2024-02-15,3.6,3.65,3.5001,3.56,4986.0,3.27775,3.31239540908866,0.06819603269836305,66.12903126257373,0.43000000000000016,3.527917838397397,3.0275821616026035,0.0996571428571427,11816.1,6638986.0,3.55,3.26,3.13
2024-02-16,3.6,3.6,3.51,3.51,7901.0,3.3005000000000004,3.331214893937359,0.07503450143064816,62.75510114431488,0.2599999999999998,3.5481181270466893,3.0528818729533116,0.1032285714285713,11846.65,6631085.0,3.56,3.3,3.25
2024-02-20,3.5,3.5899,3.44,3.45,17363.0,3.313,3.34252776118142,0.07475090174843091,55.72916585394968,0.26000000000000023,3.564467273166289,3.061532726833711,0.10964999999999987,10668.0,6613722.0,3.51,3.29,3.19
2024-02-21,3.4003,3.44,3.3732,3.385,4251.0,3.3215000000000003,3.346572736306999,0.06849170639573154,61.84970998162316,0.08999999999999986,3.5705001056858894,3.0724998943141113,0.10371428571428558,10506.1,6609471.0,3.45,3.46,3.295
2024-02-22,3.4003,3.47,3.4003,3.47,619.0,3.3345,3.3583277138015704,0.0695878158925014,68.88888781728397,0.2100000000000004,3.5861241976482194,3.08287580235178,0.10512142857142846,9990.9,6610090.0,3.385,3.55,3.26
2024-02-23,3.43,3.58,3.43,3.47,8688.0,3.3435,3.368963169629992,0.06965356651205035,64.10256295200529,0.2100000000000004,3.6012248634943145,3.085775136505686,0.1070857142857142,10151.45,6610090.0,3.47,3.56,3.26
2024-02-26,3.49,3.63,3.49,3.585,18322.0,3.3597499999999996,3.3895381058557073,0.07808503039282844,73.65269337588298,0.28500000000000014,3.635649962801174,3.0838500371988253,0.10851428571428563,10800.3,6628412.0,3.47,3.51,3.3
2024-02-27,3.62,3.62,3.5001,3.56,9742.0,3.37475,3.4057725719646874,0.08180672993530447,67.54966762159557,0.27,3.660268457325773,3.089231542674227,0.10993571428571418,11037.2,6618670.0,3.585,3.45,3.29
2024-02-28,3.53,3.63,3.5009,3.57,8179.0,3.3862499999999995,3.421413279396622,0.08458803572073537,71.23287534621883,0.10999999999999988,3.68413508911289,3.088364910887109,0.11558571428571418,11122.3,6626849.0,3.56,3.385,3.46
2024-02-29,3.57,3.6,3.53,3.585,5993.0,3.4065000000000003,3.436992967073134,0.08699972858820626,71.81207918742402,0.03500000000000014,3.7003868382289613,3.1126131617710393,0.11487142857142849,10899.55,6632842.0,3.57,3.47,3.55
2024-03-01,3.58,3.59,3.53,3.53,3456.0,3.4264999999999994,3.4458507797328357,0.0835103393236416,65.13157774757619,-0.03000000000000025,3.694457184325376,3.1585428156746227,0.11416428571428565,10800.9,6629386.0,3.585,3.47,3.56
2024-03-04,3.51,3.52,3.38,3.38,24609.0,3.433,3.439579276901137,0.06785904819440658,54.999999144444445,-0.1299999999999999,3.688968748092428,3.1770312519075716,0.12033571428571424,11535.45,6604777.0,3.53,3.585,3.51
2024-03-05,3.36,3.41,3.29,3.35,19823.0,3.441,3.4310479171962665,0.052430166662162936,42.763157106994484,-0.10000000000000009,3.6739580942663626,3.208041905733637,0.11323571428571426,11482.15,6584954.0,3.38,3.56,3.45
2024-03-06,3.3316,3.4,3.33,3.4,9326.0,3.44625,3.428090972701384,0.04373310445072365,39.58333256365743,0.015000000000000124,3.6699009263162354,3.2225990736837646,0.10894999999999998,11133.55,6594280.0,3.35,3.57,3.385
2024-03-07,3.37,3.4,3.35,3.4,5657.0,3.4532499999999997,3.425415641967919,0.03642078389339565,38.73239360245984,-0.07000000000000028,3.6605198469958644,3.245980153004135,0.1018142857142857,11028.15,6594280.0,3.4,3.585,3.47
2024-03-08,3.45,3.56,3.3,3.35,63306.0,3.45775,3.4182331998757363,0.026288116439753484,38.73239360245985,-0.1200000000000001,3.6507723603082094,3.2647276396917904,0.11395714285714284,13728.9,6530974.0,3.4,3.53,3.47
2024-03-11,3.35,3.55,3.3201,3.36,26572.0,3.46075,3.412687180839952,0.018847555532127025,43.18181726584021,-0.2250000000000001,3.645120193960568,3.276379806039432,0.11967142857142853,14263.3,6557546.0,3.35,3.38,3.585
2024-03-12,3.31,3.45,3.28,3.35,42136.0,3.4637499999999997,3.406716973140909,0.012005551060279451,47.10743692643949,-0.20999999999999996,3.6381021844157138,3.2893978155842856,0.12704285714285715,15990.05,6515410.0,3.36,3.35,3.56
2024-03-13,3.3,3.4252,3.3,3.3,20798.0,3.4557499999999997,3.396553451889394,0.002519598312610505,35.087718436441946,-0.27,3.6448830637130336,3.2666169362869657,0.13100714285714285,16256.7,6494612.0,3.35,3.4,3.57
2024-03-14,3.3,3.38,3.22,3.23,35441.0,3.43975,3.380691218376118,-0.010525159991380484,31.249999316406218,-0.355,3.6484420420645156,3.2310579579354846,0.13172142857142854,16858.4,6459171.0,3.3,3.4,3.585
2024-03-15,3.31,3.5999,3.29,3.565,67493.0,3.44,3.3982444356736305,0.006098114710210822,48.83720850730125,0.03500000000000014,3.649309642194989,3.230690357805011,0.14385714285714285,19983.75,6526664.0,3.23,3.35,3.53
2024-03-18,3.51,3.63,3.51,3.58,19660.0,3.4434999999999993,3.415554489418999,0.020249131789558117,51.17646974532874,0.20000000000000018,3.6599571186413855,3.227042881358613,0.14386428571428572,20571.7,6546324.0,3.565,3.36,3.38
2024-03-19,3.5573,3.62,3.52,3.52,23139.0,3.4470000000000005,3.4255016809029035,0.026319036461380563,47.222221487654345,0.16999999999999993,3.6661466704239416,3.2278533295760594,0.14178571428571432,20860.5,6523185.0,3.58,3.35,3.35
2024-03-20,3.54,3.5897,3.36,3.56,65532.0,3.4557500000000005,3.4383110446264364,0.03396560455542108,48.6486479123448,0.16000000000000014,3.6784198051044825,3.2330801948955186,0.15319285714285716,23924.55,6588717.0,3.52,3.3,3.4
2024-03-21,3.56,3.6199,3.35,3.5,47334.0,3.4572500000000006,3.4441861832334424,0.034783116585969776,48.38709604578566,0.10000000000000009,3.6807267149062026,3.2337732850937986,0.1681857142857143,26260.3,6541383.0,3.56,3.23,3.4
2024-03-22,3.53,3.62,3.3257,3.6,32403.0,3.46375,3.459025594354067,0.0430044233216722,62.49999900568185,0.25,3.696171463815436,3.2313285361845643,0.17920714285714287,27446.05,6573786.0,3.5,3.565,3.35
2024-03-25,3.62,3.64,3.5117,3.61,16103.0,3.465,3.473404109177489,0.04975325848296741,65.116278009735,0.25,3.7004167637012784,3.2295832362987213,0.17980000000000002,27335.1,6589889.0,3.6,3.58,3.36
2024-03-26,3.64,3.66,3.62,3.66,18624.0,3.4699999999999998,3.491175146398681,0.05846241679618336,65.11627800973503,0.31000000000000005,3.717832710979773,3.2221672890202266,0.1776571428571429,27779.2,6608513.0,3.61,3.52,3.35
2024-03-27,3.66,3.7,3.62,3.67,19740.0,3.475,3.508206084836902,0.06541731255059036,65.51724032500994,0.3700000000000001,3.7350607216543343,3.214939278345666,0.17980000000000004,28357.25,6628253.0,3.66,3.56,3.3
2024-03-28,3.67,3.7103,3.63,3.63,12182.0,3.47725,3.5198055053286255,0.06692992896893024,66.27906868848027,0.3999999999999999,3.74205330336627,3.21244669663373,0.16696428571428576,28666.7,6616071.0,3.67,3.5,3.23
2024-04-01,3.63,3.6464,3.54,3.6256,15333.0,3.4820300000000004,3.529881171487804,0.06700129615603423,65.54307008707517,0.06059999999999999,3.754191694199383,3.209868305800618,0.1581428571428572,29260.55,6600738.0,3.63,3.6,3.565
2024-04-02,3.64,3.7,3.4,3.55,22154.0,3.4905299999999997,3.5317972503937276,0.06026290001447521,60.8695642911153,-0.03000000000000025,3.759878821771097,3.2211811782289024,0.16742857142857148,29137.8,6578584.0,3.6256,3.61,3.58
2024-04-03,3.54,3.63,3.54,3.56,5055.0,3.50103,3.534483226546706,0.05509449310827197,64.7727262422521,0.040000000000000036,3.7635999473724335,3.2384600526275666,0.16491428571428576,28399.4,6583639.0,3.55,3.66,3.52
2024-04-04,3.63,3.63,3.56,3.6,13201.0,3.5110299999999994,3.5407229192565435,0.05360819427937091,71.76470470034603,0.040000000000000036,3.7726311999006845,3.2494288000993143,0.15848571428571434,28593.15,6596840.0,3.56,3.67,3.56
2024-04-05,3.56,3.6199,3.56,3.6,5022.0,3.5210300000000005,3.546368355517825,0.051832795477066096,53.398056800829536,0.10000000000000009,3.7800382876138063,3.2620217123861948,0.1406285714285715,28561.4,6596840.0,3.6,3.63,3.5
2024-04-08,3.6,3.7466,3.6,3.68,21388.0,3.5375299999999994,3.559095178801842,0.056232887809670284,58.62068824019029,0.08000000000000007,3.79267922032329,3.282380779676709,0.14252857142857148,26465.5,6618228.0,3.6,3.6256,3.6
2024-04-09,3.6,3.72,3.6,3.68,11387.0,3.55353,3.570609923677857,0.05903942286088082,65.3846136242604,0.07000000000000028,3.8018469205926886,3.305213079407311,0.1439571428571429,25706.25,6618228.0,3.68,3.55,3.61
2024-04-10,3.665,3.8667,3.665,3.83,39383.0,3.5775300000000003,3.595313740470442,0.07253126518147068,71.42856984126986,0.16999999999999993,3.835612949537759,3.3194470504622418,0.14195714285714287,25568.6,6657611.0,3.68,3.56,3.66
2024-04-11,3.85,4.04,3.75,4.04,25892.0,3.6145300000000007,3.63766481280659,0.09902735617825487,84.61538309664697,0.3700000000000001,3.913953284964532,3.315106715035469,0.14339285714285716,25823.3,6683503.0,3.83,3.6,3.67
2024-04-12,4.01,4.31,3.97,4.055,92098.0,3.65578,3.6774110211107245,0.11985446521725551,82.7338112830599,0.4249999999999998,3.9594339554024978,3.3521260445975023,0.14665714285714282,28656.15,6775601.0,4.04,3.6,3.63
2024-04-15,4.05,4.05,3.95,3.98,8357.0,3.6765300000000005,3.706229019100179,0.1288232348497722,74.3421038936981,0.35440000000000005,4.00937848520801,3.343681514791992,0.1446357142857142,25699.35,6767244.0,4.055,3.68,3.6256
2024-04-16,4.0,4.03,3.62,3.97,15503.0,3.6960300000000004,3.731350064900162,0.13358425703977472,71.52777638695993,0.4200000000000004,4.050087724107247,3.3419722758927546,0.17106428571428564,25491.5,6751741.0,3.98,3.68,3.55
2024-04-17,4.01,4.01,3.9,3.9166,10083.0,3.71586,3.7489929158620514,0.1315322476279781,66.15142660974591,0.3565999999999998,4.0728194191884715,3.358900580811529,0.17320714285714275,24838.7,6741658.0,3.97,3.83,3.56
2024-04-18,3.915,3.97,3.915,3.97,3327.0,3.7363600000000003,3.770041209589475,0.13268543215591366,71.88465369929823,0.3700000000000001,4.102602636857909,3.370117363142092,0.1713999999999999,21728.45,6744985.0,3.9166,4.04,3.6
2024-04-19,3.96,4.07,3.93,3.95,29979.0,3.7588600000000008,3.7871801420095252,0.13048139852795515,70.46945862370973,0.3500000000000001,4.119206595727827,3.3985134042721743,0.17379999999999993,20860.7,6715006.0,3.97,4.055,3.6
2024-04-22,4.0,4.07,3.8692,3.87,14701.0,3.77236,3.7950677475324275,0.12088585985670397,70.08032005380966,0.18999999999999995,4.127845295572718,3.416874704427282,0.16671428571428562,19975.6,6700305.0,3.95,3.98,3.68
2024-04-23,3.88,4.05,3.88,4.029,8681.0,3.7933099999999995,3.817347009672196,0.1246741275125931,74.79382422593197,0.34899999999999975,4.157779852337829,3.4288401476621697,0.17242857142857135,19604.5,6708986.0,3.87,3.97,3.68
2024-04-24,4.04,4.1491,4.0,4.1083,13064.0,3.8157250000000005,3.8450568182748444,0.13254727962163404,75.79941015004391,0.27829999999999977,4.2002630817497675,3.431186918250233,0.17807857142857134,19326.5,6722050.0,4.029,3.9166,3.83
2024-04-25,4.07,4.2391,4.0,4.18,15388.0,3.841225,3.8769561689153353,0.14292484974442532,77.44133129808985,0.13999999999999968,4.251830662406159,3.4306193375938405,0.19087857142857131,19108.9,6737438.0,4.1083,3.97,4.04
2024-04-26,4.1542,4.24,4.0876,4.15,16833.0,3.8672250000000004,3.902960343304351,0.1470334895450809,73.34127828091194,0.09500000000000064,4.28726053671715,3.4471894632828506,0.19129285714285707,19341.45,6720605.0,4.18,3.95,4.055
2024-04-29,4.07,4.44,4.07,4.4399,48251.0,3.90794,3.9540974534658413,0.17170283426889466,79.30130245221085,0.45989999999999975,4.383547442728714,3.4323325572712853,0.20914999999999992,20987.35,6768856.0,4.15,3.87,3.98
2024-04-30,4.43,4.5102,4.21,4.24,25137.0,3.94244,3.9813262674214753,0.17312750569310165,65.22352523902472,0.27,4.40873545366137,3.4761445463386296,0.21618571428571423,21136.5,6743719.0,4.4399,4.029,3.97
2024-05-01,4.24,4.4307,4.24,4.3201,28986.0,3.9804450000000005,4.013590432428954,0.17866048042132565,61.510642836238205,0.4035000000000002,4.439340357754272,3.5215496422457293,0.20909285714285705,22333.05,6772705.0,4.24,4.1083,3.9166
2024-05-02,4.44,4.46,4.325,4.45,28136.0,4.022945,4.055153248388101,0.1913218063599067,64.83178063409066,0.48,4.490839952110541,3.555050047889459,0.19444999999999996,23079.8,6800841.0,4.3201,4.18,3.97
2024-05-03,4.55,4.75,4.4401,4.71,33109.0,4.078445,4.117519605684472,0.21980208010323476,74.06699127196504,0.7599999999999998,4.595817737364871,3.56107226263513,0.2094428571428571,24484.15,6833950.0,4.45,4.15,3.95
2024-05-06,4.84,4.97,4.45,4.48,78354.0,4.118445,4.152041548000237,0.22126324243402617,64.68386450214554,0.6100000000000003,4.62977805852139,3.60711194147861,0.2172999999999999,27332.45,6755596.0,4.71,4.4399,3.87
2024-05-07,4.45,4.66,4.45,4.6,26289.0,4.164445,4.1947042577145,0.22945915735313882,68.94964454009818,0.5709999999999997,4.6752304239976095,3.65365957600239,0.22444285714285708,28077.55,6781885.0,4.48,4.24,4.029
2024-05-08,4.67,4.67,4.46,4.52,44537.0,4.198945,4.225684804598833,0.22688377348998578,65.02896441665456,0.41169999999999973,4.707822859298483,3.690067140701517,0.23551428571428562,28335.25,6737348.0,4.6,4.3201,4.1083
2024-05-09,4.515,4.7,4.5,4.7,35345.0,4.231945,4.270857680351325,0.23663942496384216,68.84611470306285,0.5200000000000005,4.781405368668057,3.682484631331942,0.23979999999999993,28807.9,6772693.0,4.52,4.45,4.18
2024-05-10,4.79,4.8999,4.6116,4.81,30468.0,4.2696950000000005,4.322204567936913,0.2503609237105726,73.26963014864107,0.6599999999999993,4.869413110887367,3.6699768891126348,0.24604999999999988,25726.4,6803161.0,4.7,4.71,4.15
2024-05-13,4.84,4.98,4.8174,4.95,28457.0,4.318195,4.381994609085778,0.26942635960171835,73.01579317162084,0.5101000000000004,4.973576015657461,3.66281398434254,0.24552142857142847,26731.4,6831618.0,4.81,4.48,4.4399
2024-05-14,4.95,4.95,4.75,4.79,20406.0,4.359195,4.420852265363323,0.2685297495470458,66.37520973852853,0.5499999999999998,5.025367177759659,3.693022822240341,0.2491571428571428,26976.55,6811212.0,4.95,4.6,4.24
2024-05-15,4.84,4.85,4.6501,4.77,9274.0,4.401864999999999,4.454104430566816,0.2631716677066702,64.53345112648128,0.4498999999999995,5.057919610291096,3.745810389708902,0.24635714285714277,26936.1,6801938.0,4.79,4.52,4.3201
2024-05-16,4.8,4.8,4.6601,4.74,7362.0,4.440365,4.481332580036643,0.2535814707955115,64.53345112648128,0.29000000000000004,5.079874556407747,3.8008554435922526,0.24546428571428563,27137.85,6794576.0,4.77,4.7,4.45
2024-05-17,4.9,4.9299,4.7386,4.79,14893.0,4.482365,4.51072947717601,0.24716657005547393,59.779875503146414,0.08000000000000007,5.096089787540878,3.8686402124591215,0.2326999999999999,26383.55,6809469.0,4.74,4.81,4.71
2024-05-20,4.84,4.99,4.8161,4.93,19434.0,4.5353650000000005,4.550660003159248,0.25049202791021585,69.9421959657857,0.4499999999999993,5.108138905150229,3.9625910948497727,0.22367857142857137,26620.2,6828903.0,4.79,4.95,4.48
2024-05-21,4.98,5.0,4.88,4.99,17344.0,4.5834150000000005,4.592501907620272,0.2550291580170594,69.58886427613072,0.39000000000000057,5.13828694644112,4.028543053558881,0.2186285714285714,27053.35,6846247.0,4.93,4.79,4.6
2024-05-22,4.98,4.99,4.68,4.68,27235.0,4.612,4.600835059275484,0.23094823124347208,56.08465566921418,0.16000000000000014,5.1208058299897585,4.103194170010242,0.23112857142857143,27761.9,6819012.0,4.99,4.77,4.52
2024-05-23,4.72,4.79,4.4,4.52,30594.0,4.629,4.593136482201628,0.1966859875950755,44.69273708061545,-0.1800000000000006,5.0982112126806545,4.159788787319345,0.23685,28522.2,6788418.0,4.68,4.74,4.7
2024-05-24,4.47,4.55,4.04,4.55,47210.0,4.648999999999999,4.589028245801473,0.1699940759111982,52.20125740200149,-0.2599999999999998,5.063108050989984,4.234891949010014,0.2361357142857143,30041.05,6835628.0,4.52,4.79,4.81
2024-05-28,4.53,4.56,4.3001,4.33,26213.0,4.643504999999999,4.564358889058476,0.12959449842396964,42.01183397149961,-0.6200000000000001,5.071963757948936,4.215046242051063,0.23970000000000002,28939.15,6809415.0,4.55,4.93,4.95
2024-05-29,4.33,4.4199,4.1174,4.345,13695.0,4.6487549999999995,4.543467566291002,0.0976621285665562,44.61538423100593,-0.4450000000000003,5.058563173225099,4.2389468267749,0.2463071428571429,28367.05,6823110.0,4.33,4.99,4.79
2024-05-30,4.27,4.7,4.27,4.68,13377.0,4.6667499999999995,4.556470655215668,0.09825457688601524,49.438201858351206,-0.08999999999999986,5.046282607294797,4.287217392705202,0.26273571428571435,27586.6,6836487.0,4.345,4.68,4.77
2024-05-31,4.67,4.89,4.67,4.87,26699.0,4.68775,4.586330592814176,0.11275573004428363,51.61290283732225,0.1299999999999999,5.063242308422153,4.312257691577847,0.25785714285714295,27514.75,6863186.0,4.68,4.52,4.74
2024-06-03,4.87,5.1799,4.87,5.06,35839.0,4.7052499999999995,4.631441964927111,0.13798876135697657,52.87958076423343,0.2699999999999996,5.1160704243372255,4.2944295756627735,0.26837857142857147,27651.25,6899025.0,4.87,4.55,4.79
2024-06-04,5.03,5.3501,5.03,5.16,49783.0,4.73925,4.681780825410243,0.16416291651469095,59.99999954594595,0.23000000000000043,5.182827264378677,4.295672735621324,0.2769571428571429,26222.7,6948808.0,5.06,4.33,4.93
2024-06-05,5.25,5.4899,4.9327,5.15,30329.0,4.76675,4.726373127752125,0.1820012099759296,60.32608649751893,0.16000000000000014,5.241105795845922,4.292394204154078,0.3024785714285715,26424.7,6918479.0,5.16,4.345,4.99
2024-06-06,4.95,5.19,4.77,4.97,39148.0,4.78925,4.749575687013827,0.17954401911817186,55.77889407994746,0.29000000000000004,5.256968707637047,4.321531292362953,0.32248571428571443,26155.25,6879331.0,5.15,4.68,4.68
2024-06-07,5.0,5.1,4.905,4.98,10995.0,4.80325,4.771520859679177,0.176370504664507,54.87179447784353,0.46000000000000085,5.27645046936844,4.330049530631561,0.3227500000000001,24937.75,6890326.0,4.97,4.87,4.52
2024-06-10,5.02,5.18,4.81,5.09,16268.0,4.81725,4.801852206376399,0.18064914120007725,54.16666627170139,0.54,5.307550391274773,4.326949608725227,0.3367571428571429,24227.75,6906594.0,4.98,5.06,4.55
2024-06-11,5.0,5.19,4.9201,5.18,10427.0,4.828749999999999,4.837866281959599,0.18912215663809562,54.8717944778435,0.8499999999999996,5.342394101648096,4.315105898351903,0.34746428571428584,23326.25,6917021.0,5.09,5.16,4.33
2024-06-12,5.29,5.29,4.91,4.965,37032.0,4.8375,4.849974255106304,0.17645432401526762,57.68194026547323,0.6200000000000001,5.354317182376888,4.320682817623113,0.3524642857142858,24157.55,6879989.0,5.18,5.15,4.345
2024-06-13,4.96,5.1933,4.96,5.12,23787.0,4.8549999999999995,4.875690992715227,0.1768831805447304,66.21621571512054,0.4400000000000004,5.385709554821591,4.324290445178408,0.3412714285714286,24883.2,6903776.0,4.965,4.97,4.68
2024-06-14,5.12,5.4299,5.035,5.11,14710.0,4.8735,4.898006136266158,0.17440569572003994,65.30054594852042,0.2400000000000002,5.413052446111819,4.333947553888181,0.33305000000000007,25250.6,6889066.0,5.12,4.98,4.87
2024-06-17,5.15,5.38,5.12,5.2,61088.0,4.894,4.926767456621762,0.177656604107451,75.5882346716263,0.14000000000000057,5.451065620248766,4.336934379751234,0.3330571428571429,27560.35,6950154.0,5.11,5.09,5.06
2024-06-18,5.2,5.35,5.2,5.25,17056.0,4.91,4.95755150837207,0.1821676393357512,76.0806910287437,0.08999999999999986,5.489355358634863,4.330644641365137,0.32216428571428574,27441.45,6967210.0,5.2,5.18,5.16
2024-06-20,5.21,5.27,5.1007,5.18,30344.0,4.9195,4.978737079003301,0.1780418961963406,67.0068020829284,0.02999999999999936,5.510492920075132,4.328507079924869,0.30354285714285706,28091.45,6936866.0,5.25,4.965,5.15
2024-06-21,5.08,5.4238,5.08,5.38,52662.0,4.9545,5.016952595288702,0.18873492460648666,67.22972909377282,0.41000000000000014,5.568245189712083,4.340754810287918,0.3123857142857142,29362.8,6989528.0,5.18,5.12,4.97
2024-06-24,5.43,5.84,5.43,5.56,58008.0,5.0065,5.068671395737397,0.2093208022328552,67.0068020829284,0.5799999999999992,5.641116336645082,4.371883663354918,0.31953571428571426,30733.5,7047536.0,5.38,5.11,4.98
2024-06-25,5.59,5.84,5.4,5.46,36887.0,5.0520000000000005,5.105940786619549,0.21508670869849578,60.20408105928085,0.3700000000000001,5.67925299185373,4.424747008146271,0.32809999999999995,30217.35,7010649.0,5.56,5.2,5.09
2024-06-26,5.48,5.8,5.48,5.78,55694.0,5.1245,5.170136902179593,0.2426800914385714,67.69662868103774,0.6000000000000005,5.735357033838077,4.513642966161924,0.31115714285714274,31691.4,7066343.0,5.46,5.25,5.18
2024-06-27,5.9,5.98,5.3101,5.39,52416.0,5.17675,5.191076244829155,0.2304221427138522,60.552763393096136,0.4249999999999998,5.675319268797678,4.678180731202322,0.3290071428571427,33627.45,7013927.0,5.78,5.18,4.965
2024-06-28,5.39,5.8,5.39,5.59,28335.0,5.22225,5.229068983416854,0.23414685916801137,63.99082527712313,0.46999999999999975,5.6953859546461505,4.749114045353849,0.3443642857142856,34375.35,7042262.0,5.39,5.38,5.12
2024-07-01,5.68,5.84,5.43,5.655,89578.0,5.2615,5.269633842139059,0.23958192916994392,63.23184970246095,0.5449999999999999,5.741786098947369,4.781213901052631,0.34722142857142846,37519.3,7131840.0,5.59,5.56,5.11
2024-07-02,5.73,5.73,5.325,5.43,79855.0,5.28,5.2849068095543865,0.2231611786968397,55.506607587183915,0.22999999999999954,5.756091543607648,4.803908456392352,0.35687142857142845,39720.1,7051985.0,5.655,5.46,5.2
2024-07-03,5.49,5.49,5.08,5.25,29532.0,5.2844999999999995,5.281582351501588,0.19339379676698432,56.37583857303726,0.0,5.7575071769790185,4.811492823020981,0.3590142857142856,38707.55,7022453.0,5.43,5.78,5.25
2024-07-05,5.15,5.1999,4.61,4.96,62856.0,5.275,5.250955460882389,0.14473395300351832,46.624472298420834,-0.21999999999999975,5.76664600016034,4.783353999839661,0.3844857142857142,40333.9,6959597.0,5.25,5.39,5.18
2024-07-08,5.06,5.5,5.06,5.5,64935.0,5.3015,5.2746739884174,0.14803767680803404,56.72413765719381,0.1200000000000001,5.780908626934188,4.8220913730658115,0.3877071428571428,41623.25,7024532.0,4.96,5.59,5.38
2024-07-09,5.5,5.5,5.29,5.29,19823.0,5.317,5.2761336085681245,0.13218688869893658,51.49006598646989,-0.2699999999999996,5.7720696881276625,4.861930311872338,0.38413571428571425,42064.65,7004709.0,5.5,5.655,5.56
2024-07-10,5.28,5.39,5.195,5.26,13562.0,5.3255,5.27459707441878,0.11586861439612939,50.16666643255556,-0.20000000000000018,5.768918538178069,4.88208146182193,0.38734999999999997,41929.35,6991147.0,5.29,5.43,5.46
2024-07-11,5.31,5.47,5.31,5.44,16882.0,5.338500000000001,5.290349733997943,0.1161221758863844,54.18006406478428,-0.33999999999999986,5.7791944280874725,4.897805571912529,0.38668571428571424,42252.1,7008029.0,5.26,5.25,5.78
2024-07-12,5.5,5.72,5.27,5.46,52770.0,5.36325,5.306506902188615,0.11659294712067503,51.36518746787964,0.07000000000000028,5.769908721521436,4.956591278478563,0.39427142857142855,43039.0,7060799.0,5.44,4.96,5.39
2024-07-15,5.46,5.69,5.4,5.48,54304.0,5.38125,5.323030054361128,0.11722853201562966,48.55595643329121,-0.10999999999999943,5.774212767755522,4.988287232244478,0.3857,44564.85,7115103.0,5.46,5.5,5.59
2024-07-16,5.58,5.72,5.51,5.71,27303.0,5.41125,5.3598843348981635,0.13473813797397405,54.31034456539833,0.054999999999999716,5.808608051450586,5.013891948549414,0.3692714285714286,45194.5,7142406.0,5.48,5.29,5.655
2024-07-17,5.72,6.2426,5.72,6.05,65939.0,5.453749999999999,5.425609636336434,0.17404351988284095,54.623287409340385,0.6200000000000001,5.929972802787425,4.977527197212574,0.3837428571428573,45437.05,7208345.0,5.71,5.26,5.43
2024-07-18,6.29,6.47,5.81,5.83,59269.0,5.48275,5.464123004304392,0.185305075341879,57.99999970472728,0.5800000000000001,5.977027516338614,4.988472483661386,0.3830357142857144,47547.7,7149076.0,6.05,5.44,5.25
2024-07-19,5.81,6.17,5.47,5.48,41888.0,5.49775,5.4656350991325455,0.16409626474693262,48.10344804363854,0.5200000000000005,5.97110838208984,5.02439161791016,0.4037500000000001,48124.9,7107188.0,5.83,5.46,4.96
2024-07-22,5.39,5.67,4.84,5.06,66278.0,5.48175,5.427003184929446,0.11210535894258822,40.86021487802058,-0.4400000000000004,5.99205718303058,4.97144281696942,0.43375000000000014,48805.7,7040910.0,5.48,5.48,5.5
2024-07-23,5.1,5.12,4.76,4.96,39420.0,5.4517500000000005,5.382526691126642,0.06211698138175503,42.492012589492596,-0.33000000000000007,6.010896671276845,4.8926033287231565,0.4305357142857144,47876.3,7001490.0,5.06,5.71,5.29
2024-07-24,4.95,4.95,4.65,4.69,28721.0,5.41325,5.316571768162199,0.0007059507979763069,41.30434764650284,-0.5699999999999994,6.0678875051567625,4.758612494843237,0.4226785714285715,47468.0,6972769.0,4.96,6.05,5.26
2024-07-25,4.7,5.0699,4.66,4.88,54688.0,5.36825,5.274993504527704,-0.03225945440403777,48.71794849934254,-0.5600000000000005,6.040240562277068,4.696259437722931,0.4098214285714286,47417.7,7027457.0,4.69,5.83,5.44
2024-07-26,4.88,5.035,4.725,4.82,33224.0,5.33975,5.23166078981078,-0.0625057467371315,37.12121192435721,-0.6399999999999997,6.054824342840974,4.624675657159027,0.40053571428571433,46458.1,6994233.0,4.88,5.48,5.46
2024-07-29,4.79,5.12,4.79,4.93,45765.0,5.30675,5.202931190781182,-0.07671573936006837,42.91338559024117,-0.5500000000000007,6.034010722089895,4.579489277910105,0.40910714285714295,47329.6,7039998.0,4.82,5.06,5.48
2024-07-30,4.93,5.0,4.9101,4.97,28947.0,5.2725,5.180747267849641,-0.0837837878381249,44.31372524690503,-0.7400000000000002,5.995210541168294,4.549789458831706,0.4016000000000001,44298.05,7068945.0,4.93,4.96,5.71
2024-07-31,3.52,4.08,3.1,3.35,344498.0,5.1685,5.006390385197294,-0.2175974006597139,23.80952372598159,-2.6999999999999997,6.2863791008917325,4.050620899108267,0.4601714285714286,57530.2,6724447.0,4.97,4.69,6.05
2024-08-01,3.34,3.415,2.75,2.82,178677.0,5.047,4.798162729464218,-0.3622365855548013,20.666666602370356,-3.0100000000000002,6.579072555654418,3.514927444345582,0.47552857142857147,64987.45,6545770.0,3.35,4.88,5.83
2024-08-02,2.79,2.96,2.68,2.83,85837.0,4.9405,4.610718659991436,-0.4706321112049867,20.489977664396477,-2.6500000000000004,6.76605514267506,3.1149448573249403,0.4748142857142858,66136.5,6631607.0,2.82,4.82,5.48
2024-08-05,2.67,2.69,2.495,2.55,162221.0,4.793,4.414459739992251,-0.5725302339887213,15.198237838595716,-2.51,6.885413363609237,2.7005866363907636,0.4737428571428572,71000.8,6469386.0,2.83,4.93,5.06
2024-08-06,2.56,2.7,2.53,2.53,63190.0,4.654999999999999,4.234987383802513,-0.6474358260909905,8.293838835044127,-2.43,6.962411399907058,2.347588600092941,0.44855714285714293,73169.15,6406196.0,2.55,4.97,4.96
2024-08-07,2.54,2.61,2.36,2.48,50444.0,4.516,4.067845728202274,-0.702732961479203,8.641975278768456,-2.2100000000000004,6.9982689111714755,2.033731088828524,0.41927142857142863,75013.25,6355752.0,2.53,3.35,4.69
2024-08-08,2.45,2.66,2.43,2.6,21135.0,4.374,3.928050896944914,-0.7284759255499464,12.303664876373986,-2.28,6.956609043909708,1.7913909560902912,0.38570000000000004,75225.9,6376887.0,2.48,2.82,4.88
2024-08-09,2.6,2.7,2.41,2.42,46988.0,4.2219999999999995,3.7844270019977793,-0.7547021688875915,13.128491568771253,-2.4000000000000004,6.891851957259844,1.5521480427401548,0.3471285714285714,74936.8,6329899.0,2.6,2.83,4.82
2024-08-12,2.41,2.6,2.41,2.52,26642.0,4.074,3.6640053827598957,-0.7586719929457124,15.921787647233216,-2.4099999999999997,6.778175329102448,1.3698246708975517,0.3349857142857143,73553.7,6356541.0,2.42,2.55,4.93
2024-08-13,2.55,2.77,2.52,2.65,46137.0,3.9210000000000003,3.567433441544668,-0.7427660489199255,20.348837126487282,-2.32,6.581343468129835,1.2606565318701657,0.3314142857142857,74495.4,6402678.0,2.52,2.53,4.97
2024-08-14,2.65,2.8699,2.65,2.79,20026.0,3.7580000000000005,3.4933921613975567,-0.7106714654443342,19.174041218750276,-0.56,6.264115467579684,1.2518845324203172,0.3178428571428572,72199.75,6422704.0,2.65,2.48,3.35
2024-08-15,2.79,3.062,2.79,2.96,47423.0,3.6144999999999996,3.4425929079311226,-0.6638660628396487,23.42857133485714,0.14000000000000012,5.943479672687056,1.2855203273129434,0.31512857142857137,71607.45,6470127.0,2.79,2.6,2.82
2024-08-16,3.05,3.24,2.99,3.17,54136.0,3.499,3.416631678604349,-0.602877601404507,25.55555545617284,0.33999999999999986,5.661619269604152,1.336380730395848,0.3094142857142857,72219.85,6524263.0,2.96,2.42,2.83
2024-08-19,3.15,3.48,3.15,3.41,86020.0,3.4165,3.4160000901658396,-0.5290789196493546,29.47368410193907,0.8600000000000003,5.450446384430249,1.3825536155697509,0.3265642857142857,73206.95,6610283.0,3.17,2.52,2.55
2024-08-20,3.43,3.5209,3.39,3.4,49329.0,3.3385,3.414476272054807,-0.46602777104115045,51.141552184483224,0.8700000000000001,5.238453185018831,1.4385468149811687,0.2659142857142857,73702.4,6560954.0,3.41,2.65,2.53
2024-08-21,3.46,3.46,3.33,3.39,29161.0,3.2735,3.412145198525778,-0.4121155859938037,67.06586770124423,0.9100000000000001,5.064604040587975,1.4823959594120246,0.22769999999999999,73724.4,6531793.0,3.4,2.79,2.48
2024-08-22,3.365,3.55,3.3226,3.4,29954.0,3.1995,3.410988512951894,-0.36438249986306115,67.0658677012442,0.7999999999999998,4.825854981643256,1.5731450183567437,0.22394285714285714,72487.7,6561747.0,3.39,2.96,2.6
2024-08-23,3.4,3.6,3.3512,3.55,26421.0,3.136,3.4242277021945706,-0.31086646372788707,82.46753171782763,1.13,4.585506631128075,1.6864933688719255,0.22778571428571429,72147.55,6588168.0,3.4,3.17,2.42
2024-08-26,3.54,3.56,3.44,3.5,30424.0,3.0645,3.4314441115093732,-0.26938391161192143,80.89171902389552,0.98,4.260272817712043,1.8687271822879565,0.2242142857142857,71380.5,6557744.0,3.55,3.41,2.52
2024-08-27,3.4811,3.55,3.43,3.52,17850.0,2.992,3.439878005651338,-0.23221799287083478,83.76623300472255,0.8700000000000001,3.820863521239872,2.163136478760128,0.21492857142857139,70825.65,6575594.0,3.5,3.4,2.65
2024-08-28,3.56,3.56,3.42,3.42,11103.0,2.9955,3.437984862255972,-0.2084302446476345,76.97368350155817,0.6299999999999999,3.831290832558917,2.1597091674410827,0.20849999999999996,54155.9,6564491.0,3.52,3.39,2.79
2024-08-29,3.42,3.47,3.0849,3.09,27756.0,3.009,3.404843446803022,-0.2137426328436196,70.05987965219262,0.1299999999999999,3.841571160227256,2.176428839772744,0.21529285714285712,46609.85,6536735.0,3.42,3.4,2.96
2024-08-30,2.99,3.01,2.78,2.89,132865.0,3.012,3.355810737583687,-0.2314233628170177,60.451976922978716,-0.2799999999999998,3.8422846690015424,2.1817153309984576,0.21814999999999998,48961.25,6403870.0,3.09,3.55,3.17
2024-09-03,2.83,2.99,2.46,2.96,86632.0,3.0324999999999998,3.3181144768614312,-0.2370544377228243,59.06432700181253,-0.4500000000000002,3.8345204748666433,2.2304795251333562,0.23815,45181.8,6490502.0,2.89,3.5,3.41
2024-09-04,2.87,2.96,2.71,2.73,46317.0,3.0425,3.2621035743032,-0.2571123518150613,48.33333295740741,-0.6699999999999999,3.822833936614083,2.262166063385917,0.24029999999999999,44338.15,6444185.0,2.96,3.52,3.4
2024-09-05,2.7,2.8,2.52,2.55,37559.0,3.0460000000000003,3.1942841862743236,-0.2842561608371468,38.6740328500351,-0.8400000000000003,3.8162740455598976,2.275725954440103,0.24087142857142857,43693.9,6406626.0,2.73,3.42,3.39
2024-09-06,2.6,2.64,2.42,2.44,57749.0,3.038,3.1224475971053405,-0.31105822020161167,28.65497052563181,-0.96,3.830772616235377,2.2452273837646226,0.23872857142857143,45524.6,6348877.0,2.55,3.09,3.4
2024-09-09,2.4,2.47,2.38,2.41,100051.0,3.0375,3.05459544500007,-0.33090532403115924,16.66666651111109,-1.1399999999999997,3.8319246511254814,2.2430753488745188,0.2215857142857143,48177.75,6248826.0,2.44,2.89,3.55
2024-09-10,2.37,2.4,2.35,2.39,27740.0,3.0309999999999997,2.991300640714349,-0.34427949000502966,16.556291237226432,-1.1099999999999999,3.8451356410975484,2.216864358902451,0.21580714285714286,48232.65,6221086.0,2.41,2.96,3.5
2024-09-11,2.38,2.38,2.27,2.33,28571.0,3.015,2.9283196273129826,-0.3556207369635094,16.02564088182116,-1.19,3.872106515520342,2.1578934844796582,0.21437857142857145,47354.35,6192515.0,2.39,2.73,3.52
2024-09-12,2.36,2.555,2.33,2.49,62569.0,3.0,2.886574900902222,-0.3476901385773603,23.39181267398517,-0.9299999999999997,3.883771820991709,2.116228179008291,0.21420714285714287,49481.5,6255084.0,2.33,2.55,3.42
2024-09-13,2.43,2.65,2.4,2.64,47939.0,2.984,2.8630915770067724,-0.32554861404786095,23.39181267398517,-0.44999999999999973,3.8822884309970895,2.0857115690029104,0.21429285714285715,49507.3,6303023.0,2.49,2.44,3.09
2024-09-16,2.69,2.77,2.61,2.77,33353.0,2.964,2.854225712529937,-0.29412093968524156,29.608938315907736,-0.1200000000000001,3.862663334888956,2.065336665111044,0.21715,48468.15,6336376.0,2.64,2.41,2.89
2024-09-17,2.7,2.83,2.69,2.7,21296.0,2.9285,2.8395375494318476,-0.27173035789394895,27.717391093454623,-0.2599999999999998,3.8088892679706814,2.048110732029319,0.21857857142857148,45231.95,6315080.0,2.77,2.39,2.96
2024-09-18,2.72,2.7345,2.64,2.64,7519.0,2.8905,2.8205339732954813,-0.255877561813012,28.33333311296296,-0.08999999999999986,3.750572824334052,2.0304271756659475,0.21532857142857148,43141.45,6307561.0,2.7,2.33,2.73
2024-09-19,2.64,2.71,2.59,2.63,33003.0,2.8525,2.8023878806006737,-0.24133901717040152,34.459459133491606,0.08000000000000007,3.6864096252939857,2.0185903747060143,0.1963928571428572,43333.55,6274558.0,2.64,2.49,2.55
2024-09-20,2.64,2.75,2.58,2.73,20478.0,2.819,2.795493796733943,-0.21922090934959515,44.20289810228943,0.29000000000000004,3.6131867737371413,2.0248132262628586,0.1921071428571429,42859.75,6295036.0,2.63,2.64,2.44
2024-09-23,2.78,2.84,2.73,2.73,33818.0,2.778,2.789256292283091,-0.1993936635144764,41.221373605267765,0.31999999999999984,3.494118190774371,2.0618818092256292,0.16210714285714287,43229.6,6295036.0,2.73,2.77,2.41
2024-09-24,2.7301,2.7301,2.57,2.7,12350.0,2.7380000000000004,2.7807556930180346,-0.1839803664808577,48.64864803506211,0.31000000000000005,3.3685753429670084,2.1074246570329924,0.15568571428571434,42325.9,6282686.0,2.73,2.7,2.39
2024-09-25,2.7,2.7999,2.6001,2.66,7412.0,2.695,2.769255150825841,-0.17299866234902828,55.67010228929751,0.33000000000000007,3.2072293894033095,2.18277061059669,0.14995714285714293,41804.0,6275274.0,2.7,2.64,2.33
2024-09-26,2.66,2.81,2.6,2.8,20083.0,2.664,2.7721832316995703,-0.1512551772056141,67.999999048,0.3099999999999996,3.051292898816583,2.2767071011834172,0.1492428571428572,42253.0,6295357.0,2.66,2.63,2.49
2024-09-27,2.78,2.83,2.69,2.74,32748.0,2.6465,2.7691181620138967,-0.1372823022102052,66.01941657837688,0.10000000000000009,2.980740694867234,2.3122593051327662,0.15281428571428576,42502.6,6262609.0,2.8,2.73,2.64
2024-09-30,2.66,2.85,2.66,2.85,24672.0,2.6445,2.776821194203049,-0.11599549357098082,70.53571340401788,0.08000000000000007,2.9730358267735078,2.315964173226492,0.16281428571428577,37092.95,6287281.0,2.74,2.73,2.77
2024-10-01,2.8499,2.92,2.78,2.88,27715.0,2.6405000000000003,2.786647747136092,-0.09560274613503594,75.22935683191653,0.17999999999999972,2.9544879313806507,2.32651206861935,0.16495714285714294,34147.1,6314996.0,2.85,2.7,2.7
2024-10-02,2.8799,3.1996,2.8799,3.04,55556.0,2.656,2.8107765331231307,-0.06577249961321696,75.22935683191653,0.3999999999999999,3.0158479210942555,2.296152078905745,0.17172142857142864,34609.05,6370552.0,2.88,2.66,2.64
2024-10-03,3.0445,3.19,2.83,3.19,23688.0,2.6879999999999997,2.8468930537780706,-0.029685867727978987,75.22935683191653,0.56,3.115605327129516,2.2603946728704836,0.1795785714285715,33915.5,6394240.0,3.04,2.8,2.63
2024-10-04,3.2,3.21,3.0197,3.03,29675.0,2.7175000000000002,2.8643318105611115,-0.013838097814660166,61.60714208705358,0.2999999999999998,3.154372858778052,2.2806271412219483,0.1817428571428572,32511.8,6364565.0,3.19,2.74,2.73
2024-10-07,3.08,3.08,2.8038,3.02,29537.0,2.748,2.879157352412434,-0.002061775542772981,65.09433876290497,0.29000000000000004,3.1796236177139594,2.316376382286041,0.19147142857142865,28986.1,6335028.0,3.03,2.85,2.73
2024-10-08,3.0183,3.035,2.91,3.02,9981.0,2.7795,2.892570937896964,0.007188183793232827,68.99999903400003,0.31999999999999984,3.192676399183411,2.3663236008165893,0.19365000000000007,28098.15,6335028.0,3.02,2.88,2.7
2024-10-09,3.035,3.0838,2.92,3.0,18757.0,2.8129999999999997,2.9028022771448723,0.012757944711323965,68.31683073620238,0.33999999999999986,3.17863427226218,2.4473657277378194,0.1967785714285715,27607.45,6316271.0,3.02,3.04,2.66
2024-10-10,3.01,3.01,2.95,2.98,6137.0,2.8375,2.910154441226313,0.01538088623169287,63.44085926003009,0.18000000000000016,3.1767173654940053,2.4982826345059945,0.18892142857142863,24785.85,6310134.0,3.0,3.19,2.8
2024-10-11,3.0446,3.0446,2.93,2.95,42219.0,2.853,2.9139492563476166,0.014867454246516587,61.458332437066005,0.20999999999999996,3.1824077620279647,2.5235922379720357,0.18925000000000006,24499.85,6267915.0,2.98,3.03,2.74
2024-10-14,2.94,3.1,2.8801,3.01,16208.0,2.8649999999999998,2.923096946219272,0.01908208782781662,65.656564728089,0.1599999999999997,3.1991288752311284,2.530871124768871,0.1935214285714286,23642.6,6284123.0,2.95,3.02,2.85
2024-10-15,3.0685,3.1,2.94,2.98,6367.0,2.8790000000000004,2.9285162846745796,0.019773529091549946,66.32652966472307,0.10000000000000009,3.207434884998947,2.5505651150010538,0.19067857142857145,22896.15,6277756.0,3.01,3.02,2.88
2024-10-16,2.98,3.0997,2.8601,3.0,24997.0,2.8970000000000002,2.9353242575627148,0.02168535880991085,61.62790597349923,-0.040000000000000036,3.209349332099843,2.5846506679001573,0.19279285714285715,23770.05,6302753.0,2.98,3.0,3.04
2024-10-17,3.02,3.115,3.01,3.02,7226.0,2.9165,2.9433886139853134,0.024531546095651446,67.07316958655565,-0.16999999999999993,3.206565328395004,2.626434671604996,0.19029285714285718,22481.2,6309979.0,3.0,2.98,3.19
2024-10-18,2.99,3.14,2.98,3.03,12889.0,2.9315,2.9516373174152837,0.02727962392809813,62.499998784722244,0.0,3.211821244289581,2.6511787557104194,0.18815000000000004,22101.75,6322868.0,3.02,2.95,3.03
2024-10-21,3.03,3.065,2.98,3.0,10593.0,2.945,2.9562432871852566,0.026728635062651218,58.333332199074114,-0.020000000000000018,3.2100521299273135,2.679947870072686,0.1842214285714286,20940.5,6312275.0,3.03,3.01,3.02
2024-10-22,2.9999,2.9999,2.84,2.91,17219.0,2.9555000000000002,2.951839164596185,0.01881286162049145,39.99999913846154,-0.10999999999999988,3.195102741395562,2.7158972586044383,0.17280714285714288,21183.95,6295056.0,3.0,2.98,3.02
2024-10-23,2.91,2.915,2.77,2.81,24459.0,2.963,2.9383306727298812,0.0044194452586019395,18.33333290555551,-0.18999999999999995,3.1709574855337777,2.7550425144662225,0.15745000000000003,22036.3,6270597.0,2.91,3.0,3.0
2024-10-24,2.77,2.84,2.74,2.84,15574.0,2.9650000000000003,2.928965846755607,-0.004514649557830097,29.78723315527384,-0.14000000000000012,3.167042205075169,2.7629577949248314,0.151,21810.85,6286171.0,2.81,3.02,2.98
2024-10-25,2.8725,2.9,2.85,2.8556,3611.0,2.97078,2.9219786232550726,-0.010218403051544644,32.716567581934456,-0.09440000000000026,3.1511744169986087,2.7903855830013913,0.1348428571428571,20354.0,6289782.0,2.84,3.03,2.95
2024-10-28,2.85,2.93,2.8,2.8328,24742.0,2.96992,2.9134854210403036,-0.016389510169936283,31.2199028148502,-0.17719999999999958,3.1528845188498367,2.7869554811501636,0.1352,20357.5,6265040.0,2.8556,3.0,3.01
2024-10-29,2.85,2.885,2.76,2.77,15287.0,2.9644199999999996,2.899820142845989,-0.026047334719375925,28.750923129133483,-0.20999999999999996,3.164571769783397,2.764268230216602,0.1324285714285714,19736.1,6249753.0,2.8328,2.91,2.98
2024-10-30,2.885,2.885,2.75,2.76,11511.0,2.95042,2.8865039387654186,-0.034114891449331,29.29216790269129,-0.2400000000000002,3.166822973031565,2.7340170269684347,0.13778571428571426,17533.85,6238242.0,2.77,2.81,3.0
2024-10-31,2.72,2.78,2.65,2.69,14599.0,2.92542,2.867789277930617,-0.045630898671315645,27.24089569087434,-0.33000000000000007,3.140808839079603,2.710031160920397,0.13888571428571428,17079.4,6223643.0,2.76,2.84,3.02
2024-11-01,2.71,2.79,2.6501,2.7,9863.0,2.9089199999999997,2.8518093466991297,-0.05333568041308956,20.260935756613392,-0.3299999999999996,3.1405257775846405,2.677314222415359,0.13317142857142855,16088.8,6233506.0,2.69,2.8556,3.03
2024-11-04,2.8,3.24,2.8,2.94,142720.0,2.90492,2.8602084565373076,-0.039619077157826865,47.26476933574019,-0.06000000000000005,3.1311490744031882,2.678690925596812,0.15317142857142857,21747.95,6376226.0,2.7,2.8328,3.0
2024-11-05,2.88,3.14,2.88,2.99,29512.0,2.9034199999999997,2.872569555914707,-0.024432347232428153,49.34314149920655,0.08000000000000007,3.126816401045451,2.6800235989545484,0.15462857142857148,22724.5,6405738.0,2.94,2.77,2.91
2024-11-06,3.13,3.15,2.8,2.95,64831.0,2.90092,2.8799438839228304,-0.01544636398905519,45.51971244588329,0.14000000000000012,3.120857920427937,2.6809820795720634,0.17212857142857144,25028.2,6340907.0,2.99,2.76,2.81
2024-11-07,3.0,3.1,2.97,3.03,18060.0,2.90342,2.8942349425968463,-0.0018482704053921495,49.999999177631594,0.18999999999999995,3.128225540295226,2.6786144597047743,0.16998571428571427,25624.35,6358967.0,2.95,2.69,2.84
2024-11-08,3.04,3.0983,2.99,3.06,7432.0,2.9089199999999997,2.910022090920956,0.011219731922591514,53.52443520988946,0.20440000000000014,3.143685671300368,2.6741543286996317,0.17165,23885.0,6366399.0,3.03,2.7,2.8556
2024-11-11,3.006,3.09,2.91,2.93,11183.0,2.90492,2.911924748928484,0.010959964721821258,51.12208178219352,0.09719999999999995,3.1351158305902014,2.674724169409799,0.17308571428571426,23633.75,6355216.0,3.06,2.94,2.8328
2024-11-12,2.88,2.907,2.81,2.87,20557.0,2.89942,2.9079319156972,0.005845218741512781,53.52443520988946,0.10000000000000009,3.1273075401320325,2.6715324598679677,0.1696571428571428,24343.25,6334659.0,2.93,2.99,2.77
2024-11-13,2.87,2.92,2.79,2.79,11048.0,2.8889199999999997,2.896700304678419,-0.004610439433808455,47.2259202605827,0.03000000000000025,3.1166464619532492,2.66119353804675,0.17179999999999998,23645.8,6323611.0,2.87,2.95,2.76
2024-11-14,2.84,2.84,2.725,2.74,27319.0,2.8749200000000004,2.8817764661376173,-0.016738257782726418,43.82214556059211,0.050000000000000266,3.1031429159582413,2.6466970840417594,0.17644285714285712,24650.45,6296292.0,2.79,3.03,2.69
2024-11-15,2.79,3.05,2.67,2.67,85535.0,2.85692,2.8616072788864155,-0.03163340597307185,41.71754112327474,-0.03000000000000025,3.090369858022206,2.623470141977794,0.19429999999999994,28282.75,6210757.0,2.74,3.06,2.7
2024-11-18,2.85,2.85,2.52,2.57,54630.0,2.83542,2.833835157087709,-0.05092010719369666,40.19607787966167,-0.3700000000000001,3.091493867632512,2.579346132367488,0.2089428571428571,30484.6,6156127.0,2.67,2.93,2.94
2024-11-19,2.52,2.66,2.52,2.57,29364.0,2.8184199999999997,2.8087079992698323,-0.06545048442132195,40.59405884325067,-0.4200000000000004,3.097735430821142,2.5391045691788574,0.20929999999999999,31091.85,6156127.0,2.57,2.87,2.99
2024-11-20,2.62,2.77,2.51,2.65,29576.0,2.81042,2.7935929517203246,-0.06970704225585278,48.039215026912736,-0.30000000000000027,3.099737044088425,2.521102955911575,0.2185857142857143,31347.7,6185703.0,2.57,2.79,2.95
2024-11-21,2.59,2.79,2.59,2.75,28292.0,2.80592,2.789441242032675,-0.06427036201506287,52.25225159321484,-0.2799999999999998,3.09609826535472,2.51574173464528,0.22287857142857145,31983.6,6213995.0,2.65,2.74,3.03
2024-11-22,2.7601,2.81,2.6,2.7,19602.0,2.79814,2.7809230285057533,-0.06326703291454328,36.95652117674861,-0.3599999999999999,3.091040790820411,2.505239209179589,0.20645,32783.15,6194393.0,2.75,2.67,3.06
2024-11-25,2.68,2.75,2.61,2.68,37316.0,2.7904999999999998,2.7713113115052055,-0.06335539862877981,32.584269150359816,-0.25,3.0875362373782935,2.493463762621706,0.1978785714285714,33411.85,6157077.0,2.7,2.57,2.93
2024-11-26,2.65,2.83,2.6185,2.78,97017.0,2.791,2.772138805647567,-0.05472542420401627,41.05263097396121,-0.0900000000000003,3.0879245872715497,2.49407541272845,0.18798571428571426,37498.35,6254094.0,2.68,2.57,2.87
2024-11-27,2.68,2.82,2.6,2.72,55998.0,2.789,2.7671732051097035,-0.052126721458630065,33.33333283154124,-0.06999999999999984,3.0873392629030554,2.490660737096945,0.19441428571428568,39722.7,6198096.0,2.78,2.65,2.79
2024-11-29,2.8,2.87,2.78,2.8,18446.0,2.7945,2.770299566527827,-0.043114897695638366,36.73469335276966,0.05999999999999961,3.0891880598728823,2.499811940127118,0.19310714285714287,39915.05,6216542.0,2.72,2.75,2.74
2024-12-02,2.75,2.79,2.64,2.685,67440.0,2.79375,2.7621757982870814,-0.04473680332067298,37.305698940642685,0.015000000000000124,3.08952507457003,2.4979749254299706,0.19096428571428573,42793.9,6149102.0,2.8,2.7,2.67
2024-12-03,2.69,2.75,2.52,2.75,63177.0,2.7842499999999997,2.7610161984502164,-0.04031252079533321,43.814432357317465,0.18000000000000016,3.072352229663199,2.4961477703368002,0.20046428571428573,38816.75,6212279.0,2.685,2.68,2.57
2024-12-04,2.75,2.79,2.6141,2.71,37553.0,2.77025,2.756157512883529,-0.03957768382196569,45.698924043241995,0.14000000000000012,3.0430613865505696,2.49743861344943,0.20374285714285717,39218.8,6174726.0,2.75,2.78,2.57
2024-12-05,2.67,2.67,2.45,2.45,52745.0,2.74525,2.726999654513669,-0.059291669853368756,37.28070129655278,-0.19999999999999973,3.039501503595967,2.450998496404033,0.21124285714285715,38614.5,6121981.0,2.71,2.72,2.65
2024-12-06,2.4,2.5,2.4,2.5,33266.0,2.71875,2.7053806397980815,-0.0700728079708175,42.41071375558035,-0.25,3.0002100093124646,2.4372899906875354,0.1912428571428572,39374.8,6155247.0,2.45,2.8,2.75
2024-12-09,2.46,2.47,2.421,2.43,28699.0,2.6872499999999997,2.6791539121982644,-0.08330506366999701,43.57798109165896,-0.27,2.948168922676365,2.4263310773236344,0.1711714285714286,40438.15,6126548.0,2.5,2.685,2.7
2024-12-10,2.45,2.45,2.34,2.37,36523.0,2.6592499999999997,2.6497106824650962,-0.09750919490245158,41.30434732325141,-0.31000000000000005,2.9304709237388478,2.3880290762611516,0.1690285714285715,41705.15,6090025.0,2.43,2.75,2.68
2024-12-11,2.38,2.58,2.37,2.49,83243.0,2.64025,2.634500141277944,-0.097953922279431,43.277310415224925,-0.2899999999999996,2.9023965038366044,2.3781034961633956,0.1654571428571429,44839.45,6173268.0,2.37,2.71,2.78
2024-12-12,2.5,2.515,2.37,2.39,60571.0,2.62025,2.6112144135371875,-0.10516327937216063,34.87394916955016,-0.33000000000000007,2.8950221544155754,2.3454778455844245,0.16152857142857147,47315.6,6112697.0,2.49,2.45,2.72
2024-12-13,2.36,2.42,2.03,2.14,257951.0,2.59025,2.56633685034317,-0.12955621408157247,29.856114807204577,-0.6599999999999997,2.9326636464325433,2.247836353567457,0.17438571428571434,58847.2,5854746.0,2.39,2.5,2.8
2024-12-16,2.15,2.19,2.075,2.09,61464.0,2.56125,2.5209714360247726,-0.15117966761080437,29.22535182453875,-0.5950000000000002,2.96751508069184,2.1549849193081596,0.17260000000000003,57643.65,5793282.0,2.14,2.43,2.685
2024-12-17,2.0,2.02,1.64,1.65,311969.0,2.5152500000000004,2.4380217754509848,-0.20149798969081267,17.897727130358973,-1.1,3.0905254488984726,1.939974551101528,0.1846357142857143,70510.6,5481313.0,2.09,2.37,2.75
2024-12-18,1.61,1.65,1.5001,1.51,94668.0,2.46225,2.3496387492175574,-0.24979299428692414,17.119565087133722,-1.2,3.1911025589113735,1.7333974410886266,0.17962857142857147,73775.8,5386645.0,1.65,2.49,2.71
2024-12-19,1.56,1.63,1.529,1.59,81780.0,2.4092499999999997,2.277292201673028,-0.2784025506595298,17.11956508713375,-0.8600000000000001,3.229097707295675,1.5894022927043245,0.18041428571428572,76386.0,5468425.0,1.51,2.39,2.45
2024-12-20,1.54,1.6199,1.54,1.54,54008.0,2.34875,2.2070738967517873,-0.30163337060205686,17.746478733267196,-0.96,3.2383381660989206,1.4591618339010792,0.17540714285714287,77671.8,5414417.0,1.59,2.14,2.5
2024-12-23,1.55,1.69,1.55,1.59,92228.0,2.29325,2.148304954203998,-0.3124081341399134,17.045454409865712,-0.8400000000000001,3.227928526215568,1.358571473784432,0.16897857142857145,81303.1,5506645.0,1.54,2.09,2.43
2024-12-24,1.62,1.62,1.58,1.61,40793.0,2.23975,2.0970378157083793,-0.31569425219219527,18.39080444972916,-0.76,3.2032659026902097,1.2762340973097903,0.15927142857142856,81476.95,5547438.0,1.59,1.65,2.37
2024-12-26,1.6,1.78,1.6,1.68,30970.0,2.18475,2.0573199284980577,-0.3090871452281214,25.16129009531737,-0.8100000000000003,3.1439902421215202,1.2255097578784802,0.15641428571428576,78174.6,5578408.0,1.61,1.51,2.49
2024-12-27,1.65,1.72,1.61,1.65,78800.0,2.13125,2.0185275543553853,-0.3027814386867156,22.222222018881638,-0.7400000000000002,3.0841286027501296,1.1783713972498706,0.15712857142857145,79314.7,5499608.0,1.68,1.59,2.39
2024-12-30,1.61,1.7977,1.6,1.725,99455.0,2.0774999999999997,1.9905725491786819,-0.28840766360514136,27.03583037231165,-0.41500000000000004,2.9920519466700557,1.1629480533299437,0.16774999999999998,83365.15,5599063.0,1.65,1.54,2.14
2024-12-31,1.72,1.81,1.7001,1.78,42151.0,2.0322500000000003,1.970518020685474,-0.2694719975029969,30.718953967277542,-0.30999999999999983,2.909017237910827,1.1554827620891737,0.16774285714285714,82100.7,5641214.0,1.725,1.59,2.09
2025-01-02,1.78,1.85,1.735,1.77,37070.0,1.9832500000000004,1.9514210663344764,-0.25236317651125373,24.64788708093633,0.1200000000000001,2.7985011721453144,1.1679988278546864,0.16095714285714283,80795.35,5604144.0,1.78,1.61,1.65
2025-01-03,1.79,1.93,1.79,1.89,68860.0,1.9422500000000003,1.9455714409692881,-0.22651024637229944,32.638888571566355,0.3799999999999999,2.6826515624539904,1.2018484375460101,0.16059999999999994,82360.7,5673004.0,1.77,1.68,1.51
2025-01-06,1.89,1.99,1.8802,1.9,43637.0,1.9147500000000002,1.9412313037341178,-0.20287606752984466,39.99999953333333,0.30999999999999983,2.6155425963921104,1.21395740360789,0.14058571428571423,81905.3,5716641.0,1.89,1.65,1.59
2025-01-07,1.88,1.94,1.825,1.84,38034.0,1.8817499999999998,1.9315902271880114,-0.18683360755322065,39.66942102861828,0.30000000000000004,2.526414539447575,1.2370854605524246,0.14058571428571426,82143.7,5678607.0,1.9,1.725,1.54
2025-01-08,1.84,1.87,1.7701,1.81,44066.0,1.8507500000000001,1.920010205551058,-0.17452873312648354,59.999998950000034,0.21999999999999997,2.4418085953676654,1.2596914046323346,0.1205785714285714,82912.05,5634541.0,1.84,1.78,1.59
2025-01-10,1.76,1.78,1.68,1.68,26220.0,1.8162500000000001,1.8971520907366715,-0.1732696009331507,60.75949259413557,0.06999999999999984,2.358204309591053,1.2742956904089473,0.1170142857142857,82396.9,5608321.0,1.81,1.77,1.61
2025-01-13,1.63,1.71,1.63,1.66,19591.0,1.7747499999999998,1.874566177333179,-0.17190396060010404,54.79451949709139,-0.020000000000000018,2.2175101822064334,1.331989817793566,0.1155142857142857,79214.3,5588730.0,1.68,1.89,1.68
2025-01-14,1.62,1.68,1.62,1.64,10341.0,1.73725,1.8522265413966859,-0.17047043657164673,57.142856000000016,-0.010000000000000009,2.075254593553498,1.399245406446502,0.11409285714285712,76702.8,5578389.0,1.66,1.9,1.65
2025-01-15,1.69,1.9,1.63,1.76,48256.0,1.71825,1.843443061263668,-0.1578319725998194,61.03895992916177,0.03499999999999992,1.998762219454458,1.437737780545542,0.12337857142857142,66218.05,5626645.0,1.64,1.84,1.725
2025-01-16,1.73,1.78,1.6346,1.7,33250.0,1.69875,1.829781817333795,-0.15091771196548254,55.55555459533608,-0.08000000000000007,1.9179801122231432,1.4795198877768567,0.13090714285714283,64807.35,5593395.0,1.76,1.81,1.78
2025-01-17,1.82,1.82,1.6899,1.71,13002.0,1.7017499999999999,1.8183740252067668,-0.1429829754347005,51.99999902933335,-0.06000000000000005,1.9198102282810954,1.4836897717189044,0.12734285714285715,49859.0,5606397.0,1.7,1.68,1.77
2025-01-21,1.7,1.81,1.68,1.69,30290.0,1.7107499999999998,1.8061479275680272,-0.13673230749252374,52.702701705624555,-0.19999999999999996,1.9094901106446702,1.5120098893553293,0.1287714285714286,46640.1,5576107.0,1.71,1.66,1.89
2025-01-22,1.7,1.73,1.67,1.67,9810.0,1.71475,1.793181458275834,-0.1318722991903334,45.98540052000641,-0.22999999999999998,1.9063492253585672,1.5231507746414328,0.1189357142857143,43041.6,5566297.0,1.69,1.64,1.9
2025-01-23,1.67,1.72,1.67,1.7,13824.0,1.72275,1.7843070336781355,-0.12416861976052274,43.9393930073462,-0.14000000000000012,1.8961213689715097,1.5493786310284903,0.11465714285714287,41032.4,5580121.0,1.67,1.76,1.84
2025-01-24,1.75,1.83,1.68,1.83,31414.0,1.73475,1.7886587447564084,-0.10634757610741885,53.84615287968444,0.020000000000000018,1.902568040558665,1.5669319594413351,0.11715714285714288,37991.7,5611535.0,1.7,1.7,1.81
2025-01-27,1.7,1.765,1.7,1.71,15127.0,1.7397500000000001,1.7811674357319887,-0.10074593135233689,38.46153777120318,0.030000000000000027,1.897579855090861,1.5819201449091393,0.11180000000000002,36708.4,5596408.0,1.83,1.71,1.68
2025-01-28,1.68,1.7,1.66,1.68,16510.0,1.7397500000000001,1.7715324418527516,-0.09760223895046494,36.24999936562502,0.020000000000000018,1.897579855090861,1.5819201449091393,0.10681428571428575,35985.4,5579898.0,1.71,1.69,1.66
2025-01-29,1.65,1.7899,1.65,1.67,10863.0,1.7407500000000002,1.7618626854858228,-0.09482467665326655,38.666665944888905,0.030000000000000027,1.896424255046613,1.5850757449533874,0.10859285714285719,32588.55,5569035.0,1.68,1.67,1.64
2025-01-30,1.67,1.7,1.63,1.64,13845.0,1.7365000000000002,1.750256715439554,-0.09396106315371466,38.666665944888905,-0.1200000000000001,1.8984974008891635,1.5745025991108368,0.1064571428571429,28308.05,5555190.0,1.67,1.7,1.76
2025-01-31,1.66,1.6989,1.61,1.61,18324.0,1.7280000000000002,1.7368989330167395,-0.09460682393721398,44.615383654437906,-0.08999999999999986,1.898027861494281,1.5579721385057195,0.10566428571428575,27116.7,5536866.0,1.64,1.83,1.7
2025-02-03,1.6,1.61,1.54,1.58,23994.0,1.7185,1.7219561774913357,-0.096427783822437,43.939393007346226,-0.1299999999999999,1.8995234064542998,1.5374765935457,0.10495000000000003,26462.9,5512872.0,1.61,1.71,1.71
2025-02-04,1.6,1.6395,1.58,1.59,20822.0,1.7034999999999996,1.7093889224921608,-0.09595784887413683,46.15384515976335,-0.09999999999999987,1.8741057319950951,1.532894268004904,0.10491428571428575,24061.0,5533694.0,1.58,1.68,1.69
2025-02-05,1.57,1.62,1.57,1.62,8772.0,1.6895,1.7008756917786216,-0.0921029670898661,37.499999062500045,-0.04999999999999982,1.8365374102060739,1.5424625897939261,0.08920000000000004,22317.75,5542466.0,1.59,1.67,1.67
2025-02-06,1.6,1.6099,1.57,1.57,21465.0,1.6760000000000002,1.6884113401806577,-0.09202175808976909,38.1818172099174,-0.1299999999999999,1.8141684707735424,1.537831529226458,0.08166428571428576,21489.3,5521001.0,1.62,1.64,1.7
2025-02-07,1.59,1.6351,1.535,1.555,44121.0,1.6632500000000001,1.6757054982586903,-0.09210603299750209,36.03603512701894,-0.27500000000000013,1.7963220026709115,1.5301779973290888,0.07952142857142862,21492.05,5476880.0,1.57,1.61,1.83
2025-02-10,1.56,1.62,1.5501,1.565,21786.0,1.6575,1.6651621174721485,-0.09032469814746391,38.53210910192748,-0.14500000000000002,1.7972930801694715,1.5177069198305284,0.07522857142857146,21270.35,5498666.0,1.555,1.58,1.71
2025-02-11,1.57,1.642,1.53,1.5332,14773.0,1.6511600000000002,1.6525942967605154,-0.09043647627751938,37.71551629307252,-0.14680000000000004,1.801573694785608,1.5007463052143923,0.07894285714285718,21029.45,5483893.0,1.565,1.59,1.68
2025-02-12,1.53,1.65,1.53,1.6,32019.0,1.6491599999999997,1.6475853161166567,-0.08416466169249204,41.57681842642277,-0.06999999999999984,1.8012528580630756,1.497067141936924,0.08394285714285717,22113.35,5515912.0,1.5332,1.62,1.67
2025-02-13,1.6981,1.6981,1.57,1.62,7804.0,1.64216,1.6449581431531657,-0.07669626380744199,28.287840372146917,-0.019999999999999796,1.7854028398140924,1.4989171601859077,0.08237857142857143,20090.75,5523716.0,1.6,1.57,1.64
2025-02-14,1.6,1.6984,1.6,1.613,5328.0,1.63781,1.6419145104719117,-0.07052932798516709,36.9131124749499,0.0029999999999998916,1.7789253451318818,1.4966946548681181,0.08476428571428571,18694.65,5518388.0,1.62,1.555,1.61
2025-02-18,1.61,1.625,1.54,1.54,24596.0,1.6293099999999998,1.632208366617444,-0.07071729190805476,33.07543408352015,-0.040000000000000036,1.7725798726919377,1.486040127308062,0.08797857142857142,19274.35,5493792.0,1.613,1.565,1.58
2025-02-19,1.53,1.56,1.47,1.473,36534.0,1.61846,1.6170456650348304,-0.07540339137005447,29.069272403379102,-0.11699999999999999,1.7746614947030928,1.4622585052969073,0.08441428571428569,19586.55,5457258.0,1.54,1.5332,1.59
2025-02-20,1.48,1.5,1.41,1.46,78243.0,1.6079599999999998,1.6020889350315133,-0.07925257594717627,30.158729227905212,-0.16000000000000014,1.7772576251896317,1.438662374810368,0.08584285714285712,23008.2,5379015.0,1.473,1.6,1.62
2025-02-21,1.49,1.49,1.42,1.45,30615.0,1.5954599999999999,1.5876042745523216,-0.0821628763885427,31.549814479480176,-0.1200000000000001,1.772867059730491,1.4180529402695088,0.08449285714285713,23847.75,5348400.0,1.46,1.62,1.57
2025-02-24,1.45,1.4767,1.36,1.36,25005.0,1.57196,1.56592767697591,-0.09068618441082643,27.714747998366164,-0.19499999999999984,1.742954249211111,1.400965750788889,0.0878285714285714,23527.3,5323395.0,1.45,1.613,1.555
2025-02-25,1.36,1.4,1.3226,1.38,7938.0,1.5554599999999998,1.5482202791686805,-0.09473508745494219,29.150118331807676,-0.18500000000000005,1.7338941293767254,1.3770258706232743,0.08910714285714283,23167.85,5331333.0,1.36,1.54,1.565
2025-02-26,1.35,1.38,1.35,1.37,3537.0,1.53996,1.5312469192478537,-0.09762542360113047,24.152191194932428,-0.1631999999999998,1.726515598034499,1.353404401965501,0.08767857142857138,22519.2,5327796.0,1.38,1.473,1.5332
2025-02-27,1.31,1.4,1.3,1.38,20003.0,1.52546,1.5168424507480582,-0.09797967074015412,28.58430928723999,-0.2200000000000002,1.7145219547581096,1.3363980452418904,0.09197142857142851,22976.2,5347799.0,1.37,1.46,1.6
2025-02-28,1.36,1.43,1.31,1.37,26570.0,1.51196,1.5028574554387193,-0.09793835814833307,28.91016779584507,-0.25,1.7050999318195845,1.3188200681804154,0.09339285714285707,23612.45,5321229.0,1.38,1.45,1.62
2025-03-03,1.38,1.4139,1.34,1.34,7889.0,1.4984600000000001,1.4873472215874126,-0.09918304648068599,25.468817364667572,-0.2729999999999999,1.7002951635946382,1.296624836405362,0.09367857142857135,23090.7,5313340.0,1.37,1.36,1.613
2025-03-04,1.32,1.32,1.28,1.29,19224.0,1.4839600000000002,1.4685522481028972,-0.10301654250767833,24.496643576021356,-0.25,1.7021364655167466,1.2657835344832538,0.0885357142857142,22852.2,5294116.0,1.34,1.38,1.54
2025-03-05,1.27,1.3014,1.27,1.29,9849.0,1.46896,1.4515472720930975,-0.10484601611848232,12.195121534800663,-0.18300000000000005,1.6974472945911678,1.2404727054088323,0.08220714285714278,22303.55,5294116.0,1.29,1.37,1.473
2025-03-06,1.33,1.33,1.27,1.28,12063.0,1.45196,1.4352094366556596,-0.1058822587922632,7.4999997374999055,-0.17999999999999994,1.683700966099089,1.220219033900911,0.07734285714285707,22468.1,5282053.0,1.29,1.38,1.46
2025-03-07,1.26,1.35,1.23,1.27,79310.0,1.43696,1.4194752045932157,-0.10628521520286349,7.444168475884879,-0.17999999999999994,1.6752739936702545,1.1986460063297455,0.07888571428571424,25360.35,5202743.0,1.28,1.37,1.45
2025-03-10,1.26,1.2799,1.16,1.22,33655.0,1.42021,1.4004775660605284,-0.10937829825728995,7.894736551246453,-0.14000000000000012,1.6703873509882294,1.1700326490117705,0.0813785714285714,24837.05,5169088.0,1.27,1.34,1.36
2025-03-11,1.22,1.22,1.1,1.13,81062.0,1.39846,1.3747177978642877,-0.11773466477278305,7.444168475884879,-0.25,1.670331799509514,1.1265882004904861,0.08352142857142852,27800.85,5088026.0,1.22,1.29,1.38
2025-03-12,1.13,1.13,1.08,1.1,89111.0,1.3768,1.348554198067689,-0.12533313238722577,7.142856904761828,-0.27,1.6715374210522684,1.0820625789477316,0.08066428571428565,31517.75,4998915.0,1.13,1.29,1.37
2025-03-13,1.1,1.1,1.01,1.05,102503.0,1.3493,1.3201204649183853,-0.13384665393828787,6.521738931946999,-0.32999999999999985,1.6586246293393265,1.0399753706606734,0.08209285714285708,35041.95,4896412.0,1.1,1.28,1.38
2025-03-14,1.02,1.05,0.9905,1.04,71280.0,1.3203,1.2934423254023486,-0.13978919470976647,7.894736551246453,-0.33000000000000007,1.6315136514393749,1.0090863485606252,0.07800714285714282,38215.75,4825132.0,1.05,1.27,1.37
2025-03-17,1.05,1.19,1.05,1.125,172826.0,1.2959,1.2774001991735535,-0.13607136545995901,21.348313935109203,-0.21500000000000008,1.5863145131941736,1.0054854868058265,0.08247857142857137,46590.65,4997958.0,1.04,1.22,1.34
2025-03-18,1.14,1.29,1.14,1.18,131063.0,1.2779,1.268123989728453,-0.12722040105671995,30.612244023323598,-0.1100000000000001,1.5485661567709896,1.0072338432290104,0.09104999999999998,51914.0,5129021.0,1.125,1.13,1.29
2025-03-19,1.18,1.185,1.15,1.17,117686.0,1.26275,1.2587788478495527,-0.11963380044384908,28.571427755102064,-0.1200000000000001,1.5210740518991595,1.0044259481008406,0.08640714285714284,55971.6,5011335.0,1.18,1.1,1.29
2025-03-20,1.15,1.25,1.14,1.2,107017.0,1.2497500000000001,1.2531808623400715,-0.1099333720383937,33.33333241830067,-0.08000000000000007,1.4919433764145376,1.0075566235854627,0.08569285714285714,57410.3,5118352.0,1.17,1.05,1.28
2025-03-21,1.19,1.41,1.1601,1.36,100814.0,1.24525,1.263354113545779,-0.08831698656929476,51.56249887207033,0.09000000000000008,1.4747913046195442,1.0157086953804557,0.09826428571428572,60920.25,5219166.0,1.2,1.04,1.27
2025-03-24,1.35,1.44,1.33,1.37,51705.0,1.24575,1.2735108646366573,-0.06957688984485189,56.666665344444475,0.15000000000000013,1.4763847077548806,1.0151152922451192,0.10326428571428571,62255.25,5270871.0,1.36,1.125,1.22
2025-03-25,1.35,1.38,1.32,1.38,26493.0,1.2457500000000001,1.2836526870522138,-0.053303858053965314,57.37704786347758,0.25,1.4763847077548808,1.0151152922451194,0.10530714285714285,63183.0,5297364.0,1.37,1.18,1.13
2025-03-26,1.33,1.38,1.31,1.35,57929.0,1.24475,1.2899714787615268,-0.042340042741401795,55.555554320987696,0.25,1.4732802006993946,1.0162197993006055,0.10602142857142856,65902.6,5239435.0,1.38,1.17,1.1
2025-03-27,1.35,1.35,1.27,1.29,13238.0,1.24025,1.2899741950699528,-0.03805397612624373,51.47058717560556,0.24,1.4609778629303765,1.0195221370696237,0.1031642857142857,65564.35,5226197.0,1.35,1.2,1.05
2025-03-28,1.28,1.3,1.21,1.23,25465.0,1.23325,1.2842623669680526,-0.03904860796762999,50.72463665196389,0.18999999999999995,1.4453640457894754,1.0211359542105245,0.1010285714285714,65509.1,5200732.0,1.29,1.36,1.04
2025-03-31,1.25,1.31,1.21,1.25,41171.0,1.2287500000000002,1.2809992843996667,-0.03778743795199091,59.67741800728412,0.125,1.4350679712562269,1.0224320287437736,0.09960000000000001,67173.2,5241903.0,1.23,1.37,1.125
2025-04-01,1.26,1.3728,1.26,1.33,20696.0,1.23075,1.2856660192187461,-0.029986949330598645,67.16417770104704,0.15000000000000013,1.4403178510904129,1.0211821489095871,0.10408571428571431,67246.8,5262599.0,1.25,1.38,1.18
2025-04-02,1.335,1.3858,1.3302,1.36,10670.0,1.2342499999999998,1.292745445959818,-0.02114056138699394,73.84615225562135,0.19000000000000017,1.450224535536315,1.0182754644636847,0.10162857142857143,67287.85,5273269.0,1.33,1.35,1.17
2025-04-03,1.32,1.32,1.212258,1.22,16895.0,1.23125,1.2858173082493591,-0.02513680375155425,61.53846043392507,0.020000000000000018,1.4462132771578506,1.0162867228421493,0.10507442857142858,67529.45,5256374.0,1.36,1.29,1.2
2025-04-04,1.2,1.2,1.07,1.1,18822.0,1.22275,1.2681204217494202,-0.03755395313972487,48.46625683616246,-0.26,1.4445957263864169,1.0009042736135831,0.10436014285714286,64505.05,5237552.0,1.22,1.23,1.36
2025-04-07,1.08,1.09,1.02,1.04,35447.0,1.2137499999999999,1.2463946672970945,-0.051640848493536895,41.46341392623441,-0.33000000000000007,1.4501901559984025,0.9773098440015974,0.09864585714285713,64594.65,5202105.0,1.1,1.25,1.37
2025-04-08,1.09,1.12,1.0,1.01,19975.0,1.20775,1.2238808894592759,-0.06448225256283657,40.476189801587324,-0.3699999999999999,1.458778935216476,0.9567210647835243,0.10471728571428571,61540.3,5182130.0,1.04,1.33,1.38
2025-04-09,1.01,1.08,0.9931,1.045,50032.0,1.2049999999999998,1.206844614272678,-0.07101631839989064,40.82840169041702,-0.30500000000000016,1.4621299077777854,0.9478700922222144,0.1030672857142857,59586.35,5232162.0,1.01,1.36,1.35
2025-04-10,1.05,1.0859,1.04,1.06,14056.0,1.2055,1.1928594129133754,-0.07412971678048996,28.57142800000001,-0.22999999999999998,1.4613967719508496,0.9496032280491505,0.08849585714285713,55164.0,5246218.0,1.045,1.22,1.29
2025-04-11,1.07,1.083,1.0012,1.07,61968.0,1.207,1.1811585164454348,-0.07492648512106803,28.57142800000001,-0.15999999999999992,1.459136136995623,0.9548638630043771,0.08648157142857141,54698.4,5308186.0,1.06,1.1,1.23
2025-04-14,1.1,1.14,1.1,1.14,11913.0,1.20775,1.1772386577363458,-0.06911282515860262,34.210525685595584,-0.1100000000000001,1.4589466099337995,0.9565533900662007,0.085053,46652.75,5320099.0,1.07,1.04,1.25
2025-04-15,1.15,1.22,1.1,1.15,9127.0,1.20625,1.1746444998566938,-0.06297263202380954,36.48648579620162,-0.18000000000000016,1.4585003977361046,0.9539996022638955,0.08862442857142856,40555.95,5329226.0,1.14,1.01,1.33
2025-04-16,1.11,1.1182,0.96,0.9921,64579.0,1.1973550000000002,1.1572593093941517,-0.07004031396066623,32.223415143659366,-0.3679000000000001,1.4669384953173081,0.9277715046826922,0.09421014285714287,37900.6,5264647.0,1.15,1.045,1.36
2025-04-17,1.0,1.09,1.0,1.06,38290.0,1.1903549999999998,1.14799651802328,-0.0693629671709024,39.9503422093819,-0.15999999999999992,1.4668316629537175,0.9138783370462822,0.09421014285714287,34464.25,5302937.0,0.9921,1.06,1.22
2025-04-21,1.06,1.09,1.0001,1.01,30310.0,1.172855,1.1348539924972534,-0.07203042518837055,36.29824102743164,-0.09000000000000008,1.448425370991786,0.8972846290082139,0.09348871428571427,30939.05,5272627.0,1.06,1.07,1.1
2025-04-22,1.07,1.07,1.0,1.02,19402.0,1.155355,1.1239155170213244,-0.07250173360446821,30.764457147304043,-0.020000000000000018,1.4225367396457516,0.8881732603542483,0.09043157142857142,29323.9,5292029.0,1.01,1.14,1.04
2025-04-23,1.07,1.0708,1.05,1.06,7759.0,1.139355,1.1178283249240555,-0.06885387856175873,31.613139933091503,0.050000000000000044,1.3875446937936664,0.8911653062063334,0.08794585714285715,28387.2,5299788.0,1.02,1.15,1.01
2025-04-24,1.1,1.33,1.1,1.25,198051.0,1.134355,1.130416103502717,-0.050054517732721404,51.73250089598637,0.20500000000000007,1.3682970033843846,0.9004129966156155,0.09667857142857142,35393.3,5497839.0,1.06,0.9921,1.045
2025-04-25,1.33,1.38,1.23,1.245,142519.0,1.132105,1.1413288555500771,-0.03515411232270371,59.65636542995589,0.18500000000000005,1.360544921619678,0.9036650783803216,0.09810714285714285,41857.35,5355320.0,1.25,1.06,1.06
2025-04-28,1.25,1.27,1.15,1.19,58559.0,1.1301050000000001,1.1459642026405459,-0.027466853242801514,60.05631423868544,0.11999999999999988,1.3556178375389483,0.904592162461052,0.10167857142857144,43512.05,5296761.0,1.245,1.01,1.07
2025-04-29,1.214,1.4,1.21,1.34,108904.0,1.134605,1.1644438023890653,-0.009165247374014251,69.05751794085788,0.20000000000000018,1.3733924145941365,0.8958175854058636,0.10667857142857143,46898.7,5405665.0,1.19,1.02,1.14
2025-04-30,1.35,1.3925,1.32,1.32,106855.0,1.1341050000000001,1.1792586783520116,0.0036826232909787926,66.16125890190688,0.17000000000000015,1.3712056401912032,0.8970043598087971,0.10565,51206.65,5298810.0,1.34,1.06,1.15
2025-05-01,1.35,1.3799,1.3,1.316,44751.0,1.1319050000000002,1.1922816613661058,0.013387563290150117,65.24172313243137,0.3239000000000001,1.360856766697301,0.9029532333026993,0.1080785714285714,52910.7,5254059.0,1.32,1.25,0.9921
2025-05-02,1.35,1.59,1.335,1.47,221651.0,1.1444050000000001,1.2187310269502862,0.03312348422066713,70.32933422991393,0.4099999999999999,1.4167872119165488,0.8720227880834515,0.12044999999999999,63148.5,5475710.0,1.316,1.245,1.06
2025-05-05,1.49,1.53,1.45,1.45,78071.0,1.161905,1.2407566434312114,0.04661318313522411,66.59884243694174,0.43999999999999995,1.4654641781378202,0.8583458218621798,0.12330714285714287,66110.95,5397639.0,1.47,1.19,1.01
2025-05-06,1.45,1.55,1.38,1.437,86009.0,1.181755,1.2594464869139532,0.05561379415790868,65.31810320831187,0.41700000000000004,1.5031466481083684,0.8603633518916317,0.12687857142857145,68639.05,5311630.0,1.45,1.34,1.02
2025-05-07,1.53,1.53,1.36,1.39,47510.0,1.200755,1.27188015482691,0.058282491749380494,74.08887148898873,0.32999999999999985,1.5243161093345623,0.8771938906654377,0.1277214285714286,70015.8,5264120.0,1.437,1.32,1.06
2025-05-08,1.41,1.64,1.3806,1.55,141355.0,1.2260050000000002,1.2983677591291092,0.07247269650908783,76.68845198950072,0.30000000000000004,1.5761169248110014,0.8758930751889991,0.13982142857142857,74581.95,5405475.0,1.39,1.316,1.25
2025-05-09,1.63,1.74,1.52,1.55,266591.0,1.250505,1.3223327344501463,0.08276447862556391,81.105989475249,0.30499999999999994,1.6197595291032787,0.8812504708967213,0.14911428571428573,87208.7,5405475.0,1.55,1.47,1.245
2025-05-12,1.62,1.7,1.51,1.68,402845.0,1.281005,1.3563962835501324,0.10025502611140036,83.40080853480634,0.49,1.6864770989818616,0.8755329010181383,0.15768571428571423,104252.55,5808320.0,1.55,1.45,1.19
2025-05-13,1.72,1.8916,1.6663,1.74,241295.0,1.311005,1.3929299708310723,0.11760226387253847,83.73015756723987,0.3999999999999999,1.75909573552494,0.86291426447506,0.17229285714285716,115721.65,6049615.0,1.68,1.437,1.34
2025-05-14,1.75,1.77,1.31,1.4096,520925.0,1.323985,1.3945175926566844,0.10349651267260351,56.94879763385304,0.0895999999999999,1.7674543285544606,0.8805156714455393,0.18872142857142857,141311.55,5528690.0,1.74,1.39,1.32
2025-05-15,1.4,1.48,1.2996,1.335,204403.0,1.34113,1.388849250498905,0.0853145536108586,53.69458066360908,0.018999999999999906,1.7561768894247674,0.9260831105752325,0.19089285714285711,148302.75,5324287.0,1.4096,1.55,1.316
2025-05-16,1.42,1.4301,1.2,1.26,100395.0,1.35113,1.376577893308533,0.06411427738173248,52.82713995187403,-0.20999999999999996,1.7468443100243112,0.9554156899756887,0.19875714285714283,151408.0,5223892.0,1.335,1.55,1.47
2025-05-19,1.21,1.23,1.1,1.2,125496.0,1.36063,1.3597609510886728,0.04198740253120059,43.90243848899465,-0.25,1.7301153382179275,0.9911446617820725,0.19447142857142857,156167.3,5098396.0,1.26,1.68,1.45
2025-05-20,1.19,1.32,1.13,1.29,280638.0,1.3741299999999999,1.3531170509849897,0.03135253018356243,48.76847234584678,-0.14700000000000002,1.7093540482519665,1.0389059517480332,0.2028642857142857,169229.1,5379034.0,1.2,1.74,1.437
2025-05-21,2.93,2.99,2.93,2.97,19031530.0,1.46963,1.5071059032721335,0.1566801654646599,78.57636451276119,1.5800000000000003,2.2373333996895246,0.7019266003104754,0.20144285714285712,1120417.65,24410564.0,1.29,1.4096,1.39
2025-05-22,2.96,2.97,2.95,2.96,833647.0,1.5551300000000001,1.6454767696271684,0.2522880829587999,77.09090869844627,1.41,2.5631254910091865,0.547134508990814,0.18465714285714288,1152197.45,23576917.0,2.97,1.335,1.55
2025-05-23,2.96,2.96,2.95,2.96,287836.0,1.64088,1.7706694582341047,0.3243194931555329,77.65567725744341,1.41,2.8157644218184563,0.46599557818154347,0.17965714285714288,1159463.3,23576917.0,2.96,1.26,1.55
2025-05-27,2.95,2.96,2.95,2.96,287633.0,1.7293799999999997,1.8839390336403805,0.37705841005433505,78.02723551991855,1.28,3.0220165119398823,0.4367434880601171,0.16822857142857137,1170917.0,23576917.0,2.96,1.2,1.68
2025-05-28,2.95,2.96,2.95,2.95,96898.0,1.8098800000000002,1.9854686494841538,0.4132833915556262,79.10447719870795,1.2100000000000002,3.1974572048316894,0.42230279516831093,0.1567999999999999,1170316.7,23480019.0,2.96,1.29,1.74
2025-05-29,2.95,2.96,2.95,2.95,52162.0,1.8913800000000003,2.0773287781047105,0.43695500507879603,77.77777734567901,1.5404000000000002,3.3475867574424836,0.43517324255751677,0.1389857142857142,1167582.05,23480019.0,2.95,2.97,1.4096
2025-05-30,2.95,2.96,2.95,2.96,235150.0,1.9735800000000001,2.1613927039995,0.45131931761029564,77.86561221734443,1.625,3.477841023821853,0.4693189761781471,0.12398571428571421,1177102.0,23715169.0,2.95,2.96,1.335
2025-06-02,2.95,2.97,2.95,2.96,38022.0,2.04808,2.2374505417138333,0.4574301685382762,76.66666621944444,1.7,3.5943306389055696,0.5018293610944307,0.11184285714285706,1167920.55,23715169.0,2.96,2.96,1.26
2025-06-03,2.96,2.99,2.96,2.985,63283.0,2.12483,2.308645728217278,0.4589992948375401,76.32135261374252,1.785,3.6982299780562657,0.5514300219437345,0.09789285714285709,1167181.15,23778452.0,2.96,2.96,1.2
2025-06-04,2.98,2.99,2.98,2.99,29322.0,2.20248,2.373536611244204,0.4553967664983589,88.74289015375541,1.7000000000000002,3.786203736674218,0.6187562633257817,0.06574999999999996,1164346.8,23807774.0,2.985,2.95,1.29
2025-06-05,2.99,2.99,2.98,2.99,58921.0,2.28248,2.432247410173327,0.44738456604460275,92.1119586312634,0.020000000000000018,3.855002154609252,0.7099578453907482,0.05357857142857141,1164917.35,23807774.0,2.99,2.95,2.97
2025-06-06,2.99,2.99,2.98,2.985,47467.0,2.3542300000000003,2.4848905139663438,0.4356099410048273,95.5145111677028,0.02499999999999991,3.916951600420603,0.7915083995793974,0.03785714285714286,1160222.95,23760307.0,2.99,2.96,2.96
2025-06-09,2.98,2.99,2.98,2.98,10984.0,2.42573,2.5320437983505015,0.4210217311758879,98.36956446892721,0.020000000000000018,3.9641862667270247,0.8872737332729757,0.02928571428571431,1147442.6,23749323.0,2.985,2.96,2.96
2025-06-10,2.98,3.0,2.98,2.98,54966.0,2.49073,2.5747062937456917,0.4047942536042015,98.28571349942857,0.020000000000000018,4.006203072014172,0.9752569279858283,0.017142857142857158,1130048.65,23749323.0,2.98,2.985,2.96
2025-06-11,2.985,2.99,2.98,2.98,14896.0,2.55273,2.61330569434134,0.3874673779727753,57.142845714287816,0.029999999999999805,4.040082865929784,1.0653771340702158,0.013571428571428599,1118728.7,23749323.0,2.98,2.99,2.95
2025-06-12,2.98,2.99,2.98,2.99,16142.0,2.63175,2.6491813424993076,0.3702743286550172,71.42855714286009,0.040000000000000036,4.0285594282855595,1.23494057171444,0.0128571428571429,1093489.55,23765465.0,2.98,2.99,2.95
2025-06-13,2.98,2.99,2.96,2.98,57556.0,2.714,2.6806878813088972,0.35178661960372537,62.49998906250184,0.020000000000000018,3.9765813157763064,1.4514186842236936,0.014285714285714362,1086147.2,23707909.0,2.99,2.985,2.96
2025-06-16,2.99,2.99,2.95,2.95,130234.0,2.7984999999999998,2.7063366545175738,0.33089982055096145,45.45453966942233,-0.009999999999999787,3.861841802749116,1.7351581972508834,0.01642857142857152,1087639.15,23577675.0,2.98,2.98,2.96
2025-06-17,2.96,2.97,2.95,2.97,21307.0,2.8869999999999996,2.7314474493254237,0.31236002276829966,58.333326527778546,-0.01499999999999968,3.639311525618875,2.1346884743811243,0.017142857142857255,1082429.7,23598982.0,2.95,2.98,2.985
2025-06-18,2.97,2.98,2.96,2.97,44933.0,2.971,2.7541667398658594,0.2942748817959209,58.333326527778546,-0.020000000000000018,2.999022547313588,2.9429774526864123,0.017857142857142985,1070644.45,23598982.0,2.97,2.98,2.99
2025-06-20,2.97,2.98,2.96,2.98,31379.0,2.9715,2.775674669402444,0.2775497726945306,58.333326527778546,-0.010000000000000231,2.999802873204437,2.9431971267955626,0.018571428571428714,120636.9,23630361.0,2.97,2.99,2.99
2025-06-23,2.96,2.96,2.93,2.945,171787.0,2.97075,2.791800891364116,0.25849107157299134,45.161286243496704,-0.040000000000000036,3.001059803868944,2.9404401961310556,0.019285714285714413,87543.9,23458574.0,2.98,2.98,2.985
2025-06-24,2.94,2.95,2.93,2.93,48145.0,2.9692499999999997,2.8049627112342,0.23941669238576768,31.03447976218831,-0.04999999999999982,3.0043850776896552,2.934114922310344,0.018571428571428683,75559.35,23410429.0,2.945,2.95,2.98
2025-06-25,2.95,2.95,2.92,2.93,85985.0,2.9677499999999997,2.816871024449991,0.2217439828529204,28.571425714285994,-0.04999999999999982,3.0068820302248853,2.928617969775114,0.02000000000000011,65476.95,23410429.0,2.93,2.97,2.98
2025-06-26,2.97,2.98,2.97,2.975,66984.0,2.9690000000000003,2.831930926883325,0.208960589539688,45.94594246895567,-0.004999999999999893,3.007333714720311,2.9306662852796896,0.02000000000000008,63981.25,23477413.0,2.93,2.97,2.98
2025-06-27,2.98,2.98,2.97,2.97,68114.0,2.9699999999999998,2.8450803624182464,0.19616493278955138,45.94594246895578,-0.020000000000000018,3.0072756446524815,2.932724355347518,0.02000000000000005,64778.85,23409299.0,2.975,2.98,2.99
2025-06-30,2.98,2.98,2.97,2.975,30980.0,2.97075,2.857453661235556,0.18430320818144397,48.64864496712959,-0.004999999999999893,3.0077812812298093,2.9337187187701903,0.020000000000000018,54570.35,23440279.0,2.97,2.945,2.98
2025-07-01,2.97,2.98,2.97,2.97,38555.0,2.97125,2.868172360165503,0.17251065234111573,47.368417562327174,0.020000000000000018,3.007938589937833,2.934561410062167,0.019285714285714288,54597.0,23401724.0,2.975,2.93,2.95
2025-07-02,2.97,2.98,2.97,2.98,118709.0,2.971,2.8788226115783124,0.16210325785264068,49.99999650000024,0.009999999999999787,3.0073607654375625,2.9346392345624377,0.019285714285714257,57368.3,23520433.0,2.97,2.93,2.97
2025-07-03,2.97,2.98,2.97,2.975,37723.0,2.97025,2.8879823628565684,0.1517031253291612,46.15384284023687,0.004999999999999893,3.005564377570693,2.934935622429307,0.019285714285714222,57788.35,23482710.0,2.98,2.975,2.97
2025-07-07,2.97,2.98,2.97,2.97,141309.0,2.96925,2.895793566394038,0.14142720240815487,47.36841756232717,-0.009999999999999787,3.003320360634015,2.9351796393659852,0.017857142857142762,61907.75,23341401.0,2.975,2.97,2.98
2025-07-08,2.97,2.99,2.97,2.98,98139.0,2.9690000000000003,2.903813226737463,0.13256228043405338,58.82352456747446,0.03500000000000014,3.002654592242293,2.9353454077577075,0.01642857142857133,64441.35,23439540.0,2.97,2.975,2.945
2025-07-09,2.99,2.99,2.98,2.98,54541.0,2.969,2.911069109905324,0.12410614748643489,53.333328355555985,0.04999999999999982,3.0026545922422927,2.935345407757707,0.015714285714285632,66619.2,23439540.0,2.98,2.97,2.93
2025-07-10,2.98,3.0,2.98,3.0,46694.0,2.9699999999999998,2.9195387184857693,0.11766209862449584,58.82352456747446,0.06999999999999984,3.006128425899038,2.9338715741009613,0.015714285714285632,66205.6,23486234.0,2.98,2.98,2.93
2025-07-11,3.0,3.0,2.99,2.99,33861.0,2.9705000000000004,2.9262493167252197,0.11047474297910753,52.94117211072709,0.015000000000000124,3.007477945063243,2.9335220549367578,0.014999999999999902,67153.85,23452373.0,3.0,2.975,2.975
2025-07-14,2.99,3.0,2.99,3.0,41154.0,2.971,2.933273191322818,0.10438237325147659,68.96551058264065,0.029999999999999805,3.0093337147203094,2.9326662852796908,0.013571428571428472,68404.45,23493527.0,2.99,2.97,2.97
2025-07-15,3.0,3.01,2.99,3.0,126420.0,2.972,2.9396281254825496,0.09841960639078096,76.92306863905438,0.02499999999999991,3.0123145526819064,2.9316854473180936,0.013571428571428441,71847.65,23493527.0,3.0,2.98,2.975
2025-07-16,3.0,3.01,3.0,3.005,89759.0,2.9747500000000002,2.945854018293735,0.09302519239575435,77.7777697119352,0.0349999999999997,3.0162323995657383,2.933267600434262,0.01214285714285698,69823.9,23583286.0,3.0,2.98,2.97
2025-07-17,3.0,3.01,3.0,3.005,39495.0,2.9765,2.9514869689324272,0.08773868351194958,66.66665629629807,0.02499999999999991,3.020040664599102,2.9329593354008985,0.01214285714285698,70733.3,23583286.0,3.005,3.0,2.98
