Date,Open,High,Low,Close,Volume,SMA_20,EMA_20,MACD,RSI_14,Momentum_10,Bollinger_Upper,Bollinger_Lower,ATR_14,Volume_MA_20,OBV,Lag_1,Lag_5,Lag_10
2023-08-15,3.85,3.88,3.3128,3.53,28372.0,4.02775,3.9874983498370087,-0.06292403415751036,30.98591518746278,-0.5500000000000003,4.348513480661867,3.706986519338133,0.24572857142857132,24984.05,-613.0,3.91,4.06,4.08
2023-08-16,3.58,3.7,3.4,3.42,7725.0,3.9902499999999996,3.9334508879477696,-0.08969802264397497,30.344827293222338,-0.6699999999999999,4.403127897077013,3.5773721029229857,0.2543071428571428,24275.8,-8338.0,3.53,3.99,4.09
2023-08-17,3.48,3.7385,3.4205,3.57,6209.0,3.96375,3.89883651766703,-0.09929650288288583,31.756756456354978,-0.5500000000000003,4.4133682591347565,3.5141317408652437,0.2684499999999999,23359.4,-2129.0,3.42,3.84,4.12
2023-08-18,3.67,3.7035,3.4501,3.46,9110.0,3.93825,3.8570425636035033,-0.11303657931679778,22.75862046991675,-0.5800000000000001,4.4410764846686295,3.435423515331371,0.27009999999999995,22942.35,-11239.0,3.57,3.86,4.04
2023-08-21,3.37,3.46,3.31,3.31,4700.0,3.8924999999999996,3.804943271831741,-0.13268603298238935,23.076922850995146,-0.6800000000000002,4.449101529963667,3.335898470036332,0.2686714285714285,18330.4,-15939.0,3.46,3.91,3.99
2023-08-22,3.32,3.36,2.65,2.8001,33685.0,3.824505,3.7092439126096703,-0.18184690283128546,16.5811698885246,-1.2598999999999996,4.550110389276685,3.098899610723315,0.2981142857142856,18364.6,-49624.0,3.31,3.53,4.06
2023-08-23,3.08,3.08,2.8601,2.89,19290.0,3.7655049999999997,3.631220682837321,-0.21167258427784308,19.092370958240423,-1.1,4.591949752125506,2.9390602478744925,0.29814999999999997,18800.8,-30334.0,2.8001,3.42,3.99
2023-08-24,2.935,2.935,2.6503,2.77,22121.0,3.7045049999999997,3.5491996654242426,-0.24094341420956233,18.716129538858098,-1.0699999999999998,4.634758401753353,2.7742515982466465,0.2992,18957.35,-52455.0,2.89,3.57,3.84
2023-08-25,2.79,2.8783,2.7201,2.82,15219.0,3.640005,3.479752078240981,-0.25738323135386754,21.179426398407728,-1.04,4.6289152997478435,2.6510947002521563,0.2919285714285714,19259.3,-37236.0,2.77,3.46,3.86
2023-08-28,2.63,2.63,2.25,2.27,57251.0,3.5410049999999997,3.364537594598983,-0.3068645285163316,14.339787950929548,-1.6400000000000001,4.660594380508483,2.421415619491516,0.30500714285714287,18593.65,-94487.0,2.82,3.31,3.91
2023-08-29,2.3,2.45,2.3,2.355,18375.0,3.454755,3.268391157018127,-0.335757567797089,17.621197620921762,-1.1749999999999998,4.6618692456288064,2.2476407543711936,0.3050142857142858,18534.4,-76112.0,2.27,2.8001,3.53
2023-08-30,2.38,2.59,2.3696,2.51,33698.0,3.3757549999999994,3.1961634277783055,-0.3430974939102276,23.71333689145912,-0.9100000000000001,4.614221675879153,2.1372883241208456,0.29298571428571435,19424.1,-42414.0,2.355,2.89,3.42
2023-08-31,2.41,2.42,2.27,2.27,7084.0,3.2832549999999996,3.1079573870375143,-0.3625299750513702,21.08880635128253,-1.2999999999999998,4.563322194741211,2.003187805258788,0.29441428571428574,18746.55,-49498.0,2.51,2.77,3.57
2023-09-01,2.43,2.48,2.3593,2.4,7826.0,3.2012549999999997,3.0405328739863227,-0.3639040075425224,23.31966911920439,-1.06,4.487310864342808,1.9151991356571911,0.28446428571428567,17058.3,-41672.0,2.27,2.82,3.46
2023-09-05,2.38,2.45,2.35,2.43,7876.0,3.123255,2.9823868859876255,-0.3585456995649672,27.820791842289253,-0.8799999999999999,4.39705983587351,1.8494501641264902,0.2510928571428571,15922.95,-33796.0,2.4,2.27,3.31
2023-09-06,2.385,2.43,2.262,2.3,7771.0,3.0352550000000003,2.917397658750709,-0.35995265727478376,27.59820770206619,-0.5001000000000002,4.27940989892791,1.7911001010720904,0.2416642857142857,15637.35,-41567.0,2.43,2.355,2.8001
2023-09-07,2.4,2.4,2.28,2.3,3635.0,2.950755,2.858597881726832,-0.35690871423599324,22.976423388513936,-0.5900000000000003,4.150657067012577,1.7508529329874232,0.22752142857142857,15530.9,-41567.0,2.3,2.51,2.89
2023-09-08,2.35,2.4069,2.32,2.36,1887.0,2.876755,2.8111123691814193,-0.34588953602432104,26.084876787030055,-0.41000000000000014,4.027278762603707,1.7262312373962931,0.21562857142857142,15185.9,-39680.0,2.3,2.27,2.77
2023-09-11,2.37,2.4592,2.35,2.3601,17031.0,2.80176,2.7681588102117605,-0.33328357700795186,27.90827462174248,-0.45989999999999975,3.875393777412019,1.7281262225879803,0.2127142857142857,15731.3,-22649.0,2.36,2.4,2.82
2023-09-12,2.33,2.59,2.31,2.54,40676.0,2.73326,2.746429399715402,-0.3058948792906455,42.85400263753171,0.27,3.676016592797504,1.7905034072024957,0.18199999999999997,17477.05,18027.0,2.3601,2.43,2.27
2023-09-13,2.48,2.48,2.307,2.34,19142.0,2.67376,2.707721837837745,-0.29622433371316337,35.75129507745174,-0.015000000000000124,3.552851189569631,1.7946688104303692,0.17864999999999998,17015.55,-1115.0,2.54,2.3,2.355
2023-09-14,2.3631,2.45,2.2502,2.45,40522.0,2.62526,2.6831769009008166,-0.2768258223569178,41.66666636284723,-0.05999999999999961,3.4353224625688807,1.8151975374311191,0.1725857142857143,18655.4,39407.0,2.34,2.3,2.51
2023-09-15,2.47,2.47,2.28,2.32,23829.0,2.56276,2.6485886246245482,-0.26845795583326737,37.499999737500005,0.04999999999999982,3.2493964498887244,1.8761235501112754,0.17485714285714288,19536.4,15578.0,2.45,2.36,2.27
2023-09-18,2.3,2.35,2.2,2.28,20798.0,2.5037599999999998,2.613484946088877,-0.2619130328416772,50.33556999684699,-0.1200000000000001,3.055269749496303,1.9522502505036967,0.15842857142857145,20120.8,-5220.0,2.32,2.3601,2.4
2023-09-19,2.2203,2.24,2.1,2.1,9870.0,2.44326,2.5645816178899365,-0.2676979963247925,41.9558355915573,-0.33000000000000007,2.874797878559438,2.011722121440562,0.15771428571428572,20379.3,-15090.0,2.28,2.54,2.43
2023-09-20,2.08,2.173,1.88,2.0,27591.0,2.403255,2.5108119399956568,-0.2769085729492655,33.33333302832246,-0.2999999999999998,2.843758326828947,1.9627516731710535,0.16290000000000004,20074.6,-42681.0,2.1,2.34,2.3
2023-09-21,2.02,2.25,1.94,1.94,12517.0,2.355755,2.4564488980913084,-0.28560945278189376,37.77777738600824,-0.3599999999999999,2.7798365734588923,1.9316734265411075,0.17432857142857147,19735.95,-55198.0,2.0,2.45,2.3
2023-09-22,2.13,2.13,1.89,1.9545,20170.0,2.31498,2.4086442411302316,-0.28802733789488855,31.956257231763814,-0.40549999999999997,2.7280351771475844,1.9019248228524153,0.18285000000000004,19638.4,-35028.0,1.94,2.32,2.36
2023-09-25,1.89,1.9598,1.8,1.91,29236.0,2.2694799999999997,2.3611543134035426,-0.29009427052333425,29.183346350226714,-0.45010000000000017,2.647279125685095,1.8916808743149045,0.18712142857142863,20339.25,-64264.0,1.9545,2.28,2.3601
2023-09-26,1.92,1.97,1.73,1.81,36112.0,2.24648,2.3086634264127293,-0.2962025827068486,29.90155831122084,-0.73,2.6765398372075087,1.8164201627924914,0.19226428571428578,19282.3,-100376.0,1.91,2.1,2.54
2023-09-27,1.86,1.9,1.81,1.87,18176.0,2.2222299999999997,2.2668859572305644,-0.29290868461894437,33.18999181809238,-0.46999999999999975,2.680308090791471,1.7641519092085287,0.1901214285714286,19272.35,-82200.0,1.81,2.0,2.34
2023-09-28,1.9131,1.93,1.83,1.83,33221.0,2.18823,2.2252777708276534,-0.29011332592333217,28.951548526352937,-0.6200000000000001,2.6571888921497457,1.7192711078502538,0.19105714285714287,19248.5,-115421.0,1.87,1.94,2.45
2023-09-29,1.989,1.989,1.81,1.81,10580.0,2.1652299999999998,2.1857275069393056,-0.28617701086698455,28.493236063096973,-0.5099999999999998,2.6616218660006226,1.6688381339993767,0.19604285714285716,19423.3,-126001.0,1.83,1.9545,2.32
2023-10-02,1.85,1.85,1.7601,1.77,22283.0,2.13373,2.146134411040324,-0.2829649783837127,16.19841946727142,-0.5099999999999998,2.6470613287270055,1.6203986712729943,0.18246428571428577,20146.15,-148284.0,1.81,1.91,2.28
2023-10-03,1.7,1.74,1.54,1.575,34674.0,2.09098,2.0917406576079123,-0.2925459759807323,16.269841068979062,-0.5250000000000001,2.6414859972903417,1.5404740027096584,0.1843928571428572,21486.05,-182958.0,1.77,1.81,2.1
2023-10-04,1.59,1.6,1.35,1.46,55328.0,2.04898,2.031574880692873,-0.3057599926755983,6.540825204941555,-0.54,2.6574615357662243,1.4404984642337753,0.18797857142857147,23863.9,-238286.0,1.575,1.87,2.0
2023-10-05,1.69,1.6998,1.5004,1.6,17932.0,2.0139799999999997,1.9904725111030754,-0.3015907531317843,18.6684070832396,-0.33999999999999986,2.641885197671719,1.3860748023282805,0.18864999999999998,24578.75,-220354.0,1.46,1.83,1.94
2023-10-06,1.64,1.71,1.595,1.6514,7254.0,1.9785499999999998,1.9581798909980206,-0.2908286018483939,22.91451196070048,-0.3030999999999999,2.6042095963671605,1.352890403632839,0.18615,24847.1,-213100.0,1.6,1.81,1.9545
2023-10-09,1.68,1.68,1.5,1.53,25915.0,1.9370450000000001,1.917400853760114,-0.2886587518356667,24.133236215406342,-0.3799999999999999,2.5662551263112627,1.3078348736887377,0.18900714285714285,25291.3,-239015.0,1.6514,1.77,1.91
2023-10-10,1.5,1.66,1.5,1.6399,17908.0,1.8920400000000002,1.8909722010210555,-0.2749841049008115,33.80408340986132,-0.17010000000000014,2.4659980010308873,1.3180819989691128,0.17950714285714284,24152.9,-221107.0,1.53,1.575,1.81
2023-10-11,1.6,1.6999,1.57,1.618,11701.0,1.85594,1.8649748485428597,-0.26286440152205093,35.00372532595739,-0.252,2.4013799572339494,1.3105000427660507,0.1666428571428571,23780.85,-232808.0,1.6399,1.46,1.87
2023-10-12,1.6,1.6659,1.5642,1.5642,13319.0,1.8116500000000002,1.836329624872111,-0.25462563426798446,32.46473137343315,-0.26580000000000004,2.2942134204297364,1.329086579570264,0.15676428571428566,22420.7,-246127.0,1.618,1.6,1.83
2023-10-13,1.47,1.56,1.47,1.56,1868.0,1.7736500000000004,1.810012517741434,-0.24559850060166233,33.68450450160073,-0.25,2.204597160028752,1.3427028399712486,0.15177857142857137,21322.65,-247995.0,1.5642,1.6514,1.81
2023-10-16,1.57,1.58,1.48,1.5,11936.0,1.7346500000000002,1.7804875160517735,-0.2404760178752663,34.98934680432805,-0.27,2.1102820736263705,1.3590179263736297,0.1417785714285714,20879.55,-259931.0,1.56,1.53,1.77
2023-10-17,1.55,1.6999,1.51,1.59,41163.0,1.70915,1.7623458478563665,-0.22658856151100704,36.82476894829026,0.015000000000000124,2.0477727243905663,1.3705272756094338,0.1489142857142857,22444.2,-218768.0,1.5,1.6399,1.575
2023-10-18,1.5445,1.67,1.53,1.5401,5991.0,1.686155,1.7411795766319507,-0.21707998017653796,36.484848008589395,0.08010000000000006,2.00340276619844,1.3689072338015602,0.15177142857142853,21364.2,-224759.0,1.59,1.618,1.46
2023-10-19,1.59,1.595,1.5093,1.52,8371.0,1.665155,1.7201148550479555,-0.20874882845176757,36.48144647516292,-0.08000000000000007,1.9668761642350827,1.3634338357649172,0.14510714285714282,21156.9,-233130.0,1.5401,1.5642,1.6
2023-10-20,1.53,1.5401,1.4,1.42,18752.0,1.63843,1.6915324879005311,-0.2077755857112955,34.54882528369808,-0.23140000000000005,1.9266241312087453,1.3502358687912548,0.14869285714285713,21086.0,-251882.0,1.52,1.56,1.6514
2023-10-23,1.51,1.51,1.41,1.41,17950.0,1.61343,1.6647198700052424,-0.20543718831923763,41.293794240066354,-0.1200000000000001,1.8888991011424263,1.3379608988575735,0.14154999999999998,20521.7,-269832.0,1.42,1.5,1.53
2023-10-24,1.5,1.514,1.41,1.475,26040.0,1.59668,1.6466513109571241,-0.19610095126053917,50.83556070443644,-0.16489999999999982,1.862389446378451,1.3309705536215493,0.13112142857142856,20018.1,-243792.0,1.41,1.59,1.6399
2023-10-25,1.48,1.5322,1.4754,1.51,15991.0,1.5786799999999999,1.633636900389779,-0.18377020341201278,44.322482184563775,-0.1080000000000001,1.8133967484437488,1.343963251556251,0.12093571428571427,19908.85,-227801.0,1.475,1.5401,1.618
2023-10-26,1.4853,1.53,1.48,1.49,3910.0,1.5616800000000002,1.6199571955907526,-0.17360345909451969,39.39831771994686,-0.07420000000000004,1.7671879314643189,1.3561720685356815,0.11629285714285713,18443.3,-231711.0,1.51,1.52,1.5642
2023-10-27,1.53,1.65,1.5,1.585,38427.0,1.55043,1.6166279388678237,-0.15610817322534265,53.74251394611432,0.02499999999999991,1.7202341732795876,1.3806258267204123,0.11414999999999999,19835.65,-193284.0,1.49,1.42,1.56
2023-10-30,1.59,1.65,1.57,1.58,8919.0,1.54093,1.6131395637375547,-0.14101919493378268,45.24527602248951,0.08000000000000007,1.676900060171952,1.404959939828048,0.10843571428571427,19167.45,-202203.0,1.585,1.41,1.5
2023-10-31,1.66,1.66,1.57,1.605,2650.0,1.54243,1.612364367191121,-0.12560190127412718,48.973142676739336,0.014999999999999902,1.6806262921279045,1.4042337078720954,0.10558571428571427,17566.25,-199553.0,1.58,1.475,1.59
2023-11-01,1.6,1.6699,1.52,1.55,27772.0,1.5469300000000001,1.6064249036491094,-0.1164660327143896,48.88047826501625,0.00990000000000002,1.67957445710246,1.4142855428975403,0.1090285714285714,16188.45,-227325.0,1.605,1.51,1.5401
2023-11-02,1.5801,1.6758,1.5801,1.6,5828.0,1.54693,1.60581300806348,-0.10400281309437553,52.94117538062286,0.08000000000000007,1.6795744571024598,1.41428554289754,0.10943571428571426,15583.25,-221497.0,1.55,1.49,1.52
2023-11-03,1.6374,1.64,1.58,1.6,28530.0,1.54436,1.6052593882479105,-0.09305281121718156,58.06451481789806,0.18000000000000016,1.6703044054460707,1.4184155945539292,0.10657857142857138,16647.05,-221497.0,1.6,1.585,1.42
2023-11-06,1.76,1.8166,1.62,1.63,28575.0,1.5493599999999998,1.6076156369862047,-0.08102551927182056,53.571427232142874,0.21999999999999997,1.6807272778290576,1.417992722170942,0.10705714285714281,16780.05,-192922.0,1.6,1.58,1.41
2023-11-07,1.68,1.7988,1.63,1.7203,18757.0,1.5533800000000002,1.6183474810827567,-0.06349090388146772,65.00666070937166,0.24529999999999985,1.7004011241535542,1.4063588758464463,0.10911428571428568,16822.5,-174165.0,1.63,1.605,1.475
2023-11-08,1.64,1.7699,1.63,1.71,11124.0,1.55798,1.6270762924082085,-0.049849575569329785,66.08533537894566,0.19999999999999996,1.7186385997829459,1.397321400217054,0.11298571428571426,16793.65,-185289.0,1.7203,1.55,1.51
2023-11-09,1.71,1.79,1.55,1.69,60087.0,1.56427,1.6330690264645695,-0.04018646144221649,76.43948086534915,0.19999999999999996,1.7354593024203444,1.3930806975796557,0.12012142857142853,19132.05,-245376.0,1.71,1.6,1.49
2023-11-10,1.61,1.66,1.36,1.53,67596.0,1.56277,1.623252928706039,-0.04489971474937371,59.082650882293215,-0.05499999999999994,1.7346412137190792,1.3908987862809208,0.1344071428571428,22418.45,-312972.0,1.69,1.6,1.585
2023-11-13,1.54,1.54,1.35,1.48,31218.0,1.56177,1.6096097926387973,-0.05206292269456725,50.38723558639823,-0.10000000000000009,1.7354026685245425,1.3881373314754577,0.14054999999999992,23382.55,-344190.0,1.53,1.63,1.58
2023-11-14,1.54,1.65,1.51,1.58,24828.0,1.56127,1.6067898123874833,-0.04911590128677257,54.92541406001155,-0.02499999999999991,1.734617744205279,1.3879222557947208,0.14649285714285706,22565.8,-319362.0,1.48,1.7203,1.605
2023-11-15,1.69,1.69,1.58,1.6001,25365.0,1.56427,1.6061526873981993,-0.04464590433218141,57.74588320185401,0.05010000000000003,1.738151049480463,1.390388950519537,0.15077857142857135,23534.5,-293997.0,1.58,1.71,1.55
2023-11-16,1.7,1.7,1.59,1.69,25027.0,1.5727699999999998,1.6141381457412278,-0.03347232500551711,57.44047505078423,0.08999999999999986,1.754004156185933,1.3915358438140666,0.1479214285714285,24367.3,-268970.0,1.6001,1.69,1.6
2023-11-17,1.63,1.7499,1.58,1.62,21127.0,1.58277,1.6146964175753966,-0.029914338254325656,52.59537926766765,0.020000000000000018,1.7500451543510391,1.4154948456489609,0.1543428571428571,24486.05,-290097.0,1.69,1.53,1.6
2023-11-20,1.69,1.78,1.66,1.74,14972.0,1.5992700000000002,1.6266300920920256,-0.017223347683962054,57.798058214911265,0.1100000000000001,1.7597537699615096,1.4387862300384908,0.15648571428571426,24337.15,-275125.0,1.62,1.48,1.63
2023-11-21,1.7594,1.7699,1.69,1.69,7510.0,1.61002,1.6326653214165945,-0.01106876003233448,58.133859151900964,-0.030299999999999994,1.7641314374662072,1.4559085625337929,0.15148571428571425,23410.65,-282635.0,1.74,1.58,1.7203
2023-11-22,1.67,1.7599,1.67,1.72,15420.0,1.6205200000000002,1.6409829098531092,-0.0037297081579568125,57.137757792138224,0.010000000000000009,1.77455396207879,1.4664860379212104,0.15107142857142852,23382.1,-267215.0,1.69,1.6001,1.71
2023-11-24,1.73,1.73,1.68,1.7229,3912.0,1.6321649999999999,1.6487845374861465,0.00229385113872671,57.285120566696285,0.03290000000000015,1.7797310533634647,1.484598946636535,0.15035714285714283,23382.2,-263303.0,1.72,1.69,1.69
2023-11-27,1.75,1.8366,1.68,1.73,25611.0,1.639415,1.6565193434398469,0.007552910767926635,56.09310165086105,0.19999999999999996,1.7914057653012114,1.4874242346987887,0.1475,22741.4,-237692.0,1.7229,1.62,1.53
2023-11-28,1.78,1.85,1.7001,1.79,22925.0,1.649915,1.669231786921766,0.01636999556584695,54.409716864815856,0.31000000000000005,1.8132173450374873,1.4866126549625127,0.14615,23441.7,-214767.0,1.73,1.74,1.48
2023-11-29,1.72,1.7809,1.63,1.73,35014.0,1.656165,1.6750192357863598,0.018308216810052125,51.1904753373016,0.1499999999999999,1.8217811481448036,1.4905488518551966,0.1469357142857143,25059.9,-249781.0,1.79,1.69,1.58
2023-11-30,1.74,1.8131,1.66,1.76,17043.0,1.666665,1.6831126419019447,0.02200976988630443,54.11764616747407,0.15989999999999993,1.8305597451070044,1.5027702548929958,0.14072857142857143,24523.45,-232738.0,1.73,1.72,1.6001
2023-12-01,1.72,1.77,1.72,1.72,4243.0,1.6726649999999998,1.686625723625569,0.021469928094912216,63.01369742165512,0.030000000000000027,1.8350631238548787,1.510266876145121,0.12287142857142859,24444.2,-236981.0,1.76,1.7229,1.69
2023-12-04,1.75,1.75,1.7,1.7,16650.0,1.677665,1.6878994642326577,0.019207692351580263,65.71428440000003,0.07999999999999985,1.8367673937098878,1.518562606290112,0.1128714285714286,23850.2,-253631.0,1.72,1.73,1.62
2023-12-05,1.66,1.75,1.66,1.67,11735.0,1.679665,1.686194753353357,0.014824404402109304,57.14285587301589,-0.07000000000000006,1.837242894188391,1.522087105811609,0.10930000000000004,23008.2,-265366.0,1.7,1.79,1.74
2023-12-06,1.74,1.74,1.58,1.6,12590.0,1.6736499999999999,1.677985729224466,0.005639773967368589,49.99264494793789,-0.08999999999999986,1.833859054215538,1.5134409457844618,0.11287142857142861,22699.85,-277956.0,1.67,1.73,1.69
2023-12-07,1.695,1.735,1.6,1.62,32017.0,1.6691500000000001,1.6724632788221359,-2.562925195892518e-05,44.262294066111295,-0.09999999999999987,1.830114180389386,1.5081858196106144,0.1146571428571429,23744.5,-245939.0,1.6,1.76,1.72
2023-12-08,1.61,1.75,1.5861,1.63,20620.0,1.66615,1.6684191570295515,-0.0036666117927766084,50.90908961322316,-0.0929000000000002,1.8277133947598325,1.5045866052401675,0.11422857142857147,21771.15,-225319.0,1.62,1.72,1.7229
2023-12-11,1.61,1.6464,1.61,1.63,2781.0,1.6711500000000001,1.6647601896934037,-0.006477432754209422,37.20930111411577,-0.10000000000000009,1.8207163697071442,1.521583630292856,0.1082571428571429,18530.4,-225319.0,1.63,1.7,1.73
2023-12-12,1.63,1.73,1.61,1.67,19307.0,1.68065,1.6652592192464128,-0.005415998591709492,47.61904603174608,-0.1200000000000001,1.8002246584664745,1.5610753415335255,0.1111214285714286,17934.85,-206012.0,1.63,1.67,1.79
2023-12-13,1.67,1.69,1.64,1.66,16748.0,1.68465,1.664758341222945,-0.00532014334546238,42.49999851250004,-0.07000000000000006,1.7950482932743996,1.5742517067256003,0.10827142857142859,17530.85,-222760.0,1.67,1.6,1.73
2023-12-14,1.72,1.8,1.64,1.65,59316.0,1.6871450000000003,1.663352784915998,-0.0059819036994821495,41.04642452800306,-0.1100000000000001,1.7915928106898389,1.5826971893101618,0.11612857142857146,19228.4,-282076.0,1.66,1.62,1.76
2023-12-15,1.71,1.79,1.55,1.57,29113.0,1.6811450000000001,1.6544620434954267,-0.012812270851873864,33.33333236111113,-0.1499999999999999,1.7979572105189412,1.564332789481059,0.12208571428571431,19432.7,-311189.0,1.65,1.63,1.72
2023-12-18,1.58,1.81,1.58,1.74,96232.0,1.687145,1.6626085155434813,-0.004459753348022399,45.76271077851194,0.040000000000000036,1.8030572985164819,1.571232701483518,0.12780714285714287,23187.95,-214957.0,1.57,1.63,1.7
2023-12-19,1.7,1.725,1.6577,1.66,8981.0,1.6831450000000001,1.662360085491721,-0.00424526311490081,44.262294066111274,-0.010000000000000009,1.79687838120361,1.5694116187963902,0.1218357142857143,22888.4,-223938.0,1.74,1.67,1.67
2023-12-20,1.73,1.76,1.56,1.58,31883.0,1.677645,1.654516267825843,-0.010409253552945863,36.36363559228652,-0.020000000000000018,1.800273655962477,1.555016344037523,0.1251857142857143,24107.05,-255821.0,1.66,1.66,1.6
2023-12-21,1.63,1.6726,1.59,1.64,21568.0,1.6736449999999998,1.6531337661281436,-0.010334561881312654,44.11764615051904,0.019999999999999796,1.7956740642688103,1.5516159357311894,0.12751428571428572,24414.45,-234253.0,1.58,1.65,1.62
2023-12-22,1.62,1.695,1.61,1.61,14875.0,1.668,1.6490257884016537,-0.012550995733003,43.47825998739763,-0.019999999999999796,1.7908777741026698,1.54512222589733,0.13001428571428572,24962.6,-249128.0,1.64,1.57,1.63
2023-12-26,1.58,1.6786,1.58,1.62,6830.0,1.6625,1.6462614276014962,-0.01334689192531191,46.26865574961019,-0.009999999999999787,1.7835263129284635,1.5414736870715366,0.13062857142857143,24023.55,-242298.0,1.61,1.74,1.63
2023-12-27,1.66,1.85,1.63,1.67,121027.0,1.6565,1.6485222440204013,-0.009830366030328719,55.384614191716,0.0,1.7617865763423832,1.551213423657617,0.13491428571428574,28928.65,-121271.0,1.62,1.66,1.67
2023-12-28,1.775,2.1,1.65,1.98,2101665.0,1.6689999999999998,1.6800915541136965,0.017762561686656797,69.14893514033503,0.32000000000000006,1.8459805222705694,1.4920194777294302,0.15741428571428573,132261.2,1980394.0,1.67,1.58,1.66
2023-12-29,1.88,1.91,1.68,1.7501,237676.0,1.6685050000000001,1.6867590251504874,0.020841327593778658,55.17716977973932,0.10010000000000008,1.8444663052559402,1.49254369474406,0.16213571428571433,143292.85,1742718.0,1.98,1.64,1.65
2024-01-02,1.78,1.91,1.69,1.855,154862.0,1.675255,1.7027819751361553,0.03138300950076012,58.89468625511891,0.2849999999999999,1.8689931355280895,1.4815168644719103,0.17525000000000004,150823.8,1897580.0,1.7501,1.61,1.57
2024-01-03,1.88,2.0199,1.73,1.93,218520.0,1.6867550000000002,1.72442178702795,0.045266725282441245,60.00153805199144,0.18999999999999995,1.911501130228392,1.4620088697716085,0.18738571428571432,160917.3,2116100.0,1.855,1.62,1.74
2024-01-04,1.89,1.9196,1.77,1.78,61093.0,1.6922549999999998,1.7297149501681452,0.04366384853083538,54.16724492405791,0.1200000000000001,1.9206292586194984,1.4638807413805013,0.19450000000000003,163385.2,2055007.0,1.93,1.67,1.66
2024-01-05,1.84,1.86,1.7606,1.82,64814.0,1.7032549999999997,1.7383135263426077,0.04510100443560949,55.78309921012152,0.24,1.934099267167751,1.4724107328322484,0.1901714285714286,165996.4,2119821.0,1.78,1.98,1.58
2024-01-08,1.84,2.28,1.81,2.12,431096.0,1.728255,1.774664619071883,0.06964245722932039,66.27411473083347,0.4800000000000002,2.0211059983987822,1.435404001601218,0.20660000000000003,185950.35,2550917.0,1.82,1.7501,1.64
2024-01-09,2.2,2.37,2.13,2.1795,541993.0,1.7557300000000002,1.8132203696364657,0.09282245377037968,63.914391885771245,0.5694999999999999,2.1070399102681807,1.4044200897318198,0.20731428571428573,212019.0,3092910.0,2.12,1.855,1.61
2024-01-10,2.28,2.45,2.1603,2.24,578801.0,1.7862300000000002,1.853866048718707,0.1147514182725391,68.59212658014505,0.6200000000000001,2.1931033158587576,1.3793566841412428,0.22320000000000004,240820.0,3671711.0,2.1795,1.93,1.62
2024-01-11,2.3,3.01,2.26,2.93,968966.0,1.84923,1.9563549964597826,0.1856632686230446,81.10885743592775,1.2600000000000002,2.4983854678762936,1.2000745321237063,0.2624857142857143,288302.95,4640677.0,2.24,1.78,1.67
2024-01-12,2.86,2.86,2.36,2.57,442822.0,1.8947300000000002,2.014797377749327,0.21038905728421753,68.82743502972545,0.5899999999999999,2.6120289983630514,1.177431001636949,0.2923,309606.65,4197855.0,2.93,1.82,1.98
2024-01-16,2.88,3.0,2.7,2.83,498620.0,1.9537299999999997,2.0924357227255816,0.24810294044805392,72.59426586550126,1.0799,2.773123485836679,1.1343365141633206,0.30765714285714285,331571.85,4696475.0,2.57,2.12,1.7501
2024-01-17,2.83,2.83,2.3,2.34,307851.0,1.99223,2.116013272942193,0.23573733420704324,61.32146648892995,0.4849999999999999,2.808058645837118,1.176401354162882,0.3384714285714286,345508.75,4388624.0,2.83,2.1795,1.855
2024-01-18,2.4,2.4,2.13,2.22,190926.0,2.01623,2.125916770757222,0.21379055566348937,58.46205895179124,0.29000000000000026,2.829051855539152,1.2034081444608482,0.3420428571428572,350243.45,4197698.0,2.34,2.24,1.93
2024-01-19,2.4,2.4,2.1,2.16,127015.0,2.0412299999999997,2.1291627925898675,0.18937332749795788,53.00019976598347,0.3800000000000001,2.8385276729982505,1.2439323270017488,0.3313285714285715,356145.15,4070683.0,2.22,2.93,1.78
2024-01-22,2.13,2.22,1.88,2.02,114789.0,2.06323,2.118766336152737,0.15691733012220643,54.63761615006474,0.19999999999999996,2.830663810209477,1.2957961897905226,0.33918571428571426,360290.45,3955894.0,2.16,2.57,1.82
2024-01-23,2.13,2.15,1.98,2.09,46877.0,2.08573,2.1160266850905716,0.1352844234824695,54.08695625835916,-0.03000000000000025,2.826853272933872,1.3446067270661277,0.33561428571428575,361555.9,4002771.0,2.02,2.83,2.12
2024-01-24,2.13,2.23,2.13,2.2,46206.0,2.11523,2.1240241436533744,0.1255684489262956,54.63917499486308,0.020500000000000185,2.8228332492264245,1.4076267507735754,0.32205000000000006,363122.45,4048977.0,2.09,2.34,2.1795
2024-01-25,2.27,2.29,2.1,2.17,62495.0,2.1427300000000002,2.1284027966387673,0.11413215753353567,56.98924702586041,-0.07000000000000028,2.8109496616461764,1.474510338353824,0.3249357142857144,365905.7,3986482.0,2.2,2.22,2.24
2024-01-26,2.17,2.17,2.02,2.09,23165.0,2.16373,2.124745387435075,0.09748989177902612,54.77031775025283,-0.8400000000000003,2.794760068847339,1.5326999311526612,0.32855,361012.6,3963317.0,2.17,2.16,2.93
2024-01-29,2.16,2.16,2.09,2.14,38153.0,2.17173,2.1261982076793537,0.08732856432071356,50.38759662580373,-0.4299999999999997,2.7969830270134466,1.546476972986554,0.2999785714285715,257837.0,4001470.0,2.09,2.02,2.57
2024-01-30,2.09,2.22,2.07,2.2,62451.0,2.1942250000000003,2.1332269498051297,0.0831583994808498,50.39720956963343,-0.6299999999999999,2.7871443142054817,1.601305685794519,0.2935500000000001,249075.75,4063921.0,2.14,2.09,2.83
2024-01-31,2.15,2.2699,2.1,2.19,46511.0,2.2109750000000004,2.138633906966546,0.07814579958036472,49.011857436298016,-0.1499999999999999,2.7820702059075,1.6398797940925007,0.28499285714285716,243658.2,4017410.0,2.2,2.2,2.34
2024-02-01,2.2,2.23,2.1201,2.23,50979.0,2.2259750000000005,2.147335439636399,0.07651880130923505,31.38297848970123,0.009999999999999787,2.7815451173237826,1.6704048826762183,0.2392714285714286,235281.15,4068389.0,2.19,2.17,2.22
2024-02-02,2.24,2.24,2.121,2.15,18618.0,2.2444750000000004,2.1475892072900753,0.06799045384392999,36.87499967734376,-0.010000000000000231,2.7607694360893746,1.7281805639106262,0.21205714285714292,233157.4,4049771.0,2.23,2.09,2.16
2024-02-05,2.18,2.57,2.15,2.45,131511.0,2.275975,2.176390235167211,0.08446500103693344,38.41463381841167,0.43000000000000016,2.7590302409295195,1.7929197590704802,0.22062857142857148,236492.25,4181282.0,2.15,2.14,2.02
2024-02-06,2.49,2.6399,2.4,2.55,166753.0,2.297475,2.2119721175322384,0.1043868923425344,58.399999345919994,0.45999999999999996,2.789493984978171,1.805456015021829,0.1999071428571429,223275.1,4348035.0,2.45,2.2,2.09
2024-02-07,2.5834,2.93,2.55,2.85,284159.0,2.3310000000000004,2.2727366777672633,0.14273680373545305,72.02797132280305,0.6499999999999999,2.877525869758964,1.784474130241037,0.2077642857142858,210383.4,4632194.0,2.55,2.19,2.2
2024-02-08,2.75,2.75,2.3603,2.4201,204608.0,2.340005,2.286771279884667,0.136862943628131,57.225400966078325,0.2501000000000002,2.8861524660122306,1.7938575339877696,0.21417142857142865,191673.75,4427586.0,2.85,2.23,2.17
2024-02-09,2.51,2.638,2.3601,2.43,76681.0,2.315005,2.3004121103718416,0.13149095322448368,62.27691886939941,0.3400000000000003,2.788362772670282,1.8416472273297182,0.20973571428571433,147059.5,4504267.0,2.4201,2.15,2.09
2024-02-12,2.5,2.81,2.5,2.68,212421.0,2.320505,2.3365633379554755,0.1457263888374376,65.94766951926296,0.54,2.808662634052989,1.8323473659470102,0.21973571428571434,135539.45,4716688.0,2.43,2.45,2.14
2024-02-13,2.54,2.57,2.31,2.33,86749.0,2.295505,2.3359382581501924,0.12729894412164544,53.11034513180934,0.1299999999999999,2.720987984878426,1.8700220151215738,0.23116428571428574,114945.9,4629939.0,2.68,2.55,2.2
2024-02-14,2.62,2.64,2.447,2.59,41421.0,2.308005,2.360134614516841,0.1321512734022101,59.05250416987021,0.3999999999999999,2.753223434739153,1.8627865652608475,0.23137857142857146,101624.4,4671360.0,2.33,2.85,2.19
2024-02-15,2.6,2.7499,2.53,2.655,96009.0,2.329755,2.388217032181904,0.13963208151965167,62.257028431274556,0.4249999999999998,2.79873862882436,1.8607713711756402,0.23637142857142862,96878.55,4767369.0,2.59,2.4201,2.23
2024-02-16,2.61,2.62,2.51,2.58,60847.0,2.3507550000000004,2.4064820767360082,0.13791901802679218,59.442870275474206,0.43000000000000016,2.825313544888107,1.8761964551118935,0.23922857142857148,93570.15,4706522.0,2.655,2.43,2.15
2024-02-20,2.65,2.7181,2.58,2.68,66887.0,2.383755,2.43253140276115,0.1429822756788841,60.1274365592944,0.22999999999999998,2.8532342208842754,1.9142757791157243,0.23837857142857147,91175.05,4773409.0,2.58,2.68,2.45
2024-02-21,2.73,2.8499,2.61,2.66,110883.0,2.412255,2.45419507868866,0.14372435769853675,59.874779040992145,0.11000000000000032,2.875816796141686,1.948693203858314,0.24337857142857147,94375.35,4662526.0,2.68,2.33,2.55
2024-02-22,2.74,2.9,2.62,2.81,82716.0,2.442755,2.4880812616706924,0.15463358653102333,61.647521542667974,-0.040000000000000036,2.927309968800728,1.9582000311992724,0.25552857142857144,96200.85,4745242.0,2.66,2.59,2.85
2024-02-23,2.75,2.75,2.4401,2.46,145134.0,2.457255,2.4854068557972933,0.13349848146529286,55.61634872866553,0.039899999999999824,2.9244901621366295,1.9900198378633704,0.2691642857142857,100332.8,4600108.0,2.81,2.655,2.4201
2024-02-26,2.47,2.6212,2.46,2.46,22146.0,2.4757550000000004,2.48298715524517,0.11541828801988929,50.20326827268649,0.029999999999999805,2.909891192431531,2.0416188075684696,0.2506785714285714,100281.85,4600108.0,2.46,2.58,2.43
2024-02-27,2.55,2.89,2.45,2.79,253702.0,2.508255,2.512226473793249,0.1262621981474381,54.46129795432443,0.10999999999999988,2.933793942370359,2.082716057629641,0.2649714285714286,111059.3,4853810.0,2.46,2.68,2.68
2024-02-28,2.66,2.77,2.55,2.59,104696.0,2.527755,2.51963347628913,0.1173649333383886,44.980307116486095,0.2599999999999998,2.9288593202013784,2.1266506797986215,0.2535428571428571,113171.55,4749114.0,2.79,2.66,2.33
2024-02-29,2.65,2.65,2.41,2.44,86548.0,2.540255,2.512049335690165,0.09709090488267602,50.430754272466096,-0.1499999999999999,2.9115116737305513,2.168998326269449,0.24284999999999998,115173.4,4662566.0,2.59,2.81,2.59
2024-03-01,2.45,2.515,2.41,2.42,31519.0,2.549755,2.503282732291102,0.07850481241944474,49.78448245819708,-0.23499999999999988,2.896498590841234,2.2030114091587665,0.23049999999999998,114200.4,4631047.0,2.44,2.46,2.655
2024-03-04,2.58,2.58,2.33,2.34,40894.0,2.559255,2.4877319958824256,0.05666668219229143,42.09302298171984,-0.2400000000000002,2.868238361670936,2.2502716383290635,0.2262142857142857,115314.2,4590153.0,2.42,2.46,2.58
2024-03-05,2.5,2.5,2.3,2.41,74240.0,2.557255,2.480328948655528,0.04449528282041726,52.13903704280935,-0.27,2.8697142805470803,2.24479571945292,0.22192857142857145,112450.65,4664393.0,2.34,2.79,2.68
2024-03-06,2.55,2.55,2.43,2.5,43489.0,2.5547549999999997,2.482202382116906,0.04163167483467145,47.352940786505194,-0.16000000000000014,2.868257055562805,2.2412529444371945,0.2167142857142857,106287.45,4707882.0,2.41,2.59,2.66
2024-03-07,2.6,2.64,2.46,2.49,69018.0,2.536755,2.4829450123914865,0.03811595437947757,44.98480204876157,-0.31999999999999984,2.818624850332232,2.2548851496677678,0.2138642857142857,95530.4,4638864.0,2.5,2.44,2.81
2024-03-08,2.54,2.57,2.33,2.43,43256.0,2.53725,2.477902630258964,0.030140794886689637,45.39877261620686,-0.029999999999999805,2.8182908286502517,2.256209171349748,0.22314999999999996,87462.8,4595608.0,2.49,2.42,2.46
2024-03-11,2.59,2.59,2.43,2.46,24687.0,2.53875,2.4761976178533485,0.02594212027043774,42.94871756328073,0.0,2.8176930237993325,2.259806976200667,0.22471428571428564,84863.1,4620295.0,2.43,2.34,2.46
2024-03-12,2.54,2.58,2.41,2.53,58507.0,2.53125,2.4813216542482674,0.027940952144725806,45.96273251957871,-0.26000000000000023,2.8021524877972444,2.2603475122027556,0.21972142857142848,77167.4,4678802.0,2.46,2.41,2.79
2024-03-13,2.6,2.6,2.48,2.5,27487.0,2.53975,2.483100544319861,0.02679541729594659,39.59731506418629,-0.08999999999999986,2.7942355491709527,2.2852644508290476,0.20829285714285709,74204.3,4651315.0,2.53,2.5,2.59
2024-03-14,2.6,2.6,2.4,2.49,32147.0,2.53475,2.483757635337017,0.024794838799830465,51.304347201512314,0.050000000000000266,2.7890079502457237,2.280492049754276,0.20044285714285712,73740.6,4619168.0,2.5,2.49,2.44
2024-03-15,2.5,2.59,2.47,2.5,20102.0,2.527,2.485304527209682,0.0237425905245936,51.724137306777656,0.08000000000000007,2.7752019551218625,2.2787980448781378,0.19749999999999995,69945.25,4639270.0,2.49,2.43,2.42
2024-03-18,2.6,2.6,2.41,2.48,25724.0,2.522,2.4847993341420933,0.021052170573361728,31.76470535916954,0.14000000000000012,2.769735002732651,2.2742649972673488,0.17964285714285708,68189.1,4613546.0,2.5,2.46,2.34
2024-03-19,2.52,2.52,2.4001,2.43,11232.0,2.5095,2.4795803499380846,0.01471578522364636,38.571427800000016,0.020000000000000018,2.748751024306226,2.2702489756937743,0.17249285714285706,65406.35,4602314.0,2.48,2.53,2.41
2024-03-20,2.5,2.5,2.44,2.5,11811.0,2.5015,2.4815250785154097,0.015167714364887175,54.83870843912595,0.0,2.73002156410973,2.2729784358902703,0.15963571428571424,60452.75,4614125.0,2.43,2.5,2.5
2024-03-21,2.5,2.55,2.4501,2.49,16270.0,2.4855,2.4823322138948947,0.014551219027044926,55.737703638806835,0.0,2.661953363452454,2.309046636547546,0.1592714285714285,57130.45,4597855.0,2.5,2.49,2.49
2024-03-22,2.51,2.55,2.49,2.5,10716.0,2.4875,2.484014860190619,0.014700103444116763,64.81481313443084,0.06999999999999984,2.6636428845837186,2.311357115416281,0.1456999999999999,50409.55,4608571.0,2.49,2.5,2.43
2024-03-25,2.55,2.55,2.46,2.46,18023.0,2.4875,2.481727730648655,0.011458349889184927,54.90195927720112,0.0,2.6636428845837186,2.311357115416281,0.13784285714285702,50203.4,4590548.0,2.5,2.48,2.46
2024-03-26,2.5,2.5,2.45,2.46,23029.0,2.471,2.4796584229678307,0.00878793501378805,45.238093730158745,-0.06999999999999984,2.5748014298654165,2.3671985701345837,0.13284285714285704,38669.75,4590548.0,2.46,2.43,2.53
2024-03-27,2.47,2.47,2.13,2.21,85907.0,2.4520000000000004,2.453976668399466,-0.013347411500151729,28.787878177226744,-0.29000000000000004,2.5955783299878683,2.3084216700121325,0.14427142857142847,37730.3,4504641.0,2.46,2.5,2.5
2024-03-28,2.37,2.49,2.25,2.49,38594.0,2.4545,2.4574074618852313,-0.008201656737070628,53.409090059400846,0.0,2.598937201797728,2.3100627982022717,0.14427142857142852,35332.6,4543235.0,2.21,2.49,2.49
2024-04-01,2.5,2.6,2.5,2.5,21051.0,2.4585,2.461463894086638,-0.003278896462013847,52.32558054353707,0.0,2.6033447444679982,2.3136552555320016,0.13998571428571424,34809.2,4564286.0,2.49,2.5,2.5
2024-04-02,2.5,2.5,2.4,2.4,14782.0,2.4615,2.4556101898879104,-0.007361866358346791,42.696628541850785,-0.08000000000000007,2.598271034175638,2.324728965824362,0.13498571428571426,33503.6,4549504.0,2.5,2.46,2.48
2024-04-03,2.46,2.46,2.4,2.42,6130.0,2.462,2.452218743231919,-0.008881438376045825,45.45454473140496,-0.010000000000000231,2.5980495265857635,2.325950473414237,0.13069999999999998,30098.1,4555634.0,2.4,2.46,2.43
2024-04-04,2.36,2.425,2.33,2.34,22214.0,2.454,2.441531243876498,-0.016352533925370505,42.10526253739611,-0.16000000000000014,2.5991532765190315,2.308846723480969,0.12319999999999995,29034.35,4533420.0,2.42,2.21,2.5
2024-04-05,2.351,2.37,2.3,2.3,8665.0,2.4445,2.428052077793022,-0.025210483161234976,39.79591779883382,-0.1900000000000004,2.6039034933249914,2.285096506675009,0.11962857142857142,26016.7,4524755.0,2.34,2.49,2.49
2024-04-08,2.32,2.35,2.2132,2.3,22238.0,2.438,2.4158566418127343,-0.03186317282003426,40.62499940755208,-0.20000000000000018,2.6099975520021634,2.266002447997837,0.11582857142857142,24965.8,4524755.0,2.3,2.5,2.5
2024-04-09,2.27,2.37,2.27,2.33,9005.0,2.4315,2.4076798187829502,-0.03431912019781036,44.68085039837031,-0.1299999999999999,2.6097104019647035,2.253289598035297,0.11440714285714286,24181.7,4533760.0,2.3,2.4,2.46
2024-04-10,2.35,2.35,2.29,2.31,9147.0,2.4204999999999997,2.3983769788988596,-0.03744763489704317,39.325842078020464,-0.1499999999999999,2.600263001872202,2.2407369981277974,0.11440714285714286,21713.7,4524613.0,2.33,2.42,2.46
2024-04-11,2.31,2.33,2.25,2.25,17431.0,2.408,2.384245838051349,-0.04425831853904327,37.23404199864193,0.040000000000000036,2.598909182046003,2.2170908179539968,0.11298571428571431,21210.9,4507182.0,2.31,2.34,2.21
2024-04-12,2.29,2.34,2.2,2.25,12178.0,2.396,2.3714605201416967,-0.04908995585342968,36.559139234593616,-0.2400000000000002,2.5951983935678204,2.1968016064321794,0.11870000000000003,20212.45,4507182.0,2.25,2.3,2.49
2024-04-15,2.27,2.3444,2.14,2.14,16906.0,2.3779999999999997,2.349416661080583,-0.061090921109510976,33.99999952400002,-0.3599999999999999,2.601239309875489,2.1547606901245104,0.12687142857142858,20052.65,4490276.0,2.25,2.3,2.5
2024-04-16,2.29,2.3499,2.14,2.18,35926.0,2.363,2.3332817409776703,-0.06660631216972268,36.538461046597654,-0.21999999999999975,2.5974175312287224,2.1285824687712775,0.13829285714285716,20562.75,4526202.0,2.14,2.33,2.4
2024-04-17,2.18,2.245,2.14,2.14,8291.0,2.3485,2.314873956122654,-0.07335932289184166,45.7831317578749,-0.2799999999999998,2.600671620758146,2.096328379241854,0.12150714285714284,20415.7,4517911.0,2.18,2.31,2.42
2024-04-18,2.1,2.25,2.1,2.18,10583.0,2.3325,2.302028817444306,-0.07462325762447852,23.728812996265475,-0.1599999999999997,2.5848051619306327,2.0801948380693673,0.11507857142857139,20354.3,4528494.0,2.14,2.25,2.34
2024-04-19,2.22,2.2599,2.0,2.04,17789.0,2.31,2.2770736919734196,-0.08593119921095926,18.05555520447534,-0.2599999999999998,2.582609224850674,2.0373907751493263,0.12649999999999997,20430.25,4510705.0,2.18,2.25,2.3
2024-04-22,2.2,2.21,1.97,1.97,22708.0,2.2835,2.2478285784521415,-0.09939546818234701,18.840579327872334,-0.32999999999999985,2.580309348696576,1.9866906513034246,0.13649999999999995,21029.85,4487997.0,2.04,2.14,2.3
2024-04-23,2.01,2.14,2.0,2.14,12193.0,2.2675,2.237559190028128,-0.0952504357682078,33.33333277777781,-0.18999999999999995,2.558695358551792,1.9763046414482084,0.14221428571428568,20738.35,4500190.0,1.97,2.18,2.33
2024-04-24,2.14,2.14,2.06,2.11,6250.0,2.25,2.225410695739735,-0.09331058982192708,35.4430373465791,-0.20000000000000018,2.534475509999499,1.965524490000501,0.14114285714285713,19899.4,4493940.0,2.14,2.14,2.31
2024-04-25,2.14,2.14,2.01,2.01,7949.0,2.2399999999999998,2.2048953913835696,-0.09870460463903719,32.941175928027704,-0.2400000000000002,2.54380048854817,1.9361995114518296,0.1454285714285714,16001.5,4485991.0,2.11,2.18,2.25
2024-04-26,2.1,2.1,2.0,2.0495,3008.0,2.217975,2.1900958302994202,-0.0986548494340016,35.91905508390474,-0.2004999999999999,2.50906667935459,1.92688332064541,0.14279999999999998,14222.2,4488999.0,2.01,2.04,2.25
2024-04-29,2.21,2.21,1.95,1.97,179632.0,2.191475,2.1691343226518565,-0.10383347441197577,30.83067046684839,-0.17000000000000015,2.470720878262004,1.912229121737996,0.1542285714285714,22151.25,4309367.0,2.0495,1.97,2.14
2024-04-30,2.06,2.06,1.9,1.97,19897.0,2.169975,2.1501691490659653,-0.10670751416119639,31.501631729028475,-0.2100000000000002,2.4478315466680933,1.8921184533319066,0.16137142857142855,22407.0,4309367.0,1.97,2.14,2.18
2024-05-01,1.96,1.96,1.78,1.83,14937.0,2.140475,2.119676849154921,-0.1189113034643885,28.97897857286719,-0.31000000000000005,2.4315296114427807,1.8494203885572191,0.16851428571428567,22847.35,4294430.0,1.97,2.11,2.14
2024-05-02,1.91,2.0,1.84,2.0,20303.0,2.123475,2.1082790539973097,-0.11355631125542942,39.3070996147995,-0.18000000000000016,2.4050228785122347,1.8419271214877655,0.16994285714285715,22751.8,4314733.0,1.83,2.01,2.18
2024-05-03,1.9,2.0,1.895,1.9585,8613.0,2.1064,2.094014382188042,-0.11137725621640282,41.753747765059096,-0.08150000000000013,2.3842690717813606,1.8285309282186393,0.16284285714285715,22749.2,4306120.0,2.0,2.0495,2.04
2024-05-06,1.98,2.0399,1.9559,2.02,8926.0,2.0924000000000005,2.0869653934082284,-0.10349478075212293,42.86987468789818,0.050000000000000044,2.3571013411375237,1.8276986588624773,0.15385000000000001,22083.6,4315046.0,1.9585,1.97,1.97
2024-05-07,2.02,2.02,1.91,1.94,6141.0,2.0728999999999997,2.0729686892741115,-0.10252138980372738,41.39414752192938,-0.20000000000000018,2.3208322063536158,1.8249677936463837,0.1542071428571429,21940.4,4308905.0,2.02,1.97,2.14
2024-05-08,2.0,2.1005,1.9067,1.98,17490.0,2.0564,2.0641145283908626,-0.09739954387498306,41.39414752192938,-0.1299999999999999,2.280689896996589,1.8321101030034108,0.1573357142857143,22357.55,4326395.0,1.94,1.83,2.11
2024-05-09,2.0,2.0,1.955,1.975,3379.0,2.04265,2.0556274304488755,-0.09267559564111894,46.83544239951686,-0.0349999999999997,2.2500484469312094,1.8352515530687907,0.1419857142857143,21654.95,4323016.0,1.98,2.0,2.01
2024-05-10,1.98,2.0,1.86,1.95,6541.0,2.0276500000000004,2.04556767516803,-0.08991266619158389,48.981669362786796,-0.09950000000000014,2.214257976362506,1.841042023637495,0.13484285714285715,21373.1,4316475.0,1.975,1.9585,2.0495
2024-05-13,1.92,1.9899,1.87,1.89,16345.0,2.01515,2.0307517061044082,-0.09150965634271335,35.665137042073496,-0.08000000000000007,2.2035544082622165,1.826745591737784,0.13340714285714286,21345.05,4300130.0,1.95,2.02,1.97
2024-05-14,1.87,1.9715,1.86,1.87,13033.0,1.9996500000000001,2.0154420198087504,-0.09331345577675676,36.07888572493692,-0.09999999999999987,2.1818558119126314,1.8174441880873686,0.13565714285714284,20200.4,4287097.0,1.89,1.94,1.97
2024-05-15,1.87,1.9424,1.87,1.9001,9955.0,1.9876550000000002,2.00445706554125,-0.09126214835708524,43.06274384184016,0.07009999999999983,2.162390607494066,1.8129193925059341,0.1315428571428571,20283.6,4297052.0,1.87,1.98,1.83
2024-05-16,1.93,1.95,1.82,1.83,41810.0,1.970155,1.987842106918274,-0.09420699646837316,36.659778153352505,-0.16999999999999993,2.1335164201057033,1.8067935798942971,0.1336857142857142,21844.95,4255242.0,1.9001,1.975,2.0
2024-05-17,1.83,1.9499,1.83,1.93,15418.0,1.9646549999999998,1.9823333348308192,-0.08746342230667858,47.628082700672245,-0.02849999999999997,2.1255028388513892,1.8038071611486104,0.12367857142857135,21726.4,4270660.0,1.83,1.95,1.9585
2024-05-20,1.99,1.99,1.8617,1.92,7746.0,1.9621549999999999,1.9763968267516936,-0.08198098182937441,47.0698538924309,-0.10000000000000009,2.124202835367749,1.8001071646322508,0.12141428571428563,20978.3,4262914.0,1.93,1.89,2.02
2024-05-21,1.93,1.94,1.88,1.9101,7900.0,1.9506599999999998,1.9700828432515323,-0.07754110980509865,55.53865194642354,-0.029900000000000038,2.0907132289787462,1.8106067710212532,0.11284285714285706,20763.65,4255014.0,1.92,1.87,1.94
2024-05-22,1.91,1.95,1.9001,1.94,7640.0,1.9421599999999999,1.9672178105609102,-0.07079373318554483,44.85420132425588,-0.040000000000000036,2.0604372906085064,1.8238827093914936,0.10497857142857137,20833.15,4262654.0,1.9101,1.9001,1.98
2024-05-23,1.93,1.95,1.9,1.94,18509.0,1.93866,1.9646256381265377,-0.0647005608081983,48.29178083825497,-0.03500000000000014,2.0525460076429365,1.8247739923570636,0.10104999999999995,21361.15,4262654.0,1.94,1.83,1.975
2024-05-24,1.89,1.99,1.86,1.907,7522.0,1.9315349999999998,1.9591374821144865,-0.06182185795948558,38.98635371187338,-0.04299999999999993,2.0334215679903243,1.829648432009675,0.10433571428571423,21586.85,4255132.0,1.94,1.93,1.95
2024-05-28,1.99,2.15,1.9102,2.05,45573.0,1.9355349999999998,1.9677910552464402,-0.04745453457165394,59.54860966374907,0.15999999999999992,2.0493617802177577,1.8217082197822418,0.1136071428571428,14883.9,4300705.0,1.907,1.92,1.89
2024-05-29,2.03,2.21,2.0014,2.11,36867.0,1.942535,1.9813347642705887,-0.030870967653490622,60.906038837777615,0.23999999999999977,2.080041934179238,1.805028065820762,0.11466428571428568,15732.4,4337572.0,2.05,1.9101,1.87
2024-05-30,2.3,2.34,2.13,2.2,34152.0,1.961035,2.0021600248162468,-0.010346851815005387,66.51982242103156,0.2999000000000003,2.130612087268064,1.791457912731936,0.12644999999999998,16693.15,4371724.0,2.11,1.94,1.9001
2024-05-31,2.21,2.27,2.14,2.175,19225.0,1.969785,2.018620974833747,0.0038569068428557785,66.51982242103153,0.34499999999999975,2.1640850097516164,1.7754849902483831,0.12573571428571426,16639.25,4352499.0,2.2,1.94,1.83
2024-06-03,2.22,2.37,2.18,2.3,19723.0,1.98686,2.045418977230533,0.02491276401686715,77.47989130734788,0.3699999999999999,2.2306924826165537,1.7430275173834464,0.1307428571428571,17194.75,4372222.0,2.175,1.907,1.93
2024-06-04,2.21,2.35,2.18,2.35,17060.0,2.00336,2.074426693684768,0.04511421590897369,80.92783359150815,0.43000000000000016,2.29634292675244,1.71037707324756,0.13492142857142855,17601.45,4389282.0,2.3,2.05,1.92
2024-06-05,2.31,2.34,2.1,2.13,32588.0,2.01286,2.079719389524314,0.04287758515310003,61.900816992844554,0.21989999999999998,2.309491413320345,1.7162285866796547,0.14689285714285713,18923.8,4356694.0,2.35,2.11,1.9101
2024-06-06,2.1,2.2,2.1,2.155,6806.0,2.02161,2.0868889714743792,0.04263090760248911,67.6476966256866,0.21499999999999986,2.3244200596257176,1.7187999403742822,0.14474999999999996,18389.6,4363500.0,2.13,2.2,1.94
2024-06-07,2.16,2.21,2.11,2.1386,13082.0,2.0297899999999998,2.0918138313339623,0.040643557332644686,62.45819293548171,0.1985999999999999,2.3361170003736182,1.723462999626381,0.14332857142857142,18874.75,4350418.0,2.155,2.175,1.94
2024-06-10,2.13,2.25,2.12,2.12,14128.0,2.03829,2.0944982283497753,0.037139581433701885,61.82312501120389,0.21300000000000008,2.3447291406908923,1.7318508593091073,0.14345,19254.1,4336290.0,2.1386,2.3,1.907
2024-06-11,2.12,2.1858,2.12,2.1755,8554.0,2.052565,2.1022126827926537,0.038398408397931405,64.88669406729446,0.12550000000000017,2.3565073925680724,1.7486226074319275,0.1438642857142857,18864.55,4344844.0,2.12,2.35,2.05
2024-06-12,2.17,2.265,2.16,2.24,10997.0,2.071065,2.1153352844314486,0.04409237916927777,66.19870310282738,0.13000000000000034,2.3732557886366594,1.7688742113633404,0.14779999999999996,18762.75,4355841.0,2.1755,2.13,2.11
2024-06-13,2.22,2.2896,2.18,2.26,53034.0,2.08906,2.129112876390358,0.049646431684652104,66.9133182486401,0.05999999999999961,2.3912476544902517,1.7868723455097482,0.15205714285714284,20916.7,4408875.0,2.24,2.155,2.2
2024-06-14,2.19,2.26,2.12,2.16,11410.0,2.1055599999999997,2.132054507210324,0.045454918201426775,62.48765955100965,-0.01499999999999968,2.383231880576989,1.8278881194230103,0.1527714285714285,19396.7,4397465.0,2.26,2.1386,2.175
2024-06-17,2.22,2.22,2.09,2.11,6755.0,2.11456,2.129954077952198,0.03766436020646857,53.26086875472591,-0.18999999999999995,2.3796563471328147,1.8494636528671855,0.14492857142857138,18963.55,4390710.0,2.16,2.12,2.3
2024-06-18,2.1,2.18,2.0319,2.18,7544.0,2.12756,2.134720356242465,0.03671546869242581,53.76344005087295,-0.16999999999999993,2.3775537464481094,1.8775662535518904,0.14060714285714285,18953.45,4398254.0,2.11,2.1755,2.35
2024-06-20,2.19,2.2,2.11,2.1748,9724.0,2.140795,2.138537465171754,0.03513881046097733,48.50922778143729,0.04479999999999995,2.369429210038663,1.9121607899613362,0.13203571428571428,19044.65,4388530.0,2.18,2.24,2.13
2024-06-21,2.16,2.19,2.01,2.15,2876.0,2.151295,2.1396291351553964,0.03152474708205766,48.5207092552782,-0.004999999999999893,2.3594754427338116,1.9431145572661885,0.13560714285714287,18806.45,4385654.0,2.1748,2.26,2.155
2024-06-24,2.15,2.15,2.06,2.14,18846.0,2.161295,2.139664455616787,0.027536238780075717,39.04109514167765,0.00140000000000029,2.344450217176446,1.978139782823554,0.12846428571428573,18823.3,4366808.0,2.15,2.16,2.1386
2024-06-25,2.14,2.16,2.13,2.15,3892.0,2.173445,2.140648793177093,0.024895256610349303,35.50724565637471,0.029999999999999805,2.3125034046174147,2.0343865953825855,0.11846428571428576,18641.8,4370700.0,2.14,2.11,2.12
2024-06-26,2.21,2.3,2.14,2.3,21705.0,2.1859450000000002,2.1558250985887986,0.034508216240190404,63.70967598074927,0.12449999999999983,2.323214914287235,2.0486750857127656,0.11275000000000003,17448.4,4392405.0,2.15,2.18,2.1755
2024-06-27,2.23,2.3,2.07,2.23,28701.0,2.191945,2.162889374913675,0.0360624357639856,55.63909657301152,-0.010000000000000231,2.3256828342721056,2.0582071657278944,0.12203571428571432,17040.1,4363704.0,2.3,2.1748,2.24
2024-06-28,2.22,2.3,2.2,2.26,7988.0,2.1949449999999997,2.1721380058742774,0.039262323563691304,58.94488531501858,0.0,2.33209201255454,2.0577979874454595,0.12203571428571428,15731.9,4371692.0,2.23,2.15,2.26
2024-07-01,2.26,2.28,2.18,2.228,31726.0,2.197595,2.177458195791013,0.03876921774674269,57.8034670386582,0.06800000000000006,2.3351668526137623,2.060023147386238,0.11989285714285712,16356.95,4339966.0,2.26,2.14,2.16
2024-07-02,2.23,2.3,2.23,2.27,11604.0,2.196095,2.1862717009537733,0.041291494155693,56.96388976050928,0.16000000000000014,2.3295583949421244,2.062631605057876,0.12019285714285712,15951.0,4351570.0,2.228,2.15,2.11
2024-07-03,2.28,2.36,2.2,2.209,52912.0,2.1890449999999997,2.188436300862938,0.03793098147335927,47.703702714293556,0.028999999999999915,2.3015242467407746,2.0765657532592248,0.12412142857142852,17743.6,4298658.0,2.27,2.3,2.18
2024-07-05,2.16,2.26,2.16,2.23,5824.0,2.194045,2.192394748399801,0.03654105293276855,47.78106409920874,0.05520000000000014,2.304342215215137,2.083747784784863,0.12343571428571422,16405.4,4304482.0,2.209,2.23,2.1748
2024-07-08,2.28,2.28,2.2,2.22,5726.0,2.197295,2.195023819980772,0.03423793453191948,55.119452608067704,0.07000000000000028,2.3065738894719114,2.0880161105280886,0.11914999999999994,16351.4,4298756.0,2.23,2.26,2.15
2024-07-09,2.15,2.2139,2.13,2.13,7234.0,2.196865,2.1888310752206985,0.02486383400970782,51.597442935520455,-0.010000000000000231,2.3071791213463837,2.086550878653616,0.11585714285714278,16059.0,4291522.0,2.22,2.228,2.14
2024-07-10,2.09,2.16,2.09,2.1458,7189.0,2.198155,2.184732877580632,0.018496503576623358,47.009442710506804,-0.0041999999999999815,2.3052406514050587,2.091069348594941,0.11027857142857135,15712.05,4298711.0,2.13,2.27,2.15
2024-07-11,2.23,2.23,2.11,2.15,6919.0,2.1968799999999997,2.1814249844777147,0.013632110744841608,47.82760919834175,-0.1499999999999999,2.3056946584552858,2.0880653415447137,0.11242142857142848,15630.3,4305630.0,2.1458,2.209,2.3
2024-07-12,2.16,2.25,2.135,2.18,8037.0,2.19388,2.1812892716703134,0.012058787452285724,52.60416538809323,-0.04999999999999982,2.3009840733413975,2.0867759266586026,0.10777857142857135,15482.3,4313667.0,2.15,2.23,2.23
2024-07-15,2.23,2.23,2.0,2.145,21044.0,2.18813,2.177833150558855,0.007896681894048019,50.41597220328849,-0.11499999999999977,2.292603357973789,2.0836566420262113,0.11777857142857136,13882.8,4292623.0,2.18,2.22,2.26
2024-07-16,2.16,2.2,2.03,2.1603,9821.0,2.188145,2.176163326696107,0.005766295119677078,50.84941330712225,-0.06770000000000032,2.292601437155216,2.083688562844784,0.12777857142857135,13803.35,4302444.0,2.145,2.13,2.228
2024-07-17,2.08,2.17,2.0201,2.09,4562.0,2.187145,2.167957295582192,-0.001576501279066722,30.060766386534866,-0.18000000000000016,2.2950765080088122,2.079213491991188,0.1270571428571428,13693.7,4297882.0,2.1603,2.1458,2.27
2024-07-18,2.15,2.2,2.09,2.135,6998.0,2.184895,2.1648185055267453,-0.0037216950365084323,40.53030189907449,-0.07400000000000029,2.2953014733990935,2.0744885266009065,0.11848571428571428,13666.4,4304880.0,2.09,2.15,2.209
2024-07-19,2.19,2.19,2.08,2.155,5845.0,2.183905,2.163883409762293,-0.003764548326925521,39.32058472235926,-0.07500000000000018,2.295045261784276,2.0727647382157244,0.1192,13472.45,4310725.0,2.135,2.18,2.23
2024-07-22,2.15,2.16,2.09,2.09,3407.0,2.180905,2.156846894546837,-0.008940407176144305,36.84712063313056,-0.13000000000000034,2.2989249354257506,2.0628850645742496,0.1170571428571429,13499.0,4307318.0,2.155,2.145,2.22
2024-07-23,2.09,2.1799,2.0,2.075,11784.0,2.177655,2.1490519522090428,-0.014090263454187735,30.405947697581865,-0.054999999999999716,2.303723276822745,2.0515867231772553,0.12490714285714291,13145.9,4295534.0,2.09,2.1603,2.13
2024-07-24,2.01,2.1,2.01,2.0265,7864.0,2.17148,2.1373803377129437,-0.021833424192286177,31.189444575031487,-0.11929999999999996,2.314244562903601,2.0287154370963987,0.11990714285714296,13344.5,4287670.0,2.075,2.09,2.1458
2024-07-25,2.01,2.1,2.01,2.1,13559.0,2.16148,2.1338203055498064,-0.0217879413177009,37.9092252032568,-0.04999999999999982,2.293990314990762,2.0289696850092382,0.1191928571428573,12937.2,4301229.0,2.0265,2.135,2.15
2024-07-26,2.07,2.1,2.06,2.1,1726.0,2.15498,2.1305993240688723,-0.02150401095925991,38.62774726916516,-0.08000000000000007,2.2860845962500873,2.023875403749913,0.11633571428571446,11588.45,4301229.0,2.1,2.155,2.18
2024-07-29,2.16,2.16,2.05,2.05,4398.0,2.14448,2.122923197967075,-0.02502510242564071,41.79655335284711,-0.0950000000000002,2.2737952590011323,2.015164740998868,0.11820000000000018,11408.95,4296831.0,2.1,2.09,2.145
2024-07-30,2.006,2.1115,1.99,2.05,6592.0,2.13558,2.1159781314940203,-0.02749860596836795,39.847391780704775,-0.11030000000000006,2.265193394369577,2.005966605630423,0.12187857142857159,10152.25,4296831.0,2.05,2.075,2.1603
2024-07-31,2.0,2.05,1.98,2.01,4316.0,2.12258,2.1058849761136376,-0.03231404485259626,36.20961287049925,-0.08000000000000007,2.2474966897112814,1.9976633102887187,0.11830714285714299,9787.85,4292515.0,2.05,2.0265,2.09
2024-08-01,2.05,2.05,1.98,2.04,3913.0,2.1141300000000003,2.099610216483767,-0.033325410992353977,36.20961287049925,-0.09499999999999975,2.237284025940148,1.9909759740598523,0.11509285714285725,7337.9,4296428.0,2.01,2.1,2.135
2024-08-02,1.99,2.08,1.93,2.05,9081.0,2.10513,2.0948854339615037,-0.0329402943110062,40.15747915001096,-0.10499999999999998,2.2185548111723232,1.9917051888276769,0.10937857142857155,7500.75,4305509.0,2.04,2.1,2.155
2024-08-05,1.89,2.0,1.7884,1.97,38713.0,2.0926299999999998,2.082991583108027,-0.03864494312079847,32.61465292050953,-0.11999999999999988,2.2078411489488263,1.977418851051173,0.11235000000000009,9150.1,4266796.0,2.05,2.05,2.09
2024-08-06,2.0,2.015,1.97,2.015,1723.0,2.08688,2.076516194240596,-0.039084255519020505,42.81609080569874,-0.06000000000000005,2.205661791976997,1.9680982080230027,0.10485714285714295,8874.55,4268519.0,1.97,2.05,2.075
2024-08-07,2.02,2.1199,2.0101,2.0101,12711.0,2.080095,2.070190842408158,-0.03937392471343282,37.040878774492036,-0.01639999999999997,2.200201242004421,1.959988757995579,0.10484285714285721,9150.65,4255808.0,2.015,2.01,2.0265
2024-08-08,2.06,2.06,1.8,1.8954,10219.0,2.067365,2.053544095512143,-0.04830202535738959,27.488726353031296,-0.20460000000000012,2.2084179169086005,1.9263120830913998,0.11555714285714293,9315.65,4245589.0,2.0101,2.04,2.1
2024-08-09,2.02,2.12,1.9,1.95,4491.0,2.055865,2.043682753082415,-0.0503909700216596,37.636876497851894,-0.15000000000000013,2.1957510780853786,1.915978921914621,0.12627142857142865,9138.35,4250080.0,1.8954,2.05,2.1
2024-08-12,2.01,2.5799,1.97,2.4999,286025.0,2.07361,2.0871320146936134,-0.007586684885324768,69.29434114056778,0.44989999999999997,2.314604814532559,1.832615185467441,0.15698571428571434,22387.4,4536105.0,1.95,1.97,2.05
2024-08-13,2.51,3.4425,2.25,3.08,2003994.0,2.119595,2.181690870437079,0.07231167733018751,82.26250924745811,1.0300000000000002,2.6302985703192663,1.6088914296807335,0.23573571428571433,122096.05,6540099.0,2.4999,2.015,2.05
2024-08-14,2.7,2.7,2.03,2.26,315282.0,2.1280949999999996,2.1891488827764047,0.06867293920578721,53.36247446743667,0.25,2.642370954901138,1.6138190450988614,0.27716428571428575,137632.05,6224817.0,3.08,2.0101,2.01
2024-08-15,2.37,2.38,2.1451,2.1451,56383.0,2.1285999999999996,2.184953751083414,0.05587366644614056,50.90413346992587,0.10509999999999975,2.6429243375638856,1.6142756624361136,0.29108571428571434,140101.3,6168434.0,2.26,1.8954,2.04
2024-08-16,2.17,2.31,2.1001,2.16,40666.0,2.12885,2.182577203361184,0.04639761324109326,52.236681280474365,0.11000000000000032,2.6432332259686335,1.6144667740313663,0.2982214285714286,141842.35,6209100.0,2.1451,1.95,2.05
2024-08-19,2.16,2.25,2.04,2.13,63936.0,2.1308499999999997,2.177569850660119,0.03605144491115597,51.60707082261994,0.15999999999999992,2.6449081556287424,1.616791844371257,0.30454285714285717,144868.8,6145164.0,2.16,2.4999,1.97
2024-08-20,2.22,2.3,2.13,2.2007,41314.0,2.137135,2.1797727220258216,0.03317451593237575,53.78418035759078,0.18569999999999975,2.651391697216072,1.622878302783928,0.31168571428571434,146345.3,6186478.0,2.13,3.08,2.015
2024-08-21,2.22,2.27,2.02,2.215,27521.0,2.14656,2.1831277008805055,0.03168319532519126,53.49440864659675,0.20489999999999986,2.6591860580271205,1.6339339419728796,0.3245428571428572,147328.15,6213999.0,2.2007,2.26,2.0101
2024-08-22,2.18,2.35,2.09,2.11,11503.0,2.1470599999999997,2.176163157939505,0.021777651317274938,51.15428983602922,0.2145999999999999,2.6595143230992995,1.6346056769007,0.3324000000000001,147225.35,6202496.0,2.215,2.1451,1.8954
2024-08-23,2.3,2.32,2.1184,2.32,62312.0,2.15806,2.189861904802409,0.030520855846550177,56.41260506054361,0.3699999999999999,2.675679736059106,1.640440263940894,0.33168571428571436,150254.65,6264808.0,2.11,2.16,1.95
2024-08-26,2.34,2.44,2.26,2.41,102572.0,2.17606,2.21082743767837,0.04420261602044029,57.119682480289995,-0.08989999999999965,2.702814753282082,1.6493052467179181,0.3413285714285715,155163.35,6367380.0,2.32,2.13,2.4999
2024-08-27,2.4,2.4,2.15,2.245,46360.0,2.18581,2.2140819674232874,0.04125581711897208,54.00293079443747,-0.835,2.7099525193891285,1.6616674806108718,0.35134285714285723,157151.75,6321020.0,2.41,2.2007,3.08
2024-08-28,2.31,2.37,2.149,2.2,14848.0,2.19531,2.212740827668689,0.034887176190449676,55.31699456275732,-0.05999999999999961,2.712881812052765,1.6777381879472353,0.34855714285714295,157678.35,6306172.0,2.245,2.215,2.26
2024-08-29,2.19,2.218,2.15,2.19,7669.0,2.20281,2.2105750345573854,0.028702204794416097,54.255620696652706,0.04490000000000016,2.7152273377238556,1.6903926622761445,0.3377,157866.15,6298503.0,2.2,2.11,2.1451
2024-08-30,2.13,2.26,2.06,2.06,12572.0,2.20331,2.1962345550757294,0.013158968464185516,40.835034554902094,-0.10000000000000009,2.715118672722227,1.691501327277773,0.3084214285714286,158040.7,6285931.0,2.19,2.32,2.16
2024-09-03,2.16,2.2417,2.055,2.0575,9748.0,2.207685,2.183021740306612,0.0006318292487010879,21.94479487064308,-0.07249999999999979,2.7125451151752245,1.702824884824776,0.23657857142857147,156592.45,6276183.0,2.06,2.41,2.13
2024-09-04,2.08,2.3,2.0201,2.225,38910.0,2.218185,2.1870196698012205,0.004171742061981121,48.504017200328065,0.02430000000000021,2.7148401372616866,1.7215298627383135,0.2087142857142857,158451.8,6315093.0,2.0575,2.245,2.2007
2024-09-05,2.24,2.44,2.15,2.2899,69537.0,2.2321750000000002,2.1968177964868185,0.012074844782592464,56.46543955124473,0.07489999999999997,2.719831979853671,1.7445180201463293,0.21265,161293.1,6384630.0,2.225,2.2,2.215
2024-09-06,2.34,2.35,2.08,2.19,19358.0,2.246905,2.196168482535693,0.010159898542400736,51.24501932484206,0.08000000000000007,2.7088496741764683,1.7849603258235314,0.21694285714285713,161750.05,6365272.0,2.2899,2.19,2.11
2024-09-09,2.18,2.38,2.18,2.34,18577.0,2.266405,2.209866722294198,0.02050961418016506,57.925724025543374,0.020000000000000018,2.708058660331502,1.8247513396684973,0.2162285714285714,162454.35,6383849.0,2.19,2.06,2.32
2024-09-10,2.31,2.342,2.23,2.23,22913.0,2.25291,2.2117841773137985,0.019609709178115775,51.073967659969554,-0.18000000000000016,2.680802853779767,1.825017146220233,0.21208571428571427,149298.75,6360936.0,2.34,2.0575,2.41
2024-09-11,2.21,2.3242,2.1,2.17,31918.0,2.2074100000000003,2.2078047318553415,0.013894858146886957,48.404028459599665,-0.07500000000000018,2.385753015444672,2.0290669845553286,0.21024285714285712,50694.95,6329018.0,2.23,2.225,2.245
2024-09-12,2.18,2.21,2.06,2.19,5752.0,2.20391,2.206109043107214,0.010854506391128727,53.01932311120885,-0.010000000000000231,2.38064768728052,2.0271723127194803,0.20238571428571422,35218.45,6334770.0,2.17,2.2899,2.2
2024-09-13,2.1444,2.3,2.12,2.14,20093.0,2.2036550000000004,2.1998129437636695,0.004360162350753871,42.27335114025849,-0.04999999999999982,2.380764285025119,2.0265457149748816,0.20084285714285707,33403.95,6314677.0,2.19,2.19,2.19
2024-09-16,2.22,2.3,2.22,2.27,13217.0,2.209155,2.206497425309987,0.009592682974551181,44.18990652501768,0.20999999999999996,2.3873845796231232,2.0309254203768767,0.1936999999999999,32031.5,6327894.0,2.14,2.34,2.06
2024-09-17,2.24,2.3,2.2006,2.23,10670.0,2.2141550000000003,2.208735765756655,0.010392034654886029,49.30542629165033,0.17249999999999988,2.3886053968105894,2.0397046031894113,0.18294285714285702,29368.2,6317224.0,2.27,2.23,2.0575
2024-09-18,2.18,2.44,2.1312,2.29,49012.0,2.21862,2.2164752166369737,0.015686204379262048,54.11033909614107,0.06499999999999995,2.396164166187943,2.041075833812057,0.18921428571428556,29753.1,6366236.0,2.23,2.17,2.225
2024-09-19,2.19,2.26,2.17,2.19,27794.0,2.21737,2.2139537674334524,0.011678090011784104,49.99999940918299,-0.09989999999999988,2.3953729106799377,2.039367089320062,0.19078571428571411,29766.75,6338442.0,2.29,2.19,2.2899
2024-09-20,2.21,2.2595,2.1115,2.25,5188.0,2.22437,2.2173867419635997,0.013191070606406452,58.52170719473995,0.06000000000000005,2.3954718914657622,2.0532681085342377,0.18707142857142842,29451.0,6343630.0,2.19,2.14,2.19
2024-09-23,2.12,2.19,2.1,2.12,13455.0,2.21437,2.2081118141575424,0.003855758302886869,52.51549486016507,-0.21999999999999975,2.385316788889358,2.0434232111106425,0.18016428571428558,27008.15,6330175.0,2.25,2.27,2.34
2024-09-24,2.2,2.2001,2.1,2.17,6506.0,2.2023699999999997,2.20448211757111,0.00048643090457201055,47.55512031848178,-0.06000000000000005,2.3471936110438936,2.057546388956106,0.16732142857142843,22204.85,6336681.0,2.12,2.23,2.23
2024-09-25,2.17,2.33,2.12,2.28,3289.0,2.20412,2.2116742968500516,0.006616029883425689,49.576886320133,0.10999999999999988,2.3519276787407897,2.0563123212592105,0.1616071428571427,20051.3,6339970.0,2.17,2.29,2.17
2024-09-26,2.29,2.29,2.1101,2.15,15097.0,2.2016199999999997,2.2058005542929036,0.0009726555242886015,48.33333276944445,-0.040000000000000036,2.3513993268006157,2.0518406731993837,0.15517142857142843,20063.75,6324873.0,2.28,2.19,2.19
2024-09-27,2.18,2.2,2.13,2.2,5641.0,2.20212,2.2052481205507224,0.0005287279716870152,43.63636308099176,0.06000000000000005,2.351802732541386,2.0524372674586138,0.14588571428571417,19962.35,6330514.0,2.15,2.25,2.14
2024-09-30,2.2,2.33,2.14,2.32,57612.0,2.2151199999999998,2.216176870974463,0.009747545666602075,54.05405337229122,0.04999999999999982,2.357831318475642,2.0724086815243576,0.15145714285714273,22214.35,6388126.0,2.2,2.12,2.27
2024-10-01,2.27,2.34,2.15,2.28,78512.0,2.226245,2.2222552642149904,0.013668299750660307,55.04587085262184,0.04999999999999982,2.3507490768726,2.1017409231274002,0.1490142857142856,25652.55,6309614.0,2.32,2.17,2.23
2024-10-02,2.26,2.33,2.22,2.22,6382.0,2.225995,2.222040477146896,0.011798026742717127,51.3274329924035,-0.06999999999999984,2.350529678746644,2.1014603212533562,0.14615714285714274,24026.15,6303232.0,2.28,2.28,2.29
2024-10-03,2.2,2.3,2.2,2.3,10507.0,2.2265,2.2294651936090966,0.016580029066709745,56.89655103745542,0.10999999999999988,2.3522022379736436,2.1007977620263567,0.14044285714285704,21074.65,6313739.0,2.22,2.15,2.19
2024-10-04,2.26,2.3161,2.152,2.28,23467.0,2.231,2.234278032312992,0.018542224288528253,50.476189803174606,0.029999999999999805,2.3576408099186263,2.1043591900813734,0.1464499999999999,21280.1,6290272.0,2.3,2.2,2.25
2024-10-07,2.27,2.39,2.24,2.31,57155.0,2.2295000000000003,2.241489648283183,0.022261411721022473,53.84615312130179,0.18999999999999995,2.3513238590407584,2.107676140959242,0.15006428571428562,23209.0,6347427.0,2.28,2.32,2.12
2024-10-08,2.35,2.38,2.2,2.3,151304.0,2.2329999999999997,2.247062062732404,0.024123892909235334,50.50504979083768,0.1299999999999999,2.3588403332548338,2.1071596667451655,0.14086428571428564,29628.55,6196123.0,2.31,2.28,2.17
2024-10-09,2.23,2.3,2.15,2.2,14428.0,2.2344999999999997,2.242579961519794,0.01733097768198144,50.50504979083769,-0.07999999999999963,2.3578693641063433,2.111130635893656,0.14514999999999992,28754.05,6181695.0,2.3,2.22,2.28
2024-10-10,2.1,2.2946,2.1,2.23,48377.0,2.2365,2.2413818699464803,0.014204551476130423,48.95833261935765,0.08000000000000007,2.358116307770763,2.114883692229237,0.14847857142857132,30885.3,6230072.0,2.2,2.3,2.15
2024-10-11,2.2,2.3,2.08,2.11,66408.0,2.235,2.228869310903958,0.0020205474522074773,49.473683481440446,-0.0900000000000003,2.3622378626204243,2.1077621373795754,0.1577642857142856,33201.05,6163664.0,2.23,2.28,2.2
2024-10-14,2.08,2.24,2.07,2.1201,34533.0,2.227505,2.218510328913105,-0.006742652822423256,47.25854229027624,-0.19989999999999997,2.3634256498389226,2.091584350161077,0.1627571428571428,34266.85,6198197.0,2.11,2.31,2.32
2024-10-15,2.08,2.23,2.08,2.23,8706.0,2.227505,2.219604583302333,-0.004764617108246938,47.25274652578193,-0.04999999999999982,2.3634256498389226,2.091584350161077,0.1584714285714285,34168.65,6206903.0,2.1201,2.3,2.28
2024-10-16,2.13,2.23,2.13,2.19,10837.0,2.222505,2.2167850991783014,-0.006351459587272235,52.439023494943505,-0.03000000000000025,2.3560828972419556,2.0889271027580443,0.15276428571428566,32259.9,6196066.0,2.23,2.2,2.22
2024-10-17,2.21,2.2101,2.15,2.18,13764.0,2.2220050000000002,2.2132817563994154,-0.008320051733641254,48.71794784352401,-0.11999999999999966,2.3561687722691085,2.087841227730892,0.1520571428571428,31558.4,6182302.0,2.19,2.23,2.3
2024-10-18,2.18,2.2,2.1501,2.18,8547.0,2.218505,2.2101120653137567,-0.009767580603488923,39.39393855831041,-0.09999999999999964,2.3532447565679986,2.0837652434320013,0.14204999999999995,31726.35,6182302.0,2.18,2.11,2.28
2024-10-21,2.21,2.21,2.11,2.11,7431.0,2.218005,2.200577582902923,-0.016374418542950853,37.6811586557446,-0.20000000000000018,2.3543485363144887,2.081661463685511,0.13562142857142853,31425.15,6174871.0,2.18,2.1201,2.31
2024-10-22,2.1,2.17,2.0,2.08,30107.0,2.213505,2.189094003578835,-0.02375727540666217,39.393938558310374,-0.21999999999999975,2.361925674896881,2.0650843251031192,0.1399071428571428,32605.2,6144764.0,2.11,2.23,2.3
2024-10-23,2.13,2.2,1.98,2.16,80766.0,2.2075050000000003,2.1863231460951362,-0.022889060409326145,39.393938558310424,-0.040000000000000036,2.354300604050069,2.0607093959499316,0.14847857142857143,36479.05,6225530.0,2.08,2.19,2.2
2024-10-24,2.2,2.2,2.01,2.08,29680.0,2.204005,2.1761971321813136,-0.02832975737244947,36.11111040895066,-0.1499999999999999,2.359645077033362,2.048364922966638,0.15032857142857145,37208.2,6195850.0,2.16,2.18,2.23
2024-10-25,2.06,2.1599,2.0,2.1,13947.0,2.199005,2.16894026244976,-0.03067412385500612,35.21126691132713,-0.009999999999999787,2.3614625795643227,2.0365474204356775,0.15103571428571433,37623.5,6209797.0,2.08,2.18,2.11
2024-10-28,2.05,2.09,2.0,2.05,9689.0,2.185505,2.1576126184069255,-0.03614991954521107,33.333332711111126,-0.07010000000000005,2.350481495614577,2.020528504385423,0.1446071428571429,35227.35,6200108.0,2.1,2.11,2.1201
2024-10-29,2.0,2.03,2.0,2.02,10950.0,2.172505,2.144506654749123,-0.04242127036177301,36.76470512543253,-0.20999999999999996,2.3468395299009726,1.998170470099028,0.13603571428571432,31849.25,6189158.0,2.05,2.08,2.23
2024-10-30,2.0,2.035,2.0,2.0,5830.0,2.161505,2.1307441162015874,-0.04844673017117396,32.83582020940078,-0.18999999999999995,2.3503779506141305,1.9726320493858698,0.12463571428571434,31821.65,6183328.0,2.02,2.16,2.19
2024-10-31,2.0,2.0,1.965,1.97,12906.0,2.1450050000000003,2.1154351527538173,-0.0550085949201482,37.93103356718197,-0.2100000000000002,2.340477442262878,1.9495325577371225,0.11142142857142864,31941.6,6170422.0,2.0,2.08,2.18
2024-11-01,1.97,2.04,1.93,1.94,14457.0,2.128005,2.0987270429677394,-0.06191594086395913,34.989164044260235,-0.2400000000000002,2.332953470802331,1.9230565291976685,0.10713571428571433,31491.1,6155965.0,1.97,2.1,2.18
2024-11-04,1.99,2.02,1.92,1.92,15469.0,2.108505,2.0817054198279545,-0.06821752596676767,19.607842599000406,-0.18999999999999995,2.314753347744587,1.9022566522554134,0.10356428571428578,29406.8,6140496.0,1.94,2.05,2.11
2024-11-05,1.98,1.98,1.92,1.98,8923.0,2.092505,2.072019189368149,-0.0675909328027231,30.188678447846243,-0.10000000000000009,2.285421949406797,1.8995880505932032,0.10070714285714291,22287.75,6149419.0,1.92,2.02,2.08
2024-11-06,2.0,2.0,1.85,1.88,13790.0,2.076505,2.0537316475235636,-0.07430695316925329,25.806451030176916,-0.28000000000000025,2.284383359927914,1.868626640072086,0.10712857142857146,22255.85,6135629.0,1.98,2.0,2.16
2024-11-07,1.91,1.97,1.8,1.8,13133.0,2.055005,2.0295667287117958,-0.08510375598435416,22.857142400000015,-0.28,2.2839214451106753,1.8260885548893246,0.11570714285714288,20493.65,6122496.0,1.88,1.97,2.08
2024-11-08,1.81,1.93,1.8,1.84,18425.0,2.041505,2.0115127545487677,-0.08940206296504583,29.85074564490982,-0.26,2.287940946412479,1.7950690535875211,0.11785000000000001,18094.5,6140921.0,1.8,1.94,2.1
2024-11-11,1.83,1.8708,1.61,1.675,42339.0,2.01925,1.9794639207822184,-0.10491324862828733,24.844720064812336,-0.3749999999999998,2.3118656991147684,1.7266343008852316,0.1243357142857143,18484.8,6098582.0,1.84,1.92,2.05
2024-11-12,1.67,1.77,1.62,1.67,29091.0,1.9912499999999997,1.949991166422007,-0.11626915479032873,16.438355849127433,-0.3500000000000001,2.3053380701164516,1.6771619298835478,0.11933571428571428,19504.05,6069491.0,1.675,1.98,2.02
2024-11-13,1.67,1.8313,1.65,1.75,56155.0,1.96925,1.9309443886675302,-0.11745946127298601,27.39725974854572,-0.25,2.286346614863511,1.6521533851364885,0.11871428571428567,21769.95,6125646.0,1.67,1.88,2.0
2024-11-14,1.77,1.97,1.75,1.9699,74124.0,1.958745,1.9346544468896703,-0.09951158787603998,43.00462350568369,-9.999999999998899e-05,2.2599675998021764,1.6575224001978235,0.12300714285714283,24787.95,6199770.0,1.75,1.8,1.97
2024-11-15,1.97,1.97,1.8073,1.89,29372.0,1.944245,1.9304016424239874,-0.0906896176889298,41.664929586050214,-0.050000000000000044,2.2280383308440883,1.6604516691559117,0.12819999999999998,25829.2,6170398.0,1.9699,1.84,1.94
2024-11-18,1.92,1.9965,1.8335,1.97,45141.0,1.937245,1.9341729145740838,-0.07636255138636372,47.524261571261974,0.050000000000000044,2.2105357491646043,1.663954250835396,0.1377,27714.7,6215539.0,1.89,1.675,1.92
2024-11-19,1.93,2.09,1.85,2.03,132608.0,1.9347450000000002,1.9432993036622663,-0.05948108859792001,51.42884290340654,0.04999999999999982,2.203412945907021,1.6660770540929792,0.1523428571428571,32839.75,6348147.0,1.97,1.67,1.98
2024-11-20,1.96,2.0,1.91,1.97,21770.0,1.9252449999999999,1.945842227123003,-0.05036334893632333,49.99999935173181,0.09000000000000008,2.172999041658048,1.6774909583419517,0.15627142857142853,29889.95,6326377.0,2.03,1.75,1.88
2024-11-21,2.03,2.03,1.87,1.94,21557.0,1.918245,1.9452858245398599,-0.045039041806159474,49.99999935173181,0.1399999999999999,2.1552674992651495,1.6812225007348505,0.1598428571428571,29483.8,6304820.0,1.97,1.9699,1.8
2024-11-22,1.92,2.09,1.8,2.09,77134.0,1.917745,1.959068126964635,-0.028388498706429344,57.02595404334323,0.24999999999999978,2.153190069915196,1.6822999300848043,0.17341428571428566,32643.15,6381954.0,1.94,1.89,1.84
2024-11-25,2.04,2.4,2.02,2.39,335176.0,1.9347450000000002,2.0001092577299078,0.008911938180250267,64.13988074357958,0.7150000000000001,2.2469752488802017,1.6225147511197986,0.19627142857142849,48917.5,6717130.0,2.09,1.97,1.675
2024-11-26,2.2,2.2,2.0,2.11,159212.0,1.939245,2.0105750427080116,0.015698184308850394,57.05608001056257,0.43999999999999995,2.259148804455756,1.6193411955442443,0.19984285714285707,56330.6,6557918.0,2.39,2.03,1.67
2024-11-27,2.14,2.1899,2.02,2.07,27219.0,1.942745,2.016234562450106,0.017645263933159683,58.49163365273438,0.31999999999999984,2.266950363603807,1.6185396363961926,0.19983571428571426,57400.05,6530699.0,2.11,1.97,1.75
2024-11-29,2.09,2.18,2.03,2.1,26706.0,1.949245,2.0242122231691435,0.021362830431593594,58.228889216860075,0.1301000000000001,2.2808787896250258,1.617611210374974,0.2012642857142857,58090.05,6557405.0,2.07,1.94,1.9699
2024-12-02,2.11,2.14,2.03,2.12,51044.0,1.9582450000000002,2.033334868581606,0.025627444292965595,65.50738715005336,0.2300000000000002,2.2984806488330487,1.6180093511669518,0.19049285714285716,59919.4,6608449.0,2.1,2.09,1.89
2024-12-03,2.16,2.1738,1.93,1.99,71809.0,1.9617449999999999,2.0292077382405007,0.01830624496166422,60.25772480855998,0.020000000000000018,2.3017642284036506,1.6217257715963491,0.1971928571428572,62736.4,6536640.0,2.12,2.39,1.97
2024-12-04,2.0,2.03,1.9,1.99,18728.0,1.962245,2.0254736679318817,0.012361644403389604,58.1092033967233,-0.039999999999999813,2.302406636346765,1.6220833636532352,0.19352857142857147,63226.65,6536640.0,1.99,2.11,2.03
2024-12-05,2.02,2.08,2.02,2.0501,30484.0,1.97075,2.02781903289075,0.01235762237734317,53.03787822535584,0.08010000000000006,2.3107592165933513,1.6307407834066487,0.1821,64061.35,6567124.0,1.99,2.07,1.97
2024-12-06,2.08,2.16,1.96,2.06,89302.0,1.98375,2.030883886901155,0.01300338720163774,56.799999363840016,0.1200000000000001,2.3160655665771275,1.6514344334228723,0.18476428571428574,67869.8,6656426.0,2.0501,2.1,1.94
2024-12-09,2.05,2.22,2.05,2.22,68603.0,2.00275,2.0488949452915213,0.026124674318068752,59.398495615354186,0.13000000000000034,2.343797849706573,1.6617021502934264,0.1852642857142858,70378.7,6725029.0,2.06,2.12,2.09
2024-12-10,2.13,2.3499,2.13,2.28,182179.0,2.0330000000000004,2.0709049505018524,0.040893492721896685,59.398495615354186,-0.11000000000000032,2.358620386016413,1.7073796139835875,0.18382857142857148,77370.7,6907208.0,2.22,1.99,2.39
2024-12-11,2.63,2.88,2.28,2.4,1867281.0,2.0695,2.1022473361683427,0.06157113115540236,65.4676252398944,0.29000000000000004,2.3873583001077257,1.7516416998922746,0.22025714285714296,169280.2,8774489.0,2.28,1.99,2.11
2024-12-12,2.55,3.89,2.46,3.28,8568830.0,2.146,2.2144142565332623,0.14726932501455092,79.91071378627231,1.21,2.748817249080912,1.5431827509190874,0.3109714285714286,594913.95,17343319.0,2.4,2.0501,2.07
2024-12-13,3.3,8.38,3.3,7.84,75525477.0,2.4395049999999996,2.750184327339618,0.5764941854449148,93.23308251048674,5.74,5.0509702918277615,-0.17196029182776273,0.6531142857142859,4367481.6,92868796.0,3.28,2.06,2.1
2024-12-16,9.0,14.0,9.0,12.0,52029760.0,2.9450049999999997,3.6311191533072735,1.238063586802299,95.71836333586516,9.879999999999999,7.937300559095879,-2.0472905590958796,0.9831142857142859,6967501.0,144898556.0,7.84,2.22,2.12
2024-12-17,11.0,11.0,8.61,9.45,6699931.0,3.3190049999999998,4.185298281563724,1.5388594016915866,78.71674482769683,7.459999999999999,9.067251894479632,-2.4292418944796337,1.1395428571428572,7300240.5,138198625.0,12.0,2.28,1.99
2024-12-18,9.0,9.5985,7.41,7.7,3791896.0,3.602505,4.520031778557655,1.6173876395486566,69.4271910992422,5.71,9.635314671149573,-2.430304671149572,1.2837285714285716,7483204.9,134406729.0,9.45,2.4,1.99
2024-12-19,7.42,7.5289,5.77,6.0,2759544.0,3.804005,4.660981132980735,1.5248683086442103,62.06683162939755,3.9499,9.87630845974764,-2.2682984597476414,1.3986500000000002,7620093.6,131647185.0,7.7,3.28,2.0501
2024-12-20,6.43,9.59,6.38,6.99,9367898.0,4.056505,4.882792453649237,1.5139785957287621,64.21482773502584,4.93,10.221722436887791,-2.108712436887793,1.6200785714285715,8087410.65,141015083.0,6.0,7.84,2.06
2024-12-23,8.73,10.33,7.88,9.38,4696903.0,4.421004999999999,5.311097934254072,1.67884872269539,69.05621449371908,7.16,10.9480710098345,-2.1060610098345016,1.7776642857142857,8318399.1,145711986.0,6.99,12.0,2.22
2024-12-24,10.45,11.64,9.18,9.9,2810457.0,4.796505,5.7481362262298745,1.830369776897756,69.86438970476638,7.620000000000001,11.685652922402078,-2.092642922402079,1.9440928571428573,8442163.15,148522443.0,9.38,9.45,2.28
2024-12-26,9.07,13.23,9.02,13.0,3721793.0,5.341005,6.438789918969887,2.1755173860088766,73.8560951884764,10.6,13.013061223512501,-2.3310512235125005,2.2405214285714288,8620292.2,152244236.0,9.9,7.7,2.4
2024-12-27,12.45,13.47,10.1381,11.31,3270314.0,5.803005000000001,6.902714688591803,2.2863251437340883,68.77791307499427,8.030000000000001,13.753478927078683,-2.147468927078682,2.464228571428572,8782446.95,148973922.0,13.0,6.0,3.28
2024-12-30,10.51,12.44,10.5,10.85,1599695.0,6.240505,7.278646623011631,2.3103901944449223,67.30846366055681,3.01,14.295310128937505,-1.8143001289375063,2.590657142857143,8861096.4,147374227.0,11.31,6.99,7.84
2024-12-31,10.61,10.85,8.23,9.055,1473080.0,6.587255000000001,7.447823135105761,2.159724462729036,62.703918962015564,-2.9450000000000003,14.49085266594669,-1.3163426659466877,2.762092857142857,8932198.2,145901147.0,10.85,9.38,12.0
2025-01-02,9.2,10.87,8.81,10.15,1390082.0,6.995255,7.705173312714736,2.104419693290861,64.0195368706124,0.7000000000000011,14.740497134905521,-0.7499871349055214,2.866378571428572,8998111.85,147291229.0,9.055,9.9,9.45
2025-01-03,10.3,11.3899,10.09,10.75,1258407.0,7.433255,7.995156806741904,2.084971002781831,63.651315756903564,3.05,14.974793822582985,-0.10828382258298586,2.8570857142857142,9060095.8,148549636.0,10.15,13.0,7.7
2025-01-06,10.9,11.55,9.3,9.8,1229943.0,7.820749999999999,8.167046634671246,1.970189595656188,54.126315757567646,3.8000000000000007,14.98462742335407,0.6568725766459291,2.6549428571428573,9120068.75,147319693.0,10.75,11.31,6.0
2025-01-07,9.9,10.1,8.1101,8.73,966294.0,8.154250000000001,8.220661240893032,1.7724527143394768,42.08615679626302,1.7400000000000002,14.790537226898397,1.5179627731016057,2.4399357142857143,9163918.35,146353399.0,9.8,10.85,6.99
2025-01-08,7.85,7.8985,5.85,6.57,1616809.0,8.37175,8.063455408427028,1.4250240726886716,42.89590524910989,-2.8100000000000005,14.450875001961528,2.292624998038473,2.415542857142857,9241328.65,144736590.0,8.73,9.055,9.38
2025-01-10,7.25,10.68,7.11,10.08,6720919.0,8.761750000000001,8.255507274291121,1.4165825548973388,55.40172488535524,0.17999999999999972,14.157782923897846,3.3657170761021558,2.5142214285714286,9568265.65,151457509.0,6.57,10.15,9.9
2025-01-13,9.37,9.7945,7.9,7.93,2143767.0,9.03825,8.22450658150149,1.222315467683127,54.292704592522334,-5.07,13.557156801894743,4.519343198105256,2.523907142857143,9582089.95,149313742.0,10.08,10.75,13.0
2025-01-14,7.51,8.3399,7.0,7.56,1472202.0,9.25225,8.161220240406111,1.0266667188095147,51.30375111078442,-3.750000000000001,12.954577113131906,5.549922886868094,2.390328571428572,9227258.55,147841540.0,7.93,9.8,11.31
2025-01-15,8.0,8.75,7.652,7.87,1332423.0,9.25375,8.133484979415053,0.8864101011015837,46.183013111902824,-2.9799999999999995,12.953691500248784,5.553808499751217,2.293757142857143,5517605.85,149173963.0,7.56,8.73,10.85
2025-01-16,7.75,7.97,7.32,7.47,575777.0,9.027249999999999,8.070295933756476,0.7345120661326812,43.81993893115569,-1.585,12.570643370619104,5.4838566293808935,2.1644714285714284,2944906.7,148598186.0,7.87,6.57,9.055
2025-01-17,7.88,8.45,7.26,7.36,868424.0,8.92275,8.002648701970145,0.598358197525906,33.083383295550846,-2.79,12.536229843440037,5.309270156559965,1.9487571428571429,2653331.35,147729762.0,7.47,10.08,10.15
2025-01-21,7.66,10.6,7.44,9.97,3350347.0,9.03625,8.190015492258702,0.6930711700131384,46.19101758688606,-0.7799999999999994,12.63056843330555,5.441931566694452,1.9364785714285713,2631253.9,151080109.0,7.36,7.93,10.75
2025-01-22,9.42,9.59,8.5,8.83,945820.0,9.17775,8.250966397757873,0.6684380724460217,44.47181167911301,-0.9700000000000006,12.479715084771899,5.875784915228101,1.8757642857142856,2540567.7,150134289.0,9.97,7.56,9.8
2025-01-23,8.44,9.06,8.0,8.14,578202.0,9.23525,8.240398169399981,0.5864783740963411,47.33469265000375,-0.5899999999999999,12.414580407822584,6.055919592177417,1.7643357142857141,2101082.9,149556087.0,8.83,7.87,8.73
2025-01-24,9.4,10.09,8.25,8.37,1787737.0,9.184750000000001,8.252741200885698,0.5339289993312457,44.53987726235839,1.799999999999999,12.386406602448186,5.983093397551816,1.7486214285714285,1955624.6,151343824.0,8.14,7.47,6.57
2025-01-27,8.02,8.45,7.595,7.89,729014.0,9.08425,8.218194419848965,0.4483825775143675,41.16192827093529,-2.1900000000000004,12.31740598627394,5.851094013726062,1.7168428571428571,1851552.45,150614810.0,8.37,7.36,10.08
2025-01-28,8.0,8.12,7.51,7.54,289880.0,8.81125,8.153604475101444,0.34832902677448807,42.747111643231094,-0.3899999999999997,11.534026978322732,6.088473021677268,1.5997,1679956.8,150324930.0,7.89,9.97,7.93
2025-01-29,7.6,7.94,7.01,7.23,402577.0,8.60725,8.065642144139401,0.24124058643100188,44.93927121260798,-0.3299999999999992,11.146975378854977,6.067524621145024,1.5239928571428567,1536569.95,149922353.0,7.54,8.83,7.56
2025-01-30,7.71,8.0598,7.4301,7.57,304519.0,8.44325,8.01843813041184,0.18171271338204598,53.84615378816568,-0.2999999999999998,10.789423312124741,6.09707668787526,1.4226499999999995,1471811.15,150226872.0,7.23,8.14,7.87
2025-01-31,7.47,7.97,7.28,7.51,398318.0,8.366,7.970015451324998,0.12821694146754137,36.54450256422795,0.040000000000000036,10.729043532574497,6.002956467425501,1.216935714285714,1418073.05,149828554.0,7.57,8.37,7.47
2025-02-03,7.0,7.15,6.22,7.07,567321.0,8.212,7.884299694055951,0.049743422828345984,44.51530604295736,-0.29000000000000004,10.485255027719656,5.938744972280343,1.148042857142857,1376935.0,149261233.0,7.51,7.89,7.36
2025-02-04,7.06,7.3,6.8,6.9,306568.0,8.019499999999999,7.790556866050622,-0.025866808844280165,45.68062818854336,-3.0700000000000003,10.023984183550802,6.015015816449196,1.0880499999999997,1329343.05,148954665.0,7.07,7.54,9.97
2025-02-05,7.2,7.5751,6.95,7.38,503689.0,7.8985,7.751456212141039,-0.04652021760381331,46.86299607476543,-1.4500000000000002,9.735617593577409,6.0613824064225925,1.0542714285714285,1293030.35,149458354.0,6.9,7.23,8.83
2025-02-06,7.87,7.87,7.05,7.55,968906.0,7.839499999999999,7.732269906222845,-0.04861026472192442,50.527704392165184,-0.5900000000000007,9.639599120077927,6.039400879922071,1.0664142857142855,1293160.95,150427260.0,7.38,7.57,8.14
2025-02-07,7.2,7.4637,7.1,7.11,170543.0,7.8665,7.673006105630193,-0.08479351799426471,48.41972178535068,-1.259999999999999,9.60144456152899,6.131555438471011,1.007392857142857,1220847.65,150256717.0,7.55,7.51,8.37
2025-02-10,7.22,7.22,6.76,6.88,250872.0,7.7065,7.5974817146177935,-0.13052349115072115,22.06148276512461,-1.0099999999999998,9.147205601980856,6.265794398019145,0.8145357142857144,897345.3,150005845.0,7.11,7.07,7.89
2025-02-11,7.14,7.56,6.88,6.98,375692.0,7.659000000000001,7.538673932273242,-0.15688716252799395,29.398663605438458,-0.5599999999999996,9.130982551384024,6.187017448615977,0.7852500000000001,808941.55,150381537.0,6.88,6.9,7.54
2025-02-12,6.78,6.94,6.6113,6.76,221843.0,7.619,7.4645145101519805,-0.19330443027340038,32.83582078116876,-0.47000000000000064,9.14480470572091,6.09319529427909,0.7330142857142856,746423.6,150159694.0,6.98,7.38,7.23
2025-02-13,6.58,6.75,6.09,6.45,443892.0,7.548,7.367894080613697,-0.24436292289132844,26.58536576287925,-1.12,9.154638858316549,5.94136114168345,0.6487285714285714,701997.05,149715802.0,6.76,7.55,7.57
2025-02-14,6.42,6.58,5.8601,6.06,327243.0,7.477500000000001,7.243332739602868,-0.31269236385532917,27.182044792880646,-1.4500000000000002,9.21681474709834,5.738185252901662,0.6390785714285714,689570.35,149388559.0,6.45,7.11,7.51
2025-02-18,5.94,6.13,5.61,5.83,382500.0,7.400999999999999,7.108729621545453,-0.3810109587546986,28.020565451853997,-1.2400000000000002,9.290203675180594,5.511796324819404,0.6326499999999999,665274.15,149006059.0,6.06,6.88,7.07
2025-02-19,5.79,6.21,5.7298,5.99,235976.0,7.202,7.002183943303029,-0.41743138542794167,33.42245976793731,-0.9100000000000001,8.761508694564135,5.642491305435865,0.6005214285714285,509555.6,149242035.0,5.83,6.98,6.9
2025-02-20,6.26,6.27,5.7235,5.97,311703.0,7.059,6.903880710607503,-0.44280429652033515,26.60818702558052,-1.4100000000000001,8.51073435296511,5.607265647034889,0.5945785714285715,477849.75,148930332.0,5.99,6.76,7.38
2025-02-21,5.97,5.97,5.32,5.52,205723.0,6.928,6.772082547692502,-0.49353459100559505,23.884514347930917,-2.0300000000000002,8.440580228407242,5.415419771592758,0.5917214285714286,459225.8,148724609.0,5.97,6.45,7.55
2025-02-24,5.83,5.83,5.26,5.37,200520.0,6.7780000000000005,6.638550876483692,-0.5396220343657765,25.85227262445119,-1.7400000000000002,8.283465131830685,5.272534868169315,0.5660071428571428,379864.95,148524089.0,5.52,6.06,7.11
2025-02-25,5.31,5.37,4.8,4.92,277981.0,6.6295,6.474879364437626,-0.6054783272050539,23.94736833282549,-1.96,8.254313835490112,5.004686164509888,0.5710071428571429,357313.3,148246108.0,5.37,5.83,6.88
2025-02-26,4.94,5.1465,4.9,4.93,95786.0,6.499,6.3277479963959475,-0.6493773791195299,13.213213157662167,-2.0500000000000007,8.231584318598296,4.766415681401703,0.5439642857142857,347608.6,148341894.0,4.92,5.99,6.98
2025-02-27,5.08,5.08,4.4,4.45,125896.0,6.36,6.148914853882048,-0.7146615094899076,7.4175823890532655,-2.3099999999999996,8.281424909854826,4.438575090145176,0.5339642857142857,333774.55,148215998.0,4.93,5.97,6.76
2025-02-28,4.4,4.52,4.21,4.28,160745.0,6.1955,5.970922963036139,-0.771227007535189,8.011869402918052,-2.17,8.240133283295073,4.150866716704927,0.5301285714285713,326585.85,148055253.0,4.45,5.52,6.45
2025-03-03,4.41,4.4947,3.6,3.69,211022.0,6.0045,5.7536922046517445,-0.8538213207326582,7.238605870954316,-2.3699999999999997,8.237152187304101,3.7718478126958996,0.5611785714285713,317221.05,147844231.0,4.28,5.37,6.06
2025-03-04,3.68,3.7744,3.44,3.66,188550.0,5.8340000000000005,5.554292947065864,-0.9111949698676254,4.64480872540237,-2.17,8.238271637162336,3.4297283628376642,0.536492857142857,298282.5,147655681.0,3.69,4.92,5.83
2025-03-05,3.94,3.99,3.76,3.95,117579.0,5.6865,5.401503142583401,-0.9226279431800055,12.332439631996209,-2.04,8.175864958124249,3.1971350418757503,0.529442857142857,288833.05,147773260.0,3.66,4.93,5.99
2025-03-06,3.85,5.1082,3.7952,4.79,616903.0,5.557,5.343264748051649,-0.8540625753400759,30.516431824593894,-1.1799999999999997,7.942739210171027,3.171260789828974,0.5760857142857142,294493.75,148390163.0,3.95,4.45,5.97
2025-03-07,5.01,5.099,4.48,4.99,402848.0,5.429,5.309620486332444,-0.774655947256484,36.85503672826278,-0.5299999999999994,7.63223112006461,3.2257688799353903,0.5688785714285712,266190.85,148793011.0,4.79,4.28,5.52
2025-03-10,4.825,4.99,4.35,4.58,192671.0,5.3025,5.24013282096745,-0.736321341809151,35.294117530795845,-0.79,7.386654504829262,3.2183454951707384,0.5774499999999999,267297.25,148600340.0,4.99,3.69,5.37
2025-03-11,4.52,4.67,4.23,4.43,131578.0,5.18,5.162977314208645,-0.7098617923354942,31.60377348055357,-0.4900000000000002,7.159111975236979,3.20088802476302,0.5745785714285713,261332.55,148468762.0,4.58,3.66,4.92
2025-03-12,4.66,4.95,4.46,4.57,243501.0,5.0595,5.1065032842840115,-0.6698736918380659,33.94495401944282,-0.35999999999999943,6.862824123594243,3.2561758764057567,0.570542857142857,254723.0,148712263.0,4.43,3.95,4.93
2025-03-13,4.54,4.75,4.38,4.68,106074.0,4.9555,5.065883923876011,-0.6221351664701311,39.55223866822604,0.22999999999999954,6.576603912380988,3.3343960876190115,0.5505428571428571,248934.55,148818337.0,4.57,4.79,4.45
2025-03-14,4.68,5.2,4.59,4.87,276942.0,4.8765,5.047228312078295,-0.5624866333018614,43.842364380839136,0.5899999999999999,6.336986941147802,3.416013058852198,0.5534,240587.05,149095279.0,4.68,4.99,4.28
2025-03-17,5.06,5.3,4.73,5.25,243726.0,4.836,5.066539901404172,-0.479029957648069,54.1353381559161,1.56,6.2000404377398715,3.471959562260129,0.5533999999999999,236411.2,149339005.0,4.87,4.58,3.69
2025-03-18,5.02,5.1,4.62,4.95,154731.0,4.792,5.055440863175203,-0.4321162663791638,50.23364469549743,1.29,6.075426335203872,3.5085736647961276,0.5700785714285714,225022.75,149184274.0,5.25,4.43,3.66
2025-03-19,5.01,5.15,4.86,4.86,76209.0,4.7355,5.036827447634708,-0.39761561063994666,55.269922680262496,0.9100000000000001,5.889868818195103,3.5811311818048974,0.5422214285714285,217034.4,149108065.0,4.95,4.57,3.95
2025-03-20,4.75,4.92,4.17,4.25,102318.0,4.6495,4.961891500240926,-0.41471491898511914,49.653579516131614,-0.54,5.664492351539811,3.634507648460189,0.57365,206565.15,149005747.0,4.86,4.68,4.79
2025-03-21,4.48,4.6661,4.39,4.63,117016.0,4.605,4.930282785932266,-0.39307232673150594,61.4077667816241,-0.3600000000000003,5.533666276243347,3.676333723756654,0.5294642857142857,202129.8,149122763.0,4.25,4.87,4.99
2025-03-24,4.69,4.7494,4.365,4.46,147479.0,4.5595,4.885493949176812,-0.3851976766555234,59.38967116632502,-0.1200000000000001,5.416777821454632,3.7022221785453677,0.5330357142857143,199477.75,148975284.0,4.63,5.25,4.58
2025-03-25,4.61,4.7,4.38,4.48,57836.0,4.5375,4.846875477826639,-0.3730429203093202,56.6416038112826,0.05000000000000071,5.378248413460856,3.6967515865391434,0.5394642857142857,188470.5,149033120.0,4.46,4.95,4.43
2025-03-26,4.4,4.49,4.2475,4.41,42954.0,4.5115,4.805268289462197,-0.36485280727102154,44.09937869025116,-0.16000000000000014,5.333084476868741,3.689915523131258,0.46299999999999997,185828.9,148990166.0,4.48,4.86,4.57
2025-03-27,4.38,4.55,4.2,4.5,64003.0,4.514,4.776195119037226,-0.3470986981125703,42.12218630555929,-0.17999999999999972,5.335100673358377,3.692899326641624,0.44378571428571423,182734.25,149054169.0,4.41,4.25,4.68
2025-03-28,4.49,4.49,3.77,3.95,97726.0,4.4975000000000005,4.697509869605109,-0.37310788668515027,40.30769213405918,-0.9199999999999999,5.351022114534888,3.6439778854651133,0.44949999999999996,179583.3,148956443.0,4.5,4.63,4.87
2025-03-31,3.89,3.99,3.75,3.93,52191.0,4.509500000000001,4.624413691547479,-0.39082895594645706,41.987179298775494,-1.3199999999999998,5.320930835006969,3.698069164993033,0.4352142857142857,171641.75,148904252.0,3.95,4.46,5.25
2025-04-01,3.88,4.0,3.75,3.95,82950.0,4.523999999999999,4.560183816162005,-0.3986636517386888,39.66666648155555,-1.0,5.279983848337696,3.7680161516623025,0.41807142857142854,166361.75,148987202.0,3.93,4.48,4.95
2025-04-02,3.98,4.125,3.9,4.05,77685.0,4.529000000000001,4.511594881289433,-0.3922815626672058,39.46488275835841,-0.8100000000000005,5.2701768735564025,3.787823126443599,0.40771428571428575,164367.05,149064887.0,3.95,4.41,4.86
2025-04-03,3.76,4.08,3.75,3.88,93056.0,4.4835,4.451442987833296,-0.3963721588343665,33.33333317620651,-0.3700000000000001,5.267693182429257,3.6993068175707435,0.3877142857142856,138174.7,148971831.0,4.05,4.5,4.25
2025-04-04,3.59,3.59,3.1103,3.39,120899.0,4.4035,4.35035317946822,-0.4341482993204959,19.805194715171197,-1.2399999999999998,5.289918577612713,3.517081422387287,0.3812642857142858,124077.25,148850932.0,3.88,3.95,4.63
2025-04-07,3.19,3.45,2.5,3.3,123152.0,4.3395,4.25031954332839,-0.4659769187974292,21.254355297017085,-1.1600000000000001,5.3486053880594575,3.3303946119405423,0.41483571428571436,120601.3,148727780.0,3.39,3.93,4.46
2025-04-08,3.5,3.7226,2.95,3.22,81195.0,4.279,4.15219387253521,-0.4919853594839445,21.32867122426525,-1.2600000000000002,5.403724995627631,3.1542750043723684,0.44930714285714296,118082.15,148646585.0,3.3,3.95,4.48
2025-04-09,3.27,3.82,3.27,3.63,92577.0,4.232,4.1024611227699515,-0.47404911945789285,38.34586445983379,-0.7800000000000002,5.383760208961688,3.080239791038313,0.43502142857142856,110535.95,148739162.0,3.22,4.05,4.41
2025-04-10,3.49,3.6,3.31,3.35,51330.0,4.1655,4.030798158696623,-0.4769304229194442,24.999999863281246,-1.15,5.361096745958882,2.9699032540411174,0.4360142857142857,107798.75,148687832.0,3.63,3.88,4.5
2025-04-11,3.7,4.6,3.55,4.23,353785.0,4.1335,4.0497697626302775,-0.4035533196722896,46.483180229124,0.28000000000000025,5.283077038923948,2.9839229610760514,0.4835571428571429,111640.9,149041617.0,3.35,3.39,3.95
2025-04-14,4.21,4.3,3.93,4.0,116971.0,4.071,4.045029785236918,-0.35981281633423556,43.103448102457385,0.06999999999999984,5.0939348901439345,3.048065109856065,0.48712857142857136,105303.15,148924646.0,4.23,3.3,3.93
2025-04-15,4.01,4.2,3.9279,3.93,25282.0,4.0200000000000005,4.034074567595306,-0.32702680584049926,43.10344810245739,-0.020000000000000018,4.956465920924371,3.0835340790756294,0.4892428571428571,98830.7,148899364.0,4.0,3.22,3.95
2025-04-16,3.82,3.99,3.66,3.72,42402.0,3.963,4.004162704014801,-0.314365096127851,39.166666514351846,-0.3299999999999996,4.8195561400473,3.1064438599527002,0.4878142857142857,97140.35,148856962.0,3.93,3.63,4.05
2025-04-17,3.77,3.8199,3.37,3.64,44089.0,3.9325,3.9694805417276773,-0.3072442113543761,45.047923121191396,-0.23999999999999977,4.789468340630039,3.0755316593699606,0.46852142857142853,94228.9,148812873.0,3.72,3.35,3.88
2025-04-21,3.7,3.8,3.26,3.46,64570.0,3.874,3.9209585853726603,-0.31252278640245823,42.85714267477203,0.06999999999999984,4.6892080780551755,3.0587919219448247,0.48994999999999994,91606.6,148748303.0,3.64,4.23,3.39
2025-04-22,3.5,3.9,3.4405,3.78,62157.0,3.84,3.907533958194312,-0.2875698433614695,47.63231179196312,0.48,4.607634781582253,3.0723652184177466,0.5049142857142856,87340.5,148810460.0,3.46,4.0,3.3
2025-04-23,3.96,4.002,3.81,3.9,109003.0,3.811,3.906816438366282,-0.2551700179776577,47.92243748728141,0.6799999999999997,4.518282419584092,3.1037175804159074,0.5025571428571428,89898.85,148919463.0,3.78,3.93,3.22
2025-04-24,3.9,4.08,3.83,3.85,63693.0,3.783,3.9014053489980647,-0.2308662229564078,49.57020037421697,0.2200000000000002,4.432407827421171,3.1335921725788287,0.49684285714285703,90935.8,148855770.0,3.9,3.72,3.63
2025-04-25,3.9,3.9006,3.72,3.77,88619.0,3.7465,3.8888905538553917,-0.21557560038470003,56.16883091351829,0.41999999999999993,4.30141203665189,3.1915879633481103,0.47547857142857136,92166.6,148767151.0,3.85,3.64,3.35
2025-04-28,3.79,3.89,3.67,3.77,64779.0,3.7375,3.8775676439644022,-0.20113906588681285,57.85953150166107,-0.4600000000000004,4.284294486554511,3.1907055134454887,0.4233357142857142,90519.25,148767151.0,3.77,3.46,4.23
2025-04-29,3.85,4.115,3.7818,4.08,63086.0,3.7449999999999997,3.8968469159677923,-0.16280686289403157,63.354036991628405,0.08000000000000007,4.306820349634341,3.183179650365658,0.39194999999999997,91064.0,148830237.0,3.77,3.78,4.0
2025-04-30,3.93,4.0,3.7099,3.72,75723.0,3.7335000000000003,3.8800043525422883,-0.15963710997496872,51.41955813253192,-0.20999999999999996,4.287006525421613,3.1799934745783878,0.37338571428571427,90702.65,148754514.0,4.08,3.9,3.93
2025-05-01,3.85,4.01,3.75,3.86,79957.0,3.724,3.8780991761096892,-0.14416636783068926,58.41584131425023,0.13999999999999968,4.260907323179993,3.1870926768200065,0.37124285714285704,90816.25,148834471.0,3.72,3.85,3.72
2025-05-02,3.92,4.53,3.88,4.37,248271.0,3.7485,3.924946873623052,-0.08971873375376704,52.631578670360106,0.73,4.35552119966456,3.1414788003354404,0.34267142857142857,98577.0,149082742.0,3.86,3.77,3.64
2025-05-05,4.45,4.5,4.17,4.23,59577.0,3.7905,3.9539995523256186,-0.057205986442744994,54.47470787445686,0.7700000000000005,4.409207481261151,3.171792518738849,0.33981428571428574,95510.9,149023165.0,4.37,3.77,3.46
2025-05-06,4.3,4.3,4.1,4.23,38173.0,3.8369999999999997,3.9802853092469883,-0.031081116196870706,55.99999968640001,0.4500000000000006,4.440083305758257,3.2339166942417426,0.3346642857142857,91261.95,149023165.0,4.23,4.08,3.78
2025-05-07,4.25,4.337,4.18,4.23,45603.0,3.8875,4.004067660747276,-0.010258712258400138,61.13537080528595,0.3300000000000005,4.440077691608389,3.3349223083916115,0.32230714285714285,89482.35,149023165.0,4.23,3.72,3.9
2025-05-08,4.31,4.85,4.28,4.63,141081.0,3.9375,4.0636802644856305,0.03808087729177867,68.96551687144934,0.7799999999999998,4.56751670821628,3.3074832917837202,0.33088571428571417,91907.55,149164246.0,4.23,3.86,3.85
2025-05-09,4.71,4.71,4.34,4.48,112315.0,3.9939999999999998,4.103329763106046,0.06355399301010323,69.76744148188212,0.7100000000000004,4.604552812492256,3.383447187507744,0.31874285714285705,94956.8,149051931.0,4.63,4.37,3.77
2025-05-12,4.73,5.11,4.5993,5.06,214574.0,4.035500000000001,4.194441214238804,0.1290551065442882,72.5352109100377,1.2899999999999996,4.805584752683683,3.2654152473163185,0.3223999999999999,87996.25,149266505.0,4.48,4.23,3.77
2025-05-13,5.5,5.75,5.0201,5.3,333300.0,4.1005,4.299732527168442,0.19804822846942738,73.64864830031047,1.2199999999999998,5.05527690973783,3.1457230902621705,0.3608214285714285,98812.7,149599805.0,5.06,4.23,4.08
2025-05-14,5.34,5.545,4.8825,5.01,137493.0,4.1545000000000005,4.3673770483904955,0.22671180572166527,68.12499970195313,1.2899999999999996,5.187624540309431,3.1213754596905696,0.3902857142857142,104423.25,149462312.0,5.3,4.23,3.72
2025-05-15,5.15,5.7,4.95,5.45,147060.0,4.2410000000000005,4.470483996162829,0.281685129144682,73.59550532855701,1.5900000000000003,5.402648556328959,3.0793514436710425,0.43095714285714276,109656.15,149609372.0,5.01,4.63,3.86
2025-05-16,5.5,5.9784,5.2,5.84,149477.0,4.351,4.600914091766369,0.3526564209530889,76.20253137548471,1.4699999999999998,5.677918075446811,3.0240819245531894,0.47084285714285706,114925.55,149758849.0,5.45,4.48,4.37
2025-05-19,6.0,6.6,5.71,6.55,339145.0,4.5055,4.786541321121953,0.4608800094530876,78.39080434540892,2.3199999999999994,6.090143077860319,2.92085692213968,0.5106142857142856,128654.3,150097994.0,5.84,5.06,4.23
2025-05-20,6.69,7.0,6.0,6.25,263059.0,4.6290000000000004,4.925918338157957,0.5164867524721393,79.48717922778079,2.0199999999999996,6.35432712382627,2.903672876173731,0.5613214285714284,138699.4,149834935.0,6.55,5.3,4.23
2025-05-21,6.25,7.09,6.07,6.51,391434.0,4.7595,5.07678325833339,0.5749081408492076,80.04535121981068,2.2799999999999994,6.640468115793482,2.8785318842065184,0.6156071428571427,152820.95,150226369.0,6.25,5.01,4.23
2025-05-22,6.83,7.35,6.45,7.14,478157.0,4.924,5.273280090873067,0.6643846344113067,80.57395118586417,2.51,7.031834009244186,2.8161659907558145,0.6334642857142855,173544.15,150704526.0,6.51,5.45,4.63
2025-05-23,6.9,6.9409,6.37,6.62,196367.0,5.0665,5.401539129837537,0.6854344839609698,74.33808532775292,2.1399999999999997,7.230446443543929,2.9025535564560703,0.6506714285714283,178931.55,150508159.0,7.14,5.84,4.48
2025-05-27,7.03,7.49,6.8,6.96,433294.0,5.226,5.549963974614914,0.7212378192610078,75.99999979733334,1.9000000000000004,7.456802546170348,2.995197453829652,0.6856714285714284,197357.3,150941453.0,6.62,6.55,5.06
2025-05-28,7.19,7.4181,6.91,7.06,181482.0,5.375,5.6937769294134934,0.7490468390059277,76.44859793078872,1.7599999999999998,7.680348472345878,3.0696515276541216,0.7107499999999999,203277.1,151122935.0,6.96,6.25,5.3
2025-05-29,7.05,7.0905,6.4186,6.47,152456.0,5.5125,5.7677029361360175,0.715232859159288,66.60649802662618,1.46,7.728536053288346,3.2964639467116537,0.7180285714285712,207113.75,150970479.0,7.06,6.51,5.01
2025-05-30,6.7,6.73,6.0,6.22,134484.0,5.6305,5.810778846980206,0.6606466030497051,65.42553175248982,0.7699999999999996,7.723983372654068,3.5370166273459307,0.743742857142857,209840.1,150835995.0,6.47,7.14,5.45
2025-06-02,5.98,6.3319,5.8601,6.05,106042.0,5.714499999999999,5.833561813934472,0.5967896034988964,59.4646269918729,0.20999999999999996,7.728330861031337,3.7006691389686623,0.7409642857142856,202728.65,150729953.0,6.22,6.62,5.84
2025-06-03,6.24,6.88,6.1,6.84,181694.0,5.845,5.929413069750237,0.6029781126428615,63.32179915458388,0.29000000000000004,7.7909052824896605,3.8990947175103394,0.7445428571428571,208834.5,150911647.0,6.05,6.96,6.55
2025-06-04,6.62,6.76,6.5484,6.67,101738.0,5.9670000000000005,5.999945158345453,0.5873938606885005,64.66431079411655,0.41999999999999993,7.7885563039393455,4.1454436960606555,0.7123357142857142,212012.75,150809909.0,6.84,7.06,6.25
2025-06-05,6.73,6.79,6.12,6.38,90878.0,6.0745,6.036140857550648,0.5453561264144158,58.43920130342128,-0.1299999999999999,7.7085517932911465,4.440448206708853,0.7066214285714284,214276.5,150719031.0,6.67,6.47,6.51
2025-06-06,6.44,6.76,6.3268,6.59,103558.0,6.172499999999999,6.088889347307729,0.5229578317391139,57.03564712973751,-0.5499999999999998,7.67128371741191,4.673716282588089,0.6819642857142856,212400.35,150822589.0,6.38,6.22,7.14
2025-06-09,6.76,8.11,6.63,7.75,783195.0,6.336,6.247090361849851,0.5919852893953417,60.380622691119605,1.13,7.769397142602557,4.902602857397444,0.7241071428571428,245944.35,151605784.0,6.59,6.05,6.62
2025-06-10,7.38,7.56,7.0002,7.215,222769.0,6.44375,6.339272232149865,0.5966422970816119,58.02161250003282,0.2549999999999999,7.794908859334467,5.092591140665532,0.6926642857142856,246354.1,151383015.0,7.75,6.84,6.96
2025-06-11,7.18,7.4,6.81,7.02,264315.0,6.52975,6.404103448135592,0.5779360518548264,54.2857141579832,-0.040000000000000036,7.790303241114525,5.2691967588854745,0.6619499999999999,242904.85,151118700.0,7.215,6.67,7.06
2025-06-12,6.95,7.0083,6.66,6.8,174530.0,6.619249999999999,6.441807881646488,0.5391441383369191,46.93140782363904,0.33000000000000007,7.660596673657225,5.577903326342773,0.6225428571428571,244756.7,150944170.0,7.02,6.38,6.47
2025-06-13,6.68,6.78,6.4,6.41,156773.0,6.66725,6.438778559584918,0.4714964096452601,48.059149598368194,0.1900000000000004,7.559494213678202,5.775005786321798,0.6089071428571428,245242.35,150787397.0,6.8,6.59,6.22
2025-06-16,6.72,6.8973,6.3,6.415,224771.0,6.696000000000001,6.436513934862545,0.41352173434956985,44.63054174880244,0.3650000000000002,7.509598892510841,5.8824011074891605,0.6022857142857143,249007.05,151012168.0,6.41,7.75,6.05
2025-06-17,6.6,6.64,6.2385,6.45,202794.0,6.691,6.437798322018494,0.3661795045954017,43.91217552599392,-0.3899999999999997,7.509590573068074,5.872409426931926,0.5946714285714284,242189.5,151214962.0,6.415,7.215,6.84
2025-06-18,6.45,6.51,6.0,6.11,215280.0,6.684,6.406579434207209,0.29779252111740195,46.21848725902126,-0.5599999999999996,7.520663800931773,5.847336199068227,0.5831071428571428,239800.55,150999682.0,6.45,7.02,6.67
2025-06-20,6.32,6.38,5.94,6.29,193032.0,6.673,6.395476630949379,0.2551783030521042,50.74626850523502,-0.08999999999999986,7.52494143608962,5.8210585639103805,0.562392857142857,229880.45,151192714.0,6.11,6.8,6.38
2025-06-23,6.21,7.08,5.135,5.92,918260.0,6.612,6.350193142287534,0.18936741080092112,48.67075650687309,-0.6699999999999999,7.497208271657384,5.726791728342616,0.6676214285714285,251885.6,150274454.0,6.29,6.41,6.59
2025-06-24,6.1,6.52,6.0187,6.37,417336.0,6.599500000000001,6.352079509688721,0.17154557315910068,44.83516469721049,-1.38,7.491268792315304,5.707731207684698,0.6477142857142856,262934.05,150691790.0,5.92,6.415,7.75
2025-06-25,6.45,6.6799,6.1501,6.3,264777.0,6.5665000000000004,6.347119556385033,0.1500436140589958,45.84269648498927,-0.915,7.450915358480344,5.682084641519657,0.670442857142857,254508.2,150427013.0,6.37,6.45,7.215
2025-06-26,6.5,7.12,6.31,7.12,239258.0,6.5695,6.420727217681697,0.1969005564841666,57.429718714053,0.10000000000000053,7.461339612675377,5.6776603873246225,0.6804428571428571,257397.0,150666271.0,6.3,6.11,7.02
2025-06-27,6.88,6.88,6.4,6.57,173295.0,6.5745000000000005,6.434943673140583,0.1874933113017887,49.812029944103685,-0.22999999999999954,7.465111262590339,5.683888737409662,0.6837857142857142,258438.95,150492976.0,7.12,6.29,6.8
2025-06-30,6.59,6.68,6.42,6.56,119795.0,6.591500000000001,6.446853799508147,0.17718856580218478,35.73141474814393,0.14999999999999947,7.466462254825057,5.716537745174945,0.596642857142857,257704.5,150373181.0,6.57,5.92,6.41
2025-07-01,6.45,6.5,6.21,6.45,50126.0,6.611500000000001,6.447153437650228,0.15832087555831098,39.786381693722475,0.03500000000000014,7.451951632973932,5.77104836702607,0.5773714285714285,254908.7,150323055.0,6.56,6.37,6.415
2025-07-02,6.43,6.71,6.26,6.68,112334.0,6.6034999999999995,6.469329300731159,0.1600818490076028,45.5026453341172,0.22999999999999954,7.437817243713697,5.769182756286302,0.5673714285714285,251440.7,150435389.0,6.45,6.3,6.45
2025-07-03,6.52,6.7294,6.41,6.64,107603.0,6.601999999999999,6.485583653042477,0.1564463512939982,47.77777759197531,0.5299999999999994,7.435921616914936,5.768078383085063,0.5653071428571428,251733.95,150327786.0,6.68,7.12,6.11
2025-07-07,6.46,6.8,6.46,6.66,168166.0,6.616,6.502194733705099,0.1534106040677381,53.86996880675555,0.3700000000000001,7.443606568110158,5.788393431889841,0.5624499999999999,255598.35,150495952.0,6.64,6.57,6.29
2025-07-08,6.67,6.695,6.18,6.26,266975.0,6.599500000000001,6.479128568590327,0.11737506873015313,47.86206878067063,0.33999999999999986,7.442307963392624,5.756692036607378,0.5565714285714284,263769.2,150228977.0,6.66,6.56,5.92
2025-07-09,6.3,6.45,6.08,6.27,103176.0,6.525499999999999,6.459211562057915,0.08860221262543355,47.49999981527777,-0.10000000000000053,7.18235775116328,5.868642248836719,0.5543214285714286,229768.25,150332153.0,6.26,6.45,6.37
2025-07-10,6.2,6.2958,6.0,6.07,175959.0,6.46825,6.422143794242875,0.04909524886674621,49.42196511794581,-0.22999999999999954,7.069295361279757,5.867204638720244,0.5390214285714287,227427.75,150156194.0,6.27,6.68,6.3
2025-07-11,6.07,6.35,5.72,5.75,146046.0,6.40475,6.358130099553078,-0.00794405605948345,42.499999834722225,-1.37,7.028283859292606,5.781216140707394,0.5525928571428571,221514.3,150010148.0,6.07,6.64,7.12
2025-07-14,5.92,6.0575,5.8101,6.0,82324.0,6.36475,6.324022471024214,-0.03259941967907043,51.14942508158277,-0.5700000000000003,6.984151026459488,5.745348973540512,0.4313357142857143,216904.0,150092472.0,5.75,6.66,6.57
2025-07-15,5.91,6.0486,5.8,5.82,53494.0,6.33525,6.276020330926669,-0.06590377100861478,41.433021626148815,-0.7399999999999993,7.000108314941979,5.670391685058021,0.41328571428571426,211740.05,150038978.0,6.0,6.26,6.56
2025-07-16,5.9,6.06,5.82,6.06,54635.0,6.3175,6.25544696607651,-0.0721005844889282,46.44970394961661,-0.39000000000000057,6.992274816239979,5.642725183760021,0.39258571428571426,203233.25,150093613.0,5.82,6.27,6.45
2025-07-17,6.25,6.5,6.21,6.41,209511.0,6.3155,6.270166302640653,-0.04821375078274759,37.80068710336438,-0.2699999999999996,6.988856869486255,5.6421431305137455,0.35544285714285706,203569.1,150303124.0,6.06,6.07,6.68
