Date,Open,High,Low,Close,Volume,SMA_20,EMA_20,MACD,RSI_14,Momentum_10,Bollinger_Upper,Bollinger_Lower,ATR_14,Volume_MA_20,OBV,Lag_1,Lag_5,Lag_10
2023-08-10,0.0144,0.01442,0.01413,0.01413,1135156.85385384,0.0143512,0.014350463901731487,-3.955750198664752e-05,46.68112675408207,-0.0003099999999999995,0.015001017658634853,0.013701382341365146,0.0004890714285714289,1825196.3602559757,-7216978.645065622,0.01439,0.01401,0.01444
2023-08-11,0.01416,0.014593,0.01383,0.01392,2523396.57185944,0.014303849999999998,0.014309467339661822,-5.735165224645018e-05,36.261032588082784,-0.00037199999999999907,0.014933100606925242,0.013674599393074754,0.0005207142857142859,1789955.3972830554,-9740375.216925062,0.01413,0.01413,0.014292
2023-08-12,0.01391,0.014734,0.0139,0.01421,1729763.5223916296,0.01424635,0.01429999425969403,-5.0992585571269997e-05,44.33173253269012,0.0002199999999999997,0.014632429498222018,0.013860270501777981,0.0005560000000000003,1784415.401850725,-8010611.694533433,0.01392,0.01405,0.01399
2023-08-13,0.01418,0.014841,0.01417,0.01431,1500547.68622819,0.014241849999999997,0.014300947187342218,-3.8662506723977086e-05,49.176671410123554,0.0002599999999999998,0.014622448019742055,0.013861251980257939,0.0005617857142857145,1767747.3830547587,-6510064.008305242,0.01421,0.01455,0.01405
2023-08-14,0.01428,0.015359,0.01414,0.0144,2274661.5377131193,0.01424985,0.014310380788547721,-2.244244386440629e-05,49.176671410123554,0.0003149999999999993,0.014636954922537325,0.013862745077462674,0.0006118571428571432,1840557.828709678,-4235402.4705921225,0.01431,0.01439,0.014085
2023-08-15,0.01437,0.014522,0.01248,0.01349,3860833.208690271,0.01420485,0.01423224928487651,-7.28153488220671e-05,37.4371791602418,-0.0005199999999999996,0.01471351565381242,0.013696184346187579,0.0007055714285714289,1968344.7995747894,-8096235.679282393,0.0144,0.01413,0.01401
2023-08-16,0.01338,0.013777,0.01196,0.0124,4707511.56841734,0.01411085,0.014057749352983508,-0.00018771077091242656,30.02502001249242,-0.0017300000000000006,0.015062760494465567,0.013158939505534432,0.0007989285714285717,2082976.0636369647,-12803747.247699734,0.01349,0.01392,0.01413
2023-08-17,0.01236,0.01261,0.009962,0.01128,7919027.93077012,0.013948349999999998,0.013793201795556508,-0.00035442500806984363,22.51977871490041,-0.00277,0.015512018732584735,0.012384681267415262,0.0009587857142857144,2420596.217859381,-20722775.17846985,0.0124,0.01421,0.01405
2023-08-18,0.01127,0.011897,0.01121,0.01164,4112542.7865416696,0.01380585,0.01358813495788446,-0.00045454447297232393,27.213349303468718,-0.002910000000000001,0.015655060616793868,0.011956639383206132,0.000987857142857143,2573529.9959012256,-16610232.391928181,0.01128,0.01431,0.01455
2023-08-19,0.0116,0.01194,0.0116,0.01181,2050001.1460688496,0.013678850000000001,0.013418788771419273,-0.0005151201916388862,29.85340330629188,-0.0025800000000000007,0.015710584677560042,0.011647115322439961,0.0009689285714285716,2603827.3015804184,-14560231.245859332,0.01164,0.0144,0.01439
2023-08-20,0.011841,0.01199,0.01178,0.01191,1221159.5220317598,0.01355235,0.013275094602712676,-0.0005491676837435337,29.595512070373346,-0.0022199999999999998,0.015696481700098765,0.011408218299901235,0.0009450714285714287,2538771.0284116017,-13339071.723827573,0.01181,0.01349,0.01413
2023-08-21,0.01194,0.01196,0.0114,0.01177,3248941.94256614,0.01342625,0.013131752259597182,-0.0005796362866585508,29.272652760520245,-0.002150000000000001,0.01568101542133836,0.01117148457866164,0.0009400714285714287,2576135.0889424356,-16588013.666393712,0.01191,0.0124,0.01392
2023-08-22,0.01178,0.011898,0.01115,0.011699,1295698.2868370202,0.013311700000000001,0.01299529966344507,-0.0006019637751775424,21.889113301600034,-0.002511000000000001,0.015675995297257002,0.010947404702742998,0.0009485,2553601.200350053,-17883711.95323073,0.01177,0.01128,0.01421
2023-08-23,0.01171,0.01203,0.0114,0.01179,2850344.4383122106,0.013198699999999999,0.012880509219307444,-0.0006057225966618288,24.010328639623964,-0.0025199999999999997,0.01562951499003718,0.010767885009962815,0.0009613571428571429,2655552.3777917055,-15033367.514918521,0.011699,0.01164,0.01431
2023-08-24,0.01185,0.01185,0.01128,0.01144,1301471.3989299298,0.013066449999999999,0.012743317865087688,-0.0006277342771071996,23.58595243453769,-0.002959999999999999,0.015580611530212406,0.01055228846978759,0.0009813571428571428,2628491.2966857506,-16334838.91384845,0.01179,0.01181,0.0144
2023-08-25,0.01143,0.0115,0.0111,0.01148,843677.6041286502,0.01293995,0.012623001877936479,-0.0006347198291774738,25.21325619959636,-0.0020099999999999996,0.015508229413803806,0.010371670586196195,0.0009554285714285714,2455303.766361896,-15491161.309719801,0.01144,0.01191,0.01349
2023-08-26,0.0115,0.01151,0.01122,0.01122,914923.84,0.012794449999999999,0.012489382651466338,-0.0006524279848985452,19.439846247373794,-0.0011799999999999988,0.015408174301894862,0.010180725698105136,0.0009165714285714283,2396461.1237646644,-16406085.1497198,0.01148,0.01177,0.0124
2023-08-27,0.011224,0.01127,0.01111,0.011229,1580743.04200248,0.0126534,0.012369346208469544,-0.00065809712538175,17.912882570223715,-5.10000000000007e-05,0.015286237604682746,0.010020562395317255,0.0008800714285714283,2398251.2302656164,-14825342.10771732,0.01122,0.011699,0.01128
2023-08-28,0.0112,0.01149,0.01108,0.0113,2080640.85917858,0.0124909,0.012267503712424825,-0.0006495840610393228,17.586732284765375,-0.00034,0.015030385476274775,0.009951414523725223,0.0008222857142857141,2429832.8378375936,-12744701.24853874,0.011229,0.01179,0.01164
2023-08-29,0.01129,0.013408,0.01097,0.01228,7441558.882655129,0.0123854,0.012268693835051032,-0.0005608576537342574,37.530806794869086,0.00046999999999999993,0.01476283686838534,0.010007963131614658,0.0008505714285714283,2729630.1314588184,-5303142.365883611,0.0113,0.01144,0.01181
2023-08-30,0.01227,0.01239,0.01187,0.01213,2243393.0243902104,0.012285399999999998,0.012255484898379505,-0.0004964312777376093,46.54891316851117,0.0002199999999999997,0.014517678929939676,0.01005312107006032,0.0007579285714285712,2785041.939985637,-7546535.390273822,0.01228,0.01148,0.01191
2023-08-31,0.01209,0.012289,0.01126,0.0114,4837290.499878239,0.0121594,0.012174010146152886,-0.0004962490748425669,51.703371991139164,-0.0003699999999999988,0.014285135776025254,0.010033664223974748,0.0006422857142857142,2900736.6363865766,-12383825.89015206,0.01213,0.01122,0.01177
2023-09-01,0.011372,0.011453,0.01097,0.01116,2648278.30458391,0.012006900000000001,0.012077437751281183,-0.0005088645152189243,42.94514954964913,-0.0005389999999999995,0.0139423199761836,0.010071480023816401,0.0006277142857142855,2946662.375496191,-15032104.19473597,0.0114,0.011229,0.011699
2023-09-02,0.01114,0.0115,0.01105,0.01125,2541259.9012954407,0.011853899999999999,0.01199863415592107,-0.0005059726455041626,41.571167370155585,-0.0005400000000000005,0.013482153038656687,0.01022564696134331,0.0006355714285714283,2998697.9862495535,-12490844.29344053,0.01116,0.0113,0.01179
2023-09-03,0.01123,0.01125,0.01099,0.01122,1704167.09266282,0.0116949,0.011924478522023826,-0.0005002306090999449,39.39097433159881,-0.0002199999999999997,0.012819441712502431,0.010570358287497568,0.0006391428571428569,2970173.2639970384,-14195011.38610335,0.01125,0.01228,0.01144
2023-09-04,0.01123,0.01153,0.01105,0.01116,4229513.147048251,0.011578399999999999,0.011851671043735842,-0.0004946540352089891,40.384437143089535,-0.00032000000000000084,0.012346049975060596,0.010810750024939402,0.0006334285714285711,2988607.2609149376,-18424524.5331516,0.01122,0.01213,0.01148
2023-09-05,0.01116,0.01173,0.01106,0.01165,3310593.9824450407,0.0115409,0.011832464277665763,-0.0004465864397433846,49.31754652028649,0.0004299999999999998,0.012205981839048089,0.01087581816095191,0.0006278571428571426,2918761.3816163223,-15113930.55070656,0.01116,0.0114,0.01122
2023-09-06,0.01173,0.0118,0.01134,0.01162,2521794.0441172994,0.0115579,0.011812229584554738,-0.00040616714495718236,47.591879239005856,0.0003910000000000007,0.01221219653666724,0.010903603463332759,0.0006157142857142854,2648899.6872836812,-17635724.59482386,0.01165,0.01116,0.011229
2023-09-07,0.01164,0.0119,0.0114,0.01178,2487139.14925598,0.0115649,0.01180916010031143,-0.0003573969651894139,55.089589444834665,0.00048000000000000126,0.012225856531734209,0.01090394346826579,0.0006107142857142855,2567629.505419397,-15148585.44556788,0.01162,0.01125,0.0113
2023-09-08,0.01174,0.012212,0.01167,0.01187,2835817.4699004497,0.0115679,0.011814954376472247,-0.00030808743736735963,55.751982145206476,-0.0004099999999999989,0.012234064797060094,0.010901735202939907,0.0006208571428571427,2606920.321610977,-12312767.97566743,0.01178,0.01122,0.01228
2023-09-09,0.01193,0.012601,0.01182,0.01205,5944338.687147659,0.0115749,0.01183733967395108,-0.000251870154489478,62.53749984139039,-8.000000000000021e-05,0.01225890397044093,0.010890896029559071,0.0006559285714285713,2843079.2798667722,-6368429.288519771,0.01187,0.01116,0.01213
2023-09-10,0.01206,0.01206,0.01086,0.0117,3020297.8476173,0.0115714,0.011824259705003358,-0.00023236851328609955,56.45007113092419,0.0002999999999999999,0.012251907983633906,0.010890892016366095,0.0007302142857142855,2831647.07511933,-9388727.136137072,0.01205,0.01165,0.0114
2023-09-11,0.011701,0.01182,0.01086,0.01105,3369588.28202865,0.01153895,0.01175052068547923,-0.00026541050734516826,47.04476155398069,-0.00010999999999999899,0.012254815166663468,0.01082308483333653,0.0007694999999999999,2935341.5748789115,-12758315.418165721,0.0117,0.01162,0.01116
2023-09-12,0.01106,0.01162,0.01105,0.01109,2641516.8664702694,0.01150395,0.011687613953528827,-0.000285118659526417,31.914757809541214,-0.00016000000000000042,0.012236390613723456,0.010771509386276546,0.0006360714285714284,2924900.1962868148,-10116798.551695451,0.01105,0.01178,0.01125
2023-09-13,0.01109,0.01154,0.01107,0.01133,1717908.30564734,0.011498449999999999,0.011653555481764177,-0.00027843248704682855,38.165522391327364,0.00010999999999999899,0.012234555391481702,0.010762344608518295,0.0006324999999999999,2945722.041622685,-8398890.246048111,0.01109,0.01187,0.01122
2023-09-14,0.01135,0.0115,0.01117,0.01127,2354458.46459273,0.01148795,0.011617026388262827,-0.00027473703825310093,47.60123010434633,0.00011000000000000072,0.012231120583237446,0.010744779416762554,0.0005825714285714285,3021261.084645889,-10753348.710640842,0.01133,0.01205,0.01116
2023-09-15,0.01127,0.01163,0.01116,0.01161,3066920.3694120697,0.011507449999999999,0.011616357208428272,-0.00024192106241396547,58.00682843573023,-4.0000000000000105e-05,0.012241427046823105,0.010773472953176893,0.0005816428571428571,3128860.9111164925,-7686428.341228772,0.01127,0.0117,0.01165
2023-09-16,0.01161,0.01212,0.01161,0.01193,3054821.35311923,0.0115425,0.011646227950482722,-0.00018822083665493913,61.183928758222834,0.0003099999999999995,0.012287359577016833,0.010797640422983168,0.0005859285714285714,3202564.8266723296,-4631606.988109542,0.01161,0.01105,0.01162
2023-09-17,0.01186,0.01186,0.01108,0.011295,1694797.9096082898,0.01154225,0.011612777669484368,-0.00019411914729968588,51.02861058969867,-0.00048500000000000106,0.012287455552709776,0.010797044447290224,0.0006230714285714287,3183272.679193815,-6326404.897717832,0.01193,0.01109,0.01178
2023-09-18,0.0113,0.011693,0.01115,0.01136,2081183.3529247397,0.011496250000000001,0.011588703605723952,-0.00019139016012323894,52.73952373881306,-0.00051,0.01215869264895756,0.010833807351042442,0.0006275714285714287,2915253.902707296,-4245221.544793092,0.011295,0.01133,0.01187
2023-09-19,0.01129,0.01177,0.01127,0.01169,1247401.3506570102,0.011474250000000002,0.01159835088136929,-0.00016098482795217847,50.572863031495004,-0.0003599999999999992,0.012074366436070634,0.01087413356392937,0.0006154285714285715,2865454.3190206354,-2997820.1941360813,0.01136,0.01127,0.01205
2023-09-20,0.0118,0.01185,0.01151,0.01175,1851458.83413698,0.011491749999999998,0.011612793654572216,-0.0001305831268884547,51.84638470187902,4.99999999999997e-05,0.01210305813145169,0.010880441868548307,0.0006068571428571428,2716162.7357335733,-1146361.3599991014,0.01169,0.01161,0.0117
2023-09-21,0.01182,0.01196,0.0114,0.01147,1522668.7851528202,0.01150725,0.011599194258898672,-0.00012743721034391524,45.74158231259548,0.0004199999999999985,0.01209853294945466,0.01091596705054534,0.0006111428571428571,2659882.2597620185,-2669030.1451519215,0.01175,0.01193,0.01105
2023-09-22,0.01149,0.01184,0.01134,0.01184,2635157.01,0.01153675,0.01162212813900356,-9.421810370954797e-05,49.61716973459788,0.0007500000000000007,0.012132844967707602,0.010940655032292398,0.0006081428571428571,2664577.1151972464,-33873.13515192177,0.01147,0.011295,0.01109
2023-09-23,0.01186,0.01195,0.01172,0.01177,1505120.5751285302,0.01156425,0.011636211173384172,-7.266568351080478e-05,46.325289093425894,0.0004399999999999994,0.012149464985238228,0.010979035014761772,0.0005687857142857144,2654624.7893205318,-1538993.710280452,0.01184,0.01136,0.01133
2023-09-24,0.01177,0.01218,0.0116,0.01196,2486274.77461821,0.01160425,0.011667048204490441,-3.989039206985477e-05,53.56143839448286,0.0006899999999999996,0.012182443875698064,0.011026056124301936,0.0005245000000000001,2567462.87069903,947281.0643377579,0.01177,0.01169,0.01127
2023-09-25,0.01194,0.01263,0.01173,0.01249,8063052.02951974,0.01164625,0.011745424565967543,2.8275897761014315e-05,70.3963213743628,0.0008799999999999988,0.012347398493920029,0.010945101506079972,0.0005202142857142859,2805085.773052765,9010333.093857497,0.01196,0.01175,0.01161
2023-09-26,0.01246,0.01301,0.012118,0.01218,6608652.745073871,0.01167425,0.011786812702542063,5.675920089764919e-05,64.34186821416975,0.0002500000000000002,0.01241461459723714,0.01093388540276286,0.0005432142857142859,3009428.7081005936,2401680.348783626,0.01249,0.01147,0.01193
2023-09-27,0.01225,0.01251,0.01199,0.01219,2873627.63750642,0.01169475,0.011825211492776152,7.922009317776375e-05,62.04457461511355,0.000895,0.0124693566913704,0.010920143308629601,0.0005467857142857144,3028753.132513115,5275307.986290046,0.01218,0.01184,0.011295
2023-09-28,0.0122,0.01267,0.01215,0.01241,2437836.55239776,0.01172175,0.011880905636321281,0.00011338238440755828,65.2812563170004,0.0010499999999999989,0.01255732276290295,0.010886177237097049,0.000560357142857143,3008854.086637981,7713144.538687807,0.01219,0.01177,0.01136
2023-09-29,0.01249,0.01249,0.01205,0.01242,1040631.17491388,0.011740249999999999,0.011932247956671636,0.00013964751385860466,61.91150977613621,0.0007299999999999997,0.01262155569999411,0.010858944300005887,0.0005582142857142859,2763668.711026292,8753775.713601686,0.01241,0.01196,0.01169
2023-09-30,0.01241,0.01254,0.01232,0.01235,593025.3779599799,0.011772750000000002,0.011972033865560052,0.00015307001698676784,56.666414815934154,0.0005999999999999998,0.012694804199799788,0.010850695800200216,0.0005375000000000003,2642305.087543426,8160750.335641706,0.01242,0.01249,0.01175
2023-10-01,0.01234,0.01298,0.01232,0.01293,3079503.7802583496,0.01186675,0.012063268735506715,0.0002079394789396196,76.41322462515515,0.0014600000000000012,0.012859196604688584,0.010874303395311417,0.0005289285714285717,2627800.8624549108,11240254.115900056,0.01235,0.01218,0.01147
2023-10-02,0.01295,0.0131,0.01216,0.01237,3985048.8300743503,0.01193075,0.012092481236887028,0.0002040338449252766,64.06660252578402,0.000530000000000001,0.012876267263055964,0.010985232736944036,0.0005572857142857145,2694977.460635115,7255205.285825706,0.01293,0.01219,0.01184
2023-10-03,0.01237,0.013157,0.01235,0.01277,2214566.18181671,0.012002750000000001,0.012157006833373977,0.00023045679278140864,64.75385066833076,0.0010000000000000009,0.012974592931862204,0.011030907068137799,0.0005792142857142861,2719810.3544435836,9469771.467642415,0.01237,0.01241,0.01177
2023-10-04,0.0127,0.01272,0.01227,0.01246,1058375.72877046,0.01206225,0.012185863325433598,0.000223872416975638,59.07907235114759,0.0005000000000000004,0.012989909618837128,0.011134590381162872,0.000587071428571429,2655006.21765247,8411395.738871954,0.01277,0.01242,0.01196
2023-10-05,0.0124,0.012677,0.01184,0.01188,1426160.81169962,0.01207575,0.012156733484916114,0.00017001767175548778,54.869176207015,-0.0006099999999999994,0.012983339491020318,0.011168160508979681,0.0006068571428571434,2572968.2397668473,6985234.927172335,0.01246,0.01235,0.01249
2023-10-06,0.01189,0.01258,0.01186,0.01247,1623423.48745541,0.01210275,0.012186568391114578,0.0001728356694853054,57.11042899638692,0.0002900000000000003,0.01302410755103114,0.011181392448968862,0.0006225714285714289,2501398.3464836567,8608658.414627746,0.01188,0.01293,0.01218
2023-10-07,0.01251,0.0126,0.01245,0.01253,981843.12960215,0.0121645,0.01221927616338938,0.0001778484008035635,58.59709946620079,0.00034,0.0130211882378334,0.0113078117621666,0.0006168571428571432,2465750.6074833497,9590501.544229895,0.01247,0.01237,0.01219
2023-10-08,0.01256,0.01266,0.01239,0.01252,796656.2999999999,0.0122225,0.012247916528780867,0.00017895216019654138,56.60358668627037,0.00011000000000000072,0.013003588983407133,0.011441411016592868,0.000594714285714286,2401524.2548371125,8793845.244229894,0.01253,0.01277,0.01241
2023-10-09,0.01253,0.01259,0.01149,0.01189,1660181.9633488,0.012232499999999999,0.012213829240325547,0.000127619443230741,43.08741861201369,-0.000530000000000001,0.01298963796281578,0.011475362037184217,0.0006090000000000003,2422163.285471702,7133663.280881094,0.01252,0.01246,0.01242
2023-10-10,0.01194,0.013157,0.01159,0.011661,1093465.37708493,0.01222805,0.012161178836485018,6.771317884490466e-05,43.90687609855239,-0.0006890000000000004,0.012998065030612007,0.011458034969387994,0.000657214285714286,2384263.612619099,6040197.903796164,0.01189,0.01188,0.01235
2023-10-11,0.01162,0.01165,0.01131,0.01151,636031.36204374,0.012230050000000001,0.012099161804438825,7.981988526823552e-06,42.272592769023014,-0.0014200000000000011,0.012991939748896567,0.011468160251103435,0.0006443571428571432,2339931.7414636454,5404166.541752424,0.011661,0.01247,0.01293
2023-10-12,0.01142,0.01162,0.011149,0.01159,1509003.20144968,0.01221755,0.01205067020401608,-3.253418305163881e-05,40.37545416517411,-0.0007800000000000012,0.0130138124468167,0.011421287553183302,0.0006408571428571432,2283624.0510361297,6913169.743202104,0.01151,0.01253,0.01237
2023-10-13,0.01155,0.01192,0.01155,0.01166,1227915.7035818002,0.01221205,0.01201346351791931,-5.8330205958564973e-05,41.20357017361518,-0.0011099999999999999,0.01302271794422221,0.01140138205577779,0.0006358571428571432,2269763.807458793,8141085.446783904,0.01159,0.01252,0.01277
2023-10-14,0.01168,0.011774,0.01151,0.01151,811810.48538175,0.01218955,0.011965514611450805,-8.982531554764875e-05,40.45441673594675,-0.0009500000000000012,0.013052938300763178,0.011326161699236822,0.0006390000000000004,2186040.5929969703,7329274.961402154,0.01166,0.01189,0.01246
2023-10-15,0.01157,0.01207,0.01151,0.01204,1775802.30014904,0.01216705,0.0119726084579793,-7.124995463237208e-05,39.76998694716845,0.00016000000000000042,0.013020871989335997,0.011313228010664004,0.0006318571428571432,1871678.106528435,9105077.261551194,0.01151,0.011661,0.01188
2023-10-16,0.01205,0.0126,0.011493,0.0121,1584694.5627067296,0.01216305,0.011984740985790795,-5.1103884056442894e-05,46.49333742682494,-0.00037000000000000054,0.013017365971375556,0.011308734028624444,0.0006437857142857147,1620480.197410078,10689771.824257923,0.01204,0.01151,0.01247
2023-10-17,0.01208,0.01211,0.011483,0.01176,2108964.00911953,0.01214155,0.011963337082382147,-6.183132960705696e-05,36.67532626528556,-0.0007699999999999999,0.013014451145907317,0.011268648854092681,0.0006309285714285717,1582247.0159907336,8580807.815138392,0.0121,0.01159,0.01253
2023-10-18,0.01172,0.0119,0.01145,0.01148,337680.1481,0.01209505,0.011917304979298134,-9.184536182114261e-05,36.9679474597701,-0.0010399999999999993,0.013005992941190751,0.011184107058809248,0.0006309285714285717,1477239.1957758456,8243127.667038392,0.01176,0.01166,0.01252
2023-10-19,0.01141,0.01146,0.01109,0.01128,2816798.0563748004,0.012038049999999998,0.011856609266984026,-0.00013025339394305557,41.124090018562065,-0.0006099999999999994,0.013004363118044693,0.011071736881955303,0.0005975714285714289,1566047.5398488916,5426329.610663592,0.01148,0.01151,0.01189
2023-10-20,0.01129,0.01184,0.01129,0.01169,1193614.6601,0.01200505,0.011840741717747452,-0.00012618130741252898,37.812334571036274,2.9000000000001247e-05,0.01297158596878097,0.01103851403121903,0.0005854285714285718,1596077.0039558925,6619944.270763592,0.01128,0.01204,0.011661
2023-10-21,0.0117,0.0126,0.01167,0.01234,3243864.5863110195,0.01197555,0.011888290125581027,-6.974148678717297e-05,47.49322825720434,0.0008300000000000009,0.012855342433654547,0.011095757566345453,0.0006411428571428575,1604295.044258526,9863808.85707461,0.01169,0.0121,0.01151
2023-10-22,0.01231,0.01256,0.01213,0.0124,1012263.67921944,0.01197705,0.011937024399335215,-1.994494315590324e-05,48.43732340559175,0.00081,0.01285977150343785,0.01109432849656215,0.0006525714285714289,1455655.7867157806,10876072.53629405,0.01234,0.01176,0.01159
2023-10-23,0.0124,0.01325,0.01237,0.01317,2536703.80734193,0.011997049999999999,0.012054450647017576,8.067976277234372e-05,66.08016956724272,0.0015099999999999992,0.012969030826105014,0.011025069173894984,0.0006368571428571431,1471762.6679920414,13412776.34363598,0.0124,0.01148,0.01166
2023-10-24,0.01325,0.014999,0.01311,0.01372,6533893.762109639,0.01206005,0.012213074394920665,0.00020244404760067468,73.9360532190781,0.00221,0.01328800516376231,0.010832094836237689,0.0006598571428571431,1745538.5696590003,19946670.10574562,0.01317,0.01128,0.01151
2023-10-25,0.01371,0.01415,0.01357,0.0138,5692926.985364411,0.01215605,0.012364210166832982,0.0003019135305108375,77.06830284722461,0.0017599999999999994,0.013605048852202513,0.010707051147797486,0.0006770000000000002,1958876.87834224,25639597.091110032,0.01372,0.01169,0.01204
2023-10-26,0.01381,0.01421,0.013001,0.01367,7142154.87510233,0.012216049999999999,0.012488571103325078,0.0003660391580840149,74.29882238702957,0.0015700000000000002,0.013811739519331769,0.01062036048066823,0.0007297142857142858,2234813.447724586,18497442.216007702,0.0138,0.01234,0.0121
2023-10-27,0.01367,0.013734,0.012501,0.01323,1473188.2178866602,0.01225105,0.01255918337919888,0.0003770255615172906,66.88151906639422,0.0014700000000000008,0.013905364865339786,0.010596735134660213,0.0007913571428571429,2259380.7021388113,17024253.99812104,0.01367,0.0124,0.01176
2023-10-28,0.01325,0.01367,0.01325,0.0134,1420276.7849964695,0.012295049999999998,0.012639261152608511,0.00039489125483090776,70.23533548293433,0.0019199999999999998,0.014024584829460156,0.01056551517053984,0.0008025,2290561.726388635,18444530.78311751,0.01323,0.01317,0.01148
2023-10-29,0.01341,0.01422,0.01325,0.0141,3527118.90894932,0.01240555,0.012778379138074367,0.0004602049009706892,71.28078555144675,0.0028199999999999996,0.014300596448535034,0.010510503551464965,0.0008317857142857143,2383908.573668661,21971649.69206683,0.0134,0.01372,0.01128
2023-10-30,0.01418,0.01531,0.01387,0.01429,3973438.12869704,0.012537000000000001,0.012922343029686333,0.0005212822360517611,72.03199025193895,0.0026,0.014573995723841205,0.010500004276158798,0.0008555714285714285,2527907.2112492668,25945087.82076387,0.0141,0.0138,0.01169
2023-10-31,0.0143,0.015045,0.013299,0.01396,4507531.17824116,0.012659499999999999,0.01302116750304954,0.0005368784771500844,72.17721562882687,0.00162,0.014730832904194777,0.01058816709580522,0.0009354999999999999,2721482.2020591376,21437556.64252271,0.01429,0.01367,0.01234
2023-11-01,0.01395,0.014145,0.01296,0.01402,5440007.01908367,0.012781,0.013116294407521012,0.0005477638146233789,76.79302213031437,0.00162,0.014873159800679414,0.010688840199320588,0.000988,2918032.392940837,26877563.661606383,0.01396,0.01323,0.0124
2023-11-02,0.01405,0.01534,0.01382,0.01429,11340232.233826784,0.012912499999999999,0.01322807589251901,0.0005715813181142951,81.2887446897244,0.0011200000000000012,0.015038329868916822,0.010786670131083176,0.001070142857142857,3423648.219453086,38217795.895433165,0.01402,0.0134,0.01317
2023-11-03,0.01423,0.015548,0.01396,0.01499,4881350.89714003,0.013086500000000001,0.013395878188469582,0.000639552044541674,82.35271511019381,0.0012700000000000003,0.01529697530016319,0.010876024699836812,0.001144285714285714,3627125.2400410003,43099146.7925732,0.01429,0.0141,0.01372
2023-11-04,0.01491,0.015436,0.01443,0.015003,4724124.7170471,0.01323465,0.013548937408615336,0.0006865533809084692,79.83394181600147,0.001203000000000001,0.015544733003749105,0.010924566996250896,0.0011497142857142854,3774541.3608859032,47823271.5096203,0.01499,0.01429,0.0138
2023-11-05,0.01498,0.017782,0.01482,0.01567,13079174.2518894,0.013413150000000002,0.01375094336969959,0.0007687482575474275,82.24829359445556,0.002,0.015899091547773667,0.010927208452226337,0.0013305714285714281,4349265.345345037,60902445.7615097,0.015003,0.01396,0.01367
2023-11-06,0.01564,0.016254,0.015135,0.01584,2894749.6007622103,0.01361715,0.013949901144013914,0.0008379429324186487,79.86552167398133,0.0026099999999999995,0.01619963866304129,0.011034661336958709,0.001347642857142857,4388554.624927171,63797195.36227191,0.01567,0.01402,0.01323
2023-11-07,0.01582,0.01582,0.0146,0.01497,5301331.20478749,0.013791650000000003,0.01404705341601259,0.0008132185471681208,63.0478324280472,0.0015700000000000002,0.016233940320687996,0.011349359679312008,0.0012998571428571427,4636737.177761545,58495864.15748442,0.01584,0.01429,0.0134
2023-11-08,0.01497,0.016352,0.014047,0.015187,7156695.144513771,0.013987,0.014155619757344725,0.0008018870528164346,64.07532026497185,0.0010870000000000012,0.016197410678679643,0.011776589321320356,0.0014230714285714283,4853732.032168495,65652559.30199819,0.01497,0.01499,0.0141
2023-11-09,0.01513,0.01594,0.01314,0.01481,11562726.743095595,0.014143,0.014217941685216656,0.0007538019100257424,61.0164564688074,0.0005199999999999996,0.01609626975526732,0.012189730244732678,0.0015367142857142854,5372187.636318274,54089832.55890259,0.015187,0.015003,0.01429
2023-11-10,0.01479,0.015867,0.01427,0.015471,5531424.93283535,0.01429955,0.014337280572338879,0.0007602583825729019,70.76904712388142,0.0015110000000000002,0.01614317999770046,0.012455920002299536,0.0015627142857142853,5486565.65364449,59621257.49173794,0.01481,0.01567,0.01396
2023-11-11,0.01543,0.016257,0.01474,0.01593,5389585.2476359,0.014476049999999999,0.014488968136878033,0.0007932624308383228,72.25527593704027,0.0019100000000000002,0.01622756945764992,0.01272453054235008,0.0016410714285714282,5705431.7320653135,65010842.73937384,0.015471,0.01584,0.01402
2023-11-12,0.01596,0.017049,0.01524,0.0163,5035994.83857861,0.01463255,0.014661447361937268,0.0008395914428279416,70.54520216047248,0.002009999999999998,0.016450781005530823,0.012814318994469174,0.001701,5830396.283627147,70046837.57795244,0.01593,0.01497,0.01429
2023-11-13,0.01633,0.016919,0.014909,0.01544,6354976.094644578,0.014718550000000002,0.014735595232228957,0.0007977259789873816,59.54501433761609,0.00045000000000000075,0.016517651351698723,0.01291944864830128,0.0017417142857142855,5821450.400253894,63691861.48330787,0.0163,0.015187,0.01499
2023-11-14,0.01543,0.015686,0.01408,0.01478,4540710.696882971,0.014767549999999999,0.014739824257730962,0.0007031912927434568,56.45250388179819,-0.00022300000000000098,0.016513924225886895,0.013021175774113103,0.0017317142857142854,5763839.585829822,59151150.7864249,0.01544,0.01481,0.015003
2023-11-15,0.01473,0.015798,0.013782,0.01579,3915335.35059802,0.01487355,0.014839840995089918,0.0007016726486231417,62.11652934947825,0.00011999999999999858,0.01659662723198015,0.01315047276801985,0.0017910714285714283,5602498.609604606,63066486.13702292,0.01478,0.015471,0.01567
2023-11-16,0.0156,0.01781,0.01538,0.01557,18147800.21944175,0.01499055,0.014909379947938497,0.0006749384186853138,58.822604974294244,-0.0002699999999999994,0.016554131108932467,0.013426968891067535,0.001856071428571428,6436229.20968236,44918685.91758117,0.01579,0.01593,0.01584
2023-11-17,0.01561,0.016041,0.014014,0.01476,4910463.18266252,0.015058549999999999,0.014895153286230069,0.0005816920310154853,48.43825663557946,-0.00021000000000000012,0.016438371266076057,0.01367872873392394,0.0018874285714285712,6610738.529565664,40008222.734918654,0.01557,0.0163,0.01497
2023-11-18,0.01472,0.015244,0.01383,0.01454,2843315.57686904,0.015080549999999998,0.014861329163731967,0.00048445849578905055,46.94219294799877,-0.000647,0.01640909910572238,0.013752000894277618,0.0019165714285714283,6576548.36296165,37164907.15804961,0.01476,0.01544,0.015187
2023-11-19,0.01443,0.015244,0.01422,0.015244,2973518.2771724807,0.015128250000000001,0.014897774005281304,0.0004589123234634753,47.20022860105147,0.00043400000000000036,0.016404774372538247,0.013851725627461757,0.001778142857142857,6526552.370385421,40138425.4352221,0.01454,0.01478,0.01481
2023-11-20,0.01495,0.015733,0.01478,0.01507,2857358.0456105596,0.01518375,0.014914176480968799,0.00041978843602632696,44.94211387419939,-0.0004010000000000003,0.016336976480700743,0.014030523519299256,0.001766285714285714,6444043.713753892,37281067.389611535,0.015244,0.01579,0.015471
2023-11-21,0.01504,0.01554,0.01324,0.0134,4233181.609061619,0.015152750000000001,0.01476996919706701,0.00025114208145702276,40.66802551683817,-0.0025299999999999993,0.016460653404609615,0.013844846595390385,0.001843428571428571,6383702.443252789,33047885.780549914,0.01507,0.01557,0.01593
2023-11-22,0.013342,0.014633,0.013342,0.01418,4988911.90438769,0.015147249999999998,0.0147137816544892,0.0001783678923395985,44.38990290154421,-0.0021199999999999986,0.016471255386377955,0.01382324461362204,0.0017709999999999998,6066136.426780834,38036797.684937604,0.0134,0.01476,0.0163
2023-11-23,0.0142,0.014597,0.01389,0.01414,2944859.1942362306,0.01510475,0.014659135782633085,0.00011612773388700558,46.1217126992385,-0.0013000000000000008,0.016502522946699953,0.013706977053300049,0.0016215,5969311.8416356435,35091938.49070137,0.01418,0.01454,0.01544
2023-11-24,0.01419,0.015363,0.01419,0.01487,2587620.3153167698,0.0150981,0.014679218089048983,0.00012427100260183413,46.54867903049196,8.99999999999998e-05,0.01649917280700407,0.013697027192995929,0.0015912142857142856,5862486.621549128,37679558.80601814,0.01414,0.015244,0.01478
2023-11-25,0.01483,0.015176,0.01475,0.01512,2242173.6364363497,0.015070599999999998,0.014721197318663365,0.0001491768121098351,45.234098225773685,-0.0006699999999999987,0.01644575999451928,0.013695440005480718,0.0015132857142857146,5320636.590776475,39921732.44245449,0.01487,0.01507,0.01579
2023-11-26,0.01505,0.015848,0.01457,0.01504,2974927.6915698415,0.0150306,0.014751559478790664,0.00016060840994912458,42.32448921261586,-0.000530000000000001,0.01635721173473507,0.013703988265264928,0.0014753571428571428,5324645.4953168575,36946804.750884645,0.01512,0.0134,0.01557
2023-11-27,0.01498,0.015253,0.014,0.01457,2120522.98417042,0.015010599999999999,0.01473426809985822,0.00013024329713280658,44.435837541350004,-0.00019000000000000093,0.01635302504838306,0.013668174951616936,0.0014212857142857141,5165605.084286002,34826281.76671422,0.01504,0.01418,0.01476
2023-11-28,0.01459,0.015096,0.01424,0.01494,2566663.30144995,0.014998250000000001,0.014753861614157439,0.00013448314666074032,51.06260429377522,0.0003999999999999993,0.016338384773269567,0.013658115226730435,0.0013677142857142861,4936103.492132812,37392945.06816417,0.01457,0.01414,0.01454
2023-11-29,0.014997,0.015061,0.01453,0.01453,2990879.54613921,0.01498425,0.01473254146042816,0.00010356710095145091,40.90638384968622,-0.0007140000000000011,0.01633844160192965,0.013630058398070348,0.0012616428571428574,4507511.132284993,34402065.52202496,0.01494,0.01487,0.015244
2023-11-30,0.01454,0.015104,0.0144,0.01454,2910366.5664786804,0.014937700000000002,0.014714204178482621,7.896257250535228e-05,42.33393976255483,-0.0005299999999999992,0.016285431833391494,0.013589968166608507,0.0011383571428571434,4376458.213967159,37312432.08850364,0.01453,0.01512,0.01507
2023-12-01,0.01454,0.015,0.014522,0.01489,1864746.99239245,0.014885700000000002,0.014730946637674752,8.670496354698173e-05,51.03855632154227,0.00149,0.016149890708464662,0.013621509291535343,0.001027714285714286,4200216.301204987,39177179.08089609,0.01454,0.01504,0.0134
2023-12-02,0.01489,0.017888,0.01489,0.01551,4934733.47008828,0.014846199999999999,0.014805142195991442,0.00014124000568356727,57.284349357030486,0.0013299999999999996,0.015965377066090577,0.01372702293390942,0.0011408571428571433,4195153.2327804705,44111912.55098437,0.01489,0.01457,0.01418
2023-12-03,0.015548,0.01655,0.01511,0.015591,3754296.298964079,0.014853749999999999,0.014879985796373209,0.0001888186484086448,52.87477377848668,0.001451000000000001,0.015991673848159655,0.013715826151840341,0.0011705714285714288,4065119.2429964454,47866208.84994844,0.01551,0.01494,0.01414
2023-12-04,0.0156,0.017897,0.0146,0.01665,8486540.15954111,0.01494725,0.015048558577670998,0.0003084199604135446,61.41606071895231,0.001780000000000002,0.01633871766514995,0.013555782334850051,0.0013380000000000002,4262410.716129352,56352749.00948955,0.015591,0.01453,0.01487
2023-12-05,0.017276,0.018,0.01593,0.016622,8326186.430674104,0.014988850000000001,0.015198410141702331,0.00039637632714994465,80.52271176241669,0.0015020000000000016,0.01652828356294996,0.013449416437050044,0.0013215714285714287,4482953.270133156,48026562.578815445,0.01665,0.01454,0.01512
2023-12-06,0.017282,0.018,0.014498,0.01632,8778278.833753573,0.015026350000000003,0.015305228223444966,0.0004366802422032783,72.29145581658719,0.0012800000000000016,0.01665910128153935,0.013393598718460655,0.0014795,4014477.200848748,39248283.745061874,0.016622,0.01489,0.01504
2023-12-07,0.016357,0.018404,0.0142,0.017433,10676885.456952311,0.015160000000000002,0.015507873154545446,0.0005520654064970539,78.03488975166754,0.002863000000000001,0.017108099748878097,0.013211900251121905,0.001729285714285714,4302798.314563237,49925169.202014185,0.01632,0.01551,0.01457
2023-12-08,0.01752,0.01852,0.01731,0.01841,7169141.5778224915,0.0153535,0.01578426618744588,0.0007141113095181142,78.92138808832789,0.003469999999999999,0.017757704431276253,0.012949295568723748,0.0017319285714285711,4519089.6146109095,57094310.77983668,0.017433,0.015591,0.01494
2023-12-09,0.01846,0.019544,0.01825,0.01848,13322149.186554344,0.0155153,0.016041002741022464,0.0008385162211718596,78.28264377828064,0.00395,0.01829474985847729,0.01273585014152271,0.001793928571428571,5036521.160080003,70416459.96639103,0.01841,0.01665,0.01453
2023-12-10,0.01853,0.02099,0.01837,0.02018,15064150.511793924,0.0157708,0.01643519295616318,0.0010620389456995928,83.99455344923963,0.005639999999999999,0.019233409335533865,0.012308190664466138,0.0018897857142857139,5646860.783389172,85480610.47818495,0.01848,0.016622,0.01454
2023-12-11,0.02027,0.020842,0.0172,0.019109,16821936.60362067,0.01605625,0.0166898412460524,0.001139625934222975,77.80895854363196,0.0042190000000000005,0.01963525761752692,0.012477242382473079,0.002060428571428571,6276298.533117125,68658673.87456429,0.02018,0.01632,0.01489
2023-12-12,0.01922,0.02116,0.01899,0.01931,12016307.01399039,0.01631275,0.016939380174999793,0.0012034601881682344,77.33970435987725,0.0038000000000000013,0.020057075777268285,0.012568424222731718,0.002154285714285714,6627668.288597259,80674980.88855468,0.019109,0.017433,0.01551
2023-12-13,0.01932,0.019567,0.01755,0.01902,11872451.76302685,0.016556750000000002,0.01713753444404743,0.0012166244988676515,78.51866117108023,0.003428999999999998,0.02034071961571199,0.012772780384288016,0.002260428571428571,7074047.9170367895,68802529.12552783,0.01931,0.01841,0.015591
2023-12-14,0.01902,0.020756,0.01793,0.01918,12309039.467363166,0.01677225,0.01733205497318577,0.0012258370979998968,78.9203309792279,0.0025299999999999975,0.020641699403236905,0.012902800596763091,0.0024119999999999996,7560118.874639111,81111568.592891,0.01902,0.01848,0.01665
2023-12-15,0.01914,0.021254,0.01819,0.01934,13662616.440464048,0.016983250000000002,0.017523287832882366,0.0012318486539444132,78.40895075008802,0.002717999999999998,0.020932747602960333,0.013033752397039671,0.0025967142857142855,8131141.014840494,94774185.03335504,0.01918,0.02018,0.016622
2023-12-16,0.0195,0.022504,0.01915,0.02093,42739060.40637687,0.01727775,0.01784773661070309,0.0013493566517813263,80.78832867114275,0.0046099999999999995,0.021486988804794688,0.013068511195205315,0.0026221428571428567,10119347.650580846,137513245.4397319,0.01934,0.019109,0.01632
2023-12-17,0.02087,0.022356,0.01829,0.019245,21502377.627963506,0.0175115,0.017980809314445654,0.0012916293547680542,67.55708766103909,0.0018120000000000011,0.02160525429288645,0.01341774570711355,0.0028097142857142856,11088440.382770501,116010867.81176838,0.02093,0.01931,0.017433
2023-12-18,0.019599,0.02049,0.01674,0.01912,23407667.562866848,0.0177205,0.01808930366545083,0.0012217105561488778,63.03833588083801,0.0007100000000000023,0.021686286707644054,0.013754713292355948,0.0028420714285714277,12130490.595841344,92603200.24890153,0.019245,0.01902,0.01841
2023-12-19,0.019244,0.0205,0.01673,0.018572,13529662.066278622,0.0179226,0.018135274744931703,0.0011092934948240853,59.75772251720224,9.20000000000018e-05,0.02160568591437011,0.01423951408562989,0.0029635,12657429.721848316,79073538.18262291,0.01912,0.01918,0.01848
2023-12-20,0.01859,0.020969,0.01827,0.0195,8816733.666883238,0.018170600000000002,0.01826524857874773,0.001082603840082963,64.97448581250693,-0.00068,0.021550119019032137,0.014791080980967866,0.002906142857142857,12952748.076868545,87890271.84950614,0.018572,0.01934,0.02018
2023-12-21,0.01938,0.02109,0.01898,0.0194,6785491.30454512,0.0183961,0.01837332014267652,0.0010413786128177505,60.23937081195301,0.0002909999999999996,0.02143903970744703,0.015353160292552966,0.0027565714285714285,13198785.292476177,81104780.54496102,0.0195,0.02093,0.019109
2023-12-22,0.01944,0.02215,0.01919,0.0214,20439413.611857545,0.0186906,0.018661575367183516,0.0011567551771213581,64.06653209150835,0.002089999999999998,0.02169732148080893,0.015683878519191074,0.0028815714285714287,13974019.29956464,101544194.15681857,0.0194,0.019245,0.01931
2023-12-23,0.02134,0.02151,0.020131,0.02091,11376920.6771147,0.01895655,0.01887571104649937,0.001194879426005959,60.997388308885206,0.0018900000000000028,0.02174167609371545,0.016171423906284548,0.0028876428571428573,14355150.51847217,90167273.47970387,0.0214,0.01912,0.01902
2023-12-24,0.0209,0.03,0.020289,0.024242,29893419.546952996,0.019336150000000003,0.019386786184928003,0.001476931039676617,66.01727726799041,0.0050620000000000005,0.022787443900767316,0.01588485609923269,0.0033941428571428573,15425494.487842768,120060693.02665687,0.02091,0.018572,0.01918
2023-12-25,0.02326,0.026999,0.022568,0.02333,20907931.116170947,0.01967155,0.019762330357792002,0.0016083287414748841,66.85560770078206,0.0039900000000000005,0.023310915327838584,0.016032184672161415,0.0034505,16054581.722117608,99152761.91048592,0.024242,0.0195,0.01934
2023-12-26,0.023355,0.02499,0.0217,0.023,17157742.044922464,0.02000555,0.0200706798475261,0.0016666224467886959,64.58490875978477,0.002069999999999999,0.023575253716144048,0.016435846283855953,0.0035304999999999994,16473554.88267605,81995019.86556345,0.02333,0.0194,0.02093
2023-12-27,0.02304,0.026213,0.02216,0.02409,17379814.31607823,0.0203384,0.020453472242999805,0.0017802524636722772,68.84751198028493,0.004844999999999999,0.02413249965188331,0.01654430034811669,0.003675928571428571,16808701.32563235,99374834.18164168,0.023,0.0214,0.019245
2023-12-28,0.02413,0.026294,0.02226,0.02277,15046919.5302297,0.020556400000000002,0.02067409393414268,0.0017436923278558066,62.28604572179054,0.003649999999999997,0.02438484299257132,0.016727957007428684,0.003762214285714286,17202590.223252706,84327914.65141198,0.02409,0.02091,0.01912
2023-12-29,0.0227,0.025,0.021001,0.02258,17014750.269356214,0.020761400000000003,0.020855608797557663,0.001680020561446765,61.06551537450716,0.004007999999999998,0.024560670145976106,0.0169621298540239,0.003829,17387220.2773928,67313164.38205576,0.02277,0.024242,0.018572
2023-12-30,0.02255,0.02351,0.02209,0.0224,6093806.839920802,0.0208724,0.021002693673980742,0.001596630809039313,55.55549676667008,0.0029,0.024729429639775313,0.017015370360224685,0.0036908571428571437,16938703.093799144,61219357.542134956,0.02258,0.02333,0.0195
2023-12-31,0.02234,0.026296,0.0166,0.02163,9527559.87127913,0.020998450000000002,0.021062437133601623,0.0014516774293958368,59.683245183480906,0.0022299999999999993,0.02477680455553981,0.017220095444460192,0.004093,16573984.257182071,51691797.67085583,0.0224,0.023,0.0194
2024-01-01,0.02172,0.02265,0.02113,0.0225,3701391.340453309,0.021157950000000002,0.02119934788278242,0.0013909681271961974,62.94020818048128,0.0011000000000000003,0.02490539288815721,0.017410507111842794,0.003933714285714286,16158238.473505214,55393189.01130914,0.02163,0.02409,0.0214
2024-01-02,0.02246,0.02356,0.02184,0.02194,10366610.667186296,0.02130395,0.021269886179660285,0.0012828801269625413,62.88242959348116,0.0010299999999999997,0.02492611163869617,0.017681788361303828,0.0037872857142857144,16082946.418713188,45026578.34412284,0.0225,0.02277,0.02091
2024-01-03,0.02222,0.02485,0.01746,0.02052,33355285.924786977,0.02137095,0.021198468448264066,0.0010703000206971451,53.75989732832773,-0.0037219999999999996,0.02487535008981191,0.01786654991018809,0.004122357142857144,17135258.74158438,11671292.419335864,0.02194,0.02258,0.024242
2024-01-04,0.02052,0.022685,0.01977,0.02182,15111566.527821826,0.02149495,0.021257661929381774,0.000995254956050226,58.19555576146162,-0.001510000000000001,0.02486988120241771,0.018120018797582287,0.004179857142857144,17207706.24595227,26782858.94715769,0.02052,0.0224,0.02333
2024-01-05,0.02189,0.02209,0.01953,0.02015,11713626.632188004,0.02145595,0.0211521703170597,0.0007918979528006645,45.66990166422175,-0.0028499999999999984,0.024876093578088045,0.018035806421911958,0.004151285714285714,15656434.557242822,15069232.314969685,0.02182,0.02163,0.023
2024-01-06,0.02004,0.020351,0.018,0.01919,7739204.058597192,0.0214532,0.020965296953530204,0.0005469671516511454,44.22969543641061,-0.004900000000000002,0.024880908861922974,0.018025491138077023,0.004220714285714286,14968275.878774509,7330028.256372493,0.02015,0.0225,0.02409
2024-01-07,0.01909,0.01954,0.018068,0.01822,8080964.098431209,0.0214082,0.020703840100813043,0.00027145779133926073,25.99263563252282,-0.0045499999999999985,0.02498525857403891,0.017831141425961088,0.0036322142857142864,14201940.705552727,-750935.8420587163,0.01919,0.02194,0.02277
2024-01-08,0.01823,0.020873,0.01663,0.01934,12033234.256693924,0.021446600000000003,0.02057395056740228,0.0001418539170647097,34.35290345563543,-0.00324,0.024910149527048207,0.0179830504729518,0.0036187857142857154,14127119.31507349,11282298.414635208,0.01822,0.02052,0.02258
2024-01-09,0.01942,0.019778,0.01759,0.01834,10635112.725108862,0.0213886,0.020361193370506823,-4.107609468199935e-05,32.63781990093304,-0.004060000000000001,0.0250239893529261,0.0177532106470739,0.0035400714285714293,14218038.267984772,647185.6895263456,0.01934,0.02182,0.0224
2024-01-10,0.01831,0.020786,0.01791,0.02033,11232016.434700817,0.0214351,0.020358222573315696,-2.5183026921948848e-05,36.87147233235945,-0.001299999999999999,0.024986204314524092,0.017883995685475905,0.0034560000000000007,14440364.524492558,11879202.124227162,0.01834,0.02015,0.02163
2024-01-11,0.020242,0.02155,0.01991,0.02061,9277180.58860082,0.0213956,0.02038220137585706,9.891943324680241e-06,41.867425742171655,-0.0018899999999999993,0.02496587130916583,0.017825328690834173,0.003285,13882252.87332972,21156382.71282798,0.02033,0.01919,0.0225
2024-01-12,0.02066,0.02171,0.01855,0.01985,12017113.077586768,0.0213426,0.02033151553053734,-2.3367097026712885e-05,40.144363752989705,-0.0020900000000000016,0.02497416827946565,0.01771103172053435,0.0032250714285714287,13914262.493353326,9139269.635241212,0.02061,0.01822,0.02194
2024-01-13,0.01988,0.02018,0.01908,0.01997,3023585.68275784,0.021129000000000002,0.020297085480009976,-3.958581962892893e-05,41.18922576873382,-0.0005499999999999984,0.02453825613124346,0.017719743868756545,0.0032022142857142865,12570770.800143566,12162855.317999052,0.01985,0.01934,0.02052
2024-01-14,0.01992,0.02014,0.01874,0.01874,3465632.7338393205,0.0208995,0.02014879162477093,-0.00014996122287294286,39.859609962488456,-0.0030799999999999994,0.024302869692401627,0.017496130307598376,0.0026096428571428577,11698655.881026985,8697222.584159732,0.01997,0.01834,0.02182
2024-01-15,0.0188,0.01975,0.01879,0.01926,2594615.3323668703,0.020712500000000002,0.020064144803364173,-0.00019324727892743032,38.34528511985672,-0.0008900000000000019,0.024040068260203818,0.017384931739796185,0.0025696428571428576,10970499.545399206,11291837.916526603,0.01874,0.02033,0.02015
2024-01-16,0.0192,0.020282,0.01889,0.01968,1852051.9645595,0.020492,0.020027559583996157,-0.00019145436550093223,41.787748181070164,0.0004900000000000009,0.023440024137585974,0.017543975862414025,0.002546214285714286,10194111.42782327,13143889.881086104,0.01926,0.02061,0.01919
2024-01-17,0.01969,0.019819,0.01899,0.01908,6199208.610147631,0.0203075,0.01993731581409176,-0.0002357310498700832,44.435809729417606,0.0008599999999999997,0.02311370271616478,0.017501297283835218,0.0020775714285714286,9751725.881819164,6944681.270938473,0.01968,0.01985,0.01822
2024-01-18,0.01918,0.02,0.016649,0.01785,6656990.899908392,0.020071,0.019738523831797306,-0.00036585394223816875,34.576496964183576,-0.0014899999999999983,0.022868050326024875,0.017273949673975122,0.002108714285714286,9233837.913346775,287690.37103008106,0.01908,0.01997,0.01934
2024-01-19,0.01787,0.01795,0.016379,0.017264,5881429.04979322,0.0198142,0.019502854895435656,-0.0005103792029485625,37.75661559539977,-0.001075999999999997,0.022653683392598416,0.016974716607401585,0.0020380714285714286,9223219.023840394,-5593738.678763139,0.01785,0.01874,0.01834
2024-01-20,0.01719,0.01752,0.0171,0.01749,3683195.6177824,0.0196072,0.01931115442920369,-0.0005997664786523138,42.30903073412683,-0.0028400000000000022,0.022492569964420346,0.016721830035579657,0.001900142857142857,8931000.81116556,-1910543.060980739,0.017264,0.01926,0.02033
2024-01-21,0.0175,0.01864,0.017237,0.01794,7917187.18550705,0.0193792,0.019180568293089055,-0.0006270668852603294,48.670653115349076,-0.0026699999999999988,0.022011671050473122,0.016746728949526876,0.0018952142857142859,9141790.603418246,6006644.124526311,0.01749,0.01968,0.02061
2024-01-22,0.01799,0.01811,0.01602,0.016619,9982645.51955142,0.019113150000000002,0.018936609408032955,-0.0007466888836992133,37.32409181614782,-0.0032310000000000012,0.021731401668575838,0.016494898331424167,0.0017414285714285715,9122592.346036503,-3976001.39502511,0.01794,0.01908,0.01985
2024-01-23,0.016624,0.01736,0.01533,0.01637,5437677.014200262,0.018905650000000003,0.01869217041679172,-0.0008517637828155088,40.132181742081315,-0.0036000000000000025,0.021705910083785484,0.016105389916214522,0.0017301428571428574,7726711.900507165,-9413678.40922537,0.016619,0.01785,0.01997
2024-01-24,0.016382,0.01758,0.01609,0.01659,7179487.1056936,0.01864415,0.018491963710430603,-0.0009068308621711235,27.228399756746654,-0.002149999999999999,0.021269855821899723,0.01601844417810028,0.0016311428571428573,7330107.929400755,-2234191.3035317706,0.01637,0.017264,0.01874
2024-01-25,0.01658,0.0166,0.016,0.01646,4097376.6685914504,0.01845965,0.01829844335705626,-0.000950010694746227,24.26192760270574,-0.0028000000000000004,0.021157414944307982,0.01576188505569202,0.001556857142857143,6949295.431220926,-6331567.972123221,0.01659,0.01749,0.01926
2024-01-26,0.01645,0.01809,0.01534,0.01719,9799047.55931376,0.018359649999999998,0.0181928773230509,-0.0009147811220341605,33.44117677085724,-0.002489999999999999,0.021091481641186856,0.01562781835881314,0.0015275714285714287,7052287.606256756,3467479.5871905386,0.01646,0.01794,0.01968
2024-01-27,0.01727,0.01814,0.017152,0.01738,3395664.6936734994,0.018317649999999998,0.01811546043514129,-0.0008615980594279087,34.01623349453605,-0.0017000000000000001,0.02108413081789657,0.015551169182103426,0.0015195714285714287,6818022.63601887,6863144.280864038,0.01719,0.016619,0.01908
2024-01-28,0.01743,0.017633,0.01675,0.017002,3935886.779709731,0.018200749999999998,0.018009416584175455,-0.0008402654706619536,38.013719697644724,-0.0008480000000000015,0.02098287905031952,0.015418620949680478,0.001482642857142857,6413155.262169661,2927257.5011543063,0.01738,0.01637,0.01785
2024-01-29,0.01696,0.017614,0.01588,0.01759,4216219.974909311,0.01816325,0.017969472147587318,-0.0007670702623627582,38.58970480242319,0.0003259999999999999,0.020957667357593756,0.015368832642406242,0.0015379285714285716,6092210.624659684,7143477.4760636175,0.017002,0.01659,0.017264
2024-01-30,0.01748,0.01792,0.01648,0.01718,3815875.6548933703,0.01800575,0.017894284324007574,-0.0007336885894698615,32.89539401539189,-0.0003099999999999978,0.020636239238065648,0.015375260761934356,0.0015413571428571427,5721403.585669311,3327601.821170247,0.01759,0.01646,0.01749
2024-01-31,0.01722,0.017578,0.015713,0.01634,10155569.446375374,0.01779225,0.017746257245530663,-0.0007661822599118635,31.849437481170554,-0.0016000000000000007,0.02021792233219125,0.015366577667808749,0.0016153571428571426,5765323.028558038,-6827967.625205127,0.01718,0.01719,0.01794
2024-02-01,0.01633,0.01663,0.01578,0.01646,9664926.50616246,0.01762275,0.017623756555480125,-0.0007733361946853437,39.20463670939515,-0.00015899999999999942,0.019912976821678828,0.015332523178321171,0.0014367142857142855,5647713.699986823,2836958.8809573343,0.01634,0.01738,0.016619
2024-02-02,0.01651,0.01671,0.01635,0.0166,2341677.10210813,0.01745425,0.017526255931148683,-0.0007589600926026299,44.4591751621408,0.00023000000000000104,0.019500195914292653,0.015408304085707347,0.0013502142857142855,5613618.270954338,5178635.9830654645,0.01646,0.017002,0.01637
2024-02-03,0.01666,0.01676,0.01634,0.01637,1002054.98753035,0.01733575,0.01741613631865833,-0.0007573952205025616,40.660345356098254,-0.00022000000000000144,0.019342297165235865,0.015329202834764136,0.0013502142857142855,5490439.3836388895,4176580.995535115,0.0166,0.01759,0.01659
2024-02-04,0.01636,0.016413,0.01588,0.0159,2528351.6224766104,0.01716775,0.017271742383548012,-0.0007850307653332923,33.04513586570778,-0.000559999999999998,0.01905503486400306,0.015280465135996941,0.0012880714285714284,5487126.198144376,1648229.3730585044,0.01637,0.01718,0.01646
2024-02-05,0.01594,0.01638,0.01566,0.01618,5097290.60399453,0.01699275,0.0171677669184482,-0.0007754001478553971,45.58781141118399,-0.0010100000000000005,0.018512480568225936,0.015473019431774065,0.0011902142857142853,5649388.130116127,6745519.977053034,0.0159,0.01634,0.01719
2024-02-06,0.01614,0.01636,0.01576,0.01626,8668774.21789206,0.016851750000000002,0.01708131292621504,-0.0007526365579453471,48.855454853023744,-0.0011199999999999995,0.01804411163270974,0.015659388367290264,0.001088071428571428,5772866.410503348,15414294.194945093,0.01618,0.01646,0.01738
2024-02-07,0.01628,0.01896,0.01611,0.0173,19682456.77974422,0.01682425,0.017102140266575513,-0.0006432618332852316,56.30984921118219,0.00029799999999999965,0.017942754617311752,0.015705745382688246,0.0011852142857142855,6424139.70449514,35096750.97468931,0.01626,0.0166,0.017002
2024-02-08,0.0173,0.01804,0.01687,0.01759,16114858.686674392,0.01684055,0.017148603098330228,-0.0005271048666662774,59.76480527008751,0.0,0.01799496294718654,0.015686137052813458,0.0012259285714285712,6935811.1863392,51211609.661363706,0.0173,0.01637,0.01759
2024-02-09,0.01758,0.019961,0.01425,0.01893,33628298.931171045,0.01691255,0.017318259946108302,-0.0003231972325914885,63.60211219049864,0.001749999999999998,0.018375820666044252,0.015449279333955745,0.001437428571428571,8433066.35200863,84839908.59253475,0.01759,0.0159,0.01718
2024-02-10,0.01899,0.020196,0.01833,0.01891,10558322.937301109,0.01696105,0.01746985423695513,-0.00016135282146194016,62.287042721073234,0.0025699999999999994,0.018619052790296776,0.01530304720970322,0.0015001428571428572,8565123.139598336,74281585.65523364,0.01893,0.01618,0.01634
2024-02-11,0.01887,0.019178,0.016433,0.01888,6479702.957886094,0.0170741,0.017604153833435592,-3.5106028316380516e-05,65.9746642318307,0.002420000000000002,0.018930377418014854,0.015217822581985145,0.0016331428571428573,8389976.011515068,67801882.69734754,0.01891,0.01626,0.01646
2024-02-12,0.01895,0.01949,0.01807,0.01932,12549440.358739678,0.017221599999999997,0.017767567754060774,9.93050562604729e-05,65.09582699099863,0.00272,0.019298063227905178,0.015145136772094815,0.0016107142857142859,8745564.17874204,80351323.05608721,0.01888,0.0173,0.0166
2024-02-13,0.01936,0.019693,0.01846,0.01922,6154057.521052671,0.0173531,0.017905894634626416,0.00019550399724582723,68.81901043060039,0.002850000000000002,0.019588198575478395,0.015118001424521606,0.0015959285714285715,8694292.699509993,74197265.53503454,0.01932,0.01759,0.01637
2024-02-14,0.019262,0.02022,0.01915,0.01977,8210398.48449384,0.017518600000000002,0.01808342847894771,0.0003125202113096158,83.43057153450268,0.0038699999999999984,0.0199562599996071,0.015080940000392905,0.001539142857142857,8899943.790305112,82407664.01952837,0.01922,0.01893,0.0159
2024-02-15,0.01979,0.022,0.01974,0.021404,15481644.351542184,0.0177293,0.018399673385714594,0.0005309856630772818,87.2063183491185,0.0052239999999999995,0.02071438045205877,0.014744219547941228,0.0016398571428571428,9184073.629916534,97889308.37107056,0.01977,0.01891,0.01618
2024-02-16,0.02137,0.021781,0.018275,0.02125,10092295.937887868,0.0179228,0.018671133063265587,0.0006838120359166505,84.92021795087851,0.004990000000000001,0.021289832840256928,0.01455576715974307,0.0018645714285714283,9518905.192127252,87797012.4331827,0.021404,0.01888,0.01626
2024-02-17,0.02128,0.022112,0.020327,0.02179,7573917.554597409,0.0181622,0.018968168009621245,0.0008388319876572146,88.89189947092537,0.004490000000000001,0.02191260879736711,0.01441179120263289,0.001962071428571428,9700806.730871636,95370929.98778011,0.02125,0.01932,0.0173
2024-02-18,0.02182,0.02324,0.021476,0.022562,13997900.53941678,0.018410799999999998,0.01931043772299065,0.001012311067562388,95.81824739264607,0.004971999999999997,0.02263120724400659,0.014190392755993406,0.0020499999999999997,10189890.759097008,109368830.52719688,0.02179,0.01922,0.01759
2024-02-19,0.02255,0.0255,0.022203,0.02349,13005779.014014702,0.018726299999999998,0.019708491273182017,0.001210719901692723,96.1604766043607,0.0045600000000000016,0.02347024519805039,0.013982354801949605,0.002234071428571428,10649385.927053075,122374609.54121159,0.022562,0.01977,0.01893
2024-02-20,0.02354,0.0238,0.02138,0.02273,12628911.443478908,0.0190458,0.019996254009069445,0.0012917442637190753,87.62488639818454,0.0038200000000000005,0.023970333794658835,0.014121266205341168,0.002364071428571428,10773053.026908252,109745698.09773268,0.02349,0.021404,0.01891
2024-02-21,0.02289,0.022929,0.02089,0.02222,10693042.884862406,0.019333799999999998,0.02020803934153902,0.001299820398470243,80.49068829082353,0.0033399999999999992,0.024295181624210405,0.014372418375789592,0.002306142857142857,10824458.84584325,99052655.21287027,0.02273,0.02125,0.01888
2024-02-22,0.02221,0.025437,0.02166,0.0223,17623314.238620445,0.0196188,0.020407273689963874,0.0012977168522825197,79.96931540208509,0.00298,0.024573816409766233,0.014663783590233764,0.002492357142857143,11588540.702668866,116675969.45149072,0.02222,0.02179,0.01932
2024-02-23,0.02233,0.023085,0.02165,0.02252,5089924.717590689,0.0199263,0.020608485719491126,0.0012988298352633008,76.63979326846163,0.0032999999999999974,0.02479497595099422,0.01505762404900578,0.0021869285714285714,11792934.189171882,121765894.1690814,0.0223,0.022562,0.01922
2024-02-24,0.02257,0.029609,0.02194,0.02388,10616585.295784594,0.0203253,0.020920058508111017,0.0013933903740357273,80.76242502179375,0.004109999999999999,0.025111918588919473,0.01553868141108053,0.0026014285714285714,12197345.87283728,132382479.464866,0.02252,0.02349,0.01977
2024-02-25,0.02381,0.026306,0.02378,0.025764,20464586.486854345,0.020804499999999997,0.0213813862692433,0.0016018877651046391,84.6555391484547,0.004359999999999999,0.025759751355884975,0.015849248644115018,0.0025857857142857145,12965710.666980272,152847065.95172036,0.02388,0.02273,0.021404
2024-02-26,0.02565,0.028272,0.02489,0.02645,28832700.69899365,0.021314,0.021864111386458225,0.001801708934959078,85.02641084989666,0.0052,0.026395676805730035,0.016232323194269965,0.002725928571428571,13973906.991035352,181679766.650714,0.025764,0.02222,0.02125
2024-02-27,0.02661,0.027759,0.02595,0.02678,14410043.472505594,0.021788000000000002,0.022332291254414584,0.001964056472126493,86.31810064821205,0.004990000000000001,0.02705822971635561,0.016517770283644394,0.002767071428571428,13710286.325673422,196089810.1232196,0.02645,0.0223,0.02179
2024-02-28,0.02684,0.03138,0.026601,0.02896,64843110.55648608,0.0223565,0.022963501611137003,0.0022427725536427467,88.17068994935545,0.006398000000000001,0.028147296890893233,0.01656570310910677,0.003032,16146698.919164006,260932920.67970568,0.02678,0.02252,0.022562
2024-02-29,0.02908,0.034496,0.026512,0.02867,29263704.34071745,0.0228435,0.023506977648171574,0.002412447289788861,83.97221099579636,0.005180000000000001,0.029044676645562793,0.016642323354437206,0.0034408571428571426,15928469.189641323,231669216.33898824,0.02896,0.02388,0.02349
2024-03-01,0.02873,0.03164,0.02871,0.02973,13854745.663164798,0.023384500000000003,0.024099646443583804,0.002602449461631639,86.5516196790797,0.006999999999999999,0.030013894685394477,0.01675510531460553,0.003399714285714286,16093290.325934509,245523962.00215304,0.02867,0.025764,0.02273
2024-03-02,0.02976,0.03004,0.02733,0.0298,20239275.39028309,0.0239305,0.024642537258480583,0.002727238063593606,85.98371933763966,0.00758,0.030792492207269782,0.01706850779273022,0.003465785714285715,16781268.947554357,265763237.39243612,0.02973,0.02645,0.02222
2024-03-03,0.02986,0.0345,0.02688,0.03065,27169711.898441736,0.024497,0.02521467656719672,0.0028617335411147277,86.08126292490357,0.00835,0.03162204073487891,0.017371959265121095,0.003884071428571429,17512282.524539463,292932949.2908779,0.0298,0.02678,0.0223
2024-03-04,0.03073,0.034469,0.02863,0.03183,43334225.81674632,0.025127500000000004,0.02584470737032084,0.0030286261944016332,86.38732902071499,0.009309999999999999,0.03251333325306663,0.01774166674693338,0.004065642857142857,19371290.939324144,336267175.1076242,0.03065,0.02896,0.02252
2024-03-05,0.03182,0.034499,0.02766,0.03301,42675540.10148597,0.0257895,0.026527116192195048,0.003218999339940413,93.26588335670313,0.00913,0.0335188855001886,0.018060114499811406,0.004381285714285715,21094548.02017375,378942715.20911014,0.03183,0.02867,0.02388
2024-03-06,0.0332,0.03491,0.030957,0.03287,34089812.94170879,0.026362800000000002,0.027131200364366947,0.0033203002450310805,96.26400106898225,0.007106000000000005,0.03441667861056296,0.018308921389437044,0.004518,22024956.44968208,344852902.26740134,0.03301,0.02973,0.025764
2024-03-07,0.03289,0.036,0.03169,0.03422,19400406.036450256,0.0270113,0.027806324139189143,0.003469521177084437,96.63526190190407,0.007769999999999999,0.035412958811148344,0.018609641188851653,0.004556071428571428,22490361.954610202,364253308.3038516,0.03287,0.0298,0.02645
2024-03-08,0.03431,0.03464,0.03113,0.03284,17192866.066702347,0.027563800000000006,0.02828572184021875,0.0034368079925807433,87.01569453230108,0.006059999999999999,0.035973055943053986,0.019154544056946027,0.004704285714285714,22971309.380215447,347060442.23714924,0.03422,0.03065,0.02678
2024-03-09,0.03277,0.033408,0.03209,0.03251,15364463.672902605,0.028061199999999998,0.028688034045912202,0.0033456873156790246,83.42361208903417,0.0035499999999999976,0.03640130964461557,0.019721090355384427,0.0042506428571428565,23039637.53688974,331695978.56424665,0.03284,0.03183,0.02896
2024-03-10,0.03255,0.03356,0.03101,0.032,14708996.303278862,0.028486699999999997,0.029003459374872944,0.003195485221027739,77.02833925132204,0.0033299999999999996,0.036712398603510124,0.020261001396489866,0.004252357142857142,23124798.40135295,316986982.2609678,0.03251,0.03301,0.02867
2024-03-11,0.03202,0.038671,0.0301,0.0366,46477259.17186507,0.0291802,0.029726939434408853,0.0034083412929927677,82.84782136767,0.006870000000000001,0.037695971809753266,0.020664428190246734,0.0046229999999999995,24817215.787772253,363464241.43283284,0.032,0.03287,0.02973
2024-03-12,0.0366,0.039186,0.03362,0.03656,34067784.98634055,0.029897200000000002,0.030377707107322297,0.0035330764912667872,82.25586071358514,0.006760000000000002,0.038360091619796394,0.02143430838020361,0.004891357142857142,25985952.892846163,329396456.4464923,0.0366,0.03422,0.0298
2024-03-13,0.03656,0.03893,0.03643,0.03875,28303502.579481907,0.0307197,0.031175068335196364,0.003765241371011259,82.2675575645481,0.0081,0.039270748371552484,0.022168651628447514,0.004728571428571428,26519962.309889235,357699959.0259742,0.03656,0.03284,0.03065
2024-03-14,0.03872,0.039633,0.03511,0.037174,18916334.37685227,0.031452400000000005,0.03174639516041576,0.0037785074020657006,75.83853538286976,0.0053440000000000015,0.039544084579017806,0.023360715420982205,0.004481357142857143,27211282.792852312,338783624.64912194,0.03875,0.03251,0.03183
2024-03-15,0.03726,0.037982,0.03109,0.03444,36339239.16562142,0.031980400000000006,0.03200292895466188,0.0035277442388022655,62.98947149185876,0.0014300000000000007,0.0393362682452926,0.024624531754707416,0.004764357142857142,28497415.48634416,302444385.48350054,0.037174,0.032,0.03301
2024-03-16,0.0345,0.03543,0.02967,0.03035,13263243.972322084,0.0322097,0.031845507149455984,0.002964807356256597,51.24150260130761,-0.002520000000000005,0.03901495793934743,0.025404442060652573,0.004982214285714285,28137348.36061754,289181141.51117843,0.03444,0.0366,0.03287
2024-03-17,0.03032,0.032366,0.02873,0.031742,16717451.455480969,0.0324743,0.031835649325698274,0.002601015696801875,52.40610198812675,-0.002478000000000001,0.03872560100480133,0.026222998995198664,0.004697642857142857,27531585.89844191,305898592.9666594,0.03035,0.03656,0.03422
2024-03-18,0.03149,0.031863,0.028929,0.0296,10834460.10060948,0.0326153,0.03162273034229844,0.002115480743383278,45.28618271723354,-0.00324,0.038438358668142554,0.026792241331857446,0.0044901428571428575,27352806.729847103,295064132.86604995,0.031742,0.03875,0.03284
2024-03-19,0.02957,0.0299,0.025,0.02627,21771446.618026815,0.032480800000000004,0.03111294650017478,0.0014453267990676075,36.93998925903544,-0.0062399999999999956,0.038765331841207944,0.026196268158792065,0.004351642857142857,25199223.532924138,273292686.24802315,0.0296,0.037174,0.03251
2024-03-20,0.02627,0.0295,0.024865,0.02947,17085742.1222252,0.0325208,0.03095647540492004,0.0011590771053322547,44.110289026328765,-0.002530000000000001,0.03871270621443992,0.026328893785560088,0.0044003571428571425,24590325.421999525,290378428.3702484,0.02627,0.03444,0.032
2024-03-21,0.02937,0.03112,0.0285,0.03008,9452658.391639609,0.032538300000000006,0.030873001556832418,0.0009702595147120692,42.63971707594798,-0.0065200000000000015,0.03869889467737864,0.026377705322621375,0.004279642857142857,24370221.05842327,299831086.76188797,0.02947,0.03035,0.0366
2024-03-22,0.03003,0.03151,0.02856,0.02973,8422993.708949681,0.032534799999999996,0.03076414426570552,0.0007833481887285394,44.2606990606855,-0.006830000000000003,0.03870202097613014,0.026367579023869853,0.004239642857142858,23779406.9743566,291408093.0529383,0.03008,0.031742,0.03656
2024-03-23,0.02969,0.031159,0.02935,0.02962,6900857.738664431,0.03248330000000001,0.030655178145162137,0.0006192057175537537,44.62303249525732,-0.00913,0.03873343620398945,0.02623316379601056,0.004274714285714286,22765964.26636773,284507235.31427383,0.02973,0.0296,0.03875
2024-03-24,0.029788,0.033399,0.02925,0.03231,9587478.26836554,0.0325073,0.030812780226575267,0.0006981344844183383,50.53346501450712,-0.004864,0.038750556137625514,0.026264043862374496,0.004388928571428571,21078626.888948694,294094713.5826394,0.02962,0.02627,0.037174
2024-03-25,0.03242,0.036597,0.03202,0.03445,18433200.429425728,0.0325793,0.031159182109758574,0.0009227295632234928,45.95771063367869,1.0000000000003062e-05,0.03887991601332497,0.026278683986675034,0.004103642857142857,19866509.905345682,312527914.0120651,0.03231,0.02947,0.03444
2024-03-26,0.03428,0.03602,0.03361,0.03433,6641724.319901048,0.032652299999999995,0.03146116476597204,0.00107860628238916,45.81987547880869,0.003980000000000001,0.03900074753836455,0.02630385246163544,0.003878214285714286,18494105.474255294,305886189.69216406,0.03445,0.03008,0.03035
2024-03-27,0.03431,0.03529,0.03263,0.03286,8917371.735683465,0.0325843,0.0315943871692128,0.001071175150777308,38.652980614096926,0.001118000000000001,0.03889104175950238,0.026277558240497614,0.0038896428571428576,17969953.759216953,296968817.9564806,0.03433,0.02973,0.031742
2024-03-28,0.03301,0.034028,0.03222,0.03341,10621028.8628055,0.032612800000000004,0.03176730267690682,0.0010970205585913925,42.45023289861761,0.003810000000000001,0.038929550717026216,0.026296049282973792,0.003695714285714286,17641361.89902211,307589846.8192861,0.03286,0.02962,0.0296
2024-03-29,0.0334,0.03378,0.0323,0.03319,9850320.171610592,0.0326468,0.03190279766005855,0.0010872182934440477,47.21153471216713,0.006919999999999996,0.03896853918774677,0.02632506081225322,0.0033091428571428573,17365654.723957513,297739526.6476755,0.03341,0.03231,0.02627
2024-03-30,0.03313,0.036352,0.03268,0.03298,6985115.330912312,0.0326958,0.0320053883591006,0.0010503963673118843,57.09502539493065,0.0035100000000000027,0.039011619523437166,0.026379980476562828,0.0031599999999999996,16979460.675339185,290754411.3167632,0.03319,0.03445,0.02947
2024-03-31,0.03292,0.034009,0.03272,0.033502,4101218.0023231106,0.0325409,0.032147922801091015,0.0010512179764252463,54.98184048087824,0.003421999999999998,0.03860030396235025,0.026481496037649745,0.0029923571428571425,14860658.616862085,294855629.3190863,0.03298,0.03433,0.03008
2024-04-01,0.03347,0.03748,0.0295,0.03215,30012557.21160429,0.0323204,0.03214812062955854,0.0009320301436730183,57.55595556575928,0.0024199999999999985,0.03807740983790047,0.026563390162099527,0.003352785714285714,14657897.22812527,264843072.10748202,0.033502,0.03286,0.02973
2024-04-02,0.03215,0.03218,0.02893,0.02898,18578798.75873801,0.0318319,0.03184639485531487,0.0005751504446611377,58.106927516035334,-0.0006400000000000017,0.03690973401399484,0.026754065986005167,0.0032349285714285713,14171662.037088078,246264273.348744,0.03215,0.03341,0.02962
2024-04-03,0.02904,0.03061,0.02798,0.02889,11247958.669722827,0.0314177,0.03156483344052297,0.0002818099346932265,47.868224775422895,-0.0034199999999999994,0.03598673542048899,0.02684866457951101,0.0030917142857142853,13788243.251731604,235016314.67902118,0.02898,0.03319,0.03231
2024-04-04,0.0288,0.0338,0.02842,0.03036,9852358.60323761,0.0312137,0.0314500873985684,0.00016603819660488545,50.96787102114256,-0.00409,0.03557413247975762,0.026853267520242384,0.0032888571428571424,12463899.223612417,244868673.28225878,0.02889,0.03298,0.03445
2024-04-05,0.03015,0.03054,0.028196,0.0293,7210030.672843581,0.0311612,0.031245317170133315,-1.1116734162461978e-05,48.58305785140306,-0.00503,0.03559016350473953,0.02673223649526047,0.003245571428571428,12161238.558638489,237658642.6094152,0.03036,0.033502,0.03433
2024-04-06,0.02916,0.02992,0.029074,0.02971,2598229.78108411,0.031059600000000003,0.031099096487263476,-0.00011708009326476601,50.290764891384995,-0.00315,0.03552553800602775,0.026593661993972256,0.003176785714285714,11455277.474918647,240256872.39049932,0.0293,0.03215,0.03286
2024-04-07,0.02963,0.03128,0.02956,0.03123,3330443.0724667106,0.031141099999999998,0.031111563488476476,-7.751201193700527e-05,46.22478697238413,-0.0021800000000000014,0.03555406224177902,0.02672813775822098,0.0030032857142857144,11080076.623511508,243587315.46296602,0.02971,0.02898,0.03341
2024-04-08,0.031296,0.033764,0.03041,0.03308,7984266.558750301,0.0314816,0.0312990336324311,0.00010195029669140057,45.11198575939769,-0.00010999999999999899,0.03532636493840361,0.027636835061596386,0.002915928571428572,10390717.620547682,251571582.02171633,0.03123,0.02889,0.03319
2024-04-09,0.03323,0.03462,0.03186,0.03282,20958553.517528143,0.0316491,0.03144388757219956,0.00022065210209291225,44.665774669998214,-0.00016000000000000042,0.03541596908383283,0.02788223091616717,0.0029409285714285713,10584358.190312829,230613028.50418818,0.03308,0.03036,0.03298
2024-04-10,0.03277,0.036787,0.032107,0.03427,35468368.05317696,0.0318586,0.03171304113675198,0.00042680705371597044,54.9879177988645,0.0007680000000000048,0.03572283342435384,0.02799436657564616,0.0030852142857142857,11885143.6733897,266081396.55736515,0.03282,0.0293,0.033502
2024-04-11,0.03433,0.039159,0.03308,0.03532,39357273.34828194,0.0321381,0.03205656102848989,0.0006672212515571249,56.52584451538722,0.003169999999999999,0.03615952608378757,0.028116673916212434,0.003390285714285714,13431857.655356312,305438669.9056471,0.03427,0.02971,0.03215
2024-04-12,0.03526,0.039018,0.02778,0.02988,84295360.03088656,0.0321511,0.031849269501967044,0.00041401617913675026,41.66411890310946,0.0009000000000000015,0.03613979929465189,0.02816240070534811,0.004087285714285714,17301582.769967414,221143309.87476054,0.03532,0.03123,0.02898
2024-04-13,0.02973,0.032099,0.02026,0.02432,78056034.19563262,0.031751600000000005,0.03113219621606542,-0.00023261475949372043,32.820169041328086,-0.004569999999999998,0.03705661357307642,0.02644658642692359,0.004670642857142858,20725010.566330772,143087275.67912793,0.02988,0.03308,0.02889
2024-04-14,0.02433,0.02571,0.02259,0.0254,21471372.031903137,0.0312991,0.030586272766916334,-0.0006504297142339958,34.275270559203946,-0.004960000000000003,0.03715071044499707,0.02544748955500294,0.004801428571428572,20876919.14645464,164558647.71103108,0.02432,0.03282,0.03036
2024-04-15,0.0253,0.02762,0.02361,0.02478,29294199.07204607,0.030821600000000005,0.0300332944081624,-0.0010198239982179245,35.27764706803599,-0.00452,0.037169389881442694,0.024473810118557315,0.004517857142857143,22009542.88406189,135264448.638985,0.0254,0.03427,0.0293
2024-04-16,0.02454,0.02527,0.02353,0.02491,9499412.54624473,0.030424100000000003,0.029545361607385027,-0.0012872431780018428,40.74576760160316,-0.004799999999999999,0.03721465672161514,0.023633543278384864,0.00441,22038644.924589954,144763861.18522975,0.02478,0.03532,0.02971
2024-04-17,0.02478,0.026,0.022463,0.02451,8659036.34704751,0.029979099999999998,0.029065803359062642,-0.001513999023352284,40.179346972607284,-0.00672,0.03710401355884768,0.022854186441152315,0.004474785714285715,21940545.298802055,136104824.83818224,0.02491,0.02988,0.03123
2024-04-18,0.02465,0.02612,0.0237,0.02568,6933491.694981744,0.0296036,0.02874334589629477,-0.0015810698535553037,39.36361131406552,-0.007399999999999997,0.03680715533272133,0.02240004466727867,0.004263357142857144,21794703.874970615,143038316.533164,0.02451,0.02432,0.03308
2024-04-19,0.02561,0.02742,0.02354,0.02674,26811757.297954373,0.0292916,0.028552551049028603,-0.0015310419302259765,44.181790066133594,-0.006080000000000002,0.03641955080613888,0.022163649193861126,0.004373071428571429,22786035.973322716,169850073.83111838,0.02568,0.0254,0.03282
2024-04-20,0.02677,0.032002,0.02637,0.02849,7406544.792542922,0.029041,0.028546593806263974,-0.001334797353002664,47.38643258740119,-0.00578,0.03589274706879464,0.022189252931205362,0.004714928571428572,22951302.312833708,177256618.6236613,0.02674,0.02478,0.03427
2024-04-21,0.02853,0.02923,0.027134,0.02796,7319850.493013647,0.0288315,0.02849072772947693,-0.0012081123155172346,42.68453702087165,-0.0073599999999999985,0.03553767084247189,0.022125329157528108,0.004741785714285715,21816666.976904176,169936768.13064766,0.02849,0.02491,0.03532
2024-04-22,0.02808,0.02893,0.027644,0.02815,4863910.368620022,0.02879,0.028458277469526748,-0.001079933299654546,38.08600612836705,-0.001729999999999999,0.03550257108165827,0.02207742891834173,0.004594071428571429,21130922.55739828,174800678.49926767,0.02796,0.02451,0.02988
2024-04-23,0.02815,0.029,0.02761,0.02859,5406743.51153549,0.028775000000000002,0.028470822472428964,-0.0009321014975044832,39.86580938565733,0.0042699999999999995,0.03548797094790135,0.022062029052098656,0.0044962142857142865,20838861.79948891,180207422.01080316,0.02815,0.02568,0.02432
2024-04-24,0.02878,0.02975,0.02662,0.02689,8426588.440624818,0.028601499999999995,0.028320267951245252,-0.0009412691567526402,32.528387528530985,0.0014900000000000017,0.03532135048392558,0.02188164951607441,0.004385500000000001,20767573.29135827,171780833.57017833,0.02859,0.02674,0.0254
2024-04-25,0.02687,0.027256,0.02565,0.02669,5082603.690997221,0.028471000000000003,0.02816500433684094,-0.0009536794976742619,28.712363000834642,0.0019099999999999985,0.035234963023958135,0.02170703697604187,0.004066000000000001,20661201.94226595,166698229.87918112,0.02689,0.02849,0.02478
2024-04-26,0.02661,0.02664,0.025494,0.02579,1499712.2970995596,0.028275,0.027938813447617995,-0.0010243294285923014,36.99933134198101,0.0008799999999999988,0.03511455215523719,0.02143544784476281,0.003345142857142858,20606276.068066724,165198517.58208156,0.02669,0.02796,0.02491
2024-04-27,0.02583,0.026215,0.02483,0.02602,3036559.1307559414,0.028014499999999998,0.027756069309749613,-0.001049661090387656,58.17299861327109,0.001510000000000001,0.03477659707428875,0.021252402925711247,0.002598428571428572,20591581.870981187,168235076.7128375,0.02579,0.02815,0.02451
2024-04-28,0.02607,0.02704,0.02578,0.025917,3963653.2639933606,0.027656350000000003,0.02758091985167822,-0.0010657624084243963,52.74320933832848,0.00023699999999999763,0.03403679846716158,0.021275901532838426,0.002465571428571429,20390551.206243336,164271423.44884413,0.02602,0.02859,0.02568
2024-04-29,0.02588,0.02623,0.025,0.02564,4578845.39758764,0.027297350000000005,0.02739607034199458,-0.0010883288267254203,54.735598425288764,-0.0011000000000000003,0.033247986384366525,0.02134671361563348,0.0022670000000000004,19571565.800246313,159692578.0512565,0.025917,0.02689,0.02674
2024-04-30,0.02559,0.026011,0.02307,0.02414,6762729.896273571,0.026790849999999998,0.027085968404661764,-0.0012132645808937727,46.31572742390585,-0.00435,0.031908785738269094,0.021672914261730902,0.0023527857142857144,18136283.892401144,152929848.15498292,0.02564,0.02669,0.02849
2024-05-01,0.023981,0.02449,0.02232,0.02381,10390863.846654756,0.02621535,0.026773971413741597,-0.0013236471281012421,46.62806813170002,-0.0041499999999999974,0.02958496895549966,0.022845731044500335,0.002255142857142858,16687963.417319784,142538984.30832818,0.02414,0.02579,0.02796
2024-05-02,0.023759,0.02495,0.023027,0.02461,4530758.76464259,0.025951850000000005,0.02656787889814716,-0.0013312272191982957,44.65528220040451,-0.0035400000000000015,0.028914491799404463,0.022989208200595548,0.0022196428571428575,12699733.354007587,147069743.07297078,0.02381,0.02602,0.02815
2024-05-03,0.02461,0.026225,0.02423,0.02588,5389117.537183319,0.02602985,0.026502366622133147,-0.001220684815161601,45.79250087132953,-0.0027100000000000006,0.0288920342432144,0.0231676657567856,0.002085,9066387.52108512,152458860.6101541,0.02461,0.025917,0.02859
2024-05-04,0.026149,0.026196,0.02561,0.02564,2182450.7507999996,0.02604185,0.026420236467644277,-0.0011393118796279786,33.639440763241026,-0.0012500000000000011,0.028894913378564306,0.02318878662143569,0.0017245714285714284,8101941.457029964,150276409.85935408,0.02588,0.02564,0.02689
2024-05-05,0.02568,0.02675,0.025081,0.02615,3846733.16279738,0.026110349999999997,0.026394499661201967,-0.0010218907833674518,39.5856669505941,-0.0005399999999999988,0.02890095252124491,0.023319747478755086,0.0016940714285714287,6829568.16156753,154123143.02215147,0.02564,0.02414,0.02669
2024-05-06,0.02615,0.027123,0.02514,0.0256,6629658.227374559,0.026144850000000004,0.02631883302680178,-0.0009621233628316628,35.91154665617091,-0.0001899999999999992,0.028889654030968437,0.02340004596903157,0.0017438571428571427,6686080.445624021,147493484.79477692,0.02615,0.02381,0.02579
2024-05-07,0.02565,0.02665,0.02534,0.025498,2872676.5437567295,0.026194250000000002,0.026240658452820656,-0.0009124694195289905,32.25430996782144,-0.0005220000000000016,0.028849260427177368,0.023539239572822637,0.0017381428571428567,6396762.455459481,144620808.2510202,0.0256,0.02461,0.02602
2024-05-08,0.025543,0.02632,0.02473,0.02562,4354314.04309706,0.02619125,0.026181548123980592,-0.0008534360517629888,41.09888205994549,-0.00029699999999999865,0.028848841380812316,0.023533658619187683,0.0016281428571428569,6267803.572865248,148975122.29411724,0.025498,0.02588,0.025917
2024-05-09,0.02572,0.02873,0.02523,0.02835,10149574.497916706,0.02627175,0.026388067350268156,-0.0005796812929842812,58.58849128322869,0.0027100000000000006,0.029091893025488248,0.023451606974511752,0.0017634285714285716,5434694.432863364,159124696.79203394,0.02562,0.02564,0.02564
2024-05-10,0.02825,0.02859,0.02681,0.027,10383108.840014547,0.02619725,0.026446346650242616,-0.0004662873219266443,55.98172990466495,0.002859999999999998,0.028844053106430474,0.023550446893569523,0.0018087142857142855,5583522.635236946,148741587.9520194,0.02835,0.02615,0.02414
2024-05-11,0.02712,0.028283,0.02646,0.02699,2926909.69070266,0.02614875,0.026498123159743318,-0.000372929796773995,54.90188309820462,0.003179999999999999,0.02869311681193646,0.023604383188063537,0.0018399999999999998,5363875.595121396,145814678.26131675,0.027,0.0256,0.02381
2024-05-12,0.02699,0.027082,0.02561,0.0257,2422446.1068230495,0.02602625,0.026422111430243953,-0.0003984425072915167,49.02078455996897,0.0010900000000000007,0.028394763268964875,0.023657736731035127,0.0018551428571428569,5241802.382031548,143392232.1544937,0.02699,0.025498,0.02461
2024-05-13,0.02579,0.026078,0.02432,0.02516,5099587.564556041,0.02585475,0.02630191034164929,-0.0004569673658711519,47.884285051129154,-0.0007200000000000019,0.027918784972673815,0.023790715027326183,0.0018928571428571425,5226444.584682575,138292644.58993766,0.0257,0.02562,0.02588
2024-05-14,0.02525,0.02544,0.024156,0.0242,4483067.974976269,0.02572025,0.026101728404349357,-0.0005741937665638269,50.277609784659646,-0.0014400000000000003,0.027849781292635857,0.023590718707364143,0.0017744999999999998,5029268.561400147,133809576.61496139,0.02516,0.02835,0.02564
2024-05-15,0.0243,0.026609,0.02428,0.02626,5326955.3963750405,0.02569875,0.02611680188964942,-0.0004951638096680755,59.77334954309129,0.00010999999999999899,0.027795487402929052,0.023602012597070947,0.0017858571428571426,5041486.146669039,139136532.01133642,0.0242,0.027,0.02615
2024-05-16,0.02641,0.02668,0.0251,0.02645,2763668.1056880397,0.025731750000000005,0.02614853504301614,-0.0004124461646978633,57.7154639368924,0.0008500000000000001,0.027855140127032364,0.023608359872967645,0.0017613571428571424,5104683.937098463,141900200.11702445,0.02626,0.02699,0.0256
2024-05-17,0.02648,0.028153,0.026181,0.02744,5195395.987825721,0.025802749999999996,0.02627153170558603,-0.0002639642928364376,56.69866078828142,0.0019419999999999993,0.028057613363814585,0.023547886636185407,0.0017597142857142857,5212625.7799519515,147095596.10485017,0.02645,0.0257,0.025498
2024-05-18,0.0274,0.02771,0.02687,0.02735,3889148.5397544703,0.025874400000000002,0.026374242971720696,-0.0001518036890375829,57.438593688854034,0.001729999999999999,0.02823322204321956,0.023515577956780446,0.0017778571428571424,5208900.543740007,143206447.5650957,0.02744,0.02516,0.02562
2024-05-19,0.02729,0.028069,0.025905,0.025905,2480061.1712207003,0.02588765,0.026329553164890152,-0.0001774692707936648,49.01434659257766,-0.0024449999999999993,0.028243903875607494,0.02353139612439251,0.001813214285714285,5103961.33242166,140726386.393875,0.02735,0.0242,0.02835
2024-05-20,0.02604,0.02823,0.02547,0.02706,8865798.770239258,0.026033650000000002,0.02639911953013871,-0.00010341843860508376,55.60067681375821,6.0000000000001025e-05,0.02829385411514199,0.023773445884858014,0.0018687142857142856,5209114.776119945,149592185.16411427,0.025905,0.02626,0.027
2024-05-21,0.027,0.02909,0.027,0.02808,11317590.842860758,0.026247150000000004,0.026559203384411215,3.714467422846063e-05,59.25309421277817,0.0010900000000000007,0.02842825385138485,0.02406604614861516,0.0019244285714285715,5255451.125930245,160909776.00697502,0.02706,0.02645,0.02699
2024-05-22,0.02813,0.029418,0.02694,0.02722,3053804.3053229004,0.026377650000000002,0.02662213639541967,7.824517945240195e-05,55.445828710578496,0.0015200000000000005,0.028456229401012927,0.024299070598987078,0.0019878571428571428,5181603.40296426,157855971.7016521,0.02808,0.02744,0.0257
2024-05-23,0.02735,0.02812,0.0248,0.02624,10682036.59731174,0.02639565,0.02658574245299875,3.1378108854573233e-05,41.846940814747185,0.001080000000000001,0.028462284719334152,0.024329015280665847,0.0019749999999999998,5446249.355970682,147173935.10434037,0.02722,0.02735,0.02516
2024-05-24,0.02628,0.027569,0.02525,0.02597,3953316.5886636,0.026412150000000002,0.026527100314617916,-2.7237152824793887e-05,45.6576189539068,0.0017700000000000007,0.028458552571394492,0.024365747428605512,0.0020135,5534792.647863862,143220618.51567677,0.02624,0.025905,0.0242
2024-05-25,0.02602,0.02669,0.0259,0.0259,1806640.9243342,0.026399649999999997,0.026467376475130495,-7.843444157246138e-05,45.42779899419581,-0.0003599999999999992,0.028455825629913962,0.02434347437008603,0.0019397142857142857,5432788.035940702,141413977.59134257,0.02597,0.02706,0.02626
2024-05-26,0.02598,0.02613,0.02535,0.02544,2103398.3383208504,0.02639165,0.026369531096546637,-0.0001543475943895263,48.827711128227605,-0.0010100000000000005,0.028462120810938137,0.02432117918906186,0.001890285714285714,5206475.041488017,139310579.25302172,0.0259,0.02808,0.02645
2024-05-27,0.0255,0.02687,0.02543,0.026339,10816083.20365609,0.026433699999999997,0.026366623373066004,-0.0001403496646119294,55.1488538663679,-0.0011009999999999978,0.028461472031202164,0.02440592796879783,0.0018675714285714287,5603645.374482986,150126662.4566778,0.02544,0.02722,0.02744
2024-05-28,0.026391,0.026392,0.02524,0.02606,5568196.37662491,0.026455700000000006,0.02633742114705972,-0.00015003960949067432,58.63662510097034,-0.0012899999999999995,0.028455657694289264,0.024455742305710747,0.0018581428571428573,5664339.491159378,144558466.08005288,0.026339,0.02624,0.02735
2024-05-29,0.02608,0.0271,0.02582,0.02586,7052058.182288531,0.026331200000000006,0.026291952466387363,-0.00017187600950067244,47.754752069316474,-4.49999999999999e-05,0.028135036683002886,0.024527363316997126,0.0017832142857142853,5509463.675377969,137506407.89776435,0.02606,0.02597,0.025905
2024-05-30,0.02589,0.026249,0.02507,0.02537,10724870.97056479,0.026249700000000004,0.026204147469588566,-0.0002261139182309635,44.135467213668434,-0.0016900000000000005,0.0280734869335388,0.02442591306646121,0.0017545714285714287,5526551.781905481,126781536.92719957,0.02586,0.0259,0.02706
2024-05-31,0.02535,0.025627,0.024553,0.0252,4721051.17143262,0.0261602,0.0261085143772468,-0.0002795924630394145,36.647530631207815,-0.0028800000000000006,0.02800656571618253,0.024313834283817472,0.0016904285714285715,5616258.855941979,122060485.75576696,0.02537,0.02544,0.02808
2024-06-01,0.02508,0.02508,0.02469,0.02487,3150880.70527729,0.0261187,0.025990560627032817,-0.0003446301552614134,35.628129486113494,-0.0023500000000000014,0.02804423217250918,0.024193167827490824,0.0016582857142857148,5652680.585864691,118909605.05048966,0.0252,0.026339,0.02722
2024-06-02,0.024935,0.02508,0.02414,0.02443,6947667.68031015,0.0260822,0.025841935805410644,-0.0004267579180525921,40.32525717518031,-0.0018099999999999991,0.0281092491490418,0.0240551508509582,0.0015708571428571436,5745084.591652396,111961937.37017952,0.02487,0.02606,0.02624
2024-06-03,0.02451,0.024965,0.02429,0.02452,8786154.51941408,0.0260982,0.025716037157276297,-0.00047906020607369273,30.634274339762,-0.00145,0.02806690682642707,0.024129493173572925,0.001421928571428572,5960238.918874288,120748091.8895936,0.02443,0.02586,0.02597
2024-06-04,0.02444,0.02495,0.02422,0.02475,3941809.80147678,0.0260227,0.025624033618488078,-0.0004962308282435678,21.133790590660865,-0.0011499999999999982,0.02807914251842313,0.02396625748157687,0.0013247857142857148,5890981.639129374,124689901.69107038,0.02452,0.02537,0.0259
2024-06-05,0.02478,0.0253,0.02462,0.02513,5050536.056796381,0.0259567,0.025576982797679688,-0.00047371515241432377,30.238195284656953,-0.00031000000000000125,0.028039953942627545,0.023873446057372454,0.0011963571428571433,6005325.036684791,129740437.74786676,0.02475,0.0252,0.02544
2024-06-06,0.02517,0.02535,0.02463,0.02491,2085138.44529194,0.025830199999999998,0.025513460626472098,-0.0004682260599276865,35.31349505544817,-0.0014289999999999997,0.027840180633580326,0.02382021936641967,0.0010106428571428577,5849812.1595581025,127655299.30257483,0.02513,0.02487,0.026339
2024-06-07,0.02493,0.02582,0.017905,0.02258,16979181.036819316,0.025591700000000002,0.025234083423950945,-0.0006444585252422461,24.271350971628166,-0.0034800000000000005,0.027945038868836904,0.0232383611311631,0.0014103571428571435,6504313.784411344,110676118.2657555,0.02491,0.02443,0.02606
2024-06-08,0.02247,0.02271,0.02064,0.02097,6885226.065748287,0.025344949999999998,0.024827980240717522,-0.0009036211858116233,19.672702335404438,-0.004890000000000002,0.02846873687021473,0.022221163129785265,0.0015017857142857153,6724572.029137723,103790892.20000722,0.02258,0.02452,0.02586
2024-06-09,0.02091,0.02125,0.02075,0.02104,2645325.3299307097,0.025043950000000002,0.024467220217792043,-0.0010907871314336688,21.5688418242717,-0.0043300000000000005,0.028601888165493243,0.02148601183450676,0.0014817857142857152,6413548.3571222965,106436217.52993792,0.02097,0.02475,0.02537
2024-06-10,0.02099,0.021116,0.02026,0.02045,2415287.43501643,0.02466245,0.024084627816097562,-0.0012720620218043231,10.364767114451524,-0.004750000000000001,0.028476711905560538,0.02084818809443946,0.0014400714285714294,5968433.186730079,104020930.0949215,0.02104,0.02513,0.0252
2024-06-11,0.02049,0.02056,0.01926,0.02005,9967507.057167836,0.02430395,0.023700377547897795,-0.0014314989071734507,10.198656585272559,-0.004820000000000001,0.028440284735258396,0.020167615264741607,0.001450642857142858,6314118.324322326,94053423.03775367,0.02045,0.02491,0.02487
2024-06-12,0.020182,0.02119,0.01955,0.02037,4527684.09057225,0.02401045,0.02338319873381229,-0.0015145734024666034,14.211186576712905,-0.004060000000000001,0.02839400388024974,0.01962689611975026,0.0014763571428571436,6006400.698985352,98581107.12832592,0.02005,0.02258,0.02443
2024-06-13,0.0204,0.02056,0.01919,0.01973,5011220.27228111,0.02369845,0.023035275044877786,-0.0016134542930522355,13.938593971826648,-0.004789999999999999,0.028373340889804696,0.019023559110195303,0.0014900000000000004,6059295.8831662275,93569886.85604481,0.02037,0.02097,0.02452
2024-06-14,0.0197,0.02003,0.01828,0.01921,4858111.978436361,0.02336395,0.022670963135841805,-0.0017140196142450825,13.34147040629307,-0.00554,0.028324232864387566,0.018403667135612437,0.0015382857142857145,6211869.435871336,88711774.87760845,0.01973,0.02104,0.02475
2024-06-15,0.0192,0.01963,0.0191,0.01945,2671093.54725169,0.02306445,0.02236420474195211,-0.0017541318218550483,16.46036751916516,-0.005680000000000001,0.028216576693236302,0.0179123233067637,0.0015482857142857145,6240254.196317878,91382868.42486013,0.01921,0.02045,0.02513
2024-06-16,0.019398,0.01993,0.01904,0.01973,1658550.4693911402,0.022733999999999997,0.022113328099861433,-0.0017432324765712104,20.328246894513057,-0.005180000000000001,0.027849464273831094,0.0176185357261689,0.001544714285714286,5782377.55960463,93041418.89425127,0.01945,0.02005,0.02491
2024-06-17,0.01986,0.01998,0.01771,0.01815,3954480.3665566607,0.0223385,0.02173586828082701,-0.0018408670923556018,16.15300466077946,-0.00443,0.02759247603825204,0.01708452396174796,0.0016586428571428572,5701691.759101218,89086938.52769461,0.01973,0.02037,0.02258
2024-06-18,0.01812,0.01813,0.015536,0.01602,10493908.254419018,0.0218465,0.0211914998731292,-0.0020662974370019432,11.405821425154727,-0.0049499999999999995,0.02753677711840214,0.016156222881597862,0.0017917857142857145,5873784.262707742,78593030.2732756,0.01815,0.01973,0.02097
2024-06-19,0.01602,0.01693,0.01583,0.01607,8605775.126816789,0.0213815,0.020703737980450228,-0.002215380499764708,8.743158250982205,-0.004969999999999999,0.027371489104638234,0.015391510895361768,0.0018217857142857144,5767829.470520342,87198805.4000924,0.01602,0.01921,0.02104
2024-06-20,0.01612,0.018024,0.01611,0.01659,6940866.417081443,0.020951,0.02031195341088354,-0.0022654554862626478,13.120551091514628,-0.003859999999999999,0.02702251728197028,0.014879482718029722,0.0019070714285714285,5878820.232802783,94139671.81717384,0.01607,0.01945,0.02045
2024-06-21,0.016519,0.01695,0.016293,0.01648,3798512.53670917,0.0205315,0.01994700546698987,-0.002287645797777911,16.33551559633355,-0.003569999999999997,0.0266222601288648,0.014440739871135203,0.0013886428571428572,5911201.824374377,90341159.28046466,0.01659,0.01973,0.02005
2024-06-22,0.01648,0.016503,0.01593,0.01601,3248580.1649952405,0.0201105,0.019572052565371787,-0.0023164542093890503,18.68683565458346,-0.004359999999999999,0.026230584192747403,0.013990415807252599,0.0012817142857142858,5726247.448608631,87092579.11546943,0.01648,0.01815,0.02037
2024-06-23,0.01601,0.01645,0.01572,0.01595,2448899.76984284,0.019681999999999998,0.019227095178193522,-0.0023174128884645255,17.825505744996164,-0.003780000000000002,0.025701391821001333,0.013662608178998663,0.0012981428571428569,5409384.71113007,84643679.3456266,0.01601,0.01602,0.01973
2024-06-24,0.015936,0.01657,0.01508,0.01648,5194023.87010824,0.0192685,0.018965467065984617,-0.002249475524339045,24.71333172144665,-0.00273,0.02494867151334831,0.013588328486651691,0.0013434285714285714,5471995.414561642,89837703.21573484,0.01595,0.01607,0.01921
2024-06-25,0.01646,0.01709,0.01638,0.01665,7641262.66856754,0.0188445,0.0187449463930337,-0.0021570519424819225,27.690237839458064,-0.002799999999999997,0.023915770888155524,0.013773229111844474,0.0013012857142857147,5601531.745150201,97478965.88430238,0.01648,0.01659,0.01945
2024-06-26,0.01661,0.01683,0.01594,0.0163,1194950.09513356,0.018414,0.01851209435560192,-0.002087978743676576,23.398649989398734,-0.0034300000000000025,0.02272157179125819,0.01410642820874181,0.001247714285714286,5557022.327642282,96284015.78916882,0.01665,0.01648,0.01973
2024-06-27,0.01622,0.01679,0.01583,0.01642,2089961.84,0.018106,0.01831284727411602,-0.0020004942859951844,26.788166194344115,-0.001729999999999999,0.022022504349007002,0.014189495650993,0.0012184285714285717,4812561.367801316,98373977.62916882,0.0163,0.01601,0.01815
2024-06-28,0.01642,0.01689,0.01596,0.01599,5426030.9290876705,0.017857,0.01809162372420021,-0.001943456670592321,27.130627865228703,-2.9999999999998778e-05,0.02163770503032399,0.014076294969676011,0.0011598571428571435,4739601.610968285,92947946.70008115,0.01642,0.01595,0.01602
2024-06-29,0.01605,0.01624,0.01535,0.01536,2130954.10955944,0.017573,0.01783146908380019,-0.001926877836067497,22.476404485913548,-0.0007100000000000006,0.021197060531619676,0.01394893946838032,0.0011855714285714288,4713883.049949721,90816992.59052171,0.01599,0.01648,0.01607
2024-06-30,0.0154,0.01612,0.01512,0.01598,2488669.5121390303,0.0173495,0.01765513869486684,-0.001842471309461937,25.868679258493017,-0.0006099999999999994,0.020772244205274227,0.013926755794725774,0.001193428571428572,4717552.153805852,93305662.10266075,0.01536,0.01665,0.01659
2024-07-01,0.016,0.01626,0.0153,0.01535,2508464.17190687,0.017114499999999998,0.01743560167630809,-0.001805600426116001,29.472080262591888,-0.0011300000000000008,0.020399165968758053,0.01382983403124194,0.0010998571428571433,4344600.009542802,90797197.93075387,0.01598,0.0163,0.01648
2024-07-02,0.01536,0.01552,0.01434,0.01441,9278118.078310397,0.016816499999999998,0.01714744913570732,-0.0018311220938520105,35.70150980086376,-0.0016000000000000007,0.019934794236817623,0.013698205763182373,0.0009988571428571431,4582121.70892971,81519079.85244347,0.01535,0.01642,0.01601
2024-07-03,0.01434,0.01473,0.01384,0.01422,8848144.70391838,0.016541,0.016868644456116147,-0.0018454069093847177,33.968721739669974,-0.001729999999999999,0.019547070349704092,0.013534929650295908,0.0009838571428571433,4773967.930511573,72670935.14852509,0.01441,0.01599,0.01595
2024-07-04,0.0142,0.01429,0.01307,0.01314,8041509.174312401,0.0162375,0.01651353546029556,-0.0019217222844100535,22.748764852652826,-0.003340000000000001,0.019333309561666703,0.013141690438333294,0.0009342857142857148,4933137.790305375,64629425.97421269,0.01422,0.01536,0.01648
2024-07-05,0.01312,0.01312,0.01119,0.013,26045655.07288835,0.015915,0.016178913035505508,-0.001970781654764232,22.641459594271367,-0.003650000000000002,0.018944861904096708,0.012885138095903288,0.001025214285714286,6101865.866587209,38583770.90132435,0.01314,0.01598,0.01665
2024-07-06,0.01291,0.01379,0.01275,0.01342,10821129.18289285,0.015599499999999999,0.015916159413076413,-0.0019532551596883347,29.47695520168422,-0.002879999999999999,0.01824665517609332,0.012952344823906675,0.001058571428571429,6559994.802262294,49404900.0842172,0.013,0.01535,0.0163
2024-07-07,0.01339,0.01347,0.01252,0.01253,5835636.29884734,0.015318500000000002,0.015593668040402468,-0.001988261408165066,26.05036908891219,-0.003890000000000001,0.018018318902309028,0.012618681097690976,0.0010742857142857147,6654052.598876828,43569263.78536986,0.01342,0.01441,0.01642
2024-07-08,0.01259,0.01343,0.01203,0.01285,4641617.732514899,0.015159999999999998,0.015332366322268899,-0.0019675026409241916,23.809475709572908,-0.0031400000000000004,0.018051796018139644,0.012268203981860352,0.0010678571428571432,6361438.072781622,48210881.51788476,0.01253,0.01422,0.01599
2024-07-09,0.01285,0.013291,0.01282,0.01321,3333931.4896162604,0.015016999999999999,0.015130236196338527,-0.0019000990182605846,25.84264581502228,-0.002150000000000001,0.018000717920913598,0.0120332820790864,0.0010507857142857144,6097845.8909215955,51544813.00750102,0.01285,0.01314,0.01536
2024-07-10,0.01316,0.015995,0.01295,0.01322,5584438.39659533,0.0148485,0.014948308939544382,-0.0018248386413217375,27.286079350278655,-0.0027600000000000003,0.01783880908453536,0.011858190915464641,0.0012047142857142857,6030024.48989729,57129251.40409635,0.01321,0.013,0.01598
2024-07-11,0.01319,0.013577,0.01291,0.012924,4857240.649382579,0.0146707,0.014755517611968727,-0.0017686906121950133,24.8705652403805,-0.002426000000000001,0.017675394789649936,0.011666005210350064,0.0011837857142857143,6082960.8955309605,52272010.754713774,0.01322,0.01342,0.01535
2024-07-12,0.01298,0.01314,0.01261,0.01314,3178512.5812603803,0.014527199999999999,0.014601658791781229,-0.0016873132034809866,28.863778686902776,-0.0012699999999999986,0.01753670701330966,0.011517692986690337,0.0011552142857142857,6079457.516344218,55450523.33597416,0.012924,0.01253,0.01441
2024-07-13,0.01318,0.01368,0.01309,0.01353,3260734.97130749,0.014406200000000003,0.014499596049706827,-0.001573216222824943,35.92732959356901,-0.0006899999999999996,0.017369079367671018,0.011443320632328988,0.0011337857142857143,6120049.276417451,58711258.30728164,0.01314,0.01285,0.01422
2024-07-14,0.01354,0.013901,0.01341,0.0138,2440352.09923762,0.014272199999999999,0.014432967854496654,-0.001444357149971081,32.282111191554506,0.0006599999999999991,0.01707844563579585,0.011465954364204146,0.0010974285714285717,5982365.687873919,61151610.406519264,0.01353,0.01321,0.01314
2024-07-15,0.01376,0.01467,0.01375,0.01463,8062961.795104698,0.0141712,0.014451732820735067,-0.0012607284501571867,44.33239599282999,0.0016300000000000012,0.016753585156156818,0.011588814843843182,0.0010945714285714287,6003450.644200777,69214572.20162396,0.0138,0.01322,0.013
2024-07-16,0.01459,0.014711,0.01365,0.01446,4099978.2779096696,0.0140792,0.01445252017114125,-0.0011160537884778322,50.44774162157244,0.001040000000000001,0.016465949527132123,0.011692450472867877,0.0010860714285714286,6148702.053339583,65114593.923714295,0.01463,0.012924,0.01342
2024-07-17,0.01446,0.015131,0.014159,0.01429,11702597.243163906,0.013972700000000001,0.014437042059603989,-0.001003547386438694,50.62914260913404,0.0017600000000000011,0.01609511025847159,0.011850289741528412,0.0010919285714285716,6629333.823497778,53411996.68055039,0.01446,0.01314,0.01253
2024-07-18,0.01429,0.014706,0.01357,0.01449,8526494.073219001,0.013897700000000002,0.014442085672975037,-0.0008880104915483418,64.41672323064388,0.001639999999999999,0.015816173636706836,0.011979226363293167,0.0010859285714285715,6784356.980704345,61938490.75376939,0.01429,0.01353,0.01285
2024-07-19,0.01447,0.015434,0.01403,0.01525,10943189.7170555,0.013892200000000002,0.014519029894596462,-0.0007267435739955579,71.21822009523173,0.00204,0.01579357674220334,0.011990823257796664,0.001048357142857143,7224968.761079147,72881680.4708249,0.01449,0.0138,0.01321
2024-07-20,0.01526,0.015949,0.01488,0.01513,2858995.35954764,0.013849699999999998,0.014577217523682514,-0.0006016855209385781,67.09297494969024,0.0019099999999999985,0.015585361511992715,0.012114038488007281,0.0010504285714285715,7243485.053449579,70022685.11127725,0.01525,0.01463,0.01322
2024-07-21,0.01514,0.01566,0.01448,0.01533,7206762.545842601,0.0138487,0.014648911092855607,-0.00048089433383196635,82.46726471667299,0.002406,0.015580741217451156,0.012116658782548844,0.001066857142857143,7478399.972146364,77229447.65711986,0.01513,0.01446,0.012924
2024-07-22,0.01534,0.015467,0.01446,0.01452,4814997.824605741,0.0138542,0.014636633845916978,-0.0004453924711833694,67.38839162068248,0.0013799999999999993,0.015594425224383689,0.012113974775616312,0.0010387857142857145,7255243.959461132,72414449.8325141,0.01533,0.01429,0.01314
2024-07-23,0.014827,0.015998,0.01369,0.0138,7529106.881761085,0.0138332,0.014556954432020123,-0.00046993782128847833,55.71468810429418,0.0002699999999999994,0.015564954887238955,0.012101445112761046,0.0011699999999999998,7189292.068353267,64885342.95075302,0.01452,0.01449,0.01353
2024-07-24,0.01379,0.014343,0.01352,0.01357,7608321.080066691,0.013854700000000001,0.01446295877182773,-0.0005021606702735153,53.25144081750808,-0.0002299999999999993,0.0155607038995458,0.012148696100454203,0.0010112857142857141,7167632.663640981,57277021.87068633,0.0138,0.01525,0.0138
2024-07-25,0.01357,0.014716,0.01279,0.01316,8571184.668928072,0.0138627,0.014338867460225089,-0.0005543904161133626,52.146883177517374,-0.0014700000000000008,0.015553258935911963,0.012172141064088038,0.0011012142857142857,6293909.143442968,48705837.20175826,0.01357,0.01513,0.01463
2024-07-26,0.01321,0.01372,0.013095,0.01364,2967112.7923636963,0.0138737,0.014272308654489366,-0.0005507027193655256,54.34014570103474,-0.0008200000000000013,0.015554967829880707,0.012192432170119291,0.0011079999999999998,5901208.32391651,51672949.994121954,0.01316,0.01533,0.01446
2024-07-27,0.01364,0.01384,0.01331,0.01355,9100208.67473,0.013924699999999998,0.014203517354061808,-0.0005487171709805724,50.183021508736054,-0.0007400000000000011,0.015492391846734581,0.012357008153265415,0.0011037142857142853,6064436.942710644,42572741.31939195,0.01364,0.01452,0.01429
2024-07-28,0.0135,0.01356,0.01318,0.01326,1041345.92307692,0.0139452,0.014113658558436874,-0.000564042257904256,45.07287755104275,-0.0012300000000000002,0.015463669811495554,0.012426730188504445,0.0010957857142857139,5884423.352238744,41531395.39631503,0.01355,0.0138,0.01449
2024-07-29,0.01334,0.014453,0.01334,0.01351,9400063.836668251,0.0139602,0.014056167267157173,-0.0005496782404467021,38.571318367661796,-0.0017400000000000002,0.015453814140265915,0.012466585859734087,0.001109571428571428,6187729.969591344,50931459.23298328,0.01326,0.01357,0.01525
2024-07-30,0.01344,0.013998,0.012868,0.01326,4845881.1230826,0.0139622,0.013980341813142203,-0.0005521032610660281,37.95170053738804,-0.0018700000000000001,0.015451742437692359,0.01247265756230764,0.0011144999999999996,6150802.105915708,46085578.10990068,0.01351,0.01316,0.01513
2024-07-31,0.01314,0.01335,0.01279,0.01291,4732486.01757214,0.013961500000000002,0.01387840449760485,-0.0005756316588610387,36.62780759897162,-0.0024200000000000003,0.01545310845716159,0.012469891542838413,0.0010850714285714283,6144564.374325185,41353092.09232854,0.01326,0.01364,0.01533
2024-08-01,0.01299,0.013049,0.010738,0.01276,8692583.70076485,0.013942500000000002,0.013771889783547245,-0.0005994714957789377,33.07231643592367,-0.0017599999999999994,0.01548691438399025,0.012398085616009753,0.001169,6420267.930300409,32660508.39156369,0.01291,0.01355,0.01452
2024-08-02,0.01279,0.01284,0.01179,0.01195,5395006.35088941,0.013863499999999997,0.01359837647082846,-0.0006759332313040125,18.02320691377969,-0.0018499999999999992,0.01564083419539139,0.012086165804608603,0.0011437142857142857,6526981.499279505,27265502.04067428,0.01276,0.01326,0.0138
2024-08-03,0.01195,0.01201,0.01082,0.01114,6333224.419513529,0.013730500000000001,0.013364245378368608,-0.000792751591258925,15.897397852381204,-0.00243,0.015885762592378852,0.01157523740762115,0.0011523571428571427,6721625.1152933,20932277.621160753,0.01195,0.01351,0.01357
2024-08-04,0.01113,0.01134,0.01024,0.01056,12198656.293253144,0.013526999999999997,0.013097174389952549,-0.0009215095474485614,11.717469655766408,-0.0026,0.01606011624185295,0.010993883758147045,0.001146642857142857,6928409.840200722,8733621.327907609,0.01114,0.01326,0.01316
2024-08-05,0.01059,0.01066,0.008435,0.00972,32299894.957757767,0.01329,0.012775538733766592,-0.0010788953017572562,11.661315773415197,-0.00392,0.016298010358325236,0.010281989641674764,0.0012336428571428568,8338405.674193127,-23566273.629850157,0.01056,0.01291,0.01364
2024-08-06,0.00971,0.01043,0.00971,0.01012,8368199.67903313,0.0130815,0.012522630282931678,-0.0011579992938594314,19.02352418698004,-0.003429999999999999,0.016363285617938463,0.009799714382061536,0.0011202142857142856,8171685.795986588,-15198073.950817026,0.00972,0.01276,0.01355
2024-08-07,0.0101,0.01067,0.00976,0.00978,12877277.202523222,0.012846,0.012261427398842947,-0.0012339012900208536,18.677642729421777,-0.0034799999999999987,0.0163693022787395,0.0093226977212605,0.0011264285714285714,8389224.952451799,-28075351.15334025,0.01012,0.01195,0.01326
2024-08-08,0.00981,0.01124,0.009663,0.0111,4891005.82919184,0.0126385,0.01215081526561981,-0.0011740079674690367,35.20107861852003,-0.002409999999999999,0.016052805970934718,0.009224194029065281,0.0011015,8086615.758058617,-23184345.32414841,0.00978,0.01114,0.01351
2024-08-09,0.011088,0.011614,0.01069,0.0108,3102025.630421281,0.012422,0.012022166192703637,-0.0011376356154131195,29.055987200026436,-0.0024599999999999986,0.015718189825908647,0.009125810174091354,0.0011228571428571429,8098767.2716023,-26286370.95456969,0.0111,0.01056,0.01326
2024-08-10,0.0108,0.01114,0.01073,0.011102,3344590.4601089596,0.0122106,0.011934531317208053,-0.0010720830818603307,32.49421411341568,-0.0018079999999999988,0.015254152522611924,0.009167047477388076,0.0011142857142857146,7905658.667315615,-22941780.49446073,0.0108,0.00972,0.01291
2024-08-11,0.0111,0.011179,0.01028,0.01032,1934964.80248252,0.0120006,0.011780766429854905,-0.001070888554639644,30.35804048469177,-0.002440000000000001,0.014951399955766246,0.009049800044233754,0.0011513571428571432,7761657.016209456,-24876745.29694325,0.011102,0.01012,0.01276
2024-08-12,0.01034,0.011118,0.01029,0.01093,4004136.0352757494,0.011857099999999999,0.01169974105558301,-0.0010090878446560383,33.55424913826009,-0.00102,0.014717199218007102,0.008997000781992896,0.001131,7585408.473885188,-20872609.2616675,0.01032,0.00978,0.01195
2024-08-13,0.01092,0.01112,0.010581,0.01104,2260986.96582759,0.011730599999999999,0.011636908574098914,-0.0009403939796300692,35.59183563269745,-0.00010000000000000113,0.01449386948987734,0.008967330510122658,0.0010887857142857144,7318041.768173235,-18611622.295839913,0.01093,0.0111,0.01114
2024-08-14,0.01106,0.01109,0.01042,0.0107,15576424.08910721,0.011607600000000001,0.011547679186089493,-0.0009029797665227688,35.638094757820824,0.0001399999999999995,0.014321530876054657,0.008893669123945345,0.001096642857142857,7668303.739182191,-34188046.38494712,0.01104,0.0108,0.01056
2024-08-15,0.0107,0.01077,0.01007,0.01026,3378857.9010818205,0.0114386,0.01142504307312859,-0.0008984759839854462,34.343627152958405,0.0005400000000000005,0.014038191255320666,0.008839008744679334,0.0009815714285714284,7688890.994618097,-37566904.286028944,0.0107,0.011102,0.00972
2024-08-16,0.01023,0.01044,0.01004,0.01033,1638300.4623987698,0.0112776,0.011320753256640153,-0.0008791242912968272,38.81825739155116,0.00021000000000000012,0.013720741584109047,0.008834458415890954,0.0009351428571428568,7315795.584001536,-35928603.82363018,0.01026,0.01032,0.01012
2024-08-17,0.01031,0.01058,0.01023,0.01043,4890760.4699386405,0.0111361,0.011235919613150614,-0.000845966990286693,44.56678544000671,0.0006499999999999995,0.013418321438585602,0.008853878561414397,0.000875142857142857,7508266.311344621,-31037843.353691537,0.01033,0.01093,0.00978
2024-08-18,0.01044,0.01143,0.01028,0.01098,9132271.656025104,0.0110096,0.01121154631666008,-0.0007664737545632367,53.22866771196987,-0.00012000000000000031,0.012999546352094308,0.009019653647905692,0.0008787142857142856,7494876.702312464,-21905571.697666433,0.01043,0.01104,0.0111
2024-08-19,0.01095,0.01127,0.01078,0.01111,4793486.85695639,0.010902100000000001,0.011201875238882929,-0.0006850876154116618,61.99501761645726,0.0003099999999999995,0.012589459556729733,0.00921474044327027,0.0007547857142857142,7492256.989006154,-17112084.840710044,0.01098,0.0107,0.0108
2024-08-20,0.01111,0.0115,0.01095,0.0115,3450680.547571232,0.0108316,0.011230268073275032,-0.0005824051688922034,61.92931068285795,0.00039799999999999905,0.012264339944083146,0.009398860055916855,0.0007426428571428572,7428166.7155061085,-13661404.293138811,0.01111,0.01026,0.011102
2024-08-21,0.01152,0.01204,0.01138,0.01199,4635598.66456673,0.0107931,0.011302623494867886,-0.00045623054362605407,68.62134130455371,0.0016700000000000013,0.012036529197189779,0.00954967080281022,0.0007247857142857143,7225317.463696202,-9025805.62857208,0.0115,0.01033,0.01032
2024-08-22,0.011933,0.01236,0.01188,0.01215,1898829.54822327,0.0108031,0.011383326019166182,-0.0003394130390029903,60.996888572174264,0.0012199999999999989,0.012088222300140632,0.009517977699859367,0.0006464285714285713,7050508.623562895,-7126976.08034881,0.01199,0.01043,0.01093
2024-08-23,0.01225,0.01329,0.01221,0.01323,4692024.85863534,0.0109076,0.011559199731626545,-0.00015786755203047245,71.87594413697911,0.002190000000000001,0.012587371212492562,0.009227828787507438,0.0006575714285714285,6968448.645518986,-2434951.2217134703,0.01215,0.01098,0.01104
2024-08-24,0.0132,0.01352,0.01288,0.013185,3220278.7378314,0.01103885,0.011714037852424017,-1.7421742555931777e-05,69.66188875468329,0.002485000000000001,0.012992197601589255,0.009085502398410744,0.0006739999999999999,6519529.767747899,-5655229.95954487,0.01323,0.01111,0.0107
2024-08-25,0.01322,0.01414,0.01274,0.01349,9321994.5372361,0.01122735,0.01188317710457411,0.00011714317076521458,82.88357668670673,0.0032300000000000002,0.013363853220341405,0.009090846779658596,0.0007097857142857141,5370634.746721814,3666764.57769123,0.013185,0.0115,0.01026
2024-08-26,0.013456,0.0135,0.01264,0.01264,2967861.21121124,0.01135335,0.011955255475567052,0.00015343028894257947,66.89704811093408,0.0023099999999999996,0.013511999897262227,0.009194700102737773,0.0007120714285714284,5100617.82333072,698903.3664799901,0.01349,0.01199,0.01033
2024-08-27,0.01272,0.0131,0.011959,0.01239,5203018.18935752,0.01148385,0.011996659715989238,0.00016016885402236544,62.98059966761628,0.00196,0.013555844338033996,0.009411855661966005,0.0007550714285714286,4716904.872672435,-4504114.82287753,0.01264,0.01215,0.01043
2024-08-28,0.01228,0.01325,0.01184,0.01211,4973614.20642532,0.01153435,0.012007454028752168,0.00014128688815584663,63.71577976246758,0.001129999999999999,0.013616162497245378,0.009452537502754623,0.0008079285714285715,4721035.291534109,-9477729.02930285,0.01239,0.01323,0.01098
2024-08-29,0.01208,0.01294,0.01182,0.01202,3715974.03631835,0.011595349999999999,0.012008648883156723,0.00011770373098799435,68.37140768273328,0.0009099999999999994,0.013657969517430934,0.009532730482569064,0.0008379285714285716,4751732.711828963,-13193703.065621201,0.01211,0.013185,0.01111
2024-08-30,0.01202,0.012145,0.011039,0.01117,6067278.6886617,0.01159875,0.011928777560951322,3.0079277583120248e-05,57.540250347665186,-0.00033000000000000043,0.013658167073886038,0.009539332926113961,0.000888357142857143,4887867.1232565995,-19260981.7542829,0.01202,0.01349,0.0115
2024-08-31,0.0112,0.01152,0.01079,0.01124,4268769.702049509,0.011644749999999999,0.011863179698003577,-3.333109790597602e-05,57.31032448654462,-0.0007500000000000007,0.013623419076877755,0.009666080923122242,0.0009155000000000002,5004557.368234949,-14992212.05223339,0.01117,0.01264,0.01199
2024-09-01,0.01123,0.01123,0.01047,0.01055,4011926.5451761903,0.01162575,0.011738114964860378,-0.00013767448499394513,46.21467482298459,-0.001599999999999999,0.013640289976220944,0.009611210023779057,0.0008876428571428574,5004946.893729972,-19004138.59740958,0.01124,0.01239,0.01215
2024-09-02,0.01053,0.01143,0.010468,0.01131,4352055.63178965,0.01163925,0.011697342111064152,-0.0001572292813164962,51.584671602947324,-0.0019199999999999998,0.013640839565689351,0.00963766043431065,0.0009213571428571429,5109500.327028074,-14652082.96561993,0.01055,0.01211,0.01323
2024-09-03,0.01128,0.01156,0.01059,0.01059,4086732.98578745,0.01163375,0.011591880957629471,-0.00022819410144024437,43.147499387802505,-0.002595,0.01364677828960242,0.00962072171039758,0.0009513571428571429,4535015.771862086,-18738815.95140738,0.01131,0.01202,0.013185
2024-09-04,0.0106,0.01115,0.01004,0.01092,2560187.52529755,0.01166675,0.011527892294998093,-0.00025486803058061627,41.74373697340776,-0.002570000000000001,0.013605214598594154,0.009728285401405846,0.0009835,4494082.253072873,-16178628.42610983,0.01059,0.01117,0.01349
2024-09-05,0.01092,0.01097,0.0104,0.01053,1213648.00567062,0.01167675,0.011432854933569703,-0.00030397304024237966,37.92838584241404,-0.0021100000000000008,0.013588052325366178,0.009765447674633821,0.0009899285714285715,4472849.6302364655,-17392276.43178045,0.01092,0.01124,0.01264
2024-09-06,0.01052,0.0108,0.00986,0.01015,3274393.82410073,0.01166275,0.011310678273229732,-0.0003692949362424248,24.375983150787988,-0.0022400000000000007,0.013616142393275877,0.009709357606724122,0.0009799285714285715,4392031.29794457,-20666670.25588118,0.01053,0.01055,0.01239
2024-09-07,0.01015,0.01061,0.0101,0.01031,2051932.3845974896,0.01162925,0.011215375580541186,-0.00040350103782374296,26.53055160363715,-0.0017999999999999995,0.013653633661890483,0.009604866338109518,0.0009706428571428573,4038014.3343731887,-18614737.871283688,0.01015,0.01131,0.01211
2024-09-08,0.01038,0.010816,0.010351,0.01075,1868129.5549015205,0.01161125,0.01117105409668012,-0.00039060267253476083,28.114953097548977,-0.0012700000000000003,0.013661312579276587,0.009561187420723413,0.0009038571428571429,3891746.4692704454,-16746608.316382168,0.01031,0.01059,0.01202
2024-09-09,0.010762,0.01137,0.01071,0.01125,3281591.81956513,0.011598750000000001,0.011178572754139157,-0.0003361597632908619,38.24018014170524,8.000000000000021e-05,0.01365470892596763,0.009542791074032372,0.0008895714285714286,3883292.032870141,-13465016.496817037,0.01075,0.01092,0.01117
2024-09-10,0.01125,0.01158,0.011153,0.01148,3752700.1263870103,0.011573249999999998,0.01120728011088781,-0.0002713266034753761,42.27494196108872,0.00024000000000000063,0.013621412912414997,0.009525087087585,0.0008385714285714284,3839147.105961154,-9712316.370430026,0.01125,0.01053,0.01124
2024-09-11,0.01144,0.01145,0.01105,0.01115,2178127.82354798,0.011523249999999999,0.011201824862231828,-0.00024376413805326722,41.919093119982556,0.0005999999999999998,0.01356092740590338,0.009485572594096617,0.0007664285714285713,3853112.0197273903,-11890444.193978006,0.01148,0.01015,0.01055
2024-09-12,0.01128,0.01191,0.010777,0.01175,11268863.831508355,0.01144925,0.01125403201820975,-0.00017152842710371416,47.90687276027618,0.0004399999999999994,0.013327183564769276,0.009571316435230723,0.0007673571428571428,4181953.96837104,-621580.3624696508,0.01115,0.01031,0.01131
2024-09-13,0.01164,0.01197,0.01136,0.01177,3530392.05753334,0.0113785,0.011303171825999297,-0.00011138331536712787,55.337940439294286,0.0011799999999999988,0.013079363867197987,0.009677636132802012,0.0007319285714285714,4197459.634356137,2908811.6950636893,0.01175,0.01075,0.01059
2024-09-14,0.01177,0.01182,0.01152,0.01178,1592046.2860029,0.011293000000000001,0.011348584033046984,-6.21940304980969e-05,54.85597698135293,0.0008600000000000014,0.012692098958165471,0.00989390104183453,0.0007012142857142856,3810962.2217944777,4500857.981066589,0.01177,0.01125,0.01092
2024-09-15,0.01175,0.011894,0.011016,0.0111,3799584.2804036103,0.011216,0.011324909363232985,-7.719166736141168e-05,54.95481633019305,0.0005700000000000011,0.01246434880415891,0.00996765119584109,0.0007096428571428569,3852548.375254097,701273.7006629789,0.01178,0.01148,0.01053
2024-09-16,0.01106,0.01118,0.010554,0.01063,2288049.73337956,0.011128,0.011258727519115557,-0.0001255551530251319,43.5360057977032,0.00048000000000000126,0.012271634096803392,0.00998436590319661,0.0006856428571428571,3706799.952455199,-1586776.0327165811,0.0111,0.01115,0.01015
2024-09-17,0.01062,0.0112,0.010432,0.01098,2823680.42989728,0.0110715,0.011232182041104552,-0.0001340957169722063,53.98757549569387,0.0006700000000000005,0.012118425825554717,0.010024574174445283,0.0006712142857142856,3599303.2636287967,1236904.3971806988,0.01063,0.01175,0.01031
2024-09-18,0.01095,0.01156,0.01063,0.01156,3300358.04155012,0.0110485,0.011263402799094595,-9.299107941538806e-05,56.22552779039125,0.0008100000000000017,0.012025569194340512,0.010071430805659486,0.0006583571428571428,3578522.463890385,4537262.438730819,0.01098,0.01177,0.01075
2024-09-19,0.01158,0.01239,0.01158,0.01223,3679830.6711244103,0.0111015,0.0113554596753713,-6.279570453031694e-06,65.68248716700731,0.00098,0.012212180682712301,0.0099908193172877,0.0006754999999999999,3459150.06301352,8217093.109855229,0.01156,0.01178,0.01125
2024-09-20,0.01224,0.0128,0.0121,0.01247,4005610.1682936302,0.011163000000000001,0.011461606372954986,8.087365816936143e-05,71.96950614146098,0.0009899999999999996,0.012431037854325684,0.009894962145674318,0.0006583571428571428,3445992.086325726,12222703.27814886,0.01223,0.0111,0.01148
2024-09-21,0.01253,0.01281,0.012268,0.01265,2033324.45497992,0.011268,0.011574786718387844,0.0001625934394755748,72.07528131057767,0.0014999999999999996,0.012663671504105205,0.009872328495894795,0.0006606428571428571,3347061.9818159128,14256027.73312878,0.01247,0.01063,0.01115
2024-09-22,0.012816,0.012816,0.01207,0.01243,1535020.78010879,0.011324,0.011656235602350906,0.00020721613492089182,66.53524970600475,0.00068,0.012813491612316347,0.009834508387683655,0.0006807142857142857,3206210.23923187,12721006.953019992,0.01265,0.01098,0.01175
2024-09-23,0.0123,0.01328,0.0123,0.01324,6623642.46665136,0.0114565,0.011807070306888915,0.00030443088337609933,68.45993349924508,0.0014700000000000008,0.013131043457028367,0.009781956542971633,0.0007035714285714286,3333055.713275065,19344649.41967135,0.01243,0.01156,0.01177
2024-09-24,0.01321,0.01354,0.012985,0.01344,4880010.621179352,0.0115825,0.011962587420518542,0.0003930814027256098,68.2834037373783,0.00166,0.01345464343805019,0.009710356561949811,0.0007127142857142858,3449046.8680691556,24224660.0408507,0.01324,0.01223,0.01178
2024-09-25,0.01347,0.01359,0.01322,0.01326,2773949.1385873896,0.011719,0.0120861505233263,0.00044369840332450505,70.24933138375442,0.0021599999999999987,0.01366468239957162,0.00977331760042838,0.0007105714285714286,3527061.9247149937,21450710.90226331,0.01344,0.01247,0.0111
2024-09-26,0.01331,0.014593,0.0131,0.01373,6094790.213388089,0.011898,0.012242707616342842,0.0005157920829581188,69.48799747402269,0.0030999999999999986,0.013893970677983813,0.009902029322016188,0.0007362857142857143,3668081.7441793615,27545501.1156514,0.01326,0.01265,0.01063
2024-09-27,0.01372,0.014821,0.01359,0.01371,5519311.529548519,0.012067999999999999,0.012382449748119714,0.0005648023210419132,69.09429777162032,0.00273,0.014073629970595292,0.010062370029404705,0.0007806428571428572,3841450.7014269135,22026189.58610288,0.01373,0.01243,0.01098
2024-09-28,0.01369,0.01389,0.01309,0.01329,3254330.2132924604,0.012195000000000001,0.012468883105441647,0.0005632598885315868,63.75211429333331,0.001729999999999999,0.01417067843111185,0.010219321568888152,0.000816357142857143,3910760.7343464606,18771859.37281042,0.01371,0.01324,0.01156
2024-09-29,0.01323,0.01332,0.01283,0.01309,3039247.2955925204,0.012287,0.012528037095399585,0.0005396780979490638,69.86008422331753,0.0008599999999999997,0.01424870817079684,0.010325291829203158,0.0007886428571428573,3898643.5081478297,15732612.0772179,0.01329,0.01344,0.01223
2024-09-30,0.01303,0.01319,0.012496,0.01259,5922856.796992711,0.012342500000000001,0.012533938324409149,0.0004751661184562144,69.44425154374571,0.00012000000000000031,0.014270595597106535,0.010414404402893467,0.0007935,4007151.341678115,9809755.280225188,0.01309,0.01326,0.01247
2024-10-01,0.01261,0.01336,0.01135,0.01147,5479780.631317642,0.0123585,0.01243261086494161,0.0003298628169338246,54.21673682714016,-0.0011800000000000005,0.014249890744233214,0.010467109255766785,0.0008822142857142858,4172233.982066598,4329974.648907546,0.01259,0.01373,0.01265
2024-10-14,0.01404,0.01446,0.01368,0.01425,20100611.510900714,0.0124835,0.01260569554447098,0.0004340284602774372,66.79139387271982,0.0018200000000000004,0.014529675122412933,0.010437324877587067,0.0008715000000000001,4613821.366036216,24430586.15980826,0.01147,0.01371,0.01243
2024-10-15,0.01427,0.016534,0.0134,0.01371,11508096.75856942,0.0125805,0.012710867397378506,0.0004676166029508929,59.39075742758833,0.00046999999999999993,0.014667779518769897,0.010493220481230102,0.0010375,5012706.60108802,12922489.40123884,0.01425,0.01329,0.01324
2024-10-16,0.01371,0.013815,0.013045,0.01321,5353136.229986879,0.012652,0.01275840383572341,0.00044871709532524374,54.5453607327948,-0.00023000000000000104,0.014721717499157407,0.010582282500842593,0.0010425,5200761.098287219,7569353.171251961,0.01371,0.01309,0.01344
2024-10-17,0.01325,0.013476,0.01251,0.01252,6164667.82495327,0.012722999999999998,0.012735698708511657,0.0003737534686062867,49.248475204780014,-0.0007399999999999993,0.014661834158647774,0.010784165841352222,0.0010727857142857143,5319015.275514701,1404685.346298691,0.01321,0.01259,0.01326
2024-10-18,0.01251,0.014052,0.0125,0.01321,8689179.376075873,0.012851999999999999,0.012780870260081977,0.0003658047186856639,54.27623247069577,-0.0005199999999999996,0.014530302400454394,0.011173697599545604,0.0011303571428571428,5639071.757649517,10093864.722374564,0.01252,0.01147,0.01373
2024-10-19,0.01323,0.01337,0.01273,0.01306,2648099.0398235004,0.012956,0.012807454044836073,0.0003434425389052826,48.93608923105801,-0.0006499999999999995,0.01438516096106566,0.01152683903893434,0.0011060714285714287,5630292.688145828,7445765.682551064,0.01321,0.01425,0.01371
2024-10-20,0.01307,0.01438,0.01285,0.01426,6483234.579865291,0.013091,0.012945791754851686,0.0004177349332208785,54.33395764530581,0.0009700000000000004,0.014474282138136226,0.011707717861863774,0.0011757142857142858,5789436.515061587,13929000.262416355,0.01306,0.01371,0.01329
2024-10-21,0.01432,0.015469,0.0133,0.01343,14519765.121149931,0.013151,0.012991906825818193,0.00040496988679325843,50.84068132843338,0.00034,0.014480074074210819,0.01182192592578918,0.001304214285714286,6331433.237562863,-590764.8587335758,0.01426,0.01321,0.01309
2024-10-22,0.01342,0.01365,0.01274,0.01287,5612780.414978799,0.013170999999999999,0.012980296651930746,0.00034568137592497217,45.78425088436154,0.000279999999999999,0.01446859129077581,0.011873408709224187,0.0012625714285714289,6411791.749897121,-6203545.273712375,0.01343,0.01252,0.01259
2024-10-23,0.01282,0.012822,0.01189,0.01224,11272685.45137522,0.0131505,0.012909792208889723,0.0002450344642654888,43.20068410642206,0.0007699999999999999,0.014494860149115118,0.011806139850884884,0.001241214285714286,6873759.799716887,-17476230.725087594,0.01287,0.01321,0.01147
2024-10-24,0.01228,0.012938,0.01215,0.01263,4843053.54239266,0.0131605,0.012883145331852607,0.00019449874186258133,46.93871455083454,-0.00162,0.014485124673754152,0.011835875326245849,0.001240357142857143,7039161.43783108,-12633177.182694934,0.01224,0.01306,0.01425
2024-10-25,0.01271,0.01276,0.01098,0.01132,6009065.949310827,0.013064499999999998,0.012734274347866644,4.818729277925038e-05,42.55672028645215,-0.0023899999999999998,0.014622588910375173,0.011506411089624823,0.0013325000000000001,7008432.611964053,-18642243.132005762,0.01263,0.01426,0.01371
2024-10-26,0.01127,0.0116,0.01107,0.01132,4924308.225571879,0.012958499999999998,0.012599581552831725,-6.699332736044561e-05,44.424879547997044,-0.0018899999999999993,0.014688048465565326,0.01122895153443467,0.0013207857142857147,7010647.492183681,-18642243.132005762,0.01132,0.01343,0.01321
2024-10-27,0.01131,0.01209,0.01119,0.012,3470456.5316824387,0.012895499999999999,0.012542478547800133,-0.00010222608299855114,52.42002430316528,-0.0005199999999999996,0.014670015204366777,0.011120984795633221,0.0012415,7045472.861838432,-15171786.600323323,0.01132,0.01287,0.01252
2024-10-28,0.01199,0.012318,0.01144,0.0119,3308953.591126819,0.012804,0.012481290114676311,-0.00013664233219651267,35.79195875605531,-0.0013099999999999987,0.014586043770506932,0.011021956229493066,0.0012485,6906181.030725369,-18480740.19145014,0.012,0.01224,0.01321
2024-10-29,0.01196,0.0137,0.01196,0.01277,10268569.38350613,0.012757,0.012508786294230948,-9.264774302458409e-05,44.534811222400336,-0.0002900000000000003,0.014487264354613096,0.011026735645386903,0.0011489285714285716,7143643.923423248,-8212170.807944011,0.0119,0.01263,0.01306
2024-10-30,0.01284,0.01291,0.01248,0.01264,2850337.1418634993,0.0127245,0.012521282837637523,-6.749360343945819e-05,46.536980374516986,-0.00162,0.014436937167499629,0.01101206283250037,0.0011246428571428573,7123444.269851802,-11062507.94980751,0.01277,0.01132,0.01426
2024-10-31,0.01264,0.01264,0.01154,0.0118,3000182.1239398597,0.012660000000000001,0.012452589234052997,-0.00011402533335493764,45.70398092413687,-0.0016299999999999995,0.014411210107927615,0.010908789892072387,0.001134214285714286,7121491.011269169,-14062690.07374737,0.01264,0.01132,0.01343
2024-11-01,0.01182,0.01192,0.01131,0.01149,5881993.59634222,0.012605,0.012360914068905092,-0.0001739117276379487,39.24993131262021,-0.0013799999999999993,0.014432883446705352,0.010777116553294648,0.0010669285714285715,7119447.851236644,-19944683.67008959,0.0118,0.012,0.01287
2024-11-02,0.01156,0.01173,0.01107,0.0112,2114898.39811455,0.0125915,0.012250350824247464,-0.00024198327042221184,38.57487222994948,-0.0010399999999999993,0.014458253726040692,0.010724746273959309,0.001068357142857143,6951203.739576489,-22059582.068204142,0.01149,0.0119,0.01224
2024-11-03,0.01126,0.01126,0.01026,0.01072,2579511.13162837,0.012414999999999999,0.012104603126700086,-0.0003308486299207405,26.145503229508734,-0.0019100000000000002,0.014289004999151476,0.010540995000848522,0.0010305000000000002,6075148.720612872,-24639093.199832514,0.0112,0.01277,0.01263
2024-11-04,0.01065,0.01075,0.009932,0.0102,4099734.00541699,0.0122395,0.011923212352728649,-0.00043818361380225726,27.285459634819304,-0.0011199999999999995,0.014254950583029568,0.010224049416970433,0.000934,5704730.5829552505,-28738827.205249503,0.01072,0.01264,0.01132
2024-11-05,0.01026,0.01109,0.01026,0.01085,5264231.63332001,0.0121215,0.011821001652468778,-0.0004654325770849007,35.97215227637058,-0.00046999999999999993,0.014173716003815987,0.010069283996184014,0.0009282857142857142,5700285.3531219065,-23474595.571929492,0.0102,0.0118,0.01132
2024-11-06,0.01082,0.012456,0.01082,0.01231,10215290.33043255,0.012111,0.011867572923662228,-0.000365010168521902,50.43577757149614,0.0003099999999999995,0.014156769961859049,0.010065230038140952,0.0009785714285714285,5902816.478395871,-13259305.241496943,0.01085,0.01149,0.012
2024-11-07,0.012344,0.01279,0.01217,0.01255,4489394.69461304,0.012078,0.01193256597855154,-0.0002630266841090502,49.4922978563236,0.0006499999999999995,0.014069704903105704,0.010086295096894297,0.0009665714285714284,5692827.244322729,-8769910.546883903,0.01231,0.0112,0.0119
2024-11-08,0.01263,0.01289,0.011878,0.01253,3796087.307221261,0.012051500000000001,0.011989464456784726,-0.0001817230802629785,59.18045090647758,-0.00024000000000000063,0.014001865957563794,0.010101134042436209,0.0009117142857142856,5750226.657692617,-12565997.854105163,0.01255,0.01072,0.01277
2024-11-09,0.01256,0.013889,0.012455,0.01314,11785797.933018602,0.011995500000000001,0.012099039270424276,-6.729178858570946e-05,62.63876709128621,0.0005000000000000004,0.013731393217672269,0.010259606782327733,0.0009762857142857141,6015354.825350283,-780199.9210865609,0.01253,0.0102,0.01264
2024-11-10,0.01311,0.01407,0.01286,0.01359,9451825.47085444,0.012003499999999999,0.012241035530383868,5.902665120230237e-05,61.405902484557416,0.00179,0.013768460414049158,0.01023853958595084,0.0009984285714285713,5761957.842835508,8671625.54976788,0.01314,0.01085,0.0118
2024-11-11,0.013568,0.01456,0.010861,0.01453,15850419.01706034,0.0120865,0.012459032146537785,0.00023230717637863843,66.83726815342456,0.0030399999999999993,0.014153343767171919,0.010019656232828082,0.001199928571428571,6273839.772939585,24522044.56682822,0.01359,0.01231,0.01149
2024-11-12,0.01449,0.01467,0.01299,0.01388,16888844.545958396,0.0121685,0.012594362418296092,0.0003135690445210254,57.31214725032128,0.00268,0.014385651088079269,0.009951348911920732,0.001195642857142857,6554647.7276687445,7633200.020869825,0.01453,0.01255,0.0112
2024-11-13,0.01386,0.01434,0.0127,0.01367,15012866.45674652,0.012220499999999999,0.012696804092744082,0.0003569101771736527,56.71436844834964,0.0029499999999999995,0.014530081643593424,0.009910918356406574,0.0012820714285714286,7063138.373386437,-7379666.435876695,0.01388,0.01253,0.01072
2024-11-14,0.01364,0.01422,0.01293,0.01314,10523442.32860013,0.0123115,0.012739013226768455,0.00034452035030977345,59.10314844509808,0.00294,0.014615101528043128,0.01000789847195687,0.0012956428571428568,7288857.1923509035,-17903108.764476825,0.01367,0.01314,0.0102
2024-11-15,0.01311,0.01429,0.01262,0.01421,18308994.539108157,0.012456,0.012879107205171459,0.00041624318851830357,66.74865338902126,0.00336,0.014858186723099227,0.010053813276900773,0.001371357142857143,7958091.508027716,405885.7746313326,0.01314,0.01359,0.01085
2024-11-16,0.01423,0.014912,0.0141,0.0148,13321077.366303788,0.012596,0.01306204937610751,0.0005147583103224992,71.3775535290084,0.002490000000000001,0.015203853725314014,0.009988146274685986,0.0013822142857142857,8450622.549758783,13726963.140935121,0.01421,0.01453,0.01231
2024-11-17,0.01422,0.01428,0.01386,0.01403,465642.1822431602,0.0127025,0.013154235149811557,0.0005246518295671243,69.00103719695514,0.0014800000000000004,0.015364093309912508,0.010040906690087493,0.001340785714285714,8308456.9793146,13261320.95869196,0.0148,0.01388,0.01255
2024-11-18,0.0149,0.01536,0.014827,0.01536,3506897.6650186707,0.012832,0.013364307992686647,0.0006325210901768213,77.10072695271246,0.002830000000000001,0.015747357520731683,0.009916642479268318,0.0013204285714285711,7970373.393390228,16768218.62371063,0.01403,0.01367,0.01253
2024-11-19,0.01499,0.01519,0.01429,0.01465,2351703.7942791698,0.0129325,0.013486754850526014,0.000653187649455907,69.83288333399095,0.0015099999999999992,0.015956543128347843,0.009908456871652156,0.0013254285714285714,7945441.726011011,14416514.829431461,0.01536,0.01314,0.01314
2024-11-20,0.013784,0.01426,0.01378,0.01406,2339643.06239621,0.013045500000000002,0.013541349626666394,0.0006148701372163754,60.04582771049507,0.00046999999999999993,0.016060246039754107,0.010030753960245897,0.0012428571428571428,7912414.772933829,12076871.767035251,0.01465,0.01421,0.01359
2024-11-21,0.01403,0.016072,0.010695,0.01503,23289491.44599565,0.013222500000000002,0.013683125852698166,0.0006552211445818006,63.13549958718281,0.0005000000000000004,0.016268234722526326,0.010176765277473677,0.0015826428571428573,8782789.6654165,35366363.213030905,0.01406,0.0148,0.01453
2024-11-22,0.01498,0.01642,0.01462,0.01633,24690448.622931276,0.013479000000000001,0.013935209104822151,0.0007830719777646052,67.72379215176399,0.002450000000000001,0.01666824442462513,0.010289755575374872,0.0016389285714285713,9911567.176657338,60056811.83596218,0.01503,0.01403,0.01388
2024-11-23,0.01633,0.01982,0.01602,0.01821,53944162.24211725,0.013853500000000001,0.014342332047220041,0.0010242876222495423,71.14253578019175,0.004540000000000001,0.01741584266503944,0.010291157334960561,0.0018079285714285717,12479799.73218178,114000974.07807943,0.01633,0.01536,0.01367
2024-11-24,0.018151,0.022897,0.017621,0.01916,202040.0,0.0143015,0.014801157566532419,0.0012773849206665217,72.29775723229774,0.006019999999999999,0.01816974195074145,0.01043325804925855,0.002098357142857143,12284915.03191093,114203014.07807943,0.01821,0.01465,0.01314
2024-11-25,0.01919,0.020466,0.01752,0.01786,23193316.18878337,0.014652000000000002,0.015092475893529331,0.0013574197280226564,62.957129852154246,0.0036500000000000005,0.018473510310418367,0.010830489689581637,0.002044571428571429,13181369.259684099,91009697.88929605,0.01916,0.01406,0.01421
2024-11-26,0.01775,0.01892,0.016738,0.01839,34466371.72943026,0.014956,0.0154065258084313,0.0014469350930108212,67.7139868031567,0.0035899999999999994,0.018956212625928004,0.010955787374071997,0.0020804285714285716,14393923.329633985,125476069.61872631,0.01786,0.01503,0.0148
2024-11-27,0.01824,0.02154,0.017,0.02016,49960348.596701935,0.0153365,0.015859237636199747,0.0016417755061153855,72.70811631115268,0.00613,0.019794615131568268,0.01087838486843173,0.0022875714285714283,16667471.024738427,175436418.21542823,0.01839,0.01633,0.01403
2024-11-28,0.02012,0.02055,0.018704,0.02035,16049825.27399283,0.0157275,0.01628692928989501,0.0017908752542045402,75.84221779275634,0.00499,0.020509183803850074,0.010945816196149923,0.0023272857142857145,17280157.92307701,191486243.48942107,0.02016,0.01821,0.01536
2024-11-29,0.02044,0.021,0.0155,0.02084,17525054.20481175,0.0161125,0.01672055507180977,0.0019263707804373052,74.79423731343886,0.006190000000000001,0.021244122806830308,0.010980877193169687,0.002600857142857143,17567120.736666664,209011297.69423282,0.02035,0.01916,0.01465
2024-11-30,0.02084,0.02471,0.020378,0.0227,21489501.421662662,0.016568,0.017290026017351696,0.002158951369019245,76.9808007014201,0.008640000000000002,0.0223348183328602,0.010801181667139798,0.002852285714285714,18169004.534207076,230500799.11589548,0.02084,0.01786,0.01406
2024-12-01,0.02265,0.02358,0.02172,0.02222,16228304.908111626,0.016952500000000002,0.017759547349032487,0.0022782785951843583,78.53650874486951,0.00719,0.0231560944589027,0.010748905541097305,0.0029551428571428576,18187898.82875964,214272494.20778385,0.0227,0.01839,0.01503
2024-12-02,0.02221,0.02356,0.0207,0.02352,27284883.0,0.0174345,0.01830816188721987,0.0024495090020637614,78.49154337418943,0.0071899999999999985,0.024112777354307356,0.010756222645692641,0.003121357142857143,18707700.751461722,241557377.20778385,0.02222,0.02016,0.01633
2024-12-03,0.02349,0.02563,0.02237,0.02473,33276612.886342745,0.017987499999999997,0.018919765517008455,0.0026522734632705436,84.008017806191,0.006519999999999998,0.025166178591202647,0.010808821408797348,0.0032899285714285717,19620888.07294153,274833990.0941266,0.02352,0.02035,0.01821
2024-12-04,0.02471,0.02633,0.02405,0.02537,22599944.0,0.018598999999999997,0.01953407356300765,0.0028319633008169302,88.02950689891752,0.00621,0.026114712383505677,0.011083287616494318,0.0034185000000000005,20224713.156511523,297433934.0941266,0.02473,0.02084,0.01916
2024-12-05,0.0253,0.02622,0.02356,0.02441,23490705.0,0.019109,0.019998447509387875,0.002863891654440835,81.56116138248592,0.00655,0.02675388931454083,0.011464110685459172,0.0032244285714285717,20483798.679556116,273943229.0941266,0.02537,0.0227,0.01786
2024-12-06,0.0243,0.03243,0.02426,0.03032,73997885.0,0.019885,0.02098145250849379,0.0033277227958334564,85.9270054967603,0.01193,0.02874277802718881,0.011027221972811191,0.0036794285714285718,23517639.061240926,347941114.0941266,0.02441,0.02222,0.01839
2024-12-07,0.03032,0.033,0.027035,0.02976,48406610.50258806,0.0206715,0.021817504650542,0.0036085281311600582,81.81811870778724,0.009600000000000001,0.03011439267678419,0.011228607323215806,0.003834071428571429,25914687.477258172,299534503.59153855,0.03032,0.02352,0.02016
2024-12-08,0.0298,0.032382,0.0288,0.03065,27696672.598088704,0.021436,0.022658694683823713,0.003858406634550872,81.75781400721968,0.0103,0.03152213722941184,0.011349862770588158,0.003713071428571429,27124176.22391168,327231176.18962723,0.02976,0.02473,0.02035
2024-12-09,0.03062,0.03062,0.02098,0.02403,35138996.0,0.021905,0.022789295190126218,0.003482118776699787,63.17809122198731,0.0031899999999999984,0.031524039234220584,0.01228596076577942,0.004191214285714286,28763540.83419772,292092180.18962723,0.03065,0.02537,0.02084
2024-12-10,0.0242,0.02497,0.02089,0.0238,22161215.88002712,0.022392,0.022885552791066577,0.00312927650884837,61.7048522774586,0.0011000000000000003,0.03129855252579459,0.013485447474205409,0.0043267857142857144,29754619.47507926,269930964.3096001,0.02403,0.02441,0.0227
2024-12-11,0.02376,0.0276,0.022681,0.02696,26514238.65438335,0.022988500000000002,0.02327359538239357,0.0030692516379237783,63.8775145189713,0.004740000000000001,0.031403437282813536,0.014573562717186466,0.004353857142857144,29915856.835498642,296445202.9639835,0.0238,0.03032,0.02222
2024-12-12,0.0269,0.02852,0.02615,0.02675,23031357.841904774,0.0235095,0.023604681536451323,0.0029704942417529516,63.05053496298982,0.0032300000000000002,0.03146645650623442,0.01555254349376558,0.004391285714285715,29832902.296447325,273413845.1220787,0.02696,0.02976,0.02352
2024-12-13,0.02666,0.02721,0.02534,0.02604,7095462.678705443,0.023901000000000002,0.023836616628217865,0.0028026302505450087,60.50926244423305,0.0013100000000000021,0.03152355351606429,0.016278446483935713,0.004132000000000001,27490467.318276733,266318382.44337326,0.02675,0.03065,0.02473
2024-12-14,0.02602,0.02634,0.02386,0.0244,12159620.273591856,0.024163,0.02389027218743521,0.002508347861415766,53.4665273845276,-0.0009699999999999986,0.03145235518049226,0.016873644819507743,0.003999714285714286,28088346.33195632,254158762.16978142,0.02604,0.02403,0.02537
2024-12-15,0.02435,0.026871,0.02351,0.02536,7353647.110408141,0.024537999999999997,0.024030246264822332,0.0023257807717969453,56.27996848321765,0.0009499999999999995,0.031207369417047867,0.017868630582952127,0.004106928571428572,27296362.878037564,261512409.28018954,0.0244,0.0238,0.02441
2024-12-16,0.02527,0.02648,0.02372,0.02421,13790092.96651501,0.024829,0.024047365668172588,0.0020645013623030346,51.38830102872377,-0.006110000000000001,0.0308447404059334,0.0188132595940666,0.004099785714285715,26262548.9398918,247722316.31367454,0.02536,0.02696,0.03032
2024-12-17,0.02428,0.024733,0.0223,0.02258,10521901.778903564,0.02495,0.023907616556918056,0.001706239701163327,45.745918462886486,-0.007180000000000002,0.030659899068146635,0.019240100931853365,0.0040407142857142855,24290626.59900188,237200414.53477097,0.02421,0.02675,0.02976
2024-12-18,0.02262,0.024282,0.0195,0.02063,31205106.333553627,0.024964000000000004,0.023595462599116337,0.0012505504828782162,41.08349980553057,-0.010020000000000001,0.03062759528735486,0.019300404712645148,0.004219428571428572,25048390.651979923,205995308.20121735,0.02258,0.02604,0.03065
2024-12-19,0.02055,0.02187,0.0179,0.01832,25780456.24878779,0.024838,0.023093037589676686,0.0006950042237331491,39.09772476304523,-0.00571,0.030979837887113247,0.01869616211288675,0.004313,25461160.754178725,180214851.95242956,0.02063,0.0244,0.02403
2024-12-20,0.01859,0.019398,0.012854,0.019182,49917569.31072571,0.0246621,0.02272055781923129,0.00032059043980202373,25.662076773486817,-0.004618000000000001,0.03124726348036696,0.01807693651963304,0.004196857142857143,26882564.14863188,230132421.26315528,0.01832,0.02536,0.0238
2024-12-21,0.01917,0.02073,0.01802,0.0183,14529679.838092756,0.024466099999999998,0.022299552312637833,-4.676611957196361e-05,25.305966459079016,-0.008660000000000001,0.031570212075336945,0.01736198792466305,0.003964357142857144,26797632.895130932,215602741.42506254,0.019182,0.02421,0.02696
2024-12-22,0.01821,0.018917,0.01761,0.01814,3634846.25474746,0.0241971,0.02190340447333899,-0.0003468116732744074,22.16782458175919,-0.00861,0.031839118964425074,0.016555081035574924,0.003801857142857143,25615131.057868306,211967895.1703151,0.0183,0.02258,0.02675
2024-12-23,0.01817,0.020689,0.01768,0.0197,7648933.4837373905,0.0239456,0.021693556428259087,-0.00045349338431450656,37.56744424346965,-0.006340000000000002,0.031840662238346785,0.016050537761653216,0.0033282142857142855,24333747.08773804,219616828.65405247,0.01814,0.02063,0.02604
2024-12-24,0.019723,0.023753,0.01927,0.0223,14996386.134353768,0.023792100000000004,0.02175131295890108,-0.00032450049827111374,46.20902512503276,-0.002100000000000001,0.03168993282466252,0.015894267175337484,0.0033569999999999997,23953569.194455728,234613214.78840622,0.0197,0.01832,0.0244
2024-12-25,0.02228,0.02301,0.02163,0.021906,10065228.760552982,0.023666899999999998,0.021766045058053355,-0.0002511698838693517,35.150987653435934,-0.003454000000000002,0.031602787146375065,0.01573101285362493,0.0031042142857142852,23282295.382483374,224547986.02785325,0.0223,0.019182,0.02536
2024-12-26,0.02194,0.0223,0.0188,0.02009,13605810.12171657,0.0231554,0.02160642171919113,-0.00033572088530535796,32.119821215770145,-0.004119999999999999,0.03058853742358473,0.01572226257641527,0.0031849285714285708,20262691.638569206,210942175.9061367,0.021906,0.0183,0.02421
2024-12-27,0.02014,0.02118,0.019838,0.02097,11602227.82710419,0.0227159,0.021545810126887215,-0.0003279392381648448,36.511625456914096,-0.0016100000000000003,0.02951739834575953,0.015914401654240472,0.0031472142857142853,18422472.504795007,222544403.73324087,0.02009,0.01814,0.02258
2024-12-28,0.02092,0.02455,0.02048,0.022944,48718609.798614025,0.0223306,0.02167897106718367,-0.00016063522130929306,46.1940272523849,0.002314,0.02802214069974408,0.01663905930025592,0.0032607857142857135,19473569.364821278,271263013.53185487,0.02097,0.0197,0.02063
2024-12-29,0.02295,0.02342,0.02182,0.02214,9548936.633218473,0.0222361,0.02172287858459475,-9.186272694884645e-05,41.51377919075961,0.0038200000000000005,0.027871318798348865,0.016600881201651138,0.0031349999999999998,18194066.3964822,261714076.8986364,0.022944,0.0223,0.01832
2024-12-30,0.02211,0.02295,0.02065,0.02186,16450926.474935096,0.022139100000000002,0.021735937767014296,-5.9270456701222135e-05,43.508970880256754,0.002678,0.027727565937700916,0.016550634062299088,0.0031021428571428567,17908551.9262276,245263150.42370132,0.02214,0.021906,0.019182
2024-12-31,0.02149,0.022373,0.01878,0.01942,22250847.172973443,0.0217621,0.021515372265393885,-0.0002277036300775727,41.645485245516426,0.0011199999999999995,0.026986674881723696,0.016537525118276303,0.0031849999999999995,17695382.352157105,223012303.25072786,0.02186,0.02009,0.0183
2025-01-01,0.0194,0.01993,0.01863,0.01968,17340710.0,0.0214086,0.021340574906784943,-0.00033633128864789946,47.24186149192539,0.0015399999999999997,0.02614621247443226,0.01667098752556774,0.0029362857142857138,17410849.960061867,240353013.25072786,0.01942,0.02097,0.01814
2025-01-02,0.0198,0.02026,0.01941,0.01966,9866265.0,0.0210896,0.021180520153757806,-0.00041920103495060243,54.486956682467614,-3.999999999999837e-05,0.025349230149499812,0.016829969850500188,0.0027134285714285706,17549390.076126594,230486748.25072786,0.01968,0.022944,0.0197
2025-01-03,0.01968,0.021307,0.01907,0.02078,14785435.646353314,0.0209086,0.021142375377209442,-0.00039000552524530094,55.25998856880579,-0.0015200000000000005,0.024873392867756403,0.016943807132243596,0.0024057857142857136,17680680.844764665,245272183.89708117,0.01966,0.02214,0.0223
2025-01-04,0.02078,0.0214,0.02048,0.020852,8921940.982302753,0.020683200000000002,0.02111472057937997,-0.00035694345325117463,58.87337800922864,-0.0010539999999999994,0.024049914944243283,0.01731648505575672,0.0022779285714285705,17759095.538359396,254194124.87938392,0.02078,0.02186,0.021906
2025-01-05,0.02074,0.020898,0.01971,0.02018,10941281.080389718,0.0204817,0.021025699571819975,-0.0003805792264380964,56.849261624384724,8.99999999999998e-05,0.023414024466860542,0.017549375533139455,0.002269428571428571,17616654.944053132,243252843.7989942,0.020852,0.01942,0.02009
2025-01-06,0.02017,0.02097,0.01977,0.0205,7147386.48911315,0.020377700000000002,0.020975632945932358,-0.00036923313162513793,52.92991935109356,-0.0004699999999999982,0.02313924625641459,0.017616153743585414,0.0021402142857142852,17447929.17956361,250400230.28810737,0.02018,0.01968,0.02097
2025-01-07,0.02046,0.02054,0.01767,0.01767,11495400.21326828,0.0202297,0.020660810760605466,-0.0005818909418813661,33.32369496241684,-0.0052739999999999974,0.02324034980571192,0.01721905019428808,0.0020249999999999995,16462443.873549342,238904830.0748391,0.0205,0.01966,0.022944
2025-01-08,0.01772,0.01793,0.0158,0.01696,17992804.73780593,0.0201617,0.020308352592928753,-0.0007985101272173709,32.582021682750835,-0.005180000000000001,0.023406308879194693,0.01691709112080531,0.002078571428571428,16073061.298000252,220912025.33703315,0.01767,0.02078,0.02214
2025-01-09,0.01695,0.01719,0.015896,0.01651,8705752.61975461,0.0200281,0.01994660472693554,-0.000995023618552221,36.05045942125686,-0.005350000000000001,0.023641632571059376,0.016414567428940624,0.0019209999999999993,14012470.463451698,212206272.71727854,0.01696,0.020852,0.02186
2025-01-10,0.016588,0.01715,0.01623,0.01683,9012903.108511057,0.0199546,0.019649785229132154,-0.0011121208141159668,33.13229597032729,-0.0025899999999999986,0.023770278260738898,0.0161389217392611,0.001890857142857142,13736631.62697261,221219175.8257896,0.01651,0.02018,0.01942
2025-01-11,0.01681,0.01726,0.016524,0.01693,9315489.354703562,0.0198941,0.019390758064452902,-0.001183212681704477,21.08094872732427,-0.002749999999999999,0.023866090878242784,0.01592210912175722,0.0016527142857142851,14020663.781970417,230534665.18049318,0.01683,0.0205,0.01968
2025-01-12,0.0169,0.01701,0.016046,0.01625,7229688.076660881,0.0197216,0.01909163824879072,-0.001279672547402546,21.33538069930603,-0.00341,0.024015685155922922,0.015427514844077075,0.0016072857142857137,13999701.511616591,223304977.1038323,0.01693,0.01767,0.01966
2025-01-13,0.016247,0.0167,0.01461,0.01594,13253350.78591716,0.0194036,0.018791482225096367,-0.0013653926980502877,21.273263021575858,-0.0048400000000000006,0.02383354396542936,0.01497365603457064,0.0015922857142857138,13912549.74419476,210051626.31791514,0.01625,0.01696,0.02078
2025-01-14,0.01597,0.01676,0.015452,0.016654,11848115.25278767,0.019141,0.018587912489372905,-0.001360035064534415,33.87730539959482,-0.004198,0.02356902168016395,0.01471297831983605,0.0014290714285714278,14001694.068806494,221899741.57070282,0.01594,0.01651,0.020852
2025-01-15,0.0167,0.01786,0.01631,0.01781,9569308.82128975,0.019027,0.018513825585623103,-0.001248121989107058,40.13082522360638,-0.0023700000000000006,0.02346952360714065,0.014584476392859348,0.0014469285714285708,13799869.003785154,231469050.39199257,0.016654,0.01683,0.02018
2025-01-16,0.01781,0.01783,0.01612,0.01729,19184238.79120918,0.018843000000000002,0.01839727076794471,-0.0011876986737254305,38.119056179387755,-0.003210000000000001,0.023251386170877162,0.014434613829122842,0.0015083571428571422,14178969.551990401,212284811.60078338,0.01781,0.01693,0.0205
2025-01-17,0.01733,0.02299,0.017307,0.01892,22392361.14095692,0.0186418,0.01844705450433093,-0.0009967949517173148,41.12928502384678,0.0012499999999999976,0.02260714926317335,0.014676450736826647,0.0017544999999999995,12862657.119107548,234677172.7417403,0.01729,0.01625,0.01767
2025-01-18,0.01896,0.01917,0.01709,0.01744,16732789.149360172,0.0184068,0.018351144551537506,-0.0009539296999819813,35.654179350949306,0.00048000000000000126,0.022042627429174684,0.014770972570825318,0.0018373571428571425,13221849.744914632,217944383.5923801,0.01892,0.01594,0.01696
2025-01-19,0.01737,0.01792,0.015,0.01518,38412893.51572208,0.0180728,0.01804913078472441,-0.0010897597198476633,31.453973267386814,-0.0013299999999999996,0.021598582427535484,0.014547017572464516,0.001961071428571428,14319948.096953982,179531490.076658,0.01744,0.016654,0.01651
2025-01-20,0.01518,0.016681,0.01447,0.015038,24700824.143134456,0.0178537,0.017762356424274466,-0.0011950879722227997,29.46922172837887,-0.001792000000000002,0.02156663302135319,0.014140766978646812,0.0020332857142857136,14442446.94546203,154830665.93352357,0.01518,0.01781,0.01683
2025-01-21,0.01509,0.015936,0.01432,0.015597,18117148.525701217,0.01764955,0.017556132002914993,-0.0012193982785312675,40.60370152734826,-0.0013330000000000009,0.021388580804619972,0.013910519195380028,0.0019437142857142852,14481268.871747091,172947814.4592248,0.015038,0.01729,0.01693
2025-01-22,0.01565,0.0159,0.01505,0.01507,8993663.928586412,0.01742005,0.017319357526446897,-0.0012665884241742954,41.2886635286422,-0.0011800000000000005,0.021202709408405993,0.013637390591594004,0.001852285714285714,14437638.818176413,163954150.53063837,0.015597,0.01892,0.01625
2025-01-23,0.01505,0.01545,0.01464,0.01515,10081546.599819608,0.01713855,0.01711275204773767,-0.0012827449380065914,43.51015373714905,-0.000789999999999999,0.020699875919550977,0.01357722408044902,0.0018177142857142856,14202444.365849728,174035697.13045797,0.01507,0.01744,0.01594
2025-01-24,0.01519,0.015995,0.01457,0.01477,10389215.70836667,0.016834449999999997,0.016889632805095988,-0.0013110983897212762,40.225795866279924,-0.0018839999999999985,0.02008585400280805,0.013583045997191946,0.001853785714285714,14275808.102152923,163646481.4220913,0.01515,0.01518,0.016654
2025-01-25,0.01477,0.01514,0.01458,0.01488,7020730.342070831,0.01656945,0.016698239204610655,-0.0013095964115521982,40.2824645473546,-0.0029299999999999986,0.019523052722457416,0.013615847277542581,0.0018412142857142859,14079780.56523698,170667211.76416212,0.01477,0.015038,0.01781
2025-01-26,0.01483,0.01557,0.01397,0.0147,33151584.17367894,0.016279449999999997,0.01650793070893345,-0.0013078544467581658,42.286963374055794,-0.0025900000000000003,0.018698737539752697,0.013860162460247297,0.0018866428571428571,15379990.44946527,137515627.5904832,0.01488,0.015597,0.01729
2025-01-27,0.0147,0.0147,0.012662,0.01419,28282099.148806702,0.01610545,0.016287175403320742,-0.0013322690960305555,41.461691992224054,-0.00473,0.018602950854012305,0.013607949145987695,0.0018829285714285714,16219325.39624219,109233528.44167648,0.0147,0.01507,0.01892
2025-01-28,0.01426,0.01508,0.013476,0.01366,33103760.266601607,0.015940450000000002,0.0160369682220521,-0.0013784940309758114,35.12514986565003,-0.0037800000000000004,0.018628969253966787,0.013251930746033216,0.0019040714285714286,16974873.172681972,76129768.17507488,0.01419,0.01515,0.01744
2025-01-29,0.01376,0.014731,0.01367,0.014265,7508641.60442156,0.0158282,0.015868209343761423,-0.0013507387061497227,31.3675560658273,-0.0009150000000000009,0.018602684843600916,0.013053715156399085,0.0018691428571428574,16915017.621915318,83638409.77949643,0.01366,0.01477,0.01518
2025-01-30,0.0142,0.01585,0.01415,0.01571,11808276.292800369,0.0157722,0.015853141787212716,-0.001198329392327004,42.43144337610583,0.000671999999999999,0.018506467426185218,0.013037932573814784,0.0018684285714285714,17054786.281129785,95446686.0722968,0.014265,0.01488,0.015038
2025-01-31,0.0158,0.016494,0.015216,0.01589,31528669.90738369,0.0157202,0.015856652093192456,-0.0010509052360006335,33.144140629954535,0.0002930000000000016,0.01840078647157329,0.013039613528426709,0.0015537857142857144,18165445.308763795,126975355.9796805,0.01571,0.0147,0.015597
2025-02-01,0.01589,0.01666,0.01456,0.01456,31735345.92378124,0.0156357,0.015733161417650316,-0.0010295227176708513,33.70666758391647,-0.00051,0.01835227308115684,0.012919126918843157,0.0015552142857142859,19390728.201119814,95240010.05589926,0.01589,0.01419,0.01507
2025-02-02,0.01452,0.01502,0.01156,0.01245,39363616.73303404,0.0154612,0.015420479377874096,-0.0011693566680657953,34.288618779850026,-0.002700000000000001,0.018522021534026566,0.012400378465973434,0.0015937857142857145,20696241.498475656,55876393.322865225,0.01456,0.01366,0.01515
2025-02-03,0.012457,0.01324,0.00948,0.01306,50792637.99126656,0.0152815,0.015195671818076562,-0.0012169262113317404,39.198279950205425,-0.0017099999999999997,0.01846693173972131,0.012096068260278689,0.0017044285714285716,22643467.6353996,106669031.3141318,0.01245,0.014265,0.01477
2025-02-04,0.01313,0.01325,0.01156,0.01209,31551485.13764746,0.0149955,0.014899893549688318,-0.001317706608918088,31.67132398886426,-0.002790000000000001,0.018251411966998653,0.011739588033001347,0.0017097142857142855,23742576.451217487,75117546.17648433,0.01306,0.01571,0.01488
2025-02-05,0.012034,0.012329,0.011593,0.011732,142509.89530622005,0.0147176,0.014598189402098954,-0.001410207414902628,32.24085429113002,-0.002968,0.018095413269589296,0.011339786730410705,0.0017015714285714288,22790490.006422337,74975036.28117812,0.01209,0.01589,0.0147
2025-02-06,0.01186,0.012202,0.01097,0.01104,8495555.072973806,0.0143236,0.014259314220946673,-0.0015218110957748165,29.470488253063394,-0.00315,0.017467702676775734,0.011179497323224267,0.0017317142857142859,22095649.703023184,66479481.208204314,0.011732,0.01456,0.01419
2025-02-07,0.01104,0.01242,0.01104,0.011455,19210849.197139964,0.01402435,0.013992236676094609,-0.0015588018873894955,33.49920667109076,-0.0022050000000000004,0.017056856989622348,0.010991843010377651,0.0017284999999999998,22219552.70541217,85690330.40534428,0.01104,0.01245,0.01366
2025-02-08,0.01145,0.01215,0.011154,0.0121,8534408.524068568,0.01387035,0.013812023659323694,-0.0015185661613053882,36.86195500308412,-0.0021650000000000003,0.016967878541137443,0.010772821458862557,0.0017596428571428572,20725628.455829494,94224738.92941284,0.011455,0.01306,0.014265
2025-02-09,0.01217,0.01263,0.011308,0.01203,13336770.89976141,0.01371995,0.013642307120340485,-0.0014753208925921378,37.2492338596682,-0.0036799999999999975,0.016870416062431004,0.010569483937568997,0.0017397857142857143,20157425.793660846,80887968.02965143,0.0121,0.01209,0.01571
2025-02-10,0.012068,0.01276,0.01166,0.01274,9382501.42548963,0.0135771,0.013556373108879487,-0.0013679883214624735,43.205191670788814,-0.0031500000000000018,0.01662667929108833,0.010527520708911671,0.0016727857142857141,19720693.438650265,90270469.45514107,0.01203,0.011732,0.01589
2025-02-11,0.01283,0.01347,0.01211,0.01228,12610518.979223017,0.0134376,0.01343481376517668,-0.0013050013973983504,43.49050859744147,-0.0022800000000000008,0.01645471604368408,0.01042048395631592,0.0016553571428571429,19901536.191182096,77659950.47591805,0.01274,0.01104,0.01456
2025-02-12,0.01232,0.013486,0.011817,0.01332,7562192.351934253,0.0133461,0.013423879120874138,-0.001157817893958954,45.718111458671466,0.000870000000000001,0.016253559364788783,0.010438640635211216,0.0016987857142857145,19775568.47878783,85222142.82785231,0.01228,0.011455,0.01245
2025-02-13,0.0133,0.013436,0.01256,0.01293,6801261.64058447,0.0132541,0.01337684301412422,-0.001060419788484113,36.07209368644174,-0.0001299999999999999,0.01608734763626908,0.01042085236373092,0.0016399285714285715,19596170.775398716,78420881.18726784,0.01332,0.0121,0.01306
2025-02-14,0.01292,0.013313,0.01267,0.01307,6260215.500498128,0.013163600000000001,0.013347619869921914,-0.0009608580843259423,35.81483889258102,0.00098,0.01589186047529482,0.01043533952470518,0.0015945714285714283,19558145.03332008,84681096.68776597,0.01293,0.01203,0.01209
2025-02-15,0.012963,0.01312,0.01242,0.01264,4378300.82864725,0.0130606,0.013280227501357923,-0.0009062059447795014,39.380469985997806,0.0009080000000000008,0.01569868649952019,0.010422513500479812,0.0014945714285714284,18119480.866068497,80302795.85911871,0.01307,0.01274,0.011732
2025-02-16,0.01272,0.01317,0.01235,0.01284,4854334.18006979,0.012993099999999999,0.013238301072657168,-0.0008371057677014695,52.73481931452029,0.0018000000000000013,0.015578061439191809,0.010408138560808189,0.0013059999999999997,16948092.61763165,85157130.0391885,0.01264,0.01228,0.01104
2025-02-17,0.012835,0.0134,0.012393,0.01292,8113326.068224231,0.012956100000000002,0.013207986684785056,-0.0007670460190767822,48.9392901287785,0.0014649999999999993,0.015521982624382613,0.01039021737561739,0.0011093571428571426,15698570.907712784,93270456.10741274,0.01284,0.01332,0.011455
2025-02-18,0.0129,0.01302,0.01162,0.01215,6687801.773146701,0.01285035,0.01310722604813886,-0.0007648391388827766,50.46863959985087,4.99999999999997e-05,0.015362876367497816,0.010337823632502184,0.001088642857142857,15657528.91614904,86582654.33426604,0.01292,0.01293,0.0121
2025-02-19,0.01208,0.012388,0.01205,0.01221,4395292.13095475,0.012675349999999998,0.013021775948316112,-0.0007496076613645927,53.916624904498754,0.0001799999999999996,0.014808087136812743,0.010542612863187254,0.0010602142857142856,15286879.70805676,90977946.46522078,0.01215,0.01307,0.01203
2025-02-20,0.01223,0.01343,0.01223,0.01322,17785822.89876333,0.012541849999999998,0.013040654429428864,-0.0006485618295612918,66.97804708837086,0.00048000000000000126,0.014078210740945691,0.011005489259054306,0.0010579285714285714,14599737.357625742,108763769.36398411,0.01221,0.01264,0.01274
2025-02-21,0.01327,0.01391,0.01238,0.01283,11125478.70876587,0.01245535,0.013020592102816591,-0.0005931149604326506,60.75045340010201,0.0005500000000000001,0.013675563661188397,0.011235136338811604,0.001068642857142857,13569243.996874973,97638290.65521824,0.01322,0.01284,0.01228
2025-02-22,0.01278,0.0143,0.01278,0.01393,10859991.060407251,0.01252935,0.01310720237873882,-0.00045516524860328596,63.357534743724614,0.0006099999999999994,0.01391631340406441,0.01114238659593559,0.0011060714285714287,12144062.713243634,108498281.7156255,0.01283,0.01292,0.01332
2025-02-23,0.013928,0.01439,0.01355,0.01376,12639481.987445612,0.012564349999999998,0.013169373580763694,-0.0003554591752486184,62.445917375130456,0.0008299999999999991,0.01404017844174961,0.011088521558250387,0.0010716428571428572,10236404.913052585,95858799.72817989,0.01393,0.01215,0.01293
2025-02-24,0.013842,0.013842,0.01181,0.01203,9509590.656229148,0.012561349999999999,0.013060861811167153,-0.00041129676250352236,45.545716732743514,-0.0010399999999999993,0.014041476065044614,0.011081223934955383,0.0011382142857142858,9134310.18898167,86349209.07195073,0.01376,0.01221,0.01307
2025-02-25,0.01214,0.01214,0.01082,0.01195,13804536.13658231,0.012572250000000002,0.012955065448198853,-0.0004567387837145914,47.82599873992328,-0.0006899999999999996,0.014029697209481173,0.011114802790518831,0.0011353571428571428,9817411.501045475,72544672.93536842,0.01203,0.01322,0.01264
2025-02-26,0.01189,0.01229,0.01148,0.01201,5471569.87706123,0.01262075,0.012865059215037057,-0.0004823501817151181,40.09068664604946,-0.0008300000000000009,0.013919414394880258,0.011322085605119742,0.001074,9666212.241249846,78016242.81242965,0.01195,0.01283,0.01284
2025-02-27,0.01197,0.01248,0.011341,0.01213,3407076.4604251604,0.012654499999999999,0.012795053575509719,-0.0004873465740891491,43.69075525700731,-0.000789999999999999,0.013857137014845738,0.01145186298515426,0.0010927857142857143,8876023.604414105,81423319.2728548,0.01201,0.01393,0.01292
2025-02-28,0.01211,0.01216,0.01098,0.01182,3746841.490403919,0.012640499999999999,0.01270219133022308,-0.000510436664136164,40.399298680463666,-0.0003299999999999987,0.013876375568597428,0.01140462443140257,0.0011311428571428573,8636645.252730872,77676477.78245088,0.01213,0.01376,0.01215
2025-03-01,0.01192,0.01197,0.01127,0.01197,4386623.264574081,0.012637500000000001,0.012632458822582786,-0.0005107444365190245,44.622692661685825,-0.00024000000000000063,0.013879889463473818,0.011395110536526185,0.0011311428571428573,8189137.870971506,82063101.04702497,0.01182,0.01203,0.01221
2025-03-02,0.01179,0.0134,0.01166,0.01339,13312188.582871452,0.01267,0.012704605601384426,-0.00039188876603244577,53.69117427161882,0.00017,0.013956889354423954,0.011383110645576048,0.001196857142857143,8385622.228840597,95375289.62989642,0.01197,0.01195,0.01322
2025-03-03,0.013448,0.01345,0.010854,0.01109,6589981.031883959,0.0126105,0.012550833639347813,-0.00047777804110954274,40.537686915448106,-0.0017400000000000002,0.014071566301317465,0.011149433698682536,0.0013103571428571428,8084595.331473646,88785308.59801246,0.01339,0.01201,0.01283
2025-03-04,0.01107,0.0113,0.009913,0.01081,18493152.064707544,0.012485,0.012385039959409927,-0.0005619616265276715,42.70145993241406,-0.0031199999999999995,0.014111316470789528,0.010858683529210472,0.0013094285714285714,8631143.317112308,70292156.53330491,0.01109,0.01213,0.01393
2025-03-05,0.01081,0.01178,0.0107,0.01164,17105614.064472742,0.0124205,0.012314083772799458,-0.0005553024797580845,47.13561207049557,-0.0021200000000000004,0.01407459189587623,0.010766408104123769,0.0013624285714285715,9146360.938306723,87397770.59777766,0.01081,0.01182,0.01376
2025-03-06,0.01164,0.012197,0.011192,0.01163,31352674.609348483,0.0123485,0.012248932937294748,-0.0005445546869356655,41.117254118261705,-0.00040000000000000105,0.014008902931441726,0.010688097068558274,0.0013485,10400983.89374924,56045095.98842918,0.01164,0.01197,0.01203
2025-03-07,0.01162,0.01187,0.01088,0.011313,15089898.03585524,0.01228215,0.0121597964670762,-0.0005552160494031663,41.4553812802368,-0.0006370000000000004,0.013998614944374514,0.010565685055625487,0.0013099285714285715,10936563.75410964,40955197.95257394,0.01163,0.01339,0.01195
2025-03-08,0.01125,0.011289,0.01088,0.01092,6443088.865419719,0.01218615,0.012041720613068942,-0.0005885921476394898,31.57889325526247,-0.0010900000000000007,0.013984080538440262,0.010388219461559737,0.0012305714285714285,11016001.488377135,34512109.087154225,0.011313,0.01109,0.01201
2025-03-09,0.01093,0.011,0.00952,0.00959,15398859.68515829,0.012019650000000002,0.011808223411824281,-0.0007141307756293215,27.652691625114386,-0.0025400000000000006,0.014122362361139227,0.009916937638860776,0.001276285714285714,11380278.16922384,19113249.401995935,0.01092,0.01081,0.01213
2025-03-10,0.009628,0.01044,0.008594,0.00927,15435731.735399086,0.011875649999999998,0.011566487848793397,-0.0008298760736198812,32.5756999924495,-0.00255,0.01430920968642068,0.009442090313579315,0.0012629999999999998,11817674.667336458,3677517.6665968485,0.00959,0.01164,0.01182
2025-03-11,0.00925,0.009732,0.00847,0.00949,33925137.01554275,0.01173965,0.011368727101289264,-0.0008935525769045681,34.73939375291407,-0.0024799999999999996,0.014388984635437708,0.009090315364562293,0.0012588571428571425,13294166.911565859,37602654.682139605,0.00927,0.01163,0.01197
2025-03-12,0.00948,0.01,0.00916,0.01,7924109.59351747,0.01157865,0.011238372139261715,-0.0008925748791714337,38.19030144956283,-0.0033900000000000007,0.014240531113641526,0.008916768886358473,0.0012609999999999998,12801081.246303566,45526764.27565707,0.00949,0.011313,0.01339
2025-03-13,0.00995,0.01007,0.00951,0.00991,9846428.57602326,0.011432649999999999,0.011111860506951076,-0.0008888165703586203,36.910316421647416,-0.0011799999999999988,0.014125676024461076,0.008739623975538922,0.001219642857142857,12737128.739666436,35680335.699633814,0.01,0.01092,0.01109
2025-03-14,0.00993,0.0105,0.00986,0.01023,3563802.4430709,0.011247650000000001,0.011027873792003354,-0.0008502159971251217,40.63597539415128,-0.0005800000000000007,0.013717423420249727,0.008777876579750276,0.0011810714285714285,12372319.308799619,39244138.14270472,0.00991,0.00959,0.01081
2025-03-15,0.0103,0.01064,0.01012,0.01062,1409915.1162500102,0.01109065,0.010989028668955415,-0.0007791732004649721,42.26797345342172,-0.00102,0.013270124613175689,0.008911175386824313,0.0011682142857142857,11810840.965239838,40654053.258954726,0.01023,0.00927,0.01164
2025-03-16,0.01059,0.01063,0.00994,0.01,5228418.000402862,0.01098915,0.010894835462388232,-0.0007640921124780729,28.625422351082847,-0.0016299999999999995,0.013173501742931013,0.008804798257068987,0.0010932142857142857,11596782.332448523,35425635.258551866,0.01062,0.00949,0.01163
2025-03-17,0.010021,0.010641,0.010021,0.01064,4222368.223438251,0.01092365,0.010870565418351257,-0.0006925147117763358,46.41137962371376,-0.000673,0.013064824421962587,0.008782475578037413,0.0009520714285714285,11117673.93679132,39648003.481990114,0.01,0.01,0.011313
2025-03-18,0.0106,0.01064,0.00999,0.01036,6558627.82057542,0.01084115,0.010821940140413041,-0.0006508798284712569,46.41137962371374,-0.0005599999999999997,0.012932656762323705,0.008749643237676297,0.0008994285714285713,11172026.83396703,33089375.661414694,0.01064,0.00991,0.01092
2025-03-19,0.01035,0.01093,0.01032,0.01091,3211123.79272432,0.01078015,0.010830326793707037,-0.0005669678278365526,43.906408232100965,0.00132,0.012782653094157147,0.008777646905842854,0.0008658571428571428,11162229.200581986,36300499.45413902,0.01036,0.01023,0.00959
2025-03-20,0.01088,0.01088,0.01045,0.01048,2198295.4271748196,0.01071315,0.01079696233716351,-0.0005290656298710533,41.0295515735223,0.0012099999999999993,0.012658000720831673,0.008768299279168326,0.0008247857142857144,11084801.897420533,34102204.026964195,0.01091,0.01062,0.00927
2025-03-21,0.01051,0.01054,0.010061,0.01018,2237940.90855824,0.01062365,0.010738204019338412,-0.0005172725616089547,41.13865541354985,0.0006899999999999996,0.01248805240461106,0.00875924759538894,0.0007882857142857145,10977367.779619742,31864263.118405953,0.01048,0.01,0.00949
2025-03-22,0.01017,0.01084,0.01012,0.01068,11039357.07398326,0.010488149999999998,0.01073266077940142,-0.00046225209431974626,48.15374243809322,0.00068,0.0118254104005769,0.009150889599423097,0.0008105000000000002,10863726.204175333,42903620.19238921,0.01018,0.01064,0.01
2025-03-23,0.01067,0.01077,0.01029,0.01038,2114020.6667120494,0.010452649999999999,0.010699074038506047,-0.0004378086844000536,57.22106012891376,0.00046999999999999993,0.011759999955163839,0.00914530004483616,0.0007390714285714289,10639928.185916737,40789599.52567716,0.01068,0.01036,0.00991
2025-03-24,0.010377,0.01135,0.01037,0.01127,7834027.16034336,0.01047565,0.010753447939600709,-0.0003426714409085572,66.55613712153647,0.001040000000000001,0.01182498204138139,0.00912631795861861,0.000677214285714286,10106971.940698527,48623626.68602052,0.01038,0.01091,0.01023
2025-03-25,0.01137,0.01137,0.01101,0.01114,7208074.22599724,0.01045065,0.010790262421543498,-0.00027459899725101704,63.865395946967524,0.0005200000000000014,0.011725628683001798,0.009175671316998204,0.0006127857142857145,9612094.948774751,41415552.460023284,0.01127,0.01048,0.01062
2025-03-26,0.01111,0.01132,0.01058,0.01072,5015890.919561271,0.01040515,0.01078357076234888,-0.0002516408263255835,56.14321057936039,0.0007200000000000002,0.011562437077155496,0.009247862922844505,0.0006056428571428573,8295255.76428539,36399661.54046202,0.01114,0.01018,0.01
2025-03-27,0.01073,0.010976,0.01063,0.01066,1292358.0990419998,0.0103725,0.010771802118315653,-0.0002355722784344247,56.432111483780304,1.9999999999999185e-05,0.011456466886270085,0.009288533113729914,0.0005903571428571428,7605378.767444728,35107303.44142002,0.01072,0.01068,0.01064
2025-03-28,0.01066,0.010687,0.00959,0.009931,4343738.958916459,0.01032305,0.010691725726095114,-0.00027845222207030507,47.60367583723968,-0.0004289999999999988,0.011391983058808775,0.009254116941191225,0.0006230000000000001,7500411.272119567,30763564.48250356,0.01066,0.01038,0.01036
2025-03-29,0.00988,0.009954,0.00912,0.0093,4186936.7716884897,0.010308550000000001,0.01055918041884796,-0.0003592105571460502,39.81472879533902,-0.0016100000000000003,0.011426113039551766,0.009190986960448237,0.0006454285714285714,6939815.126446078,26576627.71081507,0.009931,0.01127,0.01091
2025-03-30,0.00934,0.00946,0.00906,0.009184,2050884.5920185295,0.01030425,0.010428210855148154,-0.0004276427506424742,43.17258962244733,-0.0012960000000000003,0.011439165322602283,0.009169334677397716,0.0006247142857142856,6270572.769277048,24525743.11879654,0.0093,0.01114,0.01048
2025-03-31,0.009223,0.00945,0.00896,0.0091,14470447.633349633,0.010284749999999999,0.010301714583229283,-0.00048308515009816075,35.79326547865007,-0.0010799999999999994,0.01148980651756674,0.009079693482433258,0.0006154285714285715,5297838.300167392,10055295.485446906,0.009184,0.01072,0.01018
2025-04-01,0.00909,0.00962,0.00909,0.00931,1831597.2092370696,0.010250249999999999,0.010207265575302684,-0.0005042655468215865,40.186810726102784,-0.0013699999999999997,0.011527007055571315,0.008973492944428682,0.0006068571428571428,4993212.680953371,11886892.694683975,0.0091,0.01066,0.01068
2025-04-02,0.00926,0.00928,0.0083,0.00835,6289857.655722811,0.01017225,0.01003038313955957,-0.0005916944554018016,27.777710262509785,-0.0020300000000000006,0.011702060153341565,0.008642439846658436,0.0006332857142857142,4815384.13493835,5597035.038961164,0.00931,0.009931,0.01038
2025-04-03,0.0083,0.008763,0.008028,0.00834,5736590.270590911,0.01007775,0.009869394269125326,-0.0006542476520911226,29.962468263191823,-0.0029300000000000003,0.011812334175865125,0.008343165824134875,0.0006550714285714284,4924023.52631435,-139555.23162974697,0.00835,0.0093,0.01127
2025-04-04,0.00834,0.00859,0.008149,0.008504,8121627.104953609,0.00997195,0.00973935671968482,-0.0006827181320945373,33.89691111515073,-0.002636000000000001,0.011821587059705336,0.008122312940294665,0.0006523571428571427,5259609.12574953,7982071.873323862,0.00834,0.009184,0.01114
2025-04-05,0.00849,0.00856,0.0082,0.0083,2782920.58249215,0.00988695,0.009602275127333885,-0.0007135173043810363,25.753797768303016,-0.0024200000000000003,0.011881712982887585,0.007892187017112416,0.0006266428571428569,5137334.254853995,5199151.290831713,0.008504,0.0091,0.01072
2025-04-06,0.00828,0.00838,0.00708,0.0073,11429648.50638311,0.009719950000000002,0.009383010829492562,-0.0008092885384587082,22.539173404345988,-0.0033599999999999993,0.011989569627302216,0.007450330372697787,0.0006852142857142855,5497698.269001237,-6230497.215551397,0.0083,0.00931,0.01066
2025-04-07,0.007296,0.00798,0.00665,0.00767,16590812.964019189,0.009585449999999999,0.00921986694096946,-0.000845584650189548,14.622601274288925,-0.002261000000000001,0.01200897066434974,0.007161929335650259,0.0007102142857142855,5999307.526173426,10360315.748467792,0.0073,0.00835,0.009931
2025-04-08,0.00764,0.00786,0.007372,0.0075,11693127.894862866,0.00941495,0.009056070089448559,-0.0008779467360163946,14.508540733313112,-0.0017999999999999995,0.011924391663629942,0.006905508336370058,0.0007193571428571426,6423407.731280353,-1332812.1463950742,0.00767,0.00834,0.0093
2025-04-09,0.00748,0.008192,0.007149,0.00812,11523470.64925186,0.00929695,0.008966920557120124,-0.0008438378660970691,25.600533331931942,-0.001063999999999999,0.011817444811488565,0.0067764551885114346,0.0007409999999999998,6889666.492384205,10190658.502856785,0.0075,0.008504,0.009184
2025-04-10,0.00816,0.00816,0.00743,0.00769,11559010.278891442,0.00917245,0.008845309075489636,-0.0008418000008771197,23.938165122093423,-0.0014100000000000007,0.011754523950183164,0.006590376049816837,0.0007684285714285715,7355719.960900864,-1368351.776034657,0.00812,0.0083,0.0091
2025-04-11,0.007662,0.008124,0.007662,0.00798,12324263.121034458,0.00903745,0.008762898687347765,-0.0008074763172902389,31.450762443302096,-0.0013300000000000013,0.011569496517824077,0.006505403482175923,0.0007230714285714283,7419965.263253425,10955911.344999801,0.00769,0.0073,0.00931
2025-04-12,0.00797,0.00822,0.00786,0.00815,9735802.565658178,0.008925949999999998,0.008704527383790836,-0.0007578212795251293,38.015729007877006,-0.00020000000000000052,0.011404912641701436,0.0064469873582985605,0.0006892142857142855,7801054.358200732,20691713.91065798,0.00798,0.00767,0.00835
2025-04-13,0.00812,0.008283,0.007542,0.00774,7035545.09067514,0.00874945,0.008612667632953614,-0.0007429881726775372,35.82079703630038,-0.0005999999999999998,0.011019568334500563,0.006479331665499438,0.0007135714285714285,7761130.254717322,13656168.81998284,0.00815,0.0075,0.00834
2025-04-14,0.00777,0.00814,0.00772,0.008,4304401.030548081,0.00859245,0.00855431833457708,-0.0007021589502450645,39.55950003170074,-0.0005039999999999992,0.010583630181649447,0.006601269818350552,0.0007085714285714283,7615946.594944863,17960569.850530922,0.00774,0.00812,0.008504
2025-04-15,0.00798,0.0082,0.00762,0.00768,3016388.45709504,0.008440449999999999,0.008471049921760215,-0.0006876954973393367,34.845576824456,-0.0006199999999999999,0.010198248201100896,0.006682651798899101,0.000712142857142857,7515971.471821552,14944181.393435882,0.008,0.00769,0.0083
2025-04-16,0.00769,0.0079,0.00751,0.00769,5567875.397025219,0.00829195,0.008396664214925909,-0.0006677290257198713,42.54729095255796,0.0003899999999999997,0.009733625702640176,0.006850274297359822,0.0006699999999999999,7729747.3367207125,20512056.7904611,0.00768,0.00798,0.0073
2025-04-17,0.00767,0.00842,0.00766,0.00838,11858923.582912514,0.0082144,0.008395077146837727,-0.0005894335960952759,50.39140456545343,0.0007100000000000006,0.009434712712296971,0.006994087287703029,0.0006717857142857143,8105506.567920515,32370980.373373613,0.00769,0.00815,0.00767
2025-04-18,0.00838,0.00885,0.00824,0.0085,22504983.877956208,0.0081744,0.008405069799519847,-0.0005118011814766316,49.960367408146986,0.0010000000000000009,0.009293098943558951,0.007055701056441049,0.0006838571428571428,9021408.9232339,54875964.251329824,0.00838,0.00774,0.0075
2025-04-19,0.00849,0.0091,0.00849,0.00903,22604736.63538279,0.0081667,0.008464586961470339,-0.0004028663702343692,56.77165217010568,0.0009099999999999994,0.009257922221569114,0.007075477778430888,0.0007017142857142857,10049101.525402114,77480700.88671261,0.0085,0.008,0.00812
2025-04-20,0.00904,0.0093,0.00876,0.00919,41528784.65621647,0.0081712,0.008533673917520784,-0.0003001639811387579,70.76901301842149,0.0015000000000000005,0.009279240204478595,0.007063159795521405,0.0006474285714285714,11402018.376545455,119009485.54292908,0.00903,0.00768,0.00769
2025-04-21,0.00919,0.00949,0.00899,0.00902,27601538.933861956,0.0081567,0.008579990687280709,-0.00022983972778876233,65.51703051990178,0.001040000000000001,0.009208136931564017,0.007105263068435981,0.0005881428571428572,12690515.4627767,91407946.60906713,0.00919,0.00769,0.00798
2025-04-22,0.00903,0.00974,0.00884,0.00958,16477973.882444829,0.008218199999999998,0.00867522966944445,-0.00012745075746852484,71.9407157869154,0.0014300000000000007,0.009446291476107673,0.006990108523892324,0.0006175714285714285,13199921.2741128,107885920.49151196,0.00902,0.00838,0.00815
2025-04-23,0.00957,0.010053,0.00953,0.00991,9829006.661389282,0.0082967,0.008792826843783075,-1.945426211826841e-05,70.11213897304593,0.00217,0.009739511451373544,0.0068538885486264575,0.0005804285714285713,13404542.09365272,117714927.15290123,0.00958,0.0085,0.00774
2025-04-24,0.00991,0.01017,0.00958,0.01012,7337352.523117931,0.0083775,0.008919224287232306,8.213221443384953e-05,78.72314370590738,0.0021200000000000004,0.01003431844763545,0.006720681552364549,0.0005704285714285713,13365328.364560936,125052279.67601916,0.00991,0.00903,0.008
2025-04-25,0.01016,0.01109,0.01011,0.01042,10757856.539464291,0.0084835,0.009062155307495896,0.00018471840302101972,78.77332480505963,0.0027400000000000002,0.010374200510672355,0.006592799489327644,0.0006074285714285714,13764075.162409544,135810136.21548346,0.01012,0.00919,0.00768
2025-04-26,0.0104,0.01072,0.01026,0.01056,9942293.929528711,0.0086465,0.009204807182972476,0.00027415523564035954,78.62206633992193,0.00287,0.01066535089775656,0.006627649102243439,0.0006145714285714286,13689707.433566824,145752430.14501217,0.01042,0.00902,0.00769
2025-04-27,0.01059,0.01066,0.01005,0.01005,6515983.13230097,0.0087655,0.009285301736975098,0.0003004187912749954,76.79789439199037,0.0016699999999999996,0.010822216596397951,0.0067087834036020505,0.0006052142857142856,13185965.941980911,139236447.0127112,0.01056,0.00958,0.00838
2025-04-28,0.01006,0.010622,0.0098,0.010565,5694055.8144345805,0.00891875,0.009407177762025088,0.00035865469621637613,78.09395546213001,0.002064999999999999,0.011034350885154656,0.006803149114845343,0.0006339285714285715,12886012.337959498,144930502.82714579,0.01005,0.00991,0.0085
2025-04-29,0.010556,0.01068,0.009989,0.01006,5928080.401558231,0.00901575,0.009469351308498889,0.00035990898417652926,75.05241037184311,0.0010299999999999997,0.011154916770891928,0.0068765832291080705,0.0006418571428571429,12606242.825574815,139002422.42558756,0.010565,0.01012,0.00903
2025-04-30,0.01011,0.010437,0.00988,0.0104,4822143.6413094,0.009151250000000001,0.00955798451721328,0.0003839126686561202,76.6730170428664,0.0012099999999999993,0.011280123868356789,0.007022376131643215,0.0006537857142857143,12269399.493695715,143824566.06689698,0.01006,0.01042,0.00919
2025-05-01,0.01037,0.010796,0.01035,0.01062,2838324.7589923795,0.00928325,0.009659128848907253,0.00041589375856285367,74.29478522191039,0.001599999999999999,0.011433619062572075,0.0071328809374279255,0.0006313571428571428,11795102.57559361,146662890.82588935,0.0104,0.01056,0.00902
2025-05-02,0.01061,0.011819,0.009829,0.01051,4198017.60578263,0.00940125,0.009740164196630373,0.0004274357092468994,71.84760742032525,0.0009300000000000003,0.011548786838726668,0.007253713161273332,0.0007299285714285715,11518213.327599833,142464873.22010672,0.01062,0.01005,0.00958
2025-05-03,0.01049,0.01049,0.00931,0.00948,13715108.845400449,0.00948825,0.009715386654094146,0.00034944224372303843,54.41161534066378,-0.0004299999999999998,0.011488337563873593,0.007488162436126407,0.000770642857142857,11852191.515336098,128749764.37470627,0.01051,0.010565,0.00991
2025-05-04,0.00943,0.009739,0.00895,0.00902,8089304.66952834,0.00953925,0.009649159353704228,0.00024765884772886756,48.42580037755458,-0.0011000000000000003,0.011428500129716941,0.00764999987028306,0.0007884285714285713,12041436.697285112,120660459.70517793,0.00948,0.01006,0.01012
2025-05-05,0.00906,0.00937,0.00898,0.00913,6304808.565553349,0.00961175,0.009599715605732397,0.0001738666275313966,51.02982876074856,-0.0012900000000000012,0.011301319471789749,0.007922180528210252,0.0007805714285714284,12205857.702708025,126965268.27073129,0.00902,0.0104,0.01042
2025-05-06,0.00909,0.009343,0.0085,0.00892,7267477.058379659,0.00967325,0.009534980786138835,9.731868717689426e-05,43.38665182101694,-0.001639999999999999,0.011143610768477436,0.008202889231522563,0.0007765,12290837.785775749,119697791.21235162,0.00913,0.01062,0.01056
2025-05-07,0.008931,0.01116,0.00863,0.00881,12008244.457503956,0.00969475,0.009465934996982756,2.7461255991151345e-05,38.46948876879606,-0.0012399999999999998,0.011096461266162929,0.008293038733837072,0.0009198571428571427,12298303.82950532,107689546.75484766,0.00892,0.01051,0.01005
2025-05-08,0.00882,0.01052,0.00874,0.01052,14817792.709919203,0.00979575,0.009566322140127256,0.00010882695798533105,53.18967389865477,-4.49999999999999e-05,0.011124173184794134,0.008467326815205867,0.0010048571428571428,11913944.271103472,122507339.46476686,0.00881,0.00948,0.010565
2025-05-09,0.01052,0.01135,0.0105,0.011051,23627118.38935133,0.0098968,0.009707720031543708,0.0002136937962088567,54.85298139644062,0.0009910000000000006,0.011286038428251304,0.008507561571748697,0.0009955714285714286,11965063.358801898,146134457.8541182,0.01052,0.00902,0.01006
2025-05-10,0.01106,0.01182,0.01092,0.01178,17878699.045623135,0.0100263,0.009905080028539546,0.0003515730136636544,58.60355141752895,0.001380000000000001,0.011607697929216466,0.008444902070783534,0.001027,10782559.07827223,164013156.89974132,0.011051,0.00913,0.0104
2025-05-11,0.01177,0.01198,0.01121,0.01149,9735199.305867868,0.0101498,0.010056024787726256,0.0004324576083799339,60.48022609560913,0.000870000000000001,0.011785173783124245,0.008514426216875755,0.0010384285714285714,9889242.096872527,154277957.59387344,0.01178,0.00892,0.01062
2025-05-12,0.01152,0.01215,0.010727,0.011719,14219591.932176376,0.01025675,0.010214403379371375,0.000509168244030812,58.7635445489636,0.001209,0.01201069747265871,0.00850280252734129,0.0010813571428571428,9776322.999359103,168497549.52604982,0.01149,0.00881,0.01051
2025-05-13,0.01169,0.01236,0.01084,0.01223,6441773.465973138,0.01037275,0.010406364962288387,0.0006042302150503776,66.46419871035175,0.002749999999999999,0.012325719978480431,0.008419780021519569,0.0011405714285714283,9606961.339588296,174939322.99202296,0.011719,0.01052,0.00948
2025-05-14,0.01215,0.012447,0.01143,0.01157,9557771.469362084,0.01044525,0.01051718734683235,0.0006191735802075823,58.46587286219682,0.00255,0.012465220596451852,0.008425279403548147,0.0011734285714285714,9717982.286900504,165381551.52266088,0.01223,0.011051,0.00902
2025-05-15,0.01157,0.0117,0.01061,0.01094,6231819.583107919,0.01047125,0.010557455218562602,0.0005735688254993234,52.185692541025205,0.0018100000000000008,0.012503202949621968,0.008439297050378032,0.0012194285714285712,9491680.439082686,159149731.93955296,0.01157,0.01178,0.00913
2025-05-16,0.01092,0.01115,0.01022,0.01039,8849862.057521852,0.01046275,0.01054150710250902,0.0004874275638276186,49.22671531262701,0.001469999999999999,0.012494562038033653,0.008430937961966346,0.0011437142857142857,9437058.845482344,150299869.8820311,0.01094,0.01149,0.00892
2025-05-17,0.01031,0.01031,0.00964,0.01,8964119.460251654,0.01046025,0.010489934997508162,0.0003832721301665655,53.65157989857885,0.00119,0.012494322179541002,0.008426177820459,0.0011072857142857143,9559465.661879877,141335750.42177945,0.01039,0.011719,0.00881
2025-05-18,0.00996,0.01066,0.00966,0.01043,11424417.870380327,0.010453500000000001,0.010484226902507384,0.00033160309091455516,59.943464145486885,-8.99999999999998e-05,0.01248700446792142,0.008419995532078582,0.0011223571428571426,9845983.764677163,152760168.2921598,0.01,0.01223,0.01052
2025-05-19,0.0104,0.01051,0.00939,0.00984,7989172.70852386,0.0104425,0.010422871959411443,0.00024027717023660314,54.68946292569605,-0.0012110000000000003,0.01248731562674295,0.008397684373257051,0.0011745,9949038.380025446,144770995.58363593,0.01043,0.01157,0.011051
2025-05-20,0.00982,0.01018,0.00953,0.01004,8527121.96733382,0.0104245,0.01038640796327702,0.00018194173756599756,57.407301097590555,-0.0017400000000000002,0.012477213582708343,0.008371786417291657,0.0011607142857142858,10134287.296326665,153298117.55096975,0.00984,0.01094,0.01178
2025-05-21,0.01007,0.01054,0.00983,0.01029,11657549.96756983,0.010408,0.010377226252488731,0.00015410694857830205,59.6102812280601,-0.0011999999999999997,0.012459401677416933,0.008356598322583068,0.0010307142857142856,10575248.556755539,164955667.51853958,0.01004,0.01039,0.01149
2025-05-22,0.01035,0.01106,0.01033,0.01099,7019081.15621962,0.010432,0.010435585657013614,0.00018638331676653665,53.512593546142064,-0.0007290000000000005,0.012499593668724857,0.008364406331275144,0.0009557142857142856,10716301.734277388,171974748.6747592,0.01029,0.01,0.011719
2025-05-23,0.01096,0.011205,0.00976,0.00987,7041015.002786011,0.010451499999999999,0.010381720356345651,0.00012020231387394054,41.8875413620581,-0.0023599999999999993,0.012488418053800514,0.008414581946199484,0.0009982142857142857,10382597.042146666,164933733.6719732,0.01099,0.01043,0.01223
2025-05-24,0.00988,0.00994,0.00934,0.00945,16974831.11449194,0.010473,0.010292985084312731,3.347700033844332e-05,33.28544246826476,-0.0021200000000000004,0.012454625170357201,0.008491374829642798,0.000976785714285714,10826873.364394847,147958902.55748126,0.00987,0.00984,0.01157
2025-05-25,0.0094,0.0097,0.00898,0.00966,14666443.985607632,0.010499499999999998,0.010232700790568662,-1.809955015618682e-05,36.71980927760088,-0.0012799999999999999,0.012418697036044401,0.008580302963955596,0.0009732142857142856,11244955.13539756,162625346.54308888,0.00945,0.01004,0.01094
2025-05-26,0.00969,0.00981,0.00928,0.00944,8559285.975293411,0.0105255,0.01015720547718117,-7.585212333396235e-05,33.43983895396812,-0.0009499999999999995,0.012367121539497343,0.008683878460502658,0.0009094285714285713,11309545.581243249,154066060.5677955,0.00966,0.01029,0.01039
2025-05-27,0.00945,0.00998,0.00924,0.00977,5011909.701218991,0.0105735,0.010120328765068678,-9.391066786545131e-05,31.641724927738935,-0.00023000000000000104,0.012271282888606731,0.008875717111393268,0.0008537142857142857,10959728.843429001,159077970.26901448,0.00944,0.01099,0.01
2025-05-28,0.00976,0.00992,0.008827,0.00963,6652458.222274661,0.010529,0.01007363078744309,-0.00011815698431758004,34.30412940812107,-0.0008000000000000004,0.012278552845128852,0.008779447154871148,0.000859142857142857,10551462.119046774,152425512.04673982,0.00977,0.00987,0.01043
2025-05-29,0.00964,0.00994,0.00909,0.00912,8969607.7654441,0.01043245,0.009982808807686604,-0.00017649062844026994,34.9834175300585,-0.0007200000000000002,0.012271545942090642,0.008593354057909357,0.0008419999999999998,9818586.58785141,143455904.28129572,0.00963,0.00945,0.00984
2025-05-30,0.00912,0.00912,0.00789,0.00802,19170617.813317575,0.01024445,0.009795874635525975,-0.0003079316245085881,32.072549316839556,-0.002020000000000001,0.012263462001737897,0.008225437998262104,0.0008634285714285712,9883182.526236134,124285286.46797815,0.00912,0.00966,0.01004
2025-05-31,0.00801,0.00826,0.00774,0.00817,22192952.62823,0.01007845,0.00964102943214255,-0.0003954374576161466,35.63571445839837,-0.0021200000000000004,0.012209116955131188,0.00794778304486881,0.0008527142857142854,10506070.192354241,146478239.09620816,0.00802,0.00944,0.01029
2025-06-01,0.00814,0.008429,0.00786,0.00838,22713720.551161163,0.0099115,0.009520931390986117,-0.00044273761224325123,33.33325745274726,-0.0026099999999999995,0.012024101539136458,0.007798898460863542,0.0008219285714285712,10930776.62330348,169191959.64736933,0.00817,0.00977,0.01099
2025-06-02,0.00835,0.0088,0.00812,0.00871,13647207.03655513,0.0097355,0.00944369982993982,-0.0004484259087488944,40.407374243932196,-0.0011599999999999996,0.011607638939964174,0.007863361060035825,0.0007904999999999998,11291048.30183258,182839166.68392447,0.00838,0.00963,0.00987
2025-06-03,0.00868,0.009006,0.00867,0.00877,9417004.909023805,0.0095955,0.009379537941374123,-0.0004429859597576014,38.956426888699745,-0.00068,0.011301408925811045,0.007889591074188955,0.0007680714285714284,11284009.973815667,192256171.59294826,0.00871,0.00912,0.00945
2025-06-04,0.008749,0.00899,0.00847,0.00854,4073531.9822126697,0.009475500000000001,0.00929958194695754,-0.00045202319676148836,34.729409038093095,-0.0011199999999999995,0.01111972402110627,0.007831275978893732,0.0007544999999999997,11176095.593770903,188182639.6107356,0.00877,0.00802,0.00966
2025-06-05,0.00854,0.00876,0.00792,0.00795,7458486.523781077,0.009353499999999999,0.009171050332961584,-0.0005010179186675373,22.953679474819808,-0.00149,0.011072413671633993,0.007634586328366005,0.0007623571428571426,11106526.817083862,180724153.0869545,0.00854,0.00817,0.00944
2025-06-06,0.00797,0.00838,0.00786,0.0081,6136754.4040311305,0.0092585,0.009069045539346194,-0.0005217286789225024,30.967648699552285,-0.0016699999999999996,0.011035988174512077,0.007481011825487922,0.0006962857142857141,10965158.56427284,186860907.49098563,0.00795,0.00838,0.00977
2025-06-07,0.00807,0.008439,0.008034,0.00832,1812894.8713188395,0.009153,0.00899770786893227,-0.0005144595745191563,37.30325342796674,-0.0013100000000000004,0.010887675458802712,0.007418324541197287,0.0006823571428571426,10484582.414319763,188673802.36230448,0.0081,0.00871,0.00963
2025-06-08,0.00827,0.008372,0.00815,0.00823,1834117.81885933,0.0090725,0.008924592833795864,-0.0005100811072570582,33.487189648809434,-0.0008900000000000002,0.010822301492501903,0.007322698507498097,0.0006467857142857141,10176829.669836536,186839684.54344514,0.00832,0.00877,0.00912
2025-06-09,0.00825,0.00902,0.00804,0.00902,2260668.03422447,0.0090215,0.00893367923057721,-0.0004378178510573271,45.71415510241399,0.0010000000000000009,0.010710987932389046,0.007332012067610954,0.0006789285714285713,9863506.97318107,189100352.57766962,0.00823,0.00854,0.00802
2025-06-10,0.00903,0.009439,0.00888,0.00939,9214670.572601756,0.0089765,0.00897713835147462,-0.00034669629305403467,46.15371535384315,0.0012200000000000006,0.010568880211144976,0.007384119788855025,0.0006659999999999998,9741363.003432665,198315023.1502714,0.00902,0.00795,0.00817
2025-06-11,0.00938,0.00947,0.00879,0.00892,7102994.156400012,0.008872999999999999,0.008971696603715131,-0.00030884668159215055,43.26364218387277,0.0005400000000000005,0.010152738460123715,0.007593261539876284,0.0006364999999999998,9745558.653441686,191212028.99387136,0.00939,0.0081,0.00838
2025-06-12,0.00889,0.00891,0.00812,0.00813,3239420.292951571,0.008785999999999999,0.008891535022408928,-0.00033869275031469734,41.08097745339022,-0.0005800000000000007,0.010015966195514862,0.007556033804485136,0.0006322142857142855,9555478.917949963,187972608.70091978,0.00892,0.00832,0.00871
2025-06-13,0.00811,0.00816,0.00736,0.00778,9455284.769339647,0.0087025,0.008785674544084267,-0.00038613690386866094,47.49986145873741,-0.0009900000000000004,0.00996887277292433,0.00743612722707567,0.0006014999999999998,9179501.600692349,178517323.93158013,0.00813,0.00823,0.00877
2025-06-14,0.00775,0.00776,0.00739,0.00762,4865970.156257369,0.0086005,0.008674657920838148,-0.000431671361452321,44.282615393635034,-0.0009200000000000007,0.009870766859656236,0.007330233140343765,0.0005907857142857142,8689477.909224836,173651353.77532277,0.00778,0.00902,0.00854
2025-06-15,0.007641,0.007776,0.00742,0.00762,3344960.41204128,0.0085095,0.008574214309329753,-0.0004624271745283827,41.739003403033124,-0.00033000000000000043,0.009787285502139453,0.007231714497860547,0.0005755714285714285,8428761.631062228,173651353.77532277,0.00762,0.00939,0.00795
2025-06-16,0.00758,0.00821,0.00753,0.00783,3677498.6799595,0.0084125,0.008503336756060253,-0.0004645016471716973,40.17844587092809,-0.0002699999999999994,0.009576899551611721,0.007248100448388277,0.0005755714285714285,8362041.079999253,177328852.45528227,0.00762,0.00892,0.0081
2025-06-17,0.00777,0.00792,0.00693,0.00706,8325995.99374528,0.008284,0.008365876112625943,-0.000522257981611084,33.52592112468291,-0.001259999999999999,0.00944990872622983,0.00711809127377017,0.0006222857142857141,8445717.968572784,169002856.461537,0.00783,0.00813,0.00832
2025-06-18,0.00707,0.00728,0.006758,0.00728,6276974.503394921,0.008192,0.0082624593399949,-0.0005440071555267174,37.83773557368764,-0.0009499999999999995,0.00937046644326382,0.007013533556736179,0.0006224285714285714,8311086.305470327,175279830.96493194,0.00706,0.00778,0.00823
2025-06-19,0.00726,0.008357,0.00693,0.007247,15059364.567062989,0.00815335,0.008165748926662053,-0.0005574800734888027,42.39658370059013,-0.0017730000000000003,0.009404057972143417,0.006902642027856584,0.0006643571428571426,8105523.643157597,160220466.39786893,0.00728,0.00762,0.00902
2025-06-20,0.00723,0.007687,0.00679,0.00706,3834067.757884129,0.00809785,0.00806043950507519,-0.000576600108091704,38.84108502678319,-0.0023300000000000005,0.009440574375057138,0.006755125624942863,0.0006912857142857143,7187579.399640304,156386398.63998482,0.007247,0.00762,0.00939
2025-06-21,0.00703,0.007211,0.00652,0.006692,3889235.6420216705,0.008013450000000002,0.007930111933163267,-0.0006143653761356673,33.069787234396586,-0.002228000000000001,0.009487303163436779,0.006539596836563225,0.0007117142857142855,6246355.154183329,152497162.99796316,0.00706,0.00783,0.00892
2025-06-22,0.006703,0.006907,0.0061,0.00643,14613927.039794687,0.00789945,0.007787244130004861,-0.0006578525191771132,31.927621087009,-0.0017000000000000001,0.00949420237807398,0.006304697621926021,0.0007534999999999998,6294691.154345307,137883235.95816848,0.006692,0.00706,0.00813
2025-06-23,0.00646,0.00731,0.00644,0.007298,5773883.66512914,0.00782585,0.0077406494509567785,-0.0006151845825950308,32.9773701693985,-0.0004819999999999998,0.009386950323828304,0.006264749676171697,0.0007456428571428569,6112535.092150574,143657119.62329763,0.00643,0.00728,0.00778
2025-06-24,0.00727,0.00762,0.00713,0.007329,5215970.80846633,0.0077653,0.007701444741341847,-0.00057227170256525,28.162662793541188,-0.00029100000000000046,0.00930354480975593,0.006227055190244071,0.0007407142857142855,6169657.033463256,148873090.43176395,0.007298,0.007247,0.00762
2025-06-25,0.00737,0.007436,0.0071,0.00716,2181371.04468074,0.0077258000000000005,0.0076498785754997665,-0.0005456103669001493,30.081389511214752,-0.00046000000000000034,0.009284511019435445,0.006167088980564556,0.0007161428571428569,5905801.259508239,146691719.3870832,0.007329,0.00706,0.00762
2025-06-26,0.00715,0.00735,0.00697,0.00703,3268829.1152256206,0.007672300000000002,0.007590842520690265,-0.0005288744444628185,35.364423868564614,-0.0008000000000000004,0.009250264858525398,0.0060943351414746065,0.0006868571428571428,5762404.995067964,143422890.2718576,0.00716,0.006692,0.00783
2025-06-27,0.00704,0.00729,0.00684,0.00711,3185096.1568417395,0.007611799999999999,0.007545047994910239,-0.0005033534289411168,40.39548006401351,4.99999999999997e-05,0.009177943987466644,0.0060456560125333545,0.0006618571428571427,5831015.059344109,146607986.4286993,0.00703,0.00643,0.00706
2025-06-28,0.00711,0.007267,0.00696,0.00721,1861382.35181002,0.007560800000000001,0.007513138662061645,-0.00046964490192051133,44.019656862544906,-6.999999999999975e-05,0.009108503575591589,0.006013096424408414,0.0006573571428571427,5832378.285991644,148469368.78050932,0.00711,0.007298,0.00728
2025-06-29,0.00722,0.00773,0.00706,0.00771,4893109.23202268,0.007495300000000001,0.007531887360912917,-0.00039799696876282285,51.145438891001916,0.00046299999999999987,0.008885890650730472,0.00610470934926953,0.0006797857142857142,5964000.345881554,153362478.012532,0.00721,0.007329,0.007247
2025-06-30,0.00769,0.007715,0.00724,0.00735,4787435.606288051,0.0073933,0.007514564755111686,-0.00036604491892403175,44.11461069039978,0.00028999999999999946,0.008460358938836858,0.006326241061163142,0.000665142857142857,5742638.597565869,148575042.40624395,0.00771,0.00716,0.00706
2025-07-01,0.00731,0.007312,0.0069,0.00694,4021460.948284281,0.007294300000000001,0.007459844302243906,-0.00036954636228197016,48.386046959478904,0.00024799999999999996,0.008100469395810293,0.006488130604189709,0.0006238571428571428,5588561.937160082,144553581.45795968,0.00735,0.00703,0.006692
2025-07-02,0.006961,0.008197,0.00688,0.0078,4448473.701670069,0.007277800000000001,0.007492240082982582,-0.00029947431520021845,55.96585967828465,0.0013699999999999997,0.008023166204594534,0.006532433795405468,0.0006806428571428569,5649014.607596007,149002055.15962976,0.00694,0.00711,0.00643
2025-07-03,0.00775,0.008499,0.007171,0.00777,4929638.191612552,0.0072773000000000004,0.007518693408412812,-0.00024355491289741998,56.00441238535628,0.0004720000000000002,0.008021259846117968,0.0065333401538820324,0.0006735714285714284,5422732.278709652,144072416.96801722,0.0078,0.00721,0.007298
2025-07-04,0.00778,0.007824,0.00705,0.00717,4419534.596212251,0.007254799999999999,0.007485484512373497,-0.0002448311086670511,51.1533732912697,-0.00015899999999999942,0.00798215384858879,0.0065274461514112075,0.000664785714285714,5400410.500707397,139652882.37180498,0.00777,0.00771,0.007329
2025-07-05,0.00715,0.00731,0.006946,0.00715,5981751.23383827,0.0072313,0.007453533606433163,-0.0002446363206385048,55.18082069423309,-9.999999999999593e-06,0.007939079953913781,0.00652352004608622,0.0006414285714285711,5532250.041797247,133671131.1379667,0.00717,0.00735,0.00716
2025-07-06,0.00714,0.007418,0.00708,0.00724,4019544.6243998306,0.0072017999999999995,0.007433197072487148,-0.00023451634345786603,59.533702101735074,0.00021000000000000012,0.007851294248590142,0.006552305751409858,0.0006079285714285711,5549352.339019263,137690675.76236653,0.00715,0.00694,0.00703
2025-07-07,0.00729,0.00744,0.00719,0.007263,2006931.63868028,0.007211949999999999,0.007416987827488372,-0.00022208027765015324,49.48554428515429,0.00015300000000000036,0.00785845167094186,0.006565448329058138,0.000563642857142857,5233399.121266013,139697607.4010468,0.00724,0.0078,0.00711
2025-07-08,0.007259,0.00759,0.00718,0.00749,3152730.77937351,0.00722245,0.007423941367727575,-0.0001916978297649063,52.236529227171665,0.00027999999999999987,0.007880326480171009,0.006564573519828991,0.0005579285714285713,5077186.935064943,142850338.1804203,0.007263,0.00777,0.00721
2025-07-09,0.00748,0.00796,0.00744,0.00791,6460343.488182691,0.007255599999999999,0.0074702326660392344,-0.00013220505344723518,59.740042503741556,0.00020000000000000052,0.00798193916972581,0.006529260830274189,0.0005710714285714285,4647235.881120928,149310681.668603,0.00749,0.00717,0.00771
2025-07-10,0.00793,0.00859,0.0078,0.00852,6351010.6487111095,0.007328599999999999,0.007570210507368831,-3.542632495393515e-05,67.20532543312794,0.00117,0.008241642202289783,0.006415557797710216,0.0006003571428571428,4773083.025662276,155661692.31731412,0.00791,0.00715,0.00735
2025-07-11,0.00851,0.00902,0.00843,0.008487,11058608.68174114,0.00741835,0.007657523792381323,3.816870534655882e-05,66.07496496625974,0.0015469999999999998,0.008416806550989973,0.0064198934490100265,0.0006103571428571428,5131551.67764825,144603083.63557297,0.00852,0.00724,0.00694
2025-07-12,0.00853,0.00883,0.00822,0.008587,2634780.173882319,0.007526199999999999,0.007746045335964054,0.0001033708663472693,66.07496496625973,0.0007869999999999995,0.008540998211730077,0.0065114017882699216,0.0006319999999999999,4532594.334352632,147237863.80945528,0.008487,0.007263,0.0078
2025-07-13,0.00856,0.00882,0.00821,0.0084,6124930.7565966,0.007581299999999999,0.007808326732538906,0.00013835978603332633,58.68996935527179,0.0006299999999999995,0.008661490451045811,0.006501109548954187,0.0006277142857142855,4550146.688926005,141112933.05285868,0.008587,0.00749,0.00777
2025-07-14,0.008359,0.008982,0.008326,0.00854,10128968.330229588,0.00764185,0.007878009900868534,0.00017536409876703699,65.86642076536249,0.0013700000000000006,0.0087957430489544,0.006487956951045601,0.000640642857142857,4795796.565014167,151241901.38308826,0.0084,0.00791,0.00717
2025-07-15,0.00854,0.009857,0.007637,0.00853,15461869.695195116,0.0077103499999999995,0.007940104196023912,0.00020155990961234424,73.73103515388293,0.0013799999999999993,0.008905715132503125,0.0065149848674968735,0.0007697857142857142,5459821.497539886,135780031.68789315,0.00854,0.00852,0.00715
2025-07-16,0.00851,0.010035,0.00828,0.00862,8355801.05617476,0.007789850000000001,0.008004856177354969,0.00022696620119072065,65.89111531952926,0.0013799999999999993,0.009006008451416414,0.006573691548583587,0.0008010714285714286,5714170.094587343,144135832.7440679,0.00853,0.008487,0.00724
2025-07-17,0.00859,0.0089,0.00836,0.00873,7033075.0,0.00787085,0.008073917493797352,0.0002530598347499531,68.04475465166723,0.0014669999999999996,0.00911189476784428,0.006629805232155721,0.0007447857142857144,5906569.036745256,151168907.7440679,0.00862,0.008587,0.007263
2025-07-18,0.00879,0.00962,0.00867,0.00898,24103366.0,0.00795935,0.008160211065816651,0.00029056271192883995,89.17694871113332,0.00149,0.009253283907855772,0.006665416092144228,0.000757357142857143,7018668.219154756,175272273.7440679,0.00873,0.0084,0.00749
2025-07-19,0.00897,0.00927,0.00874,0.00915,6123327.68949307,0.00803135,0.008254476678596018,0.0003301953055940207,90.6498906103786,0.0012399999999999998,0.009423398891308648,0.006639301108691351,0.0007692142857142857,7080179.142028275,181395601.43356097,0.00898,0.00854,0.00791
2025-07-20,0.009184,0.011426,0.00906,0.00954,13327076.02505928,0.00814085,0.008376907471110683,0.0003885946846126781,91.66620169317979,0.00102,0.009647084940087695,0.006634615059912303,0.0009140714285714288,7507161.162966835,194722677.45862025,0.00915,0.00853,0.00852
