Date,Open,High,Low,Close,Volume,SMA_20,EMA_20,MACD,RSI_14,Momentum_10,Bollinger_Upper,Bollinger_Lower,ATR_14,Volume_MA_20,OBV,Lag_1,Lag_5,Lag_10
2023-08-14,351.33,360.67,349.65,360.49,432062.0,356.488,358.4494777890121,0.10277615269143325,63.56329536991785,-17.399999999999977,389.5949187235602,323.3810812764398,11.371785714285709,935586.2,-3653999.0,352.88,361.25,377.89
2023-08-15,359.84,364.7,356.21,361.05,487771.0,356.5095,358.697146571011,0.291850552358369,60.88742809313451,-15.569999999999993,389.6282734803405,323.3907265196595,11.091071428571423,915806.1,-3166228.0,360.49,357.75,376.62
2023-08-16,359.57,361.57,357.73,358.54,526077.0,357.3075,358.6821802309147,0.26639499639333053,25.399742687822155,-8.859999999999957,389.775811271794,324.839188728206,8.95964285714285,878467.65,-3692305.0,361.05,352.8,367.4
2023-08-17,360.61,360.61,348.02,349.18,639970.0,358.217,357.7772106851133,-0.39240453641650674,22.89595758249598,-17.060000000000002,388.5287487036575,327.90525129634244,8.517499999999997,848633.45,-4332275.0,358.54,347.23,366.24
2023-08-18,345.49,352.43,344.25,350.36,503823.0,358.8665,357.07080966748345,-0.8183265787438927,26.073353026855102,-11.079999999999984,387.82384814479644,329.9091518552035,8.466428571428569,795497.35,-3828452.0,349.18,352.88,361.44
2023-08-21,351.0,351.94,342.28,342.59,590624.0,359.14549999999997,355.6916849372469,-1.6799752884155623,23.42651881418128,-18.660000000000025,387.3129283526203,330.97807164737964,8.647857142857143,776214.4,-4419076.0,350.36,360.49,361.25
2023-08-22,342.52,353.5,342.0,351.63,534901.0,360.12,355.3048578003663,-1.696279890099163,37.65074392283305,-6.1200000000000045,385.57113708554823,334.6688629144518,8.801428571428573,735168.1,-3884175.0,342.59,361.05,357.75
2023-08-23,353.55,362.87,353.55,359.48,505587.0,361.1015,355.7024903908076,-1.1327377881441407,45.20839239250189,6.680000000000007,384.70850901717205,337.4944909828279,9.095000000000002,705603.25,-3378588.0,351.63,358.54,352.8
2023-08-24,366.72,369.5,350.53,350.71,613656.0,359.3715,355.2270151154926,-1.307220347834459,42.799624203473435,3.4799999999999613,380.4438338452154,338.29916615478464,9.73642857142858,562559.3,-3992244.0,359.48,349.18,347.23
2023-08-25,351.0,357.02,348.44,356.35,421951.0,358.094,355.33396605687426,-1.0215870494799901,46.93596797577411,3.4700000000000273,376.32157587023744,339.86642412976255,9.898571428571435,526027.1,-3570293.0,350.71,350.36,352.88
2023-08-28,360.49,360.73,356.45,358.66,274433.0,357.13250000000005,355.6507311943148,-0.6189716802676912,50.57763106883222,-1.829999999999984,372.8142733623935,341.4507266376066,9.804285714285722,507612.2,-3295860.0,356.35,342.59,360.49
2023-08-29,358.15,368.0,356.905,367.62,413130.0,356.6825,356.790661556761,0.35796397886662135,58.95143753533073,6.569999999999993,370.4036751453154,342.9613248546846,10.081785714285726,497854.9,-2882730.0,358.66,351.63,361.05
2023-08-30,371.11,374.87,369.61,370.86,579130.0,356.8555,358.1305985513552,1.3556436912244294,64.6861404486562,12.319999999999993,371.21790483455254,342.49309516544747,9.653214285714297,498026.6,-2303600.0,367.62,359.48,358.54
2023-08-31,372.5,374.46,369.705,370.14,578025.0,357.0505,359.2743510702738,2.0664674391210838,61.427436429290424,20.95999999999998,372.0415309676714,342.0594690323286,9.11000000000001,506300.75,-2881625.0,370.86,350.71,349.18
2023-09-01,375.14,375.68,369.01,374.9,374371.0,357.7235,360.7625081112001,2.9528192634234642,59.914682801172304,24.539999999999964,374.6303697031087,340.8166302968913,8.799285714285721,494346.5,-2507254.0,370.14,356.35,350.36
2023-09-05,374.9,374.9,367.0,368.63,529795.0,358.09250000000003,361.5117930529905,3.1426819282457927,54.8354171884703,26.04000000000002,375.6336874710562,340.55131252894387,8.757142857142863,493441.35,-3037049.0,374.9,358.66,342.59
2023-09-06,367.86,370.41,365.25,369.7,618613.0,358.69,362.29162228603906,3.335475885574624,57.2524044605987,18.069999999999993,376.980173375484,340.399826624516,8.851428571428581,497552.25,-2418436.0,368.63,367.62,351.63
2023-09-07,367.71,367.71,339.77,340.93,1539687.0,358.0965,360.2571820683211,1.2749054502846207,45.71873377643942,-18.55000000000001,377.8992124936273,338.29378750637267,9.94785714285715,553415.2,-3958123.0,369.7,370.86,359.48
2023-09-08,339.61,342.0,330.36,332.26,702970.0,357.348,357.5907837761,-1.009669102872465,41.28466871554329,-18.44999999999999,379.83045688016375,334.8655431198363,10.195000000000006,569186.3,-4661093.0,340.93,370.14,350.71
2023-09-11,335.0,336.11,331.0,335.18,491396.0,356.46299999999997,355.45642341647147,-2.563721065825348,46.25719769019498,-21.170000000000016,380.9868093546487,331.93919064535123,9.870000000000005,567898.6,-4169697.0,332.26,374.9,356.35
2023-09-12,330.97,334.24,321.66,322.29,500257.0,354.553,352.2977164244266,-4.735341829942797,35.73512251555535,-36.370000000000005,383.3365736049866,325.7694263950134,9.947142857142861,571308.35,-4669954.0,335.18,368.63,358.66
2023-09-13,320.79,324.54,316.32,322.41,492356.0,352.621,349.4512672411479,-6.371753666143434,30.512038687549506,-45.20999999999998,384.5803688759237,320.6616311240763,9.868571428571434,571537.6,-4177598.0,322.29,369.7,367.62
2023-09-14,329.38,334.4258,325.07,332.84,573808.0,351.33599999999996,347.86924178961,-6.778069856002503,40.766766553986415,-38.02000000000004,384.3428091220742,318.3291908779257,9.18184285714286,573924.15,-3603790.0,322.41,340.93,370.86
2023-09-15,332.42,335.725,326.49,332.09,848745.0,350.4815,346.3664568572662,-7.076319190494587,36.79799738229021,-38.05000000000001,384.5898155627232,316.3731844372768,9.228628571428576,584362.9,-4452535.0,332.84,332.26,370.14
2023-09-18,331.13,332.485,325.08,325.32,484808.0,349.22950000000003,344.3620323946694,-7.7519498279918935,32.696699185615984,-49.579999999999984,385.14688442886,313.31211557114005,9.451842857142863,583412.15,-4937343.0,332.09,335.18,374.9
2023-09-19,324.3,326.0714,316.68,318.0,558955.0,348.0,341.8513626427962,-8.759239945012041,23.801478349174005,-50.629999999999995,386.46732913169694,309.53267086830306,9.330157142857145,581828.7,-5496298.0,325.32,322.29,368.63
2023-09-20,318.21,319.0,309.44,309.5,606699.0,345.8935,338.7702804863394,-10.107627627527847,19.30772308653151,-60.19999999999999,387.9687945513033,303.81820544869674,9.637300000000002,585418.6,-6102997.0,318.0,322.41,369.7
2023-09-21,305.7,305.7,298.87,300.28,847958.0,342.9335,335.1045394876404,-11.765127790997212,17.79457864420867,-40.650000000000034,389.1135500444211,296.75344995557884,9.785514285714287,602537.15,-6950955.0,309.5,332.84,340.93
2023-09-22,301.71,303.96,297.09,298.56,613640.0,340.32599999999996,331.6241071554842,-13.0626795417204,13.79244924878489,-33.69999999999999,390.383626328904,290.26837367109596,9.799800000000001,602536.35,-7564595.0,300.28,332.09,332.26
2023-09-25,298.08,298.545,293.42,298.02,656191.0,337.40950000000004,328.42371599781904,-13.971686132384605,14.58521416185981,-37.160000000000025,390.25544869698325,284.5635513030168,9.601585714285717,614248.35,-8220786.0,298.56,325.32,335.18
2023-09-26,296.31,300.99,295.325,299.01,608347.0,334.427,325.62240971231245,-14.446490246995666,14.516614795670776,-23.28000000000003,388.9301715542651,279.92382844573496,9.637657142857146,630944.05,-7612439.0,298.02,318.0,322.29
2023-09-27,300.0,303.93,297.1211,301.68,744298.0,331.13,323.34218021590175,-14.444165582338997,23.302951974884493,-20.730000000000018,385.15439254145895,277.10560745854104,8.128292857142858,647502.45,-6868141.0,299.01,309.5,322.41
2023-09-28,300.91,310.75,300.91,307.51,529821.0,327.9625,321.83435352867303,-13.82010631119374,32.489033529717744,-25.329999999999984,379.5525573346204,276.37244266537954,7.999721428571429,645037.0,-6338320.0,301.68,300.28,332.84
2023-09-29,309.37,311.79,303.57,305.32,463864.0,324.7215,320.2615579545137,-13.34535511377004,28.65313124962617,-26.769999999999982,373.2057812400923,276.2372187599077,8.221864285714288,639328.95,-6802184.0,307.51,298.56,332.09
2023-10-02,302.97,305.36,296.03,299.76,566044.0,320.9645,318.3090286255124,-13.258121751594615,32.007666499790616,-25.560000000000002,364.4660786646384,277.46292133536156,7.989721428571435,648912.6,-7368228.0,305.32,298.02,325.32
2023-10-03,296.05,301.77,288.41,290.61,584657.0,317.0635,315.6710258992731,-13.758451844148567,27.805695136944692,-27.389999999999986,356.3569430180209,277.77005698197905,8.356864285714286,651655.7,-7952885.0,299.76,299.01,318.0
2023-10-04,292.03,292.44,286.47,291.7,783668.0,313.1635,313.3880710517233,-13.907402185885474,16.982343495381173,-17.80000000000001,345.289520458909,281.037479541091,8.115021428571428,659908.45,-7169217.0,290.61,301.68,309.5
2023-10-05,291.7,292.0,276.485,280.175,1015220.0,310.12575,310.2249214277496,-14.774046473289275,14.478275741324723,-20.10499999999996,342.6836814089746,277.56781859102534,8.563592857142854,633685.1,-8184437.0,291.7,307.51,300.28
2023-10-06,276.28,287.68,275.37,284.64,702330.0,307.74474999999995,307.7882622441544,-14.931909364965236,21.259008050054703,-13.920000000000016,340.45175866062544,275.03774133937446,8.913949999999996,633653.1,-7482107.0,280.175,305.32,298.56
2023-10-09,280.81,284.77,277.0,283.94,438873.0,305.18275000000006,305.51699917328256,-14.940425409460488,23.452844889659517,-14.079999999999984,336.852098534172,273.5134014658281,8.79813571428571,631026.95,-7920980.0,284.64,299.76,298.02
2023-10-10,285.03,291.69,282.475,286.51,476346.0,303.39375,303.7068087758271,-14.573451554251335,30.255925791419017,-12.5,335.0365073612187,271.7509926387813,8.773492857142852,629831.4,-7444634.0,283.94,290.61,299.01
2023-10-11,285.04,286.9418,276.09,277.52,914410.0,301.14925,301.2128269876531,-14.830722686174738,30.3759268766121,-24.160000000000025,333.47353454452923,268.82496545547076,9.060764285714283,650934.1,-8359044.0,286.51,291.7,301.68
2023-10-12,278.0,278.2,265.62,268.0,902753.0,297.90725000000003,298.0497006078766,-15.616496312476784,26.774585797615956,-39.50999999999999,329.85272945533893,265.96177054466114,9.468621428571424,667381.35,-9261797.0,277.52,280.175,307.51
2023-10-13,268.0,270.73,263.56,265.99,764914.0,294.60225,294.99639578807887,-16.213067741043858,26.189414208048575,-39.329999999999984,325.3104859045309,263.8940140954692,9.614692857142854,663189.8,-10026711.0,268.0,284.64,305.32
2023-10-16,269.97,275.39,264.64,272.36,784126.0,291.95425,292.8405485701666,-15.990738375610874,31.65611232870063,-27.399999999999977,320.5719819479025,263.3365180520975,9.977907142857138,678155.7,-9242585.0,265.99,283.94,299.76
2023-10-17,270.93,278.3764,270.93,276.76,521915.0,289.89225,291.3090677539603,-15.285345492797944,33.245932493405306,-13.850000000000023,316.47905528995926,263.3054447100407,10.023442857142852,676303.7,-8720670.0,272.36,286.51,290.61
2023-10-18,272.43,274.73,269.09,272.4,694393.0,288.03725,289.508204158345,-14.904171925223409,25.91906721038586,-19.30000000000001,314.0342983091708,262.0402016908291,9.723442857142857,680688.4,-9415063.0,276.76,277.52,291.7
2023-10-19,271.57,275.29,268.96,270.29,457947.0,286.53775,287.67789900040736,-14.602976835138179,25.947541879109195,-9.884999999999991,313.0166628563187,260.05883714368133,9.588442857142857,661187.85,-9873010.0,272.4,268.0,280.175
2023-10-20,271.27,272.9,266.67,269.88,495489.0,285.10375,285.9828610003686,-14.233009625710679,27.92226983314741,-14.759999999999991,311.94519455971994,258.26230544028004,9.36701428571428,655280.3,-10368499.0,270.29,265.99,284.64
2023-10-23,266.68,269.62,265.25,265.72,736926.0,283.48875,284.0530647146192,-14.111176145708441,30.14518186946337,-18.21999999999997,310.93797851470543,256.03952148529453,8.724871428571428,659317.05,-11105425.0,269.88,272.36,283.94
2023-10-24,264.64,267.93,262.75,265.46,1128805.0,281.81125,282.2822966465602,-13.875459402862361,28.78738883746118,-21.05000000000001,309.3670582281241,254.25544177187587,8.668442857142859,685339.95,-12234230.0,265.72,276.76,286.51
2023-10-25,263.0,264.445,252.33,253.69,2006853.0,279.41175000000004,279.55922077545927,-14.467787313369058,28.6738062581297,-23.829999999999984,308.0204261361488,250.8030738638513,8.425585714285715,748467.7,-14241083.0,265.46,272.4,277.52
2023-10-26,196.9,201.06,187.21,190.56,5187042.0,273.56425,271.0831045111298,-19.784524823938852,11.046704205410279,-77.44,320.15072728743314,226.9777727125669,8.535585714285714,981328.75,-19428125.0,253.69,270.29,268.0
2023-10-27,192.51,197.47,185.5501,190.94,2731882.0,267.84525,263.45042789102223,-23.694073444834913,11.391564263039825,-75.05000000000001,324.91976117664103,210.770738823359,8.832007142857146,1094729.65,-16696243.0,190.56,269.88,265.99
2023-10-30,192.66,194.12,176.34,186.74,2888518.0,262.19425,256.144672853782,-26.820824309223696,9.13410338225708,-85.62,327.7187869288233,196.6697130711767,9.443792857142862,1210853.35,-19584761.0,190.94,265.72,272.36
2023-10-31,188.09,189.5375,183.5,184.59,1210821.0,256.89325,249.3299421058028,-29.13568423270982,9.676299573587855,-92.16999999999999,329.50890905324235,184.2775909467577,9.099914285714288,1242161.55,-20795582.0,186.74,265.46,276.76
2023-11-01,183.74,184.06,178.52,183.21,1572747.0,251.46875,243.032804762393,-30.72687279559591,10.411803154862582,-89.18999999999997,329.1673833196198,173.77011668038023,8.597057142857144,1281615.5,-22368329.0,184.59,253.69,272.4
2023-11-02,188.95,193.51,184.89,192.32,1972022.0,247.07600000000002,238.2030138326413,-30.89826413811855,17.74235922367636,-77.97000000000003,327.81563284273,166.33636715727008,8.700628571428572,1329455.6,-20396307.0,183.21,190.56,270.29
2023-11-03,194.6,202.97,194.6,197.44,2162257.0,242.71599999999998,234.3208220390564,-30.27279822257094,16.831946164019385,-72.44,324.32766825760496,161.10433174239503,8.530628571428574,1402451.95,-18234050.0,192.32,190.94,269.88
2023-11-06,202.0,202.64,197.1,197.77,1558107.0,238.40749999999997,230.83979136867006,-29.411398016401193,13.72278864524553,-67.95000000000002,319.9539571175286,156.8610428824713,8.394457142857146,1458413.65,-16675943.0,197.44,186.74,265.72
2023-11-07,198.07,199.65,196.02,197.52,1221050.0,233.958,227.6664779049872,-28.42115373950432,14.261168382973878,-67.93999999999997,314.15334481830104,153.76265518169896,8.250885714285713,1495648.85,-17896993.0,197.77,184.59,265.46
2023-11-08,197.67,197.67,192.04,193.62,1186130.0,229.763,224.42395619975034,-27.631900656870755,14.021586107965248,-60.06999999999999,309.13711644928816,150.38888355071185,8.20088571428571,1509234.85,-19083123.0,197.52,183.21,253.69
2023-11-09,194.97,194.97,186.12,187.34,1123969.0,225.72999999999996,220.89215084739317,-27.198697392138882,13.289450274096666,-3.219999999999999,305.1204809354231,146.33951906457682,8.388028571428569,1520295.65,-20207092.0,193.62,192.32,190.56
2023-11-10,189.81,192.685,186.01,192.13,1454829.0,222.03699999999998,218.15289838573668,-26.167753834859354,17.45245466391566,1.1899999999999977,300.4070501601546,143.66694983984536,8.552671428571427,1554791.4,-18752263.0,187.34,197.44,190.94
2023-11-13,191.2,193.46,190.75,191.22,976011.0,217.98000000000002,215.58786044423795,-25.13425951305112,17.352682495664567,4.47999999999999,293.7385580366295,142.22144196337052,8.376242857142856,1564385.65,-19728274.0,192.13,197.77,186.74
2023-11-14,199.79,205.7,198.84,202.72,1600223.0,214.27800000000002,214.3623499257391,-23.121913547893143,27.532398832888532,18.129999999999995,285.01195510085955,143.5440448991405,8.000885714285713,1618301.05,-18128051.0,191.22,197.52,184.59
2023-11-15,203.5,212.96,203.5,205.06,1299572.0,210.911,213.47641183757347,-21.09532916524941,63.772796335622736,21.849999999999994,276.196945581926,145.625054418074,7.687314285714286,1648560.0,-16828479.0,202.72,193.62,183.21
2023-11-16,209.61,212.9799,202.6,203.12,1269215.0,207.5525,212.4900869006617,-19.42170598982895,61.23616234580617,10.800000000000011,266.5885342681074,148.51646573189262,7.577314285714285,1689123.4,-18097694.0,205.06,187.34,192.32
2023-11-17,204.51,208.125,203.0,206.64,1089153.0,204.3905,211.93293576726535,-17.608613744575393,68.59118084902322,9.199999999999989,255.63008974115613,153.15091025884388,6.673385714285713,1718806.6,-17008541.0,203.12,192.13,197.44
2023-11-20,206.1,216.025,206.1,215.24,1358199.0,201.86650000000003,212.24789426562103,-15.302053763305736,75.55444387097279,17.47,244.66368745062692,159.06931254937314,6.951064285714286,1749870.25,-15650342.0,206.64,191.22,197.77
2023-11-21,215.55,216.0825,213.08,215.3,1035178.0,199.3585,212.53857100222854,-13.315751292122059,77.35720373260015,17.78,230.84992190635563,167.86707809364435,6.769814285714285,1745188.9,-14615164.0,215.24,202.72,197.52
2023-11-22,217.37,221.17,216.75,217.29,732977.0,197.5385,212.99108804963535,-11.449168903718032,74.22860467612652,23.669999999999987,218.1297585183205,176.9472414816795,6.469814285714285,1681495.1,-13882187.0,215.3,205.06,193.62
2023-11-24,218.11,220.95,217.79,219.48,487288.0,198.9845,213.60907966395578,-9.6817060186076,72.6748970984064,32.139999999999986,221.48554696979068,176.48345303020932,6.097671428571426,1446507.4,-13394899.0,217.29,203.12,187.34
2023-11-27,217.73,218.46,215.74,216.75,809669.0,200.275,213.90821493405522,-8.404229128660432,68.60784311842137,24.620000000000005,223.7719314905919,176.77806850940812,5.896242857142856,1350396.75,-14204568.0,219.48,206.64,192.13
2023-11-28,216.75,216.75,212.56,214.14,700536.0,201.64499999999998,213.93028970224043,-7.515646189368482,65.57346325116137,22.919999999999987,225.01392448485447,178.2760755151455,5.936242857142856,1240997.65,-14905104.0,216.75,215.24,191.22
2023-11-29,217.0,221.65,215.94,216.48,1124772.0,203.2395,214.173119254408,-6.547260735819464,72.06563704615986,13.759999999999991,226.05390955093463,180.42509044906535,5.9419571428571425,1236695.2,-13780332.0,214.14,215.3,202.72
2023-11-30,216.73,217.85,211.63,213.8,1218227.0,204.769,214.13758408732153,-5.927606617131715,77.44813275758771,8.740000000000009,225.97435175746392,183.5636482425361,5.7541,1218969.2,-14998559.0,216.48,217.29,205.06
2023-12-01,213.3,225.19,212.41,220.45,1390318.0,206.1755,214.73876655519567,-4.84436690437559,78.2860567100279,17.329999999999984,227.63424521764196,184.71675478235804,6.1901714285714275,1189884.0,-13608241.0,213.8,219.48,203.12
2023-12-04,218.0,220.8,214.93,219.6,870036.0,207.2835,215.20174116898656,-4.008242273080299,78.37999997805363,12.960000000000008,229.12804288109714,185.43895711890286,6.4158857142857135,1125272.95,-14478277.0,220.45,216.75,206.64
2023-12-05,217.17,217.9783,211.8,215.35,910922.0,208.1625,215.2158610576545,-3.646358154330727,64.77192980334955,0.10999999999998522,229.8091026263485,186.51589737365148,6.3671928571428555,1092913.7,-15389199.0,219.6,214.14,215.24
2023-12-06,218.25,219.0,215.32,216.87,749080.0,209.13000000000002,215.37339809978266,-3.200073113750136,64.08299544724156,1.5699999999999932,230.5017462281861,187.75825377181394,5.954335714285713,1069315.2,-14640119.0,215.35,216.48,215.3
2023-12-07,216.82,218.49,214.11,216.61,727971.0,210.2795,215.49116970932718,-2.8346836197177083,66.75776395193523,-0.6799999999999784,230.58523211785246,189.97376788214757,5.525771428571427,1046407.25,-15368090.0,216.87,213.8,217.29
2023-12-08,215.86,222.05,214.9,221.23,1341380.0,211.974,216.03772497510553,-2.14769155608991,67.64207978362786,1.75,229.71363317724004,194.23436682275994,5.670414285714285,1057277.8,-14026710.0,216.61,220.45,219.48
2023-12-11,215.0,221.665,214.8,218.68,1051758.0,213.30149999999998,216.28937021557167,-1.788326439990641,54.872521224696456,1.9300000000000068,228.5933296382116,198.00967036178835,5.4518428571428545,1037124.25,-15078468.0,221.23,219.6,216.75
2023-12-12,219.36,219.485,212.8701,217.47,1242282.0,214.61399999999998,216.401811147422,-1.582887159370756,52.97668036374009,3.3300000000000125,225.90974563601534,203.3182543639846,5.709871428571426,1050437.8,-16320750.0,218.68,215.35,214.14
2023-12-13,218.15,231.535,217.32,231.36,1126995.0,216.046,217.82640056195325,-0.29617580417854583,64.55015510023371,14.880000000000024,228.2203447246067,203.8716552753933,6.409514285714285,1026776.4,-15193755.0,217.47,216.87,216.48
2023-12-14,245.0,264.5799,245.0,257.02,3288999.0,218.644,221.5591243179577,2.7617102352767233,76.13478138309823,43.21999999999997,239.806051835647,197.481948164353,7.582364285714285,1126247.75,-11904756.0,231.36,216.61,213.8
2023-12-15,257.28,262.62,251.5701,255.01,6482741.0,221.2385,224.74492200196173,4.965706070055489,76.90576651087653,34.56,246.67807486817645,195.79892513182352,8.177357142857144,1386924.05,-18387497.0,257.02,221.23,220.45
2023-12-18,254.52,267.22,253.595,261.69,1376613.0,223.99099999999999,228.26350085891775,7.16864290017503,81.62830915068787,42.09,254.23822477047537,193.7437752295246,8.851285714285718,1401297.05,-17010884.0,255.01,218.68,219.6
2023-12-19,262.72,270.31,262.66,268.31,1050399.0,226.64449999999997,232.07745315806844,9.340868697903744,82.61799872678857,52.96000000000001,262.45841054354327,190.83058945645666,8.989857142857144,1385907.05,-15960485.0,261.69,217.47,215.35
2023-12-20,266.18,271.085,261.78,262.08,880695.0,228.98349999999996,234.93483857158571,10.439415754434577,79.08433733605807,45.20999999999998,267.67276263393705,190.29423736606284,9.210214285714287,1378182.9,-16841180.0,268.31,231.36,216.87
2023-12-21,267.19,274.84,267.01,274.1,859073.0,231.82399999999998,238.6648539457204,12.139814315793785,80.3553241923167,57.49000000000001,274.9821480506029,188.66585194939705,8.856642857142857,1384487.7,-15982107.0,262.08,257.02,216.61
2023-12-22,275.4,276.09,269.15,271.87,895303.0,234.4435,241.82724880803275,13.155821342340175,79.11977714643257,50.640000000000015,280.69577039661914,188.19122960338086,8.933071428571427,1404888.45,-16877410.0,274.1,255.01,221.23
2023-12-26,272.46,276.51,269.34,274.19,522931.0,237.31550000000001,244.9094155882201,13.986951447524433,83.50034159452282,55.50999999999999,286.01068747430554,188.6203125256945,9.003907142857145,1390551.55,-16354479.0,271.87,261.69,218.68
2023-12-27,274.19,276.22,272.72,275.28,445364.0,240.3725,247.8018521988658,14.565660416202718,83.41915549641985,57.809999999999974,290.59431445714887,190.15068554285114,8.991050000000001,1377792.95,-15909115.0,274.19,268.31,217.47
2023-12-28,274.63,279.0,274.135,276.67,390200.0,243.382,250.55119960849763,14.963938495093345,83.9245368145623,45.31,294.7754477085191,191.98855229148091,9.02569285714286,1341064.35,-15518915.0,275.28,262.08,231.36
2023-12-29,275.13,278.0,272.99,274.0,614212.0,246.392,252.7844186934026,14.892481378548041,80.47822570028073,16.980000000000018,297.5414732596212,195.24252674037876,8.872835714285715,1310863.6,-16133127.0,276.67,274.1,257.02
2024-01-02,271.0,272.855,266.07,268.92,761899.0,248.81550000000001,254.32114072260237,14.261582569623187,78.19304151408862,13.910000000000025,299.37933624478404,198.25166375521596,8.867121428571433,1279442.65,-16895026.0,274.0,271.87,255.01
2024-01-03,263.59,263.72,250.28,256.22,1353530.0,250.6465,254.5019844633069,12.59176297104915,69.26135797823184,-5.46999999999997,299.3746659715121,201.9183340284879,9.354628571428577,1303617.35,-18248556.0,268.92,274.19,261.69
2024-01-04,255.0,263.19,253.2,261.36,909619.0,252.94700000000003,255.15512880013483,11.54999164269367,66.33275260312871,-6.949999999999989,298.9256046811005,206.96839531889955,9.052842857142863,1303552.2,-17338937.0,256.22,275.28,268.31
2024-01-05,259.0,269.745,259.0,264.68,846853.0,255.3375,256.0622593905982,10.86698353787898,55.51079135572446,2.6000000000000227,298.2902916499752,212.38470835002482,8.421778571428577,1308440.85,-16492084.0,261.36,276.67,262.08
2024-01-08,264.81,275.0,263.7817,273.94,704131.0,258.204,257.76490135339833,10.946649363381368,62.3322475456332,-0.160000000000025,297.7949965309747,218.6130034690253,8.433807142857148,1307248.85,-15787953.0,264.68,274.0,274.1
2024-01-09,269.34,281.94,268.68,277.52,694426.0,261.0185,259.64633931974134,11.169877695741718,60.746775276979555,5.649999999999977,297.4168118607945,224.62018813920557,8.407735714285717,1274901.15,-15093527.0,273.94,268.92,271.87
2024-01-10,277.0,279.94,271.22,276.79,718458.0,263.92400000000004,261.2790689083374,11.159248547762672,56.2573789730283,2.6000000000000227,294.9768557208659,232.87114427913417,8.484164285714288,1258236.15,-15811985.0,277.52,256.22,274.19
2024-01-11,276.89,280.22,273.85,276.36,675581.0,266.8685,262.71534805992434,10.989448860678579,61.52356357551116,1.080000000000041,289.3634475262865,244.37355247371343,8.27452142857143,1229901.1,-16487566.0,276.79,261.36,275.28
2024-01-12,276.36,279.145,270.13,271.64,440385.0,268.88250000000005,263.56531491136013,10.354676874503241,47.74972556405967,-5.03000000000003,283.9919071429155,253.77309285708458,8.359164285714288,1195570.6,-16927951.0,276.36,264.68,276.67
2024-01-16,268.5,268.915,264.58,267.46,467909.0,269.4045,263.9362373007544,9.405917389815272,46.104928446467575,-6.5400000000000205,283.4738941439852,255.33510585601476,8.173092857142862,1054516.1,-17395860.0,271.64,273.94,274.0
2024-01-17,261.0,264.79,256.81,259.56,989199.0,269.632,263.51945279592064,7.925230829909253,38.23765877897849,-9.360000000000014,282.8422808448518,256.4217191551482,8.230950000000005,779839.0,-18385059.0,267.46,277.52,268.92
2024-01-18,264.09,264.68,259.22,264.51,614559.0,269.773,263.6137906248806,7.069685239704029,41.8470855323867,8.289999999999964,282.68314794647443,256.8628520535256,8.370950000000004,741736.3,-17770500.0,259.56,276.79,256.22
2024-01-19,264.2,267.21,260.45,266.34,644203.0,269.6745,263.8734296129872,6.464795867619557,42.23191456472778,4.979999999999961,282.66147886345624,256.6875211365438,8.506307142857144,721426.5,-17126297.0,264.51,276.36,261.36
2024-01-22,269.0,273.38,266.05,271.61,534394.0,270.151,264.61024584032174,6.337587785397602,48.27037196879745,6.930000000000007,282.65507411500516,257.64692588499486,8.67202142857143,704111.45,-16591903.0,266.34,271.64,264.68
2024-01-23,274.1,274.1,264.26,266.43,553039.0,269.76750000000004,264.7835557602911,5.752496381575611,48.20060701438345,-7.509999999999991,282.23202798523056,257.3029720147695,8.890235714285717,688809.75,-17144942.0,271.61,267.46,273.94
2024-01-24,269.0,269.0,257.05,257.07,957434.0,269.02750000000003,264.04893140216814,4.481895939754168,50.64540621550437,-20.44999999999999,282.66826842255426,255.3867315774458,8.783807142857142,691916.3,-18102376.0,266.43,259.56,277.52
2024-01-25,261.34,262.565,254.28,262.11,894271.0,268.4235,263.86427126862833,3.8373735741337214,50.57034219455536,-14.680000000000007,282.17114481264315,254.67585518735683,8.662021428571427,710483.3,-17208105.0,257.07,264.51,276.79
2024-01-26,264.55,269.85,262.6,264.28,894511.0,267.87350000000004,263.9038644811399,3.461775214485158,49.69040246601134,-12.080000000000041,281.3435154729667,254.40348452703333,8.41237857142857,732940.65,-16313594.0,262.11,266.34,276.36
2024-01-29,263.14,274.8001,263.14,270.39,1166235.0,267.55949999999996,264.52159167341233,3.615445983133384,47.11147273133342,-1.25,280.4462838868829,254.67271611311702,8.443935714285713,771742.4,-15147359.0,264.28,271.61,271.64
2024-01-30,267.78,271.0,264.045,264.74,1113298.0,267.0965,264.54239246642067,3.243941090500698,39.94017631361522,-2.7199999999999704,279.6705824087052,254.5224175912948,7.99357857142857,796696.7,-16260657.0,270.39,266.43,267.46
2024-01-31,264.55,274.0,262.0,267.32,1521034.0,267.0165,264.80692651723774,3.121714887483847,42.756616175637234,7.759999999999991,279.5620603805894,254.47093961941061,8.227864285714286,834653.45,-14739623.0,264.74,257.07,259.56
2024-02-01,303.0,308.0,266.2975,273.38,4920727.0,267.8745,265.62340970607227,3.4737862627578693,47.901408441258866,8.870000000000005,279.63360930210297,256.11539069789706,10.751614285714284,1013013.3,-9818896.0,267.32,262.11,264.51
2024-02-02,270.0,277.29,263.85,273.9,1259936.0,268.50149999999996,266.41165640073206,3.751518751507035,51.69161675563349,7.560000000000002,280.13465999970794,256.868340000292,11.067685714285714,1030529.15,-8558960.0,273.38,264.28,266.34
2024-02-05,272.06,276.42,267.93,275.58,675527.0,269.0465,267.28483198161473,4.060377379605086,56.314152398314185,3.9699999999999704,280.9441358111431,257.14886418885686,11.364471428571425,1021962.85,-7883433.0,273.9,270.39,271.61
2024-02-06,276.5,293.92,276.0176,288.44,1440971.0,269.7715,269.29960988812763,5.281938824584699,70.84897486295284,22.00999999999999,284.3824494269795,255.16055057302046,12.073214285714283,1058804.85,-6442462.0,275.58,264.74,266.43
2024-02-07,288.18,291.04,282.59,284.73,835382.0,270.13199999999995,270.7691708511631,5.882859742557912,64.86327549385351,27.660000000000025,285.86093759586436,254.40306240413554,12.286785714285715,1065852.65,-7277844.0,288.44,267.32,257.07
2024-02-08,285.37,296.6,283.67,295.0,1150741.0,271.04249999999996,273.07686886533804,7.105871951796814,68.74182577867664,32.889999999999986,290.1414433435979,251.943556656402,12.727500000000003,1087466.8,-6127103.0,284.73,273.38,262.11
2024-02-09,292.83,298.5432,291.06,296.37,855677.0,272.043,275.2952623067344,8.09237962417933,67.06174199367607,32.09000000000003,294.171058967837,249.914941032163,12.73844285714286,1096471.6,-5271426.0,295.0,273.9,264.28
2024-02-12,294.71,303.88,294.71,302.44,827568.0,273.58299999999997,277.88047542037873,9.257273433845626,74.51327432208053,32.05000000000001,299.54745108219817,247.61854891780177,12.690585714285717,1115830.75,-4443858.0,296.37,275.58,270.39
2024-02-13,290.97,296.1707,288.335,292.32,867364.0,274.826,279.2556682374855,9.257159611906445,73.7501684269977,27.579999999999984,301.91225007559666,247.73974992440338,12.39670714285715,1135803.5,-5311222.0,302.44,288.44,264.74
2024-02-14,295.33,303.13,293.3,302.75,757203.0,276.9855,281.49322364343925,9.983588902477265,75.52763817767104,35.43000000000001,305.78001225128395,248.19098774871608,12.507064285714291,1124203.7,-4554019.0,292.32,284.73,267.32
2024-02-15,307.36,312.48,305.43,309.77,711596.0,279.2485,284.1862499631117,10.998949415609161,76.93309649405494,36.389999999999986,310.88825066439574,247.60874933560422,12.492778571428577,1129055.55,-3842423.0,302.75,295.0,273.38
2024-02-16,307.19,314.32,305.08,308.77,764443.0,281.37,286.5275594904344,11.58934403234872,74.18704309253067,34.870000000000005,314.993221925203,247.74677807479702,12.319914285714292,1135067.55,-4606866.0,309.77,296.37,273.9
2024-02-20,304.33,314.7,303.01,313.53,1031849.0,283.466,289.0992204913454,12.299543054633034,81.09623962861252,37.94999999999999,319.65590461149833,247.2760953885017,12.658128571428579,1159940.3,-3575017.0,308.77,302.44,275.58
2024-02-21,307.81,309.11,300.08,304.65,920813.0,285.377,290.58024711121726,12.007430641184555,72.0235988081613,16.20999999999998,321.8147387362389,248.93926126376113,12.445985714285724,1178329.0,-4495830.0,313.53,292.32,288.44
2024-02-22,305.44,317.25,303.58,316.56,732264.0,288.3515,293.05450929110134,12.591808812609088,73.83002206364658,31.829999999999984,324.77230682073866,251.9306931792613,10.443664285714297,1167070.5,-3763566.0,304.65,302.75,284.73
2024-02-23,315.35,321.83,314.06,316.88,579950.0,291.09000000000003,295.3236036443298,12.931685234875545,73.77212388238044,21.879999999999995,327.4392659739092,254.7407340260909,10.038664285714296,1151354.45,-3183616.0,316.56,309.77,295.0
2024-02-26,312.9,316.905,310.74,310.84,489120.0,293.418,296.80135567820315,12.568780192485463,68.60489657069999,14.46999999999997,328.4786185431955,258.3573814568045,9.872592857142864,1131084.9,-3672736.0,316.88,308.77,296.37
2024-02-27,311.79,313.71,308.14,313.06,487697.0,295.5515,298.34979799456477,12.318311729734887,64.63385638486835,10.620000000000005,329.8977433554452,261.20525664455477,8.99170714285715,1097158.0,-3185039.0,310.84,313.53,302.44
2024-02-28,308.87,309.4,302.06,302.39,558832.0,297.43399999999997,298.73457913793953,11.130532754861974,59.69477381603284,10.069999999999993,328.6545953616636,266.2134046383363,8.912421428571431,1069434.7,-3743871.0,313.06,304.65,292.32
2024-02-29,303.1,306.8,301.6501,302.42,576688.0,299.18899999999996,299.0855716009929,10.07548611876581,54.58931221221859,-0.3299999999999841,327.04711109325433,271.3308889067456,8.356700000000002,1022217.4,-3167183.0,302.39,316.56,302.75
2024-03-01,301.36,304.625,297.24,300.01,645143.0,300.52049999999997,299.1736124008984,8.941812458285483,52.222765013054236,-9.759999999999991,325.5907797204788,275.45022027952115,8.349685714285714,808438.2,-3812326.0,302.42,316.88,309.77
2024-03-04,301.53,310.365,299.41,308.04,614852.0,302.2275,300.0180302674795,8.59227249611098,53.339694647581645,-0.7299999999999613,324.11274989936805,280.342250100632,8.477185714285712,776184.0,-3197474.0,300.01,310.84,308.77
2024-03-05,303.78,305.025,296.14,299.49,572377.0,303.423,299.9677416705767,7.538450274750687,54.357603005214465,-14.039999999999964,321.451632315231,285.394367684769,8.55213571428571,771026.5,-3769851.0,308.04,313.06,313.53
2024-03-06,304.99,306.5,302.485,303.79,370177.0,304.1905,300.3317662733789,6.969916425436963,50.68295244668295,-0.8599999999999568,320.78322697361557,287.5977730263844,8.136778571428566,717486.8,-3399674.0,299.49,302.39,304.65
2024-03-07,308.17,312.77,306.5575,310.8,512514.0,305.494,301.3287409140095,7.0042549304255886,50.67647444227677,-5.759999999999991,319.5521909444807,291.43580905551937,8.076957142857136,701343.4,-2887160.0,303.79,302.42,316.56
2024-03-08,312.96,318.64,310.52,312.49,411623.0,306.3685,302.3917179698181,7.086152072943207,52.421244458033115,-4.389999999999986,319.841908157119,292.89509184288096,7.996957142857135,664387.5,-2475537.0,310.8,300.01,316.88
2024-03-11,310.24,314.82,305.94,308.09,427395.0,306.9545,302.9344114965021,6.71856651268439,46.44258434933043,-2.75,319.59033954680234,294.31866045319765,7.7962428571428495,642973.4,-2902932.0,312.49,308.04,310.84
2024-03-12,309.62,312.43,305.74,310.68,310067.0,307.3665,303.6720865920733,6.560616342965602,54.29670798403657,-2.3799999999999955,319.91962798091237,294.8133720190876,7.62909999999999,617098.35,-2592865.0,308.09,299.49,313.06
2024-03-13,315.0,325.9,315.0,320.69,694784.0,308.78499999999997,305.2928402499711,7.160617744346098,53.024754639778116,18.30000000000001,320.56710507506637,297.00289492493357,7.431242857142844,608469.35,-1898081.0,310.68,303.79,302.39
2024-03-14,322.26,322.65,312.68,316.92,642533.0,309.4935,306.40018879759293,7.248361774479747,50.02788621443964,14.5,321.45046718279485,297.5365328172051,7.5883857142857005,602735.85,-2540614.0,320.69,310.8,302.42
2024-03-15,312.46,319.766,312.46,314.35,744761.0,309.7225,307.15731367401264,7.029490868229004,52.57142856064471,14.340000000000032,321.8755881931914,297.56941180680866,7.669885714285706,604394.1,-3285375.0,316.92,312.49,300.01
2024-03-18,318.56,320.09,315.4,316.14,484404.0,310.091,308.012807609821,6.920694357858906,52.270716591981845,8.099999999999966,322.56518032324175,297.61681967675827,7.607028571428564,590392.15,-2800971.0,314.35,308.09,308.04
2024-03-19,314.48,319.6825,312.61,317.2,397460.0,310.2745,308.8877783136476,6.841144833477017,62.72118191241887,17.70999999999998,323.0656342240144,297.4833657759856,7.587921428571422,558672.7,-2403511.0,316.14,310.68,299.49
2024-03-20,317.98,329.41,317.88,329.14,596217.0,311.49899999999997,310.8165613313954,7.6533348512760995,69.05305189722267,25.349999999999966,326.517910045249,296.48008995475095,8.043642857142853,542442.9,-1807294.0,317.2,320.69,303.79
2024-03-21,331.01,335.4,321.03,321.27,454850.0,311.7345,311.8121269188816,7.574643304859251,64.06456733399173,10.46999999999997,327.2277643769009,296.24123562309916,8.542571428571424,528572.2,-2262144.0,329.14,316.92,310.8
2024-03-22,320.07,324.04,315.0,319.42,456912.0,311.8615,312.5366862599405,7.279091520750171,58.19884725050743,6.930000000000007,327.5724687128022,296.15053128719774,8.405785714285713,522420.3,-2719056.0,321.27,314.35,312.49
2024-03-25,318.17,323.21,316.19,319.28,380757.0,312.2835,313.17890661613666,6.953413154985469,66.22397112760882,11.189999999999998,328.32878496081014,296.23821503918987,8.272571428571426,517002.15,-3099813.0,319.42,316.14,308.09
2024-03-26,322.39,323.45,317.13,319.94,414369.0,312.6275,313.82282027174267,6.671660357501821,64.08020922585659,9.259999999999991,329.0338233958233,296.2211766041767,8.437214285714285,513335.75,-2685444.0,319.28,317.2,310.68
2024-03-27,325.1,328.2,324.27,327.9,404606.0,313.903,315.1635040553862,7.0098685170069075,64.66552314056057,7.2099999999999795,330.9135244202686,296.89247557973147,8.274178571428573,505624.45,-2280838.0,319.94,329.14,320.69
2024-03-28,329.38,329.9939,326.0701,327.92,367302.0,315.178,316.37840843106375,7.196557299473852,63.62352108616052,11.0,332.3860441409772,297.9699558590228,7.974449999999998,495155.15,-1913536.0,327.9,321.27,316.92
2024-04-01,327.01,328.09,313.055,319.65,562890.0,316.15999999999997,316.6899885804863,6.6010969631740295,59.55371899448343,5.2999999999999545,331.9026594422835,300.41734055771644,8.414092857142853,491042.5,-2476426.0,327.92,319.42,314.35
2024-04-02,312.41,312.51,300.78,312.07,829020.0,316.3615,316.249989668059,5.454670246896171,51.061230711332136,-4.069999999999993,331.7660820592764,300.95691794072354,8.774092857142856,501750.9,-3305446.0,319.65,319.28,316.14
2024-04-03,309.19,314.435,309.15,310.11,527085.0,316.89250000000004,315.6652287472915,4.337958057773335,40.79038996220291,-7.089999999999975,330.4724773273175,303.3125226726826,8.37302142857143,499486.3,-3832531.0,312.07,319.94,317.2
2024-04-04,310.38,319.45,308.19,314.95,649469.0,317.45050000000003,315.59711172373994,3.79970223014368,48.31652707782545,-14.189999999999998,329.6060315110333,305.2949684889668,8.46516428571429,513450.9,-3183062.0,310.11,327.9,329.14
2024-04-05,311.95,322.305,311.95,317.58,595357.0,317.7895,315.7859582262409,3.5444907816906834,52.75738431383635,-3.6899999999999977,329.5353587999048,306.0436412000951,8.682950000000002,517593.05,-2587705.0,314.95,327.92,321.27
2024-04-08,318.91,321.97,316.35,320.06,644316.0,318.168,316.19300982374176,3.5019803493647714,53.307458644173074,0.6399999999999864,329.6803724748609,306.6556275251391,8.749378571428574,529227.7,-1943389.0,317.58,319.65,319.42
2024-04-09,322.52,330.92,322.21,330.25,600114.0,319.27599999999995,317.5317707929092,4.241642801603064,59.54086853584483,10.970000000000027,330.9685102432887,307.58348975671123,8.866342857142863,537863.65,-1343275.0,320.06,312.07,319.28
2024-04-10,322.56,328.77,320.48,327.82,776353.0,320.133,318.51160214596547,4.578966565925384,48.87907607533446,7.8799999999999955,331.68439563224166,308.5816043677583,8.634914285714286,561177.95,-2119628.0,330.25,310.11,319.94
2024-04-11,328.36,331.635,319.55,324.9,515571.0,320.3435,319.12002098920686,4.558135262911151,53.365473748430986,-3.0,332.0894319273545,308.5975680726455,8.471699999999998,552217.3,-2635199.0,327.82,314.95,327.9
2024-04-12,319.89,323.97,311.4,314.97,631737.0,320.246,318.7247808949967,3.6977335370169726,46.411869042900086,-12.949999999999989,332.14298661536844,308.3490133846315,8.723842857142857,551677.5,-3266936.0,324.9,317.58,327.92
2024-04-15,319.62,319.81,302.95,304.74,549893.0,319.7655,317.3928970002351,2.1654222263961174,39.91678223912853,-14.909999999999968,333.32521195936664,306.2057880406333,9.426700000000002,541934.1,-3816829.0,314.97,320.06,319.65
2024-04-16,302.28,308.91,297.64,305.1,502777.0,319.2135,316.22214490497464,0.9689341864852281,39.66573815382564,-6.96999999999997,334.2166649643436,304.21033503565644,9.780271428571435,542852.75,-3314052.0,304.74,330.25,312.07
2024-04-17,307.52,307.52,296.9,300.14,574960.0,318.3605,314.6905120568818,-0.3751965504624195,29.825581389279705,-9.970000000000027,335.6164255726361,301.1045744273639,10.258128571428577,551727.75,-3889012.0,305.1,327.82,310.11
2024-04-18,304.3,308.0,298.23,301.34,417217.0,316.9705,313.4190347181312,-1.3282882239780065,31.008859667989057,-13.610000000000014,335.03034726285995,298.9106527371401,10.675714285714292,542777.75,-3471795.0,300.14,324.9,314.95
2024-04-19,302.99,304.75,296.5,298.98,520396.0,315.856,312.04388855449963,-2.2481373189295937,33.869205549021885,-18.599999999999966,335.48187486484255,296.23012513515744,10.191071428571437,546055.05,-3992191.0,301.34,314.97,317.58
2024-04-22,300.87,303.65,297.17,300.82,446836.0,314.92600000000004,310.9749467874044,-2.796416427795691,40.35659179555987,-19.24000000000001,335.5767921601579,294.2752078398422,9.816071428571433,545551.25,-3545355.0,298.98,304.74,320.06
2024-04-23,302.55,312.43,299.96,311.88,621458.0,314.556,311.06114233146116,-2.311832901796663,51.31247218273208,-18.370000000000005,335.1434007459323,293.96859925406767,10.329285714285719,557586.3,-2923897.0,300.82,305.1,330.25
2024-04-24,310.65,315.77,306.31,313.78,1106124.0,314.248,311.32008115703627,-1.7542608613641164,49.09288260680259,-14.04000000000002,334.67997968098393,293.81602031901605,10.20071428571429,592174.05,-1817773.0,311.88,300.14,327.82
2024-04-25,325.0,327.49,297.28,310.5,1654540.0,313.378,311.24197818969947,-1.559077447353559,44.565551111085085,-14.399999999999977,332.8201945913069,293.93580540869306,11.618928571428578,654670.75,-3472313.0,313.78,301.34,324.9
2024-04-26,311.2,324.39,307.9,309.02,737294.0,312.433,311.0303612192519,-1.5064513540877442,41.39382599657756,-5.9500000000000455,330.7009288717436,294.1650711282564,12.395357142857149,673170.35,-4209607.0,310.5,298.98,314.97
2024-04-29,308.45,313.29,303.46,304.82,515070.0,311.6915,310.43889824598983,-1.7830952071813613,28.134135848772488,0.07999999999998408,329.9298809011289,293.4531190988711,12.475357142857149,670779.35,-4724677.0,309.02,300.82,304.74
2024-04-30,300.0,300.0,282.01,282.38,1218719.0,310.207,307.7666222225622,-3.7696038912493464,20.931422718871005,-22.720000000000027,332.66153427425314,287.75246572574684,13.168214285714296,690264.3,-5943396.0,304.82,311.88,305.1
2024-05-01,282.03,291.875,277.835,284.52,764066.0,308.92749999999995,305.55265820136583,-5.1123146667838455,23.907986555508984,-15.620000000000005,334.1509192556697,283.7040807443302,13.307857142857156,702113.35,-5179330.0,282.38,313.78,300.14
2024-05-02,287.84,288.8,280.99,286.54,605041.0,307.50699999999995,303.7419288488548,-5.944896470789558,29.53793003579196,-14.799999999999955,334.44405106354293,280.56994893645697,12.967857142857152,699891.95,-4574289.0,284.52,310.5,301.34
2024-05-03,291.9,295.69,287.02,287.87,353639.0,306.02149999999995,302.2303165775353,-6.423359192201815,36.073964000247045,-11.110000000000014,333.88067463922545,278.16232536077445,12.382857142857151,687806.05,-4220650.0,286.54,309.02,298.98
2024-05-06,290.95,291.46,285.62,287.37,362401.0,304.38700000000006,300.81504833205577,-6.764908504415871,35.39779277721016,-13.449999999999989,332.6116693887667,276.1623306112334,11.995000000000005,673710.3,-4583051.0,287.87,304.82,300.82
2024-05-07,288.27,291.8,285.55,286.52,423002.0,302.20050000000003,299.4536151575743,-7.023217400965734,37.96819787046721,-25.360000000000014,328.7125472913516,275.68845270864847,11.682857142857147,664854.7,-5006053.0,287.37,282.38,311.88
2024-05-08,281.79,281.79,263.99,273.65,1226874.0,299.49199999999996,296.9961279997101,-8.172226031064667,29.72022849837286,-40.129999999999995,326.0518585918856,272.9321414081143,12.256428571428577,687380.75,-6232927.0,286.52,284.52,313.78
2024-05-09,274.41,280.62,272.53,280.39,572934.0,297.2665,295.4145919997377,-8.441651930868318,37.20578113529412,-30.110000000000014,322.27612700956973,272.2568729904303,12.245000000000008,690248.9,-5659993.0,273.65,286.54,310.5
2024-05-10,280.71,282.73,266.5,271.7,731078.0,295.10299999999995,293.1560594283341,-9.249758730735664,31.685534585615116,-37.31999999999999,321.1299262192244,269.0760737807755,12.941428571428585,695215.95,-6391071.0,280.39,287.87,309.02
2024-05-13,273.23,276.74,270.855,272.74,465367.0,293.503,291.21167281611184,-9.694517525987692,21.833621181553397,-32.079999999999984,320.9320902817448,266.07390971825515,12.471071428571438,690989.65,-5925704.0,271.7,287.37,304.82
2024-05-14,274.63,281.4,273.62,278.08,455025.0,292.152,289.9610373098155,-9.50651357209415,25.521119029658607,-4.300000000000011,319.83654145889665,264.4674585411033,12.351071428571439,688602.05,-5470679.0,272.74,286.52,282.38
2024-05-15,282.0,282.0,275.56,280.32,537481.0,291.161,289.0428432803092,-9.072191245810643,29.006677790677628,-4.199999999999989,319.0597159862977,263.2622840137023,10.653214285714293,686728.1,-4933198.0,278.08,273.65,284.52
2024-05-16,279.88,283.0,273.37,273.56,534887.0,289.772,287.56828677742266,-9.16778263997628,27.021772934443973,-12.980000000000018,318.2960578791768,261.2479421208232,10.163214285714291,692611.6,-5468085.0,280.32,280.39,286.54
2024-05-17,274.0,274.7,268.35,271.5,591155.0,288.39799999999997,286.03797375100146,-9.302530497407417,27.792588637841973,-16.370000000000005,317.69152405530673,259.1044759446932,9.914642857142857,696149.55,-6059240.0,273.56,271.7,287.87
2024-05-20,269.74,272.17,266.52,267.44,822271.0,286.729,284.266738155668,-9.625965056724965,36.811440668867235,-19.930000000000007,316.8349377951626,256.62306220483737,9.033214285714289,714921.3,-6881511.0,271.5,272.74,287.37
2024-05-21,265.45,267.2421,262.02,264.02,502755.0,284.33599999999996,282.33847737893774,-10.042491087617009,32.303176787772045,-22.5,313.6216799207553,255.0503200792446,8.403364285714288,708986.15,-7384266.0,267.44,278.08,286.52
2024-05-22,264.01,264.68,260.2201,261.12,461079.0,281.703,280.3176700095151,-10.485723819087411,28.38435373473841,-12.529999999999973,309.26048907666296,254.14551092333699,8.16407142857143,676733.9,-7845345.0,264.02,280.32,273.65
2024-05-23,261.53,262.19,249.725,252.39,910663.0,278.7975,277.6578919133708,-11.409900718557935,23.202416913522143,-28.0,305.81939511839136,251.77560488160867,8.435142857142859,639540.05,-8756008.0,261.12,273.56,280.39
2024-05-24,253.31,257.97,252.39,255.62,839452.0,276.12749999999994,275.55904506447837,-11.74627977443464,26.969389229978674,-16.079999999999984,301.04668464070915,251.20831535929074,8.416571428571434,644647.95,-7916556.0,252.39,271.5,271.7
2024-05-28,255.62,257.07,251.72,253.77,723893.0,273.575,273.48389791548044,-12.02354221989026,26.58372657840455,-18.97,296.497664031819,250.652335968181,8.352285714285719,655089.1,-8640449.0,255.62,267.44,272.74
2024-05-29,250.0,254.415,250.0,252.76,763271.0,272.094,271.51019335210134,-12.18432000328147,32.01308764511482,-25.319999999999993,296.4066541883865,247.78134581161353,7.396214285714289,632316.7,-9403720.0,253.77,264.02,278.08
2024-05-30,253.7,260.22,251.945,256.5,1282135.0,270.69300000000004,270.0806511280917,-11.873085286415005,28.309424361788075,-23.819999999999993,295.2190798678481,246.16692013215194,7.409428571428576,658220.15,-8121585.0,252.76,261.12,280.32
2024-05-31,257.36,258.32,252.9,257.21,1024120.0,269.2265,268.8548748301782,-11.437296432344453,34.61456783850916,-16.350000000000023,293.26555705743,245.18744294256996,6.637285714285716,679174.1,-7097465.0,256.5,252.39,273.56
2024-06-03,257.21,259.526,253.88,254.53,798754.0,267.5595,267.49060103682785,-11.179316023638933,31.315411441854778,-16.97,290.7644971705247,244.35450282947536,6.620214285714289,701429.85,-7896219.0,257.21,255.62,271.5
2024-06-04,253.26,254.48,246.335,248.91,893860.0,265.63649999999996,265.7210199857014,-11.298114081075994,20.24076718458744,-18.53,288.2970655849853,242.97593441501462,6.646285714285718,728002.8,-8790079.0,254.53,253.77,267.44
2024-06-05,250.82,257.29,248.1395,256.01,985780.0,264.111,264.7961609394441,-10.696054295466297,27.43642100642083,-8.009999999999991,284.8811039198639,243.34089608013608,6.839892857142863,756141.7,-7804299.0,248.91,252.76,264.02
2024-06-06,253.8,259.61,253.8,257.46,1110542.0,263.30150000000003,264.0974789452113,-9.986793163780021,33.42257000683861,-3.660000000000025,283.765971163454,242.83702883654607,6.567035714285721,750325.1,-6693757.0,256.01,256.5,261.12
2024-06-07,253.61,260.0,252.585,255.54,785675.0,262.059,263.2824809504293,-9.470457023134372,33.51920692958964,3.1500000000000057,281.12466039547616,242.99333960452392,6.6431071428571515,760962.15,-7479432.0,257.46,257.21,252.39
2024-06-10,252.64,257.01,252.34,255.7,857109.0,261.259,262.5603399075313,-8.94523119189114,36.81491463352629,0.07999999999998408,279.9605911509899,242.55740884901016,6.573107142857148,767263.7,-6622323.0,255.54,254.53,255.62
2024-06-11,254.3,255.7,252.37,253.28,596376.0,260.286,261.6764980115759,-8.624837944157377,37.66084557612014,-0.4900000000000091,278.49083845459023,242.08116154540974,6.437957142857146,773814.15,-7218699.0,255.7,248.91,253.77
2024-06-12,259.61,267.689,258.54,266.13,1032354.0,259.6885,262.1006410580925,-7.250457637646548,54.684870006254194,13.370000000000005,276.1337037800768,243.24329621992314,6.7728928571428595,802680.6,-6186345.0,253.28,256.01,252.76
2024-06-13,264.16,271.59,264.16,271.28,922610.0,259.2365,262.97486571922656,-5.680211449363583,68.93164960984079,14.779999999999973,273.6676830131048,244.80531698689512,6.413249999999999,821937.05,-5263735.0,266.13,257.46,256.5
2024-06-14,269.34,270.28,252.11,256.01,1078476.0,258.35900000000004,262.3115451745383,-5.603349469047828,50.314871617884556,-1.1999999999999886,271.1658894288167,245.5521105711834,7.3125357142857075,849116.5,-6342211.0,271.28,255.54,257.21
2024-06-17,251.42,253.62,244.6,245.52,1046171.0,257.06,260.71235039601083,-6.3160832373656035,44.15473996573378,-9.009999999999991,269.5203286262246,244.5996713737754,7.574678571428565,871867.3,-7388382.0,256.01,255.7,254.53
2024-06-18,246.23,247.36,241.89,242.2,885495.0,255.798,258.94926940591455,-7.067358028902902,42.75521404228082,-6.710000000000008,268.926565240078,242.669434759922,7.650035714285711,875028.5,-8273877.0,245.52,253.28,248.91
2024-06-20,239.44,244.925,237.74,242.61,951070.0,254.72750000000002,257.3931485101132,-7.542717389631292,40.0143781371646,-13.399999999999977,268.5085623301396,240.9464376698604,7.572178571428566,897444.25,-7322807.0,242.2,266.13,256.01
2024-06-21,243.39,244.55,240.465,242.19,1207402.0,253.781,255.94522960438812,-7.862697316705805,39.15680045411211,-15.269999999999982,268.2942721835397,239.26772781646028,7.476821428571425,934760.4,-8530209.0,242.61,271.28,257.46
2024-06-24,241.45,244.42,236.275,237.08,823153.0,253.01550000000003,254.14854107063687,-8.431425775064213,37.8295438620503,-18.45999999999998,269.33974928554653,236.69125071445356,7.655321428571422,930384.9,-9353362.0,242.19,256.01,255.54
2024-06-25,237.49,238.42,233.42,235.23,729261.0,251.996,252.34677525438573,-8.928504471041435,39.92932861367769,-20.47,270.0866389285157,233.90536107148435,7.430678571428566,924875.35,-10082623.0,237.08,245.52,255.7
2024-06-26,234.0,244.86,232.8,243.61,1224072.0,251.48799999999997,251.5147014206347,-8.547714231294066,41.04046241944269,-9.669999999999987,269.9359633450082,233.04003665499172,7.638499999999993,949884.3,-8858551.0,235.23,242.2,253.28
2024-06-27,242.77,244.79,239.0,243.0,680452.0,250.99999999999994,250.70377747581236,-8.20062541916073,39.423639547221626,-23.129999999999995,269.81891657488416,232.18108342511573,7.637071428571422,945743.35,-9539003.0,243.61,242.61,266.13
2024-06-28,243.93,243.93,240.17,241.43,1346028.0,250.24650000000003,249.82056057335404,-7.9604774834403145,39.62652550279708,-29.849999999999966,269.3429303911498,231.15006960885023,7.375999999999995,948938.0,-10885031.0,243.0,242.19,271.28
2024-07-01,241.65,247.35,238.52,238.64,548340.0,249.31800000000004,248.75574528065366,-7.904173799875565,37.92468855420519,-17.370000000000005,268.79094003698543,229.84505996301468,7.673142857142851,925149.0,-11433371.0,241.43,237.08,256.01
2024-07-02,238.57,241.77,236.395,239.74,460851.0,248.5785,247.89710287297237,-7.682235885391037,40.233698780102856,-5.780000000000001,268.3392482012575,228.8177517987425,7.819214285714281,908253.85,-10972520.0,238.64,235.23,245.52
2024-07-03,240.01,243.53,237.0811,243.37,368231.0,248.30149999999998,247.46595021840358,-7.131233408634188,31.064891839685416,1.170000000000016,268.19753533634474,228.4054646636552,7.626349999999996,881972.4,-10604289.0,239.74,243.61,242.2
2024-07-05,242.85,244.81,240.76,243.6,356761.0,247.68099999999998,247.09776448331752,-6.599921115989616,24.918448706979802,0.9899999999999807,267.33742136942647,228.0245786305735,7.384921428571429,850521.45,-10247528.0,243.37,243.0,242.61
2024-07-08,244.39,249.46,244.0025,248.94,622551.0,247.25499999999997,247.27321548490633,-5.682455121525862,42.187845290814835,6.75,266.3812151316713,228.12878486832867,6.476885714285719,826121.9,-9624977.0,243.6,241.43,242.19
2024-07-09,247.05,249.32,245.735,247.48,654089.0,246.852,247.29290924824858,-5.015352645191143,52.705687445116475,10.399999999999977,265.5786695271413,228.12533047285874,6.0886714285714305,819542.6,-10279066.0,248.94,238.64,237.08
2024-07-10,248.44,249.3,243.235,249.13,755422.0,246.52349999999996,247.4678702722249,-4.303915063028086,60.02894353573354,13.900000000000006,264.82226415153485,228.2247358484651,6.131171428571428,814458.25,-9523644.0,247.48,239.74,235.23
2024-07-11,254.24,259.24,250.5,256.3,960108.0,246.6745,248.30902548439397,-3.1255076716033443,66.56983778910725,12.689999999999998,265.25568060380965,228.09331939619034,6.242242857142857,832644.85,-8563536.0,249.13,243.37,243.61
2024-07-12,251.87,254.94,242.165,242.65,1030947.0,245.50050000000002,247.77007067635645,-3.2555245804142032,50.421708824607556,-0.3499999999999943,261.72329679307137,229.27770320692866,6.862957142857143,832574.5,-9594483.0,256.3,243.6,243.0
2024-07-15,243.0,245.7,239.246,240.27,628294.0,243.95,247.05577823098918,-3.510147233742032,53.07855624892684,-1.1599999999999966,254.85432458874237,233.0456754112576,6.742171428571429,817858.7,-10222777.0,242.65,248.94,241.43
2024-07-16,242.91,247.7558,239.32,247.54,693785.0,243.5265,247.1018945899426,-3.08969322089078,60.75484884063308,8.900000000000006,253.0261161141174,234.0268838858826,6.987585714285714,798624.15,-9528992.0,240.27,247.48,238.64
2024-07-17,245.61,253.435,244.91,250.58,759181.0,243.7795,247.43314272423376,-2.4825603829396528,56.716130260280856,10.840000000000003,253.76001253824802,233.798987461752,6.735085714285715,784274.65,-8769811.0,247.54,249.13,239.74
2024-07-18,251.89,263.24,249.265,250.66,998285.0,244.20249999999996,247.74046246478292,-1.9722134542809044,57.45716509337226,7.289999999999992,254.60916158107236,233.79583841892756,7.319728571428574,789914.15,-7771526.0,250.58,256.3,243.37
2024-07-19,253.46,257.42,249.98,251.6,682064.0,244.652,248.10803746813693,-1.4749078727495544,60.023654625658736,8.0,255.53476590228888,233.7692340977111,7.582585714285718,776463.85,-7089462.0,250.66,242.65,243.6
2024-07-22,252.0,254.16,244.53,249.31,721058.0,245.00800000000004,248.22251009021912,-1.2511509878824256,60.62114272648426,0.37000000000000455,256.01675364616347,233.9992463538366,7.639728571428575,752146.65,-7810520.0,251.6,240.27,248.94
2024-07-23,249.955,252.48,247.87,250.65,569021.0,245.68649999999997,248.45369960543636,-0.9546901696678844,60.80840101344724,3.170000000000016,256.30363466152073,235.0693653384792,7.585085714285717,739440.05,-7241499.0,249.31,247.54,247.48
2024-07-24,250.07,251.625,244.47,244.8,1266642.0,246.16500000000002,248.10572821444242,-1.1782073033497795,51.35699372330618,-4.329999999999984,255.5940156878605,236.73598431213955,7.635521428571431,766309.1,-8508141.0,250.65,250.58,249.13
2024-07-25,228.11,244.36,225.9,226.05,2100676.0,245.28700000000003,246.00518267020982,-2.8356271933359665,37.67729250768879,-30.25,258.30498448300705,232.269015516993,8.664807142857144,810139.3,-10608817.0,244.8,250.66,256.3
2024-07-26,226.39,226.4104,218.85,220.45,1185768.0,244.15950000000004,243.57135574923745,-4.54858434614502,30.06856022917364,-22.200000000000017,261.27332140720495,227.04567859279513,8.815014285714287,835405.1,-11794585.0,226.05,251.6,242.65
2024-07-29,221.38,225.71,217.55,223.96,1136265.0,243.286,241.7036075826434,-5.558809074939603,34.00435255065207,-16.310000000000002,262.6250974589334,223.9469025410666,9.141800000000003,824916.95,-10658320.0,220.45,249.31,240.27
2024-07-30,220.91,232.84,220.39,231.16,1253358.0,242.91199999999998,240.6994544795345,-5.712588460864907,38.63665106183239,-16.379999999999995,262.9075801431958,222.91641985680417,9.597871428571434,860167.85,-9404962.0,223.96,250.65,247.54
2024-07-31,231.78,238.98,226.59,231.88,856812.0,242.519,239.85950643386454,-5.710534265172043,33.18645000737247,-18.700000000000017,263.0781049364821,221.95989506351793,9.858585714285718,879965.9,-8548150.0,231.16,244.8,250.58
2024-08-01,230.35,233.5,226.27,228.33,720804.0,241.767,238.76145820206793,-5.927038421777837,38.54766473864896,-22.329999999999984,263.27346522131415,220.26053477868584,9.462514285714288,897594.55,-9268954.0,231.88,226.05,250.66
2024-08-02,224.02,224.03,209.18,213.49,1381501.0,240.26149999999998,236.35465265901385,-7.212937250251372,32.141904501867344,-38.109999999999985,265.17358311769533,215.34941688230464,10.062228571428575,948831.55,-10650455.0,228.33,220.45,251.6
2024-08-05,202.82,212.69,196.09,207.94,1410698.0,238.21150000000003,233.6484952629173,-8.580944169387436,22.972972968582837,-41.370000000000005,266.619132239831,209.80386776016906,10.645385714285718,988238.9,-12061153.0,213.49,223.96,249.31
2024-08-06,208.1,209.26,203.43,206.36,918737.0,236.1555,231.04959095216327,-9.68099581046863,19.206128129959794,-44.28999999999999,267.53531146164227,204.7756885383577,10.452885714285715,1001471.3,-12979890.0,207.94,231.16,250.65
2024-08-07,210.0,214.34,203.06,204.03,742857.0,233.90050000000002,228.47629657576678,-10.618403838878749,18.5145172145955,-40.77000000000001,267.74005734126,200.06094265874003,10.260385714285714,1000843.05,-13722747.0,206.36,231.88,244.8
2024-08-08,205.57,214.32,202.93,214.15,982417.0,231.79300000000003,227.1118873780747,-10.424539430721666,27.502102602606897,-11.900000000000006,265.00305814666774,198.58294185333233,10.542528571428567,1001958.5,-12740330.0,204.03,228.33,226.05
2024-08-09,213.67,216.71,211.65,214.92,758931.0,230.4065,225.9507552468295,-10.092428690119306,28.95606412427628,-5.530000000000001,264.02099829744986,196.79200170255015,10.216099999999997,988357.7,-11981399.0,214.15,213.49,220.45
2024-08-12,213.74,215.34,211.35,213.57,641347.0,229.07150000000001,224.7716356995124,-9.824906842643372,27.31277532571734,-10.390000000000015,263.1541347356847,194.98886526431536,10.171814285714285,989010.35,-12622746.0,214.92,207.94,223.96
2024-08-13,214.99,222.8,214.2,219.83,754290.0,227.686,224.30100372813027,-9.003971984271828,34.79849019253405,-11.329999999999984,260.8479664200102,194.5240335799898,10.275028571428573,992035.6,-11868456.0,213.57,206.36,231.16
2024-08-14,221.44,226.85,218.0,220.03,631926.0,226.1585,223.89424146830834,-8.242225619635775,45.26580684753504,-11.849999999999994,257.6527436010103,194.66425639898975,9.5886,985672.85,-11236530.0,219.83,204.03,231.88
2024-08-15,227.0,238.455,226.45,235.33,1463436.0,225.392,224.98336132846944,-6.330974473035269,60.15283841645553,7.0,255.06923749379197,195.71476250620802,9.906071428571428,1008930.4,-9773094.0,220.03,214.15,228.33
2024-08-16,233.12,245.19,233.12,240.35,1028745.0,224.8295,226.44685072575805,-4.36095178609844,60.95734722752503,26.859999999999985,252.79211374350032,196.86688625649967,10.185357142857143,1026264.45,-8744349.0,235.33,214.92,213.49
2024-08-19,238.91,243.21,234.285,240.01,650395.0,224.3645,227.7385792280668,-2.7949117688472143,56.51405857807748,32.06999999999999,250.88515766827183,197.84384233172815,9.933571428571428,1022731.3,-9394744.0,240.35,213.57,207.94
2024-08-20,237.5,242.14,232.73,233.23,692861.0,223.49349999999998,228.26157168253664,-2.07696119356973,50.912285434345556,26.869999999999976,247.39411375560272,199.59288624439725,9.720714285714285,1028923.3,-10087605.0,240.01,219.83,206.36
2024-08-21,234.22,235.44,231.19,235.13,460672.0,223.01,228.91570771277125,-1.3392282791888022,54.70002763663532,31.099999999999994,245.44189740196757,200.57810259803242,9.507857142857144,988624.8,-9626933.0,233.23,220.03,204.03
2024-08-22,234.19,234.67,228.16,228.69,691763.0,223.142,228.89421174012637,-1.2597027388577544,61.88614324575529,14.539999999999992,245.68003764865966,200.60396235134033,8.912142857142857,918179.15,-10318696.0,235.13,235.33,214.15
2024-08-23,230.99,236.04,226.52,233.97,549901.0,223.81799999999998,229.37762014582862,-0.7618442360606821,70.44133813434618,19.05000000000001,246.8222747514864,200.81372524851358,8.406428571428572,886385.8,-9768795.0,228.69,240.35,214.92
2024-08-26,233.97,233.97,228.65,231.65,631371.0,224.20250000000001,229.59403727479733,-0.5481733949229692,69.63204469841874,18.080000000000013,247.4723014150209,200.93269858497914,8.370000000000001,861141.1,-10400166.0,233.97,240.01,213.57
2024-08-27,231.22,238.96,229.77,236.28,602731.0,224.45850000000002,230.23079562957852,-0.005175745795924058,74.17178832201462,16.44999999999999,248.15924773414685,200.75775226585318,8.220714285714285,828609.75,-9797435.0,231.65,233.23,219.83
2024-08-28,234.17,235.04,228.88,230.93,563570.0,224.411,230.2973865219996,-0.006471880996315349,63.54536646933106,10.900000000000006,248.05285574690924,200.76914425309076,7.847142857142858,813947.65,-10361005.0,236.28,235.13,220.03
2024-08-29,234.27,238.0,232.4,235.15,356798.0,224.752,230.7595401865711,0.3292245586211777,65.46872609089218,-0.18000000000000682,248.82467207960937,200.67932792039065,7.885714285714286,795747.35,-10004207.0,230.93,228.69,235.33
2024-08-30,236.45,240.75,234.435,237.22,493501.0,225.93850000000003,231.3748220735643,0.753610947916286,67.88685522688829,-3.1299999999999955,250.01319540715198,201.86380459284808,8.051785714285714,751347.35,-9510706.0,235.15,233.97,240.35
2024-09-03,234.23,238.76,226.192,226.5,508165.0,226.8665,230.9105533046534,0.22236255289345763,54.72580415521948,-13.509999999999991,249.40163119319507,204.33136880680493,8.335214285714283,706220.7,-10018871.0,237.22,231.65,240.01
2024-09-04,224.25,227.06,221.57,222.34,760399.0,227.6655,230.09431013278166,-0.5282435975696558,51.54971151587688,-10.889999999999986,248.18202630390257,207.14897369609744,8.095214285714283,698303.8,-10779270.0,226.5,236.28,233.23
2024-09-05,222.41,228.27,218.91,226.52,570253.0,228.79000000000002,229.75389964394532,-0.7768581759574431,43.05314618194694,-8.609999999999985,246.06055663016022,211.51944336983982,7.906285714285711,689673.6,-10209017.0,222.34,230.93,235.13
2024-09-06,226.99,228.51,218.25,221.15,635768.0,229.13999999999996,228.93448063023624,-1.3911646611981325,34.94353826083423,-7.539999999999992,245.41644471717825,212.86355528282166,7.776999999999997,672341.15,-10844785.0,226.52,235.15,228.69
2024-09-09,222.7,229.56,219.68,221.38,620627.0,229.46299999999997,228.21500628449945,-1.8382576093379157,35.36527886103512,-12.590000000000003,244.77934984685842,214.1466501531415,7.845214285714282,665425.95,-10224158.0,221.15,237.22,233.97
2024-09-10,221.45,227.85,218.56,227.15,427871.0,230.142,228.11357711454713,-1.707310402303733,45.146870998849685,-4.5,243.58072581678528,216.70327418321472,7.836642857142853,654752.15,-9796287.0,221.38,226.5,231.65
2024-09-11,225.77,226.065,219.41,225.15,663773.0,230.408,227.83133167506645,-1.7448040673934884,42.046541272096725,-11.129999999999995,243.18144712983664,217.63455287016333,8.008428571428567,650226.3,-10460060.0,227.15,222.34,236.28
2024-09-12,226.09,230.3299,221.86,228.86,360999.0,230.84950000000003,227.92930008696487,-1.4583412230819874,50.14164304779233,-2.069999999999993,242.6888589353388,219.01014106466127,8.148421428571424,636679.95,-10099061.0,225.15,226.52,230.93
2024-09-13,230.22,243.96,230.22,243.73,887463.0,231.26950000000002,229.43412865011106,-0.031074422467412433,57.01149424140573,8.579999999999984,244.31286003690838,218.22613996309167,8.449849999999998,607881.3,-9211598.0,228.86,221.15,235.15
2024-09-16,244.85,250.46,243.69,249.56,897024.0,231.73000000000002,231.35087830248145,1.5525799018504927,62.24866638118614,12.340000000000003,246.6399726428426,216.82002735715744,8.553421428571427,601295.25,-8314574.0,243.73,221.38,237.22
2024-09-17,252.62,259.52,251.1,253.16,855659.0,232.3875,233.42793751176893,3.0628209832358095,61.70921197469577,26.659999999999997,249.7868343792771,214.98816562072287,8.498421428571428,611558.45,-7458915.0,249.56,227.15,226.5
2024-09-18,253.41,262.87,249.31,253.01,912530.0,233.37650000000002,235.29289584398143,4.199188542915664,66.50717701957086,30.669999999999987,253.07429712502744,213.6787028749726,9.026992857142856,622541.9,-8371445.0,253.16,225.15,222.34
2024-09-19,259.99,260.88,256.48,257.17,514010.0,234.4785,237.37642957312605,5.373502858376497,66.47710264994494,30.650000000000006,256.87108831798463,212.08591168201536,8.941278571428569,625208.8,-7857435.0,253.01,228.86,226.52
2024-09-20,254.74,255.03,248.94,252.85,862355.0,235.68649999999997,238.85010294711404,5.887697802335879,61.314608355893945,31.69999999999999,259.33570408140633,212.0372959185936,8.925207142857142,633738.4,-8719790.0,257.17,243.73,221.15
2024-09-23,254.35,257.18,252.0,253.16,498686.0,236.64600000000002,240.21295028548414,6.248190162387544,72.72417318414354,31.78,261.5270521016297,211.76494789837034,8.397492857142856,631177.65,-8221104.0,252.85,249.56,221.38
2024-09-24,255.61,260.35,246.9,249.01,673097.0,237.51399999999998,241.05076454400947,6.128368619294463,72.73657287266302,21.859999999999985,262.86794531739974,212.16005468260025,8.966064285714285,633263.95,-8894201.0,253.16,253.16,227.15
2024-09-25,250.04,250.04,242.165,242.45,464591.0,237.8225,241.18402506362762,5.441347540054522,63.05095853051425,17.299999999999983,263.2632256392665,212.38177436073346,8.859992857142856,626356.95,-9358792.0,249.01,253.01,225.15
2024-09-26,245.25,253.82,243.8,249.46,881575.0,238.74899999999997,241.97221315280595,5.400275782316697,72.58656452822382,20.599999999999994,264.48082252632173,213.0171774736782,8.842849999999999,642257.2,-8477217.0,242.45,257.17,228.86
2024-09-27,251.97,259.01,249.74,254.81,708255.0,239.73200000000003,243.19485951920538,5.733336077137864,74.65702904491518,11.080000000000013,266.3710252706106,213.09297472938945,8.79927857142857,659830.05,-7768962.0,249.46,252.85,243.73
2024-09-30,253.21,255.415,250.44,254.32,485940.0,240.587,244.2543967078525,5.889855270208585,71.73252278028703,4.759999999999991,267.97373524479013,213.20026475520984,8.491064285714284,659452.0,-8254902.0,254.81,253.16,249.56
2024-10-01,254.85,256.22,244.115,245.35,415450.0,241.5295,244.3587398785332,5.229807854334695,64.53655726966733,-7.810000000000002,268.16202659120785,214.8969734087922,8.880349999999998,654816.25,-8670352.0,254.32,249.01,253.16
2024-10-02,241.08,242.56,234.7,238.06,550427.0,242.3155,243.7588598901015,4.071539276638163,56.29619489750687,-14.949999999999989,267.449159942497,217.181840057503,8.836785714285714,644317.65,-9220779.0,245.35,242.45,253.01
2024-10-03,237.7,239.73,235.19,236.97,598058.0,242.83800000000002,243.1123018053299,3.0307130203091504,44.298245603573314,-20.200000000000017,267.00494358219674,218.6710564178033,8.179642857142856,645707.9,-9818837.0,238.06,249.46,257.17
2024-10-04,242.39,242.88,235.74,241.35,466500.0,243.848,242.94446353815562,2.530114522937623,42.901608151467705,-11.5,265.78397535412233,221.9120246458777,8.206071428571425,637244.5,-9352337.0,236.97,254.81,252.85
2024-10-07,239.98,240.0,232.3,234.85,421285.0,244.5215,242.17356224880746,1.5905559905701523,34.925078206999004,-18.310000000000002,264.2710862981276,224.7719137018724,8.154642857142855,627277.4,-9773622.0,241.35,254.32,253.16
2024-10-08,235.04,236.5,231.77,234.06,447521.0,244.86700000000002,241.40084203463533,0.7732886960905603,34.56086034733826,-14.949999999999989,263.5499830819901,226.18401691800995,7.523928571428568,628259.9,-10221143.0,234.85,245.35,249.01
2024-10-09,233.98,234.17,229.37,233.79,500875.0,245.29900000000004,240.67599993609863,0.10262869390857077,29.662491294097507,-8.659999999999997,262.39447911921786,228.2035208807822,7.552499999999997,620115.0,-10722018.0,234.06,238.06,242.45
2024-10-10,230.79,233.11,228.63,229.65,671264.0,245.33849999999998,239.62590470408924,-0.7542431447569129,29.755671894998628,-19.810000000000002,262.27697973666164,228.40002026333832,7.437499999999998,635628.25,-11393282.0,233.79,236.97,249.46
2024-10-11,226.78,227.18,218.11,222.04,1311849.0,244.254,237.9510566370331,-2.024051643466379,25.913312687882566,-32.77000000000001,264.1460374442647,224.36196255573523,7.7153571428571395,656847.55,-12705131.0,229.65,241.35,254.81
2024-10-14,222.68,224.43,219.91,221.27,846662.0,242.8395,236.3623845763633,-3.057274237684169,27.344005220796873,-33.04999999999998,265.03308321202974,220.6459167879702,7.077499999999996,654329.45,-13551793.0,222.04,234.85,254.32
2024-10-15,220.66,223.375,217.78,219.15,934876.0,241.13899999999998,234.72310985480487,-4.001055196252111,29.482212039225956,-26.19999999999999,265.1411164856203,217.1368835143797,6.914642857142853,658290.3,-14486669.0,221.27,234.06,245.35
2024-10-16,219.54,219.54,214.26,216.05,1499086.0,239.29100000000003,232.94471844006156,-4.942182098869836,18.40363154420936,-22.00999999999999,265.07029720163706,213.51170279836296,6.576071428571426,687618.1,-15985755.0,219.15,233.79,238.06
2024-10-17,217.97,218.665,214.92,216.02,845832.0,237.2335,231.33284049338903,-5.6256042351211875,9.211356464164908,-20.94999999999999,263.5671185172172,210.89988148278277,6.181428571428571,704209.2,-16831587.0,216.05,229.65,236.97
2024-10-18,217.42,219.71,215.18,219.7,828386.0,235.57600000000002,230.22495092259007,-5.803378225237253,15.884903424864206,-21.650000000000006,261.94398249871284,209.2080175012872,6.149642857142857,702510.75,-16003201.0,216.02,222.04,241.35
2024-10-21,219.47,220.0,215.24,216.56,768087.0,233.746,228.92352702520054,-6.127008807513931,17.947005115759083,-18.289999999999992,260.0557663675598,207.43623363244023,5.624999999999998,715980.8,-16771288.0,219.7,221.27,234.85
2024-10-22,212.55,213.4125,209.39,210.81,1017394.0,231.836,227.19842921327668,-6.76943152800655,18.584274838363356,-23.25,259.01213690063196,204.65986309936807,5.3508928571428545,733195.65,-17788682.0,216.56,219.15,234.06
2024-10-23,208.29,210.35,206.12,207.66,1457058.0,230.09650000000002,225.33762643105985,-7.446891704706843,17.741580447977455,-26.129999999999995,258.82162655828085,201.3713734417192,5.328749999999998,782819.0,-19245740.0,210.81,216.05,233.79
2024-10-24,214.48,226.85,213.0,216.42,2032166.0,228.4445,224.48832867572082,-7.193997065896525,24.974904630603277,-13.230000000000018,256.26687151721393,200.62212848278605,5.808035714285713,840348.55,-17213574.0,207.66,216.02,229.65
2024-10-25,222.5,226.72,218.48,219.3,1143391.0,226.669,223.99420213517598,-6.6841337783316135,33.167352230691876,-2.7399999999999807,251.8100127501863,201.52798724981372,5.846607142857143,862105.35,-16070183.0,216.42,219.7,222.04
2024-10-28,219.69,222.8325,215.73,215.8,791552.0,224.743,223.21380193182588,-6.48769805412914,31.32924334481372,-5.469999999999999,246.66008211466146,202.82591788533853,6.01607142857143,877385.95,-16861735.0,219.3,216.56,221.27
2024-10-29,207.06,217.5,205.83,212.78,1070230.0,223.1145,222.22010650974724,-6.500773221156749,29.66118101809765,-6.3700000000000045,243.36102014284162,202.86797985715836,6.506785714285717,910124.95,-17931965.0,215.8,210.81,219.15
2024-10-30,210.44,214.85,210.28,210.86,825496.0,221.7545,221.13819160405703,-6.590096805336998,30.99332388359484,-5.189999999999998,241.4198063192855,202.08919368071452,6.513214285714286,923878.4,-18757461.0,212.78,207.66,216.05
2024-10-31,210.65,211.76,204.925,205.03,1032366.0,220.15749999999997,219.60407811795636,-7.050050077207089,32.15110177439422,-10.990000000000009,239.80775552263907,200.50724447736087,6.353571428571428,945593.8,-19789827.0,210.86,216.42,216.02
2024-11-01,204.81,209.31,204.77,208.58,866719.0,218.519,218.55416591624623,-7.0468789930372395,37.418203439939425,-11.119999999999976,236.08303250664486,200.95496749335516,6.354999999999998,965604.75,-18923108.0,205.03,219.3,219.7
2024-11-04,208.97,216.6,207.38,210.78,730706.0,217.31550000000001,217.813769162318,-6.788589636574727,41.714511966264034,-5.780000000000001,233.40455934248652,201.2264406575135,6.613928571428569,981075.8,-18192402.0,208.58,215.8,216.56
2024-11-05,208.55,213.26,206.28,212.15,651470.0,216.21999999999997,217.2743625754306,-6.399575586508746,46.0024600113974,1.3400000000000034,230.3760952094382,202.06390479056174,6.73535714285714,991273.25,-17540932.0,210.78,212.78,210.81
2024-11-06,222.17,225.09,215.19,224.85,1179421.0,215.773,217.995851853961,-5.008757449439372,57.18470299754944,17.189999999999998,228.03034769969875,203.51565230030124,7.174999999999997,1025200.55,-16361511.0,212.15,210.86,207.66
2024-11-07,224.91,224.91,219.77,222.18,959183.0,215.3995,218.39434215358375,-4.074996715842872,52.051621430696194,5.760000000000019,226.2510407103878,204.54795928961218,7.218571428571424,1039596.5,-17320694.0,224.85,205.03,216.42
2024-11-08,220.94,224.16,216.58,220.51,843952.0,215.323,218.59583337705197,-3.43019845771542,53.349160577465,1.2099999999999795,225.99756021525963,204.6484397847404,7.4199999999999955,1016201.65,-18164646.0,222.18,208.58,219.3
2024-11-11,223.96,229.0,223.27,225.24,666063.0,215.5215,219.22861115066607,-2.5086021192109342,62.45038825065909,9.439999999999998,226.79267100345854,204.25032899654147,7.54196428571428,1007171.7,-17498583.0,220.51,210.78,215.8
2024-11-12,223.35,225.41,218.79,219.09,570108.0,215.5185,219.21541008869787,-2.2485639381095837,59.37653813238274,6.310000000000002,226.78563576827682,204.25136423172316,7.712678571428567,988933.3,-18068691.0,225.24,212.15,212.78
2024-11-13,217.67,219.38,213.175,215.03,594114.0,215.46749999999997,218.81679960405998,-2.343080304047106,48.76444443230753,4.1699999999999875,226.73373997426046,204.2012600257395,7.166607142857138,943684.7,-18662805.0,219.09,224.85,210.86
2024-11-14,215.59,225.01,213.37,221.64,926200.0,215.7485,219.08567583224473,-1.8631363707637547,51.95065020461304,16.609999999999985,227.34817381572907,204.14882618427094,7.409464285714279,947703.1,-17736605.0,215.03,222.18,205.03
2024-11-15,223.3,229.3,221.195,223.69,1074011.0,215.948,219.52418289584048,-1.3023468347645917,56.74013325142042,15.109999999999985,227.96361370181776,203.93238629818225,7.481071428571421,959984.35,-16662594.0,221.64,220.51,208.58
2024-11-18,223.83,231.86,223.185,229.9,940290.0,216.61499999999995,220.51235595337948,-0.3527556389296649,63.86908618123513,19.120000000000005,230.1576585277682,203.0723414722317,7.267142857142852,968594.5,-15722304.0,223.69,225.24,210.78
2024-11-19,226.69,227.62,221.5638,222.58,623971.0,217.20350000000002,220.70927443401,-0.18868554943921367,58.730631692159875,10.430000000000007,230.7069003904572,203.70009960954283,7.373299999999996,948923.35,-16346275.0,229.9,219.09,212.15
2024-11-20,221.0,224.24,219.0,223.87,529015.0,218.01400000000004,221.01029591648526,0.044915638046518325,65.05273248784374,-0.9799999999999898,231.043111372524,204.98488862747607,7.259371428571427,902521.2,-15817260.0,222.58,215.03,224.85
2024-11-21,225.0,229.29,224.43,228.21,475059.0,218.60350000000003,221.69598201967713,0.5736354785193498,65.48840143732306,6.030000000000001,232.3746877330421,204.83231226695796,7.282228571428569,824665.85,-15342201.0,223.87,221.64,222.18
2024-11-22,226.3,230.0,216.61,225.89,832907.0,218.933,222.0954123035174,0.7962662882519851,61.89951172048205,5.3799999999999955,233.08446055321554,204.78153944678445,7.580085714285711,809141.65,-16175108.0,228.21,223.69,220.51
2024-11-25,230.0,241.15,228.5201,240.52,1393585.0,220.169,223.85013494127764,2.128683403699995,68.48208467806188,15.280000000000001,237.1945670281881,203.14343297181193,7.983649999999997,839243.3,-14781523.0,225.89,229.9,225.24
2024-11-26,237.26,237.475,226.5201,227.93,1612863.0,220.92649999999998,224.23869351829882,2.1440109624873287,52.00939456252438,8.840000000000003,237.91591995849367,203.93708004150628,8.058999999999996,866374.95,-16394386.0,240.52,222.58,219.09
2024-11-27,230.33,234.6,228.045,229.66,528860.0,221.86650000000003,224.75500842131797,2.2695922582606443,54.94055481150371,14.629999999999995,238.58906247676254,205.14393752323753,8.160071428571426,851543.15,-15865526.0,227.93,223.87,215.03
2024-11-29,228.48,233.67,226.75,232.77,312009.0,223.25349999999997,225.51834095262103,2.590209031207735,57.94659060395058,11.130000000000024,238.64490330799077,207.86209669200917,8.112928571428569,815525.3,-15553517.0,229.66,228.21,221.64
2024-12-02,231.22,235.56,226.525,234.14,778508.0,224.5315,226.3394513380857,2.92117420623768,56.03144482536675,10.449999999999989,239.01045936213256,210.05254063786742,8.348999999999998,811114.75,-14775009.0,232.77,225.89,223.69
2024-12-03,233.79,235.61,229.52,234.01,538909.0,225.69300000000004,227.06997978207752,3.136817301133078,61.00944508774892,4.109999999999985,239.2230664797751,212.16293352022498,8.311142857142855,801524.9,-15313918.0,234.14,240.52,229.9
2024-12-04,237.0,237.205,233.6001,235.29,612124.0,226.85,227.8528388504511,3.3721295002545446,65.58941211267694,12.70999999999998,239.427878659723,214.27212134027698,8.125421428571428,799557.6,-14701794.0,234.01,227.93,222.58
2024-12-05,235.45,235.45,226.67,227.81,528092.0,226.998,227.84875895993196,2.9213669269148,54.68488988966457,3.9399999999999977,239.5464150393493,214.44958496065067,7.9211357142857155,766991.15,-15229886.0,235.29,229.66,223.87
2024-12-06,230.21,240.6,229.535,232.35,560688.0,227.50650000000002,228.27744858279559,2.897078677979465,56.335967211169105,4.139999999999986,240.05709029854276,214.95590970145727,8.132564285714285,747066.4,-14669198.0,227.81,232.77,228.21
2024-12-09,232.0,240.0,231.67,237.57,548673.0,228.35949999999997,229.1624534796722,3.261444537895869,55.694135103493416,11.680000000000007,241.2229782477894,215.49602175221054,8.107921428571428,732302.45,-14120525.0,232.35,234.14,225.89
2024-12-10,237.19,239.48,233.94,237.16,586656.0,228.95549999999997,229.92412457684628,3.4770423536378416,62.061548628906976,-3.3600000000000136,242.30577139482804,215.6052286051719,8.071049999999998,728332.1,-14707181.0,237.57,234.01,240.52
2024-12-11,240.35,246.1899,237.25,239.52,495479.0,229.977,230.8380174742895,3.794595715217355,62.72150868349698,11.590000000000003,243.27522006292136,216.67877993707864,8.335328571428567,724600.65,-14211702.0,237.16,235.29,227.93
2024-12-12,239.15,241.2848,235.36,235.72,389425.0,231.01149999999998,231.30296819102384,3.6970139248287808,56.15876659363255,6.060000000000002,242.51132201234313,219.51167798765684,8.41138571428571,714366.2,-14601127.0,239.52,227.81,229.66
2024-12-13,235.19,238.11,233.8,235.39,519180.0,231.69899999999998,231.69220931568825,3.552104956007753,58.05357747011274,2.619999999999976,242.46015020265006,220.9378497973499,7.762814285714283,694015.2,-15120307.0,235.72,232.35,232.77
2024-12-16,233.14,237.17,229.73,230.09,765698.0,232.019,231.53961795228938,2.975300436777985,39.496475316154054,-4.049999999999983,242.1388916158018,221.8991083841982,7.3921071428571405,678599.55,-15886005.0,235.39,237.57,234.14
2024-12-17,226.61,231.295,226.1,228.81,586143.0,231.9645,231.27965433778562,2.3873732443698543,51.14762648106241,-5.199999999999989,242.14400567509344,221.78499432490653,6.980685714285713,660892.2,-16472148.0,230.09,237.16,234.01
2024-12-18,228.83,228.965,212.5,212.69,964469.0,231.46999999999997,229.5092110675203,0.6136140680469282,33.908590925948786,-22.599999999999994,244.2082804755378,218.73171952446214,7.688542857142855,677917.1,-17436617.0,228.81,239.52,235.29
2024-12-19,215.0,218.8217,211.46,213.58,933414.0,230.95549999999997,227.99214334680408,-0.7120788942350771,31.003761622766717,-14.22999999999999,245.66497346010271,216.24602653989723,7.720092857142855,698137.05,-16503203.0,212.69,235.72,227.81
2024-12-20,211.64,214.98,210.6,211.06,1463105.0,230.098,226.37955826615607,-1.9436380083392635,27.66163375169839,-21.289999999999992,247.27410286047055,212.92189713952948,7.387592857142855,747539.35,-17966308.0,213.58,235.39,232.35
2024-12-23,211.27,211.99,205.33,207.57,956999.0,229.18200000000002,224.58817176461739,-3.164789587670356,25.97237367568863,-30.0,249.04659595942883,209.3174040405712,7.4283071428571406,753743.95,-18923307.0,211.06,230.09,237.57
2024-12-24,207.61,213.57,207.4275,213.5,445557.0,227.831,223.5321554060824,-3.6124178667742797,31.741243498502158,-23.659999999999997,248.1196080558001,207.5423919441999,7.6095642857142805,706342.55,-18477750.0,207.57,228.81,237.16
2024-12-26,211.55,216.1,210.51,215.5,570981.0,227.20950000000002,222.76718822455075,-3.7624124687301617,38.64181582319644,-24.02000000000001,248.23354485595087,206.18545514404917,7.381707142857138,654248.45,-17906769.0,213.5,212.69,239.52
2024-12-27,212.49,214.825,209.665,211.43,390554.0,226.298,221.68745601268878,-4.161725476316747,30.52866715511169,-24.289999999999992,248.426432389118,204.169567610882,6.959921428571424,647333.15,-18297323.0,215.5,213.58,235.72
2024-12-30,207.98,208.225,204.13,206.58,486696.0,224.98850000000002,220.248650678147,-4.814045063726894,20.95595125973044,-28.809999999999974,248.55715739873,201.41984260127003,6.657421428571423,656067.5,-18784019.0,211.43,211.06,235.39
2024-12-31,208.32,208.99,206.2627,208.51,431737.0,223.70699999999997,219.1306839468949,-5.116300637182462,23.892837610087497,-21.580000000000013,247.9578114676986,199.45618853230133,6.456514285714282,638728.95,-18352282.0,206.58,207.57,230.09
2025-01-02,211.77,215.7596,207.2,208.49,517888.0,222.43099999999998,218.11728547576206,-5.2964005806341845,20.46449647274885,-20.319999999999993,247.08150690201055,197.78049309798942,6.429349999999998,637677.9,-18870170.0,208.51,213.5,228.81
2025-01-03,209.84,212.49,206.0,208.26,517020.0,221.07949999999997,217.17849638283235,-5.3954942619067765,21.956699340126747,-4.430000000000007,245.72544722741634,196.4335527725836,6.469721428571428,632922.7,-19387190.0,208.49,215.5,212.69
2025-01-06,215.31,221.96,212.545,218.88,913586.0,220.63299999999998,217.34054434637213,-4.564465160204378,36.06751054000093,5.299999999999983,245.08836781029044,196.17763218970953,6.834364285714287,652197.4,-18473604.0,208.26,211.43,213.58
2025-01-07,219.56,226.355,216.84,217.56,667485.0,219.8935,217.36144488481287,-3.966656431973604,38.66473673708511,6.5,243.74402953179685,196.04297046820312,6.982578571428571,657537.25,-19141089.0,218.88,206.58,211.06
2025-01-08,215.91,216.02,210.0,215.37,729085.0,218.7835,217.17178346721164,-3.627784563052302,38.038447836729475,7.800000000000011,241.1930292465588,196.3739707534412,7.041507142857144,666557.85,-19870174.0,217.56,208.51,207.57
2025-01-10,211.0,215.0,208.01,212.12,758779.0,217.5315,216.6906612322391,-3.5802036450876358,49.34195334355144,-1.3799999999999955,238.36034970419007,196.70265029580992,6.36472142857143,675164.0,-20628953.0,215.37,208.49,213.5
2025-01-13,210.0,213.81,207.77,213.68,454336.0,216.2395,216.40393159107347,-3.3776806621228843,50.113688024065674,-1.8199999999999932,234.3543342526156,198.1246657473844,6.270314285714288,673106.85,-20174617.0,212.12,208.26,215.5
2025-01-14,213.74,215.35,208.8,210.46,382833.0,214.9765,215.8378428681141,-3.437382818921151,49.328558623755605,-0.9699999999999989,230.74261059068232,199.21038940931766,6.425314285714287,672777.25,-20557450.0,213.68,218.88,211.43
2025-01-15,214.55,218.97,214.45,215.78,469606.0,213.996,215.8323340235318,-3.0205980948296087,58.826058894354674,9.199999999999989,226.5231551775267,201.46884482247333,6.272457142857145,670298.55,-20087844.0,210.46,217.56,206.58
2025-01-16,215.78,219.12,213.5375,218.91,464316.0,213.43699999999998,216.12544506890973,-2.4099479765832825,56.18851519591309,10.400000000000006,223.74077161399697,203.133228386003,6.232457142857148,655229.45,-19623528.0,215.78,215.37,208.51
2025-01-17,222.92,228.0,221.0,224.23,670069.0,213.208,216.89730744329927,-1.479667137768331,59.28130978460688,15.73999999999998,222.19228475902807,204.22371524097193,6.333171428571433,659425.75,-18953459.0,218.91,212.12,208.49
2025-01-21,228.29,230.27,226.8,228.0,744375.0,213.9735,217.95470673441363,-0.4332115844202633,67.72950993048977,19.74000000000001,225.12058038243015,202.82641961756985,6.212457142857147,648421.05,-18209084.0,224.23,213.68,208.26
2025-01-22,228.0,237.23,225.56,232.14,727517.0,214.9015,219.30568704542185,0.7218542945209663,77.77053452653655,13.259999999999991,228.68834235439695,201.11465764560305,6.753528571428575,638126.2,-17481567.0,228.0,210.46,218.88
2025-01-23,231.63,235.55,228.57,234.89,455074.0,216.093,220.78990732681024,1.8379673985971863,78.15969254709148,17.329999999999984,232.37508844744002,199.81091155255996,7.057292857142861,587724.65,-17026493.0,232.14,215.78,217.56
2025-01-24,232.77,234.3947,226.12,233.3,508657.0,217.3795,221.98134472425687,2.5646318830034147,75.62487087257287,17.930000000000007,234.84883008686793,199.91016991313208,7.03694285714286,565307.55,-17535150.0,234.89,218.91,215.37
2025-01-27,232.57,234.19,228.22,229.82,592583.0,218.19550000000004,222.7278833219467,2.8271224974755285,70.86720865288153,17.69999999999999,236.41054002624307,199.980459973757,6.999800000000001,572658.85,-18127733.0,233.3,224.23,212.12
2025-01-28,230.24,230.5,224.35,226.17,574128.0,218.72899999999998,223.05570395795178,2.7093915259368657,58.15618704823927,12.48999999999998,237.23433908731704,200.22366091268293,6.766585714285715,572816.2,-18701861.0,229.82,228.0,213.68
2025-01-29,225.07,227.89,223.47,224.45,475367.0,219.38000000000002,223.18849405719448,2.449067926857424,57.64027498764772,13.98999999999998,237.71951385453818,201.04048614546187,6.4026571428571435,577056.85,-19177228.0,226.17,232.14,210.46
2025-01-30,226.59,231.8,224.53,225.36,885875.0,220.31900000000002,223.39530414698547,2.2897936776999472,61.401506485742516,9.580000000000013,237.8021671224446,202.83583287755545,6.491942857142858,597015.8,-18291353.0,224.45,234.89,215.78
2025-01-31,226.34,227.67,216.56,219.11,1207694.0,220.849,222.98717994251066,1.640336147132757,57.46635332611561,0.20000000000001705,237.44501461352635,204.25298538647363,6.786228571428571,635813.65,-19499047.0,225.36,233.3,218.91
2025-02-03,213.9,220.32,209.145,215.82,1432819.0,221.21550000000002,222.30459137655725,0.8503584676612377,52.20436751687553,-8.409999999999997,236.9644588294045,205.46654117059555,7.153014285714284,681560.2,-20931866.0,219.11,229.82,224.23
2025-02-04,212.84,217.62,212.62,214.75,889769.0,221.54000000000002,221.5851064835518,0.1363832661646427,54.62384132863258,-13.25,236.4077878579574,206.67221214204264,7.042299999999999,700197.65,-21821635.0,215.82,226.17,228.0
2025-02-05,217.01,218.21,214.3044,216.36,1226941.0,221.414,221.08747729464213,-0.29612019103257126,50.67947514738726,-15.779999999999973,236.4187857628566,206.40921423714337,6.9984142857142855,715865.4,-20594694.0,214.75,224.45,232.14
2025-02-06,227.46,232.2,211.0,218.38,2298310.0,221.455,220.8296223142,-0.4704619858049739,49.36252103220891,-16.50999999999999,236.41987325635264,206.49012674364738,8.113949999999999,797406.65,-18296384.0,216.36,225.36,234.89
2025-02-07,218.23,224.18,210.53,210.55,1396179.0,221.21400000000003,219.85061066522857,-1.2263085545205854,34.4827586097378,-22.75,236.73634708242022,205.69165291757983,8.588949999999999,830761.35,-19692563.0,218.38,219.11,233.3
2025-02-10,214.57,216.95,211.59,212.03,932485.0,221.2095,219.10579060187348,-1.68645833280749,30.89255801788714,-17.789999999999992,236.74299586165202,205.67600413834796,8.723949999999999,839446.65,-18760078.0,210.55,215.82,229.82
2025-02-11,211.08,212.23,206.56,210.52,650679.0,221.05150000000003,218.2880962588379,-2.14821148294331,22.395301319879138,-15.649999999999977,236.9670525062342,205.13594749376585,8.29537857142857,849263.8,-19410757.0,212.03,214.75,226.17
2025-02-12,207.14,208.79,204.5,205.34,661000.0,220.7955,217.05494423418668,-2.898722224697025,14.47463332044616,-19.109999999999985,237.56990716655056,204.02109283344944,8.103235714285711,863172.15,-20071757.0,210.52,216.36,224.45
2025-02-13,205.11,206.45,203.86,204.89,824153.0,220.25099999999998,215.89637811664508,-3.4895927804904545,14.882571070250776,-20.470000000000027,238.3644354322321,202.13756456776784,7.697185714285709,880899.5,-20895910.0,205.34,218.38,225.36
2025-02-14,206.0,208.65,202.0,206.77,880550.0,219.644,215.02719924839317,-3.762786603058089,20.334620327292598,-12.340000000000003,238.7339735601195,200.55402643988052,7.745757142857138,901711.2,-20015360.0,204.89,210.55,219.11
2025-02-18,207.03,207.422,200.76,202.24,880656.0,218.54450000000003,213.8093707485462,-4.295314109593249,19.88421846769755,-13.579999999999984,239.0061122994861,198.08288770051396,7.782328571428566,912240.55,-20896016.0,206.77,212.03,215.82
2025-02-19,201.89,203.02,199.12,201.79,618446.0,217.234,212.6646687724942,-4.6994845023533856,20.540821625388205,-12.960000000000008,238.48774062432435,195.98025937567567,7.745185714285711,905944.1,-21514462.0,202.24,210.52,214.75
2025-02-20,201.17,201.301,197.82,198.06,793594.0,215.52999999999997,211.27374793701856,-5.260136696084487,16.933139529140902,-18.30000000000001,237.21219351885796,193.847806481142,7.474542857142852,909247.95,-22308056.0,201.79,205.34,216.36
2025-02-21,197.3,198.4,186.815,190.43,1695184.0,213.30700000000002,209.28862908587394,-6.248110503753196,16.38537270910936,-27.94999999999999,235.73547823168576,190.87852176831427,7.508471428571426,971253.45,-24003240.0,198.06,204.89,218.38
2025-02-24,191.11,192.69,185.2,190.72,1028942.0,211.17800000000003,207.5201882205526,-6.927826615131778,18.356026216414918,-19.830000000000013,233.6992120829216,188.65678791707845,7.245257142857142,997267.7,-22974298.0,190.43,206.77,210.55
2025-02-25,191.0,193.5,183.26,186.62,1499521.0,209.01799999999997,205.5296941043095,-7.708483664045133,17.053174039851385,-25.409999999999997,232.28524790908614,185.7507520909138,7.619542857142856,1042614.6,-24473819.0,190.72,202.24,212.03
2025-02-26,185.79,193.64,185.64,191.21,1211336.0,207.26999999999998,204.16591371342287,-7.866109743233125,22.465513459283613,-19.310000000000002,230.36388891596366,184.1761110840363,7.911999999999998,1074475.0,-23262483.0,186.62,201.79,210.52
2025-02-27,191.11,192.0,185.6,185.77,728322.0,205.336,202.4139219311921,-8.333923796805095,16.785496022917172,-19.569999999999993,228.84679071404676,181.82520928595326,6.854857142857142,1087122.75,-23990805.0,191.21,198.06,205.34
2025-02-28,185.0,188.11,183.245,187.03,857102.0,203.4195,200.9487865091738,-8.504958467873678,22.34242708577625,-17.859999999999985,226.2980659055466,180.5409340944534,6.227357142857143,1085684.1,-23133703.0,185.77,190.43,204.89
2025-03-03,188.63,188.7625,174.89,175.09,1593061.0,201.2185,198.48604493687154,-9.494516019646767,15.137787840469457,-31.680000000000007,226.12154337773558,176.31545662226443,6.835392857142858,1104952.45,-24726764.0,187.03,190.72,206.77
2025-03-04,173.0,173.81,167.32,169.88,1804763.0,198.9215,195.76165970478854,-10.577223320669589,14.14961185253891,-32.360000000000014,226.48631760275904,171.35668239724097,6.893964285714288,1123549.65,-26531527.0,175.09,186.62,202.24
2025-03-05,169.93,174.95,169.29,174.19,1083832.0,196.89350000000002,193.70721592338012,-10.961142450295227,22.09281490218062,-27.599999999999994,225.5033660016307,168.28363399836934,6.9918214285714315,1133252.8,-25447695.0,169.88,191.21,201.79
2025-03-06,171.5,176.34,170.5,172.0,1132588.0,194.6755,191.63986202591533,-11.311721341593994,21.424847953085205,-26.060000000000002,223.8044051413973,165.5465948586027,7.22396428571429,1128535.15,-26580283.0,174.19,185.77,198.06
2025-03-07,171.05,176.54,169.12,173.75,1687960.0,192.44400000000002,189.93606564249484,-11.31788176820595,21.246952276254646,-16.680000000000007,220.75328313431163,164.1347168656884,7.278964285714289,1098017.65,-24892323.0,172.0,187.03,190.43
2025-03-10,171.78,172.0,162.56,163.39,1738297.0,190.08599999999998,187.4078689146382,-12.020168350101812,19.2885375451377,-27.330000000000013,219.8635191784124,160.30848082158758,7.47739285714286,1115123.55,-26630620.0,173.75,175.09,190.72
2025-03-11,165.0,165.5,159.56,165.14,1708742.0,187.7415,185.28711949419645,-12.293809764976317,21.611154139387196,-21.480000000000018,217.62780474947695,157.85519525052305,7.623107142857145,1153936.4,-24921878.0,163.39,169.88,186.62
2025-03-12,168.88,171.05,164.28,164.57,1932911.0,185.44400000000002,183.31406049474916,-12.413570876174589,22.723570608924405,-26.640000000000015,215.02047173007043,155.8675282699296,7.858035714285718,1218048.0,-26854789.0,165.14,174.19,191.21
2025-03-13,163.58,164.53,158.13,160.51,1543137.0,183.2025,181.14224520953496,-12.689810255305105,24.126599786617547,-25.26000000000002,213.22183964349026,153.18316035650972,7.4876785714285745,1262154.85,-28397926.0,164.57,172.0,185.77
2025-03-14,163.74,166.65,162.465,166.2,1300623.0,181.268,179.7191742371983,-12.307720763110467,30.607402713880035,-20.830000000000013,210.37544205796067,152.16055794203933,7.251607142857146,1285978.35,-27097303.0,160.51,173.75,187.03
2025-03-17,166.2,171.52,165.29,169.59,1029590.0,179.409,178.75449097651276,-11.597676622352736,36.37817948313399,-5.5,206.32528808380093,152.49271191619906,6.9651785714285745,1293430.35,-26067713.0,166.2,163.39,175.09
2025-03-18,168.0,170.085,163.44,164.53,1255784.0,177.52349999999998,177.39977755017821,-11.312853701561323,28.818672588068253,-5.349999999999994,202.94764540300847,152.0993545969915,6.868392857142861,1312186.75,-27323497.0,169.59,165.14,169.88
2025-03-19,164.15,168.14,162.578,166.14,1390637.0,175.74099999999999,176.32741778349458,-10.832347382404976,33.406593398686496,-8.050000000000011,198.89955635896175,152.58244364103822,6.808535714285717,1350796.3,-25932860.0,164.53,164.57,174.19
2025-03-20,165.17,170.725,163.895,168.81,1228060.0,174.27849999999998,175.61147323268557,-10.11944531033194,34.9570673631209,-3.1899999999999977,195.07645969243248,153.48054030756748,6.948892857142858,1372519.6,-24704800.0,166.14,160.51,172.0
2025-03-21,165.81,169.45,163.24,168.61,1881361.0,173.1875,174.94466625814408,-9.4615369027496,43.363375653275575,-5.139999999999986,192.66538043693186,153.70961956306814,6.401571428571428,1381828.45,-26586161.0,168.81,166.2,173.75
2025-03-24,171.31,172.8299,169.62,170.37,726821.0,172.17,174.50898375736847,-8.697858954897328,50.540004392603926,6.980000000000018,189.83313913805094,154.50686086194904,6.16727857142857,1366722.4,-25859340.0,168.61,169.59,163.39
2025-03-25,170.92,172.555,168.62,170.0,570894.0,171.339,174.07955673285718,-8.029930546125371,44.943277802819075,4.860000000000014,187.65193306743998,155.02606693256,6.044064285714285,1320291.05,-26430234.0,170.37,164.53,165.14
2025-03-26,168.9,169.29,164.79,166.46,868434.0,170.1015,173.35388466306125,-7.697508795137367,43.52501167346073,1.8900000000000148,183.57545815715144,156.62754184284853,5.948349999999999,1303145.95,-27298668.0,170.0,166.14,164.57
2025-03-27,165.83,167.435,163.44,164.29,659689.0,169.02749999999997,172.4906575522935,-7.522448918492756,39.05092591327053,3.780000000000001,180.52169052343774,157.5333094765622,5.703707142857143,1299714.3,-27958357.0,166.46,168.81,160.51
2025-03-28,162.25,164.2486,157.57,159.21,1330699.0,167.6365,171.22583302350364,-7.704809996124567,44.48839660804756,-6.989999999999981,176.35609263894153,158.9169073610585,5.506464285714287,1323394.15,-29289056.0,164.29,168.61,166.2
2025-03-31,157.1,159.8765,153.77,158.86,1387616.0,166.825,170.0481346403128,-7.7878016096979366,41.40197150658197,-10.72999999999999,175.6442409268555,158.00575907314447,5.518357142857143,1313121.9,-30676672.0,159.21,170.37,169.59
2025-04-01,157.06,162.02,156.05,158.08,988066.0,166.23499999999999,168.90831229361635,-7.8262958754924625,41.16525998975462,-6.449999999999989,175.74544079999094,156.72455920000903,5.461214285714285,1272287.05,-31664738.0,158.86,170.0,164.53
2025-04-02,155.74,164.13,155.35,163.98,799607.0,165.72449999999998,168.43894921803383,-7.296611372904238,54.498314732616635,-2.1599999999999966,174.50511375385238,156.94388624614757,5.631214285714285,1258075.8,-30865131.0,158.08,166.46,166.14
2025-04-03,160.585,160.585,150.8,154.24,1873396.0,164.8365,167.08666834012584,-7.575444182866107,35.96902861324341,-14.569999999999993,174.49337161938521,155.1796283806148,6.0312142857142845,1295116.2,-32738527.0,163.98,164.29,168.81
2025-04-04,150.555,155.4,143.0,153.51,2165237.0,163.8245,165.7936523077329,-7.7658067071055825,29.87987986941141,-15.100000000000023,173.78566982136775,153.86333017863225,6.4719285714285695,1318980.05,-34903764.0,154.24,159.21,168.61
2025-04-07,148.5,162.79,145.12,153.35,2101450.0,163.3225,164.6085425641393,-7.839215445958672,34.05590415069071,-17.02000000000001,174.33258700188483,152.31241299811515,7.259428571428567,1337137.7,-37005214.0,153.51,158.86,170.37
2025-04-08,158.53,158.96,141.74,144.32,1610273.0,162.2815,162.67630041517364,-8.527735506929531,24.317325792362453,-25.680000000000007,176.13731888022872,148.42568111977127,8.092142857142855,1332214.25,-38615487.0,153.35,158.08,170.0
2025-04-09,142.5,167.98,142.5,165.03,2157197.0,162.30450000000002,162.9004622803952,-7.317912358038541,46.877065422070736,-1.4300000000000068,176.17782992318328,148.43117007681676,9.424285714285713,1343428.55,-36458290.0,144.32,163.98,166.46
2025-04-10,161.98,165.42,155.83,160.14,1827987.0,162.286,162.63756111083376,-6.67673567605226,43.50559729168716,-4.150000000000006,176.17038790037282,148.4016120996272,9.665714285714284,1357671.05,-38286277.0,165.03,154.24,164.29
2025-04-11,160.27,165.5,156.78,164.14,1222196.0,162.183,162.78065052884958,-5.779212797845901,45.381764260409994,4.929999999999978,175.97539164786218,148.3906083521378,10.059292857142854,1353749.7,-37064081.0,160.14,153.51,159.21
2025-04-14,166.42,168.88,163.4459,165.62,1090657.0,161.9845,163.05106476419724,-4.8921027046888526,46.80571761004551,6.759999999999991,175.43815608691037,148.53084391308963,10.166371428571425,1356803.05,-35973424.0,164.14,153.35,158.86
2025-04-15,165.89,167.11,162.27,164.15,734589.0,161.9655,163.15572526284512,-4.258587928515169,48.26289666602977,6.069999999999993,175.40508563739448,148.5259143626055,10.19065714285714,1330743.3,-36708013.0,165.62,144.32,158.08
2025-04-16,162.71,168.97,162.32,167.18,1527562.0,162.0175,163.53898952352654,-3.4720041246353617,52.14550852665127,3.200000000000017,175.53292724754968,148.50207275245035,10.380299999999997,1337589.55,-35180451.0,164.15,165.03,163.98
2025-04-17,167.36,171.76,165.99,171.41,816388.0,162.1475,164.28860956890497,-2.4787318666140266,59.1729323183696,17.169999999999987,175.9842183133794,148.31078168662063,10.315399999999995,1317005.95,-34364063.0,167.18,160.14,154.24
2025-04-21,168.96,172.24,167.43,172.22,1609419.0,162.328,165.04398008615212,-1.6076640648410319,59.97610512485564,18.710000000000008,176.60680224962192,148.04919775037808,10.222792857142853,1303408.85,-32754644.0,171.41,164.14,153.51
2025-04-22,174.11,175.4,171.64,173.87,1357706.0,162.50300000000001,165.88455341128048,-0.7752586467585729,61.639392586422645,20.52000000000001,177.2741056493704,147.73189435062963,10.064935714285712,1334953.1,-31396938.0,172.22,165.62,153.35
2025-04-23,180.36,186.28,176.68,177.23,1035348.0,162.8645,166.96507213401568,0.1537798847505769,60.14703628668925,32.91,178.72207195855188,147.0069280414481,10.12350714285714,1358175.8,-30361590.0,173.87,164.15,144.32
2025-04-24,178.155,184.46,176.37,184.27,976261.0,163.75500000000002,168.61316050220466,1.4415020403802146,73.98945516798445,19.24000000000001,182.24457202543672,145.26542797456332,10.002435714285712,1363567.15,-29385329.0,177.23,167.18,165.03
2025-04-25,181.51,184.5,180.0,183.35,1162740.0,164.70800000000003,170.01666902580422,2.360583478091428,73.76553040725202,23.210000000000008,185.17295808628222,144.24304191371783,9.438149999999997,1388719.7,-30548069.0,184.27,171.41,160.14
2025-04-28,183.91,185.02,178.92,181.09,1037993.0,165.802,171.07127197572763,2.873475391077818,71.37792846795173,16.950000000000017,187.3405779719144,144.26342202808559,8.611721428571428,1374084.4,-31586062.0,183.35,172.22,164.14
2025-04-29,181.56,181.64,174.27,177.75,1413534.0,166.7465,171.7073413113726,2.976128879701605,78.23956747600346,12.129999999999995,188.6568237142395,144.8361762857605,7.908149999999998,1375380.3,-32999596.0,181.09,173.87,165.62
2025-04-30,176.08,177.5,171.18,173.3,2550119.0,167.5075,171.85902309124188,2.6676536485127826,59.631958983581484,9.150000000000006,189.20665630180434,145.80834369819564,6.53957857142857,1453482.95,-35549715.0,177.75,177.23,164.15
2025-05-01,190.0,191.6132,176.5,176.74,2693341.0,168.1455,172.32387803493313,2.669986118111183,70.00964317791383,9.560000000000002,190.1560644251891,146.1349355748109,6.934092857142858,1548169.65,-32856374.0,173.3,184.27,167.18
2025-05-02,180.14,185.0,177.13,179.82,1386808.0,169.4245,173.03779441255855,2.887084365026027,69.32938853622754,8.409999999999997,191.00140136769392,147.84759863230607,6.873378571428573,1523840.25,-31469566.0,176.74,183.35,171.41
2025-05-05,177.93,180.18,176.9397,177.61,920487.0,170.6295,173.47324256374347,2.84797804149747,64.51925403479612,5.390000000000015,191.1291189694919,150.1298810305081,6.716678571428574,1461602.75,-32390053.0,179.82,181.09,172.22
2025-05-06,177.66,182.65,172.92,173.07,1447738.0,171.61550000000003,173.43483851005362,2.4227183516503317,60.05410277635802,-0.8000000000000114,190.44461684206806,152.786383157932,7.065964285714289,1428917.15,-33837791.0,177.61,177.75,173.87
2025-05-07,172.66,174.71,168.38,172.22,1171274.0,173.0105,173.31913960433423,1.9941220892156934,55.974395429501136,-5.009999999999991,186.77884580897106,159.24215419102896,7.043107142857147,1406967.2,-35009065.0,173.07,173.3,177.23
2025-05-08,174.01,184.4,174.0,180.93,1016354.0,173.8055,174.0439834515405,2.330417073470983,60.20145733298714,-3.3400000000000034,187.46939398915958,160.1416060108404,7.373821428571434,1349925.05,-33992711.0,172.22,176.74,184.27
2025-05-09,181.12,184.45,181.03,181.88,805037.0,174.89249999999998,174.79027074187,2.643122065996124,60.32051280246822,-1.4699999999999989,187.38801308942718,162.3969869105728,7.274535714285719,1298777.55,-33187674.0,180.93,179.82,183.35
2025-05-12,192.3,196.38,187.17,189.0,1133737.0,176.1355,176.14357829026332,3.425975013803594,64.47292900511535,7.909999999999997,189.06575090323773,163.2052490967623,7.663821428571432,1294354.6,-32053937.0,181.88,177.61,181.09
2025-05-13,189.88,191.66,187.23,190.42,764570.0,177.37550000000002,177.50323750071442,4.113555243409991,63.103516771638205,12.669999999999987,190.80663660588507,163.94436339411496,7.294535714285719,1278050.25,-31289367.0,189.0,173.07,177.75
2025-05-14,189.53,190.185,186.03,187.65,856066.0,178.5505,178.46959583397972,4.384410919102663,53.66912720904542,14.349999999999994,191.19892236884442,165.90207763115558,7.01346428571429,1284124.1,-32145433.0,190.42,172.22,173.3
2025-05-15,187.24,188.4,184.72,186.72,688261.0,179.52749999999997,179.25534861169595,4.472466950837884,53.65747773494238,9.97999999999999,191.47721195423162,167.57778804576833,6.954892857142862,1242159.05,-32833694.0,187.65,180.93,176.74
2025-05-16,187.34,188.36,183.32,188.29,758013.0,180.3715,180.11579160105825,4.615730600193558,57.93301011875138,8.469999999999999,192.29158526107148,168.45141473892852,6.879178571428576,1239240.3,-32075681.0,186.72,181.88,179.82
2025-05-19,184.33,185.97,183.8,184.84,522918.0,181.0025,180.56571621048127,4.4001596063816635,57.79292150342713,7.22999999999999,192.43170888728127,169.57329111271872,6.507750000000006,1184915.25,-32598599.0,188.29,189.0,177.61
2025-05-20,184.66,185.72,181.76,182.58,569866.0,181.43800000000002,180.75755276186402,4.000835783806764,60.71593531524197,9.51000000000002,192.37610452162315,170.49989547837689,6.339178571428578,1145523.25,-33168465.0,184.84,190.42,173.07
2025-05-21,180.59,182.06,171.78,171.91,987134.0,181.172,179.91492868930555,2.791213577700404,45.22066098094023,-0.3100000000000023,192.77926197369354,169.56473802630646,5.993950000000006,1143112.55,-34155599.0,182.58,187.65,172.22
2025-05-22,170.27,173.74,169.27,172.61,614110.0,180.589,179.219221195086,1.8675356261617821,42.51298025762865,-8.319999999999993,192.70139452182212,168.47660547817787,5.751092857142863,1125005.0,-33541489.0,171.91,186.72,180.93
2025-05-23,168.48,171.505,168.005,170.8,493926.0,179.9615,178.4173906050778,0.9781863977351009,42.86910993507502,-11.079999999999984,192.75293837842747,167.17006162157253,5.769642857142862,1091564.3,-34035415.0,172.61,188.29,181.88
2025-05-27,174.48,179.22,173.42,178.55,872723.0,179.8345,178.43002007126086,0.8884890091075306,55.376766075838425,-10.449999999999989,192.6291986965882,167.0398013034118,5.488928571428575,1083300.8,-33162692.0,170.8,184.84,189.0
2025-05-28,178.66,180.84,176.97,180.11,897665.0,179.95250000000001,178.5900181597122,0.9325324908482173,57.63499127526826,-10.309999999999974,192.70972932300091,167.19527067699912,5.313214285714289,1057507.35,-32265027.0,178.55,182.58,190.42
2025-05-29,181.12,183.31,180.68,183.05,1295066.0,180.44,179.0147783349777,1.1909422558490803,52.30936817576621,-4.599999999999994,192.86775670995132,168.01224329004867,4.758214285714288,994754.7,-30969961.0,180.11,171.91,187.65
2025-05-30,180.48,182.42,177.96,180.94,1203360.0,180.65000000000003,179.19813277926553,1.2115089691022263,49.00127495354828,-5.780000000000001,192.9558514108941,168.34414858910597,4.832500000000002,920255.65,-32173321.0,183.05,172.61,186.72
2025-06-02,179.88,179.92,176.18,178.51,1178823.0,180.5845,179.1325963240974,1.0199699670173459,37.62095821272849,-9.780000000000001,192.92285521750443,168.24614478249555,4.4417857142857144,909856.4,-33352144.0,180.94,170.8,188.29
2025-06-03,177.49,180.44,172.5,179.16,558256.0,180.66199999999998,179.1352061979929,0.9101320597768279,36.46634614157384,-5.680000000000007,192.94101693303418,168.38298306696578,4.6925,891744.85,-32793888.0,178.51,178.55,184.84
2025-06-04,178.76,180.9588,177.83,179.99,434847.0,181.008,179.2166151315174,0.8799156702319522,40.34291476135148,-2.5900000000000034,192.76516149057355,169.25083850942647,4.619199999999998,841100.3,-32359041.0,179.16,180.11,182.58
2025-06-05,180.27,182.0886,178.3,180.26,479651.0,181.41,179.31598511899193,0.8677527932924534,41.71794870297304,8.349999999999994,192.42859672026557,170.39140327973442,4.626957142857141,806519.15,-31879390.0,179.99,183.05,171.91
2025-06-06,182.68,183.5,179.78,180.62,431684.0,181.39450000000002,179.44017701242126,0.8770525017496027,39.85181263408509,8.009999999999991,192.4168112964308,170.37218870356924,4.532671428571425,777285.65,-31447706.0,180.26,180.94,172.61
2025-06-09,182.13,183.0,179.0972,180.93,766678.0,181.347,179.58206491600018,0.899073042543705,44.357864339942005,10.129999999999995,192.36868981215792,170.3253101878421,4.6564428571428556,775367.7,-30681028.0,180.62,178.51,170.8
2025-06-10,182.46,189.05,180.98,188.07,833056.0,181.3005,180.3904396859049,1.4756524059288836,56.94409307368534,9.519999999999982,192.19333583972582,170.40766416027418,4.950014285714285,760333.65,-29847972.0,180.93,179.16,178.55
2025-06-11,189.51,189.7154,184.94,185.48,612789.0,181.0535,180.87515971581874,1.7039621361488742,71.57392683618326,5.369999999999976,191.27925340164307,170.82774659835695,4.55682857142857,752744.6,-30460761.0,188.07,179.99,180.11
2025-06-12,183.54,183.54,179.975,181.69,688481.0,180.75549999999998,180.95276355240742,1.5610827266499996,63.14418063451014,-1.3600000000000136,190.50827445003824,171.00272554996172,4.4921857142857125,744365.35,-31149242.0,185.48,180.26,183.05
2025-06-13,178.15,181.76,176.02,177.85,779470.0,180.312,180.65726226170196,1.1250252664825098,59.63904837749664,-3.0900000000000034,189.72349040155606,170.90050959844396,4.652185714285712,748925.8,-31928712.0,181.69,180.62,180.94
2025-06-16,178.48,182.59,177.885,182.52,610465.0,180.0235,180.8346658558256,1.1430996180152988,55.92714240719677,4.010000000000019,188.7328277884088,171.31417221159123,4.573971428571426,741548.4,-31318247.0,177.85,180.93,178.51
2025-06-17,181.11,181.605,172.88,175.16,1440736.0,179.5395,180.2942214886041,0.5571111513470726,43.700687182188595,-4.0,188.19755004177895,170.88144995822105,4.9207571428571395,787439.3,-32758983.0,182.52,188.07,179.16
2025-06-18,174.51,181.49,174.0,180.01,1428165.0,179.411,180.26715277540373,0.4785491201814125,46.310679595913825,0.01999999999998181,187.95457474792119,170.86742525207882,5.267899999999997,830354.25,-31330818.0,175.16,185.48,179.99
2025-06-20,182.22,183.97,180.56,181.79,1282921.0,179.90500000000003,180.4121858444129,0.5535384220295896,51.039882536957215,1.5300000000000011,187.73515896858538,172.07484103141468,5.192899999999999,845143.6,-30047897.0,180.01,181.69,180.26
2025-06-23,180.18,183.56,176.675,183.42,717955.0,180.44549999999998,180.6986443354212,0.7360110839103129,56.12677811864798,2.799999999999983,187.6203756820077,173.27062431799226,5.417542857142856,850335.85,-29329942.0,181.79,177.85,180.62
2025-06-24,185.03,186.81,181.03,186.58,817698.0,181.2345,181.25877344633346,1.1226661770201645,58.71301078388958,5.650000000000006,187.3331710372579,175.1358289627421,5.263257142857142,866524.45,-28512244.0,183.42,182.52,180.93
2025-06-25,186.51,188.44,185.98,187.14,468444.0,181.66400000000002,181.81889026096837,1.4574795271544474,58.44953909670776,-0.9300000000000068,188.16338426230598,175.16461573769405,5.215485714285715,846310.5,-28043800.0,186.58,175.16,188.07
2025-06-26,187.71,190.39,186.745,187.74,509086.0,182.0455,182.38280547420948,1.7510514735313905,58.77110692254233,2.2600000000000193,189.0378491271122,175.0531508728878,5.205228571428571,826881.55,-27534714.0,187.14,180.01,185.48
2025-06-27,186.48,189.18,183.07,188.52,1878682.0,182.319,182.96730019095142,2.0233252039004412,59.1732466133668,6.8300000000000125,189.88144989541684,174.75655010458314,5.375942857142858,856062.35,-25656032.0,187.74,181.79,181.69
2025-06-30,189.75,190.53,188.0,189.33,562316.0,182.7385,183.573271601337,2.278202625655126,59.64187325906826,11.480000000000018,190.88697037629288,174.5900296237071,5.2778857142857145,824010.15,-25093716.0,188.52,183.42,177.85
2025-07-01,188.07,197.9,186.5,194.28,761180.0,183.527,184.5929600202573,2.846802285142047,57.505438704252455,11.759999999999991,192.91097087982072,174.14302912017925,5.515742857142856,803128.0,-24332536.0,189.33,186.58,182.52
2025-07-02,194.3,198.14,192.53,196.98,947231.0,184.418,185.77267811356612,3.475228772943524,63.86210219638211,21.819999999999993,195.31768343333923,173.5183165666608,5.575357142857142,822576.75,-23385305.0,194.28,187.14,175.16
2025-07-03,196.81,201.0,195.795,196.82,712803.0,185.2595,186.8248040075122,3.9152184283670124,69.98678993448307,16.810000000000002,197.26261095638216,173.25638904361784,5.6925,836474.55,-24098108.0,196.98,187.74,180.01
2025-07-07,194.34,197.51,192.23,193.83,859620.0,185.93800000000002,187.49196553060628,3.9768032760250946,71.59459456750477,12.04000000000002,198.2805316860317,173.59546831396833,5.659642857142858,855473.0,-24957728.0,196.82,188.52,181.79
2025-07-08,194.3,200.51,192.905,195.47,1258501.0,186.6805,188.2517783372152,4.1105600281671855,69.06093609164401,12.050000000000011,199.45512694891147,173.90587305108852,5.866785714285713,896813.85,-23699227.0,193.83,189.33,183.42
2025-07-09,197.05,200.59,194.85,200.48,711123.0,187.658,189.41637087652805,4.568169335080057,90.03795062427167,13.899999999999977,201.52507968344503,173.79092031655495,5.653571428571429,894036.1,-22988104.0,195.47,194.28,186.58
2025-07-10,200.875,205.36,197.9801,204.48,697864.0,188.4785,190.8510022216206,5.193724554626243,89.76275589026075,17.340000000000003,204.25824087572133,172.69875912427867,5.645707142857144,887276.5,-22290240.0,200.48,196.98,187.14
2025-07-11,202.24,203.845,200.755,202.28,793210.0,189.3185,191.9394782005139,5.4491456006567205,82.84706633023865,14.539999999999992,206.1778528938583,172.4591471061417,5.6228500000000015,896297.55,-23083450.0,204.48,196.82,187.74
2025-07-14,202.12,202.37,198.51,199.31,1230196.0,190.1995,192.6414326576078,5.350240202524958,74.42360894429977,10.789999999999992,207.2211103820893,173.1778896179107,5.406778571428575,923383.3,-24313646.0,202.28,193.83,188.52
2025-07-15,201.37,201.37,191.92,192.81,1005214.0,190.9475,192.6574866902166,4.69326030139581,58.68413713906947,3.4799999999999898,206.96956882625759,174.9254311737424,5.668921428571433,934670.5,-25318860.0,199.31,195.47,189.33
2025-07-16,193.18,193.53,187.715,190.24,1072068.0,191.33350000000002,192.4272498625769,3.9200337657374007,54.0918690401984,-4.039999999999992,206.86516310950057,175.80183689049946,5.90856428571429,957750.65,-26390928.0,192.81,200.48,194.28
