Date,Open,High,Low,Close,Volume,SMA_20,EMA_20,MACD,RSI_14,Momentum_10,Bollinger_Upper,Bollinger_Lower,ATR_14,Volume_MA_20,OBV,Lag_1,Lag_5,Lag_10
2023-08-14,20.6,20.65,20.41,20.41,70637,20.955000000000002,20.865573273259837,-0.10010771668345697,28.959275834647144,-0.8900000000000006,21.507830039552463,20.40216996044754,0.2674071428571424,83182.0,-177645,20.6,20.8,21.3
2023-08-15,20.4,20.455,20.22,20.25,45431,20.9125,20.80694724723509,-0.12439382060635396,27.467810993755634,-0.9499999999999993,21.54355175365375,20.28144824634625,0.2727642857142852,80539.2,-223076,20.41,20.79,21.2
2023-08-16,20.2,20.22,20.0,20.06,52866,20.8555,20.735809414165082,-0.1544586764162581,30.476190273015888,-0.75,21.576711699703683,20.134288300296316,0.2449071428571423,79336.05,-275942,20.25,20.81,20.81
2023-08-17,20.21,20.219,19.87,19.91,63502,20.7965,20.657160898530314,-0.18613495750910403,25.11627890621955,-0.6900000000000013,21.62240365182948,19.970596348170524,0.25626428571428506,75901.9,-339444,20.06,20.68,20.6
2023-08-18,19.8,19.88,19.8,19.84,61129,20.7305,20.579336051051236,-0.2133525162030061,11.578947283102451,-0.9299999999999997,21.64075675961294,19.820243240387057,0.2391214285714278,76411.15,-400573,19.91,20.6,20.77
2023-08-21,19.7,19.9278,19.7,19.9,51418,20.6615,20.514637379522547,-0.227838879364473,15.053763327552218,-0.9000000000000021,21.60498235138153,19.71801764861847,0.24253571428571366,75141.05,-349155,19.84,20.41,20.8
2023-08-22,19.95,19.95,19.77,19.89,33691,20.589,20.455148105282305,-0.23714785293849516,18.918918739956098,-0.8999999999999986,21.535792924617237,19.64220707538276,0.22790714285714206,71563.8,-382846,19.9,20.25,20.79
2023-08-23,19.89,20.07,19.8401,19.97,89886,20.5225,20.408943523826846,-0.23595917403220312,26.666666390123268,-0.8399999999999999,21.445558417493316,19.599441582506685,0.2257642857142851,72586.45,-292960,19.89,20.06,20.81
2023-08-24,19.99,19.99,19.72,19.74,68087,20.4655,20.345234616795718,-0.24872819206957075,13.475177171168326,-0.9400000000000013,21.43521998128597,19.495780018714026,0.22654999999999934,66313.0,-361047,19.97,19.91,20.68
2023-08-25,19.73,19.83,19.61,19.74,60102,20.4035,20.287593224719934,-0.2557984555743964,11.594202780928171,-0.860000000000003,21.393072475471367,19.413927524528635,0.2259928571428565,64615.3,-361047,19.74,19.84,20.6
2023-08-28,19.75,19.84,19.69,19.75,62596,20.326,20.236393869984703,-0.25762275193944006,12.318840454736304,-0.6600000000000001,21.261237656258672,19.39076234374133,0.2217071428571423,64161.3,-298451,19.74,19.9,20.41
2023-08-29,19.76,20.1,19.741,20.05,70407,20.2685,20.218642072843302,-0.23412156705475695,27.108433506314427,-0.1999999999999993,21.11464979388062,19.42235020611938,0.22520714285714252,64979.95,-228044,19.75,19.89,20.25
2023-08-30,20.08,20.18,20.05,20.08,60963,20.232,20.205438065905845,-0.21084238328048244,30.769230493096543,0.019999999999999574,21.04200584793211,19.42199415206789,0.21808571428571405,63679.95,-167081,20.05,19.97,20.06
2023-08-31,20.1,20.32,20.1,20.3,61512,20.217,20.214443964391002,-0.17392005824341084,41.17647024913492,0.39000000000000057,21.00922803734651,19.424771962653487,0.22219285714285672,62325.1,-105569,20.08,19.74,19.91
2023-09-01,20.3,20.42,20.24,20.29,40793,20.193,20.221639777306144,-0.1437903605296853,46.05263115477836,0.4499999999999993,20.94262727580551,19.443372724194493,0.2179071428571428,60605.05,-146362,20.3,19.74,19.84
2023-09-05,20.29,20.4202,20.17,20.22,53223,20.163999999999998,20.22148360803889,-0.12380937471639797,48.95104847180787,0.3200000000000003,20.85753101095618,19.470468989043816,0.21899285714285707,59205.15,-199585,20.29,19.75,19.9
2023-09-06,20.2,20.29,19.96,20.15,42522,20.131999999999998,20.21467564536852,-0.1120183167316604,53.43511393275451,0.259999999999998,20.75986522187657,19.504134778123426,0.2268499999999999,57388.5,-242107,20.22,20.05,19.89
2023-09-07,20.05,20.13,19.94,20.1,38693,20.0965,20.20375415533342,-0.10528127558774258,57.851239000068375,0.13000000000000256,20.637192538373373,19.555807461626625,0.21549285714285688,56234.25,-280800,20.15,20.08,19.97
2023-09-08,20.05,20.18,20.0101,20.08,52324,20.0665,20.191968045301667,-0.10031615664485471,60.34482685790719,0.33999999999999986,20.53226592268741,19.60073407731259,0.22191428571428545,56325.65,-333124,20.1,20.3,19.74
2023-09-11,20.0,20.0199,19.9,19.96,43971,20.0345,20.169875850511033,-0.10441314393685985,52.459015791454014,0.22000000000000242,20.428319354794223,19.64068064520578,0.21420714285714254,56187.65,-377095,20.08,20.29,19.74
2023-09-12,19.94,19.9499,19.32,19.82,48675,20.005,20.136554340938552,-0.11711607089720744,47.407406915775034,0.07000000000000028,20.367534934795778,19.64246506520422,0.24634285714285678,55089.55,-425770,19.96,20.22,19.75
2023-09-13,19.74,19.9,19.63,19.71,56386,19.977999999999998,20.095930117992022,-0.13414643051518738,40.57970973324941,-0.33999999999999986,20.34412336143639,19.611876638563604,0.24920714285714243,55637.3,-482156,19.82,20.15,20.05
2023-09-14,19.84,19.8798,19.66,19.71,54243,19.9605,20.05917486865945,-0.14594085133997936,48.69565158109653,-0.36999999999999744,20.34320367814168,19.57779632185832,0.24562142857142813,55706.15,-482156,19.71,20.1,20.08
2023-09-15,19.61,19.7419,19.43,19.505,67075,19.94025,20.006396309739504,-0.16930388183176248,41.32841285712345,-0.7950000000000017,20.373699748195264,19.506800251804734,0.252185714285714,55884.8,-549231,19.71,20.08,20.3
2023-09-18,19.67,19.785,19.4475,19.62,75291,19.92925,19.969596661192885,-0.17677065154212812,45.54794476871839,-0.6699999999999982,20.384052154788225,19.474447845211774,0.26557857142857116,56592.9,-473940,19.505,19.96,20.29
2023-09-19,19.67,19.67,19.5,19.63,60383,19.91575,19.937254122031657,-0.17981870999784988,32.051281667762396,-0.5899999999999999,20.389828330192287,19.44167166980771,0.25207857142857115,57041.15,-413557,19.62,19.82,20.22
2023-09-20,19.61,19.78,19.56,19.56,46186,19.899250000000002,19.90132515802864,-0.18558143552642647,28.51239636431947,-0.5899999999999999,20.39935814619915,19.399141853800852,0.2585071428571428,57665.9,-459743,19.63,19.71,20.15
2023-09-21,19.45,19.54,19.1807,19.19,63357,19.86025,19.833579904883056,-0.21675225145352783,9.1911763759732,-0.9100000000000001,20.450633238601053,19.269866761398948,0.2684571428571427,56339.45,-523100,19.56,19.71,20.1
2023-09-22,19.16,19.3199,19.1101,19.22,63601,19.83425,19.77514372346562,-0.2363465379505847,11.231883944024233,-0.8599999999999994,20.489200982496936,19.179299017503066,0.27058571428571404,56115.15,-459499,19.19,19.505,20.08
2023-09-25,19.03,19.1,18.863,18.89,81985,19.79175,19.690844321230802,-0.274752602188407,9.451219431513877,-1.0700000000000003,20.570975492666317,19.012524507333683,0.269642857142857,57209.3,-541484,19.22,19.62,19.96
2023-09-26,18.85,18.98,18.57,18.66,82395,19.73725,19.592668671589774,-0.31967649401196496,8.611111044135697,-1.1600000000000001,20.666751705782538,18.80774829421746,0.2753571428571429,58199.25,-623879,18.89,19.63,19.82
2023-09-27,18.64,18.7184,18.44,18.63,56368,19.666249999999998,19.500985940962178,-0.35355820531339077,8.70786510005037,-1.0800000000000018,20.70560645574811,18.626893544251885,0.28167142857142863,57497.3,-680247,18.66,19.56,19.71
2023-09-28,18.54,18.78,18.52,18.66,62009,19.59525,19.420892041822924,-0.3737037140168482,10.335195449892282,-1.0500000000000007,20.707078626514384,18.483421373485616,0.2881071428571431,57549.6,-618238,18.63,19.19,19.71
2023-09-29,18.72,18.8542,18.6,18.64,53616,19.51225,19.34652137117312,-0.38678417354967465,10.946745471447016,-0.8649999999999984,20.650098731968413,18.37440126803159,0.29769999999999996,57154.8,-671854,18.66,19.22,19.505
2023-10-02,18.55,18.81,18.5,18.52,67883,19.42375,19.267805050109015,-0.4020453163760678,11.077844218509028,-1.1000000000000014,20.58204673045791,18.265453269542085,0.2748499999999999,58509.3,-739737,18.64,18.89,19.62
2023-10-03,18.35,18.7092,18.06,18.14,83561,19.319750000000003,19.160395045336728,-0.43931284571975127,9.536082405409658,-1.4899999999999984,20.548401271666798,18.091098728333208,0.3019357142857143,60026.2,-823298,18.52,18.66,19.63
2023-10-04,18.15,18.185,17.9401,18.14,76725,19.21925,19.063214564828467,-0.4634891078310339,9.536082405409658,-1.4199999999999982,20.490056933864427,17.94844306613557,0.3037285714285713,61736.35,-823298,18.14,18.63,19.56
2023-10-05,18.14,18.16,17.97,18.12,110102,19.120250000000002,18.973384606273374,-0.4787126397419037,10.541310457220263,-1.0700000000000003,20.410506910361985,17.82999308963802,0.29502142857142843,65306.8,-933400,18.14,18.66,19.19
2023-10-06,18.12,18.44,18.07,18.36,79029,19.03425,18.914967024723527,-0.4662328276679837,16.489361579334357,-0.8599999999999994,20.283802656795732,17.784697343204268,0.2973428571428572,66642.05,-854371,18.12,18.64,19.22
2023-10-09,18.31,18.49,18.3,18.4,35353,18.95625,18.865922546178428,-0.447975691971255,17.80104698993985,-0.490000000000002,20.156262609582875,17.756237390417127,0.29877142857142835,66211.15,-819018,18.36,18.52,18.89
2023-10-10,18.39,18.79,18.39,18.79,72248,18.90475,18.85869182749477,-0.39773527252673446,32.73542580345469,0.129999999999999,20.035066560223637,17.774433439776363,0.3116285714285709,67389.8,-746770,18.4,18.14,18.66
2023-10-11,18.9,18.95,18.72,18.95,52958,18.866750000000003,18.86738784392384,-0.341184025207248,44.05940563523178,0.3200000000000003,19.93232755527967,17.801172444720336,0.30239285714285685,67218.4,-693812,18.79,18.14,18.63
2023-10-12,18.7,18.815,18.42,18.49,56680,18.80575,18.83144614450252,-0.3293958037349576,35.102040615743434,-0.1700000000000017,19.80573565779189,17.80576434220811,0.31562142857142816,67340.25,-750492,18.95,18.12,18.66
2023-10-13,18.6,18.69,18.3,18.37,53292,18.749000000000002,18.78749889264514,-0.32590567809604565,38.39285690290179,-0.2699999999999996,19.709962237058583,17.78803776294142,0.3265499999999995,66651.1,-803784,18.49,18.36,18.64
2023-10-16,18.35,18.38,18.11,18.11,71062,18.673499999999997,18.722975188583696,-0.3400542800284079,37.88546232141123,-0.41000000000000014,19.582178045004763,17.76482195499523,0.31654999999999944,66439.65,-874846,18.37,18.4,18.52
2023-10-17,18.06,18.2699,18.06,18.11,48782,18.5975,18.664596599194773,-0.34725925670702296,38.39285690290179,-0.030000000000001137,19.41945850836504,17.77554149163496,0.3116571428571425,65859.6,-874846,18.11,18.79,18.14
2023-10-18,17.94,18.16,17.85,17.96,76989,18.5175,18.597492161176223,-0.3608392874454047,35.16949131679114,-0.17999999999999972,19.251798806237687,17.78320119376231,0.3152285714285709,67399.75,-951835,18.11,18.95,18.14
2023-10-19,18.0,18.0,17.73,17.78,96440,18.447,18.519635764873726,-0.3816445405498037,32.93650775352732,-0.33999999999999986,19.180186269145256,17.713813730854742,0.3163571428571425,69053.9,-1048275,17.96,18.49,18.12
2023-10-20,17.7,17.7999,17.449,17.62,77692,18.367,18.433956168219087,-0.40629140021957966,32.42187482269286,-0.7399999999999984,19.094189253582787,17.639810746417215,0.31927857142857113,69758.45,-1125967,17.78,18.37,18.36
2023-10-23,17.47,17.6881,17.46,17.55,79648,18.3,18.349769866483935,-0.4265253006255527,36.888888659358,-0.8499999999999979,19.069962405097243,17.53003759490276,0.2891999999999995,69641.6,-1205615,17.62,18.11,18.4
2023-10-24,17.55,17.7799,17.55,17.69,40125,18.2515,18.286934641104512,-0.42639253247218534,40.58577382083647,-1.0999999999999979,19.047735220469274,17.455264779530726,0.2881285714285711,67528.1,-1165490,17.55,18.11,18.79
2023-10-25,17.57,17.7558,17.4602,17.52,77001,18.196,18.213893246713607,-0.4349341361531991,38.18897616746231,-1.4299999999999997,19.034755971035278,17.357244028964725,0.2956714285714282,68559.75,-1242491,17.69,17.96,18.95
2023-10-26,17.38,17.715,17.25,17.32,81276,18.128999999999998,18.128760556550407,-0.4525627923827429,29.199999836480018,-1.1699999999999982,19.023895465815304,17.23410453418469,0.3024571428571424,69523.1,-1323767,17.52,17.78,18.49
2023-10-27,17.32,17.3399,17.1,17.12,81066,18.053,18.032688122593225,-0.4771141549968583,25.939849487534673,-1.25,19.02040782234629,17.085592177653712,0.30602142857142817,70895.6,-1404833,17.32,17.62,18.37
2023-10-30,17.16,17.235,16.93,17.06,124284,17.98,17.940051158536725,-0.4956801822851453,12.875536403322982,-1.0500000000000007,19.016877904805394,16.943122095194607,0.299235714285714,73715.65,-1529117,17.12,17.55,18.11
2023-10-31,16.97,17.17,16.93,17.07,72589,17.926499999999997,17.85718914343799,-0.5037788272979178,6.8807339007660175,-1.0399999999999991,19.03646016998237,16.816539830017625,0.29994999999999983,73167.05,-1456528,17.06,17.69,18.11
2023-11-01,17.1,17.46,17.1,17.43,70288,17.891,17.81650446311056,-0.47573911631077337,24.51923060419753,-0.5300000000000011,19.017501804609914,16.764498195390082,0.2974499999999998,72845.2,-1386240,17.07,17.52,17.96
2023-11-02,17.75,18.24,17.65,18.01,131496,17.8855,17.834932609480983,-0.4021946467105515,42.913385590241205,0.23000000000000043,19.008362413655355,16.762637586344646,0.31173571428571406,73914.9,-1254744,17.43,17.32,17.78
2023-11-03,18.09,18.48,18.09,18.46,58024,17.8905,17.89446283714946,-0.30417596787677326,56.41025612097307,0.8399999999999999,19.023107146087444,16.757892853912555,0.3203071428571427,72864.65,-1196720,18.01,17.12,17.62
2023-11-06,18.52,18.77,18.27,18.28,113047,17.8845,17.931180662182847,-0.23824372379943526,52.92096194471017,0.7300000000000004,19.00696861402607,16.762031385973927,0.3410285714285712,76749.35,-1309767,18.46,17.06,17.55
2023-11-07,18.28,18.475,18.28,18.45,53220,17.8675,17.98059202768924,-0.17033829990923266,58.361774465165546,0.759999999999998,18.941476869299056,16.793523130700944,0.33281428571428556,75797.95,-1256547,18.28,17.07,17.69
2023-11-08,18.48,18.57,18.35,18.35,61283,17.8375,18.015773739337885,-0.123158240063308,59.999999705263164,0.8300000000000018,18.813180599160845,16.861819400839153,0.32924285714285695,76214.2,-1317830,18.45,17.43,17.52
2023-11-09,18.35,18.6407,18.0,18.01,46635,17.813499999999998,18.015223859400944,-0.11186746268169756,56.4356433035977,0.6900000000000013,18.744176607296186,16.88282339270381,0.34994285714285694,75711.95,-1364465,18.35,18.01,17.32
2023-11-10,18.03,18.3099,18.03,18.24,56972,17.807,18.036631110886567,-0.08342752100018558,60.81504675504365,1.1199999999999974,18.72301195119756,16.890988048802438,0.3536428571428569,75895.95,-1307493,18.01,18.46,17.12
2023-11-13,18.07,18.22,18.07,18.14,52795,17.808500000000002,18.046475766992607,-0.06816064104748776,57.14285688888889,1.0800000000000018,18.726696745342643,16.89030325465736,0.3479357142857139,74982.6,-1360288,18.24,18.28,17.06
2023-11-14,18.44,18.7299,18.36,18.72,58039,17.839000000000002,18.11062093204093,-0.009216869801598193,66.85393232136097,1.6499999999999986,18.8364683743832,16.841531625616803,0.35324285714285686,75445.45,-1302249,18.14,18.45,17.07
2023-11-15,18.82,18.91,18.65,18.72,88248,17.877000000000002,18.16865703375132,0.03706845285854854,70.83333303819447,1.2899999999999991,18.948999607226916,16.80500039277309,0.33859999999999985,76008.4,-1302249,18.72,18.35,17.43
2023-11-16,18.78,18.795,18.6,18.7,65619,17.923,18.219261125775002,0.0713152159269903,74.84276696610105,0.6899999999999977,19.054763412137252,16.791236587862745,0.3353928571428571,74467.35,-1367868,18.72,18.01,18.01
2023-11-17,18.63,18.83,18.63,18.82,92318,17.982999999999997,18.276474351891668,0.10689597244251203,77.16049349375105,0.35999999999999943,19.172871288926014,16.79312871107398,0.32789285714285704,75198.65,-1275550,18.7,18.24,18.46
2023-11-20,18.97,19.0333,18.9,18.91,129278,18.051,18.336810127901984,0.1407263099548146,77.71084304579773,0.629999999999999,19.291066212154114,16.810933787845883,0.3202714285714285,77680.15,-1146272,18.82,18.14,18.28
2023-11-21,18.91,18.96,18.77,18.83,53323,18.107999999999997,18.383780591911318,0.15925133955885684,73.02631545316832,0.379999999999999,19.382521169116565,16.83347883088343,0.3081285714285715,78340.05,-1199595,18.91,18.72,18.45
2023-11-22,18.85,19.03,18.8317,19.0,67808,18.182,18.44246815458643,0.1854998188964423,68.82129240931634,0.6499999999999986,19.48433151248866,16.87966848751134,0.28015,77880.4,-1131787,18.83,18.72,18.35
2023-11-24,18.97,19.0496,18.87,18.98,31792,18.265,18.493661663673436,0.2023562355993178,61.81818142479342,0.9699999999999989,19.547456524347734,16.982543475652268,0.2651214285714286,75406.2,-1163579,19.0,18.7,18.01
2023-11-27,18.95,18.98,18.8216,18.9,96683,18.354,18.532360552847393,0.2068792317682977,64.76190433015871,0.6600000000000001,19.5457329266329,17.162267073367097,0.24072142857142861,76187.05,-1260262,18.98,18.82,18.24
2023-11-28,18.82,19.03,18.82,18.95,83160,18.448500000000003,18.5721357382905,0.2120509353841733,62.62626218345069,0.8099999999999987,19.499640233020155,17.39735976697985,0.24179285714285723,74130.85,-1177102,18.9,18.91,18.14
2023-11-29,19.02,19.07,18.84,18.89,68087,18.5395,18.602408525119976,0.2089026732382031,63.91752531193538,0.1700000000000017,19.382713776977226,17.696286223022774,0.24250714285714306,73905.75,-1245189,18.95,18.83,18.72
2023-11-30,18.95,18.95,18.58,18.88,130056,18.612000000000002,18.628845808441884,0.2032579625094293,77.01863287064535,0.16000000000000014,19.28589207319554,17.938107926804463,0.22317142857142894,76894.15,-1375245,18.89,19.0,18.72
2023-12-01,18.93,19.1,18.64,18.97,102325,18.66,18.66133668382837,0.20369463725586456,74.82993126012308,0.2699999999999996,19.288582364908276,18.031417635091724,0.23603571428571485,75435.6,-1272920,18.88,18.98,18.7
2023-12-04,18.97,19.15,18.6,18.86,80103,18.68,18.68025699965424,0.1929446595194122,74.3243236212563,0.03999999999999915,19.307241244615952,18.052758755384048,0.2646071428571433,76539.55,-1353023,18.97,18.9,18.82
2023-12-05,18.84,18.84,18.67,18.7,107140,18.701,18.682137285401456,0.16956568712254594,49.056603125667536,-0.21000000000000085,19.2993099003377,18.1026900996623,0.2503285714285717,76244.2,-1460163,18.86,18.95,18.91
2023-12-06,18.78,19.0096,18.75,18.75,81756,18.716,18.688600401077508,0.15330334411876834,51.3513507036767,-0.0799999999999983,19.302744811382443,18.12925518861756,0.2503000000000001,77671.0,-1378407,18.7,18.89,18.83
2023-12-07,18.91,18.99,18.75,18.98,73907,18.7475,18.71635274383203,0.15715550518488186,60.60605996326905,-0.019999999999999574,19.318957048162627,18.17604295183737,0.25351428571428564,78302.2,-1304500,18.75,18.88,19.0
2023-12-08,19.0,19.44,18.9701,19.38,99331,18.816,18.779557244419454,0.19027979637950665,67.49999940937491,0.3999999999999986,19.34185369187938,18.29014630812062,0.27279285714285734,80937.0,-1205169,18.98,18.97,18.98
2023-12-11,19.28,19.295,18.95,19.0,69599,18.854,18.800551792569983,0.18375998313190323,52.38095199294532,0.10000000000000142,19.309765405952643,18.398234594047356,0.2879142857142859,81568.35,-1274768,19.38,18.86,18.9
2023-12-12,19.12,19.12,18.86,18.86,98208,18.89,18.806213526610936,0.16539302593570326,50.76923040473376,-0.08999999999999986,19.198135308624433,18.581864691375568,0.29291428571428596,83839.0,-1372976,19.0,18.7,18.95
2023-12-13,19.01,19.3,18.84,19.26,87022,18.916999999999998,18.84943128598132,0.18101776820309112,55.96330239289625,0.370000000000001,19.255547983072017,18.57845201692798,0.31160714285714314,85288.15,-1285954,18.86,18.75,18.89
2023-12-14,19.47,19.77,19.3798,19.72,73346,18.967,18.93234259207834,0.22788175708328495,64.12213706194274,0.8399999999999999,19.448318364932277,18.48568163506772,0.3266500000000003,84543.05,-1212608,19.26,18.98,18.88
2023-12-15,19.77,19.8,19.4501,19.53,91693,19.0085,18.989262345213735,0.24684843072634877,61.53846122287974,0.5600000000000023,19.533988244147174,18.48301175585283,0.3403285714285718,85846.75,-1304301,19.72,19.38,18.97
2023-12-18,19.81,19.94,19.5715,19.9,97075,19.0625,19.07599926471719,0.2884040613339103,65.57377019080894,1.0399999999999991,19.713422422413025,18.411577577586975,0.35165000000000035,86084.6,-1207226,19.53,19.0,18.86
2023-12-19,19.98,20.22,19.93,20.11,95599,19.1225,19.174475525220316,0.3344236317251834,69.06249969785158,1.4100000000000001,19.91914758106775,18.325852418932246,0.3559357142857146,84400.65,-1111627,19.9,18.86,18.7
2023-12-20,20.13,20.24,19.81,19.81,68089,19.1715,19.235001665675526,0.3427405976278486,63.323781980936126,1.0599999999999987,20.01175747933535,18.331242520664652,0.36022142857142875,85138.95,-1179716,20.11,19.26,18.75
2023-12-21,19.9,20.12,19.78,19.82,76638,19.2125,19.290715792754046,0.34614830903619875,62.46334285205669,0.8399999999999999,20.096411760301926,18.32858823969807,0.35165000000000013,85580.45,-1103078,19.81,19.72,18.98
2023-12-22,19.91,20.25,19.8101,20.19,86950,19.273,19.37636190772985,0.37438406607183694,68.11989074831652,0.8100000000000023,20.250582410040767,18.295417589959232,0.3437857142857147,88338.35,-1016128,19.82,19.53,19.38
2023-12-26,20.15,20.3792,20.15,20.37,75051,19.3465,19.470994106993675,0.40659620562249543,72.62872601170677,1.370000000000001,20.42213004792543,18.270869952074566,0.34801428571428644,87256.75,-941077,20.19,19.9,19.0
2023-12-27,20.37,20.54,20.31,20.45,74119,19.4215,19.564232763470468,0.4335807552294071,72.84946209142677,1.5899999999999999,20.5862141054218,18.256785894578204,0.3459000000000008,86804.7,-866958,20.37,20.11,18.86
2023-12-28,20.87,20.87,20.21,20.25,50982,19.4895,19.629543928854233,0.4338289685943373,67.20867183172864,0.9899999999999984,20.682028935983517,18.296971064016482,0.37590000000000096,85949.45,-917940,20.45,19.81,19.26
2023-12-29,20.3,20.35,19.68,19.78,132952,19.5345,19.643873078487164,0.3915911608001821,55.319148730194684,0.060000000000002274,20.697752699161,18.371247300839002,0.390192857142858,86094.25,-1050892,20.25,19.82,19.72
2024-01-02,19.78,19.8051,19.47,19.56,60279,19.564,19.63588516625029,0.3364883949994777,57.7777775530864,0.029999999999997584,20.696494219806365,18.431505780193636,0.38948571428571505,83991.95,-1111171,19.78,20.19,19.53
2024-01-03,19.36,19.54,19.25,19.26,72720,19.584,19.600086578988357,0.26555298456028353,55.319148730194684,-0.639999999999997,20.677606298830707,18.490393701169292,0.391628571428572,83622.8,-1183891,19.56,20.37,19.9
2024-01-04,19.25,19.3186,19.14,19.15,68891,19.6065,19.557221190513275,0.1981765156874573,48.414985395443814,-0.9600000000000009,20.640414890114315,18.572585109885686,0.37152857142857193,81710.35,-1252782,19.26,20.45,20.11
2024-01-05,19.18,19.3,19.1299,19.29,48832,19.6335,19.531771553321533,0.15429737081234762,43.17460298271605,-0.5199999999999996,20.599190917099524,18.66780908290048,0.35580714285714343,80064.15,-1203950,19.15,20.25,19.81
2024-01-08,19.32,19.48,19.16,19.47,98523,19.657999999999998,19.52588854824329,0.1325185325727567,49.044585768590984,-0.3500000000000014,20.577647529734875,18.73835247026512,0.353671428571429,81294.95,-1105427,19.29,19.78,19.82
2024-01-09,19.34,19.47,19.34,19.37,45305,19.6575,19.511042019839167,0.10596856713184621,40.76655032378691,-0.8200000000000003,20.577794575265578,18.73720542473442,0.33663571428571465,78593.65,-1150732,19.47,19.56,20.19
2024-01-10,19.38,19.6239,19.37,19.61,86158,19.688,19.520466589378294,0.10310362116338823,41.379310145065396,-0.7600000000000016,20.555460904624944,18.820539095375054,0.3340571428571431,79421.6,-1064574,19.37,19.26,20.37
2024-01-11,19.65,19.7283,19.4249,19.68,66711,19.729,19.535660247532743,0.10526769838034866,47.56554282175373,-0.7699999999999996,20.504300281385145,18.953699718614853,0.325014285714286,77846.75,-997863,19.61,19.15,20.45
2024-01-12,19.49,19.741,19.49,19.7,117578,19.750999999999998,19.551311652529623,0.10735889841913604,47.76119378035195,-0.5500000000000007,20.494587321881735,19.00741267811826,0.31865714285714325,79374.55,-880285,19.68,19.29,20.25
2024-01-16,19.85,19.98,19.71,19.91,223739,19.7605,19.5854724475268,0.12452500781700948,44.444444197530835,0.129999999999999,20.507267771976842,19.01373222802316,0.3065214285714288,86894.2,-656546,19.7,19.47,19.78
2024-01-17,19.96,19.96,19.64,19.64,159748,19.766,19.590665547762345,0.1150178056093516,36.0153254773124,0.08000000000000185,20.507219478824975,19.02478052117502,0.31300714285714293,90296.95,-816294,19.91,19.37,19.56
2024-01-18,19.81,19.8685,19.61,19.68,113055,19.755000000000003,19.5991735908326,0.10944912004294594,35.019455062150826,0.41999999999999815,20.49437384604179,19.015626153958216,0.3150428571428573,91095.95,-703239,19.64,19.61,19.26
2024-01-19,19.76,19.8999,19.58,19.87,103558,19.743000000000002,19.624966582181877,0.11899490815734026,42.578124767150896,0.7200000000000024,20.465717095411545,19.02028290458846,0.2907500000000002,91493.9,-599681,19.68,19.68,19.15
2024-01-22,19.99,20.37,19.97,20.33,118400,19.769,19.69211262197408,0.16181133859036123,60.78431339177236,1.0399999999999991,20.53781042766361,19.000189572336385,0.27146428571428594,94009.45,-481281,19.87,19.7,19.29
2024-01-23,20.48,20.48,20.24,20.34,70550,19.794999999999998,19.75381618178607,0.19431063224836365,66.66666626780632,0.870000000000001,20.60513319242812,18.984866807571876,0.2646714285714289,93705.05,-410731,20.33,19.91,19.47
2024-01-24,20.63,20.63,20.37,20.37,95359,19.804,19.812500354949304,0.2199517270212823,76.81159368339983,1.0,20.63630561188727,18.971694388112727,0.26252857142857167,94125.5,-315372,20.34,19.64,19.37
2024-01-25,20.38,20.445,20.28,20.331,73050,19.80205,19.86188127352556,0.23442330160832014,79.5397693278856,0.7210000000000001,20.62893724490681,18.975162755093194,0.2615571428571431,94025.45,-388422,20.37,19.68,19.61
2024-01-26,20.31,20.45,20.31,20.34,57261,19.796550000000003,19.90741639033265,0.24380784781901,78.10492446816443,0.6600000000000001,20.6065822215814,18.986517778418605,0.259407142857143,93182.55,-331161,20.331,19.87,19.68
2024-01-29,20.3,20.485,20.3,20.46,95501,19.80705,19.96004340077716,0.25795433609692253,77.37831798490247,0.7600000000000016,20.64673251519005,18.96736748480995,0.24976428571428574,95408.5,-235660,20.34,20.33,19.7
2024-01-30,20.59,20.6,20.48,20.58,46352,19.84705,20.01908688641743,0.2756704965496475,83.09627945112253,0.6699999999999982,20.754769751558,18.939330248441998,0.2490500000000002,91078.5,-189308,20.46,20.34,19.91
2024-01-31,20.52,20.8756,20.52,20.58,90581,19.898049999999998,20.072507182949103,0.28640911815069003,80.54156100278215,0.9399999999999977,20.851336277209466,18.94476372279053,0.256314285714286,92593.6,-189308,20.58,20.37,19.64
2024-02-01,20.59,20.83,20.58,20.79,68269,19.97455,20.140839832192047,0.30831038907507136,82.1180548902472,1.1099999999999994,20.957350183150215,18.991749816849786,0.2525000000000003,92371.05,-121039,20.58,20.331,19.68
2024-02-02,20.75,20.8,20.67,20.73,66768,20.05355,20.196950324364234,0.3171697547021104,79.12895864943134,0.8599999999999994,21.010959767632432,19.09614023236757,0.24385714285714297,92264.9,-187807,20.79,20.34,19.87
2024-02-05,20.78,20.78,20.56,20.68,73469,20.12305,20.242955055377163,0.3165078432919941,73.94278542587125,0.3500000000000014,21.04834767045392,19.197752329546077,0.2402857142857146,93496.75,-261276,20.73,20.46,20.33
2024-02-06,20.76,20.94,20.75,20.92,52523,20.19555,20.307435526293624,0.3315272689722484,90.55766713066704,0.5800000000000018,21.132551370554566,19.258548629445436,0.23100000000000037,91196.75,-208753,20.68,20.58,20.34
2024-02-07,20.91,21.1057,20.88,21.07,45602,20.280549999999998,20.38006071426566,0.3514821365475811,91.17298502581643,0.6999999999999993,21.21063148482868,19.350468515171315,0.22865714285714311,91211.6,-163151,20.92,20.58,20.37
2024-02-08,21.32,21.39,21.2,21.31,117674,20.36555,20.468626360526073,0.3822557882319444,91.42692676641136,0.9789999999999992,21.346915852698256,19.38418414730174,0.21937857142857173,92787.4,-45477,21.07,20.79,20.331
2024-02-09,21.41,21.5,21.28,21.37,63334,20.450049999999997,20.5544714690474,0.4067962495663444,88.86397515388961,1.0300000000000011,21.47302409032377,19.427075909676226,0.20652142857142866,92618.55,17857,21.31,20.73,20.34
2024-02-12,21.5,21.5,21.33,21.35,58270,20.53255,20.630236091042885,0.4197918182311291,87.46290710350095,0.8900000000000006,21.56690420483154,19.49819579516846,0.20152142857142863,89653.15,-40413,21.37,20.68,20.46
2024-02-13,21.25,21.25,21.01,21.09,87496,20.591549999999998,20.67402312999118,0.404449081274894,72.81368756692538,0.5100000000000016,21.610892713919664,19.57220728608033,0.20009285714285724,82841.0,-127909,21.35,20.92,20.58
2024-02-14,21.19,21.42,21.05,21.42,71698,20.68055,20.745068546182498,0.41414379319591177,79.13322573147933,0.8400000000000034,21.66013046336714,19.70096953663286,0.2147357142857145,78438.5,-56211,21.09,21.07,20.58
2024-02-15,21.41,21.48,21.3112,21.35,62880,20.76405,20.80268106559369,0.41143578174450823,76.16580255631024,0.5600000000000023,21.666165986241026,19.861934013758976,0.2167928571428574,75929.75,-119091,21.42,21.31,20.79
2024-02-16,21.2,21.3,21.04,21.12,129490,20.82655,20.83290191648953,0.38627798632691324,66.17647013408303,0.39000000000000057,21.636340479724645,20.016759520275357,0.22215000000000046,77226.35,-248581,21.35,21.37,20.73
2024-02-20,21.26,21.3425,21.0322,21.09,71222,20.86455,20.85738744825243,0.35977228951709606,63.076922624063116,0.41000000000000014,21.64710007574766,20.081999924252344,0.23574285714285764,74867.45,-319803,21.12,21.35,20.68
2024-02-21,20.95,21.0,20.76,20.9,142117,20.892550000000004,20.861445786514103,0.3197491766699976,57.4766351380033,-0.020000000000003126,21.63512743881134,20.149972561188665,0.22748571428571474,78445.8,-461920,21.09,21.09,20.92
2024-02-22,21.02,21.02,20.9,20.94,72297,20.92105,20.868927140179427,0.28793902885457,53.80710621659928,-0.129999999999999,21.621756252741907,20.220343747258095,0.21820000000000053,77292.7,-389623,20.9,21.42,21.07
2024-02-23,21.05,21.1,20.96,21.0,41800,20.954500000000003,20.88141026968615,0.264521481007737,56.852791474142556,-0.3099999999999987,21.59815649550871,20.310843504491295,0.21891428571428634,75730.2,-347823,20.94,21.35,21.31
2024-02-26,21.05,21.13,21.01,21.04,62557,20.9895,20.896514053525564,0.24635076996256444,59.18367304664718,-0.33000000000000185,21.5649805772021,20.4140194227979,0.21177142857142886,75995.0,-285266,21.0,21.12,21.37
2024-02-27,21.19,21.3,21.1,21.19,64296,21.026,20.92446509604694,0.24127277871193442,57.21925090851894,-0.16000000000000014,21.5504104459195,20.5015895540805,0.21248571428571442,74434.75,-220970,21.04,21.09,21.35
2024-02-28,21.19,21.23,21.1099,21.14,99473,21.054000000000002,20.944992229756757,0.23055616458747608,51.977400718822814,0.05000000000000071,21.536249116667236,20.57175088333277,0.20494285714285734,77090.8,-320443,21.19,20.9,21.09
2024-02-29,21.21,21.3799,21.18,21.23,61006,21.0865,20.97213582692278,0.22671198406230175,47.53086378677038,-0.19000000000000128,21.51932547838228,20.65367452161772,0.20565000000000008,75612.05,-259437,21.14,20.94,21.42
2024-03-01,21.24,21.395,21.2,21.32,70424,21.113,21.00526574816823,0.22829599977086446,48.48484807346188,-0.030000000000001137,21.5341313084388,20.6918686915612,0.2038642857142859,75719.8,-189013,21.23,21.0,21.35
2024-03-04,21.32,21.488,21.32,21.44,101996,21.1485,21.04666901024745,0.23650797839426474,52.57142815085712,0.3200000000000003,21.55306734524935,20.743932654750648,0.20372142857142858,77481.2,-87017,21.32,21.04,21.12
2024-03-05,21.49,21.73,21.47,21.49,167350,21.189,21.0888910092715,0.24423520234163476,62.98701241440369,0.3999999999999986,21.556575269771194,20.821424730228806,0.20515000000000022,82175.25,80333,21.44,21.19,21.09
2024-03-06,21.54,21.9,21.54,21.84,124049,21.235000000000003,21.16042519886469,0.27542610611882523,63.46153789201173,0.9400000000000013,21.68242538337046,20.787574616629545,0.20443571428571441,85751.55,204382,21.49,21.14,20.9
2024-03-07,21.96,22.42,21.72,21.95,141904,21.279,21.235622798972816,0.30549955929240724,68.74999939843738,1.009999999999998,21.82115554186869,20.73684445813131,0.2423785714285717,90566.65,346286,21.84,21.23,20.94
2024-03-08,22.14,22.4175,22.0,22.39,161864,21.333000000000002,21.34556348478493,0.36067950116618874,85.0828722700771,1.3900000000000006,22.068737367328993,20.59726263267101,0.2536285714285716,92776.15,508150,21.95,21.32,21.0
2024-03-11,22.55,22.82,22.45,22.76,259659,21.4025,21.48027172432922,0.4293169169432467,88.83720872385067,1.7200000000000024,22.376863489939097,20.428136510060902,0.25789285714285726,102592.4,767809,22.39,21.44,21.04
2024-03-12,22.9,23.0309,22.41,22.42,260776,21.456,21.569769655345485,0.4510777351434818,83.04347775538753,1.2300000000000004,22.530575069014418,20.38142493098558,0.2851000000000002,112717.7,507033,22.76,21.49,21.19
2024-03-13,22.61,22.61,22.23,22.36,94565,21.5195,21.645029688169725,0.4582000072229988,80.60344778946185,1.2199999999999989,22.651567972666314,20.387432027333688,0.3036714285714286,113071.15,412468,22.42,21.84,21.14
2024-03-14,22.29,22.36,21.87,21.9,117849,21.5435,21.669312575010704,0.4218634127333267,66.54411730455229,0.6699999999999982,22.686980835454886,20.400019164545117,0.32867142857142845,115378.7,294619,22.36,21.95,21.23
2024-03-15,21.9,22.34,21.8849,22.23,108235,21.5875,21.722711377390638,0.4149117367419777,69.76744153596535,0.9100000000000001,22.76679283002456,20.408207169975437,0.352607142857143,117646.45,402854,21.9,22.39,21.32
2024-03-18,22.26,22.26,21.95,21.975,112205,21.63025,21.746738865258198,0.3843950886883363,62.60032074593754,0.5350000000000001,22.800137421484365,20.460362578515635,0.36046428571428607,116782.2,290649,22.23,22.76,21.44
2024-03-19,21.98,22.06,21.82,22.01,102532,21.676250000000003,21.771811354281226,0.35889747975777553,64.03225777533818,0.5200000000000031,22.82891681633231,20.523583183667697,0.36902857142857165,118347.7,393181,21.975,22.42,21.49
2024-03-20,22.07,22.3,22.03,22.3,95193,21.746249999999996,21.82211503482587,0.3579645819000774,66.21212093122129,0.46000000000000085,22.87011024135798,20.62238975864201,0.3740357142857145,116001.5,488374,22.01,22.36,21.84
2024-03-21,22.41,22.4899,22.2201,22.44,115523,21.82125,21.880961221985313,0.36432238215917323,66.71641763163288,0.490000000000002,22.91845158393498,20.724048416065017,0.3793785714285716,118162.8,603897,22.3,21.9,21.95
2024-03-22,22.44,22.49,22.305,22.47,78454,21.89475,21.937060153224806,0.36754490026673636,65.79754572970376,0.0799999999999983,22.956691989693244,20.832808010306753,0.3805928571428573,119995.5,682351,22.44,22.23,22.39
2024-03-25,22.36,22.478,22.3,22.37,64949,21.96125,21.978292519584347,0.3579039216226789,63.293051091811904,-0.39000000000000057,22.962669387406518,20.959830612593482,0.3747357142857144,120115.1,617402,22.47,21.975,22.76
2024-03-26,22.34,22.37,21.9,22.05,130701,22.004250000000003,21.985121803433458,0.32074473843234586,53.20121928511675,-0.370000000000001,22.93778473704149,21.070715262958515,0.38259285714285746,123435.35,486701,22.37,22.01,22.42
2024-03-27,21.9,21.99,21.67,21.97,122193,22.045749999999998,21.98368163167789,0.28159444869528727,50.307692090982236,-0.39000000000000057,22.886722338239593,21.204777661760403,0.3554499999999999,124571.35,364508,22.05,22.3,22.36
2024-03-28,21.83,21.895,21.63,21.8,197485,22.07425,21.966188142946663,0.23415085280340975,40.10067095254719,-0.09999999999999787,22.833482819156394,21.315017180843604,0.34455714285714273,131395.3,167023,21.97,22.44,21.9
2024-04-01,21.6,21.78,21.51,21.53,203529,22.084750000000003,21.924646415046983,0.17277311953759167,28.64583319408274,-0.6999999999999993,22.804863112459984,21.364636887540023,0.3374142857142855,138050.55,-36506,21.8,22.47,22.23
2024-04-02,21.33,21.48,21.03,21.33,169700,22.079250000000002,21.868013423137747,0.10676182719292626,30.109488897250728,-0.6450000000000031,22.82143932894509,21.337060671054914,0.3252071428571427,141435.75,-206206,21.53,22.37,21.975
2024-04-03,21.11,21.46,21.0501,21.39,134068,22.07425,21.822488335219866,0.058613240136974554,32.29926990795997,-0.620000000000001,22.834286529592983,21.314213470407015,0.32734285714285705,139771.65,-72138,21.33,22.05,22.01
2024-04-04,21.31,21.45,21.16,21.17,127499,22.04075,21.76034658900845,0.0026721883191491713,35.39999980176006,-1.129999999999999,22.897207053336874,21.184292946663124,0.3130571428571428,139944.15,-199637,21.39,21.97,22.3
2024-04-05,21.01,21.41,21.01,21.39,81690,22.01275,21.72507548529336,-0.023636878843845466,32.42677805273016,-1.0500000000000007,22.916982591177362,21.10851740882264,0.3091214285714283,136933.45,-117947,21.17,21.8,22.44
2024-04-08,21.41,21.59,21.28,21.5,103012,21.96825,21.70363972478923,-0.035205106944513176,39.420935166194575,-0.9699999999999989,22.881862119700216,21.054637880299786,0.30912142857142805,133990.85,-14935,21.39,21.53,22.47
2024-04-09,21.71,21.73,21.57,21.66,87647,21.91325,21.69948356052359,-0.03110381122592898,42.61603350353394,-0.7100000000000009,22.755854202520513,21.07064579747949,0.3034071428571425,125390.25,72712,21.5,21.33,22.37
2024-04-10,21.6,21.63,21.35,21.6,154230,21.87225,21.69000893571182,-0.03232240782546114,33.644859592977554,-0.4499999999999993,22.690479635763747,21.054020364236255,0.30412142857142804,120062.95,-81518,21.66,21.39,22.05
2024-04-11,21.61,21.89,21.45,21.89,162822,21.848750000000003,21.709055703739267,-0.009774912087362253,37.9912661432848,-0.0799999999999983,22.634343138302096,21.06315686169791,0.316278571428571,123475.8,81304,21.6,21.17,21.97
2024-04-12,21.75,21.75,21.26,21.32,117981,21.819750000000003,21.672002779573624,-0.037468162039800745,29.68197865174993,-0.4800000000000004,22.639457746378948,21.000042253621057,0.33806428571428526,123482.4,-36677,21.89,21.39,21.8
2024-04-15,21.39,21.49,20.81,20.82,99341,21.74925,21.59085965770947,-0.09862418558336472,26.006191837744055,-0.7100000000000009,22.658085431805578,20.840414568194422,0.373921428571428,123037.7,-136018,21.32,21.5,21.53
2024-04-16,20.81,20.839,20.69,20.73,65731,21.687,21.5088730236419,-0.15259401030606057,27.999999869333323,-0.5999999999999979,22.695784573528684,20.67821542647132,0.3509928571428563,120714.0,-201749,20.82,21.66,21.33
2024-04-17,21.06,21.06,20.83,20.87,75253,21.63,21.448027973771243,-0.18197101104700053,32.02614364432486,-0.5199999999999996,22.689493424136952,20.570506575863046,0.3445642857142851,119350.05,-126496,20.73,21.6,21.39
2024-04-18,20.87,21.07,20.8014,20.95,110323,21.5625,21.40059673817398,-0.19653167182440967,35.69023552199886,-0.22000000000000242,22.61425292275624,20.51074707724376,0.34482142857142783,120106.55,-16173,20.87,21.89,21.17
2024-04-19,21.14,21.3,20.99,21.2,119042,21.5005,21.381492286919315,-0.18575690672097522,44.40677945027288,-0.19000000000000128,22.478025877972158,20.52297412202784,0.3476785714285709,120282.5,102869,20.95,21.32,21.39
2024-04-22,21.2,21.55,21.1875,21.53,53738,21.4535,21.395635878641286,-0.14887347361937842,53.246753004722606,0.030000000000001137,22.318693011627115,20.58830698837288,0.341428571428571,119046.7,156607,21.2,20.82,21.5
2024-04-23,21.65,21.882,21.595,21.84,52820,21.427,21.43795627115164,-0.09355029600252962,56.75675651813976,0.17999999999999972,22.20173526887711,20.65226473112289,0.3326499999999997,118440.25,209427,21.53,20.73,21.66
2024-04-24,21.92,21.94,21.68,21.9,46543,21.4195,21.481960435803867,-0.044353502509085985,61.51419531192466,0.29999999999999716,22.1714091490473,20.6675908509527,0.3305071428571428,114232.35,255970,21.84,20.87,21.6
2024-04-25,21.75,21.87,21.58,21.84,44411,21.413000000000004,21.516059441917783,-0.010089876808780929,57.47508278915244,-0.05000000000000071,22.14690376538215,20.67909623461786,0.3226500000000002,110343.25,211559,21.9,20.95,21.89
2024-04-26,21.9,22.07,21.855,22.05,61475,21.4255,21.5669109236399,0.03362196115505256,58.842443465017965,0.7300000000000004,22.194818905881917,20.656181094118082,0.315864285714286,103542.75,273034,21.84,21.2,21.32
2024-04-29,22.01,22.1692,22.01,22.1,39457,21.454,21.617681311864672,0.07147457438031068,57.33333306577781,1.2800000000000011,22.27977937667839,20.62822062332161,0.315807142857143,95339.15,312491,22.05,21.53,20.82
2024-04-30,22.03,22.32,21.98,22.01,74824,21.488,21.65504499644899,0.0931371693201406,56.76567630537312,1.2800000000000011,22.34758619175311,20.62841380824689,0.32009285714285746,90595.35,237667,22.1,21.84,20.73
2024-05-01,22.0,22.335,21.91,22.15,46785,21.526000000000003,21.70218356821575,0.12021598456905735,54.51388862389079,1.2799999999999976,22.433220161290862,20.618779838709145,0.31902142857142884,86231.2,284452,22.01,21.9,20.87
2024-05-02,22.3,22.4,22.1036,22.36,55042,21.5855,21.764832752195204,0.15681373151840106,70.63492024250442,1.4100000000000001,22.548772383186865,20.622227616813134,0.30519285714285743,82608.35,339494,22.15,21.84,20.95
2024-05-03,22.53,22.6499,22.3805,22.48,66081,21.64,21.832943918652802,0.19327277679982302,88.78504614813527,1.2800000000000011,22.677202715810264,20.602797284189737,0.27586428571428584,81827.9,405575,22.36,22.05,21.2
2024-05-06,22.73,22.93,22.6706,22.76,113861,21.703,21.921234974019203,0.24197119592168548,93.56223119748022,1.2300000000000004,22.851492833879977,20.554507166120022,0.2837500000000003,82370.35,519436,22.48,22.1,21.53
2024-05-07,22.91,22.99,22.78,22.81,86996,21.7605,22.005879262207852,0.28135632478336703,93.30357084542416,0.9699999999999989,23.010585891785873,20.51041410821413,0.2823214285714286,82337.8,606432,22.76,22.01,21.84
2024-05-08,22.85,23.0,22.79,22.84,84385,21.8225,22.08531933247377,0.31140044155174706,93.15068433602308,0.9400000000000013,23.15907653806478,20.485923461935222,0.27813571428571443,78845.55,690817,22.81,22.15,21.9
2024-05-09,22.78,22.98,22.66,22.98,101349,21.877,22.170527015095317,0.34255864620550014,92.78846091392388,1.1400000000000006,23.310539601641214,20.443460398358784,0.27885,75771.9,792166,22.84,22.36,21.84
2024-05-10,22.98,22.9927,22.73,22.8,61104,21.951,22.230476823181476,0.3487075699141826,82.90155380278671,0.75,23.415928954627233,20.486071045372768,0.27172142857142845,72928.05,731062,22.98,22.48,22.05
2024-05-13,22.67,22.84,22.54,22.57,52124,22.0385,22.26281236383086,0.33120365077465763,69.72972920204532,0.46999999999999886,23.425997178754823,20.651002821245175,0.2726499999999997,70567.2,678938,22.8,22.76,22.1
2024-05-14,22.56,22.7351,22.42,22.58,68538,22.130999999999997,22.293020710132684,0.31451307411353113,68.88888835308644,0.5699999999999967,23.392108952261317,20.869891047738676,0.2765857142857137,70707.55,747476,22.57,22.81,22.01
2024-05-15,22.72,22.85,22.6413,22.82,74383,22.228500000000004,22.343209213929573,0.3169975143172863,74.74747421895725,0.6700000000000017,23.37547359213393,21.08152640786608,0.2707785714285707,70664.05,821859,22.58,22.84,22.15
2024-05-16,22.69,22.87,22.69,22.77,60680,22.319499999999998,22.38385595546009,0.3113429020558378,69.78021924344883,0.41000000000000014,23.31864647785522,21.320353522144774,0.2682785714285707,68181.9,761179,22.82,22.98,22.36
2024-05-17,22.77,22.8743,22.7001,22.81,22477,22.4,22.42444110255913,0.3065554659321954,69.61325913006313,0.3299999999999983,23.270523133705108,21.52947686629489,0.2693499999999996,63353.65,783656,22.77,22.8,22.48
2024-05-20,22.88,23.0,22.83,22.93,57294,22.470000000000002,22.47258956898207,0.3088837649415659,74.99999942934778,0.16999999999999815,23.2681030140606,21.671896985939405,0.2572071428571426,63531.45,840950,22.81,22.57,22.76
2024-05-21,23.02,23.26,22.9313,23.15,113255,22.5355,22.537104848126635,0.3247377442910029,76.04166611219615,0.33999999999999986,23.33092044492866,21.74007955507134,0.2503285714285712,66553.2,954205,22.93,22.58,22.81
2024-05-22,23.01,23.14,22.64,22.72,98891,22.576500000000003,22.554523434019337,0.2991562458750927,58.41121457114157,-0.120000000000001,23.316607389078374,21.83639261092163,0.2648714285714284,69170.6,855314,23.15,22.82,22.84
2024-05-23,22.76,22.775,22.3378,22.44,58790,22.6065,22.54361644030321,0.2533683922724492,49.1304344835539,-0.5399999999999991,23.265055836261183,21.947944163738818,0.2768571428571427,69889.55,796524,22.72,22.77,22.98
2024-05-24,22.47,22.8338,22.47,22.57,43972,22.6325,22.546129160274333,0.2249776985440981,45.581395052028086,-0.23000000000000043,23.237422787591402,22.0275772124086,0.2843142857142857,69014.4,840496,22.44,22.81,22.8
2024-05-28,22.64,22.7341,22.44,22.45,44648,22.65,22.536974002152967,0.19059777999630612,41.8918916277088,-0.120000000000001,23.20853191022253,22.091468089777468,0.29032142857142873,69273.95,795848,22.57,22.93,22.57
2024-05-29,22.35,22.655,22.14,22.17,42325,22.658,22.502024097186016,0.1391537105602012,36.43724675703586,-0.4099999999999966,23.181413894793735,22.134586105206267,0.312107142857143,67649.0,753523,22.45,23.15,22.58
2024-05-30,22.14,22.42,22.12,22.16,56702,22.658499999999997,22.46945037364449,0.09646500992835172,32.478632284315836,-0.6600000000000001,23.17988580522941,22.137114194770582,0.31067857142857164,68144.85,696821,22.17,22.72,22.82
2024-05-31,22.11,22.28,21.95,22.25,46021,22.653,22.448550338059302,0.06909961731838976,37.77777754271601,-0.5199999999999996,23.18973868972957,22.116261310270428,0.3154857142857147,67693.8,742842,22.16,22.44,22.77
2024-06-03,22.27,22.3592,22.135,22.29,46895,22.6435,22.43345030586318,0.050062917960350006,43.20388320152697,-0.5199999999999996,23.199511169899147,22.087488830100853,0.3100714285714289,66734.5,789737,22.25,22.57,22.81
2024-06-04,22.29,22.4,22.2359,22.37,35010,22.624000000000002,22.427407419590494,0.040959373608931315,45.07042223897381,-0.5599999999999987,23.190072340550948,22.057927659449057,0.29928571428571465,62791.95,824747,22.29,22.45,22.93
2024-06-05,22.54,22.8399,22.4685,22.75,56962,22.621000000000002,22.458130522486638,0.06367358297394077,48.458149480874845,-0.3999999999999986,23.183546840155028,22.058453159844976,0.31090714285714327,61290.25,881709,22.37,22.17,23.15
2024-06-06,22.78,22.93,22.78,22.85,50596,22.621499999999997,22.495451425106957,0.08872119881889162,51.72413761890611,0.13000000000000256,23.184883575045955,22.05811642495404,0.30876428571428605,59600.8,932305,22.75,22.16,22.72
2024-06-07,22.84,22.8846,22.73,22.84,26689,22.6145,22.52826557509677,0.10653661068646514,50.6550215243798,0.3999999999999986,23.16239453460736,22.06660546539264,0.30736428571428576,55867.8,905616,22.85,22.25,22.44
2024-06-10,22.71,22.87,22.71,22.79,62073,22.613999999999997,22.55319266318279,0.1152918581259641,46.84684655141626,0.21999999999999886,23.161199569097995,22.066800430902,0.3066499999999999,55916.25,843543,22.84,22.29,22.57
2024-06-11,22.79,22.91,22.6699,22.85,33749,22.628,22.581460028593956,0.1256238398171874,42.71844631162229,0.40000000000000213,23.184704589526604,22.071295410473397,0.3003214285714285,54997.5,877292,22.79,22.37,22.45
2024-06-12,22.92,23.24,22.92,23.12,80084,22.655,22.632749549680245,0.15382554764528678,60.52631534349036,0.9499999999999993,23.252767777476727,22.057232222523275,0.28746428571428545,55574.8,957376,22.85,22.75,22.17
2024-06-13,23.21,23.21,22.9,22.94,50040,22.660999999999998,22.662011497329747,0.15980893099120053,63.88888839197528,0.7800000000000011,23.268077555090553,22.053922444909443,0.27837857142857153,54357.65,907336,23.12,22.85,22.16
2024-06-14,22.54,22.66,22.46,22.46,67524,22.6455,22.642772307107865,0.12438498492640448,47.44186015619256,0.21000000000000085,23.25667574352527,22.034324256474726,0.2666785714285714,54699.85,839812,22.94,22.84,22.25
2024-06-17,22.33,22.52,22.2142,22.36,59812,22.622999999999998,22.61584161119283,0.08723648047913102,47.88732362890962,0.07000000000000028,23.24176277232962,22.004237227670377,0.2675142857142855,56566.6,780000,22.46,22.79,22.29
2024-06-18,22.3,22.3948,22.28,22.31,33721,22.592,22.586713838698277,0.05314877500173054,53.68421013074783,-0.060000000000002274,23.208120289007184,21.975879710992814,0.2389285714285711,55387.95,746279,22.36,22.85,22.37
2024-06-20,22.48,22.48,22.21,22.3,62679,22.549500000000002,22.55940775882225,0.025038478417290122,53.68421013074793,-0.4499999999999993,23.119060310562805,21.9799396894372,0.23678571428571388,52859.15,683600,22.31,23.12,22.75
2024-06-21,22.24,22.29,22.1867,22.21,28108,22.523999999999997,22.526130829410608,-0.004450084091505602,48.94736806038784,-0.6400000000000006,23.106929082984752,21.941070917015242,0.22059285714285665,49320.0,655492,22.3,22.94,22.85
2024-06-24,22.2,22.5093,22.2,22.27,73826,22.5155,22.50173741708579,-0.02271662076511305,49.47916630588109,-0.5700000000000003,23.108457795604707,21.92254220439529,0.22667142857142814,50071.8,729318,22.21,22.46,22.84
2024-06-25,22.36,22.3999,22.19,22.34,77405,22.503999999999998,22.48633385355381,-0.031185085503281584,49.214659325128125,-0.4499999999999993,23.101411962243432,21.906588037756563,0.2299428571428567,51743.45,806723,22.27,22.36,22.79
2024-06-26,22.3,22.3599,22.23,22.29,48184,22.496000000000002,22.46763539131059,-0.04145314090509444,35.44303766063133,-0.5600000000000023,23.100697401489697,21.891302598510308,0.21269285714285655,51920.25,758539,22.34,22.31,22.85
2024-06-27,22.39,22.59,22.3157,22.59,51335,22.517,22.479289163566726,-0.02509388948458735,42.69662887766694,-0.5300000000000011,23.102908201899073,21.931091798100926,0.2215714285714281,52370.75,809874,22.29,22.3,23.12
2024-06-28,22.58,22.84,22.39,22.44,41730,22.531,22.475547338465134,-0.02395665377147438,39.58333304470491,-0.5,23.09392095359826,21.968079046401737,0.24267142857142815,51622.15,768144,22.59,22.21,22.94
2024-07-01,22.5,22.53,22.44,22.53,53524,22.545,22.48073330623036,-0.015613159709719326,43.36734662900881,0.07000000000000028,23.092203416425143,21.99779658357486,0.23767142857142812,51997.3,821668,22.44,22.27,22.46
2024-07-02,22.53,22.72,22.5,22.72,53493,22.566499999999998,22.503520610398898,0.006258388624711841,46.88995183901461,0.35999999999999943,23.105242199845822,22.027757800154173,0.23623571428571363,52327.2,875161,22.53,22.34,22.36
2024-07-03,22.72,22.885,22.6098,22.8,26198,22.588,22.53175674274186,0.029704662759133527,41.57894706204984,0.490000000000002,23.128042883287485,22.047957116712517,0.23303571428571399,51886.6,901359,22.72,22.29,22.31
2024-07-05,22.98,23.38,22.92,23.38,126331,22.6195,22.612541814861682,0.09400354204636585,59.56521702873342,1.0799999999999983,23.262927499698613,21.976072500301385,0.24374999999999933,55355.05,1027690,22.8,22.59,22.3
2024-07-08,23.38,23.75,23.35,23.69,97158,22.6615,22.71515688011295,0.16803823601179602,78.8732389182041,1.4800000000000004,23.45939921537418,21.86360078462582,0.2580357142857136,57683.15,1124848,23.38,22.44,22.21
2024-07-09,23.77,23.86,23.42,23.45,85589,22.692,22.785141939149813,0.20498236117351354,74.00881011624523,1.1799999999999997,23.56200544462906,21.82199455537094,0.26762142857142784,60628.15,1039259,23.69,22.53,22.27
2024-07-10,23.6,23.63,23.23,23.51,79267,22.728,22.854176040183166,0.2363775320132504,76.31578900507853,1.1700000000000017,23.67155654169129,21.78444345830871,0.2879928571428564,61487.85,1118526,23.45,22.72,22.34
2024-07-11,23.68,23.76,23.4202,23.59,114762,22.765,22.924254512546675,0.26466289338337035,77.44680804925302,1.3000000000000007,23.7837401920742,21.7462598079258,0.29297857142857076,65538.5,1233288,23.51,22.8,22.29
2024-07-12,23.45,23.58,23.05,23.22,94857,22.77,22.95242074944699,0.2542920183059252,69.20152054417436,0.629999999999999,23.797024316834044,21.742975683165955,0.32345714285714194,66277.15,1138431,23.59,23.38,22.59
2024-07-15,23.12,23.37,23.0,23.23,82885,22.7845,22.978856868547275,0.24406649488372167,68.60465079051738,0.7899999999999991,23.82965876406663,21.739341235933374,0.3277928571428563,67919.4,1221316,23.22,23.69,22.44
2024-07-16,23.43,23.5738,23.08,23.16,46584,22.8195,22.996108595352297,0.22768961478776717,65.8914725106664,0.629999999999999,23.865786163935148,21.773213836064855,0.34807142857142787,66872.4,1174732,23.23,23.45,22.53
2024-07-17,23.05,23.27,22.94,23.18,61626,22.860500000000002,23.013622062461604,0.21385941396777497,67.45098002183774,0.46000000000000085,23.895172081284453,21.82582791871555,0.362364285714285,66963.1,1236358,23.16,23.51,22.72
2024-07-18,23.18,23.22,22.95,23.11,62869,22.9005,23.022800913655736,0.1950025966592399,61.20689618237215,0.3099999999999987,23.9070360087161,21.8939639912839,0.3620571428571421,68420.5,1173489,23.18,23.59,22.8
2024-07-19,23.21,23.5045,23.05,23.25,67827,22.948,23.044438921879,0.18917457626479361,67.53246712317977,-0.129999999999999,23.92442958621815,21.97157041378185,0.36237857142857066,68677.9,1241316,23.11,23.22,23.38
2024-07-22,23.39,23.69,23.3,23.57,68284,23.016000000000002,23.094492357890523,0.2079796932483653,70.47244055645105,-0.120000000000001,23.96506935024739,22.066930649752614,0.3838071428571421,70686.7,1309600,23.25,23.23,23.69
2024-07-23,23.49,23.58,23.37,23.47,51019,23.076,23.130254990472377,0.21236570009788736,65.30612207580168,0.019999999999999574,23.97700294993387,22.174997050066132,0.3830928571428563,69546.35,1258581,23.57,23.16,23.45
2024-07-24,23.215,23.4,22.91,22.91,68830,23.1045,23.109278324713102,0.16870954374544667,51.87713285792495,-0.6000000000000014,23.941247462374125,22.267752537625878,0.3984357142857132,69117.6,1189751,23.47,23.18,23.51
2024-07-25,23.0,23.15,22.66,22.72,91351,23.125999999999998,23.07220419854995,0.11742669143763962,37.00787381176767,-0.870000000000001,23.893892536341173,22.358107463658822,0.40057857142857045,71275.95,1098400,22.91,23.11,23.59
2024-07-26,22.94,22.94,22.28,22.28,103995,23.110500000000002,22.996756179640432,0.040809907605837026,23.595505494255832,-0.9399999999999977,23.934418110391828,22.286581889608176,0.41914999999999913,73908.95,994405,22.72,23.25,23.22
2024-07-29,22.5,22.695,22.25,22.58,71911,23.1175,22.957065114912773,0.004249066581284211,34.06593389123695,-0.6500000000000021,23.919520474866648,22.31547952513335,0.41950714285714213,75418.0,1066316,22.28,23.57,23.23
2024-07-30,22.65,22.86,22.58,22.841,45139,23.13305,22.94601129444489,-0.003623376611521678,38.58751260995388,-0.31899999999999906,23.898327376614493,22.36777262338551,0.4109357142857138,74998.75,1111455,22.58,23.47,23.16
2024-07-31,22.9,23.1714,22.9,23.05,37388,23.149549999999998,22.955914980688235,0.006922411476701029,41.17647039984623,-0.129999999999999,23.891194964003425,22.40790503599657,0.40604999999999947,74193.5,1148843,22.841,22.91,23.18
2024-08-01,23.18,23.19,22.75,22.99,66092,23.15905,22.95916117300364,0.010319568402106682,45.81818158492562,-0.120000000000001,23.886575430917468,22.431524569082534,0.3996214285714283,76188.2,1082751,23.05,22.72,23.11
2024-08-02,22.84,22.84,22.25,22.49,67382,23.11455,22.914479156527104,-0.02702248316384015,38.58024674687545,-0.7600000000000016,23.892312912055136,22.336787087944867,0.4153357142857139,73240.75,1015369,22.99,22.28,23.25
2024-08-05,21.84,22.09,21.412,21.98,90592,23.02905,22.82548114161976,-0.09665488837570635,33.967391175124064,-1.5899999999999999,23.9096243281339,22.148475671866102,0.42849285714285684,72912.45,924777,22.49,22.58,23.57
2024-08-06,22.0,22.7,22.0,22.55,33886,22.984050000000003,22.799244842417878,-0.10463862597812223,42.55319134852373,-0.9199999999999982,23.866032569346824,22.102067430653182,0.4549214285714283,70327.3,958663,21.98,22.841,23.47
2024-08-07,22.7,22.87,22.3501,22.5,50715,22.93355,22.770745333616176,-0.11368983206101291,42.75534427587297,-0.41000000000000014,23.804323274013893,22.062776725986108,0.47277142857142834,68899.7,907948,22.55,23.05,22.91
2024-08-08,22.6,23.17,22.54,23.09,47184,22.908549999999998,22.801150539938444,-0.07242009519878323,48.283261657518096,0.370000000000001,23.727113433544933,22.089986566455064,0.4853071428571428,65520.8,955132,22.5,22.99,22.72
2024-08-09,22.89,23.12,22.72,22.78,55417,22.886550000000003,22.79913620280145,-0.06399030025279728,41.505376219123605,0.5,23.69343653738339,22.079663462616615,0.48602142857142866,63548.8,899715,23.09,22.49,22.28
2024-08-12,22.84,22.84,22.52,22.6,69564,22.85505,22.78017085015369,-0.07101550020837522,40.803382543076694,0.020000000000003126,23.65463817689583,22.055461823104167,0.4938785714285717,62882.75,830151,22.78,21.98,22.58
2024-08-13,22.61,23.09,22.54,23.01,77156,22.84755,22.802059340615244,-0.043003728117845696,51.09170290059306,0.16900000000000048,23.63785453157729,22.057245468422707,0.49816428571428617,64411.35,907307,22.6,22.55,22.841
2024-08-14,23.06,23.2797,22.89,23.14,49593,22.84555,22.834244165318555,-0.010196741694556977,54.646017529857495,0.08999999999999986,23.632507492331616,22.058592507668383,0.49100000000000044,63809.7,956900,23.01,22.5,23.05
2024-08-15,23.3,23.5,23.0201,23.49,57879,22.86455,22.89669710195488,0.043543167782008396,63.656884674673485,0.5,23.695509743150573,22.03359025684943,0.4781357142857147,63560.2,1014779,23.14,23.09,22.99
2024-08-16,23.56,23.69,23.3,23.67,87917,22.885550000000002,22.970344997006798,0.09950984137612551,62.64501139744083,1.1800000000000033,23.776581920982945,21.99451807901706,0.4742071428571433,64564.7,1102696,23.49,22.78,22.49
2024-08-19,23.7,23.75,23.56,23.7,69578,22.892049999999998,23.039835949672817,0.14461752192374888,60.52954134655218,1.7199999999999989,23.805714334309652,21.978385665690343,0.46777857142857193,64629.4,1172274,23.67,22.6,21.98
2024-08-20,23.7,23.7099,23.52,23.64,43837,22.900550000000003,23.09699443065636,0.17352390956958175,57.50636111829796,1.0899999999999999,23.83966211706648,21.961437882933524,0.46195714285714345,64270.3,1128437,23.7,23.01,22.55
2024-08-21,23.75,23.79,23.5361,23.69,30692,22.93955,23.15347115154623,0.19818248781317038,58.928571218112296,1.1900000000000013,23.94290195588012,21.93619804411988,0.44866428571428607,62363.4,1159129,23.64,23.14,22.5
2024-08-22,23.76,23.76,23.5,23.58,45559,22.98255,23.194092946637067,0.20646846806129204,65.43909322488744,0.48999999999999844,24.019437137948078,21.945662862051922,0.42509285714285766,60073.8,1113570,23.69,23.49,23.09
2024-08-23,23.6,23.82,23.6,23.74,65416,23.05555,23.246084094576393,0.22337094867083707,77.67295563288633,0.9599999999999973,24.08975093232462,22.02134906767538,0.3923785714285718,58144.85,1178986,23.58,23.67,22.78
2024-08-26,23.86,23.86,23.6136,23.67,55513,23.11005,23.28645703795007,0.22848404945047918,70.89552201771001,1.0700000000000003,24.15357247094564,22.066527529054362,0.35997857142857165,57324.95,1123473,23.74,23.7,22.6
2024-08-27,23.66,23.7522,23.52,23.63,59765,23.1495,23.319175415288157,0.22669535006859576,71.16104831600948,0.6199999999999974,24.209717951773708,22.08928204822629,0.3394285714285716,58056.25,1063708,23.67,23.64,23.01
2024-08-28,23.63,23.73,23.39,23.55,42551,23.174500000000002,23.34115870907024,0.21632875824648323,60.648147755058346,0.41000000000000014,24.24833180100153,22.100668198998473,0.31871428571428567,58314.4,1021157,23.63,23.69,23.14
2024-08-29,23.5,23.7,23.5,23.63,43097,23.2065,23.3686674034445,0.21212326598202225,72.0207248661709,0.14000000000000057,24.295222573526125,22.11777742647387,0.3044285714285712,57164.65,1064254,23.55,23.58,23.49
2024-08-30,23.73,23.76,23.59,23.74,44172,23.269,23.404032412640262,0.21518593425093613,80.64516068331598,0.06999999999999673,24.327636660496633,22.210363339503363,0.2937142857142856,56004.15,1108426,23.63,23.74,23.67
2024-09-03,23.85,23.95,23.55,23.63,171138,23.351499999999998,23.425553135245952,0.20635827054084643,69.87179424474029,-0.07000000000000028,24.228823081580437,22.47417691841956,0.28299999999999975,60031.45,937288,23.74,23.67,23.7
2024-09-04,23.55,23.852,23.52,23.75,93973,23.411499999999997,23.4564528366511,0.2066629981666992,69.6774187254943,0.10999999999999943,24.219415446331592,22.6035845536684,0.27887857142857136,63035.8,1031261,23.63,23.63,23.64
2024-09-05,23.75,23.8,23.64,23.68,107144,23.470499999999998,23.477743042684327,0.1989625654170588,57.48031432698871,-0.010000000000001563,24.16211823969139,22.778881760308604,0.2560285714285713,65857.25,924117,23.75,23.55,23.69
2024-09-06,23.82,23.82,23.43,23.56,93820,23.494,23.48557703861915,0.18108943360195084,45.45454492862496,-0.019999999999999574,24.162742732375765,22.825257267624234,0.2560285714285713,68189.05,830297,23.68,23.63,23.58
2024-09-09,23.66,23.81,23.6,23.75,64289,23.542499999999997,23.51076017779828,0.18017926555450003,51.824816988651534,0.010000000000001563,24.12883114408708,22.956168855912914,0.2574571428571425,68632.65,894586,23.56,23.74,23.74
2024-09-10,23.67,23.83,23.56,23.79,61748,23.602,23.537354446579396,0.18060372915706324,55.55555497942381,0.11999999999999744,23.99539815106749,23.20860184893251,0.26317857142857093,68241.85,956334,23.75,23.63,23.67
2024-09-11,23.91,24.05,23.63,23.99,70705,23.651000000000003,23.580463546905168,0.194832539906578,59.999999439999904,0.35999999999999943,23.97125647616635,23.330743523833657,0.27504285714285687,67919.3,1027039,23.79,23.75,23.63
2024-09-12,23.95,24.15,23.95,24.08,55999,23.698,23.628038447199913,0.2109396418896381,66.8918912591308,0.5299999999999976,23.975553219174024,23.420446780825976,0.2707571428571424,68239.6,1083038,23.99,23.68,23.55
2024-09-13,23.81,24.1099,23.81,24.05,34398,23.726000000000003,23.6682252617523,0.2187621332796077,61.48148084389588,0.4200000000000017,24.027183629946176,23.42481637005383,0.27646428571428544,67065.55,1048640,24.08,23.56,23.63
2024-09-16,24.04,24.17,23.92,24.06,53988,23.7455,23.705537141585417,0.22319557088377096,65.11627836307909,0.3200000000000003,24.080068064037608,23.41093193596239,0.27672142857142845,65369.1,1102628,24.05,23.75,23.74
2024-09-17,24.16,24.35,24.07,24.32,73350,23.776500000000002,23.764057413815376,0.24486626335287554,72.84768144379646,0.6900000000000013,24.19713986346641,23.355860136533593,0.2801357142857143,65557.7,1175978,24.06,23.79,23.63
2024-09-18,24.44,24.69,24.19,24.64,102620,23.8265,23.84748051726153,0.2845812929098557,81.14285649371435,0.8900000000000006,24.391711651088794,23.261288348911204,0.2915642857142858,68496.85,1278598,24.32,23.99,23.75
2024-09-19,24.75,25.220693,24.75,25.16,84354,23.9,23.97248237276043,0.3539354466275064,84.93150630637399,1.4800000000000004,24.71679734006488,23.083202659935118,0.31089950000000016,71179.95,1362952,24.64,24.08,23.68
2024-09-20,25.19,25.19,24.66,25.03,53263,23.9725,24.073198337259438,0.39386892379606664,79.18551986036331,1.4700000000000024,24.91711075247133,23.02788924752867,0.33661378571428585,71565.15,1309689,25.16,24.05,23.56
2024-09-23,25.03,25.69,24.83,25.4,192035,24.0555,24.199560400377585,0.45018297087628056,85.82995902768451,1.6499999999999986,25.187270387722958,22.92372961227704,0.369470928571429,77896.1,1501724,25.03,24.06,23.75
2024-09-24,25.32,25.32,24.81,25.09,93900,24.1265,24.284364171770196,0.46444402803943774,75.18796952908593,1.3000000000000007,25.332193074324458,22.920806925675542,0.3821852142857148,79815.45,1407824,25.4,24.32,23.79
2024-09-25,24.94,24.95,24.63,24.82,98920,24.186,24.335377107792084,0.448785950000385,69.93006958775497,0.8300000000000018,25.405894732300712,22.966105267699287,0.39361378571428624,81773.2,1308904,25.09,24.64,23.99
2024-09-26,24.82,25.025,24.69,24.91,132539,24.254,24.390103097526172,0.43858334241934216,73.85158974066361,0.8300000000000018,25.476239532041294,23.03176046795871,0.38968521428571457,86272.6,1441443,24.82,25.16,24.08
2024-09-27,24.8,25.0884,24.71,24.97,74226,24.321,24.44533137395225,0.43037807046891885,72.59259221618663,0.9199999999999982,25.54612126145271,23.09587873854729,0.4017137857142861,87829.05,1515669,24.91,25.03,24.05
2024-09-30,24.97,25.49,24.93,25.4,186888,24.404,24.536252195480607,0.4533468395030198,76.05177959070399,1.3399999999999999,25.686947264781708,23.121052735218292,0.4224280714285718,94964.85,1702557,24.97,25.4,24.06
2024-10-01,25.4,25.46,25.02,25.26,105104,24.485500000000002,24.60518055781579,0.4550078769006731,70.95709538171653,0.9400000000000013,25.768514132096083,23.20248586790392,0.4238566428571432,91663.15,1597453,25.4,25.09,24.32
2024-10-02,25.11,25.42,25.01,25.38,162472,24.567,24.678972885642857,0.46069663409881656,71.24182973941659,0.7399999999999984,25.860336769755037,23.273663230244964,0.43885664285714326,95088.1,1759925,25.26,24.82,24.64
2024-10-03,25.19,25.38,25.1354,25.24,143304,24.645,24.732404039391156,0.4487354423417784,68.76971578461328,0.0799999999999983,25.90071535493996,23.38928464506004,0.43490664285714303,96896.1,1616621,25.38,24.91,25.16
2024-10-04,25.25,25.34,25.15,25.28,103912,24.731,24.784556035639618,0.43744122723460777,69.06249969785165,0.25,25.9068965224795,23.555103477520504,0.43062092857142886,97400.7,1720533,25.24,24.97,25.03
2024-10-07,25.4,25.47,25.25,25.36,164557,24.811500000000002,24.83936022272156,0.42998916437558066,67.21854273474852,-0.03999999999999915,25.923317383717894,23.69968261628211,0.4263352142857144,102414.1,1885090,25.28,25.4,25.4
2024-10-08,25.46,25.97,25.395,25.84,76107,24.913999999999998,24.93465924912903,0.45754109046023217,68.86792422510982,0.75,26.00712492665003,23.820875073349967,0.4316923571428572,103132.05,1961197,25.36,25.26,25.09
2024-10-09,25.86,26.04,25.69,25.83,78486,25.005999999999997,25.019929796831025,0.4731154930569055,62.54681615143992,1.009999999999998,26.081260555939068,23.930739444060926,0.42307142857142843,103521.1,1882711,25.84,25.38,24.82
2024-10-10,25.79,25.99,25.5518,25.94,49649,25.098999999999997,25.107555530466165,0.4887009595575833,67.16981096589538,1.0300000000000011,26.15867025655725,24.039329743442742,0.4165142857142854,103203.6,1932360,25.83,25.24,24.91
2024-10-11,25.95,26.164,25.77,25.79,132600,25.186,25.172550241850338,0.4833767414652179,58.02469102372607,0.8200000000000003,26.16574002996527,24.20625997003473,0.38322857142857103,108113.7,1799760,25.94,25.28,24.97
2024-10-14,25.87,26.07,25.6,25.71,81153,25.268499999999996,25.223735933102688,0.46731501228799743,64.09090868305788,0.3100000000000023,26.11827458311357,24.41872541688642,0.38037142857142797,109471.95,1718607,25.79,25.36,25.4
2024-10-15,25.47,25.64,24.97,24.97,125844,25.301,25.199570606140526,0.3903741702016035,52.80898848714386,-0.2900000000000027,26.040612985568565,24.561387014431432,0.4053714285714281,112096.65,1592763,25.71,25.84,25.26
2024-10-16,24.93,25.55,24.81,25.47,107971,25.342499999999998,25.225325786508094,0.3655302150593833,59.09090882231403,0.08999999999999986,26.016150698180073,24.66884930181992,0.43429999999999985,112364.2,1700734,24.97,25.83,25.38
2024-10-17,25.69,25.7,25.29,25.43,49325,25.355999999999998,25.24481856874542,0.338709108152468,57.51633960613441,0.19000000000000128,26.025057467440167,24.68694253255983,0.43655714285714275,110612.75,1651409,25.47,25.94,25.24
2024-10-18,25.59,25.59,25.1801,25.21,50991,25.365000000000002,25.24150251457919,0.29628562999896957,46.66666643742694,-0.07000000000000028,26.020294228813597,24.709705771186407,0.4258357142857143,110499.15,1600418,25.43,25.79,25.28
2024-10-21,25.3,25.398,25.0101,25.34,54040,25.362000000000002,25.250883227476407,0.2700417581691035,51.40845045080337,-0.019999999999999574,26.017168921569155,24.70683107843085,0.42211428571428555,103599.4,1654458,25.21,25.71,25.36
2024-10-22,25.36,25.47,25.08,25.23,95555,25.369,25.24889434866913,0.23762799239749555,47.34982308731539,-0.6099999999999994,26.014858058384007,24.723141941615992,0.42068571428571416,103682.15,1558903,25.34,24.97,25.84
2024-10-23,25.19,25.19,24.6911,24.78,72686,25.366999999999997,25.204237744033975,0.17362714465799556,42.675159045397436,-1.0499999999999972,26.020221974040243,24.71377802595975,0.43885000000000013,102370.45,1486217,25.23,25.47,25.83
2024-10-24,24.72,24.8,24.5601,24.7,60525,25.3565,25.156215101745026,0.11512360703134306,40.880502964677014,-1.240000000000002,26.04637489331158,24.66662510668842,0.4424142857142859,98769.75,1425692,24.78,25.43,25.94
2024-10-25,24.8,24.89,24.68,24.7,43110,25.343,25.112766044435975,0.06797555211552009,39.354838531945894,-1.0899999999999999,26.074058353204503,24.611941646795497,0.44170000000000037,97213.95,1425692,24.7,25.21,25.79
2024-10-28,24.66,24.96,24.58,24.6,92252,25.303,25.063931183061122,0.02228433470732938,27.20588221291095,-1.1099999999999994,26.105026380981368,24.500973619018634,0.4277714285714292,92482.15,1333440,24.7,25.34,25.71
2024-10-29,24.59,24.59,24.13,24.19,80693,25.249499999999998,24.980699641817207,-0.04647413288791924,23.71794861152209,-0.7799999999999976,26.193745173336353,24.305254826663642,0.43562857142857225,91261.6,1252747,24.6,25.23,24.97
2024-10-30,24.1,24.39,24.05,24.12,68019,25.1865,24.898728247358424,-0.10539915299365887,20.454545361570226,-1.3499999999999979,26.254154093402192,24.118845906597805,0.4286142857142866,86538.95,1184728,24.19,24.78,25.47
2024-10-31,23.96,24.29,23.9,24.01,59045,25.125,24.814087461895717,-0.15913927811350703,20.723684115088304,-1.4199999999999982,26.31443595655142,23.93556404344858,0.4283285714285722,82326.0,1125683,24.12,24.7,25.43
2024-11-01,23.95,24.145,23.95,24.0,50057,25.061,24.736555322667552,-0.20022753251663516,21.2121211121314,-1.2100000000000009,26.348983327777233,23.773016672222766,0.4086857142857152,79633.25,1075626,24.01,24.7,25.21
2024-11-04,23.91,24.2399,23.85,23.91,50195,24.9885,24.657835768127786,-0.23731687676383828,27.155172249925684,-1.4299999999999997,26.365763113646423,23.611236886353574,0.38867857142857204,73915.15,1025431,24.0,24.6,25.34
2024-11-05,23.86,24.1691,23.86,23.91,54324,24.892000000000003,24.58661331402038,-0.2636710139744416,7.1428570879120485,-1.3200000000000003,26.288380282995053,23.495619717004953,0.3579000000000005,72826.0,1025431,23.91,24.19,25.23
2024-11-06,24.34,24.34,23.96,24.04,25520,24.802500000000002,24.534554903161297,-0.2709436740230089,13.612565345248129,-0.740000000000002,26.174994847080903,23.4300051529191,0.35575714285714327,70177.7,1050951,23.91,24.12,24.78
2024-11-07,24.46,24.6,24.1123,24.6,35972,24.735500000000002,24.540787769526887,-0.22888158518363255,36.44444421767903,-0.09999999999999787,26.00083498789032,23.470165012109682,0.36131428571428614,69493.85,1086923,24.04,24.01,24.7
2024-11-08,24.61,24.67,24.38,24.61,40806,24.6765,24.547379410524325,-0.1925208992247711,32.86384954925167,-0.08999999999999986,25.840816379503178,23.512183620496824,0.3543214285714293,64904.15,1127729,24.6,24.0,24.7
2024-11-11,24.64,25.05,24.51,25.05,55198,24.6435,24.595248038093438,-0.12673949684440444,46.34146315090225,0.4499999999999993,25.718464381295053,23.568535618704946,0.3650357142857149,63606.4,1182927,24.61,23.91,24.6
2024-11-12,25.0,25.0,24.73,24.81,50734,24.6355,24.615700605894062,-0.09290233547113758,50.66666635140736,0.6199999999999974,25.702586046942503,23.568413953057497,0.3486857142857147,59850.9,1132193,25.05,23.91,24.19
2024-11-13,24.75,24.7928,24.3,24.39,41554,24.581500000000002,24.59420531009463,-0.09883729638396233,44.01544377752272,0.2699999999999996,25.577730262962596,23.585269737037407,0.3667500000000002,56530.05,1090639,24.81,24.04,24.12
2024-11-14,24.3,24.3443,24.0,24.01,30756,24.5105,24.538566709133235,-0.13267423389233102,38.3838382029045,0.0,25.45307151061974,23.56792848938026,0.3763428571428573,55601.6,1059883,24.39,24.6,24.01
2024-11-15,24.0,24.08,23.86,23.88,26728,24.444,24.475846070168163,-0.16804306830605142,37.99999982266664,-0.120000000000001,25.36622613963819,23.521773860361808,0.36491428571428564,54388.45,1033155,24.01,24.61,24.0
2024-11-18,23.88,24.08,23.86,23.94,50094,24.374000000000002,24.42481311110453,-0.18905234805122362,45.2830186286935,0.030000000000001137,25.21918201091795,23.528817989082054,0.34777142857142834,54191.15,1083249,23.88,25.05,23.91
2024-11-19,23.85,23.9895,23.85,23.98,43616,24.311500000000002,24.382449957666005,-0.20016728405612128,47.32824402191014,0.07000000000000028,25.070648414863534,23.55235158513647,0.33344999999999964,51594.2,1126865,23.94,24.81,23.91
2024-11-20,24.17,24.395,24.03,24.33,45327,24.289,24.377454723602575,-0.17867423068050314,55.59440532226508,0.28999999999999915,25.01566215997338,23.562337840026622,0.3316642857142852,50226.25,1172192,23.98,24.39,24.04
2024-11-21,24.51,24.59,24.29,24.53,34507,24.2805,24.391982845164236,-0.1438443543243828,58.68852432077399,-0.07000000000000028,24.99071049511307,23.57028950488693,0.33916428571428525,48925.35,1206699,24.33,24.01,24.6
2024-11-22,24.54,24.66,24.47,24.51,42263,24.271,24.403222574196214,-0.1165121793522168,60.067113811765246,-0.09999999999999787,24.9624180698888,23.579581930111203,0.3248857142857141,48883.0,1164436,24.53,23.88,24.61
2024-11-25,24.75,24.75,23.8613,23.89,74102,24.235500000000002,24.354344233796574,-0.14322899748666984,49.722222028858035,-1.1600000000000001,24.928699295410933,23.54230070458907,0.36628571428571405,47975.5,1090334,24.51,23.94,25.05
2024-11-26,23.89,24.058,23.51,23.56,84164,24.204,24.278692402006424,-0.18885352454365645,43.684210365373964,-1.25,24.96029011420381,23.44770988579619,0.378285714285714,48149.05,1006170,23.89,23.98,24.81
2024-11-27,23.78,23.7899,23.6,23.68,34303,24.182000000000002,24.22167407800581,-0.21287441013483743,36.30952365823413,-0.7100000000000009,24.973363912562082,23.390636087437922,0.35701428571428523,46463.25,1040473,23.56,24.33,24.39
2024-11-29,23.68,23.79,23.68,23.77,26227,24.169999999999998,24.178657499148116,-0.22208878590988235,37.79069752061929,-0.240000000000002,24.979418244628288,23.360581755371708,0.34415714285714216,44822.35,1066700,23.68,24.53,24.01
2024-12-02,23.76,23.9,23.66,23.77,52205,24.158499999999997,24.139737737324484,-0.2267770998543206,28.666666532888925,-0.10999999999999943,24.98445463109778,23.332545368902213,0.3227285714285707,44929.75,1066700,23.77,24.51,23.88
2024-12-03,23.9,23.9491,23.81,23.9,20787,24.158,24.11690557186501,-0.2174955555104745,34.25605519737553,-0.0400000000000027,24.984599884116463,23.33140011588354,0.3133785714285709,43459.35,1087487,23.77,23.89,23.94
2024-12-04,23.86,24.1712,23.7,23.79,73254,24.151999999999997,24.085771707877868,-0.2165200372295466,38.37209281503515,-0.19000000000000128,24.987869544089946,23.31613045591005,0.3118357142857138,44405.85,1014233,23.9,23.56,23.98
2024-12-05,23.79,24.09,23.66,23.8,63113,24.14,24.05855535474664,-0.21249055667065164,45.24886849163613,-0.5299999999999976,24.989420855332607,23.290579144667394,0.3179571428571423,46285.5,1077346,23.79,23.68,24.33
2024-12-06,23.71,23.78,23.5501,23.7,40938,24.095,24.024407225723152,-0.2148892194046006,45.871559338439546,-0.8300000000000018,24.937140130857255,23.252859869142743,0.3186642857142853,46533.8,1036408,23.8,23.77,24.53
2024-12-09,23.75,23.9954,23.7,23.74,46358,24.051499999999997,23.997320823273327,-0.21112875038528145,45.3703700763031,-0.7700000000000031,24.871211759352832,23.231788240647163,0.3240499999999997,46811.4,1082766,23.7,23.77,24.51
2024-12-10,23.8,24.0,23.725,23.81,59186,23.9895,23.979480744866343,-0.2001924427446795,46.11872116636431,-0.08000000000000185,24.666349512933376,23.312650487066623,0.3337285714285712,47010.8,1141952,23.74,23.9,23.89
2024-12-11,23.85,23.99,23.7839,23.93,60653,23.945500000000003,23.97476829297431,-0.17977006561607212,39.79591808309046,0.370000000000001,24.501367269276468,23.389632730723537,0.32237857142857124,47506.75,1202605,23.81,23.79,23.56
2024-12-12,23.91,23.96,23.82,23.955,41883,23.92375,23.972885598405327,-0.15972666398407753,33.89355715713731,0.2749999999999986,24.43893903020381,23.408560969796188,0.3109499999999998,47523.2,1244488,23.93,23.8,23.68
2024-12-13,23.95,24.12,23.95,24.11,79801,23.92875,23.985944112842915,-0.1298382249392631,39.583333044704844,0.33999999999999986,24.44937588851277,23.408124111487233,0.3095214285714284,49975.45,1324289,23.955,23.7,23.77
2024-12-16,24.03,24.21,24.0,24.02,39267,23.93575,23.9891875306674,-0.1121212060301886,54.67625844210958,0.25,24.457379784022333,23.414120215977665,0.261042857142857,50602.4,1285022,24.11,23.74,23.77
2024-12-17,24.0,24.04,23.8951,24.03,41472,23.94025,23.9930744325086,-0.09616489542017348,71.962615880863,0.13000000000000256,24.463584199351395,23.416915800648603,0.23225,50171.3,1326494,24.02,23.81,23.9
2024-12-18,24.01,24.3199,23.93,24.03,66302,23.942749999999997,23.996591153222067,-0.08256761621951014,68.42105162326874,0.240000000000002,24.46735988011667,23.418140119883322,0.2465357142857145,51305.6,1326494,24.03,23.93,23.79
2024-12-19,24.15,24.59,24.03,24.37,102977,23.94475,24.03215390053425,-0.04385102862676149,74.99999912500002,0.5700000000000003,24.475840982393024,23.413659017606975,0.2786785714285716,54188.1,1429471,24.03,23.955,23.8
2024-12-20,24.34,25.21,24.25,24.65,98439,23.95075,24.090996386197656,0.00931838932909912,79.72972897552955,0.9499999999999993,24.511560269070547,23.389939730929452,0.3301071428571432,57384.7,1527910,24.37,24.11,23.7
2024-12-23,24.65,25.22,24.65,24.79,65850,23.96475,24.157568158940737,0.06203723941611017,79.86577106166388,1.0500000000000007,24.59413127512179,23.335368724878208,0.3608857142857144,58564.05,1593760,24.65,24.02,23.74
2024-12-24,24.8,25.1,24.67,25.0,22425,24.020249999999997,24.237799762851143,0.11938634145673532,88.05031369012298,1.1900000000000013,24.799740218027306,23.240759781972688,0.3579428571428573,55980.2,1616185,24.79,24.03,23.81
2024-12-26,25.15,25.24,24.8598,24.92,60468,24.08825,24.302771214008178,0.15657567962011854,83.73493905283789,0.990000000000002,24.933218233598016,23.24328176640198,0.35438571428571436,54795.4,1555717,25.0,24.03,23.93
2024-12-27,24.76,24.8681,24.6,24.66,50195,24.137249999999998,24.336793003150255,0.16318754650459866,76.37362578613697,0.7050000000000018,24.996083204810166,23.27841679518983,0.35711428571428555,55590.0,1505522,24.92,24.37,23.955
2024-12-30,24.26,25.2,24.1001,24.83,111825,24.19025,24.383765098088325,0.1800693505137474,77.94871738908614,0.7199999999999989,25.08378511402759,23.296714885972406,0.4145785714285711,59869.9,1617347,24.66,24.65,24.11
2024-12-31,24.75,25.0313,24.13,24.305,93414,24.217000000000002,24.37626366017515,0.14936342088545018,60.29105994009365,0.28500000000000014,25.08934348618824,23.344656513811763,0.4593142857142856,61930.35,1523933,24.83,24.79,24.02
2025-01-02,24.32,24.525,24.1509,24.27,47859,24.2355,24.36614331158704,0.12081189857398655,57.32758586095423,0.23999999999999844,25.09513823480413,23.375861765195868,0.4713142857142856,63283.95,1476074,24.305,25.0,24.03
2025-01-03,24.22,24.39,24.126,24.31,47668,24.2615,24.360796329531134,0.10025658167954887,57.60171271673494,0.2799999999999976,25.0954765237137,23.427523476286304,0.48017142857142836,62004.65,1523742,24.27,24.92,24.03
2025-01-06,24.41,24.67,24.31,24.33,48121,24.288,24.357863345766262,0.08460490511918195,54.999999649999985,-0.0400000000000027,25.093425026730944,23.482574973269056,0.493742857142857,61255.05,1571863,24.31,24.66,24.37
2025-01-07,24.38,24.55,24.155,24.29,66437,24.317500000000003,24.351400169978998,0.06818715390955532,56.2790694009735,-0.35999999999999943,25.073977292942217,23.561022707057788,0.5069571428571427,62530.0,1505426,24.33,24.83,24.65
2025-01-08,24.26,24.26,23.9241,24.19,38370,24.34,24.336028725219094,0.04656997385746564,53.57142823660716,-0.5999999999999979,25.049462361302986,23.630537638697014,0.5206,62130.6,1467056,24.29,24.305,24.79
2025-01-10,24.2,24.2,23.9001,23.96,85722,24.3475,24.300216465674417,0.010755146479251465,48.58299567604779,-1.0399999999999991,25.03624026882061,23.65875973117939,0.5141714285714285,63457.4,1381334,24.19,24.27,25.0
2025-01-13,23.84,23.98,23.5301,23.84,59713,24.343,24.25638632608638,-0.027000118805432294,38.222221984395,-1.0800000000000018,25.044287537695247,23.641712462304753,0.5063071428571428,63410.4,1321621,23.96,24.31,24.92
2025-01-14,23.86,23.95,23.67,23.7,43151,24.33025,24.20339715217339,-0.0674408523611767,27.488151476381915,-0.9600000000000009,25.06948484623973,23.591015153760267,0.4577357142857141,63473.8,1278470,23.84,24.33,24.66
2025-01-15,23.9,24.14,23.3,23.41,134285,24.29525,24.127835518633066,-0.12149053417993017,19.469026428067934,-1.4199999999999982,25.137499338004343,23.453000661995656,0.4770214285714283,66198.0,1144185,23.7,24.29,24.83
2025-01-16,23.45,23.8,23.42,23.77,44900,24.28275,24.093755945429915,-0.13373469475953215,24.481327658614617,-0.5350000000000001,25.14927041613529,23.41622958386471,0.4734499999999997,66479.65,1189085,23.41,24.19,24.305
2025-01-17,23.88,24.3,23.87,24.27,62040,24.29475,24.11054109348421,-0.10191761607108418,38.515900869532594,0.0,25.15314185629158,23.43635814370842,0.47700714285714263,67508.05,1251125,23.77,23.96,24.27
2025-01-21,24.34,24.55,24.2801,24.45,62706,24.31575,24.142870513152378,-0.06146927674456748,46.181817946710716,0.14000000000000057,25.167394075643863,23.46410592435614,0.4771357142857143,67328.25,1313831,24.27,23.84,24.31
2025-01-22,24.67,24.7,24.25,24.46,42713,24.320249999999998,24.17307332142358,-0.028280757024425895,42.857142625482666,0.13000000000000256,25.17404940328684,23.466450596713155,0.43071428571428577,64315.05,1356544,24.45,23.7,24.33
2025-01-23,24.18,24.58,24.13,24.455,49337,24.3105,24.199923481288,-0.0023549281038093284,53.62318804312817,0.16499999999999915,25.152820729013985,23.468179270986017,0.3984785714285713,61859.95,1307207,24.46,23.41,24.29
2025-01-24,24.46,24.8706,24.46,24.51,36420,24.2965,24.22945457830819,0.022371632197003777,55.74162642086952,0.3200000000000003,25.114212470377492,23.47878752962251,0.40108571428571416,60388.45,1343627,24.455,23.77,24.19
2025-01-27,24.27,24.37,23.99,24.164,37981,24.2547,24.223220808945506,0.01388820642474542,46.953255151358334,0.20400000000000063,25.003566399440412,23.505833600559587,0.40937142857142866,61166.25,1305646,24.51,24.27,23.96
2025-01-28,24.07,24.3481,24.05,24.27,36669,24.222199999999997,24.227675969998316,0.015539218068418847,48.79129706564138,0.4299999999999997,24.902801777067673,23.541598222932322,0.40494999999999975,59976.3,1342315,24.164,24.45,23.84
2025-01-29,24.28,24.395,24.03,24.08,41780,24.1932,24.213611591903238,0.0014989654465864533,46.01063805313489,0.379999999999999,24.84403285913253,23.542367140867473,0.40280714285714253,59555.55,1300535,24.27,24.46,23.7
2025-01-30,24.05,24.46,24.05,24.26,20997,24.1647,24.2180295355315,0.004840659655162227,51.29056020720212,0.8500000000000014,24.744123343097783,23.585276656902217,0.4080999999999995,55014.15,1321532,24.08,24.455,23.41
2025-01-31,24.42,24.4895,24.2002,24.37,27713,24.167949999999998,24.23250291309993,0.016178560705693457,57.9089503045041,0.6000000000000014,24.751401968888867,23.584498031111128,0.4073428571428566,51729.1,1349245,24.26,24.51,23.77
2025-02-03,24.0,24.37,23.95,24.33,36707,24.170949999999998,24.241788349947555,0.021686277361173012,59.75318438035638,0.05999999999999872,24.75722152861405,23.584678471385946,0.4052071428571425,51171.5,1312538,24.37,24.164,24.27
2025-02-04,24.39,24.63,24.22,24.63,71312,24.18695,24.27876088804779,0.049685926850663975,67.40269425762054,0.17999999999999972,24.805762946824967,23.568137053175032,0.41449285714285694,52353.7,1383850,24.33,24.27,24.45
2025-02-05,24.64,24.68,24.41,24.55,35646,24.19795,24.30459318442419,0.06467498640111558,73.15190860108574,0.08999999999999986,24.835021746765324,23.560878253234673,0.37377857142857124,51729.95,1348204,24.63,24.08,24.46
2025-02-06,24.55,24.74,24.4,24.74,54923,24.22045,24.346060500193314,0.09083820985059887,71.16055802956019,0.28500000000000014,24.901479707985054,23.539420292014945,0.37092142857142846,51154.25,1403127,24.55,24.26,24.455
2025-02-07,24.86,24.87,24.52,24.79,48107,24.250449999999997,24.388340452555855,0.11428987255488465,64.11509180368543,0.2799999999999976,24.977160968390642,23.523739031609352,0.36520714285714284,51641.1,1451234,24.74,24.37,24.51
2025-02-10,24.75,24.89,24.55,24.8,49379,24.29245,24.427546123741013,0.13215895447357795,60.46650667073496,0.6359999999999992,25.04511277484137,23.539787225158626,0.3702142857142857,49823.95,1500613,24.79,24.33,24.164
2025-02-11,24.85,24.85,24.52,24.61,56334,24.330949999999998,24.444922683384725,0.12949616732185376,54.049675617335005,0.33999999999999986,25.0647021379869,23.597197862013097,0.3616428571428573,49655.0,1444279,24.8,24.63,24.27
2025-02-12,24.48,24.78,24.45,24.74,33610,24.38295,24.473025284967132,0.13630456864375873,57.207890338436776,0.6600000000000001,25.074630934961952,23.69126906503805,0.3530714285714289,49177.95,1477889,24.61,24.55,24.08
2025-02-13,24.51,24.72,24.46,24.56,51219,24.440450000000002,24.48130859116074,0.12572648342708703,51.189343141460064,0.29999999999999716,24.961803895363705,23.9190961046363,0.342314285714286,45024.65,1426670,24.74,24.74,24.26
2025-02-14,24.49,24.73,24.425,24.68,40464,24.48595,24.500231582478765,0.12557867895901964,63.75266476943632,0.3099999999999987,24.910851957732135,24.061048042267863,0.33695714285714295,44802.85,1467134,24.56,24.79,24.37
2025-02-18,24.68,24.7,24.4,24.535,78815,24.4992,24.50354286033793,0.11246483011413133,56.91905963610086,0.20500000000000185,24.912105800395675,24.08629419960432,0.3370928571428574,45641.6,1388319,24.68,24.8,24.33
2025-02-19,24.59,24.6303,24.34,24.43,29491,24.4982,24.496538778400986,0.09253272825430159,59.562841074382646,-0.1999999999999993,24.91170394894108,24.08469605105892,0.33175714285714314,43980.85,1358828,24.535,24.61,24.63
2025-02-20,24.42,24.61,24.2,24.42,59167,24.4962,24.489249370934225,0.07506418430994088,54.819276646102495,-0.129999999999999,24.910867196931374,24.08153280306863,0.33175714285714314,44803.55,1299661,24.43,24.74,24.55
2025-02-21,24.35,24.718,24.0,24.04,80365,24.47545,24.446463716559535,0.030209180543739222,41.450776901393304,-0.6999999999999993,24.937611272831955,24.013288727168042,0.36237857142857166,46354.95,1219296,24.42,24.56,24.74
2025-02-24,24.0,24.39,23.7,23.7,42084,24.43495,24.375371934030056,-0.03240039996304844,35.87443923666274,-1.0899999999999999,25.012037232300795,23.857862767699206,0.3816642857142859,46638.15,1177212,24.04,24.68,24.79
2025-02-25,23.68,23.8069,23.06,23.11,85782,24.38225,24.25486032126529,-0.12814978184200143,19.841269731040555,-1.6900000000000013,25.204112294778945,23.560387705221054,0.4057285714285716,49028.2,1091430,23.7,24.535,24.8
2025-02-26,23.04,23.41,22.7,22.86,151982,24.31175,24.122016481144787,-0.22164972739568967,18.587360498058345,-1.75,25.379326078886596,23.244173921113404,0.43715714285714313,54793.85,939448,23.11,24.43,24.61
2025-02-27,22.93,23.0998,22.7,22.74,57880,24.24475,23.990395863892903,-0.30195139724663633,11.832061005477613,-2.0,25.521305707239033,22.968194292760966,0.44142857142857167,55598.85,881568,22.86,24.42,24.74
2025-02-28,22.65,23.0,22.65,22.88,74300,24.17575,23.884643876855485,-0.3502566782153629,14.760147525224383,-1.6799999999999997,25.590533877860132,22.76096612213987,0.44142857142857167,58264.0,955868,22.74,24.04,24.56
2025-03-03,22.7,23.19,22.62,22.62,105373,24.08825,23.76420160286925,-0.40485190771262225,13.175675613358308,-2.0599999999999987,25.660185699100175,22.516314300899822,0.45785714285714313,62147.0,850495,22.88,23.7,24.68
2025-03-04,22.5,22.8,22.18,22.72,74620,24.007749999999998,23.664753831167417,-0.4350350429858274,17.073170648423513,-1.8150000000000013,25.68867854978252,22.326821450217476,0.47857142857142876,64042.65,925115,22.62,23.11,24.535
2025-03-05,22.7,22.9,22.43,22.9,56917,23.92125,23.591920132960997,-0.4393661598752523,18.493150596265693,-1.5300000000000011,25.64486271446748,22.197637285532522,0.48857142857142855,63322.9,982032,22.72,22.86,24.43
2025-03-06,22.78,22.828,22.44,22.51,51108,23.81925,23.488880120298045,-0.4688635744196752,17.25239608896692,-1.9100000000000001,25.625654614580906,22.012845385419094,0.4977142857142857,64096.0,930924,22.9,22.74,24.42
2025-03-07,22.47,22.7,22.3132,22.67,52256,23.71575,23.410891537412517,-0.47386737698958115,18.29652988764937,-1.3699999999999974,25.537170137088008,21.89432986291199,0.5035571428571429,63962.65,983180,22.51,22.88,24.04
2025-03-10,22.47,22.66,21.5,21.53,115899,23.55275,23.231759010039898,-0.5633277080401982,13.92557018128258,-2.169999999999998,25.544869936676868,21.56063006332313,0.5649857142857143,67352.25,867281,22.67,22.62,23.7
2025-03-11,21.51,21.7,21.28,21.67,63167,23.396250000000002,23.083020056702765,-0.6158299308514756,17.14285708571427,-1.4399999999999977,25.466075507519683,21.32642449248032,0.57425,68041.65,930448,21.53,22.72,23.11
2025-03-12,21.87,21.9666,21.5947,21.77,39804,23.25425,22.95797052749298,-0.6419689381155642,19.114219051841644,-1.0899999999999999,25.36278222832729,21.145717771672707,0.5715285714285715,67215.15,970252,21.67,22.9,22.86
2025-03-13,21.54,21.801,21.47,21.55,34485,23.094749999999998,22.823878096303172,-0.6726821895262809,19.85472148233262,-1.1899999999999977,25.212657296316237,20.976842703683758,0.5438857142857143,67258.9,935767,21.77,22.51,22.74
2025-03-14,21.65,21.957,21.37,21.73,58070,22.95325,22.719699229988585,-0.6747204099816742,25.188916787746848,-1.1499999999999986,25.03684071392583,20.86965928607417,0.5365285714285714,67601.45,993837,21.55,22.67,22.88
2025-03-17,21.75,21.97,21.71,21.78,43266,22.808249999999997,22.63020406522777,-0.6646395808799817,30.61224477301124,-0.8399999999999999,24.786860025138598,20.829639974861397,0.5017499999999997,67741.55,1037103,21.73,21.53,22.62
2025-03-18,21.5,21.7,21.43,21.61,74359,22.662,22.533041773301314,-0.6627285087247508,31.343283451102664,-1.1099999999999994,24.5326666416576,20.7913333583424,0.4703214285714282,67518.75,962744,21.78,21.67,22.72
2025-03-19,21.62,21.97,21.62,21.86,48837,22.5335,22.468942556796428,-0.6337357483897428,37.3563216887964,-1.0399999999999991,24.238554714355914,20.828445285644086,0.46676428571428524,68486.05,1011581,21.61,21.77,22.9
2025-03-20,21.89,21.9465,21.5901,21.79,74600,22.401999999999997,22.404281360911053,-0.6093826085444825,34.01759516825618,-0.7200000000000024,23.885759095214414,20.91824090478558,0.46722142857142807,69257.7,936981,21.86,21.55,22.51
2025-03-21,21.81,21.97,21.65,21.93,28330,22.2965,22.359111707490953,-0.5721898909045287,39.5136776434068,-0.740000000000002,23.575846461448563,21.01715353855144,0.4493642857142852,66655.95,965311,21.79,21.73,22.67
2025-03-24,22.06,22.37,22.032,22.2,44627,22.2215,22.343958211539434,-0.51499115325608,42.485548961041125,0.6699999999999982,23.317084919478795,21.125915080521203,0.4292214285714281,66783.1,1009938,21.93,21.78,21.53
2025-03-25,22.19,22.3002,21.8909,22.02,39924,22.167,22.31310504853568,-0.47866745677075784,37.28323684336264,0.34999999999999787,23.181963831349297,21.152036168650707,0.424885714285714,64490.2,970014,22.2,21.61,21.67
2025-03-26,21.94,22.1199,21.79,21.79,50865,22.1135,22.263285520103707,-0.4631013987635022,39.09090892506884,0.019999999999999574,23.08659652250181,21.140403477498186,0.42073571428571427,59434.35,919149,22.02,21.86,21.77
2025-03-27,21.55,21.805,21.55,21.618,96318,22.0574,22.201829756284308,-0.4593490581736219,34.118357343702556,0.06799999999999784,23.00751675736797,21.107283242632032,0.41132142857142845,61356.25,822831,21.79,21.79,21.55
2025-03-28,21.61,21.62,21.32,21.44,57639,21.985400000000002,22.12927454140009,-0.465373873287831,48.08510609651426,-0.28999999999999915,22.890212955372743,21.08058704462726,0.34989285714285706,60523.2,765192,21.618,21.93,21.73
2025-03-31,21.25,21.41,21.04,21.29,73754,21.9189,22.04934363269532,-0.4767565760321517,41.94915229352192,-0.490000000000002,22.82283057488412,21.014969425115883,0.34632142857142867,58942.25,691438,21.44,22.2,21.78
2025-04-01,21.07,21.41,21.07,21.24,82842,21.844900000000003,21.972263286724335,-0.4842301285978472,38.52813829463465,-0.370000000000001,22.71435885166386,20.975441148336145,0.3440428571428572,59353.35,608596,21.29,22.02,21.61
2025-04-02,21.15,21.6,21.15,21.51,108164,21.775399999999998,21.928238211798206,-0.4630287224473477,49.15254208129849,-0.34999999999999787,22.49987742327962,21.050922576720374,0.35254285714285744,61915.7,716760,21.24,21.79,21.86
2025-04-03,20.85,21.075,20.43,20.67,89320,21.6834,21.808406001150757,-0.508149800563654,32.45033097539587,-1.1199999999999974,22.478928662356882,20.887871337643116,0.3566857142857146,63826.3,627440,21.51,21.618,21.79
2025-04-04,19.99,20.404,19.49,19.49,114125,21.5244,21.58760542961259,-0.6318412458050524,22.40963847861812,-2.4400000000000013,22.679536519614494,20.369263480385506,0.40340000000000054,66919.75,513315,20.67,21.44,21.93
2025-04-07,18.985,19.445,18.12,19.205,140895,21.40815,21.360690626792344,-0.7442850704721842,21.805392659958898,-2.995000000000001,22.96056208243298,19.85573791756702,0.4787571428571434,68169.55,372420,19.49,21.29,22.2
2025-04-08,19.68,20.38,19.09,19.25,142376,21.28715,21.15967247185974,-0.820310459365551,17.85714279556659,-2.7699999999999996,23.10771362296483,19.46658637703517,0.5459000000000006,72130.0,514796,19.205,21.24,22.02
2025-04-09,19.35,20.98,19.25,20.97,168777,21.247149999999998,21.141608426920715,-0.7333182659416586,42.81961460604648,-0.8200000000000003,23.058173935439974,19.43612606456002,0.6440142857142863,78578.65,683573,19.25,21.51,21.79
2025-04-10,20.21,20.91,20.2,20.62,119986,21.20065,21.091931433880646,-0.6847253136472524,38.935810718732895,-0.9979999999999976,23.026628644597455,19.374671355402544,0.6718714285714292,82853.7,563587,20.97,20.67,21.618
2025-04-11,20.28,20.62,19.8,20.27,78146,21.12765,21.013652249701536,-0.6667710027197558,33.9166665875278,-1.1700000000000017,22.98105418235136,19.274245817648637,0.7063000000000006,83857.5,485441,20.62,19.49,21.44
2025-04-14,20.5,20.7839,20.2995,20.44,59794,21.060650000000003,20.959018702110914,-0.6315444513922905,36.81135216771975,-0.8499999999999979,22.91164009352168,19.209659906478326,0.7116642857142862,84683.9,545235,20.27,19.205,21.29
2025-04-15,20.54,20.65,20.44,20.48,31645,21.00415,20.913397873338447,-0.5935573305358162,38.70689645829372,-0.759999999999998,22.853519995146172,19.154780004853826,0.7031000000000002,82548.2,576880,20.44,19.25,21.24
2025-04-16,20.45,20.5287,20.1,20.29,55611,20.925649999999997,20.854026647306213,-0.5721878503145241,38.58714325537644,-1.2200000000000024,22.75523669764788,19.096063302352114,0.715507142857143,82886.9,521269,20.48,20.97,21.51
2025-04-17,20.3,20.46,20.2,20.37,44102,20.85465,20.807928871372287,-0.5425429544110649,40.64685304736786,-0.3000000000000007,22.652948409169234,19.056351590830765,0.7126500000000002,81362.0,565371,20.29,20.62,20.67
2025-04-21,20.43,20.4782,20.0,20.18,102037,20.76715,20.74812612171778,-0.5282907658324483,40.364583235225,0.6900000000000013,22.514723749667187,19.019576250332815,0.7203785714285716,85047.35,463334,20.37,20.27,19.49
2025-04-22,20.22,20.48,20.22,20.42,30310,20.678150000000002,20.716876014887518,-0.4919588144864413,43.109243596045516,1.2150000000000034,22.29487837610551,19.061421623894496,0.7146642857142861,84331.5,493644,20.18,20.44,19.205
2025-04-23,20.6,20.99,20.6,20.895,74438,20.6219,20.73384020394585,-0.4199955042924266,45.004061636058985,1.6449999999999996,22.11566118714137,19.12813881285863,0.7103785714285714,86057.2,568082,20.42,20.48,19.25
2025-04-24,20.95,21.24,20.8895,21.22,37099,20.593400000000003,20.78014113690339,-0.3329017939775447,54.87588638860593,0.25,22.01324452818257,19.173555471817433,0.6893428571428569,85368.9,605181,20.895,20.29,20.97
2025-04-25,21.22,21.47,21.058,21.46,57420,20.5855,20.844889600055446,-0.2417269292695572,70.95744659714802,0.8399999999999999,21.982922062603883,19.188077937396116,0.6534857142857139,83424.0,662601,21.22,20.37,20.62
2025-04-28,21.5,21.5262,21.3,21.43,33960,20.585,20.900614400050166,-0.16993207026165535,75.02812124850533,1.1600000000000001,21.98114129883592,19.188858701164083,0.5749999999999995,82240.05,628641,21.46,20.18,20.27
2025-04-29,21.51,21.65,21.24,21.59,49066,20.6,20.96627017147396,-0.09898245627812585,75.65789450455907,1.1499999999999986,22.03396762791013,19.166032372089873,0.5121428571428568,81005.65,677707,21.43,20.42,20.44
2025-04-30,21.45,21.59,21.24,21.5,46649,20.613,21.017101583714535,-0.049446633854813626,59.04436831855933,1.0199999999999996,22.075821354707724,19.150178645292275,0.41357142857142826,79196.0,631058,21.59,20.895,20.48
2025-05-01,21.83,21.93,21.6719,21.76,27377,20.6255,21.08785381383696,0.010667718572058504,70.07042218979363,1.4700000000000024,22.124422068828302,19.126577931171695,0.3812928571428567,75156.65,658435,21.5,21.22,20.29
2025-05-02,22.0,22.0,21.65,21.87,56056,20.685499999999998,21.16234392680487,0.06641921727035083,80.76923033431946,1.5,22.284640887772824,19.08635911222717,0.3477214285714282,73493.45,714491,21.76,21.46,20.37
2025-05-05,21.78,21.95,21.76,21.87,31883,20.804499999999997,21.229739743299643,0.10934225223602212,79.42386785517104,1.6900000000000013,22.383143321602958,19.225856678397037,0.32669285714285656,69381.35,714491,21.87,21.43,20.18
2025-05-06,21.77,22.0,21.66,21.87,30544,20.93775,21.290716910604438,0.141725345132361,79.07949744472252,1.4499999999999993,22.392999933317512,19.48250006668249,0.335978571428571,63863.8,714491,21.87,21.59,20.42
2025-05-07,22.17,22.35,21.73,21.81,75002,21.06575,21.340172442927823,0.16069528577612857,83.62831806601913,0.9149999999999991,22.33431435639482,19.797185643605182,0.34964285714285687,60495.1,639489,21.87,21.5,20.895
2025-05-08,22.0,22.0801,21.84,21.98,31923,21.11625,21.40110840074422,0.18728774313775887,84.25531864698945,0.7600000000000016,22.44762394406943,19.78487605593057,0.3482214285714283,53652.4,671412,21.81,21.76,21.22
2025-05-09,22.11,22.13,21.91,22.0,47121,21.185250000000003,21.458145695911437,0.2075833978440187,91.74311867687894,0.5399999999999991,22.550932690278373,19.819567309721634,0.329778571428571,50009.15,718533,21.98,21.87,21.46
2025-05-12,22.21,22.58,22.21,22.42,64314,21.29275,21.549750867729397,0.25462320255297755,92.37288080795737,0.990000000000002,22.69312391623196,19.892376083768042,0.33763571428571354,49317.55,782847,22.0,21.87,21.43
2025-05-13,22.28,22.4,22.09,22.28,63317,21.38475,21.61929840413612,0.27740797031580655,84.19753028209104,0.6900000000000013,22.79098976019653,19.97851023980347,0.331921428571428,49493.7,719530,22.42,21.87,21.59
2025-05-14,22.32,22.4359,22.15,22.29,46608,21.475250000000003,21.68317474659935,0.29289566049676097,81.28654904209829,0.7899999999999991,22.869242656478335,20.08125734352167,0.32730714285714263,50241.85,766138,22.28,21.81,21.5
2025-05-15,22.29,22.3399,22.07,22.23,62852,21.57225,21.735253342161315,0.29690572362432377,75.1633980050407,0.46999999999999886,22.886697952964436,20.257802047035565,0.31715714285714264,50603.9,703286,22.29,21.98,21.76
2025-05-16,22.27,22.28,22.1359,22.25,52356,21.666249999999998,21.784276833384048,0.29825941156045843,76.97368350155813,0.379999999999999,22.88402569017399,20.448474309826008,0.31129285714285715,51016.6,755642,22.23,22.0,21.87
2025-05-19,22.13,22.2133,21.945,22.09,58857,21.76175,21.81339332544271,0.283157492860159,66.44736780903736,0.21999999999999886,22.770382607465137,20.75311739253486,0.3011714285714286,48857.6,696785,22.25,22.42,21.87
2025-05-20,22.28,22.3,21.855,21.91,128325,21.83625,21.822593961114833,0.2537396648999781,62.732918709154724,0.03999999999999915,22.62338922395887,21.04911077604113,0.30795714285714276,53758.35,568460,22.09,22.28,21.87
2025-05-21,21.89,21.995,21.31,21.48,116093,21.8655,21.789965964818183,0.19349789467590384,42.134831129276584,-0.3299999999999983,22.540917219985158,21.190082780014844,0.3384500000000002,55841.1,452367,21.91,22.29,21.81
2025-05-22,21.35,21.7,21.2616,21.325,79626,21.87075,21.745683491978355,0.1317301499741248,35.06849288166633,-0.6550000000000011,22.52638368302402,21.215116316975983,0.34476428571428563,57967.45,372741,21.48,22.23,21.98
2025-05-23,21.29,21.55,21.08,21.16,64906,21.85575,21.68990411178994,0.06867302634767469,32.160803793843584,-0.8399999999999999,22.56267272338775,21.148827276612252,0.364764285714286,58341.75,307835,21.325,22.25,22.0
2025-05-27,21.14,21.16,20.49,20.6,275891,21.814249999999998,21.5861037201909,-0.026185666252509066,25.098039077893134,-1.8200000000000003,22.70099018624091,20.927509813759084,0.3883357142857147,70438.3,31944,21.16,22.09,22.42
2025-05-28,20.63,20.7,20.0,20.14,115431,21.741750000000003,21.448379556363193,-0.13690189930105845,21.694915151278394,-2.1400000000000006,22.90093880438449,20.582561195615515,0.3940500000000003,73756.55,-83487,20.6,21.91,22.28
2025-05-29,20.14,20.365,20.1,20.15,81754,21.67425,21.32472436051908,-0.22128753032996684,17.20430098893891,-2.1400000000000006,23.032791303635634,20.315708696364368,0.39582857142857136,75511.8,-1733,20.14,21.48,22.29
2025-05-30,20.01,20.31,20.0,20.13,140918,21.592750000000002,21.210941088088692,-0.2864752750924424,16.487455114399793,-2.1000000000000014,23.115301442394188,20.070198557605817,0.40225714285714276,81188.85,-142651,20.15,21.325,22.23
2025-06-02,20.12,20.2783,20.0,20.09,80920,21.503750000000004,21.104184793985006,-0.33747450218449515,1.6597510277025123,-2.16,23.160267828394623,19.847232171605384,0.3957071428571431,82432.05,-223571,20.13,21.16,22.25
2025-06-03,20.2,20.27,20.0,20.11,109093,21.41575,21.009500527891195,-0.37198985671890483,2.6200873202263324,-1.9800000000000004,23.1742040908063,19.6572959091937,0.39285000000000025,86292.55,-114478,20.09,20.6,22.09
2025-06-04,20.16,20.16,20.0376,20.1,77640,21.32725,20.922881429996796,-0.3955903213060452,2.1834061001886624,-1.8099999999999987,23.165783382889664,19.488716617110335,0.38117142857142866,88647.35,-192118,20.11,20.14,21.91
2025-06-05,20.14,20.22,20.05,20.09,60317,21.24125,20.84355938904472,-0.41037028277681387,2.232142843191852,-1.3900000000000006,23.144476830522507,19.338023169477495,0.37403571428571425,87913.1,-252435,20.1,20.15,21.48
2025-06-06,20.24,20.4,20.0002,20.14,54536,21.149250000000002,20.776553732945224,-0.41328483626215373,3.524229053154457,-1.1849999999999987,23.079808345742354,19.21869165425765,0.39229999999999976,89043.75,-197899,20.09,20.13,21.325
2025-06-09,20.19,20.28,20.1,20.19,65126,21.05875,20.720691472664726,-0.406869915645121,6.0185184795095665,-0.9699999999999989,22.99108394465963,19.12641605534037,0.3859928571428569,89944.0,-132773,20.14,20.09,21.16
2025-06-10,20.23,20.25,20.1,20.25,74169,20.95025,20.675863713363324,-0.39242096170704244,9.313725426278268,-0.3500000000000014,22.802800091658757,19.097699908341244,0.36492142857142823,90436.75,-58604,20.19,20.11,20.6
2025-06-11,20.28,20.38,20.17,20.36,62424,20.85425,20.64578145494777,-0.36785359367342707,17.441860323147537,0.21999999999999886,22.61329063266543,19.095209367334572,0.3309928571428564,90392.1,3820,20.25,20.1,20.14
2025-06-12,20.21,20.22,20.0,20.09,66420,20.74425,20.592849887809887,-0.365952053548245,16.348773717229975,-0.05999999999999872,22.397206760665906,19.091293239334096,0.3153928571428565,91382.7,-62600,20.36,20.09,20.15
2025-06-13,19.96,20.0999,19.765,19.98,130503,20.631750000000004,20.534483231827995,-0.36906677791115783,16.853932451710534,-0.14999999999999858,22.16054476093168,19.10295523906833,0.3057428571428564,94765.25,-193103,20.09,20.14,20.13
2025-06-16,20.01,20.0466,19.77,19.86,88378,20.51225,20.47024673355866,-0.3768738493873869,22.388059467587283,-0.23000000000000043,21.872824472322748,19.151675527677256,0.2776428571428564,96566.35,-281481,19.98,20.19,20.09
2025-06-17,19.85,19.85,19.64,19.7,98318,20.39275,20.39688990179117,-0.391459174909933,28.84615345784009,-0.41000000000000014,21.57844311286444,19.207056887135558,0.24264285714285652,98539.4,-379799,19.86,20.25,20.11
2025-06-18,19.55,19.75,19.431,19.5,133966,20.272250000000003,20.311471815906295,-0.4143797669870253,23.577235503998935,-0.6000000000000014,21.286093520574024,19.258406479425982,0.24649999999999953,98821.45,-513765,19.7,20.36,20.1
2025-06-20,19.4,19.44,19.21,19.42,169335,20.169249999999998,20.226569738200933,-0.4339969856572594,22.480619911063044,-0.6699999999999982,21.079763302310063,19.258736697689933,0.24078571428571394,101483.55,-683100,19.5,20.09,20.09
2025-06-23,19.27,19.42,19.17,19.23,113451,20.064500000000002,20.131658334562747,-0.45957746198684646,20.138888693094103,-0.9100000000000001,20.893563517342802,19.235436482657203,0.23876428571428526,103174.8,-796551,19.42,19.98,20.14
2025-06-24,19.38,19.6,19.38,19.49,120745,19.981,20.07054801698534,-0.4536410549859653,31.547618784722147,-0.7000000000000028,20.670069548089725,19.29193045191028,0.2351928571428569,105966.75,-675806,19.23,19.86,20.19
2025-06-25,19.55,19.62,19.5,19.57,82147,19.9295,20.02287677727245,-0.4374385588458338,34.857142578285675,-0.6799999999999997,20.57645155598296,19.282548444017042,0.23502142857142846,96279.55,-593659,19.49,19.7,20.25
2025-06-26,19.65,19.7999,19.615,19.73,92326,19.909,19.99498375086555,-0.40699570792298445,40.526315490858735,-0.629999999999999,20.553846779026102,19.264153220973895,0.23608571428571448,95124.3,-501333,19.57,19.5,20.36
2025-06-27,19.75,19.92,19.75,19.9,92519,19.8965,19.985937679354546,-0.3649450901580984,44.05940563523178,-0.19000000000000128,20.53129047517091,19.26170952482909,0.21967142857142896,95662.55,-408814,19.73,19.42,20.09
2025-06-30,19.9,20.22,19.9,20.1653,133333,19.898265000000002,20.003019805130304,-0.30667699828922323,49.447501144246786,0.18529999999999802,20.53597866045909,19.260551339540914,0.229671428571429,95283.3,-275481,19.9,19.23,19.98
2025-07-01,20.04,20.32,20.025,20.26,125646,19.906765,20.02749410940361,-0.24997604883879987,50.22026400745215,0.40000000000000213,20.55959185469412,19.25393814530588,0.2400285714285721,97519.6,-149835,20.1653,19.49,19.86
2025-07-02,20.35,20.3807,20.25,20.3,70883,19.916265000000003,20.05344705136517,-0.19951261495213402,48.63636332685953,0.6000000000000014,20.586833193556647,19.24569680644336,0.23436428571428664,95609.1,-78952,20.26,19.57,19.7
2025-07-03,20.33,20.5,20.33,20.41,40119,19.931765,20.087404475044675,-0.14892715974232118,57.84313685793927,0.9100000000000001,20.633807701579755,19.229722298420242,0.23079285714285827,93733.05,-38833,20.3,19.73,19.5
2025-07-07,20.37,20.48,20.2719,20.39,97769,19.946765000000003,20.116223096468993,-0.10919294657518108,60.51282007836951,0.9699999999999989,20.67536059001464,19.218169409985364,0.22173571428571545,95605.65,-136602,20.41,19.9,19.42
2025-07-08,20.31,20.44,20.31,20.39,61022,19.959265,20.14229708728147,-0.07681778871972611,64.48087382364363,1.1600000000000001,20.710059286142727,19.20847071385727,0.21126428571428693,95929.95,-136602,20.39,20.1653,19.23
2025-07-09,20.49,20.59,20.465,20.55,85824,19.977265,20.181125936111805,-0.03781368739457136,73.22404315566313,1.0600000000000023,20.76757293272346,19.186957067276538,0.2051928571428583,96964.85,-50778,20.39,20.26,19.49
2025-07-10,20.6,20.6,20.4607,20.54,81025,19.991764999999997,20.21530441838687,-0.0076217141353218665,81.70731637566922,0.9699999999999989,20.813171724755158,19.170358275244837,0.19235714285714423,97307.65,-131803,20.55,20.3,19.57
2025-07-11,20.49,20.53,20.42,20.52,52449,19.999765000000004,20.24432304520717,0.014524381314348744,84.81012583079625,0.7899999999999991,20.83919124333489,19.160338756665116,0.18378571428571558,96808.9,-184252,20.54,20.41,19.73
2025-07-14,20.33,20.33,20.18,20.21,110168,20.005765,20.24105418375887,0.00698044605339021,78.82352876262979,0.3100000000000023,20.84961075610984,19.16191924389016,0.17664285714285835,98996.3,-294420,20.52,20.39,19.9
2025-07-15,20.34,20.3988,20.18,20.27,105227,20.020265,20.243810928162787,0.005776731007863134,75.99999929066672,0.10470000000000113,20.872174395416746,19.16835560458325,0.176557142857144,97732.5,-189193,20.21,20.39,20.1653
2025-07-16,20.31,20.38,20.238858,20.32,81888,20.043265,20.25106703024252,0.00875642171569524,75.51020336248789,0.05999999999999872,20.901768825267737,19.184761174732266,0.17806728571428668,97408.0,-107305,20.27,20.55,20.26
