Date,Open,High,Low,Close,Volume,SMA_20,EMA_20,MACD,RSI_14,Momentum_10,Bollinger_Upper,Bollinger_Lower,ATR_14,Volume_MA_20,OBV,Lag_1,Lag_5,Lag_10
2023-08-14,29.7,29.7,27.0,27.675,4416.9,32.7429,32.010926821856685,-1.022740823511512,29.943939659822462,-8.624999999999996,38.100228984916974,27.385571015083023,2.5647857142857142,3139.198335,-30162.000099999997,30.0,29.103,36.3
2023-08-15,27.3,28.353,27.0,28.2,1278.0667,32.3829,31.647981410251287,-1.0965149803435281,29.603729576893784,-8.099999999999998,37.95190039787922,26.813899602120777,2.5328571428571425,2774.105005,-28883.933399999998,27.675,30.0,36.3
2023-08-16,26.925,28.821,26.925,28.5,1425.3,32.0529,31.348173656894023,-1.1204434554580232,31.54623151763485,-5.399999999999999,37.72520883651817,26.380591163481835,2.5289999999999995,2793.85667,-27458.6334,28.2,29.25,33.9
2023-08-17,27.303,27.6,25.503,26.433,1817.9667,31.66455,30.880061880046973,-1.2661458703408996,28.30747775281479,-6.567,37.76525900021162,25.563840999788376,2.5474285714285716,2729.17834,-29276.6001,28.5,29.88,33.0
2023-08-18,26.13,27.447,26.025,26.025,666.3667,31.2558,30.417675034328212,-1.3924138544086233,16.242854311886447,-3.825000000000003,37.72553643325518,24.786063566744822,2.4135,2636.13334,-29942.9668,26.433,30.0,29.85
2023-08-21,27.45,27.45,17.4,18.051,18486.6333,30.448349999999998,29.239896459630287,-2.0284696552833275,10.658388300382981,-11.052000000000003,39.050454938847665,21.846245061152334,3.0242142857142857,3452.32667,-48429.600099999996,26.025,27.675,29.103
2023-08-22,17.88,18.774,14.418,15.384,19407.7667,29.522550000000003,27.92028727299883,-2.687102286203949,10.537084392688868,-14.616,40.27684544488106,18.768254555118943,2.9710714285714284,4247.640004999999,-67837.36679999999,18.051,28.2,30.0
2023-08-23,15.657,18.3,15.453,17.397,9220.7333,28.667399999999997,26.918069437475133,-3.0261850919065765,18.251739703922013,-11.853000000000002,40.428074513416576,16.90672548658342,2.9815714285714288,4611.97667,-58616.63349999999,15.384,28.5,29.25
2023-08-24,17.13,18.3,16.2,17.67,2162.3,27.840899999999998,26.037300919620357,-3.2357859261617072,21.930309720362075,-12.209999999999997,40.26888249960653,15.41291750039346,2.8017857142857148,4613.938335000001,-56454.333499999986,17.397,26.433,29.88
2023-08-25,17.4,17.424,16.08,16.14,1820.9333,26.9529,25.094700832037464,-3.4719857710734914,21.166421980678408,-13.86,40.076503049868826,13.829296950131173,2.694428571428572,4545.903335000001,-58275.26679999998,17.67,26.025,30.0
2023-08-28,16.02,17.997,16.02,16.5,1555.4,25.9629,24.276157895652943,-3.5899340951898076,19.2370795611467,-11.175,39.10488083123017,12.820919168769835,2.6685000000000008,4463.425,-56719.86679999998,16.14,18.051,27.675
2023-08-29,17.1,17.835,16.533,17.4,1864.0333,25.0179,23.621285715114567,-3.5746383887757425,23.180336758802966,-10.8,37.74158289781739,12.294217102182614,2.559000000000001,4478.61333,-54855.83349999998,16.5,15.384,28.2
2023-08-30,18.0,18.0,15.75,16.305,3560.0,24.13815,22.92449659938937,-3.6019385083051603,19.90956242945721,-12.195,36.70821662085097,11.568083379149028,2.6447142857142865,4288.489995,-58415.83349999998,17.4,17.397,28.5
2023-08-31,16.497,16.5,16.203,16.497,1666.6333,23.313,22.312354066114192,-3.567448491467612,20.164390813456123,-9.936,35.597080995122795,11.028919004877201,2.5707857142857153,4216.644995000001,-56749.20019999998,16.305,17.67,26.433
2023-09-01,16.47,16.7081,16.059,16.2,3566.8,22.6305,21.73022510743665,-3.5214364755883736,22.14941020775244,-9.825,34.90211760023169,10.358882399768316,2.424292857142858,4063.29833,-60316.00019999998,16.497,16.14,26.025
2023-09-05,15.93,16.5,15.375,15.897,922.8,21.9702,21.17467985910935,-3.4675449633467004,19.81451492823969,-2.153999999999998,34.19650199459993,9.74389800540007,2.4080071428571435,3935.154995,-61238.80019999998,16.2,16.5,18.051
2023-09-06,16.47,20.4,15.0,15.15,88870.8,21.2277,20.60090082490846,-3.441639228025881,17.94871793665216,-0.23399999999999999,33.20182123750744,9.25357876249256,2.658292857142858,8328.40833,-150109.6002,15.897,17.4,15.384
2023-09-07,15.0,15.291,9.471,12.933,26385.3,20.41185,19.87062455586956,-3.549232326249598,17.820366120829263,-4.463999999999999,32.30776286335907,8.515937136640925,2.924221428571429,9592.294995,-176494.90019999997,15.15,16.305,17.397
2023-09-08,12.6,13.422,12.6,13.11,4092.5,19.573349999999998,19.22675555054865,-3.5792032007267913,18.872017340843186,-4.560000000000002,31.014688093900894,8.132011906099104,2.8813642857142865,9719.68833,-172402.40019999997,12.933,16.497,17.67
2023-09-11,13.116,13.2,12.015,12.6,1955.8333,18.70335,18.59563597430592,-3.600370543159272,29.478201911550727,-3.540000000000001,29.430292101672404,7.976407898327597,2.2481500000000003,9757.153330000001,-174358.23349999997,13.11,16.2,16.14
2023-09-12,12.9,14.532,12.03,13.332,6039.6667,17.9862,18.09433731008631,-3.5196920708719066,40.95716547035076,-3.1679999999999993,28.0872101339577,7.8851898660423,2.1157214285714288,9838.291665,-168318.56679999997,12.6,15.897,16.5
2023-09-13,13.02,14.1,13.02,13.788,2726.3,17.2656,17.684209947220946,-3.381212357559356,31.566043473089735,-3.6119999999999983,26.298432659394944,8.232767340605054,1.9895071428571431,9910.70333,-165592.26679999998,13.332,15.15,17.4
2023-09-14,14.13,15.6,13.83,15.6,3789.7667,16.620600000000003,17.485713761771333,-3.094749375525341,40.86334740712508,-0.7050000000000001,23.95909680290972,9.282103197090285,1.9659357142857143,10028.926665,-161802.50009999998,13.788,12.933,16.305
2023-09-15,14.85,15.3,14.7,14.7,3743.6667,16.03395,17.22040768922168,-2.904372554097977,43.269769993851476,-1.7970000000000006,21.77074974880552,10.297150251194479,1.9127928571428572,10125.211664999999,-165546.16679999998,15.6,13.11,16.497
2023-09-18,14.4,14.4,12.99,13.65,2554.4,15.415199999999999,16.880368861676757,-2.80317978848157,37.486828194167934,-2.549999999999999,18.803469087679822,12.026930912320173,1.8722928571428572,10219.61333,-168100.56679999997,14.7,12.6,16.2
2023-09-19,12.9,13.2,12.003,12.828,4677.9667,15.154050000000002,16.494428970088496,-2.7555158863142264,29.78779837161545,-3.069000000000001,18.49167982243078,11.816420177569224,1.8647928571428574,9529.18,-172778.53349999996,13.65,13.332,15.897
2023-09-20,12.6,12.6,11.43,11.43,6285.1,14.956349999999997,16.01210240150864,-2.795177199803934,29.010591543429925,-3.7200000000000006,18.682442536354138,11.230257463645854,1.78765,8873.046665,-179063.63349999997,12.828,13.788,15.15
2023-09-21,12.3,12.3,11.4956,11.7,978.5333,14.6715,15.60142598231734,-2.773250696473127,29.48421859440775,-1.2330000000000005,18.48207086481669,10.860929135183309,1.8238928571428572,8460.936665000001,-178085.10019999996,11.43,15.6,12.933
2023-09-22,11.7,12.6,11.4,11.55,3660.9333,14.365499999999997,15.215575888763308,-2.7360460183275954,29.859667323455014,-1.5599999999999987,18.14500648407411,10.585993515925885,1.8632428571428572,8535.868330000001,-181746.03349999996,11.7,14.7,13.11
2023-09-25,11.229,12.3,10.5,11.955,4665.5,14.15625,14.90504485173823,-2.644001511548609,33.07573411788937,-0.6449999999999996,17.985173931561526,10.327326068438476,1.911457142857143,8678.096665000001,-177080.53349999996,11.55,13.65,12.6
2023-09-26,10.818,12.0,10.803,11.97,425.4667,13.929749999999999,14.625516770620303,-2.54051014008782,35.43155575444,-1.362,17.710549351571363,10.148950648428634,1.6112428571428572,8621.6,-176655.06679999997,11.955,12.828,13.332
2023-09-27,12.6,12.6,10.998,10.998,1610.1333,13.609649999999998,14.280038982942179,-2.506532276155344,39.99379454339506,-2.790000000000001,17.234181927675237,9.98511807232476,1.309957142857143,8608.905,-178265.20009999996,11.97,11.43,13.788
2023-09-28,11.1,11.16,9.93,10.08,5529.3333,13.2984,13.880035270281018,-2.523264434275882,35.446685831291674,-5.52,17.01628952017282,9.580510479827185,1.3391000000000002,8707.371665,-183794.53339999996,10.998,11.7,15.6
2023-09-29,10.08,11.07,9.909,10.2,3490.2333,12.98355,13.529555720730444,-2.498120178341871,38.0239520426811,-4.5,16.626691124446307,9.340408875553692,1.3373857142857146,8798.551665,-180304.30009999996,10.08,11.55,14.7
2023-10-02,10.2,10.5,10.053,10.2,277.7333,12.68355,13.212455175898974,-2.4498893905866694,33.13953483376899,-3.450000000000001,16.197338387421652,9.169761612578348,1.1905999999999999,8634.09833,-180304.30009999996,10.2,11.955,13.65
2023-10-03,10.275,10.47,9.0,9.0,4740.3333,12.3387,12.8112689686705,-2.4785665445997367,26.136363599889435,-3.8279999999999994,15.878272266754733,8.799127733245266,1.2184571428571427,8824.974995,-185044.63339999996,10.2,11.97,12.828
2023-10-04,9.069,9.84,8.4,9.153,2898.1333,12.03885,12.46286240022569,-2.4606749199912166,11.501254011582759,-2.2769999999999992,15.591692969851234,8.486007030148766,1.1948857142857143,4526.34166,-182146.50009999998,9.0,10.998,11.43
2023-10-05,8.832,10.344,8.832,9.903,2180.4,11.887350000000001,12.219065981156577,-2.359428071909985,20.831813171391772,-1.7969999999999988,15.536750774171919,8.237949225828084,1.2600285714285715,3316.09666,-179966.10009999998,9.153,10.08,11.7
2023-10-06,9.477,10.2,9.0,9.438,5248.4333,11.70375,11.95420255437976,-2.2898788480505115,22.427336958106466,-2.112,15.46200720388142,7.945492796118579,1.2450285714285714,3373.893325,-185214.5334,9.903,10.2,11.55
2023-10-09,9.15,9.3,8.565,8.895,1419.5,11.5185,11.662849930153117,-2.2521465305028396,23.277619197460695,-3.0600000000000005,15.451914828177493,7.585085171822506,1.2120285714285715,3347.07666,-186634.0334,9.438,10.2,11.955
2023-10-10,8.46,9.0,8.4,8.697,21080.0667,11.286750000000001,11.380388032043296,-2.212534701485474,27.812956585585084,-3.2730000000000015,15.315299216464155,7.258200783535848,1.1713142857142855,4099.09666,-207714.10009999998,8.895,9.0,11.97
2023-10-11,9.0,9.297,7.86,8.061,57792.6667,11.000399999999999,11.064255838515363,-2.206559017365679,22.11494248128595,-2.9369999999999994,15.093990029096224,6.906809970903774,1.2165,6852.414994999999,-265506.7668,8.697,9.153,10.998
2023-10-12,11.7,12.54,7.56,7.7985,158436.5333,10.610325,10.75323147294247,-2.1974754022679726,21.740112948495423,-2.2815000000000003,14.328012457136168,6.89263754286383,1.4865,14584.753324999998,-423943.3001,8.061,9.903,10.08
2023-10-13,7.2,8.34,6.906,7.863,36012.9,10.268475,10.477971332662236,-2.1601797645727636,17.508337264551898,-2.336999999999999,13.644421642678278,6.892528357321722,1.4603571428571427,16198.214989999999,-387930.40009999997,7.7985,9.438,10.2
2023-10-16,7.71,8.37,6.936,7.8,13715.7333,9.975975,10.222926443837261,-2.111309904138553,17.139479867619755,-2.3999999999999995,13.1243532705086,6.8275967294914,1.477285714285714,16756.281655000003,-401646.1334,7.863,8.895,10.2
2023-10-17,7.815,8.37,7.5,7.83,21914.9333,9.726075,9.995028687281332,-2.0465619816548752,20.682953860899246,-1.17,12.710438429875646,6.7417115701243535,1.4249999999999996,17618.129985,-379731.2001,7.8,8.697,9.0
2023-10-18,7.596,8.394,7.5,7.56,49963.4333,9.532575,9.763121193254538,-1.993907147021666,23.501577217871287,-1.5930000000000009,12.55338683363193,6.511763166368071,1.4009999999999998,19802.046649999997,-429694.6334,7.83,8.061,9.153
2023-10-19,7.935,10.8,7.935,8.55,356812.2,9.375074999999999,9.64758584151601,-1.8513627957371455,35.33333324539262,-1.3529999999999998,12.244763856689985,6.5053861433100115,1.5227142857142855,37593.729985,-72882.43339999998,7.56,7.7985,9.903
2023-10-20,8.7,9.087,7.35,7.695,60183.2,9.182325,9.461625285181151,-1.7864422312388673,30.671296230031174,-1.7430000000000003,11.953078047458426,6.411571952541575,1.614857142857143,40419.84332,-133065.6334,8.55,7.863,9.438
2023-10-23,7.26,7.293,6.3,6.9,47918.3,8.929575,9.217660972306756,-1.7783359773806353,32.71604930732106,-1.9949999999999992,11.553742983932215,6.305407016067784,1.5807857142857142,42582.48332,-180983.93339999998,7.695,7.8,8.895
2023-10-24,6.36,6.897,6.15,6.45,25325.6667,8.653575,8.954074213039446,-1.78745030973118,28.79001876913682,-2.246999999999999,11.0853952685275,6.221754731472499,1.5312857142857144,43827.493319999994,-206309.60009999998,6.9,7.83,8.697
2023-10-25,6.54,6.867,5.625,6.0,16110.2667,8.403675,8.672733811797594,-1.8099642067442057,17.86067189557818,-2.061,10.848279935793382,5.9590700642066174,1.512,44552.49999,-222419.8668,6.45,7.56,8.061
2023-10-26,5.904,8.451,5.13,6.621,247584.9,8.230725000000001,8.477330591626394,-1.7576060305915586,27.3843930020261,-1.1774999999999993,10.665390166106569,5.796059833893434,1.6635000000000002,56655.27832500001,25165.033200000005,6.0,8.55,7.7985
2023-10-27,6.258,6.9,6.036,6.867,77376.6,8.064074999999999,8.323965773376262,-1.676988210280344,32.90338889552396,-0.9960000000000004,10.384797715811668,5.7433522841883295,1.6727142857142858,60349.59666,102541.63320000001,6.621,7.695,7.863
2023-10-30,6.066,6.885,5.928,6.396,62773.7,7.873875,8.140349985435666,-1.6321633781680633,31.455512501551084,-1.404,10.078134462113265,5.669615537886735,1.698214285714286,63474.394995,39767.933200000014,6.867,6.9,7.8
2023-10-31,8.463,11.82,8.184,9.048,4977932.6,7.876275,8.226792843965603,-1.3674931864117204,56.00364953965315,1.218,10.0857953450666,5.666754654933399,1.8552857142857142,312134.00833,5017700.5331999995,6.396,6.45,7.83
2023-11-01,9.09,9.756,8.283,9.411,511731.9,7.889175,8.33957447787364,-1.1156674682772891,59.68992238018641,1.851,10.132829520619163,5.645520479380837,1.6047857142857145,337575.69666500005,5529432.4332,9.048,6.0,7.56
2023-11-02,8.904,11.247,8.4,11.247,424112.1,7.9563749999999995,8.61647214664758,-0.7595570527421049,66.76575496088776,2.696999999999999,10.512713353253705,5.400036646746294,1.705714285714286,358672.281665,5953544.5331999995,9.411,6.621,8.55
2023-11-03,10.74,13.5,9.63,11.232,350526.3333,8.046075,8.865570037443048,-0.4730963437971454,67.08482666873878,3.536999999999999,10.92665232289171,5.16549767710829,1.879714285714286,375936.17666500004,5603018.199899999,11.247,6.867,7.695
2023-11-06,13.293,23.25,13.293,20.4,3471420.5667,8.621324999999999,9.964087176734186,0.4865210781030118,82.7650922136007,13.499999999999998,14.856956654789322,2.385693345210675,2.5287857142857146,549436.23,9074438.7666,11.232,6.396,6.9
2023-11-07,21.6,52.2,19.2,41.4,4947416.9,10.256474999999998,12.957983636092834,2.904708161997746,92.39326515099454,34.949999999999996,26.18827856352796,-5.675328563527964,4.822071428571429,795753.0716649999,14021855.6666,20.4,9.048,6.45
2023-11-08,45.6,54.6,36.9,41.25,2920909.9,11.915925,15.652461385036373,4.754197823826749,91.84582306291355,35.25,32.974036217033394,-9.142186217033393,5.881714285714286,938908.93333,11100945.7666,41.4,9.411,6.0
2023-11-09,37.2,40.5,26.103,27.3,593047.7,12.891,16.76175077693767,5.038059913748585,68.79061473799396,20.679000000000002,34.92953265723947,-9.147532657239472,6.7860000000000005,960639.4916649999,10507898.0666,41.25,11.247,6.621
2023-11-10,27.3,37.2,27.3,30.6,572238.6333,14.02785,18.07967927437218,5.46586259483659,71.67471464363027,23.733,37.286305017476984,-9.230605017476982,7.422214285714287,987450.7783299999,11080136.699900001,27.3,11.232,6.867
2023-11-13,31.8,37.2,30.3,33.6,295251.7333,15.317849999999998,19.557805057765304,5.9776956098055685,73.72339308251848,27.204,39.94364159956616,-9.307941599566169,7.861714285714287,1001527.5783299999,11375388.433200002,30.6,20.4,6.396
2023-11-14,35.1,36.6,28.5,31.8,200860.9,16.51635,20.72372838559718,6.167163271872042,72.02417535668343,22.752000000000002,41.92834875131514,-8.895648751315143,8.351571428571429,1010474.8766650001,11174527.533200001,33.6,41.4,9.048
2023-11-15,30.3,34.8,28.8,31.8,95800.0,17.72835,21.778611396492686,6.245308985485856,71.72438782757602,22.389000000000003,43.6488797807701,-8.192179780770104,8.542928571428572,1012766.7050000001,11174527.533200001,31.8,41.25,9.411
2023-11-16,30.0,34.2,30.0,30.0,55545.4667,18.80085,22.561600787302904,6.091923638460596,69.43786234817024,18.753,44.896814659008314,-7.295114659008313,8.781214285714286,997703.368335,11118982.0665,31.8,27.3,11.247
2023-11-17,30.6,33.3,28.2,29.7,59811.6,19.9011,23.241448331369295,5.878409825359245,69.63798157928116,18.468,45.88079887512374,-6.078598875123738,9.077142857142858,997684.7883349999,11059170.466500001,30.0,30.6,11.232
2023-11-20,43.8,72.3,37.8,66.3,4783909.9667,22.871100000000002,27.34226277600079,8.560911343039823,80.68759244945835,45.9,55.35882691275731,-9.616626912757301,11.281714285714287,1234484.37167,15843080.433200002,29.7,33.6,20.4
2023-11-21,60.9,81.6,52.2,69.3,1315923.8667,26.013600000000004,31.338237749715002,10.804084629421073,81.21852812125793,27.9,63.575851501376114,-11.548651501376106,13.2765,1299014.28167,17159004.299900003,66.3,31.8,41.4
2023-11-22,69.3,78.0,63.0,65.7,357344.0333,28.9986,34.610786535456434,12.151459748653028,77.87230120808931,24.450000000000003,69.25604694705238,-11.258846947052387,14.144571428571428,1316075.97,16801660.2666,69.3,31.8,41.25
2023-11-24,63.6,64.161,54.3,60.0,108857.4333,31.66755,37.02880686541296,12.614243512163753,73.5895054462672,32.7,72.74772476247867,-9.412624762478679,14.5725,1309139.596665,16692802.833300002,65.7,30.0,27.3
2023-11-27,60.0,74.1,57.6,67.8,225092.3,34.7142,39.959396687754584,13.45482293438296,73.23529410759515,37.199999999999996,77.0682310421073,-7.639831042107311,15.039857142857143,1316525.381665,16917895.133300003,60.0,29.7,30.6
2023-11-28,68.7,89.1,68.7,71.7,488398.4667,37.9794,42.98231128892081,14.270945431700774,67.84452295701033,38.1,81.20135365856521,-5.242553658565207,14.139857142857142,1337806.6199999999,17406293.6,67.8,66.3,33.6
2023-11-29,77.4,80.1,67.5,71.7,131667.3,41.112,45.717329261404544,14.747704207536174,67.96460175868431,39.900000000000006,84.58598828821908,-2.361988288219088,13.775571428571427,1095493.355,17406293.6,71.7,69.3,31.8
2023-11-30,70.5,70.8,60.0,61.2,94615.4,43.70145,47.191869331746965,14.116023980168016,70.8487084748846,29.400000000000002,85.35645081420692,2.0464491857930796,13.518642857142854,1074637.53,17311678.200000003,71.7,65.7,31.8
2023-12-01,59.4,61.5,45.6,46.5,119282.0,45.4641,47.12597701443773,12.2882151152562,58.57605177108883,16.5,84.21923561296035,6.708964387039657,13.947214285714283,1059396.025,17192396.200000003,61.2,60.0,30.0
2023-12-04,48.3,52.5,41.1,42.9,81382.5333,47.0475,46.72350301306271,10.429094430606405,54.98392282133146,13.2,82.34743998802114,11.747560011978855,14.268642857142854,1045938.835,17111013.6667,46.5,67.8,29.7
2023-12-05,42.9,43.2,38.7,41.1,49837.8333,48.0825,46.18793129753293,8.710143906619727,54.98392282133146,-25.199999999999996,81.24165805864037,14.923341941359638,14.011499999999998,874859.69833,17061175.833400004,42.9,71.7,66.3
2023-12-06,42.0,47.7,40.2,42.0,79318.0,48.1125,45.789080697767886,7.335892064311018,55.41401273061787,-27.299999999999997,81.24727859638688,14.97772140361311,14.118642857142856,631454.75333,17140493.833400004,41.1,71.7,69.3
2023-12-07,42.9,42.9,36.0,36.3,42548.4333,47.864999999999995,44.8853587265519,5.721076194331673,53.21100916671809,-29.400000000000006,81.28829946861052,14.441700531389465,14.311499999999999,487536.679995,17097945.400100004,42.0,61.2,65.7
2023-12-08,32.7,41.7,32.7,40.8,55587.5,48.54,44.49627694307077,4.749556175027536,55.42521993376389,-19.200000000000003,80.73737812143617,16.342621878563833,14.590071428571425,460663.669995,17153532.900100004,36.3,46.5,60.0
2023-12-11,41.1,44.394,37.2,37.8,38007.8,48.9,43.858536281825934,3.6950321155060877,29.257641915435116,-30.0,80.40639032924824,17.39360967075176,12.639642857142855,433952.1283299999,17115525.100100003,40.8,42.9,67.8
2023-12-12,37.8,37.8,33.9,35.1,31196.8333,48.975,43.024389969271084,2.611412865896348,24.99999999488304,-36.6,80.33483854684539,17.61516145315461,10.818214285714285,420749.38333,17084328.266800005,37.8,41.1,71.7
2023-12-13,37.5,44.4,35.403,44.4,55745.8667,49.605000000000004,43.15540044838812,2.474332701136113,35.62753035764122,-27.300000000000004,80.00357856787663,19.20642143212338,10.389428571428569,413493.63166499994,17140074.133500006,35.1,42.0,71.7
2023-12-14,48.3,53.1,39.318,48.3,86887.6333,50.43,43.645362310446394,2.6497636806604845,41.90871368483096,-12.900000000000006,79.66740214537751,21.192597854622484,10.669499999999998,413048.0133299999,17226961.766800005,44.4,36.3,61.2
2023-12-15,49.8,70.2,47.403,70.2,183722.4333,52.44,46.17437542373722,4.503589408658598,51.388888880561986,23.700000000000003,81.28838041609231,23.59161958390769,11.119285714285713,419456.86165999994,17410684.200100005,48.3,40.8,46.5
2023-12-18,66.0,70.8,58.8,62.4,101654.4,54.075,47.71967300242891,5.282607488231129,44.85049833191685,19.5,81.14884638160481,27.001153618395193,10.519285714285713,421549.00165999995,17309029.800100006,70.2,37.8,42.9
2023-12-19,60.9,75.9,57.6,70.8,115278.0,54.3,49.91779938314997,6.502688835287202,49.54407294130073,29.699999999999996,81.87183918039332,26.728160819606668,10.926428571428572,188117.403325,17424307.800100006,62.4,35.1,41.1
2023-12-20,70.5,75.9,63.3,65.7,72215.3,54.11999999999999,51.420866108564255,6.977725458613058,52.41157555483642,23.700000000000003,81.32407090279338,26.915929097206607,11.055000000000001,125931.97498999999,17352092.500100005,70.8,44.4,42.0
2023-12-21,66.9,73.5,64.8,69.3,49394.0667,54.3,53.12364076489147,7.557511176848941,63.86861312780826,33.0,81.87183918039332,26.728160819606668,10.540714285714287,110534.47666,17401486.566800006,65.7,48.3,36.3
2023-12-22,69.9,75.9,65.7,68.1,56702.9333,54.705,54.549960692044664,7.829919970442084,65.78947367266852,27.299999999999997,82.86114170637505,26.548858293624942,10.455,107926.75166,17344783.633500006,69.3,70.2,40.8
2023-12-26,69.6,78.9,68.4,71.1,118189.0333,54.870000000000005,56.12615491184993,8.193392208542718,68.5185185066758,33.3,83.38563560021431,26.354364399785695,10.883571428571429,102581.58832499999,17462972.666800007,68.1,62.4,37.8
2023-12-27,69.9,76.8,69.6,73.5,55549.6667,54.96,57.78080682500708,8.576214668061148,69.09090907918457,38.4,83.70969290453834,26.21030709546166,10.862142857142858,80939.148325,17518522.33350001,71.1,70.8,35.1
2023-12-28,74.7,80.1,71.1,78.0,56040.6,55.275,59.7064442702445,9.137336100832677,75.64575644453825,33.6,84.92104349212288,25.628956507877124,11.012142857142859,77157.813325,17574562.93350001,73.5,65.7,44.4
2023-12-29,78.3,80.1,69.9,74.7,46690.7667,55.95,61.134401958792644,9.209613746347422,71.16104867670094,26.400000000000006,86.75611695922196,25.143883040778054,11.097857142857142,74761.58166,17527872.16680001,78.0,69.3,48.3
2024-01-02,75.3,106.8,74.7,91.8,593341.5667,58.214999999999996,64.0549351055743,10.525233559907598,78.6624203704748,21.599999999999994,92.55431458715779,23.875685412842195,12.876857142857144,98464.55999499999,18121213.73350001,74.7,68.1,70.2
2024-01-03,91.2,98.1,86.4,90.3,127244.8,60.585,66.5544650955196,11.316395178651845,79.67741934284426,27.9,96.95649114926485,24.213508850735145,13.434000000000001,100757.67332999999,17993968.93350001,91.8,71.1,62.4
2024-01-04,90.0,93.9,81.0,87.3,77579.8,62.894999999999996,68.53023032451773,11.567993702656878,74.74048441699692,16.5,99.91849040953949,25.871509590460512,13.712785714285715,102144.771665,17916389.13350001,90.3,73.5,70.8
2024-01-05,86.4,86.4,62.7,69.0,97686.9,64.24499999999999,68.57497029361129,10.173587044881799,60.23738871569413,3.299999999999997,100.00804914587854,28.481950854121436,14.421214285714285,103063.216665,17818702.23350001,87.3,78.0,65.7
2024-01-08,70.5,83.7,69.0,75.3,80921.9,66.195,69.21544931326736,9.467686449515753,52.98245613167538,6.0,99.72572275423019,32.664277245769796,13.842857142857143,104981.88999999998,17899624.13350001,69.0,74.7,69.3
2024-01-09,75.0,91.2,74.46,86.7,122897.6667,68.49,70.88064461676571,9.71606685445569,63.63636362636466,18.60000000000001,100.96890975613815,36.01109024386184,14.181428571428572,108347.398335,18022521.80020001,75.3,91.8,68.1
2024-01-10,87.6,95.4,85.8,88.2,79872.1,71.01,72.5301070342166,9.91959051476509,60.58394159552099,17.10000000000001,101.2033349215387,40.816665078461305,13.56,110440.613335,18102393.900200013,86.7,90.3,71.1
2024-01-11,89.7,89.7,78.0,79.2,59552.8,73.215,73.16533493571978,9.248100319313764,57.83972124495056,5.700000000000003,98.39053323534992,48.039466764650086,13.495714285714287,111858.41167000002,18042841.100200012,88.2,87.3,73.5
2024-01-12,79.8,84.9,77.7,78.6,19901.8,74.925,73.68292208469884,8.568751622252805,55.59566786066979,0.5999999999999943,96.20408535826219,53.645914641737804,13.388571428571428,110066.208335,18022939.30020001,79.2,69.0,78.0
2024-01-16,78.6,84.9,75.6,76.8,41540.9667,76.35,73.97978664806085,7.795266717880722,55.197132607254964,2.0999999999999943,93.54736821970758,59.15263178029241,13.324285714285717,107798.87500500001,17981398.333500013,78.6,75.3,74.7
2024-01-17,77.4,82.2,76.155,77.1,23688.9,76.69500000000001,74.276949824436,7.124355089796467,53.70370369442158,-14.700000000000003,93.64799694045735,59.742003059542675,13.006071428571431,99797.19834,18005087.23350001,76.8,86.7,91.8
2024-01-18,79.5,79.8,68.7,69.6,42632.7667,77.05499999999999,73.83152603163258,5.919261209426438,47.73519162986884,-20.700000000000003,93.00604022346266,61.10395977653732,13.284642857142858,96846.11667500001,17962454.46680001,77.1,88.2,90.3
2024-01-19,67.5,70.8,62.676,66.6,29708.8333,76.845,73.14280926671519,4.66833803227982,43.26241134035846,-20.700000000000003,93.2469864008825,60.44301359911749,13.222071428571429,92567.65834,17932745.633500014,69.6,79.2,87.3
2024-01-22,65.4,69.654,61.8,65.7,28282.8333,76.845,72.4339702889328,3.56327789511991,44.525547437672046,-3.299999999999997,93.2469864008825,60.44301359911749,13.0545,90371.035005,17904462.800200015,66.6,78.6,69.0
2024-01-23,66.0,67.116,61.2,63.3,21129.4333,76.545,71.56406835665348,2.4654375096069856,28.88888888289712,-12.0,93.72889392792897,59.361106072071046,11.184214285714287,88957.80333499999,17883333.366900016,65.7,76.8,75.3
2024-01-24,65.4,68.7,62.7,63.3,15294.6333,76.305,70.77701422744839,1.5772102382792355,29.545454539187332,-23.400000000000006,94.10842663646518,58.50157336353483,10.77707142857143,86887.388335,17883333.366900016,63.3,77.1,86.7
2024-01-25,63.6,63.9,60.3,61.2,18839.0,75.81,69.86491763435806,0.6958161910615388,29.953917044249536,-27.0,94.73777407882251,56.88222592117749,10.112785714285716,81919.88667,17864494.366900016,63.3,69.6,88.2
2024-01-26,61.8,67.2,60.6,62.4,16574.4333,75.255,69.15397309775254,0.09305955204028749,43.124999987421866,-16.800000000000004,95.09684573332987,55.413154266670126,8.891357142857146,79971.12499999999,17881068.800200015,61.2,66.6,79.2
2024-01-29,61.5,63.0,57.3,60.6,27024.1,74.385,68.33930899320468,-0.5238316587321066,33.10344826520809,-17.999999999999993,95.22102901858115,53.54897098141886,8.248500000000002,78520.3,17854044.700200014,62.4,65.7,78.6
2024-01-30,59.4,65.1,57.9,63.3,27137.1,73.815,67.85937480337566,-0.7858022779382452,16.379310338238184,-13.5,95.23041746646923,52.39958253353076,7.567071428571429,77542.61666500001,17881181.800200015,60.6,63.3,76.8
2024-01-31,63.9,69.6,62.4,65.4,24821.6333,72.49499999999999,67.62514863162559,-0.8145775340732371,17.79661016245332,-11.699999999999989,92.44730892851612,52.54269107148385,7.395642857142856,49116.619995,17906003.433500014,63.3,63.3,77.1
2024-02-01,66.3,69.597,63.9,68.4,17768.3,71.4,67.6989440000422,-0.5885284592289111,31.632653046161323,-1.1999999999999886,89.56138181619676,53.23861818380326,6.966857142857143,43642.794995,17923771.733500015,65.4,61.2,69.6
2024-02-02,64.2,67.8,61.503,64.5,12970.4667,70.26,67.39428266670485,-0.7158222139991466,28.44036696030075,-2.0999999999999943,87.02793933295567,53.49206066704434,6.9023571428571415,40412.328330000004,17910801.266800016,68.4,62.4,66.6
2024-02-05,70.2,72.0,60.0,62.4,161193.3,69.93,66.91863669844724,-0.9749143314264757,28.181818169862254,-3.3000000000000043,87.05825919811737,52.801740801882644,7.095214285714284,43587.648329999996,17749607.966800015,64.5,60.6,65.7
2024-02-06,60.6,61.5,54.6,58.5,42548.7333,69.09,66.1168617747856,-1.4779020297566205,24.590163925020164,-4.799999999999997,86.74898012194832,51.431019878051686,7.156285714285714,41668.989994999996,17707059.233500015,62.4,63.3,63.3
2024-02-07,58.2,59.1,53.1,55.5,36246.5333,67.53,65.10573208194889,-2.0944506435839045,28.03738316534195,-7.799999999999997,84.11878505116276,50.94121494883724,6.792,37336.433325000005,17670812.700200014,58.5,65.4,63.3
2024-02-08,55.8,56.1,52.8,53.7,17055.3667,65.80499999999999,64.01947188366805,-2.6972205399464926,29.126213579036673,-7.5,80.39879464379499,51.21120535620499,6.4474285714285715,34195.596659999996,17653757.333500013,55.5,68.4,61.2
2024-02-09,53.1,56.1,52.8,55.5,12775.3667,64.61999999999999,63.20809360903299,-2.9951507483789683,33.96226413599145,-6.899999999999999,78.46372934238673,50.77627065761326,6.122142857142857,31856.724995000004,17666532.700200014,53.7,64.5,62.4
2024-02-12,56.1,58.2,54.9,57.9,10869.1667,63.585,62.70256088436319,-3.0029885063122634,41.509433943989556,-2.700000000000003,76.05496813400715,51.11503186599285,5.9352857142857145,31405.093329999996,17677401.866900016,55.5,62.4,60.6
2024-02-13,57.0,57.3,53.7,55.5,7876.7,62.52,62.01660270490002,-3.166357686453459,38.596491212270436,-7.799999999999997,73.82134598411302,51.21865401588698,5.763857142857142,29721.879994999996,17669525.166900016,57.9,58.5,63.3
2024-02-14,55.5,56.28,54.0,54.9,10254.8,61.410000000000004,61.33883101871907,-3.3061322541424687,40.366972459781714,-10.500000000000007,70.89703270120219,51.92296729879781,5.6695714285714285,29050.174994999998,17659270.366900016,55.5,55.5,65.4
2024-02-15,56.1,56.1,51.897,53.4,15237.5667,60.6,60.58275187407916,-3.497622306232735,36.36363634820937,-15.000000000000007,69.90738246882808,51.29261753117193,5.498357142857143,27680.414995,17644032.800200015,54.9,53.7,68.4
2024-02-16,53.7,54.6,51.9,53.4,8362.6333,59.94,59.898680267024,-3.607791098959815,38.46153844428007,-11.100000000000001,69.32765146349156,50.55234853650843,5.284071428571428,26613.104994999994,17644032.800200015,53.4,55.5,64.5
2024-02-20,53.7,53.7,49.5,51.6,10191.3667,59.235,59.108329765402665,-3.7965796324484558,30.693069292749087,-10.799999999999997,68.91455523119112,49.55544476880888,5.069785714285715,25708.531665000002,17633841.433500014,53.4,57.9,62.4
2024-02-21,50.4,50.7,46.65,47.4,12971.8667,58.44,57.99325074012622,-4.236264879943853,22.22222221262001,-11.100000000000001,69.25858050811294,47.62141949188705,4.844785714285715,25300.653335,17620869.566800013,51.6,55.5,58.5
2024-02-22,46.8,52.5,46.8,52.5,15799.2,57.9,57.47008400297134,-4.125636537867486,26.956521728191547,-3.0,68.77517694955836,47.02482305044164,4.845000000000001,25325.88167,17636668.766800012,47.4,54.9,55.5
2024-02-23,53.1,55.8,52.038,54.3,16682.2333,57.55499999999999,57.16817124078359,-3.8483573454997426,34.25925924445586,0.5999999999999943,68.42717113842275,46.68282886157724,4.663928571428572,25218.043335000002,17653351.000100013,52.5,53.4,53.7
2024-02-26,54.0,55.8,51.9,53.1,9683.3667,57.089999999999996,56.78072636070897,-3.682985722744114,35.238095222433856,-2.3999999999999986,67.8849110817622,46.29508891823779,4.085357142857144,24873.490005,17643667.63340001,54.3,53.4,55.5
2024-02-27,53.1,53.7,48.6,50.1,12492.8667,56.565,56.14446670730811,-3.7507644556091577,36.27450978732538,-7.799999999999997,67.65834081899183,45.47165918100817,3.956785714285716,24146.92834,17631174.76670001,53.1,51.6,57.9
2024-02-28,49.5,50.4,47.1,47.4,10570.0667,55.769999999999996,55.31166035423115,-3.976507047295037,36.63366334941018,-8.100000000000001,67.10733469095497,44.43266530904502,3.763928571428573,23318.576675,17620604.70000001,50.1,47.4,55.5
2024-02-29,48.6,50.4,47.4,48.6,9706.0333,54.93000000000001,54.672454606209136,-4.012328537614408,41.41414139461959,-6.299999999999997,65.7403459217253,44.11965407827472,3.742500000000001,22562.796674999998,17630310.73330001,47.4,52.5,54.9
2024-03-01,49.8,54.6,48.9,52.8,26607.5,54.15,54.49412559609398,-3.6596281221492717,45.79439250339184,-0.6000000000000014,62.92832258284092,45.37167741715908,3.9139285714285728,23004.756675,17656918.23330001,48.6,54.3,53.4
2024-03-04,53.7,53.7,36.0,38.7,55025.4333,52.86,52.98992315837074,-4.466371970235031,28.08219177184587,-14.699999999999996,62.747024990253045,42.97297500974695,4.942500000000002,25107.505005,17601892.800000012,52.8,53.1,53.4
2024-03-05,42.0,49.2,40.5,47.25,37286.7667,52.1025,52.44326380995448,-4.365488905145142,41.74174173004235,-4.350000000000001,61.20209368670663,43.002906313293366,5.3067857142857155,18912.17834,17639179.56670001,38.7,50.1,51.6
2024-03-06,50.85,51.6,45.0,46.2,18809.4,51.4875,51.84866725662548,-4.320460638478238,41.36904760755622,-1.1999999999999957,60.42776227096707,42.54723772903292,5.615357142857144,17725.211675,17620370.166700013,47.25,47.4,47.4
2024-03-07,45.3,45.9,43.5,44.4,9888.9,50.9325,51.1392703750421,-4.37953526663307,41.12426034367377,-8.100000000000001,60.196253644119665,41.66874635588033,5.4865714285714295,16407.330009999998,17610481.266700014,46.2,48.6,52.5
2024-03-08,45.0,45.0,39.3,41.1,12363.6667,50.302499999999995,50.18314938694285,-4.639156536535282,38.61111110110082,-13.199999999999996,60.44581384654278,40.15918615345721,5.700857142857144,16172.745010000002,17598117.600000013,44.4,52.8,54.3
2024-03-11,41.7,44.1,41.4,42.0,7931.3,49.6275,49.40380182628163,-4.717900947272533,40.96045196660175,-11.100000000000001,60.10572177561345,39.14927822438654,5.593714285714286,15930.541675,17606048.900000013,41.1,38.7,53.1
2024-03-12,41.1,42.3,40.5,41.4,4485.0,48.802499999999995,48.64153498568338,-4.773693118112931,43.93939392696664,-8.700000000000003,59.13550664452423,38.46949335547576,5.433000000000001,15611.333340000001,17601563.900000013,42.0,47.25,50.1
2024-03-13,39.9,43.5,39.9,41.7,8652.5667,48.1125,47.98043641561829,-4.739072285833657,37.919463075371986,-5.699999999999996,58.405362882394854,37.81963711760514,5.283000000000001,15650.126674999998,17610216.466700014,41.4,46.2,47.4
2024-03-14,41.304,41.7,39.3,39.3,4456.5,47.332499999999996,47.15372818555941,-4.849393685548797,33.443708598935714,-9.300000000000004,57.822107639041825,36.84289236095817,5.185714285714288,15360.211674999999,17605759.966700014,41.7,44.4,48.6
2024-03-15,39.3,40.8,37.8,37.8,9746.0667,46.5525,46.26289692979184,-5.00022191223578,33.22368420032606,-15.0,57.45433350103103,35.650666498968974,5.121428571428573,15085.636674999998,17596013.900000013,39.3,41.1,52.8
2024-03-18,37.8,40.2,37.2,38.7,6525.6667,45.817499999999995,45.54262103171643,-4.989614844751657,36.89655171226318,0.0,56.75758924239517,34.87741075760482,4.971428571428573,14993.788344999999,17602539.566700015,37.8,42.0,38.7
2024-03-19,39.0,40.2,37.8,38.1,4512.6667,45.1425,44.83379998107677,-4.972305894356012,38.768115928919,-9.149999999999999,56.24504949383921,34.039950506160785,4.907142857142858,14709.853345,17598026.900000013,38.7,41.4,47.25
2024-03-20,37.5,38.1,36.0,37.2,6374.0667,44.6325,44.10677141145042,-4.973875023471635,36.13138684900634,-9.0,56.2247058661023,33.0402941338977,4.842857142857143,14379.963345,17591652.833300013,38.1,41.7,46.2
2024-03-21,37.8,47.4,36.3,44.1,29881.0333,44.2125,44.10612651512181,-4.367995607162776,40.06849313787766,-0.29999999999999716,55.197268162275364,33.22773183772463,5.2285714285714295,15084.05501,17621533.866600014,37.2,39.3,44.4
2024-03-22,44.1,44.697,40.5,41.4,8902.3333,43.5675,43.8484001803483,-4.058910311338508,54.1666666432613,0.29999999999999716,53.52521454438013,33.60978545561988,4.26407142857143,14695.060009999997,17612631.533300016,44.1,37.8,41.1
2024-03-25,40.8,41.997,37.2,39.6,6394.4333,42.8925,43.443790639362746,-3.9140836124352205,35.08771927909443,-2.3999999999999986,51.91587753312217,33.869122466877826,3.9852857142857157,14530.61334,17606237.100000016,41.4,38.7,42.0
2024-03-26,41.1,42.6,39.6,40.5,6569.9333,42.4125,43.16342962609011,-3.68421567453489,38.82352939044983,-0.8999999999999986,50.8220105934319,34.002989406568105,3.7281428571428585,14234.46667,17612807.033300016,39.6,38.1,41.4
2024-03-27,39.6,42.0,38.7,41.1,4093.4667,42.0975,42.96691251884343,-3.414271152886535,43.20987651831531,-0.6000000000000014,50.18624949674195,34.00875050325804,3.7924285714285726,13910.636669999998,17616900.500000015,40.5,37.2,41.7
2024-03-28,41.1,45.0,40.65,42.6,9653.5,41.7975,42.93196846942977,-3.0442090954469663,53.33333330014815,3.3000000000000043,49.29419927367975,34.30080072632025,3.696000000000001,13908.010004999998,17626554.000000015,41.1,44.1,39.3
2024-04-01,41.7,42.9,41.1,41.7,3566.7667,41.2425,42.81463813900789,-2.791377388455402,49.333333302637044,3.9000000000000057,46.66654733328117,35.81845266671883,3.631714285714286,12755.97334,17622987.233300015,42.6,41.4,37.8
2024-04-02,38.7,39.9,27.0281,30.9,45901.0667,40.8525,41.67991069719761,-3.4230169270071116,33.94495411390737,-7.800000000000004,47.91921031929514,33.78578968070486,4.422564285714286,12299.755009999999,17577086.166600015,41.7,39.6,38.7
2024-04-03,31.5,37.497,30.9,36.3,18560.4667,40.30499999999999,41.16753824984546,-3.4481136124928327,42.857142841269834,-1.8000000000000043,46.97006208760047,33.63993791239952,4.636635714285715,11363.44001,17595646.633300014,30.9,40.5,38.1
2024-04-04,36.9,40.338,35.4,36.3,21760.1667,39.81,40.70396317843161,-3.4284815102743735,45.76271184630853,-0.9000000000000057,46.09109946795192,33.528900532048084,4.817921428571429,11510.978345,17595646.633300014,36.3,41.1,37.2
2024-04-05,36.9,37.434,33.3,33.6,10347.3667,39.27,40.027395256676215,-3.589413664737343,44.262295065036284,-10.5,45.74362259277402,32.79637740722599,4.898921428571429,11533.901679999999,17585299.266600013,36.3,42.6,44.1
2024-04-08,33.9,34.56,32.7,33.3,4852.1,38.88,39.38669094651657,-3.698526712548933,42.499999983472215,-8.100000000000001,45.81294195926348,31.94705804073652,4.817492857142858,11158.323345,17580447.16660001,33.6,41.7,41.4
2024-04-09,34.2,34.8,33.0,34.2,5284.2667,38.49,38.892720380181665,-3.670070860758642,44.62809915634178,-5.399999999999999,45.5601447911914,31.419855208808606,4.774635714285714,11025.971679999999,17585731.43330001,33.3,30.9,39.6
2024-04-10,33.0,35.1,32.7,33.9,3679.6667,38.115,38.41722320111674,-3.6298838260184993,45.37815124270884,-6.600000000000001,45.32939350771777,30.900606492282236,4.796064285714286,10985.705015,17582051.76660001,34.2,36.3,40.5
2024-04-11,33.3,35.679,31.8,32.4,3723.7667,37.65,37.84415432481991,-3.6766901086864863,30.693069292749072,-8.700000000000003,45.0868923900405,30.213107609959504,4.280278571428571,10739.265015,17578327.99990001,33.9,36.3,41.1
2024-04-12,33.0,33.9,31.8,33.3,5475.8667,37.35,37.41137772245611,-3.599667257151232,35.78947366662973,-9.300000000000004,44.98799367428454,29.712006325715464,4.1304928571428565,10790.233349999999,17583803.86660001,32.4,33.6,42.6
2024-04-15,33.3,33.9,29.7,29.925,9790.0333,36.95625,36.69838936793648,-3.7675305053942907,33.91521195428719,-11.775000000000002,45.277906512092564,28.63459348790743,4.0878499999999995,10792.43168,17574013.83330001,33.3,33.3,41.7
2024-04-16,30.3,31.5,30.0,30.9,3811.9333,36.566250000000004,36.146161809085385,-3.7783347278759507,34.079601974225056,0.0,45.26631465493156,27.86618534506845,3.9807071428571423,10656.74501,17577825.76660001,29.925,34.2,30.9
2024-04-17,30.3,31.5,30.0,30.6,2390.4333,36.191250000000004,35.61795592250582,-3.7676732399950765,32.4120602863059,-5.699999999999996,45.25202833010817,27.13047166989184,3.852135714285714,10550.63334,17575435.33330001,30.9,33.9,36.3
2024-04-18,30.3,32.7,30.0,32.7,2890.5333,35.966249999999995,35.34005535845765,-3.548862469340797,33.74384234901761,-3.5999999999999943,45.1442883611033,26.78821163889669,3.7342785714285713,10376.45667,17578325.86660001,30.6,32.4,36.3
2024-04-19,31.2,31.35,25.5,26.1,23204.8,35.06625,34.46005008622359,-3.863482190170288,28.4232365035152,-7.5,44.414572041948965,25.71792795805103,4.0235642857142855,10042.645005000002,17555121.06660001,32.7,33.3,33.6
2024-04-22,26.1,27.3,22.449,22.47,30361.4333,34.119749999999996,33.318140554202294,-4.355523386297211,35.45548652531481,-10.829999999999998,44.5397684235613,23.69973157643869,3.450642857142857,11115.600005,17524759.63330001,26.1,29.925,33.3
2024-04-23,24.0,24.6,22.02,22.545,8652.9,33.266999999999996,32.29212716808779,-4.6854072456319,20.925808484761745,-11.655000000000001,44.554046791040875,21.979953208959113,3.1637142857142857,11228.523340000002,17533412.53330001,22.47,30.9,34.2
2024-04-24,22.5,23.7,21.903,22.5,3923.3,32.367,31.359543628269904,-4.89405804558573,20.886075937029332,-11.399999999999999,44.087874495845284,20.64612550415471,2.9393571428571432,11096.191675,17529489.233300008,22.545,30.6,33.9
2024-04-25,22.5,22.95,21.33,21.672,10214.4333,31.3956,30.436920425577533,-5.067809415168064,22.67729520260758,-10.727999999999998,43.28805799744698,19.503142002553027,2.7597857142857145,11402.240005000001,17519274.80000001,22.5,32.7,32.4
2024-04-26,21.9,22.197,19.5,20.7,14993.7,30.300600000000003,29.509594670760624,-5.223725031822397,21.999999986311124,-12.599999999999998,41.878000188115514,18.72319981188449,2.8195714285714284,11669.250005,17504281.10000001,21.672,26.1,33.3
2024-04-29,20.7,21.93,20.4,21.0,18147.3,29.2656,28.699157083069135,-5.2624198906398085,19.86301368593233,-8.925,40.23735576603221,18.29384423396779,2.8002857142857147,12398.276670000001,17522428.40000001,20.7,22.47,29.925
2024-04-30,21.0,21.285,18.636,20.55,11055.8333,28.7481,27.9230468846816,-5.268663204772935,19.727891143936944,-10.349999999999998,40.35333077890165,17.14286922109835,2.818071428571429,10656.015,17511372.56670001,21.0,22.545,30.9
2024-05-01,20.7,21.0,19.95,20.94,4836.5,27.980100000000004,27.25799480042621,-5.182401837249326,22.636103136728508,-9.66,39.513806336326525,16.446393663673483,2.6160000000000005,9969.816665,17516209.06670001,20.55,22.5,30.6
2024-05-02,21.0,21.0,20.4,20.847,2150.2,27.20745,26.647423867052286,-5.063178234895098,19.073163449708233,-11.853000000000002,38.461417094224224,15.953482905775779,2.5088571428571433,8989.31833,17514058.866700012,20.94,21.672,32.7
2024-05-03,21.0,24.3,20.88,23.004,20255.5667,26.67765,26.30043111780921,-4.7400010436595394,31.704996011426402,-3.096,37.6588441499038,15.6964558500962,2.4531428571428577,9484.728330000002,17534314.433400013,20.847,20.7,26.1
2024-05-06,23.7,24.15,21.906,21.96,9120.3667,26.11065,25.887056725636906,-4.516064472400895,26.45385585912591,-0.509999999999998,36.81979405690602,15.40150594309398,2.5062857142857147,9698.141665,17525194.06670001,23.004,21.0,22.47
2024-05-07,22.5,23.4,21.03,21.615,4580.4333,25.4814,25.480194180338152,-4.316671832371117,26.391297473883128,-0.9300000000000033,35.654755962357186,15.308044037642814,2.5684285714285724,9662.949994999999,17520613.63340001,21.96,20.55,22.545
2024-05-08,22.05,22.5147,20.7,22.032,3683.9667,24.887999999999998,25.15179473459166,-4.077994732407877,19.24939465758726,-0.46799999999999997,34.35366791370888,15.422332086291116,2.505192857142858,9663.164995,17524297.60010001,21.615,20.94,22.5
2024-05-09,21.6,22.5,20.784,21.8265,3500.3,24.359325000000002,24.835099997963884,-3.860917289862403,30.488974074159202,0.15449999999999875,33.22020675649679,15.498443243503207,2.2099071428571433,9651.99166,17520797.30010001,22.032,20.847,21.672
2024-05-10,22.263,33.6,21.9,27.156,337335.6333,24.052125,25.056138093395894,-3.221698060957685,68.52027500124227,6.4559999999999995,31.98534105904313,16.11890894095687,2.69912142857143,26244.97999,17858132.93340001,21.8265,23.004,20.7
2024-05-13,29.25,31.5,25.008,26.85,174588.9,23.898374999999998,25.226982084501046,-2.7085810208977676,66.70936182782711,5.850000000000001,31.462977726375044,16.33377227362495,2.978550000000001,34484.923324999996,17683544.03340001,27.156,21.96,21.0
2024-05-14,26.1,26.817,23.727,24.405,25018.6,23.573625,25.14869807645333,-2.4707419420806644,56.232822877420524,3.8550000000000004,30.393640950551394,16.753609049448606,3.070907142857144,35545.25666,17658525.43340001,26.85,21.615,20.55
2024-05-15,23.88,27.0,23.4,25.404,15694.9,23.313825,25.173012545362536,-2.176551879333786,62.07532512333821,4.463999999999999,29.35866341823894,17.268986581761062,3.2123357142857145,36210.479995,17674220.333400007,24.405,22.032,20.94
2024-05-16,26.175,26.7,24.363,25.17,6271.8667,22.937324999999998,25.17272563628039,-1.9399237444564505,65.18858301647026,4.323,27.19421784108868,18.680432158911316,3.186621428571429,36379.546665,17667948.466700006,25.404,21.8265,20.847
2024-05-17,24.6,25.197,20.7,21.9,21763.7667,22.727325,24.86103748044416,-1.993278618877845,52.54452922049062,-1.1040000000000028,26.734343293928845,18.720306706071156,3.3985500000000006,36307.494999999995,17646184.700000007,25.17,27.156,23.004
2024-05-20,22.017,22.05,20.169,20.703,9089.0667,22.638975,24.46503391087805,-2.1078526175110355,50.415039024207324,-1.2570000000000014,26.746541579847538,18.53140842015246,3.343692857142858,35243.87667,17637095.633300006,21.9,26.85,21.96
2024-05-21,21.0,21.897,20.4,21.0,9032.9333,22.561725,24.135030681270617,-2.1499051519290013,50.16358576245759,-0.6149999999999984,26.734331070360188,18.38911892963981,3.3756214285714288,35262.878335,17646128.566600006,20.703,24.405,21.615
2024-05-22,21.57,22.8,21.0,21.45,10458.8667,22.509224999999997,23.87931347353056,-2.1224545166739546,51.61264437726909,-0.5820000000000007,26.711418518363367,18.307031481636628,3.4613357142857146,35589.65667,17656587.433300007,21.0,25.404,22.032
2024-05-23,21.45,21.897,20.499,21.0,6401.8,22.475625,23.605093142718125,-2.1126575265325798,44.10206600639067,-0.8264999999999993,26.716572745056688,18.234677254943314,3.3169071428571435,35399.025004999996,17650185.633300006,21.45,25.17,21.8265
2024-05-24,20.82,21.294,20.16,20.574,2758.8,22.469325,23.3164176053164,-2.1148888567796327,45.766904853659724,-6.581999999999997,26.721737792197953,18.21691220780205,3.237621428571429,34787.28000499999,17647426.833300006,21.0,21.9,27.156
2024-05-28,20.907,21.3,20.475,21.0,3009.5333,22.469325,23.095806404810077,-2.0585528479391506,48.130926290187645,-5.850000000000001,26.721737792197953,18.21691220780205,3.1272642857142867,34030.39167,17650436.366600007,20.574,20.703,26.85
2024-05-29,20.697,21.0,20.157,21.0,3547.2667,22.491825,22.896205794828166,-1.9909556574160447,46.78203924821025,-3.405000000000001,26.70606905751511,18.27758094248489,3.0578571428571437,33654.96334,17650436.366600007,21.0,21.0,24.405
2024-05-30,21.0,21.003,20.4,20.61,1885.7333,22.475325,22.678471909606436,-1.9464170519556774,46.24988435848834,-4.7940000000000005,26.717642170639344,18.23300782936066,2.9783571428571434,33507.425005,17648550.633300006,21.0,21.45,25.404
2024-05-31,21.039,21.039,20.55,20.781,3339.3333,22.472025,22.497760299167727,-1.8756997170006677,21.182533198033127,-4.389000000000003,26.719774577251258,18.22427542274874,2.177571428571429,33566.881669999995,17651889.966600005,20.61,21.0,25.17
2024-06-03,20.4,21.0,20.4,20.955,2098.6333,22.369575,22.350830746866038,-1.7850385607531045,23.030469363855175,-0.9450000000000003,26.66190563025896,18.07724436974104,1.7567142857142861,32659.034999999996,17653988.599900004,20.781,20.574,21.9
2024-06-04,21.0,21.0,20.4,20.856,3163.2667,22.314375,22.208465913831176,-1.7015628561117566,29.32541064772738,0.15300000000000225,26.656984025081858,17.97176597491814,1.5788571428571434,32361.18,17650825.333200004,20.955,21.0,20.703
2024-06-05,20.4,20.976,19.5387,20.13,7853.6333,22.240125,22.010516779180588,-1.6746851614094638,18.26714798366544,-0.870000000000001,26.68271338581463,17.79753661418537,1.4243785714285717,32524.839999999997,17642971.699900005,20.856,21.0,21.0
2024-06-06,20.475,20.634,19.8,20.43,3166.9333,22.160024999999997,21.85999137163958,-1.6106107839698431,21.70487102389346,-1.0199999999999996,26.675582347133208,17.644467652866787,1.317021428571429,32498.988329999993,17646138.633200005,20.13,20.61,21.45
2024-06-07,20.799,20.85,19.89,20.322,2055.3,22.084799999999998,21.713516002912,-1.550670906387154,34.86766388796559,-0.6780000000000008,26.673290112855753,17.496309887144243,1.0643785714285718,32426.73833,17644083.333200004,20.43,20.781,21.0
2024-06-10,20.4,20.496,17.703,18.6,14257.0,21.657,21.416990669301335,-1.6234055185290224,31.677992604374992,-1.9740000000000002,25.831462511886212,17.48253748811379,1.129521428571429,16272.806665,17629826.333200004,20.322,20.955,20.574
2024-06-11,18.057,18.957,16.5,17.79,7036.6333,21.204,21.07156298651073,-1.7265063610676563,24.328214916731426,-3.210000000000001,24.95005510398481,17.457944896015192,1.1980928571428575,7895.19333,17622789.699900005,18.6,20.856,21.0
2024-06-12,18.0,18.507,17.1135,17.982,3460.5,20.882849999999998,20.77731889255733,-1.7722918491980373,21.071071021856,-3.0180000000000007,24.574335182499976,17.19136481750002,1.1690571428571435,6817.28833,17626250.199900005,17.79,20.13,21.0
2024-06-13,18.0,18.6,17.412,17.751,4119.1,20.5002,20.489098045647108,-1.8063939622764948,21.870129817111362,-2.858999999999998,23.78229866107615,17.218101338923848,1.1540571428571436,6238.49833,17622131.099900004,17.982,20.43,20.61
2024-06-14,17.751,18.3,17.109,17.94,4452.0,20.1387,20.246326803204525,-1.7974495329828954,26.218851504683272,-2.8409999999999975,22.78650990730987,17.49089009269013,1.158128571428572,6147.504995,17626583.099900004,17.751,20.322,20.781
2024-06-17,17.94,18.297,17.088,17.67,4392.4333,19.9272,20.000962345756474,-1.7914964950059158,19.06354510091238,-3.2849999999999966,22.657128443246865,17.197271556753133,1.1855571428571436,5278.938325,17622190.666600004,17.94,18.6,20.955
2024-06-18,17.139,17.7,16.5,16.512,5046.4667,19.71765,19.66868021758919,-1.8587925863680042,15.688073360912384,-4.344000000000001,22.815456373274618,16.61984362672538,1.2110571428571435,5076.808325,17617144.199900005,17.67,17.79,20.856
2024-06-20,15.6,16.5,14.7,14.919,6931.3333,19.4136,19.216329720675937,-2.017411544013317,13.250678007812283,-5.2109999999999985,23.11613434683038,15.711065653169618,1.2965571428571434,4971.728325,17610212.866600007,16.512,17.982,20.13
2024-06-21,15.06,19.5,15.06,18.0,27713.8667,19.2411,19.100488794897277,-1.872917436524979,36.94733872925348,-2.4299999999999997,22.86478895493118,15.61741104506882,1.5787714285714292,5834.478324999999,17637926.733300008,14.919,17.751,20.43
2024-06-24,16.59,19.08,16.5,17.97,9027.1333,19.0896,18.992823195383252,-1.740759176342813,35.79788747728895,-2.3520000000000003,22.656575684922316,15.522624315077685,1.7202000000000004,5965.74499,17628899.60000001,18.0,17.94,20.322
2024-06-25,18.0,18.132,16.23,16.53,5127.0333,18.8874,18.758268605346753,-1.7322504620651102,31.746835405531172,-2.0700000000000003,22.557081208007848,15.217718791992153,1.8132000000000004,6084.156655000001,17623772.566700008,17.97,17.67,18.6
2024-06-26,16.329,17.067,15.0,15.747,6380.4667,18.62475,18.471481119123254,-1.7683048822593044,31.594860129140173,-2.0429999999999993,22.407967615509396,14.841532384490602,1.858178571428572,6252.7033249999995,17617392.10000001,16.53,16.512,17.79
2024-06-27,16.5,17.4,15.72,16.44,14794.2667,18.39675,18.2780067268258,-1.7211189739893271,33.78048776642872,-1.541999999999998,22.126492018732737,14.667007981267263,1.918607142857143,6815.053324999999,17632186.36670001,15.747,14.919,17.982
2024-06-28,16.5,16.8,15.747,16.5,1897.6333,18.19125,18.10867275284239,-1.6597497413289766,34.402546483705876,-1.2510000000000012,21.859942976780623,14.52255702321938,1.9252500000000001,6815.648325,17634084.000000007,16.44,18.0,17.751
2024-07-01,16.8,16.8,15.633,16.2,2392.5667,17.9622,17.926894395428832,-1.6166855304381826,38.91966753971602,-1.740000000000002,21.5204582137577,14.4039417862423,1.8091071428571432,6768.3099950000005,17631691.433300007,16.5,17.97,17.94
2024-07-02,15.927,16.803,15.927,16.215,2912.8333,17.7252,17.76385683395942,-1.563325416135175,42.15246630890538,-1.4550000000000018,21.069108308989943,14.381291691010059,1.6961785714285718,6809.019995,17634604.266600005,16.2,16.53,17.67
2024-07-03,16.2,16.5,16.197,16.203,1212.2,17.49255,17.61520380215376,-1.5046606494513242,40.97412475153346,-0.30900000000000105,20.554913963034085,14.430186036965917,1.6182857142857145,6711.46666,17633392.066600006,16.215,15.747,16.512
2024-07-05,16.5,16.8,16.44,16.44,5178.9667,17.30805,17.50327963052007,-1.4226451127054958,43.352601094520196,1.5210000000000008,20.13710083394363,14.478999166056372,1.5591428571428572,6577.73333,17638571.033300005,16.203,16.44,14.919
2024-07-08,16.5,17.25,16.2,16.95,10918.8333,17.134050000000002,17.450586332375302,-1.3014916854294576,45.13847960794158,-1.0500000000000007,19.552960975056262,14.71513902494374,1.5490714285714287,6965.328329999999,17649489.866600003,16.44,16.5,18.0
2024-07-09,16.74,17.07,16.236,16.515,2476.2333,16.9437,17.361482872149082,-1.2264399494957487,44.418672018762784,-1.4549999999999983,18.85149035590646,15.03590964409354,1.5222857142857145,6986.374995,17647013.633300003,16.95,16.2,17.97
2024-07-10,16.65,17.397,16.233,16.503,4725.2667,16.83885,17.279722598611073,-1.1546194731874273,49.95109219657479,-0.027000000000001023,18.587197824597236,15.090502175402767,1.5197142857142858,6509.78833,17642288.366600003,16.515,16.215,16.53
2024-07-11,16.83,17.025,16.014,16.5,9153.3333,16.774350000000002,17.205463303505258,-1.0854311287990974,60.386282900353706,0.7530000000000001,18.469317694144912,15.07938230585509,1.4633571428571428,6615.62333,17633135.033300005,16.503,16.203,15.747
2024-07-12,16.5,16.8,15.303,16.44,9498.5,16.69725,17.13256203650476,-1.023640475718068,33.006535847038904,0.0,18.29861992339788,15.095880076602123,1.253142857142857,6917.523330000001,17623636.533300005,16.5,16.44,16.44
2024-07-15,16.02,16.233,15.084,15.18,7124.7667,16.5687,16.94660374731383,-1.0640763969536025,26.030927772434197,-1.3200000000000003,18.225709875136577,14.911690124863421,1.1509285714285713,7067.806664999999,17616511.766600005,16.44,16.95,16.5
2024-07-16,15.483,15.96,15.354,15.54,3066.9,16.448700000000002,16.812641485664894,-1.0549127866600578,39.556961908481526,-0.6600000000000001,18.03361229708713,14.863787702912871,1.058357142857143,6998.551665000001,17619578.666600004,15.18,16.515,16.2
2024-07-17,16.5,16.65,15.6,16.38,14835.7667,16.3842,16.77143753464919,-0.9687029749872345,56.59787350586402,0.16499999999999915,17.861159123542656,14.907240876457346,0.9857142857142858,7520.718335,17634414.433300003,15.54,16.503,16.215
2024-07-18,15.927,16.5,15.639,15.897,2822.4333,16.353450000000002,16.688157769444505,-0.9286502395030531,44.08109862281765,-0.30599999999999916,17.84474466536016,14.862155334639843,0.927214285714286,7409.516665,17631592.000000004,16.38,16.5,16.203
2024-07-19,15.6,15.897,15.3,15.3,4508.1,16.372500000000002,16.555952267592648,-0.934310913953702,38.29039802184513,-1.1400000000000006,17.79477845374396,14.950221546256044,0.8946428571428573,7288.3550000000005,17627083.900000002,15.897,16.44,16.44
2024-07-22,15.873,16.14,12.9,14.997,12109.5667,16.22235,16.407480623060014,-0.9522694375797283,38.267992873853736,-1.9529999999999994,17.55224944613357,14.892450553866428,1.0427142857142857,6508.139999999999,17614974.333300002,15.3,15.18,16.95
2024-07-23,14.997,15.3,14.7033,15.087,1418.7667,16.078200000000002,16.281720563720967,-0.9483079454189536,39.15801604225063,-1.4280000000000008,17.22253701328946,14.933862986710542,1.0227642857142858,6127.721670000001,17616393.1,14.997,15.54,16.515
2024-07-24,15.18,15.225,14.1,14.496,4383.4667,15.976500000000001,16.111651938604684,-0.9815425831202713,35.23611823329776,-2.0069999999999997,17.29937844052478,14.653621559475223,1.0814785714285713,6090.54334,17612009.633300003,15.087,16.38,16.503
2024-07-25,14.652,14.664,13.8,13.98,3893.6333,15.888150000000001,15.90863746826138,-1.0375578395355571,29.702970228408958,-2.5199999999999996,17.48352242310542,14.292777576894585,1.1174785714285713,5966.20167,17608116.000000004,14.496,15.897,16.5
2024-07-26,14.25,14.322,13.323,14.046,6249.0,15.768450000000001,15.731243423665058,-1.0643554582194543,24.145299085107865,-2.394000000000002,17.53909834690721,13.997801653092795,1.113835714285714,5538.938335000001,17614365.000000004,13.98,15.3,16.44
2024-07-29,14.316,14.742,13.5,13.8,12405.5,15.633450000000002,15.5473154785541,-1.0928452681643055,24.98618014560408,-1.379999999999999,17.572918671131333,13.693981328868672,1.1429785714285714,6064.33167,17601959.500000004,14.046,14.997,15.18
2024-07-30,14.31,14.34,13.017,13.242,4786.9333,15.48555,15.32776162345371,-1.1472250876324797,22.702159665523126,-2.2979999999999983,17.6777790962649,13.2933209037351,1.1543357142857142,6184.05,17597172.566700004,13.8,15.087,15.54
2024-07-31,13.5,13.797,12.969,13.5,5401.5333,15.349799999999998,15.15368908788669,-1.1561753725710062,25.9152215217063,-2.879999999999999,17.683517395957487,13.01608260404251,1.1412642857142858,6308.485000000001,17602574.100000005,13.242,14.496,16.38
2024-08-01,13.2225,13.8,13.047,13.782,7235.9333,15.228750000000002,15.023052031897482,-1.1275161898886896,29.395348773405416,-2.115,17.626407178862834,12.83109282113717,1.0881214285714287,6609.671665,17609810.033300005,13.5,13.98,15.897
2024-08-02,13.8,13.944,13.2,13.2,70116.7333,15.066750000000003,14.849428028859625,-1.1386405772938932,32.848232768559356,-2.1000000000000014,17.555902455626704,12.577597544373301,1.0591928571428573,9856.559995,17539693.300000004,13.782,14.046,15.3
2024-08-05,11.685,12.054,10.14,10.839,16913.1,14.761199999999999,14.467482502301566,-1.322722184533152,19.76071011492988,-4.1579999999999995,17.730887320061036,11.79151267993896,1.1526214285714287,10156.27333,17522780.200000003,13.2,13.8,14.997
2024-08-06,10.803,12.63,10.8,12.261,8767.0333,14.548499999999999,14.25734131160618,-1.3384360115941085,25.35008972412909,-2.8260000000000005,17.59760040227307,11.499399597726928,1.2083357142857145,10470.81333,17531547.233300004,10.839,13.242,15.087
2024-08-07,12.957,13.44,11.607,12.795,8708.9,14.3631,14.11807071050083,-1.2928962919670184,31.54889359485074,-1.7010000000000005,17.36232943787842,11.36387056212158,1.2777642857142857,10669.994995000001,17540256.133300003,12.261,13.5,14.496
2024-08-08,12.99,13.944,12.03,13.425,9530.3333,14.20935,14.052063976167418,-1.1922267533688657,38.89086378190874,-0.5549999999999997,17.058872602672547,11.359827397327454,1.3718357142857143,10688.844995000001,17549786.4666,12.795,13.782,13.98
2024-08-09,13.2,13.767,12.69,13.281,2179.6667,14.051400000000001,13.97862931177052,-1.1112551575506764,39.63768109240006,-0.7649999999999988,16.725093317843044,11.377706682156958,1.2173357142857146,10322.903330000001,17547606.7999,13.425,13.2,14.046
2024-08-12,13.5,13.5,12.39,13.3816,2518.5667,13.96148,13.921769377316185,-1.0271269254192976,39.714857723686094,-0.4184000000000001,16.59603589993428,11.326924100065723,1.2540000000000002,10092.59333,17550125.3666,13.281,10.839,13.8
2024-08-13,13.662,13.662,12.6,12.6,5618.3,13.81448,13.795886579476548,-1.0118592001888338,38.82233639773702,-0.6420000000000012,16.40592036973234,11.223039630267662,1.2495000000000005,10220.16333,17544507.0666,13.3816,12.261,13.242
2024-08-14,12.735,13.41,12.447,12.6,1389.1,13.62548,13.681992619526401,-0.988366148224193,41.33731725773082,-0.9000000000000004,15.968558225076107,11.282401774923892,1.256571428571429,9547.829995,17544507.0666,12.6,12.795,13.5
2024-08-15,12.72,12.876,12.42,12.69,849.5333,13.465129999999998,13.587517131952458,-0.9515169918657662,41.51354321068572,-1.0920000000000005,15.581663970131473,11.348596029868524,1.2177857142857147,9449.184995,17545356.5999,12.6,13.425,13.782
2024-08-16,12.87,13.347,12.6,12.69,1738.7,13.33463,13.502039309861747,-0.9118030717337273,42.83242062717559,-0.5099999999999998,15.29057235314483,11.378687646855171,1.1824285714285718,9310.714994999998,17545356.5999,12.69,13.281,13.2
2024-08-19,12.69,13.8,12.69,13.5,6677.7667,13.259780000000001,13.501845089874914,-0.8056818742694372,51.613467990470696,2.6609999999999996,15.055913132559596,11.463646867440406,1.1672142857142862,9039.124995,17552034.3666,12.69,13.3816,10.839
2024-08-20,13.173,13.5,12.936,13.497,5579.3333,13.18028,13.50138365274397,-0.7135962423609357,49.980620565395114,1.2360000000000007,14.764085077847387,11.596474922152613,1.1483571428571433,9247.153325000001,17546455.0333,13.5,12.6,12.261
2024-08-21,13.2,13.5,12.9,13.194,4238.0,13.11518,13.472109019149306,-0.6574881690028267,46.21192590746703,0.3990000000000009,14.57332531886604,11.657034681133961,1.1374285714285717,9239.87999,17542217.0333,13.497,12.6,12.795
2024-08-22,13.2,13.47,12.6,12.615,2043.4,13.04693,13.390479588754134,-0.6522241437683878,46.229795487714014,-0.8100000000000005,14.46177587681537,11.63208412318463,1.1464285714285718,9147.368325,17540173.633300003,13.194,12.69,13.425
2024-08-23,12.609,13.032,12.423,12.6626,2111.8667,12.97776,13.321157723158503,-0.6368700027024694,66.74625313428453,-0.6184000000000012,14.32037143557282,11.63514856442718,1.053214285714286,8940.51166,17542285.500000004,12.615,12.69,13.281
2024-08-26,12.9,12.9,12.0,12.3,3936.4333,12.90276,13.223904606667217,-0.6465079833058525,50.44465711081654,-1.0816,14.219306996216497,11.586213003783504,0.9867857142857146,8517.058325000002,17538349.066700004,12.6626,13.5,13.3816
2024-08-27,12.654,12.654,11.4,11.841,6805.7333,12.83271,13.092199406032243,-0.6833068799659561,38.93374152165173,-0.7590000000000003,14.220420453488172,11.444999546511829,0.9454285714285717,8617.998325,17531543.333400004,12.3,13.497,12.6
2024-08-28,12.0,12.129,11.01,11.328,3309.5333,12.72411,12.924180414981553,-0.7452740282749506,24.996422866898,-1.2720000000000002,14.22710794991782,11.22111205008218,0.8886428571428573,8513.398325,17528233.800100002,11.841,13.194,12.6
2024-08-29,11.1,11.7,11.1,11.55,3065.5333,12.61251,12.793306089745215,-0.7676212353223892,29.737322560209194,-1.1399999999999988,14.116229970985739,11.108790029014262,0.8545714285714288,8304.878325,17531299.333400004,11.328,12.615,12.69
2024-08-30,11.16,11.523,10.5,11.25,4603.0,12.51501,12.646324557388528,-0.8003135344507974,26.16086598231813,-1.4399999999999995,14.10853236903503,10.92148763096497,0.848357142857143,5029.1916599999995,17526696.333400004,11.55,12.6626,12.69
2024-09-03,11.307,11.307,9.633,9.9,8310.5,12.46806,12.38476983763724,-0.9244990846270742,23.210033274142646,-3.5999999999999996,14.306075007551195,10.630044992448804,0.8920714285714287,4599.061659999999,17518385.833400004,11.25,12.3,13.5
2024-09-04,11.1,11.1,9.963,10.41,8880.2,12.37551,12.196696519767027,-0.9705760930696901,30.26742585890868,-3.0869999999999997,14.43096989823362,10.32005010176638,0.9045000000000002,4604.719995,17527266.033400003,9.9,11.841,13.497
2024-09-05,10.398,10.92,8.1,8.631,39398.1,12.16731,11.85710637502731,-1.1375301470224901,21.9612610445335,-4.563000000000001,14.804963925582591,9.52965607441741,1.0733571428571431,6139.179995,17487867.9334,10.41,11.328,13.194
2024-09-06,8.676,8.976,8.22,8.7,11946.9333,11.931059999999999,11.556429577405662,-1.2498670252249404,22.69816067470792,-3.915000000000001,14.917730733985662,8.944389266014335,1.0740000000000003,6260.009995,17499814.8667,8.631,11.55,12.615
2024-09-09,9.045,9.327,8.49,9.285,14035.4,11.731259999999999,11.340102950986076,-1.2769700833669848,20.242297551129283,-3.3775999999999993,14.868535202864672,8.593984797135326,1.0545000000000002,6852.79666,17513850.2667,8.7,11.25,12.6626
2024-09-10,9.57,9.57,8.85,8.928,5636.9333,11.508579999999998,11.110378860415974,-1.3121309399297676,19.278663797382904,-3.372,14.781909913484052,8.235250086515945,1.0656428571428573,7008.71499,17508213.3334,9.285,9.9,12.3
2024-09-11,9.06,9.297,8.7,8.721,9678.6333,11.31463,10.882818968947786,-1.341238380937929,19.53080293814456,-3.119999999999999,14.770268992533797,7.858991007466201,1.0654285714285716,7211.731654999999,17498534.7001,8.928,10.41,11.841
2024-09-12,8.85,9.291,8.58,8.742,9812.8667,11.121730000000001,10.678931448095616,-1.3470833745374424,21.447317935144582,-2.5859999999999985,14.703669636328188,7.539790363671814,1.0540714285714288,7632.91999,17508347.566800002,8.721,8.631,11.328
2024-09-13,9.15,9.15,8.763,8.958,10224.5667,10.935130000000001,10.515033214943653,-1.319080638761049,23.35050206789242,-2.5920000000000005,14.561633330291407,7.3086266697085955,1.038214285714286,8101.67166,17518572.133500002,8.742,8.7,11.55
2024-09-16,8.964,9.054,8.133,8.133,12832.5,10.70728,10.288172908758543,-1.3479208812201513,21.8939700112619,-3.117000000000001,14.440595213387338,6.9739647866126635,1.039714285714286,8656.361659999999,17505739.633500002,8.958,9.285,11.25
2024-09-17,8.436,9.0,8.4,8.403,8934.9667,10.452430000000001,10.10863263173392,-1.3336171295170622,26.20431888609353,-1.4969999999999999,14.077351129070669,6.827508870929334,0.9930000000000003,8769.22166,17514674.6002,8.133,8.928,9.9
2024-09-18,8.4,8.679,8.25,8.25,12500.2667,10.19008,9.931620000140214,-1.3194176986423525,27.578671272421133,-2.16,13.642615106172176,6.737544893827823,0.9437142857142861,9115.268329999999,17502174.3335,8.403,8.721,10.41
2024-09-19,8.4,8.967,8.259,8.394,17360.1,9.95008,9.78518000012686,-1.281769509796879,26.746242208304253,-0.2370000000000001,13.183795856147327,6.716364143852673,0.9514285714285718,9771.37333,17519534.433500003,8.25,8.742,8.631
2024-09-20,8.73,8.865,8.259,8.4,10421.5,9.739329999999999,9.653258095352873,-1.237187373125236,28.049907518068594,-0.29999999999999893,12.785742896019748,6.692917103980251,0.9216428571428575,10190.27833,17529955.933500003,8.394,8.958,8.7
2024-09-23,8.433,8.694,7.92,8.1,9071.9,9.511199999999999,9.505328752938313,-1.2120909711934562,33.46196242769801,-1.1850000000000005,12.309095043361518,6.7133049566384795,0.8573571428571433,10538.279995,17520884.033500005,8.4,8.133,9.285
2024-09-24,8.1,8.544,7.95,8.073,5850.0667,9.29985,9.368916490753712,-1.1807693916602915,26.436781534560424,-0.8550000000000004,11.837219817243119,6.76248018275688,0.8185714285714288,10633.961664999999,17515033.966800004,8.1,8.403,8.928
2024-09-25,8.073,8.073,7.515,7.899,15917.4,9.10275,9.228924444015263,-1.156653973031494,39.08765636636041,-0.8220000000000001,11.411070681448681,6.7944293185513205,0.6570000000000004,11089.545000000002,17499116.566800006,8.073,8.25,8.721
2024-09-26,7.899,7.899,7.35,7.5,181433.3333,8.91135,9.064264973156666,-1.1564079444960775,33.71335492074189,-1.2420000000000009,11.072929663599716,6.749770336400284,0.6422142857142862,19995.735,17317683.233500008,7.899,8.394,8.742
2024-09-27,7.725,7.8,6.555,6.576,765985.6333,8.66265,8.827287356665554,-1.2167461506867685,16.33109614003598,-2.3820000000000006,10.686111263329016,6.639188736670983,0.6713571428571433,58141.740000000005,16551697.600200007,7.5,8.4,8.958
2024-09-30,6.18,7.014,5.913,6.69,101492.0333,8.434650000000001,8.623736179840263,-1.241059603962646,20.39682532128164,-1.4429999999999987,10.247218201252855,6.622081798747149,0.698571428571429,62986.19166499999,16653189.633500006,6.576,8.1,8.133
2024-10-01,6.69,6.981,6.06,6.2246,104701.6,8.250879999999999,8.395247019855475,-1.2830914023506486,19.091719426682857,-2.178400000000001,10.179463263593771,6.322296736406226,0.7217142857142861,67805.746665,16548488.033500006,6.69,8.073,8.403
2024-10-02,6.903,7.65,6.591,6.9,203778.7333,8.07538,8.252842541774001,-1.2475221116050168,30.374190158276804,-1.3499999999999996,9.80526477084557,6.345495229154428,0.746571428571429,77550.67332999999,16752266.766800007,6.2246,7.899,8.25
2024-10-03,6.96,6.96,6.213,6.45,68402.5667,7.966329999999999,8.081143252081239,-1.2413350933652865,24.547373478999944,-1.944,9.819332671734726,6.113327328265273,0.7722857142857146,79000.896665,16683864.200100007,6.9,7.5,8.394
2024-10-04,6.45,6.945,6.252,6.771,38145.8333,7.86988,7.956367704263978,-1.1967346079265395,34.60251413483877,-1.6290000000000004,9.762479430575288,5.977280569424712,0.7560000000000002,80310.841665,16722010.033400007,6.45,6.576,8.4
2024-10-07,6.675,6.711,6.306,6.6,25955.3333,7.7356300000000005,7.827189827667409,-1.1617942320644383,29.150284377606738,-1.5,9.586021095042849,5.885238904957152,0.7420714285714288,80906.83832999998,16696054.700100007,6.771,6.69,8.1
2024-10-08,6.489,6.744,6.21,6.372,19966.3667,7.607830000000002,7.688600320270512,-1.1393675075897391,28.65326898218929,-1.7010000000000005,9.464529560874265,5.751130439125739,0.7495714285714288,81623.31,16676088.333400007,6.6,6.2246,8.073
2024-10-09,6.372,6.495,6.048,6.288,23440.2667,7.48618,7.555209813578083,-1.1155133216609254,25.730616677369653,-1.6109999999999998,9.354568684453199,5.617791315546802,0.7309285714285717,82311.39167000001,16652648.066700008,6.372,6.9,7.899
2024-10-10,6.288,6.3201,5.988,6.126,25866.7,7.355379999999999,7.419094593237313,-1.0970348190476855,24.70410244151968,-1.3739999999999997,9.21986781012037,5.490892189879629,0.7113642857142859,83114.083335,16626781.366700009,6.288,6.45,7.5
2024-10-11,6.093,6.453,5.7,6.3,20289.9333,7.22248,7.312514155786141,-1.0561751965556736,29.399377309194463,-0.2759999999999998,8.981946614864931,5.463013385135069,0.7098642857142858,83617.351665,16647071.300000008,6.126,6.771,6.576
2024-10-14,6.3,6.435,6.063,6.324,10334.3,7.13203,7.218369950473175,-1.0102119573205677,29.96930678923215,-0.36600000000000055,8.880369286710625,5.383690713289376,0.6940071428571429,83492.44166499999,16657405.600000009,6.3,6.6,6.69
2024-10-15,6.3,6.555,6.15,6.426,56679.3333,7.03318,7.142906145666206,-0.9545517333351796,32.84736120455936,0.20140000000000047,8.700637308656695,5.365722691343304,0.6830785714285714,85879.659995,16714084.933300009,6.324,6.372,6.2246
2024-10-16,7.455,8.25,6.51,6.852,221024.9667,6.96328,7.115200798459901,-0.8660823073265478,42.50138849402439,-0.04800000000000004,8.530135449075592,5.396424550924408,0.76815,96305.89499500001,16935109.90000001,6.426,6.288,6.9
2024-10-17,6.9,7.047,6.18,6.339,69778.7,6.86053,7.041276912892291,-0.8278218475487007,46.969154264267196,-0.11099999999999977,8.296389217693255,5.424670782306744,0.7411500000000001,98926.824995,16865331.20000001,6.852,6.126,6.45
2024-10-18,6.3,6.45,6.078,6.327,31118.3,6.756880000000001,6.973250540235883,-0.7893691015967956,45.23346797802706,-0.44399999999999995,8.012843079570889,5.5009169204291135,0.6890785714285715,99961.664995,16834212.90000001,6.339,6.3,6.771
2024-10-21,6.465,7.098,6.306,6.93,100306.8667,6.69838,6.969131441165799,-0.702144082956262,58.93952430041229,0.33000000000000007,7.789049487484354,5.607710512515647,0.6798642857142857,104523.41333,16934519.76670001,6.327,6.324,6.6
2024-10-22,6.93,7.35,6.339,6.54,72781.1333,6.6217299999999994,6.92826178010239,-0.6569148622776888,45.081967040670065,0.16800000000000015,7.5005341278577875,5.742925872142211,0.6764357142857141,107869.96665999999,16861738.63340001,6.93,6.426,6.372
2024-10-23,6.3,6.75,6.27,6.45,40600.2333,6.54928,6.882713039140257,-0.6211721410931688,49.99999978787879,0.16199999999999992,7.191890103924755,5.906669896075246,0.6573642857142856,109104.108325,16821138.40010001,6.54,6.852,6.288
2024-10-24,6.3,6.594,6.144,6.447,25930.8,6.496630000000001,6.841216559222137,-0.5863290160500867,44.56740421732272,0.32099999999999973,6.958355373358463,6.034904626641538,0.6400071428571428,101328.98166,16795207.60010001,6.45,6.339,6.126
2024-10-25,6.3,6.714,6.3,6.69,16570.3333,6.502330000000001,6.826814982153362,-0.532963843825156,51.47347717071754,0.39000000000000057,6.970944212762497,6.0337157872375045,0.64065,63858.21665999999,16811777.93340001,6.447,6.327,6.3
2024-10-28,6.6,10.02,6.45,9.354,325981.5333,6.63553,7.067499269567327,-0.27256704115811203,77.15846974859407,3.0299999999999994,7.995487703824836,5.275572296175164,0.8575071428571428,75082.69165999998,17137759.46670001,6.69,6.93,6.324
2024-10-29,7.95,8.16,7.233,7.776,122302.7667,6.7131,7.134975529608535,-0.19132661694551079,60.652920840615565,1.3499999999999996,8.149214626704515,5.276985373295486,0.891792857142857,75962.74999499999,17015456.70000001,9.354,6.54,6.426
2024-10-30,7.65,8.031,7.38,7.581,63688.3667,6.74715,7.177454050598198,-0.14105190718394578,60.36767837464052,0.7290000000000001,8.23334263112967,5.260957368870331,0.9145714285714286,68958.231665,16951768.33330001,7.776,6.45,6.852
2024-10-31,7.581,9.105,7.503,8.4,144717.2667,6.84465,7.293886998160274,-0.03472212709016986,63.703993618917266,2.061,8.49549607015629,5.193803929843709,0.9752142857142857,72773.966665,17096485.60000001,7.581,6.447,6.339
2024-11-01,8.601,8.697,7.503,7.8,96090.4333,6.8961,7.342088236430724,0.0011171265688467713,58.95848496899505,1.4729999999999999,8.600550385247846,5.191649614752153,1.0339285714285713,75671.196665,17000395.16670001,8.4,6.69,6.327
2024-11-04,7.8,8.823,7.5,8.367,86137.3667,6.98445,7.439698880580179,0.07441435235176463,61.15132703020585,1.4370000000000012,8.803601042594197,5.165298957405803,1.0995000000000001,78680.29833499998,17086532.53340001,7.8,9.354,6.93
2024-11-05,8.367,8.853,7.923,8.505,68775.4667,7.0911,7.5411561300487335,0.14200147394965512,59.82174678104522,1.9650000000000007,9.006616574543413,5.175583425456587,1.041642857142857,81120.75333499999,17155308.00010001,8.367,7.776,6.54
2024-11-06,8.7,15.591,8.553,10.764,1709563.0667,7.3149,7.848093641472664,0.37354122478472895,71.77443155153607,4.313999999999999,9.797352683597001,4.832447316402998,1.4824285714285712,165426.893335,18864871.06680001,8.505,7.581,6.45
2024-11-07,11.1,13.8,9.915,12.756,319447.1333,7.6464,8.315513294665744,0.7095961153262778,76.47640218510259,6.309,11.057417900242054,4.2353820997579446,1.733357142857143,180105.91499999998,19184318.20010001,10.764,8.4,6.447
2024-11-08,12.36,12.69,11.385,11.796,82336.9667,7.921199999999999,8.646988218983292,0.8882192219866596,69.4671146605425,5.105999999999999,11.73702690769065,4.105373092309348,1.77,183208.26667,19101981.23340001,12.756,7.8,6.69
2024-11-11,12.402,12.594,12.0,12.168,42246.6,8.2134,8.982322674318217,1.0477191577233675,72.54807684169286,2.814,12.392021953654258,4.034778046345742,1.7402142857142857,184803.88167,19144227.83340001,11.796,8.367,9.354
2024-11-12,12.15,12.51,9.75,10.8,93200.2,8.4321,9.155434800573625,1.0516154702502032,65.80898379696717,3.024000000000001,12.674202105521111,4.189997894478889,1.9030714285714285,186629.925005,19051027.63340001,12.168,8.505,7.776
2024-11-13,10.2,11.067,8.775,9.234,85528.7667,8.5512,9.162917200518994,0.9177608379542335,59.09535925674987,1.6529999999999996,12.739929871551109,4.362470128448891,2.034642857142857,179855.115005,18965498.866700012,10.8,10.764,7.581
2024-11-14,9.003,9.45,7.689,7.956,81784.2,8.63205,9.047972705231471,0.7004814441279432,53.8701393522755,-0.44399999999999995,12.701722816279144,4.562377183720854,2.130857142857143,180455.390005,18883714.666700013,9.234,12.756,8.4
2024-11-15,8.1,8.415,6.459,7.65,73287.7,8.6982,8.91483244759038,0.49785534988663294,43.91341615839493,-0.14999999999999947,12.651460485111043,4.744939514888957,2.0155714285714286,182563.860005,18810426.966700014,7.956,11.796,7.8
2024-11-18,7.65,9.6,7.263,7.986,99030.1333,8.751000000000001,8.826372214486534,0.360232565510719,50.82314199502007,-0.3810000000000011,12.632378376974561,4.869621623025441,2.116285714285714,182500.023335,18909457.100000013,7.65,12.168,8.367
2024-11-19,7.86,8.82,7.515,7.797,41053.9667,8.813849999999999,8.728336765487818,0.2332263091990452,50.84705876769734,-0.7080000000000011,12.583585675500395,5.044114324499603,2.163,180913.66500500002,18868403.133300014,7.986,10.8,8.505
2024-11-20,7.527,7.995,7.02,7.326,39951.8667,8.85765,8.594780883060407,0.09348948377894395,45.67005316566837,-3.4379999999999997,12.53086315099112,5.184436849008879,2.1182142857142856,180881.246675,18828451.266600013,7.797,9.234,10.764
2024-11-21,7.2,8.01,6.903,7.422,35914.2333,8.9064,8.483087465626083,-0.009398222561943115,48.41149767374676,-5.3340000000000005,12.469121514440364,5.343678485559636,2.1119999999999997,181380.41834,18864365.499900013,7.326,7.956,12.756
2024-11-22,7.2,8.085,7.2,7.962,18134.0667,8.97,8.433460087947408,-0.046824223569188916,48.294162187168865,-3.8339999999999996,12.409407537717636,5.530592462282366,2.0807142857142855,181458.60501,18882499.566600014,7.422,7.65,11.796
2024-11-25,7.98,8.697,7.95,8.058,45108.7,8.905199999999999,8.397701984333368,-0.06795485998720352,48.11057564683844,-4.109999999999999,12.362931145370727,5.447468854629271,2.067642857142857,167414.963345,18927608.266600013,7.962,7.986,12.168
2024-11-26,8.76,10.41,8.4,9.33,274071.9,8.9829,8.486492271539714,0.01773429791848713,43.386828942315475,-1.4700000000000006,12.403431316066715,5.562368683933285,1.7084999999999997,175003.42001,19201680.16660001,8.058,7.797,10.8
2024-11-27,9.126,9.183,8.349,9.033,47123.9333,9.055499999999999,8.53854062663117,0.060975270090599665,29.64906522192119,-0.2010000000000005,12.41178036592884,5.699219634071158,1.4905714285714284,174175.19834,19154556.23330001,9.33,7.326,9.234
2024-11-29,9.0,9.138,8.52,9.117,35551.4,9.09135,8.59363199552344,0.10085950446940828,33.80486029823868,1.1610000000000005,12.433436727587937,5.749263272412064,1.4414999999999998,168716.905005,19190107.63330001,9.033,7.422,7.956
2024-12-02,9.57,9.81,8.733,8.958,54065.7333,9.14925,8.628333710235493,0.11827467950161363,30.081906127929187,1.3079999999999998,12.43681770592413,5.861682294075871,1.4759999999999998,166615.67000500002,19136041.90000001,9.117,7.962,7.65
2024-12-03,9.3,9.72,8.925,9.015,50267.7333,9.181650000000001,8.665159071165446,0.13511819635587763,36.77189854530806,1.0290000000000008,12.449470601592619,5.913829398407382,1.335642857142857,164822.188335,19186309.63330001,8.958,8.058,7.986
2024-12-04,9.0,9.3,8.31,8.928,221154.8667,9.2028,8.69019154057826,0.13983470447412216,47.095671856617436,1.1310000000000011,12.457630618922797,5.947969381077202,1.242642857142857,172441.158335,18965154.76660001,9.015,9.33,7.797
2024-12-05,9.513,14.85,8.982,13.932,1969843.5,9.3612,9.18941139385652,0.541115903660387,83.22214796918945,6.606000000000001,13.193124271307472,5.529275728692529,1.536,185455.18,20934998.26660001,8.928,9.033,7.326
2024-12-06,15.9,20.787,14.55,16.5,1579503.9333,9.5484,9.885657927774947,1.0541981434366363,89.31236662665484,9.078,14.327394142129599,4.769405857870402,1.8417857142857144,248458.02000000002,22514502.19990001,13.932,9.117,7.422
2024-12-09,16.5,23.7,16.344,23.4,467420.4,10.1286,11.172738125129714,1.9945993496031154,93.24915817589853,15.437999999999999,17.92288542080898,2.334314579191018,2.200285714285714,267712.191665,22981922.599900007,16.5,8.958,7.962
2024-12-10,23.424,35.1,23.424,32.4,797170.1,11.1402,13.194382113212598,3.4265991624151315,96.19240729425505,24.342,23.788945468892365,-1.5085454688923647,2.9410714285714286,305458.366665,23779092.69990001,23.4,9.015,8.058
2024-12-11,33.3,49.2,33.0,45.6,583013.8667,12.880199999999999,16.28063143576378,5.562478227580851,98.62042679418988,36.27,32.810426709038396,-7.050026709038402,4.028571428571429,329949.05,24362106.56660001,32.4,8.928,9.33
2024-12-12,51.0,53.1,29.7,36.0,679572.4333,14.2185,18.15866653711961,6.4066857204884045,79.24238701069513,26.967,36.56588010783802,-8.128880107838016,5.620928571428572,359651.23333,23682534.13330001,45.6,13.932,9.033
2024-12-13,35.1,42.6,31.8,37.8,277455.3,15.7107,20.0292697240606,7.138680927518493,79.7641847993636,28.682999999999996,40.181996432651886,-8.760596432651884,6.329142857142857,369434.78833,23959989.43330001,36.0,16.5,9.117
2024-12-16,42.0,42.3,32.7,33.6,380730.8333,17.0082,21.32172022653102,7.295786221601997,73.55056426514517,24.642000000000003,42.41392957839453,-8.39752957839453,6.9615,384806.94499499997,23579258.600000013,37.8,23.4,8.958
2024-12-17,32.7,33.0,23.463,25.5,395704.2,17.8839,21.719651633528066,6.6895777058947665,63.24194180939814,16.485,43.187389535926094,-7.419589535926093,7.499142857142857,399640.64833,23183554.400000013,33.6,32.4,9.015
2024-12-18,23.43,34.5,23.28,27.0,282914.0667,18.84405,22.22254195414444,6.258051629988483,64.42923913165953,18.072,43.99281259360406,-6.304712593604055,8.241,411733.65333,23466468.466700014,25.5,45.6,8.928
2024-12-19,28.5,39.3,28.5,30.6,350704.6667,20.007749999999998,23.020395101368777,6.135824059064653,66.33067273388629,16.668,45.0661624575904,-5.0506624575904056,8.968285714285715,427271.29332999996,23817173.133400016,27.0,36.0,13.932
2024-12-20,31.8,34.2,28.8,29.214,120361.1,21.09735,23.61026223457175,5.859573693707716,65.11596667395565,12.713999999999999,45.74325726587033,-3.5485572658703326,9.277071428571428,431493.636665,23696812.033400014,30.6,37.8,16.5
2024-12-23,28.881,31.8,28.881,30.9,86004.0333,22.24425,24.304522974136344,5.710858180180583,65.94396117026976,7.5,46.44731841682392,-1.9588184168239131,9.428785714285715,434887.134995,23782816.066700015,29.214,33.6,23.4
2024-12-24,30.6,31.5,28.551,30.3,44848.0333,23.35635,24.87552078612336,5.4813989239393415,65.4547032147928,-2.099999999999998,46.8483668502988,-0.13566685029880077,9.568714285714284,434874.10166,23737968.033400014,30.9,25.5,32.4
2024-12-26,30.0,30.3,25.2,29.409,71464.3,24.3603,25.307280711254467,5.168080145699786,61.899709356051794,-16.191000000000003,47.03021203381783,1.6903879661821648,9.513857142857145,424743.72166,23666503.733400013,30.3,27.0,45.6
2024-12-27,30.0,30.0,27.009,27.75,47639.2,25.296149999999997,25.539920643515945,4.731365089863164,58.77234021361136,-8.25,46.8181875016177,3.7741124983822907,9.282,424769.48499499995,23618864.533400014,29.409,30.6,36.0
2024-12-30,26.307,27.6,24.306,24.723,72724.6333,26.07645,25.46211867746681,4.093820643383161,51.09794352245894,-13.076999999999998,46.215844288439996,5.937055711560003,8.991857142857143,426628.14665999997,23546139.900100015,27.75,29.214,37.8
2024-12-31,26.4,29.997,23.1,27.51,113375.8,27.00405,25.65715499389854,3.769991568296067,45.475238717953715,-6.09,45.462436260935206,8.545663739064796,8.6505,429593.649995,23659515.700100016,24.723,30.9,33.6
2025-01-02,29.694,29.694,24.756,26.22,45993.4667,27.864299999999997,25.71075928019392,3.3704104801988564,26.997578683521667,0.7199999999999989,44.283738571079724,11.444861428920273,7.846071428571428,429379.93666500004,23613522.233400017,27.51,30.3,25.5
2025-01-03,25.8,28.845,25.74,28.68,42189.7,28.851899999999993,25.99354411065164,3.215178454137444,39.538672596080104,1.6799999999999997,42.641027355312936,15.062772644687051,6.3964285714285705,420431.67833,23655711.933400016,26.22,29.409,27.0
2025-01-06,28.68,30.6,27.564,28.038,58700.8333,29.5572,26.188254195351483,3.0057040353812248,35.571124497516976,-2.562000000000001,41.44505504268019,17.669344957319815,5.841857142857142,324874.544995,23597011.100100018,28.68,27.75,30.6
2025-01-07,27.63,28.11,24.606,25.911,48012.1333,30.027750000000005,26.161849033889435,2.637657649912665,37.8932451415366,-3.3029999999999973,40.386079165712516,19.669420834287493,5.406428571428571,248299.95499499998,23548998.96680002,28.038,24.723,29.214
2025-01-08,25.05,25.8,21.768,21.906,53591.1333,29.953049999999998,25.756530078280917,1.9997562635779964,43.50325377407645,-8.994,40.53183035901104,19.374269640988953,5.013214285714286,227608.49166,23495407.83350002,25.911,27.51,30.9
2025-01-10,21.537,22.797,19.245,20.13,46587.4,29.339549999999996,25.22067007082559,1.3355115162950035,37.70403778179208,-10.170000000000002,40.714059108666845,17.965040891333146,4.4655000000000005,190079.35666,23448820.43350002,21.906,26.22,30.3
2025-01-13,20.1,20.427,14.559,18.84,82042.4667,28.001549999999998,24.61298720693744,0.6969663551326271,27.054553953845158,-10.568999999999999,37.45599322110189,18.5471067788981,4.113214285714286,165030.78666,23366777.966800023,20.13,28.68,29.409
2025-01-14,17.73,18.3,16.5,17.118,25236.9667,27.057449999999996,23.899178901514826,0.051371526813049684,26.704414129348223,-10.632000000000001,36.911498817350335,17.203401182649653,3.8560714285714286,132314.01333000002,23341541.000100024,18.84,28.038,27.75
2025-01-15,17.169,18.6,17.118,17.7,29747.8333,26.05245,23.308780910894367,-0.4085944671901949,23.44919139398631,-7.023,35.37920620205752,16.725693797942487,3.753428571428572,119928.63999500002,23371288.833400022,17.118,25.911,24.723
2025-01-16,17.7,18.417,16.74,17.07,16040.3333,25.225949999999997,22.714611300332997,-0.8145667477660545,23.420925734173395,-10.440000000000001,34.66552696364716,15.786373036352837,3.662571428571429,101694.11499500001,23355248.500100024,17.7,21.906,27.51
2025-01-17,16.8,17.823,15.888,15.888,20438.3667,24.745350000000002,22.064457843158426,-1.2176439847099019,23.150244238289716,-10.331999999999999,35.0640029368695,14.426697063130508,3.4365,82930.82333,23334810.133400023,17.07,20.13,26.22
2025-01-21,15.3,19.842,15.3,18.24,424869.1667,24.307350000000003,21.700223762857622,-1.3319450223758018,31.621057496803687,-10.440000000000001,34.961270400737455,13.653429599262553,3.5472857142857146,90028.57833,23759679.300100025,15.888,18.84,28.68
2025-01-22,20.352,21.15,16.305,18.807,1177398.2,23.7177,21.424678642585466,-1.3610874875285717,37.36545359118759,-9.231000000000002,34.209363439431435,13.226036560568568,3.658071428571429,131363.254995,24937077.500100024,18.24,17.118,28.038
2025-01-23,18.3,18.3,14.4,15.0,147534.6667,23.006999999999998,20.812804486148753,-1.67210124241997,24.398330044958385,-10.911000000000001,33.850803450042065,12.163196549957933,3.444,132721.93333,24789542.833400022,18.807,17.7,25.911
2025-01-24,14.1,14.19,12.084,13.782,124800.7667,22.151100000000003,20.14320405889649,-1.9938800960537222,24.47044333569022,-8.123999999999999,33.07372960241558,11.228470397584424,3.2417142857142855,134661.77000000002,24664742.066700023,15.0,17.07,21.906
2025-01-27,13.5,14.85,12.903,13.17,63608.0333,21.2946,19.479089386620632,-2.2720842680339643,15.551705747258183,-6.959999999999999,32.213217309800754,10.37598269019924,3.159,135599.77,24601134.03340002,13.782,15.888,20.13
2025-01-28,13.209,16.17,12.9,14.4,114874.9,20.544150000000002,18.995366587894857,-2.3660381433115596,20.480519468107047,-4.4399999999999995,31.17385501694917,9.914444983050833,3.1757142857142857,137770.3,24716008.93340002,13.17,18.24,18.84
2025-01-29,14.031,14.031,13.05,13.5,39139.8,19.831650000000003,18.47199834142868,-2.484480203505548,21.629406103286613,-3.6179999999999986,30.337268913103323,9.326031086896682,2.9955,137345.33000000002,24676869.13340002,14.4,18.807,17.118
2025-01-30,13.827,14.097,13.203,13.497,30839.7667,19.27035,17.99818897557833,-2.549202840939518,26.47305688710074,-4.202999999999999,29.8747132385317,8.6659867614683,2.7713571428571435,135251.08667000002,24646029.36670002,13.5,15.0,17.7
2025-01-31,13.5,13.794,12.9,13.176,22820.0,18.55365,17.53893288266611,-2.5964675529924577,28.819444419866457,-3.894,28.74265915124705,8.364640848752952,2.5815000000000006,130723.29667000003,24623209.36670002,13.497,13.782,17.07
2025-02-03,12.603,13.5,12.54,13.17,19084.7667,17.901149999999998,17.12284403669791,-2.60438756895425,31.264869122541086,-2.718,27.686436490170962,8.115863509829035,2.2309285714285716,129377.86166999998,24604124.60000002,13.176,13.17,15.888
2025-02-04,14.1,14.85,12.906,13.998,148501.9,17.167049999999996,16.82523984272668,-2.5148617971983427,39.04340493421776,-4.241999999999999,25.66589347488008,8.668206525119915,2.2412142857142863,134693.47167000003,24752626.50000002,13.17,14.4,18.24
2025-02-05,14.085,14.097,12.6,12.825,53751.3667,16.406399999999998,16.444264619609854,-2.509633778902989,33.56261376560276,-5.981999999999999,23.39809722336023,9.414702776639764,2.2422857142857144,134445.99834,24698875.133300018,13.998,13.5,18.807
2025-02-06,12.789,13.8,12.363,13.614,35061.7667,15.791549999999997,16.17471560821844,-2.4139977670886488,38.47077658536224,-1.3859999999999992,21.26103393505042,10.322066064949572,2.225142857142857,133798.48001,24733936.900000017,12.825,13.497,15.0
2025-02-07,13.8,18.72,13.791,16.752,295853.1,15.533850000000001,16.229695074102395,-2.061234535415453,52.54957502740238,2.969999999999999,20.219892849725007,10.847807150274994,2.439,145911.578345,25029790.00000002,13.614,13.176,13.782
2025-02-10,16.5,17.097,14.454,16.38,96517.5333,15.346350000000001,16.244009828949785,-1.791038447518611,43.78508416112062,3.209999999999999,19.531373135191778,11.161326864808224,2.3033571428571427,148408.08500999998,24933272.466700017,16.752,13.17,13.17
2025-02-11,16.413,16.413,15.114,16.038,36460.9333,15.20625,16.22438984524028,-1.5862177125849755,40.606554001730665,1.638,19.074439233653592,11.338060766346409,2.0500714285714285,146129.00834,24896811.533400018,16.38,13.998,14.4
2025-02-12,16.059,16.56,15.351,15.996,44545.1333,15.15015,16.202638431407873,-1.41101949903201,54.53799883692984,2.4960000000000004,18.933206145497333,11.367093854502667,1.8578571428571427,147094.41667,24852266.40010002,16.038,12.825,13.5
2025-02-13,16.5,20.55,16.191,20.319,169206.3667,15.2811,16.594672866511885,-0.9128212462593979,73.21542715924312,6.821999999999999,19.58169990429559,10.980500095704409,2.018785714285714,154067.34334,25021472.76680002,15.996,13.614,13.497
2025-02-14,20.25,20.397,18.0,20.079,74821.1333,15.431550000000001,16.926513545891705,-0.5312377576625131,75.20245122544435,6.9030000000000005,20.182593873107855,10.680506126892146,2.0509285714285714,157006.38334,24946651.63350002,20.319,16.752,13.176
2025-02-18,19.8,20.34,16.8,18.252,67897.7333,15.549749999999998,17.052750351044875,-0.3719659331759182,63.46476503855517,5.081999999999999,20.463450540324487,10.636049459675508,2.0702142857142856,159379.35167,24878753.90020002,20.079,16.38,13.17
2025-02-19,18.528,18.612,16.83,17.55,43141.3333,15.51525,17.10010746046917,-0.2989413876872611,64.35559330065374,3.5520000000000014,20.358604682338736,10.671895317661264,2.1274285714285712,140292.96,24835612.566900022,18.252,16.038,13.998
2025-02-20,17.4,17.55,14.049,14.13,108203.9333,15.2814,16.817240083281632,-0.5111421980572537,51.806197527518876,1.3050000000000015,19.90207401781737,10.66072598218263,2.313642857142857,86833.24666500001,24727408.633600023,17.55,15.996,12.825
2025-02-21,14.7,17.1,14.133,15.135,84441.2,15.288150000000002,16.657026742016715,-0.5914004717310952,55.379798935831424,1.520999999999999,19.907487399509964,10.668812600490039,2.4617142857142857,83678.57333000001,24811849.833600022,14.13,20.319,13.614
2025-02-24,15.0,15.897,14.1,15.0,43888.3,15.34905,16.499214671348454,-0.6583105098319031,54.990183204086904,-1.751999999999999,19.916605765797435,10.781494234202567,2.5215,79632.949995,24767961.53360002,15.135,20.079,16.752
2025-02-25,15.57,15.726,13.506,14.631,39561.2333,15.4221,16.321289464553363,-0.7326666877190657,51.770431239873254,-1.7489999999999988,19.888531468537614,10.955668531462386,2.5412142857142856,78430.609995,24728400.30030002,15.0,18.252,16.38
2025-02-26,14.4,16.005,14.25,14.826,26884.1333,15.4434,16.178880944119708,-0.7670179189671948,55.92046862045764,-1.2119999999999997,19.893340763649014,10.993459236350986,2.559642857142857,74031.07166000002,24755284.43360002,14.631,17.55,16.038
2025-02-27,14.826,15.6,13.53,13.575,47158.1,15.447149999999999,15.930892282774973,-0.8849852036320538,49.88767924091771,-2.421000000000001,19.890316356740357,11.003983643259641,2.604857142857143,74431.98666000002,24708126.33360002,14.826,14.13,15.996
2025-02-28,13.515,14.346,12.765,13.479,39607.4,15.446250000000001,15.6973787320345,-0.974982532601592,38.571129231091845,-6.84,19.8910865726852,11.001413427314802,2.365714285714286,74870.36832500002,24668518.93360002,13.575,15.135,20.319
2025-03-03,13.2,13.95,11.7,12.636,31759.6667,15.41925,15.405818852793118,-1.101630211622151,37.342799153292816,-7.443000000000001,19.928249369680003,10.910250630319998,2.3376428571428574,75317.35166000001,24636759.266900018,13.479,15.0,20.079
2025-03-04,12.3,13.032,11.754,12.57,28758.4,15.38925,15.13574086681282,-1.1935663679872945,38.05291439074406,-5.681999999999999,19.968693950385465,10.809806049614537,2.3361428571428573,75801.03332500001,24608000.86690002,12.636,14.631,18.252
2025-03-05,12.45,14.826,12.3966,13.89,47277.0333,15.38385,15.017098879497315,-1.146695078894604,43.33206683088596,-3.66,19.970450588440194,10.79724941155981,2.4233142857142864,70739.78999000002,24655277.90020002,12.57,14.826,17.55
2025-03-06,14.049,15.6,13.575,13.722,44635.4667,15.428699999999997,14.893756129068999,-1.1103065181650642,21.655065712540093,-0.40800000000000125,19.92663169309791,10.930768306902085,2.2566,70283.99499,24610642.43350002,13.89,13.575,14.13
2025-03-07,13.5,14.616,12.729,13.569,30416.3,15.426449999999999,14.767588878681476,-1.0813490245089845,21.81818179173554,-1.565999999999999,19.928247230578954,10.924652769421046,2.220171428571429,70051.721655,24580226.13350002,13.722,13.479,15.135
2025-03-10,13.161,13.485,12.3,12.3,34294.9667,15.20385,14.532580414045144,-1.14756923290369,22.92576416294027,-2.6999999999999993,19.867052842184066,10.54064715781593,2.0519571428571433,56973.814990000006,24545931.166800022,13.569,12.636,15.0
2025-03-11,12.0,12.9847,11.6415,12.06,24111.7333,14.98785,14.297096565088465,-1.20551874964708,23.931623899806013,-2.5709999999999997,19.818852566754142,10.156847433245858,2.020614285714286,53353.52499000002,24521819.43350002,12.3,12.57,14.631
2025-03-12,12.6,12.6,11.76,12.18,19865.4667,14.79495,14.095468320794325,-1.2276100376979162,36.5145227508709,-2.646000000000001,19.755749616146982,9.834150383853018,1.8305428571428575,52523.75166000001,24541684.90020002,12.06,13.89,14.826
2025-03-13,12.201,12.786,11.742,12.06,10160.0,14.59815,13.90161419500439,-1.240500818504719,25.768321456145543,-1.5149999999999988,19.669392068347214,9.526907931652786,1.6931857142857143,50804.49499500001,24531524.90020002,12.18,13.722,13.575
2025-03-14,12.033,13.314,12.012,12.729,19276.3333,14.21865,13.78993665262302,-1.1830961502649835,33.493240228389965,-0.75,18.57255444374336,9.86474555625664,1.657828571428571,43307.99332500001,24550801.23350002,12.06,13.569,13.479
2025-03-17,12.54,14.1,12.3,13.884,32128.0333,13.9089,13.798895066658922,-1.0325016534929414,45.12720148313362,1.248000000000001,17.27725695695374,10.54054304304626,1.6278285714285712,41173.33832500001,24582929.26680002,12.729,12.3,12.636
2025-03-18,13.881,14.133,12.495,13.11,18362.0667,13.6518,13.733286012691405,-0.9644917012813057,39.592430791570344,0.5399999999999991,16.34081865096695,10.962781349033053,1.6194714285714282,38696.55499500001,24564567.20010002,13.884,12.06,12.57
2025-03-19,13.32,14.193,12.765,13.89,13165.8,13.468800000000002,13.748211154339842,-0.8379939700467638,52.02624459946386,0.0,15.444302451739057,11.493297548260946,1.5736142857142854,37197.778330000016,24577733.00010002,13.11,12.18,13.89
2025-03-20,13.95,14.1,13.065,13.2,10614.5333,13.422299999999998,13.696000568212238,-0.7843790071701644,48.3327356667075,-0.5220000000000002,15.375931986026798,11.468668013973199,1.5346142857142855,32318.30833000001,24567118.46680002,13.89,12.06,13.722
2025-03-21,13.44,13.5,12.177,13.5,22845.2,13.340549999999999,13.67733384743012,-0.7095025660882666,55.5214722932898,-0.06900000000000084,15.121635118680434,11.559464881319563,1.4683999999999997,29238.50833000001,24589963.66680002,13.2,12.729,13.569
2025-03-24,13.5,14.1,12.639,12.963,28131.6667,13.2387,13.609302052436774,-0.6855907952567151,52.36889683747262,0.6629999999999985,14.844581046910696,11.632818953089304,1.481471428571428,28450.676665000014,24561832.000100017,13.5,13.884,12.3
2025-03-25,12.6,13.467,12.51,12.993,19147.9,13.1568,13.550606618871367,-0.6566503389612617,43.59743031971962,0.9329999999999998,14.624865192868215,11.688734807131786,1.3762999999999994,27430.01000000001,24580979.900100015,12.963,13.11,12.06
2025-03-26,12.993,13.77,12.672,12.828,15703.1333,13.056900000000002,13.481786940883618,-0.6396553907074303,43.61610959574043,0.6479999999999997,14.301640835416467,11.812159164583537,1.3100857142857139,26870.96000000001,24565276.766800016,12.993,13.89,12.18
2025-03-27,13.26,13.26,12.0,12.396,26791.5667,12.99795,13.378378660799465,-0.65351227864865,41.944787723221125,0.3360000000000003,14.251023102410569,11.74487689758943,1.2652999999999996,25852.633335000013,24538485.200100016,12.828,13.2,12.06
2025-03-28,12.207,12.21,10.5,11.394,50530.8667,12.8937,13.189390216913802,-0.7368530053416418,43.541488364758926,-1.334999999999999,14.314025996673632,11.47337400332637,1.3027999999999997,26398.80667000001,24487954.333400015,12.396,13.5,12.729
2025-03-31,10.8,11.037,9.0,9.9,65965.8667,12.7569,12.876114958160107,-0.9129307484163007,36.937590648630106,-3.984,14.709164207741084,10.804635792258916,1.3523571428571428,28109.11667000001,24421988.466700014,11.394,12.963,13.884
2025-04-01,10.566,11.928,9.9,10.8,30840.3667,12.6684,12.678389724049621,-0.9686847551167759,42.37400523947436,-2.3099999999999987,14.807840399038366,10.528959600961635,1.4372142857142856,28213.215005000013,24452828.833400015,9.9,12.993,13.11
2025-04-02,10.53,10.968,9.828,10.347,25902.5,12.491249999999999,12.456352607473466,-1.0374642788266435,40.86984323929455,-3.543000000000001,14.785897031677155,10.196602968322843,1.4440714285714285,27144.48834000001,24426926.333400015,10.8,12.828,13.89
2025-04-03,10.038,10.2,9.39,9.888,23598.9667,12.29955,12.211747597237897,-1.1161437999232433,34.51095840331989,-3.3119999999999994,14.793241448854493,9.805858551145507,1.4089285714285713,26092.66334000001,24403327.366700016,10.347,12.396,13.2
2025-04-04,9.6,10.56,8.4,9.165,45140.4667,12.07935,11.921581159405717,-1.2227429255696034,23.00034325185895,-4.335000000000001,14.862078708146488,9.296621291853512,1.434642857142857,26828.87167500001,24358186.900000017,9.888,11.394,13.5
2025-04-07,8.4,10.344,8.4,9.816,23792.9667,11.95515,11.721049620414696,-1.2403947428074105,30.884401064022583,-3.1469999999999985,14.91265800327884,8.997641996721159,1.4565000000000001,26303.771675000007,24381979.866700016,9.165,9.9,12.963
2025-04-08,9.75,10.461,8.886,9.489,23086.6667,11.8266,11.508473466089487,-1.2661744316084569,23.04299885794417,-3.5039999999999996,14.981811388361775,8.671388611638223,1.4670000000000003,26252.51834500001,24358893.200000014,9.816,10.8,12.993
2025-04-09,9.315,10.758,9.312,10.464,26767.0333,11.7408,11.408999802652394,-1.1941650774598944,33.80681812579364,-2.363999999999999,14.948439210579618,8.533160789420382,1.496357142857143,26597.596675000008,24385660.233300015,9.489,10.347,12.828
2025-04-10,10.65,11.064,9.6,10.356,15808.7,11.655600000000002,11.30871410716169,-1.1327541580846958,30.959302273082585,-2.040000000000001,14.9176016715581,8.393598328441904,1.5064285714285717,26880.031675000013,24369851.533300016,10.464,9.888,12.396
2025-04-11,10.59,12.369,10.077,12.15,23878.4667,11.62665,11.38883657314629,-0.928620199507721,45.72689996424087,0.7560000000000002,14.858680241844155,8.394619758155844,1.5657857142857146,27110.138345000007,24393730.000000015,10.356,9.165,11.394
2025-04-14,12.018,12.3,10.83,11.655,15133.8667,11.5152,11.414185470941883,-0.7975907994886366,43.29524948826082,1.754999999999999,14.568251801926689,8.462148198073312,1.6024285714285713,26260.430015000013,24378596.133300014,12.15,9.816,9.9
2025-04-15,11.304,12.3,10.809,11.964,14647.3667,11.457899999999999,11.466548759423608,-0.6611935111604215,45.732068697861195,1.1639999999999997,14.426781192777295,8.489018807222703,1.6305,26074.695015000012,24393243.500000015,11.655,9.489,10.8
2025-04-16,12.837,12.837,10.809,11.223,20036.3333,11.32455,11.443353639478502,-0.6059056811464583,44.377336725023234,0.8760000000000012,14.064205642975935,8.584894357024066,1.6853571428571432,26418.22168000001,24373207.166700017,11.964,10.464,10.347
2025-04-17,11.4,11.7,10.863,11.697,7819.5333,11.2494,11.467510435718644,-0.5178721313503765,51.52983936974474,1.8089999999999993,13.851447485303463,8.647352514696536,1.623,26278.47168000001,24381026.700000018,11.223,10.356,9.888
2025-04-21,11.49,11.871,10.95,11.1,8589.5333,11.1294,11.432509441840677,-0.49062223186512277,56.66222509512867,1.9350000000000005,13.506027987182318,8.752772012817683,1.5432857142857146,25565.68834500001,24372437.166700017,11.697,12.15,9.165
2025-04-22,11.61,12.573,11.127,12.42,20317.1,11.10225,11.526556161665376,-0.35838231367165996,58.59325261825742,2.603999999999999,13.401839425593266,8.802660574406733,1.5017142857142858,25174.96001000001,24392754.26670002,11.1,11.655,9.816
2025-04-23,13.2,14.094,12.573,13.719,26301.6,11.13855,11.735360336744863,-0.14706747960359934,66.41355131135225,4.229999999999999,13.5822151054007,8.694884894599301,1.5289285714285714,25532.64501000001,24419055.86670002,12.42,11.964,9.489
2025-04-24,14.094,17.388,13.803,15.597,81182.9333,11.277,12.103135542769161,0.16998052406343866,74.41621751417098,5.132999999999999,14.355098798042539,8.19890120195746,1.7271428571428573,28806.63501000001,24500238.80000002,13.719,11.223,10.464
2025-04-25,16.5,16.791,13.725,14.52,51537.5667,11.3832,12.333313110124479,0.3305283272320487,72.2291406383389,4.164,14.756285646545606,8.010114353454394,1.7918571428571433,30043.93501000001,24448701.23330002,15.597,11.697,10.356
2025-04-28,15.0,15.0,12.057,13.521,33996.4667,11.48955,12.446426147255481,0.3728546308287424,64.94795441706839,1.3710000000000004,14.995574077436375,7.983525922563624,1.863214285714286,29217.215010000007,24414704.76660002,14.52,11.1,12.15
2025-04-29,13.074,13.95,12.72,13.668,15926.6667,11.67795,12.562766514183531,0.4134937048053118,67.10881839519172,2.013,15.228993047655218,8.12690695234478,1.8385714285714287,26715.25501000001,24430631.433300022,13.521,12.42,11.655
2025-04-30,13.296,13.623,12.393,12.744,18220.0,11.77515,12.580026846166051,0.36691185444729335,59.37345824443114,0.7799999999999994,15.331427372105992,8.218872627894008,1.8231428571428572,26084.236675000015,24412411.433300022,13.668,13.719,11.964
2025-05-01,12.744,13.05,11.658,11.907,25745.1,11.853150000000001,12.515929051293094,0.25946554029844826,56.015824933347176,0.6839999999999993,15.34539278862761,8.360907211372393,1.8180000000000003,26076.366675000012,24386666.33330002,12.744,15.597,11.223
2025-05-02,12.51,13.23,11.61,12.822,20621.3333,11.99985,12.545078665455657,0.24531853587643937,52.79720273566758,1.125,15.389502879291621,8.61019712070838,1.77,25927.485005000013,24407287.66660002,11.907,14.52,11.697
2025-05-05,12.9,14.46,12.5505,14.112,21827.4333,12.2472,12.694309268745595,0.33434503057855025,59.59241033541863,3.0120000000000005,15.484400193797349,9.00999980620265,1.8013928571428575,24761.833335000014,24429115.09990002,12.822,13.521,11.1
2025-05-06,14.1,14.265,12.6,12.825,17361.5667,12.39765,12.706756005055539,0.29761826682005044,53.122959684895065,0.40499999999999936,15.43246117248114,9.36283882751886,1.8138214285714287,24440.26333500001,24411753.533200018,14.112,13.668,12.42
2025-05-07,12.63,13.344,11.703,12.039,19110.4,12.52515,12.64316019505025,0.20275122094863107,52.95010840626887,-1.6799999999999997,15.24316531888049,9.80713468111951,1.7861785714285716,24241.45000000001,24392643.13320002,12.825,12.744,13.719
2025-05-08,5.988,7.38,5.496,6.372,290111.1,12.32055,12.045906843140703,-0.3259537434343738,36.00378486547584,-9.225,16.100464422588168,8.540635577411836,1.8609642857142856,37408.65333500001,24102532.033200018,12.039,11.907,15.597
2025-05-09,6.39,6.492,5.4,5.553,77580.0,12.0804,11.427534762841589,-0.8018000403904662,35.58846451035393,-8.966999999999999,16.86312467598758,7.297675324012418,1.8731785714285714,40497.21833500001,24024952.033200018,6.372,12.822,14.52
2025-05-12,5.6115,5.97,4.5,4.719,143466.5,11.708850000000002,10.788626690190009,-1.232006682844494,29.473852528779048,-8.802,17.514075242466838,5.903624757533166,1.8748928571428574,46476.62000000001,23881485.533200018,5.553,14.112,13.521
2025-05-13,4.74,5.3781,4.65,5.35,110582.0,11.393600000000001,10.270662243505246,-1.5046870245638075,26.869714201748053,-8.318,17.85844359398752,4.928756406012482,1.8182571428571428,51249.02666500001,23992067.533200018,4.719,12.825,13.668
2025-05-14,5.07,5.7,3.9301,4.53,397616.0,11.0219,9.723932506028556,-1.766591143864538,17.513062863548228,-8.213999999999999,18.167644317607238,3.8761556823927625,1.6886071428571428,70397.45833000001,23594451.533200018,5.35,12.039,12.744
2025-05-15,4.5,4.5,3.7955,4.0,148103.0,10.66075,9.178796076882978,-1.9939337884008426,18.094140467468264,-7.907,18.463596251949568,2.8579037480504317,1.5199285714285717,76800.791665,23446348.533200018,4.53,6.372,11.907
2025-05-16,3.56,4.1,3.4,3.84,135761.0,10.267900000000001,8.670339307656029,-2.162091885534406,19.06435736774455,-8.982,18.62270498118709,1.9130950188129106,1.3597142857142859,83197.86500000002,23310587.533200018,4.0,5.553,12.822
2025-05-19,3.83,4.5147,3.83,4.42,171073.0,9.9339,8.265545087879264,-2.22293265239934,21.24378107603154,-9.692,18.67385741046983,1.193942589530172,1.320764285714286,91322.038335,23481660.533200018,3.84,4.719,14.112
2025-05-20,4.47,4.93,4.17,4.76,199728.0,9.5509,7.931683650938382,-2.2181448469242966,24.238513142789174,-8.065,18.500964178539967,0.6008358214600324,1.2871928571428572,100292.58333500002,23681388.533200018,4.42,5.35,12.825
2025-05-21,4.85,4.88,4.21,4.33,58300.0,9.08145,7.588666160372822,-2.223417707627048,24.892305630029014,-7.709,18.09570076373867,0.06719923626133095,1.2356214285714289,101892.50333500002,23623088.533200018,4.76,4.53,12.039
2025-05-22,4.31,4.53,4.1,4.24,41540.0,8.5136,7.269745573670648,-2.2093902599425705,19.917274237321806,-2.1319999999999997,17.22545011228565,-0.19825011228564904,1.1506214285714287,99910.35667000001,23581548.533200018,4.33,4.0,6.372
2025-05-23,4.2,4.29,3.84,3.95,68563.0,7.9851,6.953579328559158,-2.19635576093117,11.693305174630098,-1.6029999999999998,16.44143910837151,-0.4712391083715124,1.0463714285714285,100761.62833500002,23512985.533200018,4.24,3.84,5.553
2025-05-27,3.93,4.35,3.9,4.25,60542.0,7.52155,6.696095582982095,-2.1371822273931063,15.076973184729354,-0.4690000000000003,15.712406891744394,-0.6693068917443918,0.9595857142857142,102088.905,23573527.533200018,3.95,4.42,4.719
2025-05-28,4.28,4.3892,4.19,4.31,11596.0,7.05365,6.468848384602848,-2.061679519038293,16.544022142531688,-1.04,14.824509825756918,-0.7172098257569175,0.8565999999999999,101872.37166500001,23585123.533200018,4.25,4.76,5.35
2025-05-29,4.33,4.42,4.05,4.21,40894.0,6.626950000000001,6.253719967021624,-1.9870072601387863,31.93516035309287,-0.3200000000000003,14.00971158500574,-0.7558115850057385,0.7484571428571429,103006.07166500001,23544229.533200018,4.31,4.33,4.53
2025-05-30,4.15,4.1987,3.88,3.99,28875.0,6.2311,6.038127589210041,-1.923409253762947,35.48746508879768,-0.009999999999999787,13.262461084080421,-0.8002610840804216,0.6932214285714284,103162.566665,23515354.533200018,4.21,4.24,4.0
2025-06-02,4.02,4.3089,4.02,4.25,38962.0,5.8025,5.867829723570989,-1.8309218213743224,45.125753350288804,0.41000000000000014,12.154474728173287,-0.549474728173287,0.6088571428571429,104079.6,23554316.533200018,3.99,3.95,3.84
2025-06-03,4.37,4.4299,4.2411,4.4,30352.0,5.3168999999999995,5.728036416564229,-1.72562913991458,39.03002296849416,-0.019999999999999574,10.340090175259714,0.2937098247402856,0.5703357142857143,104505.82833500001,23584668.533200018,4.25,4.25,4.42
2025-06-04,4.5,5.03,4.32,4.99,190219.0,4.92515,5.657747234034303,-1.5764040574043596,55.609755907674,0.23000000000000043,8.494611836185332,1.35568816381467,0.4946285714285715,113148.7,23774887.533200018,4.4,4.31,4.76
2025-06-05,5.1,5.2,4.451,4.52,50821.0,4.549200000000001,5.5493903546024645,-1.479017977860405,56.43564336878737,0.1899999999999995,5.784687647165798,3.3137123528342034,0.4978071428571429,114734.23000000001,23724066.533200018,4.99,4.21,4.33
2025-06-06,4.51,4.8252,4.42,4.765,50502.0,4.468850000000001,5.474686511306992,-1.3663192776153084,61.212121004370985,0.5249999999999995,5.368603012884094,3.5690969871159077,0.47675000000000006,102753.775,23774568.533200018,4.52,3.99,4.24
2025-06-09,4.76,4.94,4.6401,4.84,34850.0,4.433199999999999,5.414240176896802,-1.256469079102879,55.80110475657032,0.8899999999999997,5.198547007630351,3.6678529923696472,0.4492642857142858,100617.275,23809418.533200018,4.765,4.25,3.95
2025-06-10,4.75,5.0,4.5001,4.53,124140.0,4.42375,5.3300268267161535,-1.1808147175435346,46.796657199121675,0.28000000000000025,5.178837133336835,3.668662866663166,0.4306857142857143,99650.95,23685278.533200018,4.84,4.4,4.25
2025-06-11,4.57,4.57,4.09,4.23,55159.0,4.36775,5.2252623670289005,-1.132016403301387,48.55491309833273,-0.07999999999999918,4.987618194805016,3.747881805194984,0.41711428571428577,96879.8,23630119.533200018,4.53,4.99,4.31
2025-06-12,4.1447,4.21,3.75,3.95,91949.0,4.33875,5.103808808264243,-1.1032198163219116,46.02739708373053,-0.2599999999999998,4.980539234122923,3.696960765877077,0.41925714285714294,81596.45,23538170.533200018,4.23,4.52,4.21
2025-06-13,3.77,4.06,3.77,4.06,62146.0,4.34175,5.00439844557241,-1.0593111534026987,51.58501420109792,0.0699999999999994,4.977403621321586,3.7060963786784145,0.40782857142857143,77298.6,23600316.533200018,3.95,4.765,3.99
2025-06-16,4.13,4.175,3.84,3.95,40922.0,4.347250000000001,4.903979545994085,-1.0216127861195243,45.42682907439769,-0.2999999999999998,4.966311046206936,3.728188953793065,0.3996142857142857,72556.65,23559394.533200018,4.06,4.84,4.25
2025-06-17,3.94,4.0,3.65,3.72,20166.0,4.312250000000001,4.791219589232743,-0.9987822956712309,41.4492751941189,-0.6800000000000002,4.990331465362138,3.634168534637864,0.41038571428571435,65011.3,23539228.533200018,3.95,4.53,4.4
2025-06-18,3.71,3.89,3.71,3.89,29842.0,4.26875,4.705389152162958,-0.9559517712952603,45.45454527376033,-1.1,4.937447673788995,3.6000523262110047,0.39681428571428573,56517.0,23569070.533200018,3.72,4.23,4.99
2025-06-20,3.89,3.89,3.69,3.71,25379.0,4.23775,4.610590185290295,-0.9258600297323749,45.97701130928788,-0.8099999999999996,4.95052423160956,3.5249757683904406,0.3883357142857144,54870.95,23543691.533200018,3.89,3.95,4.52
2025-06-23,3.67,3.73,3.62,3.7,17060.0,4.21075,4.523867310500743,-0.8925304882830218,41.48606793163934,-1.0649999999999995,4.962983691281655,3.4585163087183446,0.37555714285714287,53646.95,23526631.533200018,3.71,4.06,4.765
2025-06-24,3.68,3.68,3.44,3.5,52997.0,4.18825,4.4263561380721015,-0.8722007280217565,36.2804876500223,-1.3399999999999999,4.998040583704896,3.378459416295104,0.3792142857142858,52868.65000000001,23473634.533200018,3.7,3.95,4.84
2025-06-25,3.4397,3.5,3.22,3.28,66319.0,4.13975,4.317179363017615,-0.8638831012868984,20.61855660183511,-1.2500000000000004,5.044581912267195,3.234918087732806,0.3485000000000001,53157.500000000015,23407315.533200018,3.5,3.72,4.53
2025-06-26,3.27,3.37,3.22,3.3,40953.0,4.08925,4.220305137968318,-0.845926178901617,25.203251889087184,-0.9300000000000006,5.064103700216355,3.114396299783644,0.3057142857142857,54625.35000000001,23448268.533200018,3.28,3.89,4.23
2025-06-27,3.3,3.81,3.3,3.61,104580.0,4.0592500000000005,4.162180839114193,-0.7974878359627033,27.128712720870496,-0.3400000000000003,5.05515886815392,3.063341131846081,0.31320000000000003,57809.65000000001,23552848.533200018,3.3,3.71,3.95
2025-06-30,3.61,3.6139,3.45,3.6,22480.0,4.03975,4.108639806817603,-0.7512471076092786,24.79674782635996,-0.4599999999999995,5.0564240149207045,3.0230759850792945,0.30348571428571436,57489.90000000001,23530368.533200018,3.61,3.7,4.06
2025-07-01,3.7,3.71,3.49,3.61,22628.0,4.00775,4.0611503014064025,-0.705659675336832,28.703703517661168,-0.3400000000000003,5.036773425637005,2.978726574362994,0.28349285714285716,56673.20000000001,23552996.533200018,3.6,3.5,3.95
2025-07-02,3.62,3.73,3.5409,3.68,16371.0,3.97175,4.024850272701031,-0.6563172748346373,35.75129507745174,-0.040000000000000036,4.9933445997797685,2.9501554002202317,0.2627142857142857,55974.15000000001,23569367.533200018,3.61,3.28,3.72
2025-07-03,3.7,3.9,3.7,3.8,29275.0,3.9122499999999993,4.003435961015219,-0.6006066502265397,45.76271150244182,-0.0900000000000003,4.815952763188157,3.0085472368118413,0.24414285714285708,47926.95000000001,23598642.533200018,3.68,3.3,3.89
2025-07-07,3.78,3.85,3.43,3.79,24960.0,3.87575,3.983108726632817,-0.550911925531004,41.91616731327765,0.08000000000000007,4.7339198703049234,3.0175801296950766,0.2534285714285714,46633.90000000001,23573682.533200018,3.8,3.61,3.71
2025-07-08,3.85,4.18,3.75,4.0,80679.0,3.8375,3.9847174193344537,-0.48894697683186994,51.41242897187908,0.2999999999999998,4.590539455165534,3.0844605448344655,0.2602142857142857,48142.750000000015,23654361.533200018,3.79,3.6,3.7
2025-07-09,4.09,4.14,3.8922,3.8922,27735.0,3.7901100000000008,3.975906236540696,-0.4434263249811874,55.22514821388998,0.3921999999999999,4.378890112278723,3.2013298877212786,0.25291428571428565,47787.000000000015,23626626.533200018,4.0,3.61,3.5
2025-07-10,4.008,4.3299,3.9576,4.29,53964.0,3.7781100000000003,4.005819928298725,-0.37097537182203544,60.66325397244319,1.0100000000000002,4.310476592712198,3.245743407287802,0.26664999999999994,44278.20000000001,23680590.533200018,3.8922,3.68,3.28
2025-07-11,4.3,4.3,4.025,4.15,9624.0,3.7741100000000003,4.019551363698846,-0.3211522561352691,61.98518148409647,0.8500000000000005,4.2932175333119895,3.2550024666880115,0.2720071428571428,42001.45000000001,23670966.533200018,4.29,3.8,3.3
2025-07-14,4.25,4.46,4.15,4.42,51031.0,3.79761,4.057689329060861,-0.2569187352281417,67.17885047694985,0.81,4.387915290849082,3.207304709150918,0.28629285714285707,39955.55000000001,23721997.533200018,4.15,3.79,3.61
2025-07-15,4.5,4.665,4.38,4.4583,77039.0,3.817525,4.09584272629316,-0.20061020762024206,74.77635811217282,0.8583000000000003,4.468826081224669,3.166223918775331,0.2895071428571428,40700.20000000001,23799036.533200018,4.42,4.0,3.6
2025-07-16,4.58,4.6,4.46,4.6,19942.0,3.8500249999999996,4.14385770474143,-0.1429039799203755,85.56800970147009,0.9899999999999998,4.588231891185595,3.111818108814404,0.27950714285714273,39651.20000000001,23818978.533200018,4.4583,3.8922,3.61
