Date,Open,High,Low,Close,Volume,SMA_20,EMA_20,MACD,RSI_14,Momentum_10,Bollinger_Upper,Bollinger_Lower,ATR_14,Volume_MA_20,OBV,Lag_1,Lag_5,Lag_10
2023-08-14,6.02,6.02,5.83,5.98,90639.0,6.115,6.115292388988762,-0.038331820714708975,43.030302665197446,-0.3899999999999997,6.507589245636549,5.722410754363452,0.19694999999999988,103388.7,-255054.0,6.08,5.9,6.37
2023-08-15,5.9,5.96,5.82,5.84,57443.0,6.0795,6.089074066227928,-0.046802392332144116,40.571428246857145,-0.11000000000000032,6.432917897857927,5.726082102142073,0.19694999999999988,103406.95,-312497.0,5.98,6.0,5.95
2023-08-16,5.9,5.9,5.64,5.65,126770.0,6.035,6.047257488491935,-0.06554722483650721,40.80459737283658,-0.2999999999999998,6.367803087030217,5.702196912969783,0.20266428571428566,106119.05,-439267.0,5.84,5.97,5.95
2023-08-17,5.63,5.71,5.5,5.52,160012.0,5.999499999999999,5.997042489587941,-0.08813959226930113,32.163742426729584,-0.39000000000000057,6.391013930652202,5.607986069347797,0.2005214285714285,107643.7,-599279.0,5.65,5.97,5.91
2023-08-18,5.49,5.51,5.41,5.46,182511.0,5.9595,5.945895585817661,-0.10877106775953482,20.261437723097927,-0.5499999999999998,6.3994270274416944,5.519572972558306,0.18123571428571417,113868.25,-781790.0,5.52,6.08,6.01
2023-08-21,5.46,5.57,5.45,5.55,133340.0,5.9295,5.908191244311217,-0.1172803834983478,33.333332944444436,-0.35000000000000053,6.3957718881556245,5.4632281118443755,0.16623571428571418,116586.6,-648450.0,5.46,5.98,5.9
2023-08-22,5.62,5.62,5.45,5.57,136773.0,5.8975,5.875982554376815,-0.12112569109116755,34.42622911314163,-0.4299999999999997,6.370513853140855,5.424486146859145,0.16480714285714276,119447.5,-511677.0,5.55,5.84,6.0
2023-08-23,5.63,5.92,5.63,5.9,310657.0,5.884,5.878269930150452,-0.09931526514315259,49.668873711679325,-0.0699999999999994,6.339349489836914,5.428650510163087,0.17559285714285705,130654.65,-201020.0,5.57,5.65,5.97
2023-08-24,5.9,6.03,5.76,5.92,156205.0,5.8815,5.882244222517076,-0.07972136326129231,46.85314639444473,-0.04999999999999982,6.33540817527221,5.42759182472779,0.1841642857142857,133988.15,-44815.0,5.9,5.52,5.97
2023-08-25,5.92,5.97,5.78,5.9,67181.0,5.87,5.883935248944021,-0.06494818535569102,49.999999477611944,-0.17999999999999972,6.308802197374915,5.431197802625086,0.18516428571428564,132298.55,-111996.0,5.92,5.46,6.08
2023-08-28,5.9,6.0,5.9,5.95,98860.0,5.849,5.890227129996972,-0.04903001151706743,48.062014982272714,-0.03000000000000025,6.22237155192847,5.4756284480715305,0.17802142857142847,129507.9,-13136.0,5.9,5.55,5.98
2023-08-29,5.94,6.0713,5.94,6.06,67035.0,5.8545,5.906395974759165,-0.027984284305828666,53.28467098833182,0.21999999999999975,6.237258684455775,5.471741315544224,0.1781142857142856,125626.95,53899.0,5.95,5.57,5.84
2023-08-30,6.1,6.2,5.97,6.0,110539.0,5.857,5.915310643829721,-0.015633212870690194,51.048950549171124,0.34999999999999964,6.243024269757882,5.4709757302421185,0.18366428571428564,120935.4,-56640.0,6.06,5.9,5.65
2023-08-31,6.0,6.03,5.96,5.98,48485.0,5.8605,5.921471534893557,-0.007279858027212427,46.26865623301404,0.46000000000000085,6.249803020930051,5.4711969790699495,0.17652142857142852,117667.35,-105125.0,6.0,5.92,5.52
2023-09-01,6.03,6.05,5.88,5.89,74761.0,5.8545,5.918474245856076,-0.007366392885491457,46.616540862682996,0.4299999999999997,6.237753386018619,5.47124661398138,0.17509285714285713,114574.45,-179886.0,5.98,5.9,5.46
2023-09-05,5.83,5.84,5.6,5.69,53678.0,5.844,5.896714793869783,-0.022318049929378247,44.6043160975105,0.14000000000000057,6.23346116622842,5.454538833771581,0.1822357142857143,112799.55,-233564.0,5.89,5.95,5.55
2023-09-06,5.66,5.79,5.63,5.65,109226.0,5.8265,5.8732181468345654,-0.036764585020334195,49.99999943548388,0.08000000000000007,6.217895613562275,5.435104386437725,0.17509285714285713,112257.55,-342790.0,5.69,6.06,5.57
2023-09-07,5.64,5.64,5.47,5.58,118322.0,5.807,5.845292609040797,-0.05293137954184335,52.54237225797187,-0.3200000000000003,6.2070578905476985,5.406942109452302,0.17223571428571427,114795.5,-461112.0,5.65,6.0,5.9
2023-09-08,5.64,5.74,5.56,5.64,86692.0,5.7905,5.8257409319892925,-0.060423114049535265,57.62711796035623,-0.28000000000000025,6.189471044985526,5.391528955014474,0.17795000000000005,112355.8,-374420.0,5.58,5.98,5.92
2023-09-11,5.69,5.7752,5.66,5.68,129603.0,5.7705,5.811860843228407,-0.0625471861292679,55.75221169864517,-0.22000000000000064,6.147885744298855,5.393114255701145,0.17760714285714288,115936.6,-244817.0,5.64,5.89,5.9
2023-09-12,5.63,5.8447,5.63,5.75,93768.0,5.759,5.805969334349512,-0.058144384072470245,57.62711796035623,-0.20000000000000018,6.123296004572339,5.394703995427662,0.18080000000000002,116093.05,-151049.0,5.68,5.69,5.95
2023-09-13,5.74,5.75,5.58,5.63,69952.0,5.7485,5.789210350125749,-0.06322738006916051,36.0824737060261,-0.4299999999999997,6.115064419555705,5.381935580444295,0.17222857142857143,116718.5,-221001.0,5.75,5.65,6.06
2023-09-14,5.67,5.75,5.65,5.71,128477.0,5.7515,5.78166650725663,-0.06033238851493028,39.80582470166839,-0.29000000000000004,6.115644274473154,5.387355725526846,0.16008571428571422,116803.85,-92524.0,5.63,5.58,6.0
2023-09-15,5.79,5.85,5.735,5.85,84772.0,5.768,5.788174458946474,-0.04658323169068357,47.826086374291094,-0.13000000000000078,6.117592243681272,5.418407756318728,0.15472857142857135,113041.85,-7752.0,5.71,5.64,5.98
2023-09-18,5.89,5.89,5.5,5.61,147069.0,5.7755,5.771205462856334,-0.0538306191559883,37.31343244597905,-0.27999999999999936,6.103008939211067,5.447991060788933,0.17544285714285707,111269.75,-154821.0,5.85,5.68,5.89
2023-09-19,5.6,5.71,5.35,5.38,215629.0,5.767,5.733947799727159,-0.07670505370775782,26.71232851097767,-0.3100000000000005,6.126420586353562,5.407579413646439,0.1917785714285714,115384.2,-370450.0,5.61,5.75,5.69
2023-09-20,5.38,5.52,5.36,5.41,157914.0,5.759,5.703095628324572,-0.09141079155027221,29.37062908308475,-0.2400000000000002,6.143154574152263,5.374845425847738,0.18677857142857132,116441.25,-212536.0,5.38,5.63,5.65
2023-09-21,5.31,5.39,5.23,5.34,140710.0,5.731,5.668515092293661,-0.10732637521205479,28.378378109934246,-0.2400000000000002,6.151771221749577,5.310228778250423,0.1932071428571427,107943.9,-353246.0,5.41,5.71,5.58
2023-09-22,5.37,5.38,5.28,5.29,148639.0,5.6995,5.6324660358847405,-0.12245979162051501,29.16666638310187,-0.34999999999999964,6.153695645301148,5.245304354698851,0.18820714285714266,107565.6,-501885.0,5.34,5.85,5.64
2023-09-25,5.24,5.25,5.15,5.19,63379.0,5.664,5.590326413419527,-0.1407186275381873,31.34328325462242,-0.4899999999999993,6.161166709305949,5.166833290694051,0.17820714285714262,107375.5,-565264.0,5.29,5.61,5.68
2023-09-26,5.15,5.15,4.98,5.0,142046.0,5.6165,5.534104850236715,-0.16826744731343712,28.18791919823431,-0.75,6.176209511123499,5.056790488876501,0.17892142857142831,109534.8,-707310.0,5.19,5.38,5.75
2023-09-27,4.97,5.0199,4.895,4.94,177997.0,5.560499999999999,5.477523435928457,-0.19262019845650524,28.378378109934275,-0.6899999999999995,6.156326714476794,4.9646732855232045,0.17569999999999977,115082.9,-885307.0,5.0,5.41,5.63
2023-09-28,4.95,4.98,4.87,4.95,82579.0,5.508,5.427283108697175,-0.2087094846583506,25.874125620812762,-0.7599999999999998,6.12541737141606,4.89058262858394,0.17069999999999977,113684.9,-802728.0,4.94,5.34,5.71
2023-09-29,5.06,5.07,4.81,4.9,161037.0,5.454000000000001,5.377065669773635,-0.22285338144305555,22.91666644386575,-0.9499999999999993,6.086335686999107,4.821664313000894,0.18104285714285698,119312.5,-963765.0,4.95,5.29,5.85
2023-10-02,4.86,4.86,4.63,4.68,217665.0,5.3935,5.310678463128527,-0.2486811808145708,16.352201113879985,-0.9300000000000006,6.079457647917744,4.707542352082257,0.18213571428571415,126457.7,-1181430.0,4.9,5.19,5.61
2023-10-03,4.7,4.7,4.54,4.68,120429.0,5.343,5.250613847592477,-0.2660723536016123,17.687074661483635,-0.7000000000000002,6.08358582785593,4.60241417214407,0.18142142857142846,129795.25,-1181430.0,4.68,5.0,5.38
2023-10-04,4.68,4.7,4.5507,4.61,49764.0,5.291,5.189603004964622,-0.282171469815637,12.32876700506661,-0.7999999999999998,6.084948162168367,4.497051837831633,0.18494285714285708,126822.15,-1231194.0,4.68,4.94,5.41
2023-10-05,4.63,4.66,4.53,4.64,42265.0,5.244000000000001,5.137259861634657,-0.2891954650440418,5.185185131412865,-0.7000000000000002,6.076280317150292,4.411719682849709,0.1860142857142857,123019.3,-1188929.0,4.61,4.95,5.34
2023-10-06,4.64,4.66,4.5615,4.62,214877.0,5.193,5.087997017669451,-0.29297475867205236,6.194690188738292,-0.6699999999999999,6.047809304680536,4.338190695319463,0.16519285714285717,129428.55,-1403806.0,4.64,4.9,5.29
2023-10-09,4.67,4.9,4.65,4.82,154937.0,5.15,5.062473492177123,-0.27679494897618273,24.54545423305784,-0.3700000000000001,5.988017711155634,4.311982288844367,0.1573357142857143,130695.25,-1248869.0,4.62,4.68,5.19
2023-10-10,4.82,4.82,4.67,4.72,109274.0,5.0985,5.029856969112635,-0.26886513225173747,20.51282026736793,-0.28000000000000025,5.907352989049764,4.289647010950235,0.15662142857142866,131470.55,-1358143.0,4.82,4.68,5.0
2023-10-11,4.83,4.83,4.65,4.71,161953.0,5.0525,4.999394400625717,-0.2603758367037239,21.62162134891645,-0.23000000000000043,5.83839874799828,4.2666012520017205,0.1580500000000001,136070.6,-1520096.0,4.72,4.61,4.94
2023-10-12,4.72,4.72,4.51,4.53,154716.0,4.993499999999999,4.954690171994696,-0.2650004203517007,19.354838491155007,-0.41999999999999993,5.748114575723751,4.238885424276248,0.165907142857143,137382.55,-1674812.0,4.71,4.64,4.95
2023-10-13,4.72,4.84,4.65,4.84,252884.0,4.943,4.943767298471392,-0.24105063845886665,37.93103411652791,-0.0600000000000005,5.582707169850312,4.3032928301496876,0.17233571428571443,145788.15,-1421928.0,4.53,4.62,4.9
2023-10-16,4.8,4.91,4.75,4.85,142959.0,4.904999999999999,4.934837079569355,-0.21874599389758753,44.09448770289539,0.16999999999999993,5.462947365938666,4.347052634061333,0.17162142857142873,145582.65,-1278969.0,4.84,4.82,4.68
2023-10-17,4.81,4.99,4.8,4.93,99632.0,4.8825,4.934376405324654,-0.19243511711366246,49.612402562346,0.25,5.394169095371116,4.3708309046288845,0.17627142857142872,139782.8,-1179337.0,4.85,4.72,4.68
2023-10-18,4.98,5.07,4.93,4.95,228821.0,4.8595,4.935864366722306,-0.16804157606621928,49.99999946153847,0.33999999999999986,5.308896085992372,4.410103914007627,0.1784142857142859,143328.15,-950516.0,4.93,4.71,4.61
2023-10-19,5.01,5.03,4.88,5.03,192539.0,4.844,4.9448296651297055,-0.14066698445162018,54.88721746735259,0.39000000000000057,5.242069023372106,4.445930976627895,0.17055714285714302,145919.6,-757977.0,4.95,4.53,4.64
2023-10-20,5.09,5.1199,4.92,4.99,305710.0,4.829,4.9491316017840195,-0.12079184226054895,63.47826009678643,0.3700000000000001,5.1755863604690155,4.482413639530984,0.168407142857143,153773.15,-1063687.0,5.03,4.84,4.62
2023-10-23,5.0,5.17,4.8108,5.15,504100.0,4.827,4.968261925423636,-0.0911386242919372,67.93893057164506,0.33000000000000007,5.1651746667968474,4.4888253332031525,0.1826357142857144,175809.2,-559587.0,4.99,4.85,4.82
2023-10-24,5.09,5.16,5.04,5.15,407725.0,4.8345,4.9855703134785285,-0.06686805204144264,71.77419273803332,0.4300000000000006,5.19476160085781,4.47423839914219,0.18054285714285725,189093.15,-559587.0,5.15,4.93,4.72
2023-10-25,5.15,5.23,5.08,5.2,707415.0,4.8475,5.005992188385336,-0.04311823707951046,72.22222141975313,0.4900000000000002,5.241019878451957,4.453980121548043,0.1819714285714287,215564.05,147828.0,5.15,4.95,4.71
2023-10-26,5.2,5.2,5.01,5.16,430562.0,4.858,5.020659599015304,-0.02719933122664564,71.09374922241211,0.6299999999999999,5.273621285104095,4.442378714895904,0.18850714285714298,232963.2,-282734.0,5.2,5.03,4.53
2023-10-27,5.2,5.26,5.03,5.26,362445.0,4.8759999999999994,5.043453922918609,-0.006467395368757067,68.64406698218902,0.41999999999999993,5.328799479263231,4.423200520736768,0.1870785714285715,243033.6,79711.0,5.16,4.99,4.84
2023-10-30,5.27,5.3,5.12,5.18,201338.0,4.901000000000001,5.056458311212074,0.0034868101444374133,69.82758536414984,0.33000000000000007,5.363346418312414,4.438653581687587,0.18922142857142862,242217.25,-121627.0,5.26,5.15,4.85
2023-10-31,5.1,5.27,5.07,5.08,914810.0,4.921,5.058700376810924,0.0032915042469436884,64.79999927424002,0.15000000000000036,5.37766525803343,4.464334741966571,0.19065000000000001,281936.3,-1036437.0,5.18,5.15,4.93
2023-11-01,5.44,5.71,5.34,5.58,1261000.0,4.9695,5.1083479599717885,0.04288016737819422,83.43948970181347,0.6299999999999999,5.4888305407217235,4.450169459278277,0.20207857142857147,342498.1,224563.0,5.08,5.2,4.95
2023-11-02,5.59,5.775,5.59,5.69,479269.0,5.022,5.1637433923554275,0.08216021381468419,81.021896982258,0.6600000000000001,5.6089672276335305,4.43503277236647,0.20172142857142866,364348.3,703832.0,5.58,5.16,5.03
2023-11-03,5.8,6.13,5.76,6.02,367733.0,5.0920000000000005,5.245291640702529,0.13826193302315737,84.61538391442878,1.0299999999999994,5.798797075024481,4.38520292497552,0.21672142857142868,371991.1,1071565.0,5.69,5.26,4.99
2023-11-06,6.05,6.12,5.88,5.96,338416.0,5.149,5.313359103492765,0.17586271232178596,80.8383226756069,0.8099999999999996,5.9420460927734045,4.355953907226596,0.22029285714285723,381165.05,733149.0,6.02,5.18,5.15
2023-11-07,5.92,5.92,5.7,5.89,309113.0,5.2075000000000005,5.3682772841125015,0.19774342293396696,77.32558076595458,0.7399999999999993,6.03898250606657,4.376017493933431,0.22600714285714288,391157.0,424036.0,5.96,5.08,5.15
2023-11-08,5.88,5.93,5.66,5.72,247839.0,5.258000000000001,5.401774685625597,0.1990953326471514,69.06077294649126,0.5199999999999996,6.084930914189397,4.431069085810605,0.2345785714285714,395451.3,176197.0,5.89,5.58,5.2
2023-11-09,5.71,5.76,5.63,5.68,164932.0,5.3155,5.428272334613635,0.19469948715565621,69.06077294649126,0.5199999999999996,6.087386956544944,4.543613043455056,0.22958571428571423,395962.1,11265.0,5.72,5.69,5.16
2023-11-10,5.62,5.67,5.47,5.54,171373.0,5.3505,5.438913064650432,0.17788552112012113,60.89385427233857,0.28000000000000025,6.094584743334497,4.606415256665503,0.2182142857142857,391886.55,-160108.0,5.68,6.02,5.26
2023-11-13,5.49,5.62,5.41,5.41,127151.0,5.378500000000001,5.436159439445629,0.15232940994549793,56.77083291937934,0.23000000000000043,6.084452883473266,4.672547116526736,0.22464285714285712,391096.15,-287259.0,5.54,5.96,5.18
2023-11-14,5.55,5.59,5.46,5.52,290445.0,5.4079999999999995,5.444144254736521,0.1393340165056145,58.080807670135705,0.4399999999999995,6.083701584709518,4.732298415290481,0.22321428571428564,400636.8,3186.0,5.41,5.89,5.08
2023-11-15,5.5,5.54,5.4,5.43,148343.0,5.432,5.442797182856853,0.12039385304946215,56.650245914727364,-0.15000000000000036,6.072381465263197,4.791618534736804,0.21964285714285703,396612.9,-145157.0,5.52,5.72,5.58
2023-11-16,5.49,5.6,5.419,5.43,432801.0,5.452,5.441578403537153,0.10418265178222708,54.40414468307874,-0.2600000000000007,6.063868578940563,4.840131421059437,0.21614285714285705,408626.0,-145157.0,5.43,5.68,5.69
2023-11-17,5.47,5.48,5.33,5.36,256114.0,5.4704999999999995,5.43380903177171,0.08471616611131783,54.68749960123701,-0.6599999999999993,6.044772079290504,4.896227920709495,0.21399999999999997,406146.2,-401271.0,5.43,5.54,6.02
2023-11-20,5.3,5.36,5.26,5.32,274680.0,5.479,5.42297007636488,0.0653115205724406,56.45161247832121,-0.6399999999999997,6.038130904548354,4.919869095451646,0.2068571428571429,394675.2,-675951.0,5.36,5.41,5.96
2023-11-21,5.43,5.62,5.42,5.6,697635.0,5.5015,5.439830069092034,0.07168005048746195,50.609755665526464,-0.29000000000000004,6.04074996644951,4.96225003355049,0.19471428571428578,409170.7,21684.0,5.32,5.52,5.89
2023-11-22,5.68,5.7288,5.535,5.59,203150.0,5.521,5.454131967273745,0.07505555829711508,46.753246328217216,-0.1299999999999999,6.04224951091736,4.99975048908264,0.19534285714285712,383957.45,-181466.0,5.6,5.43,5.72
2023-11-24,5.6,5.63,5.51,5.53,212178.0,5.5395,5.461357494200055,0.07206213339817058,30.708661078802137,-0.14999999999999947,6.032289054902387,5.0467109450976135,0.17748571428571427,373038.25,-393644.0,5.59,5.43,5.68
2023-11-27,5.62,5.78,5.5701,5.72,200475.0,5.5625,5.4859901138000495,0.08404128902907537,41.428571014285694,0.17999999999999972,6.043151969505465,5.081848030494535,0.1753357142857143,364939.75,-193169.0,5.53,5.36,5.54
2023-11-28,5.79,6.03,5.685,6.03,412529.0,5.6049999999999995,5.537800579152425,0.11718152028930806,54.26829221966094,0.6200000000000001,6.093499313149341,5.116500686850658,0.18426428571428577,375499.3,219360.0,5.72,5.32,5.41
2023-11-29,6.05,6.05,5.84,5.89,276101.0,5.6455,5.5713433811379085,0.13064917945985854,55.27950262489874,0.3700000000000001,6.082305388437954,5.208694611562047,0.17997857142857152,343563.85,-56741.0,6.03,5.6,5.52
2023-11-30,5.91,6.15,5.86,6.13,227444.0,5.673,5.624548773410488,0.1588459678422316,62.43093874362812,0.7000000000000002,6.158932635573903,5.187067364426097,0.19140714285714294,291886.05,170703.0,5.89,5.59,5.43
2023-12-01,6.08,6.225,6.075,6.18,424900.0,5.6975,5.677448890228537,0.18311343077682984,68.60465060438077,0.75,6.233837482129351,5.161162517870649,0.18783571428571433,289167.6,595603.0,6.13,5.53,5.43
2023-12-04,6.09,6.09,5.965,6.03,189148.0,5.698,5.711025186397248,0.18807942910536113,67.81609140837631,0.6699999999999999,6.235620488331402,5.160379511668599,0.18176428571428577,280238.35,406455.0,6.18,5.72,5.36
2023-12-05,5.98,5.99,5.84,5.87,172920.0,5.693499999999999,5.726165644835605,0.1770689183947809,59.77653584532321,0.5499999999999998,6.223337114990128,5.16366288500987,0.1831928571428572,271963.55,233535.0,6.03,6.03,5.32
2023-12-06,5.95,5.97,5.79,5.81,144171.0,5.6895,5.734149869136976,0.16164017548305765,60.79545406185434,0.20999999999999996,6.214274638347398,5.164725361652602,0.18605000000000008,263716.45,89364.0,5.87,5.89,5.6
2023-12-07,5.81,5.81,5.68,5.7,127655.0,5.6884999999999994,5.73089750064774,0.13893852189143452,57.219250908519,0.11000000000000032,6.2131061179088345,5.163893882091164,0.18240714285714293,257707.25,-38291.0,5.81,6.13,5.59
2023-12-08,5.6,5.67,5.505,5.58,155439.0,5.6835,5.71652631010986,0.10999978726762372,55.72916626030816,0.04999999999999982,6.2103486250188205,5.15665137498118,0.18347857142857146,257232.6,-193730.0,5.7,6.18,5.53
2023-12-11,5.47,5.495,5.38,5.48,232568.0,5.6805,5.693999994861302,0.0780989270507213,54.040403658300185,-0.23999999999999932,6.211456435917407,5.1495435640825935,0.18455000000000002,260292.35,-426298.0,5.58,6.03,5.72
2023-12-12,5.49,5.51,5.37,5.39,286759.0,5.6795,5.66504761439832,0.04503815637243136,44.13407786710777,-0.6400000000000006,6.21267223444114,5.14632776555886,0.1802642857142857,268272.75,-713057.0,5.48,5.87,6.03
2023-12-13,5.39,5.86,5.34,5.85,342486.0,5.696,5.682662127312766,0.055307273904973364,55.803571079799106,-0.040000000000000036,6.228813782025014,5.163186217974985,0.20356428571428578,270874.8,-370571.0,5.39,5.81,5.89
2023-12-14,5.9,6.06,5.785,5.85,605318.0,5.717,5.6985990675686935,0.06272254125879417,57.33944917304939,-0.28000000000000025,6.238661313800247,5.195338686199753,0.2146357142857143,293723.55,-370571.0,5.85,5.7,6.13
2023-12-15,5.81,6.04,5.69,6.03,377786.0,5.747,5.73016106113358,0.08217282673297621,57.142856774193554,-0.14999999999999947,6.268176806043693,5.225823193956307,0.22464285714285712,290972.8,7215.0,5.85,5.58,6.18
2023-12-18,6.08,6.16,5.85,5.93,215267.0,5.7755,5.74919334102562,0.08849974331740817,47.44897925291544,-0.10000000000000053,6.269185388843852,5.281814611156149,0.22214285714285711,288930.45,-208052.0,6.03,5.48,6.03
2023-12-19,5.9,6.14,5.9,6.12,449544.0,5.8155,5.784508260927942,0.10760163101599396,55.72139264671668,0.25,6.282719096581611,5.348280903418389,0.2242857142857142,297673.65,241492.0,5.93,5.39,5.87
2023-12-20,6.18,6.18,5.91,5.92,237608.0,5.8315,5.797412236077662,0.10538989467123194,44.67005044396919,0.11000000000000032,6.289471499917683,5.373528500082317,0.22285714285714273,274672.3,3884.0,6.12,5.85,5.81
2023-12-21,5.99,6.08,5.99,6.05,236661.0,5.8545,5.821468213594075,0.1128244897524242,46.829267972873296,0.34999999999999964,6.307581844587429,5.40141815541257,0.21857142857142847,276347.85,240545.0,5.92,5.85,5.7
2023-12-22,6.16,6.225,6.08,6.1,279828.0,5.883,5.84799505039464,0.12135145324965979,51.79487142301116,0.5199999999999996,6.321615045221601,5.444384954778399,0.2199999999999999,279730.35,520373.0,6.05,6.03,5.58
2023-12-26,6.17,6.25,6.17,6.23,164862.0,5.9085,5.8843764741665785,0.13701791221641013,59.374999567057294,0.75,6.36610359770394,5.45089640229606,0.21499999999999986,277949.7,685235.0,6.1,5.93,5.48
2023-12-27,6.25,6.25,6.135,6.22,198882.0,5.918,5.916340619484047,0.14693308002404493,60.96256638851553,0.8300000000000001,6.393753142534645,5.4422468574653555,0.21035714285714274,267267.35,486353.0,6.23,6.12,5.39
2023-12-28,6.17,6.21,6.08,6.09,299076.0,5.928,5.9328796081046145,0.14265788277779023,60.317459870664294,0.2400000000000002,6.409646299575474,5.446353700424526,0.21035714285714274,268416.1,187277.0,6.22,5.92,5.85
2023-12-29,6.03,6.05,5.91,5.96,191126.0,5.9195,5.935462502570842,0.127313518648422,59.99999955789472,0.11000000000000032,6.392050749154339,5.446949250845662,0.20857142857142844,266600.2,-3849.0,6.09,6.05,5.85
2024-01-02,5.89,6.0,5.77,5.81,189457.0,5.901,5.9235136928021905,0.10187625882015094,58.461538041814556,-0.22000000000000064,6.35936781369506,5.442632186304939,0.21678571428571417,254828.05,-193306.0,5.96,6.1,6.03
2024-01-03,5.65,5.74,5.595,5.63,158463.0,5.881,5.89556000777341,0.06642834878076354,55.882352557670124,-0.2999999999999998,6.350440876833405,5.411559123166596,0.21714285714285708,253293.8,-351769.0,5.81,6.23,5.93
2024-01-04,5.66,5.73,5.545,5.7,94660.0,5.8725000000000005,5.876935245128323,0.04348227420915052,45.45454506887055,-0.41999999999999993,6.348884409131081,5.39611559086892,0.19321428571428564,249380.8,-257109.0,5.63,6.22,6.12
2024-01-05,5.73,5.82,5.67,5.71,345022.0,5.8675,5.8610366503541975,0.025806718436732545,45.7831321439977,-0.20999999999999996,6.348721034671736,5.3862789653282634,0.1842857142857143,259423.35,87913.0,5.7,6.09,5.92
2024-01-08,5.66,5.67,5.52,5.55,164895.0,5.859999999999999,5.831414112225226,-0.0010981963908829329,35.36585335663297,-0.5,6.35664135105623,5.363358648943769,0.17000000000000007,261285.35,-76982.0,5.71,5.96,6.05
2024-01-09,5.57,5.63,5.48,5.48,112060.0,5.8549999999999995,5.797946101537109,-0.027748621033291343,36.02484440723742,-0.6199999999999992,6.365335287103653,5.344664712896346,0.15857142857142856,259116.4,-189042.0,5.55,5.81,6.1
2024-01-10,5.5,5.55,5.43,5.46,87909.0,5.854,5.765760758533575,-0.0499076633581188,27.08333307002316,-0.7700000000000005,6.367497809148209,5.340502190851791,0.15000000000000005,251883.45,-276951.0,5.48,5.63,6.23
2024-01-11,5.46,5.52,5.27,5.3,241634.0,5.8495,5.721402591054186,-0.0794626499336557,27.857142578571455,-0.9199999999999999,6.381367613128255,5.317632386871745,0.14857142857142863,249627.2,-518585.0,5.46,5.7,6.22
2024-01-12,5.41,5.69,5.41,5.65,414049.0,5.839499999999999,5.714602344287121,-0.07379417430035407,37.65432066224665,-0.4399999999999995,6.378796813110914,5.300203186889084,0.16214285714285723,253205.35,-104536.0,5.3,5.71,6.09
2024-01-16,5.59,5.6,5.46,5.47,114375.0,5.820500000000001,5.691306882926443,-0.08287025197890152,31.999999744000036,-0.4900000000000002,6.384451285690165,5.256548714309837,0.1617857142857144,228658.2,-218911.0,5.65,5.55,5.96
2024-01-17,5.39,5.39,5.3,5.31,159421.0,5.7844999999999995,5.654991941695354,-0.1017995939357883,24.157303180785263,-0.5,6.383006034793485,5.185993965206514,0.1625000000000001,217739.95,-378332.0,5.47,5.48,5.81
2024-01-18,5.37,5.4,5.29,5.4,143732.0,5.758,5.630706994867225,-0.10829101102751881,27.95698903688293,-0.22999999999999954,6.37599676374558,5.14000323625442,0.16214285714285723,214163.2,-234600.0,5.31,5.46,5.63
2024-01-19,5.41,5.41,5.26,5.38,202144.0,5.720999999999999,5.606830138213204,-0.11373815071410842,29.71428547657146,-0.3200000000000003,6.3363441484670515,5.105655851532947,0.1635714285714287,201793.2,-436744.0,5.4,5.3,5.7
2024-01-22,5.33,5.445,5.31,5.4,92923.0,5.695,5.587132029811946,-0.11511430562087899,32.926828987210044,-0.3099999999999996,6.318825211687418,5.071174788312582,0.16321428571428592,194558.95,-343821.0,5.38,5.65,5.71
2024-01-23,5.42,5.59,5.37,5.59,410679.0,5.672,5.587405169829856,-0.09972453045002982,43.4523805902778,0.040000000000000036,6.274262401283701,5.069737598716299,0.16250000000000014,203259.85,66858.0,5.4,5.47,5.55
2024-01-24,5.69,5.69,5.29,5.44,272078.0,5.639,5.573366582227013,-0.09849593300367765,44.242423867034006,-0.040000000000000036,6.214239995681446,5.063760004318555,0.18071428571428585,202872.35,-205220.0,5.59,5.31,5.48
2024-01-25,5.5,5.55,5.41,5.5,128656.0,5.6025,5.566379288681583,-0.09162472481210493,43.90243864961333,0.040000000000000036,6.108292759724261,5.096707240275739,0.17750000000000007,201062.05,-76564.0,5.44,5.4,5.46
2024-01-26,5.46,5.51,5.38,5.39,71763.0,5.561,5.549581261188099,-0.09397179830055258,40.804597372836575,0.08999999999999986,5.982670861916594,5.139329138083406,0.17607142857142863,194706.1,-148327.0,5.5,5.38,5.3
2024-01-29,5.39,5.46,5.37,5.44,87938.0,5.528499999999999,5.539144950598756,-0.09075127407558448,46.62576647069896,-0.20999999999999996,5.871322648640754,5.185677351359245,0.1717857142857143,184149.2,-60389.0,5.39,5.4,5.65
2024-01-30,5.49,5.49,5.37,5.37,902214.0,5.4990000000000006,5.523035907684588,-0.09277776315954167,46.625766470698935,-0.09999999999999964,5.781760825098767,5.216239174901234,0.1696428571428572,219703.6,-962603.0,5.44,5.59,5.47
2024-01-31,5.4,5.465,5.26,5.26,193095.0,5.4715,5.497984868857484,-0.10208288109549457,44.18604615197405,-0.04999999999999982,5.733096314153997,5.209903685846003,0.17571428571428577,219885.5,-1155698.0,5.37,5.44,5.31
2024-02-01,5.34,5.455,5.305,5.44,247525.0,5.462000000000001,5.492462500394867,-0.0938512226085031,54.02298807107941,0.040000000000000036,5.712943482838182,5.211056517161819,0.16857142857142865,224338.6,-908173.0,5.26,5.5,5.4
2024-02-02,5.3,5.395,5.265,5.35,212171.0,5.4445,5.478894643214403,-0.09351172254391038,39.8648644877648,-0.03000000000000025,5.6734081636124625,5.215591836387537,0.15785714285714292,230214.15,-1120344.0,5.44,5.39,5.38
2024-02-05,5.24,5.32,5.2,5.26,170032.0,5.422,5.458047534336841,-0.09935941617493871,42.44604273795355,-0.14000000000000057,5.628382373788401,5.215617626211598,0.15642857142857153,221464.65,-1290376.0,5.35,5.44,5.4
2024-02-06,5.26,5.42,5.26,5.37,126845.0,5.412999999999999,5.44966205487619,-0.09403386618871412,52.2388054243707,-0.21999999999999975,5.611425380380021,5.214574619619977,0.16142857142857153,219562.15,-1163531.0,5.26,5.37,5.59
2024-02-07,5.39,5.395,5.23,5.27,113825.0,5.4025,5.4325513829832195,-0.09676688881145612,45.18518471659807,-0.17000000000000082,5.608092852630243,5.196907147369757,0.1653571428571429,219650.4,-1277356.0,5.37,5.26,5.44
2024-02-08,5.2,5.26,5.09,5.09,193007.0,5.3839999999999995,5.399927441746723,-0.1121641389527932,40.397350618832526,-0.41000000000000014,5.6303544728958625,5.137645527104136,0.1667857142857143,224905.3,-1470363.0,5.27,5.44,5.5
2024-02-09,5.1,5.14,5.05,5.05,88067.0,5.371499999999999,5.366601018723225,-0.12614012015818066,38.56209115041223,-0.33999999999999986,5.657913392806544,5.085086607193454,0.1635714285714285,217226.95,-1558430.0,5.09,5.35,5.39
2024-02-12,4.99,5.13,4.99,5.1,145927.0,5.344,5.341210445511489,-0.13166391250553033,32.3741003933544,-0.34000000000000075,5.623352635099172,5.064647364900829,0.15785714285714278,203820.85,-1412503.0,5.05,5.26,5.44
2024-02-13,4.95,4.95,4.465,4.53,1966386.0,5.297,5.263952307843728,-0.1799607516070294,24.861878260736873,-0.8399999999999999,5.749646021801406,4.844353978198593,0.16392857142857137,296421.4,-3378889.0,5.1,5.37,5.37
2024-02-14,4.6,4.9,4.6,4.9,1035843.0,5.2765,5.2292901832871825,-0.1862339764228942,35.849056367034564,-0.35999999999999943,5.762570170372883,4.790429829627118,0.17535714285714285,340242.5,-2343046.0,4.53,5.27,5.26
2024-02-15,4.94,5.12,4.94,5.08,421217.0,5.2604999999999995,5.215072070593165,-0.1746677437069648,42.92237415483415,-0.3600000000000003,5.750504296436595,4.770495703563404,0.1789285714285714,354116.75,-1921829.0,4.9,5.09,5.44
2024-02-16,5.11,5.15,5.02,5.1,219794.0,5.2465,5.204112825774769,-0.1620199367769981,42.12962935656721,-0.25,5.738125659901607,4.754874340098393,0.18178571428571436,354999.25,-1702035.0,5.08,5.05,5.35
2024-02-20,5.22,5.24,5.015,5.11,288610.0,5.232,5.195149699510505,-0.14946659012307695,43.80952351746033,-0.14999999999999947,5.721665836646742,4.7423341633532585,0.18928571428571436,364783.6,-1413425.0,5.1,5.1,5.26
2024-02-21,5.2,5.265,5.04,5.23,235586.0,5.214,5.1984687757476005,-0.12835545301006057,49.28909919902969,-0.13999999999999968,5.673812318692159,4.754187681307842,0.19071428571428578,356028.95,-1177839.0,5.11,4.53,5.37
2024-02-22,5.25,5.25,5.09,5.15,229012.0,5.1995,5.193852701866876,-0.11673436507798307,42.78606935372887,-0.11999999999999922,5.6474414905401975,4.751558509459802,0.19142857142857148,353875.65,-1406851.0,5.23,4.9,5.27
2024-02-23,5.14,5.2,4.88,5.1,466204.0,5.1795,5.1849143493081264,-0.11028779274085743,43.65482202478807,0.009999999999999787,5.606162691867456,4.752837308132544,0.20500000000000007,370753.05,-1873055.0,5.15,5.08,5.09
2024-02-26,5.11,5.18,4.97,5.16,366573.0,5.168,5.182541554135924,-0.09919392444279751,47.422680070145624,0.11000000000000032,5.583012999162302,4.752987000837698,0.2114285714285715,385493.55,-1506482.0,5.1,5.1,5.05
2024-02-27,5.19,5.205,5.075,5.09,206655.0,5.1505,5.173728072789646,-0.09495574313773858,42.631578633241,-0.009999999999999787,5.546292343214687,4.754707656785313,0.20928571428571432,391429.4,-1713137.0,5.16,5.11,5.1
2024-02-28,5.04,5.09,4.9,5.0,229714.0,5.132,5.157182542047775,-0.09773255969296457,42.857142539682556,0.46999999999999975,5.519086281691418,4.744913718308581,0.21107142857142863,357804.4,-1942851.0,5.09,5.23,4.53
2024-02-29,5.09,5.16,5.0,5.02,185930.0,5.12,5.144117538043226,-0.09719893253538281,47.97687822446456,0.11999999999999922,5.505254529670428,4.734745470329572,0.21035714285714294,357446.15,-1756921.0,5.0,5.15,4.9
2024-03-01,5.03,5.27,4.98,5.19,657317.0,5.1075,5.148487296324823,-0.08211197996631636,53.76344045554401,0.11000000000000032,5.4642027363299395,4.75079726367006,0.22464285714285717,377935.75,-1099604.0,5.02,5.1,5.08
2024-03-04,5.27,5.34,5.19,5.32,702559.0,5.106,5.1648218395319825,-0.05898564525053995,55.670102691040505,0.22000000000000064,5.458638177471654,4.753361822528346,0.22535714285714287,402455.15,-397045.0,5.19,5.16,5.1
2024-03-05,5.38,5.43,5.2999,5.38,417647.0,5.112,5.185314997671794,-0.03540821665026961,79.72027893980143,0.2699999999999996,5.479443515172208,4.744556484827792,0.20000714285714283,414835.9,20602.0,5.32,5.09,5.11
2024-03-06,5.44,5.52,5.405,5.5,429088.0,5.1185,5.215284997893528,-0.006959747919276005,75.42372791870149,0.2699999999999996,5.509034047306079,4.727965952693921,0.186792857142857,429948.05,449690.0,5.38,5.0,5.23
2024-03-07,5.58,5.7,5.49,5.69,317090.0,5.1395,5.260495950475097,0.030564891766956315,75.63025121107265,0.54,5.602736895176362,4.676263104823638,0.18893571428571418,440111.3,766780.0,5.5,5.02,5.15
2024-03-08,5.68,5.71,5.59,5.61,1198542.0,5.1655,5.29378205042985,0.05323447367043155,70.39999921152,0.5100000000000007,5.673270151068172,4.657729848931828,0.1882214285714284,490388.05,-431762.0,5.69,5.19,5.1
2024-03-11,5.58,5.7296,5.58,5.69,443577.0,5.1975,5.331517093246054,0.07677062725817052,71.96969620638198,0.5300000000000002,5.753041461809538,4.641958538190462,0.18283571428571405,508163.55,11815.0,5.61,5.32,5.16
2024-03-12,5.56,5.67,5.5,5.66,1502702.0,5.2255,5.362801179603573,0.09194259799670945,67.47967402868659,0.5700000000000003,5.8157176226658,4.6352823773342005,0.17890714285714265,576002.3,-1490887.0,5.69,5.38,5.09
2024-03-13,5.69,5.85,5.68,5.83,301969.0,5.2905,5.407296305355613,0.1163429078419318,75.75757495408628,0.8300000000000001,5.843367167828914,4.737632832171085,0.17962142857142835,492781.45,-1188918.0,5.66,5.5,5.0
2024-03-14,5.79,5.8,5.655,5.67,359636.0,5.329000000000001,5.432315704845555,0.12137061176226016,69.93006924543987,0.6500000000000004,5.874561998985312,4.783438001014689,0.16712142857142828,458971.1,-1548554.0,5.83,5.69,5.02
2024-03-15,5.68,5.76,5.63,5.66,362011.0,5.3580000000000005,5.4539999234316925,0.12312883553076492,68.11594133795421,0.46999999999999975,5.909461216845046,4.806538783154955,0.16140714285714258,456010.8,-1910565.0,5.67,5.61,5.19
2024-03-18,5.63,5.725,5.6,5.66,344626.0,5.386,5.47361897834296,0.12310318314775959,71.75572442398463,0.33999999999999986,5.9391688616269835,4.832831138373017,0.16104999999999972,462252.4,-1910565.0,5.66,5.69,5.32
2024-03-19,5.66,5.66,5.46,5.51,457099.0,5.406000000000001,5.477083837548392,0.10971441054751985,68.61313798497521,0.1299999999999999,5.945918122447633,4.866081877552368,0.1617642857142855,470676.85,-2367664.0,5.66,5.66,5.38
2024-03-20,5.5,5.83,5.48,5.78,537576.0,5.4335,5.505932995877116,0.11951274768090325,73.45678948864503,0.28000000000000025,5.991401141969199,4.875598858030802,0.175335714285714,485776.35,-1830088.0,5.51,5.83,5.5
2024-03-21,5.88,5.9499,5.76,5.77,385796.0,5.4645,5.53108223436501,0.12502981889811782,69.86301302871078,0.07999999999999918,6.02496878874555,4.90403121125445,0.16818571428571413,493615.55,-2215884.0,5.78,5.67,5.69
2024-03-22,5.76,5.76,5.6394,5.66,225413.0,5.4925,5.543360116806437,0.1191525535848239,61.8055549546682,0.04999999999999982,6.031851462406481,4.953148537593519,0.16608571428571414,481576.0,-2441297.0,5.77,5.66,5.61
2024-03-25,5.7,5.7705,5.655,5.67,360692.0,5.518,5.555421058062967,0.11398771411675046,60.43165406759484,-0.020000000000000462,6.039075810223435,4.996924189776564,0.16504285714285702,481281.95,-2080605.0,5.66,5.66,5.69
2024-03-26,5.78,5.83,5.695,5.76,358258.0,5.5515,5.574904766818874,0.1158216597141486,59.55882291630622,0.09999999999999964,6.041968090061353,5.061031909938647,0.16647142857142846,488862.1,-1722347.0,5.67,5.51,5.66
2024-03-27,5.82,5.89,5.73,5.81,630851.0,5.592,5.5972947890266,0.11992720557428349,54.91803215667829,-0.020000000000000462,6.020588871825485,5.1634111281745145,0.16289999999999985,508918.95,-1091496.0,5.76,5.78,5.83
2024-03-28,5.9,5.92,5.81,5.91,460638.0,5.6365,5.6270762376907335,0.12975430822306944,62.09677349245576,0.2400000000000002,5.993933836350774,5.279066163649226,0.16218571428571416,522654.35,-630858.0,5.81,5.77,5.67
2024-04-01,6.02,6.04,5.89,5.93,332521.0,5.6735,5.655926119815425,0.13757036316957905,60.16949081154838,0.2699999999999996,5.986803283366823,5.360196716633176,0.16221428571428564,506414.55,-298337.0,5.91,5.66,5.66
2024-04-02,5.94,6.0,5.9,5.97,425325.0,5.7059999999999995,5.685837917928242,0.14531717930050547,63.02520934256054,0.3099999999999996,5.99910677055875,5.412893229441249,0.1572142857142856,492552.85,126988.0,5.93,5.67,5.66
2024-04-03,5.96,6.09,5.94,6.05,687518.0,5.7395,5.720520020982695,0.1561123462682259,59.99999923636363,0.54,6.028853180659737,5.4501468193402625,0.15578571428571417,506046.4,814506.0,5.97,5.76,5.51
2024-04-04,6.08,6.3,6.05,6.16,775654.0,5.7725,5.762375257079581,0.17156596126509172,73.33333235555557,0.3799999999999999,6.095438807956279,5.449561192043721,0.1632857142857142,523374.7,1590160.0,6.05,5.81,5.78
2024-04-05,6.16,6.25,6.0875,6.15,909012.0,5.7955,5.799291899262478,0.1809206061809192,73.33333235555557,0.3800000000000008,6.156928452554308,5.434071547445691,0.16560714285714276,552970.8,681148.0,6.16,5.91,5.77
2024-04-08,6.19,6.26,6.025,6.03,505580.0,5.8165,5.821264099332718,0.17661532756314724,65.81196502447222,0.3700000000000001,6.1813373826645055,5.451662617335494,0.17346428571428557,518322.7,175568.0,6.15,5.93,5.66
2024-04-09,6.125,6.25,6.045,6.09,769744.0,5.8365,5.846857994634364,0.17601585719222168,76.85185085562415,0.41999999999999993,6.215711092442709,5.457288907557291,0.1738214285714284,534631.05,945312.0,6.03,5.97,5.67
2024-04-10,5.96,6.13,5.8602,6.07,492545.0,5.856999999999999,5.8681096141929965,0.17194486713960266,67.46987838002616,0.3100000000000005,6.240342639093777,5.473657360906222,0.16809285714285702,484123.2,452767.0,6.09,6.05,5.76
2024-04-11,6.12,6.155,5.98,6.13,420910.0,5.872,5.893051555698426,0.17158218128513258,70.45454433367777,0.3200000000000003,6.273921699627668,5.4700783003723314,0.16702857142857125,490070.25,873677.0,6.07,6.16,5.81
2024-04-12,6.2,6.28,5.94,5.99,1319103.0,5.888,5.902284740870004,0.15817458770373616,68.13186708368559,0.08000000000000007,6.2814516622487835,5.494548337751216,0.18269999999999983,538043.6,-445426.0,6.13,6.15,5.91
2024-04-15,6.07,6.08,5.95,6.0,519328.0,5.904999999999999,5.911590956025242,0.14666522375041424,68.13186708368559,0.07000000000000028,6.286161659307873,5.523838340692126,0.1837357142857141,545909.45,73902.0,5.99,6.03,5.93
2024-04-16,5.91,6.0,5.82,5.95,463329.0,5.9195,5.915248960213314,0.13198791497522055,60.919539249570676,-0.019999999999999574,6.283077255961712,5.555922744038289,0.1869499999999998,551844.6,-389427.0,6.0,6.09,5.97
2024-04-17,6.13,6.15,5.99,6.06,381112.0,5.947,5.929034773526332,0.1277593883001833,63.44085926003011,0.009999999999999787,6.259820782725957,5.634179217274043,0.1869499999999999,548045.25,-8315.0,5.95,6.07,6.05
2024-04-18,6.15,6.18,6.05,6.07,436751.0,5.961499999999999,5.942460033190491,0.12378821302271081,59.523808531746084,-0.08999999999999986,6.268559054837847,5.654440945162151,0.18837857142857128,543004.0,428436.0,6.06,6.13,6.16
2024-04-19,6.07,6.19,6.02,6.19,360335.0,5.9825,5.96603526812473,0.12883884757987119,63.82978628338621,0.040000000000000036,6.291854165965191,5.673145834034809,0.18980714285714276,541730.95,788771.0,6.07,5.99,6.15
2024-04-22,6.0,6.225,5.94,6.07,589903.0,6.003,5.97593667116047,0.12175500195115418,54.901960030757444,0.040000000000000036,6.2743785470325415,5.731621452967459,0.20302142857142844,559955.45,198868.0,6.19,6.0,6.03
2024-04-23,6.01,6.34,6.01,6.34,493184.0,6.0365,6.010609369145187,0.1363559139902666,61.98347035721606,0.25,6.300100575033356,5.772899424966645,0.21587857142857134,566580.05,692052.0,6.07,5.95,6.09
2024-04-24,6.32,6.37,6.2,6.22,437263.0,6.0595,6.030551333988503,0.13666881445272328,52.45901579145391,0.14999999999999947,6.300853638769731,5.818146361230268,0.2101642857142856,570530.3,254789.0,6.34,6.06,6.07
2024-04-25,6.22,6.31,6.14,6.29,505479.0,6.0835,6.0552607307515025,0.1409405290797805,55.46874939331055,0.16000000000000014,6.315677336942037,5.851322663057963,0.21069999999999992,564261.7,760268.0,6.22,6.07,6.13
2024-04-26,6.37,6.455,6.2795,6.36,426757.0,6.106,6.084283518298979,0.14826519832877416,63.41463342454891,0.3700000000000001,6.354057718241079,5.857942281758921,0.20645,562567.65,1187025.0,6.29,6.19,5.99
2024-04-29,6.38,6.41,6.245,6.29,351390.0,6.1240000000000006,6.103875564175267,0.14673022300492544,58.064515473465164,0.29000000000000004,6.370525326979054,5.877474673020947,0.20359285714285713,563511.1,835635.0,6.36,6.07,6.0
2024-04-30,6.12,6.22,6.07,6.07,355380.0,6.1290000000000004,6.100649319968099,0.12630561375098903,49.999999513888895,0.1200000000000001,6.366256246104953,5.891743753895048,0.19503571428571423,560013.85,480255.0,6.29,6.34,5.95
2024-05-01,6.11,6.265,6.065,6.13,342251.0,6.133000000000001,6.10344462282828,0.1136503706627563,49.999999513888895,0.07000000000000028,6.367327705754645,5.898672294245356,0.19682142857142848,542750.5,822506.0,6.07,6.22,6.06
2024-05-02,6.13,6.14,5.9904,6.04,298170.0,6.127,6.097402277797015,0.09526064733151873,51.79856062936701,-0.03000000000000025,6.364540024328362,5.889459975671637,0.18322142857142845,518876.3,524336.0,6.13,6.29,6.07
2024-05-03,6.28,6.28,6.03,6.13,442879.0,6.126,6.100506822768728,0.08694663901421507,54.42176818918044,-0.0600000000000005,6.363300608822213,5.888699391177788,0.19179285714285704,495569.65,967215.0,6.04,6.36,6.19
2024-05-06,6.22,6.415,6.2,6.38,360059.0,6.1435,6.127125220600278,0.09938498683831831,62.874250969916446,0.3099999999999996,6.401694133408063,5.8853058665919376,0.19429285714285705,488293.6,1327274.0,6.13,6.29,6.07
2024-05-07,6.39,6.54,6.36,6.5,295933.0,6.164,6.1626371043526325,0.1175701868808039,63.09523756944445,0.16000000000000014,6.465742309019894,5.862257690980106,0.19572142857142844,464603.05,1623207.0,6.38,6.07,6.34
2024-05-08,6.46,6.59,6.44,6.54,409203.0,6.187500000000001,6.19857642774762,0.13366890226357064,63.742689536609554,0.3200000000000003,6.529005952787797,5.845994047212205,0.19714999999999985,460435.95,2032410.0,6.5,6.13,6.22
2024-05-09,6.57,6.62,6.52,6.58,391775.0,6.21,6.234902482247846,0.14794944633263185,61.963189651849895,0.29000000000000004,6.592402378323404,5.827597621676596,0.19214999999999982,458979.2,2424185.0,6.54,6.04,6.29
2024-05-10,6.68,6.69,6.56,6.6,306575.0,6.2405,6.269673674414718,0.1590473145788316,67.32026082190609,0.23999999999999932,6.645649744896256,5.8353502551037435,0.18107857142857137,408352.8,2730760.0,6.58,6.13,6.36
2024-05-13,6.6,6.6,6.43,6.5,399790.0,6.2655,6.29160951494665,0.1579525133959141,55.882352365916965,0.20999999999999996,6.669869554791324,5.861130445208676,0.1696499999999999,402375.9,2330970.0,6.6,6.38,6.29
2024-05-14,6.63,6.846,6.495,6.53,705548.0,6.2945,6.314313370666016,0.15768789667501437,62.20472372372748,0.45999999999999996,6.686604980572172,5.9023950194278285,0.18257857142857134,414486.85,3036518.0,6.5,6.5,6.07
2024-05-15,6.64,6.8,6.56,6.72,651395.0,6.3275,6.352950192507348,0.17084025659845548,65.46762523989443,0.5899999999999999,6.74666583830273,5.90833416169727,0.18757857142857137,428001.0,3687913.0,6.53,6.54,6.13
2024-05-16,6.66,7.0,6.62,6.98,724464.0,6.373,6.412669221792362,0.19993865357950646,69.62025254766866,0.9400000000000004,6.865602113378836,5.880397886621164,0.2021857142857142,442386.65,4412377.0,6.72,6.58,6.04
2024-05-17,7.05,7.3,7.05,7.21,544544.0,6.424000000000001,6.488605486383566,0.2388056166758643,76.43678099418685,1.08,7.034035374297894,5.813964625702108,0.20825714285714275,451597.1,4956921.0,6.98,6.6,6.13
2024-05-20,7.26,7.44,7.21,7.34,424952.0,6.4875,6.56969067815656,0.27690587908933484,88.48484773406798,0.96,7.198433411642405,5.7765665883575945,0.21397142857142853,443349.55,5381873.0,7.21,6.5,6.38
2024-05-21,7.24,7.51,7.2,7.5,469656.0,6.5455,6.658291565951173,0.3163644213512278,89.14285642971431,1.0,7.383655242497685,5.707344757502314,0.22182857142857143,442173.15,5851529.0,7.34,6.53,6.5
2024-05-22,7.36,7.42,6.94,6.98,923633.0,6.583499999999999,6.688930464432014,0.3021924620815737,71.55963256796568,0.4400000000000004,7.428404852942834,5.738595147057164,0.2454285714285714,466491.65,4927896.0,7.5,6.72,6.54
2024-05-23,7.07,7.07,6.83,6.88,534924.0,6.613000000000001,6.707127563057536,0.27966807889399625,67.12328724213424,0.2999999999999998,7.455954703159659,5.770045296840344,0.24471428571428572,467963.9,4392972.0,6.98,6.98,6.58
2024-05-24,6.98,7.11,6.96,7.02,327594.0,6.646000000000001,6.736924938004438,0.2700017600884861,65.38461494452662,0.41999999999999993,7.498868842881445,5.793131157118556,0.24007142857142863,463005.75,4720566.0,6.88,7.21,6.6
2024-05-28,7.23,7.32,7.105,7.21,497713.0,6.692,6.781979705813539,0.2745081846635946,66.51162747387778,0.71,7.563069518042733,5.820930481957268,0.24257142857142863,470321.9,5218279.0,7.02,7.34,6.5
2024-05-29,7.09,7.17,6.95,7.0,2608152.0,6.7385,6.802743543355106,0.25815842475553463,59.913792741899535,0.46999999999999975,7.56806615167209,5.90893384832791,0.24757142857142864,582960.5,2610127.0,7.21,7.5,6.53
2024-05-30,6.99,7.055,6.91,6.93,460227.0,6.778500000000001,6.814863205892715,0.236822762084417,57.44680816840199,0.20999999999999996,7.560300216773705,5.996699783226298,0.2507857142857143,588859.3,2149900.0,7.0,6.98,6.72
2024-05-31,7.04,7.07,6.815,6.89,724615.0,6.821,6.82201909104579,0.21421706908393112,56.11814312841603,-0.09000000000000075,7.52200379156572,6.119996208434279,0.2597142857142857,610181.55,1425285.0,6.93,6.88,6.98
2024-06-03,6.94,7.02,6.82,7.01,704317.0,6.864999999999999,6.839922034755714,0.20363748511772695,60.66945571155967,-0.20000000000000018,7.4897020342363145,6.240297965763684,0.26185714285714273,623253.45,2129602.0,6.89,7.02,7.21
2024-06-04,6.9,6.98,6.665,6.8,522895.0,6.886,6.836119936207551,0.17627584596643509,55.25291798694907,-0.54,7.4688929666125325,6.303107033387468,0.25928571428571423,631395.25,1606707.0,7.01,7.21,7.34
2024-06-05,6.82,6.9562,6.76,6.95,375186.0,6.908499999999999,6.846965656568736,0.16479563434797395,54.545454243622,-0.5499999999999998,7.4626907328899454,6.354309267110053,0.2561571428571428,635357.9,1981893.0,6.8,7.0,7.5
2024-06-06,6.95,7.215,6.95,7.14,495316.0,6.9385,6.874873689276476,0.16907984835539924,53.25203221726484,0.15999999999999925,7.473320186211208,6.403679813788792,0.24794285714285705,639663.55,2477209.0,6.95,6.93,6.98
2024-06-07,6.9,6.92,6.585,6.67,1136547.0,6.943,6.855361909345383,0.13301671387332092,39.99999979259259,-0.20999999999999996,7.466514439553578,6.419485560446422,0.25401428571428564,676902.15,1340662.0,7.14,6.89,6.88
2024-06-10,6.7,6.845,6.59,6.82,343677.0,6.954000000000001,6.851994108455346,0.11521207302449898,40.441176262435135,-0.1999999999999993,7.455970852582249,6.452029147417752,0.25579999999999986,678757.25,1684339.0,6.67,7.01,7.02
2024-06-11,6.75,6.83,6.66,6.81,352248.0,6.969499999999999,6.847994669554837,0.09915188920812756,36.57587528713531,-0.40000000000000036,7.429864843872474,6.509135156127524,0.24579999999999988,676380.15,1332091.0,6.82,6.8,7.21
2024-06-12,6.98,7.01,6.74,6.77,404085.0,6.9815,6.84056660578771,0.08224830492489854,44.97607625374876,-0.23000000000000043,7.404634916893869,6.55836508310613,0.2307999999999999,661307.0,928006.0,6.81,6.95,7.0
2024-06-13,6.73,6.83,6.655,6.7,728086.0,6.980500000000001,6.827179309998404,0.06248340788764306,45.631067651051005,-0.22999999999999954,7.406323042070224,6.554676957929778,0.22615714285714272,665141.55,199920.0,6.77,7.14,6.93
2024-06-14,6.75,6.87,6.7,6.82,758827.0,6.972500000000001,6.826495566189032,0.05585867747285089,45.09803890618995,-0.0699999999999994,7.404332082375159,6.540667917624843,0.2275857142857141,666859.7,958747.0,6.7,6.67,6.89
2024-06-17,6.82,6.82,6.64,6.72,695248.0,6.948,6.816353131313886,0.04205458764838266,37.435897167126896,-0.29000000000000004,7.378695887336373,6.517304112663628,0.22508571428571417,674394.9,263499.0,6.82,6.82,7.01
2024-06-18,6.72,6.825,6.65,6.79,647449.0,6.9205,6.8138433092839925,0.036344208498356956,44.19889468575441,-0.009999999999999787,7.314479694908307,6.526520305091692,0.22187142857142847,685519.75,910948.0,6.72,6.81,6.8
2024-06-20,6.85,7.019,6.83,6.99,521638.0,6.8950000000000005,6.830620136971231,0.04741050143627401,51.546391380593064,0.040000000000000036,7.182749891398839,6.607250108601162,0.22501428571428564,688118.85,1432586.0,6.79,6.77,6.95
2024-06-21,7.0,7.05,6.865,6.92,690648.0,6.892,6.839132504878733,0.049956337837139486,50.7614209590559,-0.21999999999999975,7.177258885188508,6.606741114811492,0.22001428571428563,676469.6,741938.0,6.99,6.7,7.14
2024-06-24,6.91,7.03,6.88,7.01,967840.0,6.8984999999999985,6.855405599652187,0.05856112310239325,49.99999963917526,0.33999999999999986,7.1884927403810766,6.6085072596189205,0.21644285714285713,698115.4,1709778.0,6.92,6.82,6.67
2024-06-25,7.0,7.0,6.72,6.8,1118908.0,6.8875,6.850128875875788,0.0478832641855691,49.99999963917526,-0.020000000000000462,7.174764777916858,6.600235222083143,0.21394285714285713,737681.1,590870.0,7.01,6.72,6.82
2024-06-26,6.75,6.815,6.72,6.8,479755.0,6.867,6.845354697220951,0.03897174208073739,45.81005550763085,-0.009999999999999787,7.112901135461175,6.621098864538825,0.2067142857142857,736783.2,590870.0,6.8,6.79,6.81
2024-06-27,6.92,6.98,6.855,6.9,374775.0,6.862,6.850559011771336,0.039522865802102736,42.94117611695504,0.13000000000000078,7.100468799680576,6.623531200319424,0.19671428571428576,625114.35,965645.0,6.8,6.99,6.77
2024-06-28,6.96,6.96,6.67,6.72,666907.0,6.8515,6.838124820174066,0.025145280629569555,51.77304913133142,0.019999999999999574,7.095784131376042,6.607215868623958,0.19350000000000003,635448.35,298738.0,6.9,6.92,6.7
2024-07-01,6.77,6.84,6.61,6.65,225853.0,6.839499999999999,6.820208170633679,0.008010189379864308,43.60902209734865,-0.16999999999999993,7.098930550487712,6.580069449512287,0.19171428571428573,610510.25,72885.0,6.72,7.01,6.82
2024-07-02,6.71,6.85,6.59,6.72,582616.0,6.825,6.810664535335233,7.802167158654782e-05,46.76258945706745,0.0,7.076605371878138,6.5733946281218625,0.19814285714285715,604425.2,655501.0,6.65,6.8,6.72
2024-07-03,6.8,6.89,6.75,6.78,606159.0,6.824,6.807744103398544,-0.0013512040208460974,50.3546094291032,-0.009999999999999787,7.076182056208854,6.571817943791146,0.18885714285714286,608588.4,1261660.0,6.72,6.8,6.79
2024-07-05,6.83,6.89,6.76,6.83,305279.0,6.8180000000000005,6.809863712598683,0.001533034559250801,54.67625844210962,-0.16000000000000014,7.063172334663298,6.572827665336703,0.18564285714285716,605093.05,1566939.0,6.78,6.9,6.99
2024-07-08,6.81,6.85,6.7,6.81,510899.0,6.8015,6.80987669235119,0.002179853575170476,49.61240256234599,-0.11000000000000032,6.99423925664657,6.60876074335343,0.1842142857142857,605872.2,1056040.0,6.83,6.72,6.92
2024-07-09,6.78,6.87,6.76,6.83,754139.0,6.8095,6.811793197841553,0.004257220560752728,54.545453914350134,-0.17999999999999972,6.99228258583424,6.62671741416576,0.1792142857142857,586751.8,1810179.0,6.81,6.65,7.01
2024-07-10,6.89,6.92,6.72,6.75,767973.0,6.805999999999999,6.805908131380453,-0.0005454943957019509,48.360655182746584,-0.04999999999999982,6.990607692147539,6.621392307852459,0.181,607966.6,1042206.0,6.83,6.72,6.8
2024-07-11,6.94,7.08,6.74,7.07,679137.0,6.819000000000001,6.8310597379156475,0.02122497660681244,52.98507407329027,0.27000000000000046,7.038175488449059,6.599824511550943,0.19178571428571425,624311.05,1721343.0,6.75,6.78,6.8
2024-07-12,7.04,7.065,6.93,7.03,352311.0,6.832000000000001,6.850006429542729,0.034848850178910595,54.198472703222436,0.1299999999999999,7.069052070673445,6.5949479293265565,0.18821428571428575,621722.35,1369032.0,7.07,6.83,6.9
2024-07-15,7.02,7.02,6.88,6.89,776558.0,6.841499999999999,6.85381534101485,0.03395759618277605,45.588234824827005,0.16999999999999993,7.0713992914529475,6.6116007085470505,0.1875,624145.95,592474.0,7.03,6.81,6.72
2024-07-16,6.92,7.095,6.865,7.02,999153.0,6.8515,6.869642451394388,0.043242709437678606,58.59374935913084,0.3699999999999992,7.094487978910024,6.608512021089975,0.18392857142857139,636162.25,1591627.0,6.89,6.83,6.65
2024-07-17,7.05,7.05,6.81,6.88,1101949.0,6.8595,6.870628884594923,0.03885648528064678,52.8169008877207,0.16000000000000014,7.094668472645373,6.624331527354626,0.1942857142857142,656497.3,489678.0,7.02,6.75,6.72
2024-07-18,6.9,6.92,6.66,6.7,796048.0,6.8549999999999995,6.854378514633502,0.02061820161122263,43.333332928888886,-0.08000000000000007,7.099044862139902,6.610955137860097,0.20392857142857132,663927.25,-306370.0,6.88,7.07,6.78
2024-07-19,6.6,6.64,6.47,6.59,505657.0,6.834999999999999,6.82919960847793,-0.002680945984555372,45.45454500953593,-0.2400000000000002,7.097337669105334,6.572662330894664,0.19535714285714276,663128.2,-812027.0,6.7,7.03,6.83
2024-07-22,6.56,6.755,6.55,6.7,404150.0,6.824000000000001,6.816894883860985,-0.01212978305931145,51.70067977972141,-0.10999999999999943,7.089758101327305,6.558241898672696,0.1935714285714285,648803.3,-407877.0,6.59,6.89,6.81
2024-07-23,6.71,6.73,6.66,6.71,391142.0,6.809,6.806714418731367,-0.018596766147444654,49.64538957798905,-0.1200000000000001,7.064210955052852,6.553789044947148,0.17999999999999997,619968.4,-16735.0,6.7,7.02,6.83
2024-07-24,6.75,6.82,6.54,6.55,485769.0,6.7965,6.782265426471237,-0.03621509456301997,42.38410556729968,-0.20000000000000018,7.076821244289549,6.516178755710451,0.19,588311.45,-502504.0,6.71,6.88,6.75
2024-07-25,6.4,6.595,6.31,6.48,573024.0,6.780499999999999,6.753478242997786,-0.05518996616275462,38.562091150412265,-0.5899999999999999,7.0944879313806055,6.466512068619393,0.2010714285714286,592974.9,-1075528.0,6.55,6.7,7.07
2024-07-26,6.5,6.65,6.47,6.56,869438.0,6.763499999999999,6.7350517436646635,-0.06304560670306092,42.138364408844595,-0.47000000000000064,7.086920859920351,6.440079140079646,0.20321428571428582,617708.05,-206090.0,6.48,6.59,7.03
2024-07-29,6.62,6.67,6.51,6.62,282975.0,6.7585,6.724094434744219,-0.06369551759999759,43.55828183446875,-0.2699999999999996,7.08779110461564,6.42920889538436,0.20678571428571438,598511.45,76885.0,6.56,6.7,6.89
2024-07-30,6.65,6.72,6.535,6.66,327639.0,6.759,6.717990202863818,-0.06028794901921675,47.16981090542305,-0.35999999999999943,7.08762712832894,6.430372871671061,0.20571428571428577,603600.75,404524.0,6.62,6.71,7.02
2024-07-31,6.77,6.79,6.665,6.71,448907.0,6.758500000000001,6.717229231162501,-0.05294255541932902,36.36363597796142,-0.16999999999999993,7.087407281768041,6.4295927182319605,0.19035714285714292,596915.3,853431.0,6.66,6.55,6.88
2024-08-01,6.73,6.73,6.425,6.55,475516.0,6.747,6.701302637718453,-0.05934781619312002,33.333333009259235,-0.15000000000000036,7.088581461348363,6.405418538651637,0.20250000000000007,590383.15,377915.0,6.71,6.48,6.7
2024-08-02,6.9,7.12,6.59,6.68,1092323.0,6.7395,6.699273815078601,-0.05331948415039811,42.65734223971832,0.08999999999999986,7.079993449971838,6.399006550028161,0.23035714285714295,629735.35,1470238.0,6.55,6.56,6.59
2024-08-05,6.17,6.24,5.8001,6.18,578708.0,6.708,6.649819166023496,-0.0878748423657143,26.666666459259247,-0.5200000000000005,7.128255561345887,6.287744438654113,0.24535000000000018,633125.8,891530.0,6.68,6.62,6.7
2024-08-06,6.25,6.5,6.03,6.38,593787.0,6.6855,6.624122102592687,-0.09799229007574439,36.559139509769906,-0.33000000000000007,7.125953115970886,6.245046884029114,0.2617785714285716,625108.2,1485317.0,6.18,6.66,6.71
2024-08-07,6.43,6.46,6.2401,6.28,618124.0,6.662000000000001,6.591348569012431,-0.11277955206078172,38.20224689054412,-0.2699999999999996,7.136778618771052,6.18722138122895,0.2589142857142859,617615.75,867193.0,6.38,6.71,6.55
2024-08-08,6.38,6.59,6.27,6.55,1398941.0,6.636,6.587410610058866,-0.10154131515267117,48.9690718115634,0.0699999999999994,7.072078216064915,6.1999217839350855,0.2696285714285716,653605.95,2266134.0,6.28,6.55,6.48
2024-08-09,6.59,6.63,6.43,6.47,295259.0,6.608,6.576228647196117,-0.09796102907720172,43.979057269263436,-0.08999999999999986,7.007978946814428,6.208021053185571,0.2692714285714288,650753.35,1970875.0,6.55,6.68,6.56
2024-08-12,6.51,6.785,6.49,6.7,908912.0,6.5985,6.5880163950822,-0.07569201830382788,49.765257888866856,0.08000000000000007,6.978819810021486,6.218180189978513,0.2853428571428573,657371.05,2879787.0,6.47,6.18,6.62
2024-08-13,6.68,7.0,6.68,6.97,535355.0,6.596000000000001,6.624395786026753,-0.03584373901686533,59.37499962890626,0.3099999999999996,6.965146954049812,6.22685304595019,0.2882000000000002,634181.15,3415142.0,6.7,6.38,6.66
2024-08-14,6.99,7.1,6.945,6.98,713157.0,6.600999999999999,6.658262854024205,-0.0034173807271749013,61.46788951350897,0.27000000000000046,6.988591754841476,6.213408245158522,0.27891428571428584,614741.55,4128299.0,6.97,6.28,6.71
2024-08-15,6.93,6.95,6.79,6.87,888108.0,6.6095,6.67842829649809,0.013251901479777395,57.01357429946153,0.3200000000000003,7.013348590700239,6.205651409299761,0.2774857142857144,619344.55,3240191.0,6.98,6.55,6.55
2024-08-16,6.94,7.192,6.89,7.19,867621.0,6.6395,6.72714941111732,0.05168792710703496,61.53846118966055,0.5100000000000007,7.119257614239831,6.159742385760169,0.2876285714285715,637442.75,4107812.0,6.87,6.47,6.68
2024-08-19,7.19,7.345,7.162,7.3,1117667.0,6.669499999999999,6.781706610058527,0.08998751496209234,62.5984248518197,1.12,7.2329284151047135,6.106071584895285,0.2874857142857144,673118.6,5225479.0,7.19,6.7,6.18
2024-08-20,7.35,7.46,7.29,7.37,796844.0,6.702499999999999,6.837734551957715,0.12455286139827404,62.8906246560669,0.9900000000000002,7.34734596283881,6.057654037161187,0.2907000000000001,693403.7,6022323.0,7.3,6.97,6.38
2024-08-21,7.4,7.48,7.34,7.47,514877.0,6.7485,6.897950308914123,0.15819177542339524,68.39999961696,1.1899999999999995,7.473781070743603,6.023218929256397,0.27891428571428584,694859.1,6537200.0,7.37,6.98,6.28
2024-08-22,7.42,7.42,7.23,7.29,1225915.0,6.789,6.935288374731826,0.1683853203165544,61.960783973548644,0.7400000000000002,7.5411170121729985,6.036882987827001,0.2546285714285715,727503.65,5311285.0,7.47,6.87,6.55
2024-08-23,7.4,7.51,7.305,7.31,3063561.0,6.8265,6.970975196185938,0.17604823645342726,77.29468546757218,0.8399999999999999,7.604872796625341,6.048127203374659,0.23785000000000003,837209.8,8374846.0,7.29,7.19,6.47
2024-08-26,7.4,7.435,7.205,7.42,886918.0,6.866499999999999,7.013739463215849,0.1888206267397976,76.26262572339559,0.7199999999999998,7.681549885460706,6.051450114539293,0.22070714285714285,867406.95,9261764.0,7.31,7.3,6.7
2024-08-27,7.38,7.41,7.29,7.35,723533.0,6.901000000000001,7.045764276242911,0.19109163763001735,77.43589687994739,0.3799999999999999,7.737380673843547,6.064619326156454,0.21357142857142858,887201.65,8538231.0,7.42,7.37,6.97
2024-08-28,7.27,7.28,7.055,7.12,632270.0,6.9215,7.052834345172158,0.172345658845086,64.92146549272225,0.13999999999999968,7.758267590194575,6.084732409805425,0.20678571428571432,896369.8,7905961.0,7.35,7.47,6.98
2024-08-29,7.12,7.205,7.11,7.15,470152.0,6.9515,7.062088217060524,0.1580877477296374,68.27956937854088,0.28000000000000025,7.775106318832663,6.127893681167338,0.1992857142857143,896101.6,8376113.0,7.12,7.29,6.87
2024-08-30,7.15,7.195,7.06,7.08,388976.0,6.971500000000001,7.063794101149998,0.13953140429061595,61.17647008442907,-0.11000000000000032,7.786730674491347,6.156269325508655,0.18785714285714292,860934.25,7987137.0,7.15,7.31,7.19
2024-09-03,6.99,7.0,6.565,6.65,1405910.0,6.995,7.024385139135712,0.08910086281036378,41.3978491507689,-0.6499999999999995,7.73806619383544,6.25193380616456,0.1960714285714286,902294.35,6581227.0,7.08,7.42,7.3
2024-09-04,6.6,6.7,6.55,6.6,450217.0,7.006,6.9839675068370735,0.044585756377541585,39.999999705263136,-0.7700000000000005,7.716534268961361,6.2954657310386395,0.19571428571428579,895115.85,6131010.0,6.65,7.35,7.37
2024-09-05,6.7,6.81,6.695,6.7,515137.0,7.026999999999999,6.956922982376399,0.017178356676204487,45.502645165588866,-0.7699999999999996,7.668678719412918,6.385321280587081,0.19250000000000003,889966.5,6646147.0,6.6,7.12,7.47
2024-09-06,6.7,6.72,6.315,6.39,954002.0,7.019,6.902930317388171,-0.029219786750139143,28.723404041421446,-0.9000000000000004,7.689079335444325,6.348920664555675,0.1998571428571428,867719.55,5692145.0,6.7,7.15,7.29
2024-09-09,6.41,6.52,6.41,6.47,600902.0,7.019,6.861698858589298,-0.05885685311954614,27.567567358948153,-0.8399999999999999,7.689079335444325,6.348920664555675,0.19464285714285706,883001.7,6293047.0,6.39,7.08,7.31
2024-09-10,6.46,6.64,6.43,6.61,487217.0,7.0145,6.837727538723651,-0.07023795237829233,30.208333113064256,-0.8099999999999996,7.6947313847817815,6.334268615218218,0.19749999999999993,861916.95,6780264.0,6.47,6.65,7.42
2024-09-11,6.58,6.65,6.46,6.62,433637.0,6.997,6.816991582654731,-0.07755661473349296,26.775956079309665,-0.7299999999999995,7.699689569852138,6.294310430147862,0.20107142857142848,856831.05,7213901.0,6.61,6.6,7.35
2024-09-12,6.74,7.0499,6.74,6.98,605514.0,6.997000000000002,6.832516193830472,-0.05368882467754332,42.28855691938321,-0.13999999999999968,7.69968956985214,6.294310430147863,0.2096357142857142,851448.9,7819415.0,6.62,6.7,7.12
2024-09-13,7.04,7.07,6.835,6.89,968758.0,6.998,6.837990842037093,-0.04155663788419339,39.90384588526259,-0.2600000000000007,7.699985155038746,6.296014844961254,0.21177857142857137,855481.4,6850657.0,6.98,6.39,7.15
2024-09-16,6.9,6.91,6.76,6.88,1163780.0,6.9825,6.8419917142240365,-0.03237550420970958,36.36363610651976,-0.20000000000000018,7.680312371102142,6.284687628897858,0.20606428571428573,870289.35,5686877.0,6.89,6.47,7.08
2024-09-17,6.83,6.935,6.78,6.88,991454.0,6.961499999999999,6.8456115509646045,-0.02481335669597584,37.69633480222584,0.22999999999999954,7.644196665322265,6.278803334677733,0.20856428571428567,863978.7,5686877.0,6.88,6.61,6.65
2024-09-18,6.91,7.13,6.76,6.77,1119903.0,6.9315,6.838410450872737,-0.027380752726104518,40.22346337255392,0.16999999999999993,7.590950329321429,6.27204967067857,0.2189214285714285,880131.65,4566974.0,6.88,6.62,6.6
2024-09-19,6.97,6.97,6.84,6.9,1010892.0,6.9030000000000005,6.844276122218191,-0.018709843602963794,43.38624306486382,0.20000000000000018,7.511781353888359,6.294218646111642,0.2214214285714285,904932.4,5577866.0,6.77,6.98,6.7
2024-09-20,7.06,7.11,6.9,6.93,6124326.0,6.885000000000001,6.852440301054553,-0.009310016300433155,45.9459455982469,0.54,7.466269029116953,6.3037309708830485,0.2267785714285713,1149852.95,11702192.0,6.9,6.89,6.39
2024-09-23,6.97,7.315,6.97,7.12,1365923.0,6.8755,6.877922177144596,0.013317312967069839,64.5962727302187,0.6500000000000004,7.4332577289563675,6.317742271043632,0.22034999999999996,1064971.05,13068115.0,6.93,6.88,6.47
2024-09-24,7.19,7.565,7.17,7.48,1672977.0,6.8785,6.935262922178444,0.059611461957976175,72.91666613498262,0.8700000000000001,7.449086955410172,6.307913044589828,0.23784999999999995,1104274.0,14741092.0,7.12,6.88,6.61
2024-09-25,7.48,7.585,7.435,7.49,863145.0,6.885499999999999,6.988095024828116,0.09600019450677433,71.58469890590938,0.8700000000000001,7.4832316771719345,6.287768322828063,0.24035000000000004,1111254.6,15604237.0,7.48,6.77,6.62
2024-09-26,7.56,7.82,7.555,7.79,1586810.0,6.919,7.064466927225438,0.14734748986930857,88.46153778106506,0.8099999999999996,7.635391542457963,6.202608457542036,0.2303500000000001,1158981.6,17191047.0,7.49,6.9,6.98
2024-09-27,7.79,7.8,7.395,7.42,1139905.0,6.9325,7.098327219870635,0.15638200914542644,72.51184786011095,0.5300000000000002,7.676850653077485,6.188149346922515,0.25142142857142874,1192469.25,16051142.0,7.79,6.93,6.89
2024-09-30,7.36,7.38,7.0612,7.16,1064472.0,6.9365,7.104200817978193,0.14093746431582233,62.331838173701456,0.28000000000000025,7.6850361152205755,6.187963884779424,0.2591928571428573,1226244.05,14986670.0,7.42,7.12,6.88
2024-10-01,7.26,7.3,7.15,7.25,843114.0,6.966499999999999,7.118086454361222,0.13441039968460888,63.636363250688696,0.3700000000000001,7.714782946766187,6.218217053233811,0.2563357142857144,1198104.25,15829784.0,7.16,7.48,6.88
2024-10-02,7.26,7.29,7.135,7.23,730757.0,6.998,7.128744887279201,0.12616941856695973,56.345177264552035,0.46000000000000085,7.734266542124976,6.2617334578750246,0.24527142857142867,1212131.25,15099027.0,7.25,7.49,6.77
2024-10-03,7.17,7.28,7.11,7.23,1026986.0,7.024500000000001,7.138388231347849,0.11827498129737535,59.042552751810796,0.33000000000000007,7.753723812297082,6.295276187702919,0.2406285714285715,1237723.7,15099027.0,7.23,7.79,6.9
2024-10-04,7.3,7.305,7.12,7.13,568296.0,7.0615,7.137589352171863,0.10276480986092018,56.345177264552035,0.20000000000000018,7.727525920153131,6.395474079846869,0.24312857142857144,1218438.4,14530731.0,7.23,7.42,6.93
2024-10-07,7.11,7.18,6.8615,6.93,637934.0,7.0845,7.117818937679305,0.07348744124489581,51.15207340270551,-0.1900000000000004,7.693881912916284,6.475118087083716,0.2548071428571429,1220290.0,13892797.0,7.13,7.16,7.12
2024-10-08,6.94,6.94,6.8,6.89,517938.0,7.0985,7.096121895995561,0.04652098502170787,52.85714250476191,-0.5900000000000007,7.673900089640182,6.523099910359817,0.2383785714285715,1221826.05,13374859.0,6.93,7.25,7.48
2024-10-09,6.84,6.86,6.68,6.86,568078.0,7.1105,7.073634096376937,0.022470103536154973,48.999999657,-0.6299999999999999,7.65294960959282,6.56805039040718,0.2419500000000001,1228548.1,12806781.0,6.89,7.23,7.49
2024-10-10,6.89,7.12,6.85,7.08,834530.0,7.1155,7.074240372912467,0.020920608314266786,53.424657192719096,-0.71,7.654718733080832,6.5762812669191675,0.24623571428571442,1239998.9,13641311.0,6.86,7.23,7.79
2024-10-11,7.1,7.1894,7.06,7.11,699634.0,7.1265,7.077646051682708,0.021861367233629636,49.753694238151866,-0.3099999999999996,7.655223388032596,6.597776611967404,0.23083571428571442,1226542.7,14340945.0,7.08,7.13,7.42
2024-10-14,7.08,7.16,7.05,7.12,251616.0,7.1385000000000005,7.08167976104626,0.023147017472608056,39.28571395833332,-0.040000000000000036,7.654405948180922,6.622594051819079,0.21047857142857154,1180934.5,14592561.0,7.11,6.93,7.16
2024-10-15,7.11,7.16,7.03,7.15,432579.0,7.152000000000001,7.088186450470426,0.02628367201906112,39.99999967058824,-0.09999999999999964,7.653349757103166,6.650650242896836,0.2090500000000001,1152990.75,15025140.0,7.12,6.89,7.25
2024-10-16,7.28,7.3,7.16,7.16,396713.0,7.1715,7.095025836139909,0.02923935666917732,27.65957419345102,-0.07000000000000028,7.639520467388737,6.703479532611263,0.2001214285714286,1116831.25,15421853.0,7.15,6.86,7.23
2024-10-17,7.25,7.26,7.14,7.17,1199766.0,7.185,7.102166232698013,0.032019572772020055,38.09523758730158,-0.0600000000000005,7.6352864585315405,6.734713541468459,0.17976428571428574,1126274.95,16621619.0,7.16,7.08,7.23
2024-10-18,7.31,7.525,7.26,7.49,1942791.0,7.212999999999999,7.139102781964869,0.05935997487172617,64.86486404674947,0.3600000000000003,7.666157344580668,6.75984265541933,0.17592142857142865,917198.2,18564410.0,7.17,7.11,7.13
2024-10-21,7.65,7.65,7.5,7.55,808481.0,7.2345000000000015,7.178235850349167,0.08489037566345203,63.8888880606996,0.6200000000000001,7.709361752735006,6.759638247264997,0.17592142857142873,889326.1,19372891.0,7.49,7.12,6.93
2024-10-22,7.62,7.67,7.53,7.6,706160.0,7.2405,7.218403864601627,0.10791401872624906,66.66666582582582,0.71,7.7311912417568465,6.749808758243153,0.17485000000000012,840985.25,20079051.0,7.55,7.15,6.89
2024-10-23,7.52,7.52,7.392519,7.45,984459.0,7.2385,7.240460639401472,0.11275688416053598,58.730158077601416,0.5899999999999999,7.725219415550395,6.751780584449605,0.17181292857142866,847050.95,19094592.0,7.6,7.16,6.86
2024-10-24,7.53,7.53,7.29,7.5,895187.0,7.223999999999999,7.265178673744189,0.11925477720259448,65.28925544293426,0.41999999999999993,7.655711404577339,6.79228859542266,0.17574150000000013,812469.8,19989779.0,7.45,7.17,7.08
2024-10-25,7.42,7.51,7.24,7.25,759930.0,7.2155000000000005,7.263733085768552,0.10304367030190509,62.698412001763714,0.13999999999999968,7.637548887165846,6.793451112834155,0.17227721428571444,793471.05,19229849.0,7.5,7.49,7.11
2024-10-28,7.26,7.3,7.16,7.16,544488.0,7.2155000000000005,7.2538537442667845,0.08198888660144288,60.30534286696584,0.040000000000000036,7.637548887165846,6.793451112834155,0.17227721428571435,767471.85,18685361.0,7.25,7.55,7.12
2024-10-29,7.23,7.345,7.21,7.31,576347.0,7.218500000000001,7.259201006717567,0.0765244391254134,65.73426509071349,0.15999999999999925,7.642430232591753,6.794569767408248,0.1690629285714286,754133.5,19261708.0,7.16,7.6,7.15
2024-10-30,7.37,7.37,7.12,7.26,604841.0,7.219999999999999,7.259277101315894,0.06738249948896335,57.142856507936514,0.09999999999999964,7.644313687338967,6.79568631266103,0.16763435714285713,747837.7,18656867.0,7.31,7.45,7.16
2024-10-31,7.09,7.275,6.96,7.08,980547.0,7.2125,7.242203091666761,0.0450931450789227,48.9361697268749,-0.08999999999999986,7.641347905807903,6.783652094192098,0.18089149999999998,745515.75,17676320.0,7.26,7.5,7.17
2024-11-01,6.77,6.91,6.3,6.52,1642666.0,7.182,7.173421844841355,-0.017556270997767243,34.69387730320696,-0.9700000000000006,7.7106965102968195,6.653303489703181,0.2166057857142857,799234.25,16033654.0,7.08,7.25,7.49
2024-11-04,6.56,6.56,6.33,6.37,980308.0,7.153999999999999,7.096905478665988,-0.0784063118440832,31.249999789663434,-1.1799999999999997,7.787765688064962,6.520234311935036,0.22374864285714283,816352.95,15053346.0,6.52,7.16,7.55
2024-11-05,6.35,6.6,6.345,6.36,954219.0,7.1275,7.026724004507323,-0.1259850468450967,30.76923056213016,-1.2399999999999993,7.846355083851385,6.408644916148615,0.23196292857142856,838167.0,14099127.0,6.37,7.31,7.6
2024-11-06,6.08,6.28,5.945,6.2,1296125.0,7.094499999999999,6.947988385030436,-0.1745896392606534,28.251120898871875,-1.25,7.918034743459099,6.270965256540899,0.2473200714285714,874569.35,12803002.0,6.36,7.26,7.45
2024-11-07,6.28,6.545,6.25,6.5,1074076.0,7.0655,6.905322824551346,-0.18674891093386137,27.601809779898005,-1.0,7.930965496895067,6.200034503104933,0.2494629285714285,886546.65,13877078.0,6.2,7.08,7.5
2024-11-08,6.45,6.49,6.36,6.46,812103.0,7.0329999999999995,6.862911126975027,-0.19733809630818477,25.114155090594423,-0.79,7.9392844911766955,6.126715508823303,0.24803435714285701,892170.1,13064975.0,6.5,6.52,7.25
2024-11-11,6.24,6.34,6.1,6.21,1254691.0,6.9875,6.800729114882167,-0.22332861936419857,20.92050196950332,-0.9500000000000002,7.964043312969424,6.010956687030576,0.2551772142857142,942323.85,11810284.0,6.46,6.37,7.16
2024-11-12,6.21,6.25,6.01,6.15,1114863.0,6.9375,6.738754913464819,-0.24593283407341637,21.739130302457454,-1.1599999999999993,7.979236909912344,5.895763090087656,0.2632142857142857,976438.05,10695421.0,6.21,6.36,7.31
2024-11-13,6.15,6.22,5.895,5.92,1618236.0,6.8755,6.660778255039598,-0.2791876138702962,18.145161187890196,-1.3399999999999999,8.005352808298978,5.745647191701021,0.26928571428571424,1037514.2,9077185.0,6.15,6.2,7.26
2024-11-14,5.83,5.935,5.81,5.85,1144061.0,6.8095,6.58356127836916,-0.30764434888069303,19.565217272211697,-1.2300000000000004,8.018370286019591,5.600629713980409,0.25892857142857145,1034728.95,7933124.0,5.92,6.5,7.08
2024-11-15,5.8,5.91,5.76,5.78,838941.0,6.723999999999999,6.507031632810192,-0.332017638716378,19.736841984072015,-0.7399999999999993,7.9714884241631605,5.476511575836838,0.2596428571428572,979536.45,7094183.0,5.85,6.46,6.52
2024-11-18,5.97,6.02,5.92,5.96,1219086.0,6.644499999999999,6.454933382066365,-0.33297086991287017,20.77922065328609,-0.41000000000000014,7.8728574826829485,5.416142517317049,0.2571428571428572,1000066.7,8313269.0,5.78,6.21,6.37
2024-11-19,6.03,6.075,5.965,6.02,789294.0,6.5655,6.413511155202902,-0.3251368388570004,23.27586192850771,-0.34000000000000075,7.737030263328598,5.393969736671402,0.2471428571428572,1004223.4,9102563.0,5.96,6.15,6.36
2024-11-20,5.99,6.065,5.945,6.06,1167777.0,6.496,6.379843426135959,-0.3121029189259783,26.605504416294906,-0.14000000000000057,7.610108565058576,5.381891434941425,0.23321428571428576,1013389.3,10270340.0,6.02,5.92,6.2
2024-11-21,6.15,6.275,6.13,6.26,814351.0,6.434,6.368429766503962,-0.28238001392108814,42.85714252747253,-0.2400000000000002,7.446207592604576,5.421792407395424,0.20000000000000004,1009347.5,11084691.0,6.06,5.85,6.5
2024-11-22,6.33,6.33,6.212,6.24,491100.0,6.3835,6.356198360170252,-0.25747027337399153,46.1538457715066,-0.21999999999999975,7.322419311594051,5.444580688405948,0.19200000000000012,995906.0,10593591.0,6.26,5.78,6.46
2024-11-25,6.08,6.08,5.93,5.96,837535.0,6.3235,6.31846518301118,-0.2573561430492868,39.79591808309036,-0.25,7.205107980668837,5.4418920193311635,0.18450000000000014,1010558.35,9756056.0,6.24,5.96,6.21
2024-11-26,5.95,5.95,5.86,5.91,486478.0,6.253500000000001,6.279563737010116,-0.25832249515329053,42.162161843097145,-0.2400000000000002,7.020126924980659,5.486873075019343,0.16700000000000012,1006064.9,9269578.0,5.96,6.02,6.15
2024-11-27,5.94,6.03,5.905,5.99,614728.0,6.1899999999999995,6.251986238247247,-0.24975399614472327,34.35582792577816,0.07000000000000028,6.799987057671187,5.580012942328812,0.154857142857143,1006559.25,9884306.0,5.91,6.06,5.92
2024-11-29,6.07,6.115,6.0,6.03,335437.0,6.1375,6.230844691747509,-0.23700370209363264,36.809815634762316,0.1800000000000006,6.583718025538891,5.691281974461109,0.15378571428571444,974303.75,10219743.0,5.99,6.26,5.85
2024-12-02,6.0,6.01,5.88,5.95,683935.0,6.109,6.2040975782477465,-0.2306950249642048,41.095890016888724,0.16999999999999993,6.524078939860632,5.693921060139368,0.14592857142857157,926367.2,9535808.0,6.03,6.24,5.78
2024-12-03,6.0,6.21,6.0,6.17,986525.0,6.099,6.200850189843199,-0.20557346852421166,50.61728351318396,0.20999999999999996,6.4968838762093855,5.701116123790615,0.1437857142857144,926678.05,10522333.0,5.95,5.96,5.96
2024-12-04,6.17,6.245,6.035,6.07,788663.0,6.0845,6.188388267000989,-0.191525827797431,55.03355652988607,0.05000000000000071,6.462999808802058,5.706000191197942,0.13557142857142868,918400.25,9733670.0,6.17,5.91,6.02
2024-12-05,6.08,6.1785,5.9641,6.0,730443.0,6.0745,6.170446527286609,-0.1839212565408559,55.03355652988607,-0.05999999999999961,6.4507124259959,5.698287574004099,0.14195714285714292,890116.15,9003227.0,6.07,5.99,6.06
2024-12-06,6.0,6.0,5.81,5.84,801100.0,6.0415,6.138975429449789,-0.18863082314561552,51.89873371735298,-0.41999999999999993,6.37378237832814,5.70921762167186,0.14481428571428578,876467.35,8202127.0,6.0,6.03,6.26
2024-12-09,5.95,6.17,5.95,6.03,1250738.0,6.0200000000000005,6.128596817121237,-0.17501432036423115,52.20125740200151,-0.20999999999999996,6.287621099003078,5.752378900996923,0.15338571428571438,898399.1,9452865.0,5.84,5.95,6.24
2024-12-10,6.1,6.105,5.975,6.0,731961.0,6.0095,6.116349501204929,-0.1647448173832089,49.35897391600922,0.040000000000000036,6.261771783264825,5.757228216735175,0.15481428571428582,872262.6,8720904.0,6.03,6.17,5.96
2024-12-11,6.04,6.15,5.98,6.08,1004963.0,6.006,6.1128876439473165,-0.14843971029115455,50.62499955703127,0.16999999999999993,6.251926818383104,5.760073181616897,0.15838571428571438,866767.6,9725867.0,6.0,6.07,5.91
2024-12-12,5.94,6.005,5.885,5.89,608783.0,6.0045,6.091660249285668,-0.14913012826412952,38.364779536410744,-0.10000000000000053,6.252988059651787,5.7560119403482135,0.15660000000000007,816294.95,9117084.0,6.08,6.0,5.99
2024-12-13,5.84,5.8745,5.72,5.83,827199.0,6.0035,6.066740225544176,-0.15275789017156427,37.42331256200836,-0.20000000000000018,6.254751603817943,5.752248396182057,0.15920714285714294,800451.85,8289885.0,5.89,5.84,6.03
2024-12-16,5.91,6.06,5.78,5.98,2154876.0,6.0135,6.058479251682826,-0.1418935111512294,50.66666619377779,0.03000000000000025,6.242205740613369,5.78479425938663,0.16849285714285717,866248.6,10444761.0,5.83,6.03,5.95
2024-12-17,5.85,5.95,5.805,5.87,1138129.0,6.009,6.040528846760652,-0.14053944199111612,48.71794828073636,-0.2999999999999998,6.245545311115149,5.772454688884852,0.17242142857142864,862200.75,9306632.0,5.98,6.0,6.17
2024-12-18,5.88,5.93,5.615,5.62,1217373.0,5.989,6.000478480402495,-0.15781999245549905,39.30635806341676,-0.4500000000000002,6.282429808696415,5.6955701913035846,0.18599285714285715,883604.7,8089259.0,5.87,6.08,6.07
2024-12-19,5.67,5.7,5.6,5.68,1376283.0,5.970000000000001,5.969956720364162,-0.16477404205061053,39.99999967999999,-0.3200000000000003,6.291902240799308,5.648097759200693,0.18492142857142863,894030.0,9465542.0,5.62,5.89,6.0
2024-12-20,5.63,5.835,5.63,5.69,5403918.0,5.9415,5.943294175567575,-0.16754688384677419,42.26190440972224,-0.14999999999999947,6.256144327188041,5.626855672811958,0.1902785714285715,1123508.35,14869460.0,5.68,5.83,5.84
2024-12-23,5.66,5.71,5.62,5.67,656708.0,5.913,5.917266158846854,-0.1694054136432337,33.10810779492333,-0.3600000000000003,6.216876706299801,5.6091232937002,0.1817071428571429,1131788.75,14212752.0,5.69,5.98,6.03
2024-12-24,5.72,5.72,5.5942,5.62,236468.0,5.896000000000001,5.888955096099534,-0.17291958469580493,34.265733930265554,-0.3799999999999999,6.22574631397331,5.566253686026692,0.17569285714285718,1101735.4,13976284.0,5.67,5.87,6.0
2024-12-26,5.65,5.68,5.59,5.66,354038.0,5.8835,5.867149848851959,-0.170511375865817,37.85714247857145,-0.41999999999999993,6.229562057106031,5.537437942893969,0.16680714285714293,1095113.4,14330322.0,5.62,5.62,6.08
2024-12-27,5.6,5.67,5.52,5.67,794715.0,5.867500000000001,5.84837367277082,-0.1658837321857325,43.19999951616002,-0.21999999999999975,6.222309066519231,5.51269093348077,0.16395000000000007,1104112.75,15125037.0,5.66,5.68,5.89
2024-12-30,5.63,5.67,5.505,5.56,650431.0,5.843999999999999,5.820909513459314,-0.1691426013003543,29.914529556578287,-0.27000000000000046,6.215364482614325,5.472635517385674,0.16002142857142868,1119862.45,14474606.0,5.67,5.69,5.83
2024-12-31,5.57,5.703,5.56,5.69,640035.0,5.831,5.808441940748903,-0.15939792495084149,37.79527517391039,-0.29000000000000004,6.204934978868105,5.457065021131895,0.1609500000000001,1117667.45,15114641.0,5.56,5.67,5.98
2025-01-02,5.8,5.935,5.75,5.89,661088.0,5.817,5.816209374963293,-0.1339922904895401,43.16546719113917,0.019999999999999574,6.156913301639722,5.477086698360278,0.16202142857142862,1101395.6,15775729.0,5.69,5.62,5.87
2025-01-03,5.9,5.9,5.765,5.79,604691.0,5.803,5.813713244014408,-0.12053782143308123,46.15384565680475,0.16999999999999993,6.121423749444924,5.484576250555076,0.16309285714285723,1092197.0,15171038.0,5.89,5.66,5.62
2025-01-06,5.85,5.87,5.7,5.73,573859.0,5.7895,5.805740554108274,-0.11340924514744266,46.15384565680475,0.05000000000000071,6.09540504202592,5.483594957974081,0.16420000000000007,1084367.8,14597179.0,5.79,5.67,5.68
2025-01-07,5.86,5.95,5.7588,5.8,757158.0,5.7875,5.8051938346693905,-0.10094771962282856,42.62295033055628,0.10999999999999943,6.092536667338683,5.482463332661316,0.15785714285714297,1082170.7,15354337.0,5.73,5.56,5.69
2025-01-08,5.82,5.87,5.735,5.85,603615.0,5.778499999999999,5.8094610885104006,-0.08604541079730232,49.13793044143875,0.17999999999999972,6.063365619288585,5.493634380711414,0.15714285714285722,1049814.55,15957952.0,5.8,5.69,5.67
2025-01-10,5.94,5.94,5.78,5.82,559263.0,5.7695,5.810464794366553,-0.0757824006257648,60.638296969216874,0.20000000000000018,6.035659825352393,5.503340174647606,0.14607142857142869,1041179.65,15398689.0,5.85,5.89,5.62
2025-01-13,5.74,5.79,5.64,5.75,764605.0,5.753,5.804706242522119,-0.07246200917369627,53.68420973518008,0.08999999999999986,5.975436271180938,5.530563728819062,0.14964285714285724,1029161.75,14634084.0,5.82,5.79,5.66
2025-01-14,5.77,6.055,5.77,6.01,948095.0,5.759,5.824258028948584,-0.048294044256283364,63.33333259444444,0.33999999999999986,6.00247484469661,5.515525155303391,0.15535714285714297,1046127.35,15582179.0,5.75,5.73,5.67
2025-01-15,6.08,6.11,5.6745,5.81,813968.0,5.758,5.822900121429671,-0.04476308548330721,55.0724632094098,0.25,6.000408962835939,5.515591037164061,0.18003571428571444,1045465.8,14768211.0,6.01,5.8,5.56
2025-01-16,5.84,5.895,5.79,5.84,846914.0,5.7509999999999994,5.824528681293512,-0.03909338176677757,58.08823469615053,0.14999999999999947,5.973701121402031,5.528298878597968,0.17855000000000013,980067.7,15615125.0,5.81,5.85,5.69
2025-01-17,5.82,5.865,5.72,5.82,653238.0,5.7485,5.824097378313177,-0.035801239176714184,55.97014866896861,-0.0699999999999994,5.966652529932218,5.530347470067782,0.18247857142857157,955823.15,14961887.0,5.84,5.82,5.89
2025-01-21,5.9,6.09,5.9,6.01,755320.0,5.768,5.841802389902399,-0.017657238695307775,61.18420996277703,0.21999999999999975,6.006557065886233,5.529442934113766,0.18533571428571438,932720.5,15717207.0,5.82,5.75,5.79
2025-01-22,6.09,6.18,5.93,6.06,1053465.0,5.787,5.8625831146735985,0.0007479723792442883,67.12328702758495,0.3299999999999992,6.05478624625669,5.51921375374331,0.19140714285714294,916579.6,16770672.0,6.01,6.01,5.73
2025-01-23,6.05,6.065,5.92,6.02,486891.0,5.8035,5.877575198990399,0.011968602453276134,62.04379498641378,0.21999999999999975,6.0863631806145975,5.520636819385402,0.19155000000000008,670728.25,16283781.0,6.06,5.81,5.8
2025-01-24,6.22,6.22,6.065,6.12,497176.0,5.826,5.900663275277028,0.028600508038874928,59.05511745923496,0.27000000000000046,6.134572263992247,5.517427736007752,0.1894071428571429,662751.65,16780957.0,6.02,5.84,5.85
2025-01-27,6.03,6.03,5.88,5.98,776038.0,5.844,5.908219153822072,0.030137180414613773,57.25190778509414,0.16000000000000014,6.143852595365468,5.544147404634533,0.19047857142857147,689730.15,16004919.0,6.12,5.82,5.82
2025-01-28,5.99,6.075,5.89,6.04,519153.0,5.8629999999999995,5.920769710600923,0.035784007143018215,61.83206040790165,0.29000000000000004,6.161917344674756,5.564082655325243,0.19155000000000008,697985.9,16524072.0,5.98,6.01,5.75
2025-01-29,6.03,6.105,5.985,6.09,530855.0,5.8839999999999995,5.936886881019882,0.04378896817361344,61.24030941289589,0.08000000000000007,6.184833928657685,5.583166071342314,0.18646428571428578,684792.9,17054927.0,6.04,6.06,6.01
2025-01-30,6.23,6.38,6.17,6.32,406658.0,5.922000000000001,5.973373844732275,0.06790922005600297,65.98639392938132,0.5100000000000007,6.241907881477807,5.602092118522195,0.19182142857142864,672604.25,17461585.0,6.09,6.02,5.81
2025-01-31,6.3,6.385,6.24,6.24,552048.0,5.9495,5.99876681190063,0.07965119266977183,63.81578888590721,0.40000000000000036,6.2798251986181866,5.619174801381813,0.19075000000000003,668204.9,16909537.0,6.32,6.12,5.84
2025-02-03,6.26,6.39,6.2,6.36,467643.0,5.973,6.033169972671999,0.09751568753617423,69.42675097326466,0.54,6.3491914406257,5.5968085593743,0.19360714285714284,658532.65,17377180.0,6.24,5.98,5.82
2025-02-04,6.43,6.65,6.39,6.6,795263.0,6.0135,6.087153784798475,0.12954609590687305,69.03225744099898,0.5899999999999999,6.472114618629948,5.554885381370052,0.1918214285714286,668061.25,18172443.0,6.36,6.04,6.01
2025-02-05,6.66,6.9407,6.66,6.79,1048473.0,6.0665,6.1540915195795725,0.16832153157158647,81.8181810743802,0.7300000000000004,6.621942924255323,5.511057075744676,0.18076428571428568,691791.95,19220916.0,6.6,6.09,6.06
2025-02-06,6.73,6.76,6.605,6.74,584929.0,6.1135,6.209892327238661,0.19279434832802522,78.8461531385602,0.7200000000000006,6.729745849777881,5.497254150222119,0.18433571428571424,683180.5,18635987.0,6.79,6.32,6.02
2025-02-07,6.76,6.845,6.7,6.79,878824.0,6.160500000000001,6.265140677025455,0.21375972500810558,80.50314394525535,0.6699999999999999,6.8329495676648735,5.488050432335128,0.1843357142857142,696940.95,19514811.0,6.74,6.24,6.12
2025-02-10,6.97,6.97,6.865,6.93,1011006.0,6.215999999999999,6.328460612546841,0.23891767283428678,79.8701291440378,0.9499999999999993,6.9504858566945,5.481514143305499,0.1782642857142856,719528.1,20525817.0,6.79,6.36,5.98
2025-02-11,6.89,6.89,6.63,6.64,543203.0,6.2604999999999995,6.358131030399522,0.23277170406181735,66.29213431006187,0.5999999999999996,6.983868581888378,5.537131418111621,0.1789785714285713,708458.0,19982614.0,6.93,6.6,6.04
2025-02-12,6.62,6.73,6.54,6.66,481625.0,6.293,6.386880456075758,0.22689925896587315,68.18181763946284,0.5700000000000003,7.02730525704666,5.558694742953341,0.18219285714285702,685134.5,20464239.0,6.64,6.79,6.09
2025-02-13,6.66,6.67,6.34,6.61,868991.0,6.333,6.4081299364494955,0.21572398991388386,64.3274848534592,0.29000000000000004,7.04328830321515,5.62271169678485,0.19469285714285706,687885.65,19595248.0,6.66,6.74,6.32
2025-02-14,6.7,6.7,6.365,6.37,562402.0,6.3595,6.404498513930496,0.18536474504507439,60.7734801929123,0.1299999999999999,7.0308215560214,5.688178443978599,0.20790714285714276,673660.05,19032846.0,6.61,6.79,6.24
2025-02-18,6.47,6.49,6.38,6.43,1283355.0,6.39,6.406927226889496,0.16425291792512198,60.7734801929123,0.0699999999999994,7.011712406012234,5.768287593987766,0.20254999999999987,705165.9,20316201.0,6.37,6.93,6.36
2025-02-19,6.4,6.46,6.32,6.45,397045.0,6.412000000000001,6.411029395757163,0.14743592610265122,60.11235907776797,-0.14999999999999947,7.00768978150504,5.816310218494961,0.2039785714285713,687252.15,20713246.0,6.43,6.64,6.6
2025-02-20,6.55,6.94,6.52,6.65,757060.0,6.4415000000000004,6.433788500923147,0.14853445471920335,59.42857095314287,-0.13999999999999968,7.022036049925591,5.86096395007441,0.21897857142857133,672431.9,21470306.0,6.45,6.66,6.79
2025-02-21,6.25,6.8061,6.15,6.18,1136191.0,6.4495000000000005,6.409618167501895,0.11020954745616951,48.59813052318979,-0.5600000000000005,7.00963062386333,5.8893693761366706,0.2554857142857142,704896.9,20334115.0,6.65,6.61,6.74
2025-02-24,6.21,6.21,5.99,6.12,1352637.0,6.4495000000000005,6.382035484882667,0.07414063666654336,44.23076893306212,-0.6699999999999999,7.00963062386333,5.8893693761366706,0.2576285714285714,747669.95,18981478.0,6.18,6.37,6.79
2025-02-25,6.12,6.12,5.84,5.96,1348213.0,6.4485,6.341841629179555,0.032273078222631035,33.999999762000016,-0.9699999999999998,7.01221978854751,5.88478021145249,0.25905714285714276,776278.7,17633265.0,6.12,6.43,6.93
2025-02-26,5.79,6.03,5.745,6.0,682502.0,6.4465,6.3092852835434075,0.00229395889224282,28.648648431848073,-0.6399999999999997,7.016570171119354,5.876429828880647,0.25936428571428566,784446.15,18315767.0,5.96,6.45,6.64
2025-02-27,5.88,5.905,5.675,5.69,1081651.0,6.4265,6.25030573272975,-0.045949441824069126,25.118483245659363,-0.9699999999999998,7.072272487229989,5.780727512770011,0.2647214285714286,811985.95,17234116.0,6.0,6.65,6.66
2025-02-28,5.63,5.75,5.56,5.75,1258790.0,6.398,6.202657567707869,-0.0784370128488252,25.471697944998212,-0.8600000000000003,7.110433930454751,5.685566069545248,0.26793571428571433,854592.55,18492906.0,5.69,6.18,6.61
2025-03-03,5.86,5.89,5.67,5.69,874143.0,6.3705,6.153833037449976,-0.10778269370470195,19.607843002691297,-0.6799999999999997,7.1480934535137335,5.592906546486266,0.27615000000000006,870697.3,17618763.0,5.75,6.12,6.37
2025-03-04,5.75,5.81,5.54,5.69,811369.0,6.337,6.109658462454741,-0.12954603119913788,22.85714267428574,-0.7399999999999993,7.17210100240065,5.5018989975993495,0.2768642857142858,887883.6,17618763.0,5.69,5.96,6.43
2025-03-05,5.65,5.97,5.65,5.91,964293.0,6.3025,6.090643370792384,-0.12757091349592908,30.769230548323463,-0.54,7.148789113221917,5.456210886778083,0.28615,896335.1,18583056.0,5.69,6.0,6.45
2025-03-06,5.88,5.98,5.84,5.91,2033829.0,6.2585,6.073439240240729,-0.12456965702195077,31.57894713573407,-0.7400000000000002,7.0894354272207725,5.427564572779227,0.27257857142857145,945602.9,18583056.0,5.91,5.69,6.65
2025-03-07,5.84,5.97,5.69,5.76,1630187.0,6.2095,6.0435878840273265,-0.13276445998938158,33.1491710143158,-0.41999999999999993,7.036453190300036,5.3825468096999645,0.26865,997865.8,16952869.0,5.91,5.75,6.18
2025-03-10,5.75,5.75,5.46,5.5,1355763.0,6.1450000000000005,5.9918176093580575,-0.15841264510643516,26.865671454666966,-0.6200000000000001,6.982477415249312,5.307522584750689,0.28150714285714284,1021712.75,15597106.0,5.76,5.69,6.12
2025-03-11,5.57,5.745,5.57,5.66,818895.0,6.0815,5.960215932276338,-0.16393857196331307,31.627906770795022,-0.2999999999999998,6.858790164610381,5.304209835389619,0.28400714285714285,1012107.2,16416001.0,5.5,5.69,5.96
2025-03-12,5.65,5.68,5.55,5.66,1511455.0,6.032500000000001,5.931623938726211,-0.16639975600259493,24.615384438658765,-0.33999999999999986,6.784700281280143,5.280299718719858,0.26329285714285705,1060519.8,16416001.0,5.66,5.91,6.0
2025-03-13,5.64,5.86,5.61,5.81,2156748.0,5.99,5.920040706466572,-0.15446592861453912,38.65030641650041,0.11999999999999922,6.686940683121241,5.293059316878759,0.23428571428571424,1144275.95,18572749.0,5.66,5.91,5.69
2025-03-14,5.92,5.92,5.74,5.84,1591358.0,5.9515,5.912417782041183,-0.14096260597586774,41.249999639062494,0.08999999999999986,6.5865557372969015,5.316444262703099,0.23142857142857137,1180394.3,20164107.0,5.81,5.76,5.75
2025-03-17,5.85,5.98,5.835,5.98,1157873.0,5.932,5.918854183751547,-0.11760857705980499,50.632910943759036,0.29000000000000004,6.536147071672579,5.327852928327422,0.22178571428571425,1210167.85,21321980.0,5.84,5.5,5.69
2025-03-18,6.11,6.24,6.0277,6.14,1328038.0,5.9174999999999995,5.939915690060923,-0.08520745950950293,54.117646613148786,0.4499999999999993,6.4840732637161045,5.350926736283895,0.2165928571428571,1212402.0,22650018.0,5.98,5.66,5.69
2025-03-19,6.14,6.29,6.055,6.23,824081.0,5.906499999999999,5.967542767197978,-0.05167145619220648,68.24324259769907,0.3200000000000003,6.436932792508575,5.376067207491424,0.21694999999999995,1233753.8,23474099.0,6.14,5.66,5.91
2025-03-20,6.17,6.29,6.07,6.24,688379.0,5.886,5.993491075083885,-0.024010240417204898,67.13286647562231,0.33000000000000007,6.318003898617913,5.453996101382088,0.21909285714285703,1230319.75,24162478.0,6.23,5.81,5.91
2025-03-21,6.17,6.21,6.05,6.09,979300.0,5.8815,6.002682401266371,-0.014030538708388995,63.15789415512464,0.33000000000000007,6.30234001210614,5.46065998789386,0.21480714285714278,1222475.2,23183178.0,6.24,5.84,5.76
2025-03-24,6.12,6.21,6.095,6.1,1268848.0,5.8805000000000005,6.011950744002907,-0.0052540711164867915,63.39869223033874,0.5999999999999996,6.299042584137941,5.46195741586206,0.20373571428571427,1218285.75,24452026.0,6.09,5.98,5.5
2025-03-25,6.19,6.48,6.18,6.33,757227.0,5.899,6.042241149335964,0.02002953250812567,63.636363057851234,0.6699999999999999,6.362619626304539,5.435380373695461,0.20230714285714294,1188736.45,25209253.0,6.1,6.14,5.66
2025-03-26,6.41,6.41,6.24,6.28,806997.0,5.913,6.064884849399205,0.03562176289768715,61.63521958308612,0.6200000000000001,6.405473883892145,5.4205261161078555,0.20445000000000002,1194961.2,24402256.0,6.33,6.23,5.66
2025-03-27,6.38,6.4549,6.3,6.41,459723.0,5.949,6.097752958980234,0.057802322172726406,70.70063631222364,0.6000000000000005,6.476831711617917,5.421168288382082,0.1955142857142858,1163864.8,24861979.0,6.28,6.24,5.81
2025-03-28,6.48,6.535,6.33,6.34,997273.0,5.9785,6.120824105744021,0.06893749172242636,80.4347817926906,0.5,6.5251173490805225,5.431882650919478,0.18944285714285725,1150788.95,23864706.0,6.41,6.09,5.84
2025-03-31,6.37,6.41,6.13,6.35,692015.0,6.0115,6.142650381387448,0.07767373576595205,78.04877959944476,0.3699999999999992,6.564435705789445,5.458564294210555,0.19694285714285728,1141682.55,24556721.0,6.34,6.1,5.98
2025-04-01,6.33,6.35,6.2,6.28,666526.0,6.041,6.155731297445786,0.07804915505058485,73.8461530508876,0.14000000000000057,6.584590403075534,5.4974095969244665,0.19837142857142867,1134440.4,23890195.0,6.35,6.33,6.14
2025-04-02,6.24,6.32,6.18,6.29,510281.0,6.06,6.16851879292714,0.07825155870605993,70.68965431926281,0.05999999999999961,6.610827129248208,5.509172870751791,0.19051428571428586,1111739.8,24400476.0,6.28,6.28,6.23
2025-04-03,6.01,6.37,6.01,6.21,1356684.0,6.075,6.172469384076936,0.07113661503207513,65.28925544293423,-0.03000000000000025,6.624966506157213,5.525033493842788,0.20337142857142876,1077882.55,23043792.0,6.29,6.41,6.24
2025-04-04,6.09,6.09,5.58,5.61,1197976.0,6.0675,6.118900871307704,0.016888307423887028,38.92215536232922,-0.47999999999999954,6.639214871887093,5.495785128112907,0.22944285714285728,1056272.0,21845816.0,6.21,6.34,6.09
2025-04-07,5.46,5.9,5.41,5.61,787147.0,6.0729999999999995,6.070434121659352,-0.025806387225536298,32.45033082496384,-0.4899999999999993,6.6234486208635275,5.5225513791364715,0.2492785714285716,1027841.2,21845816.0,5.61,6.35,6.1
2025-04-08,5.82,5.83,5.46,5.52,943479.0,6.066,6.018011824358461,-0.0661420438628273,26.490065979562274,-0.8100000000000005,6.641550994585583,5.490449005414416,0.2589214285714287,1034070.4,20902337.0,5.61,6.28,6.33
2025-04-09,5.77,6.14,5.62,6.02,1264798.0,6.0840000000000005,6.01820117441956,-0.05710425867708224,44.49999968849998,-0.2600000000000007,6.62772593715665,5.540274062843351,0.28035000000000015,1021737.55,22167135.0,5.52,6.29,6.28
2025-04-10,6.06,6.35,6.05,6.25,1220671.0,6.106,6.040277253046269,-0.031025033717571482,53.84615348372781,-0.16000000000000014,6.63853712497226,5.57346287502774,0.2903500000000001,974933.7,23387806.0,6.02,6.21,6.41
2025-04-11,6.56,6.7,6.51,6.61,1427630.0,6.1445,6.094536562279957,0.018478917845778042,60.49382681196973,0.27000000000000046,6.706581657300541,5.582418342699459,0.295707142857143,966747.3,24815436.0,6.25,5.61,6.34
2025-04-14,6.56,6.82,6.47,6.77,1091943.0,6.184,6.15886641349139,0.06981701188719569,59.32203354639471,0.41999999999999993,6.805319478800467,5.562680521199534,0.29927857142857156,963450.8,25907379.0,6.61,5.61,6.35
2025-04-15,6.85,6.86,6.75,6.83,852396.0,6.218500000000001,6.222783897920782,0.11402985466167337,61.60337516352436,0.5499999999999998,6.902952143573347,5.534047856426654,0.2949928571428573,939668.7,26759775.0,6.77,5.52,6.28
2025-04-16,7.05,7.23,6.945,7.03,1012423.0,6.2585,6.299661621928326,0.16332447672530304,62.704917673004566,0.7400000000000002,7.033321541422718,5.483678458577281,0.3042857142857144,949085.8,27772198.0,6.83,6.02,6.29
2025-04-17,7.01,7.03,6.58,6.9,660674.0,6.291500000000001,6.356836705554199,0.189714001399369,61.19999965728002,0.6900000000000004,7.1175310941006416,5.46546890589936,0.3217857142857144,947700.55,27111524.0,7.03,6.25,6.21
2025-04-21,7.12,7.34,6.9316,7.03,708453.0,6.338500000000001,6.4209474955014185,0.21859794236737695,62.977098900122385,1.42,7.221277315903471,5.45572268409653,0.3309571428571429,934158.2,27819977.0,6.9,6.61,5.61
2025-04-22,7.16,7.16,6.8,6.83,844659.0,6.375,6.459904876882236,0.22278225005037466,59.99999969454545,1.2199999999999998,7.276425771238367,5.473574228761633,0.34595714285714296,912948.75,26975318.0,7.03,6.77,5.61
2025-04-23,6.63,6.73,6.515,6.69,976689.0,6.393,6.481818698131547,0.2123536335621221,56.944444167631175,1.1700000000000008,7.304957986105229,5.48104201389477,0.35131428571428586,923921.85,25998629.0,6.83,6.83,5.52
2025-04-24,6.8,6.8,6.635,6.74,610267.0,6.4159999999999995,6.50640739354759,0.20575168464896532,59.29824532274547,0.7200000000000006,7.339093198237119,5.49290680176288,0.3373857142857144,914085.35,26608896.0,6.69,7.03,6.02
2025-04-25,6.59,6.77,6.54,6.63,736459.0,6.427,6.51817811797163,0.18945954023382505,71.61016906671932,0.3799999999999999,7.355022232038624,5.498977767961375,0.3173857142857144,927922.15,25872437.0,6.74,6.9,6.25
2025-04-28,6.62,6.695,6.565,6.69,495571.0,6.4445,6.534542106736236,0.1793222813304105,72.3140491684311,0.08000000000000007,7.3787934284936245,5.510206571506375,0.29167142857142864,902837.05,26368008.0,6.63,7.03,6.61
2025-04-29,6.63,6.71,6.585,6.6,341216.0,6.457000000000001,6.540776191808975,0.16215693852767377,72.3140491684311,-0.16999999999999993,7.392658507205124,5.521341492794877,0.2741714285714286,885297.1,26026792.0,6.69,6.83,6.77
2025-04-30,6.56,6.71,6.56,6.7,450611.0,6.478,6.555940364017644,0.15483757378447294,66.83168270512695,-0.1299999999999999,7.415782378525925,5.540217621474074,0.24774285714285726,874501.35,26477403.0,6.6,6.69,6.83
2025-05-01,6.49,6.4951,6.325,6.4,513786.0,6.483500000000001,6.5410889007778685,0.12340687407074658,53.588516387445345,-0.6299999999999999,7.417924111981648,5.549075888018354,0.23846428571428582,874676.6,25963617.0,6.7,6.74,7.03
2025-05-02,6.49,6.51,6.305,6.38,441186.0,6.492,6.525747100703786,0.0957798942486443,43.428571081142856,-0.5200000000000005,7.419012178424548,5.564987821575452,0.23953571428571438,828901.7,25522431.0,6.4,6.63,6.9
2025-05-05,6.58,6.61,6.41,6.48,676725.0,6.535500000000001,6.5213902339700915,0.08102052379829594,41.42011800007007,-0.5499999999999998,7.364741251163762,5.706258748836239,0.22882142857142865,802839.15,26199156.0,6.38,6.69,7.03
2025-05-06,6.73,7.5399,6.705,7.49,2316255.0,6.6295,6.613638783115797,0.14910340422838342,62.4999996685606,0.6600000000000001,7.4430814260675895,5.815918573932411,0.28060000000000007,879294.55,28515411.0,6.48,6.6,6.83
2025-05-07,7.3,7.385,7.21,7.29,909049.0,6.718000000000001,6.678054137104769,0.18479109226644752,54.92424213297749,0.5999999999999996,7.39743010174555,6.038569898254452,0.2727428571428572,877573.05,27606362.0,7.49,6.7,6.69
2025-05-08,7.24,7.24,7.04,7.1,909779.0,6.772,6.718239457380505,0.1954889550624639,53.703703425240036,0.35999999999999943,7.386409429752259,6.157590570247741,0.2548857142857143,859822.1,26696583.0,7.29,6.4,6.74
2025-05-09,7.22,7.315,7.15,7.28,1239118.0,6.8235,6.771740461439505,0.21600165149737727,54.54545426776859,0.6500000000000004,7.426240233826946,6.220759766173054,0.23750000000000007,860744.45,27935701.0,7.1,6.38,6.63
2025-05-12,6.95,7.0,6.62,6.64,772649.0,6.825,6.759193750826219,0.17855716407177002,47.021943367301816,-0.05000000000000071,7.425648772052769,6.224351227947231,0.23892857142857146,827995.4,27163052.0,7.28,6.48,6.69
2025-05-13,6.67,6.69,6.55,6.6,636821.0,6.8165000000000004,6.744032441223721,0.14399459228165856,48.54368910044929,0.0,7.425183653036421,6.20781634696358,0.2335714285714286,805239.3,26526231.0,6.64,7.49,6.6
2025-05-14,6.45,6.52,6.36,6.45,723278.0,6.797499999999999,6.716029351583367,0.10330887828904611,45.454545255058434,-0.25,7.427750576734175,6.167249423265824,0.23321428571428568,798783.4,25802953.0,6.6,7.29,6.7
2025-05-15,6.53,6.555,6.4,6.53,1133995.0,6.772500000000001,6.698312270480189,0.076637063869887,48.41772130447846,0.1299999999999999,7.403585113952712,6.14141488604729,0.2278571428571428,804862.0,26936948.0,6.45,7.1,6.4
2025-05-16,6.39,6.5,6.35,6.49,1163253.0,6.752000000000001,6.678473006624933,0.051676103127014095,46.815286415473246,0.11000000000000032,7.392217068451722,6.111782931548279,0.2292857142857143,829990.95,25773695.0,6.53,7.28,6.38
2025-05-19,6.62,6.64,6.53,6.6,506791.0,6.730500000000001,6.6709993869463675,0.04030582216747547,49.99999977848101,0.11999999999999922,7.3602025195740985,6.1007974804259035,0.22821428571428568,819907.85,26280486.0,6.49,6.64,6.48
2025-05-20,6.6,6.73,6.55,6.73,1494189.0,6.725499999999999,6.676618492951476,0.04130852714598454,50.47021921423729,-0.7599999999999998,7.3534616146499365,6.097538385350062,0.23035714285714284,852384.35,27774675.0,6.6,6.6,7.49
2025-05-21,6.77,6.94,6.76,6.88,735301.0,6.734999999999999,6.6959881602894304,0.05358918173432148,57.89473657548475,-0.41000000000000014,7.366439458280646,6.103560541719353,0.23106428571428575,840314.95,28509976.0,6.73,6.45,7.29
2025-05-22,6.83,6.85,6.741,6.77,2122288.0,6.7364999999999995,6.703036906928532,0.053825145508838546,56.23003169737365,-0.33000000000000007,7.368131971458454,6.104868028541545,0.22420714285714288,915916.0,26387688.0,6.88,6.53,7.1
2025-05-23,6.94,6.98,6.83,6.95,1001821.0,6.7525,6.726557201506767,0.06775559979931334,57.320872024145714,-0.33000000000000007,7.388966396351202,6.116033603648799,0.22063571428571432,929184.1,27389509.0,6.77,6.49,7.28
2025-05-27,6.92,7.19,6.85,7.04,1402156.0,6.7700000000000005,6.756408896601361,0.08507711698074871,40.174672243473616,0.40000000000000036,7.418366368165789,6.121633631834212,0.18528571428571436,974513.35,28791665.0,6.95,6.6,6.64
2025-05-28,7.1,7.17,7.065,7.17,634656.0,6.7985,6.795798525496469,0.108048936801179,47.29729699902606,0.5700000000000003,7.465252538329249,6.13174746167075,0.18028571428571435,989185.35,29426321.0,7.04,6.73,6.6
2025-05-29,7.1,7.2,7.095,7.14,407989.0,6.8205,6.828579618306329,0.12242231202457976,50.97087344000378,0.6899999999999995,7.502431467462726,6.138568532537274,0.17350000000000007,987054.25,29018332.0,7.17,6.88,6.45
2025-05-30,7.06,7.14,7.0,7.13,680856.0,6.856999999999999,6.857286321324774,0.13149065657824632,46.03174569077014,0.5999999999999996,7.522103078675205,6.191896921324794,0.17171428571428576,995407.75,28337476.0,7.14,6.77,6.53
2025-06-02,7.32,7.555,7.26,7.53,897414.0,6.914499999999999,6.921354290722415,0.16900584782025696,76.96969631662077,1.04,7.604350479604535,6.224649520395464,0.1656428571428572,1018219.15,29234890.0,7.13,6.95,6.49
2025-06-03,7.37,7.58,7.31,7.56,679475.0,6.968500000000001,6.982177691605995,0.19886526149624473,79.2682920062463,0.96,7.683755567133787,6.2532444328662145,0.1749285714285715,1018356.65,29914365.0,7.53,7.04,6.6
2025-06-04,7.6,7.7,7.52,7.58,601637.0,6.973000000000001,7.039113149548281,0.22158855982932568,87.41721773255557,0.8499999999999996,7.7030497459618985,6.242950254038103,0.17635714285714302,932625.75,30516002.0,7.56,7.17,6.73
2025-06-05,7.7,7.7,7.465,7.55,1191045.0,6.986,7.087769040067492,0.23447332564778822,84.93150603490334,0.6699999999999999,7.748361980606175,6.2236380193938245,0.1820714285714288,946725.55,29324957.0,7.58,7.14,6.88
2025-06-06,7.58,7.58,7.015,7.11,1246942.0,6.986500000000001,7.089886274346779,0.206796451851452,66.66666616487456,0.34000000000000075,7.749189838318154,6.223810161681849,0.21171428571428594,963583.7,28078015.0,7.55,7.13,6.77
2025-06-09,7.15,7.305,7.12,7.24,791548.0,6.9845,7.104182819647086,0.19312600711812244,67.02127609665007,0.29000000000000004,7.744152967860346,6.224847032139653,0.2170714285714288,941205.2,28869563.0,7.11,7.53,6.95
2025-06-10,7.3,7.3,7.04,7.05,728867.0,7.005,7.099022551109268,0.16505798338553568,58.24742226007013,0.009999999999999787,7.747442625818094,6.262557374181906,0.22278571428571445,939016.1,28140696.0,7.24,7.56,7.04
2025-06-11,7.1,7.1,7.005,7.05,704542.0,7.027500000000001,7.09435373671791,0.1411863638413653,54.74860292375395,-0.1200000000000001,7.745124003588512,6.309875996411489,0.21671428571428583,942402.15,28140696.0,7.05,7.58,7.17
2025-06-12,7.16,7.245,7.1,7.23,1560849.0,7.0665000000000004,7.107272428459061,0.13523354096383855,62.365590928431054,0.09000000000000075,7.735081373231164,6.397918626768837,0.21928571428571444,984280.7,29701545.0,7.05,7.55,7.14
2025-06-13,7.31,7.335,7.22,7.25,1058524.0,7.102500000000001,7.120865530510579,0.1306239670174696,58.82352892733564,0.1200000000000001,7.725426032611703,6.479573967388299,0.21678571428571441,980507.15,30760069.0,7.23,7.11,7.13
2025-06-16,7.19,7.25,7.08,7.15,800505.0,7.1355,7.123640241890524,0.1175466772644187,53.216373833316254,-0.3799999999999999,7.687719445320036,6.583280554679964,0.2046428571428572,962369.75,29959564.0,7.25,7.24,7.53
2025-06-17,7.16,7.16,7.07,7.1,663486.0,7.160500000000001,7.121388790281903,0.10197277016713269,47.85276032519101,-0.45999999999999996,7.65264781690495,6.668352183095052,0.20357142857142868,970204.5,29296078.0,7.15,7.05,7.56
2025-06-18,7.08,7.25,7.035,7.07,1535394.0,7.177499999999999,7.116494619778864,0.08621574585823844,47.85276032519103,-0.5099999999999998,7.628831363855978,6.7261686361440205,0.2114285714285715,972264.75,27760684.0,7.1,7.05,7.58
2025-06-20,7.02,7.22,6.99,7.1,1240175.0,7.1884999999999994,7.114923703609448,0.07528114566342747,49.09090867438017,-0.4500000000000002,7.619570881947802,6.757429118052197,0.21785714285714292,997508.45,29000859.0,7.07,7.23,7.55
2025-06-23,7.16,7.435,7.12,7.24,1100574.0,7.212000000000001,7.12683573183712,0.07702433758300842,39.56834492521091,0.1299999999999999,7.595644572351594,6.8283554276484075,0.2192857142857143,946422.75,30101433.0,7.1,7.25,7.11
2025-06-24,7.09,7.12,6.9,7.05,844093.0,7.2170000000000005,7.119518043090728,0.06235562085239099,33.54838679375652,-0.1900000000000004,7.588687474832646,6.845312525167355,0.2157142857142857,938536.35,29257340.0,7.24,7.15,7.24
2025-06-25,7.08,7.115,7.01,7.11,1014621.0,7.2204999999999995,7.118611562796373,0.054938755939772044,35.22012547604922,0.0600000000000005,7.586443625224167,6.854556374775832,0.21035714285714283,919159.6,30271961.0,7.05,7.1,7.05
2025-06-26,7.2,7.325,7.125,7.31,976571.0,7.227499999999999,7.136839033006242,0.0644561551570666,43.181817838326445,0.2599999999999998,7.594730029731968,6.86026997026803,0.2078571428571428,936255.35,31248532.0,7.11,7.07,7.05
2025-06-27,7.13,7.16,7.02,7.06,1021722.0,7.2235,7.129521029862791,0.051235243943755115,48.40764288044138,-0.17000000000000082,7.5964413669171,6.850558633082899,0.17749999999999996,966942.0,30226810.0,7.31,7.1,7.23
2025-06-30,7.05,7.22,7.035,7.21,523070.0,7.227500000000001,7.137185693685383,0.052258914714593985,49.05660334163996,-0.040000000000000036,7.59792649672207,6.857073503277932,0.17749999999999996,959052.7,30749880.0,7.06,7.24,7.25
2025-07-01,7.38,7.38,7.25,7.27,371993.0,7.214499999999999,7.1498346752391555,0.057251717572492034,57.53424602364421,0.11999999999999922,7.55745772334225,6.871542276657748,0.16821428571428568,932781.65,31121873.0,7.21,7.05,7.15
2025-07-02,7.33,7.445,7.205,7.43,879117.0,7.208,7.176517087121141,0.073274549240959,61.72839452827312,0.33000000000000007,7.527512786994091,6.888487213005909,0.17857142857142858,942763.75,32000990.0,7.27,7.11,7.1
2025-07-03,7.37,7.54,7.31,7.52,606913.0,7.205,7.209229745490556,0.09217249941721217,59.47712363877139,0.4499999999999993,7.510631356892399,6.899368643107601,0.18464285714285714,943027.55,32607903.0,7.43,7.31,7.07
2025-07-07,7.42,7.42,7.14,7.37,1005306.0,7.196000000000001,7.2245411983009795,0.09396237491806847,53.614457379155176,0.27000000000000046,7.467556914651121,6.92444308534888,0.19642857142857142,933740.6,31602597.0,7.52,7.06,7.1
2025-07-08,7.28,7.35,6.99,7.07,1163568.0,7.194,7.209822988938981,0.07036227880143997,47.849462005434155,-0.16999999999999993,7.468793702525126,6.919206297474874,0.20999999999999996,929571.9,30439029.0,7.37,7.21,7.24
2025-07-09,7.09,7.185,7.005,7.15,802258.0,7.189500000000001,7.204125561420983,0.0574520920570567,51.32275094258282,0.10000000000000053,7.464069519525985,6.914930480474016,0.2164285714285714,930107.4,31241287.0,7.07,7.27,7.05
2025-07-10,7.17,7.19,7.07,7.18,619853.0,7.196,7.201827888904699,0.04907571108003772,52.910052518126584,0.0699999999999994,7.462707014491644,6.929292985508355,0.2096428571428571,924656.7,31861140.0,7.15,7.43,7.11
2025-07-11,7.25,7.33,7.2002,7.31,904117.0,7.208999999999999,7.212129994723299,0.052324122439009635,55.27638152066867,0.0,7.471048609392055,6.946951390607943,0.20248571428571432,934635.45,32765257.0,7.18,7.52,7.31
2025-07-14,7.3,7.4,7.2,7.23,840824.0,7.2090000000000005,7.213831899987747,0.047891121396165026,49.740932281672,0.17000000000000082,7.4710486093920565,6.9469513906079445,0.19427142857142865,898634.2,31924433.0,7.31,7.37,7.06
2025-07-15,7.2,7.255,7.055,7.24,893995.0,7.208499999999999,7.216324099988914,0.04466992546349502,55.428570985142876,0.03000000000000025,7.470257219776958,6.94674278022304,0.19284285714285726,890407.75,32818428.0,7.23,7.07,7.21
2025-07-16,7.27,7.28,7.08,7.24,1051171.0,7.212999999999999,7.218578947609018,0.04163713747677811,53.84615340009105,-0.02999999999999936,7.4736146580683815,6.952385341931617,0.19962857142857152,902941.05,32818428.0,7.24,7.15,7.27
