Date,Open,High,Low,Close,Volume,SMA_20,EMA_20,MACD,RSI_14,Momentum_10,Bollinger_Upper,Bollinger_Lower,ATR_14,Volume_MA_20,OBV,Lag_1,Lag_5,Lag_10
2023-08-14,76.0,76.86,75.73,76.69,1970983.0,76.535,76.43415128787305,0.053527757440576806,49.29757334736067,-0.9399999999999977,78.49554235246002,74.57445764753997,1.4957071428571425,2827874.45,-274698.0,76.32,78.08,77.63
2023-08-15,75.97,76.31,74.91,75.25,1803462.0,76.57000000000001,76.32137497474228,-0.05102624302868719,42.41758235232462,-1.7900000000000063,78.40212272629607,74.73787727370394,1.5242785714285714,2778689.3,-2078160.0,76.69,77.59,77.04
2023-08-16,75.03,75.66,74.71,74.76,1506398.0,76.55,76.1726725961954,-0.16423244598848896,31.866825155037375,-1.6199999999999903,78.45424456633623,74.64575543366377,1.442135714285715,2682590.4,-3584558.0,75.25,76.38,76.38
2023-08-17,75.18,76.0,74.57,74.83,2898581.0,76.5205,76.04479901560536,-0.2453265504658475,34.50439140739499,-2.299999999999997,78.5146121226989,74.52638787730109,1.423564285714287,2706921.65,-685977.0,74.76,76.14,77.13
2023-08-18,74.32,75.78,74.2,75.4,3423141.0,76.534,75.98338958554771,-0.26622916972333144,36.41900115592378,-1.6299999999999955,78.49180112962424,74.57619887037578,1.477492857142858,2686722.45,2737164.0,74.83,76.32,77.03
2023-08-21,75.75,75.93,74.39,74.8,2164441.0,76.4995,75.87068581549555,-0.32105676562456154,36.374695801794864,-3.280000000000001,78.5565645922873,74.4424354077127,1.5160642857142872,2666485.55,572723.0,75.4,76.69,78.08
2023-08-22,75.06,75.2,73.77,73.89,2509439.0,76.354,75.68204907116264,-0.4238717723166303,35.30106251544099,-3.700000000000003,78.71131694048441,73.99668305951559,1.4710714285714306,2663925.2,-1936716.0,74.8,75.25,77.59
2023-08-23,74.66,74.87,73.88,74.52,1869895.0,76.24849999999999,75.57137773105191,-0.45437043339084937,34.37125742740146,-1.8599999999999994,78.73891340892801,73.75808659107197,1.3496428571428598,2645550.5,-66821.0,73.89,74.76,76.38
2023-08-24,74.35,75.28,74.24,74.25,1862464.0,76.0705,75.4455322328565,-0.4921615356745832,33.685445954037945,-1.8900000000000006,78.59958533497371,73.54141466502628,1.303928571428575,2574219.65,-1929285.0,74.52,74.83,76.14
2023-08-25,74.74,75.18,74.12,74.64,1601429.0,75.9375,75.36881487734635,-0.48781012255727774,28.117048295974698,-1.6799999999999926,78.47410257659317,73.40089742340683,1.282500000000004,2498976.45,-327856.0,74.25,75.4,76.32
2023-08-28,74.84,75.78,74.77,75.49,1611106.0,75.8305,75.38035631759908,-0.41701591241201186,37.226277308860276,-1.2000000000000028,78.24405361503153,73.41694638496847,1.246071428571432,2458977.75,1283250.0,74.64,74.8,76.69
2023-08-29,75.74,76.735,75.55,76.71,1685538.0,75.814,75.5069890492563,-0.2676645205402224,52.00486017884957,1.4599999999999937,78.19705774385064,73.43094225614935,1.2103571428571465,2380897.95,2968788.0,75.49,73.89,75.25
2023-08-30,76.5,77.36,76.45,76.99,1666586.0,75.84450000000001,75.64822818742238,-0.1272623633289811,55.13905673857956,2.2299999999999898,78.2732356468141,73.41576435318592,1.1767857142857179,2250435.75,4635374.0,76.71,74.52,74.76
2023-08-31,77.2,77.59,76.87,76.89,2448704.0,75.8325,75.76649216957263,-0.023456907930437865,53.479853388434975,2.0600000000000023,78.2367407708486,73.4282592291514,1.16964285714286,2198752.2,2186670.0,76.99,74.25,74.83
2023-09-01,77.32,78.08,77.26,77.97,1950651.0,75.8795,75.97635005818476,0.13839271169652534,57.191011145991695,2.569999999999993,78.41545180927152,73.34354819072847,1.1475000000000029,2154772.8,4137321.0,76.89,74.64,75.4
2023-09-05,77.71,77.71,75.3,75.39,1654617.0,75.745,75.9205071955005,0.07027322208109865,50.69721108468516,0.5900000000000034,78.06575758955431,73.4242424104457,1.2196428571428595,2098675.3,2482704.0,77.97,75.49,74.8
2023-09-06,75.11,76.18,75.0629,75.96,1559302.0,75.6635,75.92426841497665,0.05904379943027038,55.92885367756874,2.069999999999993,77.82012772816613,73.50687227183387,1.231578571428574,2023134.3,4042006.0,75.39,76.71,73.89
2023-09-07,76.02,76.3675,74.88,75.56,2574596.0,75.6225,75.88957618497888,0.01936648144892672,53.49282289484218,1.0400000000000063,77.75279155405156,73.49220844594845,1.2356857142857172,2016677.65,1467410.0,75.96,76.99,74.52
2023-09-08,75.37,75.78,75.01,75.41,1563459.0,75.58599999999998,75.84390226259994,-0.02327946910182277,50.04985037879377,1.1599999999999966,77.70393742763298,73.46806257236699,1.1778285714285741,2008618.1,-96049.0,75.56,76.89,74.25
2023-09-11,75.97,76.42,75.305,75.43,1879465.0,75.5415,75.80448299949518,-0.05486478971602082,53.33333325432105,0.7900000000000063,77.63172058770442,73.45127941229558,1.1474714285714305,2010212.85,1783416.0,75.41,77.97,74.64
2023-09-12,75.01,75.98,74.92,75.19,2100935.0,75.4665,75.74596080906707,-0.09729093970554459,57.403188974527936,-0.29999999999999716,77.48977795525252,73.44322204474747,1.1210428571428588,2016710.45,-317519.0,75.43,75.39,75.49
2023-09-13,75.2,75.49,73.98,74.18,2151232.0,75.413,75.59682168439402,-0.2067898338841161,48.144104729910815,-2.529999999999987,77.51542065999628,73.31057934000371,1.1581857142857146,2034098.95,-2468751.0,75.19,75.96,76.71
2023-09-14,74.98,75.6,74.23,75.17,1620043.0,75.4335,75.55617200016601,-0.21404386649994933,54.655870367896554,-1.8199999999999932,77.517022068644,73.349977931356,1.181757142857142,2039781.2,-848708.0,74.18,75.56,76.99
2023-09-15,75.11,75.52,74.28,74.56,3648155.0,75.42,75.46129847634069,-0.2642888167713551,49.60396032728164,-2.3299999999999983,77.5233907462902,73.3166092537098,1.1946142857142843,2077259.9,-4496863.0,75.17,75.41,76.89
2023-09-18,74.55,75.6,74.15,74.78,1638300.0,75.389,75.39641290716538,-0.2836017252069496,46.25131988938561,-3.1899999999999977,77.51181739304415,73.26618260695584,1.2260428571428545,1988017.85,-2858563.0,74.56,75.43,77.97
2023-09-19,74.75,75.24,73.99,74.47,3258073.0,75.3725,75.30818310648297,-0.3194897526005036,36.91588779009085,-0.9200000000000017,77.51958492710718,73.22541507289283,1.2306857142857115,2042699.45,-6116636.0,74.78,75.19,75.39
2023-09-20,75.09,75.36,73.94,74.0,1555983.0,75.37800000000001,75.18359423919888,-0.380422243463002,32.914285661622856,-1.9599999999999937,77.50960280688409,73.24639719311594,1.2671142857142834,1995026.65,-7672619.0,74.47,74.18,75.96
2023-09-21,73.47,73.72,72.8,72.86,2039155.0,75.295,74.96229954975136,-0.5124647811634446,29.417773195929612,-2.700000000000003,77.68132507601571,72.9086749239843,1.2813999999999979,2003489.65,-9711774.0,74.0,75.17,75.56
2023-09-22,73.15,73.4846,72.735,72.84,1935691.0,75.2245,74.76017578310838,-0.6115716897379144,20.61855666796565,-2.569999999999993,77.81536228279725,72.63363771720276,1.276371428571427,2007151.0,-11647465.0,72.86,74.56,75.41
2023-09-25,72.4,73.63,72.4,73.36,1790625.0,75.1605,74.62682570852662,-0.6416015669666848,34.78260862264516,-2.0700000000000074,77.87255864709145,72.44844135290855,1.1920857142857122,2016610.8,-9856840.0,72.84,74.78,75.43
2023-09-26,72.7,73.55,72.36,72.78,2517575.0,75.025,74.45093754580981,-0.7031391820476642,26.197604735514034,-2.4099999999999966,77.93156244783393,72.11843755216609,1.1972928571428543,2061934.25,-12374415.0,73.36,74.47,75.19
2023-09-27,73.14,74.01,72.83,73.47,2018135.0,74.863,74.35751492239935,-0.689266646566665,35.00717353083205,-0.710000000000008,77.73509514576315,71.99090485423685,1.1753285714285684,2078564.1,-10356280.0,72.78,74.0,74.18
2023-09-28,73.46,74.855,73.46,74.54,2122866.0,74.7405,74.37489445359941,-0.58661628500154,44.48669193627209,-0.6299999999999955,77.43405937474259,72.0469406252574,1.2199714285714265,2101378.1,-8233414.0,73.47,72.86,75.17
2023-09-29,75.11,75.46,74.465,74.59,2315988.0,74.6255,74.39538069611375,-0.4955841890598407,44.696969617959866,0.030000000000001137,77.12182551015131,72.1291744898487,1.2113999999999976,2094742.3,-5917426.0,74.54,72.84,74.56
2023-10-02,73.92,74.35,72.68,73.32,2860483.0,74.393,74.29296348696006,-0.5184543074264241,39.553072563827556,-1.460000000000008,76.39498953675185,72.39101046324815,1.254971428571425,2140233.9,-8777909.0,74.59,73.36,74.78
2023-10-03,72.85,74.49,72.81,73.49,3074904.0,74.298,74.21649077391625,-0.5170691743550151,45.74599252275653,-0.980000000000004,76.28101843291078,72.31498156708922,1.2671142857142823,2211248.25,-5703005.0,73.32,72.78,74.47
2023-10-04,73.95,73.95,72.87,73.68,2743611.0,74.184,74.16539641449566,-0.49511226144126397,39.808481455907206,-0.3199999999999932,76.02153152497146,72.34646847502853,1.2463999999999973,2270463.7,-2959394.0,73.49,73.47,74.0
2023-10-05,73.25,74.055,72.995,73.65,3099870.0,74.0885,74.11631104168654,-0.4746252298462821,43.23922725031963,0.7900000000000063,75.8204204430497,72.3565795569503,1.2335428571428548,2296727.4,-6059264.0,73.68,74.54,72.86
2023-10-06,73.35,75.8,73.35,75.3,2793410.0,74.083,74.22904332343069,-0.32294317648937465,53.18627441855293,2.4599999999999937,75.7978650399562,72.36813496004379,1.3049714285714273,2358224.95,-3265854.0,73.65,74.59,72.84
2023-10-09,74.87,75.55,74.5304,75.27,1612418.0,74.075,74.32818205453253,-0.20280438814904755,55.07614203412866,1.9099999999999966,75.76471501801521,72.3852849819848,1.2885142857142842,2344872.6,-4878272.0,75.3,73.32,73.36
2023-10-10,75.45,76.88,75.42,76.23,2679920.0,74.127,74.50930757314848,-0.03049794685875895,63.32138579611715,3.450000000000003,76.01371923552102,72.24028076447897,1.2913714285714266,2373821.85,-2198352.0,75.27,73.49,72.78
2023-10-11,76.34,76.82,75.83,76.42,2398237.0,74.239,74.69127828046767,0.1198595741140025,73.98921818923864,2.950000000000003,76.3868400410892,72.09115995891081,1.296371428571426,2386172.1,199885.0,76.23,73.68,73.47
2023-10-12,77.01,77.01,75.21,75.87,1944830.0,74.274,74.8035374918517,0.19275087620144404,69.05660365197576,1.3299999999999983,76.50684948935347,72.04115051064653,1.3713999999999982,2402411.45,-1744945.0,76.42,73.65,74.54
2023-10-13,76.04,76.52,75.04,75.39,2444176.0,74.3155,74.8593910640563,0.20964281985965272,62.831858295872784,0.7999999999999972,76.60096413574797,72.03003586425203,1.3892571428571412,2342212.5,-4189121.0,75.87,75.3,74.59
2023-10-16,76.1,76.48,75.24,75.29,2354579.0,74.341,74.90040143890808,0.21256093075663784,66.89098237732519,1.970000000000013,76.65942868748385,72.02257131251613,1.3928285714285704,2378026.45,-6543700.0,75.39,75.27,73.32
2023-10-17,74.5,76.05,74.5,75.67,1953768.0,74.401,74.97369653996445,0.24254626563751458,65.44943807355446,2.180000000000007,76.79438474264303,72.00761525735696,1.4192571428571412,2312811.2,-4589932.0,75.29,76.23,73.49
2023-10-18,75.01,75.01,74.105,74.22,1947399.0,74.412,74.9019159171107,0.1482700354626445,47.866666577315506,0.539999999999992,76.79964010335699,72.02435989664302,1.3842571428571406,2332382.0,-6537331.0,75.67,76.42,73.68
2023-10-19,74.0,75.285,73.89,73.98,2903582.0,74.468,74.8141144011954,0.053678391101755096,46.03381005923624,0.3299999999999983,76.75269138765891,72.1833086123411,1.4128285714285695,2375603.35,-9440913.0,74.22,75.87,73.65
2023-10-20,74.02,74.19,72.935,73.01,2637897.0,74.47650000000002,74.64229398203393,-0.09803430206835628,47.902570951199536,-2.289999999999992,76.73682391716919,72.21617608283084,1.383185714285713,2410713.65,-12078810.0,73.98,75.39,75.3
2023-10-23,72.68,73.08,72.15,72.28,2520500.0,74.4225,74.4173136027926,-0.273738351818551,42.38993703226934,-2.989999999999995,76.84118929272397,72.00381070727603,1.3296142857142843,2447207.4,-14599310.0,73.01,75.29,75.27
2023-10-24,72.7,73.33,72.26,72.8,1595469.0,74.4235,74.26328373585997,-0.36696351705153063,44.68599026260816,-3.430000000000007,76.83934484514015,72.00765515485986,1.3288999999999984,2401102.1,-13003841.0,72.28,75.67,76.23
2023-10-25,72.53,72.63,71.56,71.64,2261955.0,74.332,74.0134471895876,-0.5279861134834221,39.319872417589934,-4.780000000000001,77.02287033464927,71.64112966535072,1.3296142857142834,2413293.1,-15265796.0,72.8,74.22,76.42
2023-10-26,72.09,72.98,72.06,72.22,1605805.0,74.216,73.84264269534115,-0.6020175983750704,31.534772129318114,-3.6500000000000057,77.06452242399473,71.36747757600526,1.220328571428569,2387440.05,-13659991.0,71.64,73.98,75.87
2023-10-27,72.49,72.66,71.75,72.15,2470525.0,74.09400000000001,73.68143862911819,-0.6587177257227665,31.38424815759197,-3.239999999999995,77.08073135894865,71.10726864105136,1.2124999999999975,2395166.9,-16130516.0,72.22,73.01,75.39
2023-10-30,72.22,73.12,72.13,72.89,2222236.0,74.0725,73.60606352158312,-0.6367816140560052,29.534313674818478,-2.4000000000000057,77.08873589053798,71.05626410946203,1.17892857142857,2363254.55,-13908280.0,72.15,72.28,75.29
2023-10-31,72.91,73.23,72.77,72.88,2901373.0,74.042,73.53691461476568,-0.613131117469166,27.819548823374106,-2.7900000000000063,77.09514747001928,70.98885252998072,1.141071428571428,2354578.0,-16809653.0,72.89,72.8,75.67
2023-11-01,69.88,71.59,66.56,66.92,10746626.0,73.70400000000001,72.90673227050227,-1.0617799941606734,16.57953695055157,-7.299999999999997,78.11892874115482,69.2890712588452,1.371785714285713,2754728.75,-27556279.0,72.88,71.64,74.22
2023-11-02,67.44,68.58,67.34,68.13,6091902.0,73.428,72.45180538759729,-1.30488423861172,24.291784678464154,-5.8500000000000085,78.4986196029574,68.35738039704259,1.3546428571428564,2904330.35,-21464377.0,66.92,72.22,73.98
2023-11-03,68.71,70.23,68.71,69.67,3002159.0,73.1465,72.18687154115945,-1.3579018459485042,31.940874007251097,-3.3400000000000034,78.4013014134445,67.8916985865555,1.3746428571428564,2914767.8,-18462218.0,68.13,72.15,73.01
2023-11-06,69.51,70.13,68.95,69.54,3247853.0,72.86,71.9347885372395,-1.3943070264574402,29.98040493666062,-2.739999999999995,78.25038910811118,67.46961089188882,1.3482142857142847,2996539.55,-21710071.0,69.67,72.89,72.28
2023-11-07,69.1,69.14,67.99,68.43,3563514.0,72.47,71.6009991527405,-1.4953069545823041,30.661322616615976,-4.36999999999999,77.96149390085792,66.97850609914208,1.365714285714285,3040719.25,-25273585.0,69.54,72.88,72.8
2023-11-08,68.19,68.86,68.17,68.41,2361625.0,72.06949999999999,71.29709447152712,-1.5589830235918356,31.11864403826023,-3.230000000000004,77.51620822849156,66.62279177150842,1.3153571428571422,3038888.65,-27635210.0,68.43,66.92,71.64
2023-11-09,68.7,68.82,67.76,67.83,1987124.0,71.6675,70.96689499804835,-1.6372892502746055,31.963788269673145,-4.390000000000001,77.1199543001055,66.2150456998945,1.3014285714285703,3041003.35,-29622334.0,68.41,68.13,72.22
2023-11-10,68.0,69.015,67.54,68.74,3221092.0,71.33500000000001,70.75480976013898,-1.6074965781116362,37.8266849704557,-3.410000000000011,76.64072878073685,66.02927121926317,1.340357142857142,3079849.15,-26401242.0,67.83,69.67,72.15
2023-11-13,68.77,68.88,67.9,68.53,2287062.0,70.997,70.54292311631622,-1.5825597396489002,34.996486262125714,-4.359999999999999,76.09926410011977,65.89473589988023,1.3339285714285702,3076473.3,-28688304.0,68.74,69.54,72.89
2023-11-14,69.47,70.79,69.47,70.38,2945396.0,70.73249999999999,70.527406629048,-1.3976032481061793,45.77747984980663,-2.5,75.33917193489964,66.12582806510034,1.3517857142857141,3126054.7,-25742908.0,68.53,68.43,72.88
2023-11-15,70.6,71.755,70.47,70.87,2707836.0,70.565,70.56003456913867,-1.1977265345351356,45.44841533133664,3.950000000000003,74.87158980975393,66.25841019024607,1.3778571428571422,3164076.55,-23035072.0,70.38,68.41,66.92
2023-11-16,70.5,70.97,70.14,70.59,2628582.0,70.3955,70.56288841969689,-1.0497890091131836,44.81382974551903,2.460000000000008,74.39183239753423,66.39916760246577,1.3721428571428567,3150326.55,-25663654.0,70.87,67.83,68.13
2023-11-17,71.015,71.23,70.622,71.22,2001117.0,70.306,70.62547047496385,-0.8717167164002859,44.40723371589409,1.5499999999999972,74.13235404310169,66.47964595689831,1.344857142857142,3118487.55,-23662537.0,70.59,68.74,69.67
2023-11-20,71.13,71.59,70.71,71.36,1977980.0,70.26,70.69542566782444,-0.7111104102648937,44.95351921451865,1.8199999999999932,74.00774598925845,66.51225401074156,1.3748571428571421,3091361.55,-21684557.0,71.22,68.53,69.54
2023-11-21,71.21,71.29,70.785,70.85,2101256.0,70.1625,70.71014703279354,-0.6178224095620806,70.4474504696915,2.4199999999999875,73.72909870405857,66.59590129594142,1.051642857142857,3116650.9,-23785813.0,71.36,70.38,68.43
2023-11-22,70.86,71.55,70.672,71.31,1765380.0,70.146,70.76727588681321,-0.5010284692596372,67.94582382040164,2.9000000000000057,73.68677838602619,66.60522161397381,1.0257857142857145,3091822.15,-22020433.0,70.85,70.87,68.41
2023-11-24,71.16,71.74,71.03,71.52,725925.0,70.111,70.8389638975929,-0.387074686042979,62.28419643134408,3.6899999999999977,73.5785390940008,66.6434609059992,0.9679285714285706,3047828.15,-21294508.0,71.31,70.59,67.83
2023-11-27,70.93,71.285,70.4797,71.22,2826097.0,70.0645,70.8752530502031,-0.3172981805095674,60.90909079834706,2.480000000000004,73.4406483816236,66.68835161837639,0.9411642857142856,3065606.75,-24120605.0,71.52,71.22,68.74
2023-11-28,71.4,72.04,71.0,71.29,2462813.0,69.9845,70.91475275970757,-0.25343382557767313,71.4714713212311,2.760000000000005,73.1478657957779,66.82113420422209,0.9333071428571428,3077635.6,-21657792.0,71.22,71.36,68.53
2023-11-29,71.35,71.97,71.27,71.44,1985702.0,69.9125,70.96477630640209,-0.18855124141272483,72.31222370951828,1.0600000000000023,72.85630974070617,66.96869025929382,0.9340214285714288,3031852.05,-19672090.0,71.29,70.85,70.38
2023-11-30,71.59,71.86,71.22,71.54,4350274.0,70.14349999999999,71.01955951531617,-0.12759613114445756,79.39778112336472,0.6700000000000017,72.81065124983125,67.47634875016873,0.9040214285714298,2712034.45,-15321816.0,71.44,71.31,70.87
2023-12-01,71.59,72.72,71.27,72.41,4429420.0,70.3575,71.1519824186194,-0.009020601548613172,79.2663475104101,1.8199999999999932,73.03123088438385,67.68376911561616,0.902235714285716,2628910.35,-10892396.0,71.54,71.52,70.59
2023-12-04,71.76,72.16,70.9,71.76,4455280.0,70.462,71.20988885494135,0.03215634804021761,74.06855424188385,0.5400000000000063,73.18550084305257,67.73849915694744,0.9222357142857162,2701566.4,-15347676.0,72.41,71.22,71.22
2023-12-05,71.21,71.52,70.44,70.88,3132561.0,70.529,71.17847086875646,-0.006116602374063973,54.35540056428996,-0.480000000000004,73.22276590238366,67.83523409761634,0.9050928571428584,2695801.8,-18480237.0,71.76,71.29,71.36
2023-12-06,71.19,71.615,70.505,70.63,2687905.0,70.639,71.12623554792252,-0.05596725708258532,47.81818169646273,-0.21999999999999886,73.14500037804058,68.13299962195941,0.8925928571428585,2652021.35,-21168142.0,70.88,71.44,70.85
2023-12-07,70.92,71.45,70.53,70.72,2912007.0,70.7545,71.08754644812038,-0.08720931396543108,51.22410532633942,-0.5900000000000034,73.03029922340829,68.4787007765917,0.8990214285714302,2679540.45,-18256135.0,70.63,71.54,71.31
2023-12-08,70.84,71.43,70.71,70.89,2324024.0,70.9075,71.06873250068034,-0.09713635162238177,46.59793800982041,-0.6299999999999955,72.71967955425083,69.09532044574917,0.9070214285714309,2696385.45,-15932111.0,70.72,72.41,71.52
2023-12-11,70.69,71.65,70.51,71.38,2843818.0,71.0395,71.09837702442506,-0.0647316652840857,50.19230755717452,0.1599999999999966,72.54567640680754,69.53332359319246,0.9255928571428588,2677521.75,-13088293.0,70.89,71.76,71.22
2023-12-12,71.32,71.32,70.68,70.91,2368798.0,71.1585,71.0804363554322,-0.0760870036416037,50.58139521160089,-0.38000000000000966,72.10012848859247,70.21687151140753,0.9352357142857143,2681608.55,-15457091.0,71.38,70.88,71.29
2023-12-13,70.62,72.05,70.46,71.89,3753764.0,71.23400000000001,71.15753765491485,-0.005962298517644626,55.10563366699314,0.45000000000000284,72.15471825509532,70.3132817449047,0.9860928571428573,2722026.95,-11703327.0,70.91,70.63,71.44
2023-12-14,72.42,73.75,72.41,73.42,4944988.0,71.3615,71.37301025920867,0.17106527915966296,63.57142844428576,1.8799999999999955,72.68717003912518,70.03582996087484,1.031092857142858,2833884.55,-6758339.0,71.89,70.72,71.54
2023-12-15,73.65,73.85,72.82,73.23,8580983.0,71.49350000000001,71.54986642499831,0.292659151950474,64.58635690795228,0.8200000000000074,73.00800912666098,69.97899087333904,1.0471428571428578,3131504.6,-15339322.0,73.42,70.89,72.41
2023-12-18,73.64,73.885,73.03,73.59,3779543.0,71.612,71.74416486071276,0.41330085080986123,66.0167129631986,1.8299999999999983,73.38518743628896,69.83881256371103,1.033928571428572,3220425.9,-11559779.0,73.23,71.38,71.76
2023-12-19,73.86,74.31,73.5,74.12,3233141.0,71.75,71.9704348739782,0.5453805700183381,67.72486759945134,3.240000000000009,73.84161735456014,69.65838264543986,1.0417857142857148,3283183.95,-8326638.0,73.59,70.91,70.88
2023-12-20,73.95,74.26,73.23,73.27,3725312.0,71.87100000000001,72.09420298121837,0.5748531978373848,60.40914550592917,2.6400000000000006,74.02253213462366,69.71946786537636,1.0696428571428578,3364386.75,-12051950.0,74.12,71.89,70.63
2023-12-21,73.77,74.39,73.7,74.36,2025338.0,72.0235,72.30999317348329,0.6783288301981116,61.43024608909455,3.6400000000000006,74.42540516487537,69.62159483512463,1.015357142857143,3377384.65,-10026612.0,73.27,73.42,70.72
2023-12-22,74.72,76.19,74.65,75.53,3156876.0,72.224,72.61666049029441,0.8449865371453598,70.82872917219856,4.640000000000001,75.07620062777058,69.37179937222943,1.035357142857143,3498932.2,-6869736.0,74.36,73.23,70.89
2023-12-26,75.62,76.86,75.5773,76.51,2519489.0,72.4885,72.98745472931398,1.044093333562131,80.76502719882944,5.13000000000001,75.87901478780405,69.09798521219595,1.049835714285715,3483601.8,-4350247.0,75.53,73.59,71.38
2023-12-27,76.3,76.95,76.3,76.93,2017997.0,72.7705,73.36293523128408,1.2216890742601123,83.79828313592532,6.02000000000001,76.6449533060878,68.8960466939122,1.0169785714285726,3461361.0,-2332250.0,76.51,74.12,70.91
2023-12-28,76.87,77.41,76.81,77.04,1858484.0,73.0505,73.7131318759237,1.3556818713204848,83.83297631973642,5.150000000000006,77.31033678955967,68.79066321044033,0.9941214285714294,3455000.1,-473766.0,76.93,73.27,71.89
2023-12-29,76.85,77.12,76.54,76.93,1723095.0,73.32000000000001,74.01950026869287,1.436438290504256,82.54310332374962,3.510000000000005,77.85084864828721,68.7891513517128,0.9841214285714283,3323641.15,-2196861.0,77.04,74.36,73.42
2024-01-02,76.49,77.74,76.49,77.51,2570011.0,73.575,74.35192881453165,1.5296014510361005,82.71077895859648,4.280000000000001,78.45111363798344,68.69888636201657,0.991978571428571,3230670.7,373150.0,76.93,75.53,73.23
2024-01-03,76.94,77.54,76.32,77.02,2887038.0,73.838,74.6060308321953,1.5460765853132301,82.53461116554999,3.4299999999999926,78.86694192073311,68.80905807926688,1.0334071428571445,3152258.6,-2513888.0,77.51,76.51,73.59
2024-01-04,76.84,77.3384,76.43,76.56,2741919.0,74.122,74.79212313389098,1.5046734830588804,76.32468984571071,2.4399999999999977,79.08873396869522,69.15526603130478,0.9847214285714289,3132726.5,-5255807.0,77.02,76.93,74.12
2024-01-05,76.33,77.15,76.32,76.69,2167827.0,74.425,74.97287331161564,1.4654570952682207,71.88755006607414,3.4200000000000017,79.23156349501183,69.61843650498817,0.9482928571428582,3106722.6,-3087980.0,76.56,77.04,73.27
2024-01-08,75.99,76.75,75.99,76.67,2112827.0,74.7225,75.13450442479511,1.4164361369249718,73.56164369453926,2.3100000000000023,79.29432158789909,70.1506784121009,0.9290071428571441,3066763.6,-5200807.0,76.69,76.93,74.36
2024-01-09,75.92,76.49,75.91,76.31,2239185.0,74.99350000000001,75.24645638433843,1.3331717966593004,68.6301368546819,0.7800000000000011,79.23975296120328,70.74724703879674,0.9093642857142866,3062521.65,-7439992.0,76.67,77.51,75.53
2024-01-10,75.9,76.43,75.755,76.18,2247037.0,75.2335,75.33536530011573,1.2423736198251731,64.92753610014702,-0.3299999999999983,79.1495682484243,71.31743175157571,0.8997214285714301,3032682.6,-9687029.0,76.31,77.02,76.51
2024-01-11,76.16,76.16,75.33,75.76,2794534.0,75.47600000000001,75.3758067001047,1.1235752082361898,69.24265827366357,-1.1700000000000017,78.82429037286998,72.12770962713005,0.8854357142857155,3053969.4,-12481563.0,76.18,76.56,76.93
2024-01-12,76.33,76.33,75.2,75.53,1792303.0,75.658,75.3904917762852,0.99934875255191,60.42780733583079,-1.5100000000000051,78.55022260190124,72.76577739809876,0.9168642857142869,2955896.35,-14273866.0,75.76,76.69,77.04
2024-01-16,74.27,74.48,73.195,73.72,4368472.0,75.673,75.23139732140089,0.7462524859735851,35.51999992043518,-3.210000000000008,78.51909501635245,72.82690498364755,0.8986500000000025,2927070.55,-18642338.0,75.53,76.67,76.93
2024-01-17,72.84,73.4751,72.72,73.08,3329981.0,75.6655,75.02650233841032,0.48840201878117284,20.98138742914722,-4.430000000000007,78.53935656895892,72.79164343104107,0.8609642857142877,2664520.45,-21972319.0,73.72,76.31,77.51
2024-01-18,73.36,73.54,72.865,73.34,2419860.0,75.65299999999999,74.86588306808554,0.30155639742058327,18.782608649920576,-3.6799999999999926,78.5667647920103,72.73923520798968,0.8627500000000025,2596536.3,-19552459.0,73.08,76.18,77.02
2024-01-19,73.33,73.86,72.86,73.68,3455284.0,75.631,74.75294182350596,0.17885217711604184,21.9063544637644,-2.8799999999999955,78.5996282495812,72.6623717504188,0.8913214285714314,2607643.45,-16097175.0,73.34,75.76,76.56
2024-01-22,73.65,74.65,73.61,74.39,2031677.0,75.687,74.71837593555301,0.13731402982389795,30.699088080579386,-2.299999999999997,78.50661624861871,72.86738375138128,0.9241785714285748,2522961.7,-14065498.0,73.68,75.53,76.69
2024-01-23,74.67,74.79,74.09,74.69,1980658.0,75.7035,74.71567346550034,0.12713576601332477,27.61904755767189,-1.980000000000004,78.494133016285,72.912866983715,0.8848928571428607,2520727.7,-12084840.0,74.39,73.72,76.67
2024-01-24,64.45,66.5,63.92,64.2,20734993.0,75.137,73.71418075450032,-0.7190665228563518,10.674846616598273,-12.11,80.99268945106977,69.28131054893024,0.9820357142857168,3399633.55,-32819833.0,74.69,73.08,76.31
2024-01-25,64.59,65.03,63.52,64.11,6998576.0,74.51700000000001,72.79949687311934,-1.381029949415435,10.922787184374172,-12.070000000000007,82.12440387282102,66.909596127179,1.0250071428571463,3623587.9,-39818409.0,64.2,73.34,76.18
2024-01-26,64.62,65.31,64.34,64.67,4595377.0,73.904,72.0252590756794,-1.8392527556922005,13.264058668355958,-11.090000000000003,82.59180488295014,65.21619511704985,1.0350071428571452,3752456.9,-35223032.0,64.11,73.68,75.76
2024-01-29,64.28,64.3,63.3,63.51,4859836.0,73.2275,71.21428202085279,-2.269831821786326,12.399999990080005,-12.020000000000003,82.93444786439628,63.52055213560374,1.0521500000000021,3902524.5,-40082868.0,64.67,74.39,75.53
2024-01-30,63.32,63.89,62.88,62.95,4076199.0,72.5285,70.42720754267634,-2.6259840195322113,12.259886995952641,-10.769999999999996,83.08874775427078,61.968252245729204,1.0828642857142878,4020179.7,-44159067.0,63.51,74.69,73.72
2024-01-31,63.02,63.16,61.72,61.8,4266400.0,71.74300000000001,69.60556872908812,-2.9668303355735475,11.591880333211193,-11.280000000000001,83.05354114764782,60.4324588523522,1.137507142857144,4104999.15,-48425467.0,62.95,64.2,73.08
2024-02-01,62.195,62.325,61.29,61.96,3643808.0,70.99,68.87741932631782,-3.187301690386434,12.621885147524054,-11.380000000000003,82.81486051992971,59.16513948007028,1.1521500000000013,4142837.65,-44781659.0,61.8,64.11,73.34
2024-02-02,61.31,62.59,61.14,62.36,4474156.0,70.28,68.25671272381136,-3.2918047975915243,14.65378420798966,-11.320000000000007,82.39827502055006,58.16172497944994,1.175007142857145,4229449.5,-40307503.0,61.96,64.67,73.68
2024-02-05,61.4,62.04,61.2,61.21,7160100.0,69.506,67.58559722630552,-3.4279029759703548,15.191986632571641,-13.18,81.87527500747437,57.13672499252563,1.1432214285714295,4479063.15,-47467603.0,62.36,63.51,74.39
2024-02-06,64.43,66.02,63.62,65.74,8174516.0,68.9595,67.40982606189547,-3.134107022139858,33.21134490096253,-8.950000000000003,80.95626881936413,56.962731180635885,1.2607142857142866,4782147.6,-39293087.0,61.21,62.95,74.69
2024-02-07,66.1,66.995,65.74,66.48,4082881.0,68.468,67.32127119885781,-2.809178285065002,34.64637419493961,2.280000000000001,79.99296895760195,56.94303104239806,1.302142857142858,4874332.4,-35210206.0,65.74,61.8,64.2
2024-02-08,66.5,67.15,65.93,67.1,2983944.0,68.014,67.30019775134755,-2.4731331046082374,35.45534922650859,2.989999999999995,78.96068880481573,57.06731119518427,1.3178571428571435,4911177.75,-32226262.0,66.48,61.96,64.11
2024-02-09,66.98,67.73,66.57,67.68,3288664.0,67.61,67.33636939407636,-2.135398828485961,35.082258759842105,3.010000000000005,77.9315584298621,57.28844157013791,1.3264285714285724,4935884.25,-28937598.0,67.1,62.36,64.67
2024-02-12,67.72,68.92,67.72,68.47,2942186.0,67.257,67.44433421368814,-1.7834380560636873,36.46649258004653,4.960000000000001,76.89857903643352,57.61542096356649,1.3621428571428582,4993378.4,-25995412.0,67.68,61.21,63.51
2024-02-13,67.43,67.87,66.1,66.84,3544124.0,66.913,67.38677857428927,-1.6173881350532753,59.348441867501535,3.8900000000000006,76.06202376155393,57.76397623844606,1.3042857142857163,4952161.0,-29539536.0,68.47,65.74,62.95
2024-02-14,67.43,67.72,66.595,67.65,2994495.0,66.64150000000001,67.41184728149982,-1.4042456026190138,61.927223661254665,5.8500000000000085,75.33068329394625,57.95231670605377,1.2767857142857164,4935386.7,-26545041.0,66.84,66.48,61.8
2024-02-15,67.8,68.99,67.74,68.45,2429796.0,66.397,67.51071896897602,-1.1574337927483356,62.53315644061909,6.490000000000002,74.55129134679564,58.242708653204375,1.2967857142857164,4935883.5,-24115245.0,67.65,67.1,61.96
2024-02-16,68.54,69.18,68.37,68.45,2759055.0,66.13550000000001,67.60017430526402,-0.9508725915606249,67.74425280542965,6.090000000000003,73.61380961761061,58.65719038238941,1.283214285714288,4901072.05,-24115245.0,68.45,67.68,62.36
2024-02-20,68.08,68.53,67.7,67.97,2776378.0,65.8145,67.63539580000078,-0.8164909944984942,68.13583808136546,6.759999999999998,72.28405778200813,59.34494221799186,1.2703571428571452,4938307.1,-26891623.0,68.45,68.47,61.21
2024-02-21,68.05,69.2,67.77,69.06,3822364.0,65.53299999999999,67.7710723904769,-0.6149506832446292,76.34252532156785,3.3200000000000074,70.74404131426269,60.321958685737286,1.2696428571428602,5030392.4,-23069259.0,67.97,66.84,65.74
2024-02-22,69.11,70.15,69.11,69.93,2307983.0,65.8195,67.97668454376482,-0.3806395781861056,77.50172525293141,3.450000000000003,71.34267786099777,60.29632213900224,1.2700000000000031,4109041.9,-20761276.0,69.06,67.65,66.48
2024-02-23,70.26,70.54,69.94,69.96,1964316.0,66.112,68.16557173007293,-0.19033159536466826,76.91218122685761,2.8599999999999994,71.86866789585459,60.3553321041454,1.2092857142857178,3857328.9,-18796960.0,69.93,68.45,67.1
2024-02-26,69.68,70.375,69.56,69.91,2270970.0,66.374,68.33170775578027,-0.0430494665224046,83.41013815915962,2.2299999999999898,72.32792625875915,60.42007374124084,1.2075000000000036,3741108.55,-21067930.0,69.96,68.45,67.68
2024-02-27,70.13,70.3,69.275,69.6,2931687.0,66.6785,68.45249749332501,0.04810390499245898,71.9318180673812,1.1299999999999955,72.63861400456176,60.71838599543824,1.1092857142857173,3644701.1,-23999617.0,69.91,67.97,68.47
2024-02-28,68.8,69.73,68.75,69.63,2357190.0,67.0125,68.56464058919882,0.12136531453576538,69.46847948423252,2.789999999999992,72.84006742605933,61.184932573940664,1.0896428571428598,3558750.65,-21642427.0,69.6,69.06,66.84
2024-02-29,68.25,69.72,68.2104,69.19,6560480.0,67.38199999999999,68.62419862832274,0.1422812383800931,63.211125046149746,1.539999999999992,72.73586373025218,62.02813626974781,1.1103285714285736,3673454.65,-28202907.0,69.63,69.93,67.65
2024-03-01,68.93,69.98,68.86,69.56,2136641.0,67.762,68.71332256848248,0.18656244325629245,62.20779209468712,1.1099999999999994,72.54378385564526,62.98021614435474,1.1074714285714304,3598096.3,-26066266.0,69.19,69.96,68.45
2024-03-04,69.33,69.8,69.28,69.64,2217363.0,68.126,68.80157756196034,0.22551136126057258,58.369098595541175,1.1899999999999977,72.23776181984829,64.01423818015172,1.0589000000000013,3485256.65,-23848903.0,69.56,69.91,68.45
2024-03-05,69.13,69.77,68.81,69.0,2200208.0,68.5155,68.82047493701174,0.20240304364266137,67.9999998413333,1.0300000000000011,71.03719095314274,65.99380904685727,1.0010428571428573,3237262.05,-26049111.0,69.64,69.6,67.97
2024-03-06,69.51,70.59,69.23,70.28,2588134.0,68.74249999999999,68.959477323963,0.284099516426096,70.32457480918946,1.2199999999999989,71.01750722960188,66.46749277039811,1.0178285714285715,2957942.95,-23460977.0,69.0,69.63,69.06
2024-03-07,70.87,71.77,70.82,71.19,2417167.0,68.978,69.17190805501414,0.41746145138756674,70.82066854232681,1.259999999999991,71.24197507890405,66.71402492109594,0.9964000000000003,2874657.25,-21043810.0,70.28,69.19,69.93
2024-03-08,71.63,72.52,71.29,71.4,2197255.0,69.193,69.38410728786994,0.5339419766447691,71.72312209070344,1.440000000000012,71.5218226074233,66.86417739257669,1.0263999999999993,2835322.8,-18846555.0,71.19,69.56,69.96
2024-03-11,71.43,72.74,71.335,72.15,2099369.0,69.4165,69.64752564140613,0.6789457083904153,79.60339927557403,2.240000000000009,71.98008527724122,66.85291472275878,1.0674714285714282,2775858.05,-16747186.0,71.4,69.64,69.91
2024-03-12,72.29,72.4,71.355,72.04,2253268.0,69.595,69.8753803422246,0.7760404360333979,74.50657877580727,2.440000000000012,72.36956492559094,66.82043507440906,1.0399714285714279,2741412.15,-19000454.0,72.15,69.0,69.6
2024-03-13,72.39,73.97,72.39,73.78,3104694.0,69.942,70.24724888106036,0.9820710859522848,77.69784157010507,4.150000000000006,72.98839631799922,66.89560368200077,1.0785428571428557,2719440.65,-15895760.0,72.04,70.28,69.63
2024-03-14,73.48,73.89,73.3,73.81,2663376.0,70.25,70.58655851143556,1.1346925645402308,77.69784157010511,4.6200000000000045,73.5552876298127,66.9447123701873,1.0778285714285698,2702884.7,-13232384.0,73.78,71.19,69.19
2024-03-15,73.59,74.24,73.23,73.43,5341145.0,70.499,70.85736246272741,1.2110234973540486,74.17582403317843,3.8700000000000045,73.97904174203687,67.01895825796312,1.0917571428571406,2848452.15,-18573529.0,73.81,71.4,69.56
2024-03-18,73.81,74.36,73.365,73.52,2509158.0,70.7525,71.1109469900867,1.2642055630535936,77.76203950585437,3.8799999999999955,74.34103657315141,67.16396342684858,1.0896142857142845,2835957.3,-16064371.0,73.43,72.15,69.64
2024-03-19,73.42,74.17,73.36,73.72,1777018.0,71.03999999999999,71.35942822912607,1.3074199022014454,78.28492377648845,4.719999999999999,74.61120648933617,67.46879351066382,1.077471428571427,2785989.3,-14287353.0,73.52,72.04,69.0
2024-03-20,73.58,74.545,73.48,74.51,1774172.0,71.3125,71.65948268349501,1.3893977435277804,85.09234812779783,4.230000000000004,75.0742066395598,67.5507933604402,1.0457142857142847,2683579.7,-12513181.0,73.72,73.78,70.28
2024-03-21,74.58,75.43,74.58,75.06,1804937.0,71.569,71.98334147554311,1.481666370048032,85.43814417575597,3.8700000000000045,75.62209965854632,67.51590034145369,1.0264285714285708,2658427.4,-10708244.0,74.51,73.81,71.19
2024-03-22,75.48,76.01,75.34,75.74,2040541.0,71.858,72.34111847787234,1.5913164430909035,86.48325344368837,4.339999999999989,76.2390385694914,67.47696143050861,1.037142857142857,2662238.65,-8667703.0,75.06,73.43,71.4
2024-03-25,75.56,76.225,75.55,75.94,1548340.0,72.1595,72.68386909902736,1.6750443471780017,93.81313114730007,3.789999999999992,76.79844486642025,67.52055513357973,1.0167857142857142,2626107.15,-7119363.0,75.74,73.52,72.15
2024-03-26,76.0,76.18,75.44,75.54,1509814.0,72.4565,72.95588156578667,1.689645512771989,87.3579543717315,3.5,77.16554292432767,67.74745707567234,0.9725000000000007,2555013.5,-8629177.0,75.94,73.72,72.04
2024-03-27,76.12,76.53,75.83,76.5,1454494.0,72.8,73.29341665475937,1.7584110522979302,87.44710843099317,2.719999999999999,77.64132648199495,67.95867351800504,0.9546428571428578,2509878.7,-7174683.0,75.54,74.51,73.78
2024-03-28,76.425,77.05,76.425,76.67,1964298.0,73.174,73.61499602097277,1.8058095486711778,87.37588635131043,2.8599999999999994,77.9967504709725,68.35124952902751,0.9114285714285728,2280069.6,-5210385.0,76.5,75.06,73.81
2024-04-01,76.77,77.27,76.465,77.2,1558543.0,73.55600000000001,73.95642497135631,1.8646452507221483,86.96925311602217,3.769999999999996,78.38375048411208,68.72824951588794,0.8685714285714293,2251164.7,-3651842.0,76.67,75.74,73.43
2024-04-02,76.96,76.99,76.48,76.83,1712781.0,73.9155,74.2300987836081,1.8599764350234267,83.77997162582241,3.3100000000000023,78.58360668258578,69.24739331741421,0.8303571428571429,2225935.6,-5364623.0,77.2,75.94,73.52
2024-04-03,77.0,77.455,76.75,77.12,2011122.0,74.3215,74.50532747088351,1.8582560977297504,79.60992888040099,3.4000000000000057,78.58439387746496,70.05860612253504,0.7678571428571429,2216481.3,-3353501.0,76.83,75.54,73.72
2024-04-04,77.7,77.94,75.71,75.75,2347063.0,74.595,74.62386771175176,1.7264438858292266,63.89684800937595,1.2399999999999949,78.44834031444788,70.74165968555212,0.885,2204427.75,-5700564.0,77.12,76.5,74.51
2024-04-05,75.88,75.91,74.92,75.53,2221662.0,74.812,74.71016602491825,1.5859477901218213,65.3958942939087,0.46999999999999886,78.33239232263465,71.29160767736535,0.8835714285714289,2194652.5,-7922226.0,75.75,76.67,75.06
2024-04-08,75.64,76.385,75.64,76.28,1665948.0,75.05600000000001,74.85967402254508,1.5176280386488656,68.44919773284911,0.5400000000000063,78.24116561578857,71.87083438421145,0.865714285714286,2168087.15,-6256278.0,75.53,77.2,75.74
2024-04-09,76.5,77.37,75.98,77.28,1969308.0,75.3125,75.09018125849316,1.5265782873464104,71.49758442017318,1.3400000000000034,78.33437028179597,72.29062971820403,0.9071428571428574,2161584.1,-4286970.0,76.28,76.83,75.94
2024-04-10,76.25,76.8569,75.67,76.19,1904561.0,75.52000000000001,75.19492590054143,1.429242171092838,59.79020969264997,0.6499999999999915,78.1387662824519,72.90123371754812,0.9158499999999999,2144148.75,-6191531.0,77.28,77.12,75.54
2024-04-11,76.48,76.5,75.51,76.24,2236186.0,75.643,75.29445676715653,1.3406826218853212,57.30198009873414,-0.2600000000000051,78.14619459049757,73.13980540950243,0.925849999999999,2100723.35,-3955345.0,76.19,75.75,76.5
2024-04-12,75.8,76.0,73.34,73.8,3193117.0,75.6425,75.15212755123686,1.0613761513578481,40.14227636565125,-2.8700000000000045,78.14723971754215,73.13776028245785,1.0679928571428559,2127210.4,-7148462.0,76.24,75.53,76.67
2024-04-15,74.6,75.12,72.99,73.44,1813647.0,75.643,74.9890677844524,0.8017329064008294,37.4999999475,-3.760000000000005,78.14588338984449,73.14011661015552,1.1719214285714281,1950835.5,-8962109.0,73.8,76.28,77.2
2024-04-16,73.09,73.33,72.38,72.57,2314220.0,75.5955,74.75868037640932,0.5197704764675706,35.8166188632824,-4.260000000000005,78.29626382957849,72.89473617042151,1.1869214285714276,1941088.6,-11276329.0,73.44,77.28,76.83
2024-04-17,72.97,73.565,72.57,73.09,2181808.0,75.564,74.5997584357989,0.33441789558175117,33.00099696290994,-4.030000000000001,78.36953137850765,72.75846862149234,1.2079928571428564,1961328.1,-9094521.0,72.57,76.19,77.12
2024-04-18,73.65,73.79,72.99,73.53,1890055.0,75.51500000000001,74.49787668000853,0.22048730902771752,34.75728150615518,-2.219999999999999,78.43013293007397,72.59986706992606,1.220492857142857,1967122.25,-7204466.0,73.09,76.24,75.75
2024-04-19,73.65,74.41,73.54,73.89,2341993.0,75.45649999999999,74.43998366286486,0.157430716364928,33.662388897208956,-1.6400000000000006,78.4558211512645,72.45717884873548,1.2251357142857142,1993975.05,-4862473.0,73.53,73.8,75.53
2024-04-22,73.73,74.36,73.27,73.91,1494910.0,75.365,74.3895090283063,0.10782876197384894,35.07157459192209,-2.3700000000000045,78.43864005015166,72.29135994984833,1.2665642857142865,1966693.5,-3367563.0,73.89,73.44,76.28
2024-04-23,73.34,73.9,73.32,73.8,1539379.0,75.25800000000001,74.33336531132475,0.05896308808563333,32.70833328563366,-3.480000000000004,78.39568671073746,72.12031328926255,1.257635714285716,1966245.45,-4906942.0,73.91,72.57,77.28
2024-04-24,73.44,73.97,73.12,73.96,1563717.0,75.179,74.2978067102462,0.032769601201906084,39.33253867095877,-2.230000000000004,78.36596621949656,71.99203378050345,1.1590642857142868,1968940.6,-3343225.0,73.8,73.09,76.19
2024-04-25,73.55,73.84,72.8,73.5,1476180.0,75.029,74.22182511879419,-0.024820951266121938,38.23870213958957,-2.739999999999995,78.23651026580816,71.82148973419183,1.1626357142857162,1970024.9,-4819405.0,73.96,73.53,76.24
2024-04-26,73.74,74.14,73.4,73.71,2144799.0,74.881,74.17307986938522,-0.05290676178228182,34.116192771615914,-0.09000000000000341,78.04252461555157,71.71947538444843,1.1622785714285726,1979049.95,-2674606.0,73.5,73.89,73.8
2024-04-29,74.1,74.17,73.515,73.9,2238279.0,74.716,74.1470722627771,-0.059151696270305365,26.785714234203326,0.46000000000000796,77.7078302794534,71.72416972054658,1.1097785714285726,2013036.75,-436327.0,73.71,73.91,73.44
2024-04-30,73.49,73.88,72.42,72.5,3329440.0,74.4995,73.9902082377507,-0.1750512463056566,25.691699557353942,-0.06999999999999318,77.47383566222453,71.52516433777546,1.1292857142857156,2093869.7,-3765767.0,73.9,73.8,72.57
2024-05-01,76.92,79.19,76.69,78.31,6741532.0,74.559,74.40161697701255,0.1996148437504246,57.75280892819932,5.219999999999999,77.79054777972308,71.32745222027691,1.2371428571428587,2330390.2,2975765.0,72.5,73.96,73.09
2024-05-02,78.97,79.0,77.155,77.75,3207412.0,74.65899999999999,74.72051059824945,0.4462094816834252,67.2188316529151,4.219999999999999,78.15840686703535,71.15959313296463,1.178928571428573,2373407.65,-231647.0,78.31,73.5,73.53
2024-05-03,78.38,78.38,77.14,77.67,2391431.0,74.76599999999999,75.00141435079712,0.6279436346176936,68.90080420334127,3.780000000000001,78.50051272097973,71.03148727902025,1.1153571428571436,2381896.1,-2623078.0,77.75,73.71,73.89
2024-05-06,78.2,78.71,77.99,78.53,2030871.0,74.8785,75.33747012691168,0.8317758673486395,76.65474051223916,4.6200000000000045,78.92737651733579,70.82962348266422,1.0989285714285717,2400142.25,-592207.0,77.67,73.9,73.91
2024-05-07,78.88,79.63,78.77,79.29,1894323.0,74.979,75.71390154339629,1.0426213298854634,77.14535892469046,5.490000000000009,79.36464116419187,70.59335883580813,1.0892857142857142,2396393.0,1302116.0,78.53,72.5,73.8
2024-05-08,78.97,79.32,78.05,78.2,2401009.0,75.0795,75.9506728249776,1.1089803631515593,69.34548459230845,4.240000000000009,79.66935368417195,70.48964631582804,1.1228571428571417,2421215.4,-1098893.0,79.29,78.31,73.96
2024-05-09,78.45,78.89,77.98,78.8,2617795.0,75.2075,76.22203731783688,1.1961963476180415,69.94313558251794,5.299999999999997,80.06840255860082,70.34659744139917,1.125714285714285,2440295.85,1518902.0,78.2,77.75,73.5
2024-05-10,79.04,79.38,78.39,78.76,1898418.0,75.4555,76.46374804947146,1.2477052089878669,69.66747761757142,5.050000000000011,80.51605738556862,70.39494261443139,1.1185714285714272,2375560.9,-379516.0,78.8,77.67,73.71
2024-05-13,78.98,79.2,78.66,78.87,1246729.0,75.727,76.69291490190275,1.2826172192952754,70.55961062547979,4.969999999999999,80.91334279419986,70.54065720580014,1.115714285714284,2347215.0,867213.0,78.76,78.53,73.9
2024-05-14,79.12,79.15,78.13,78.35,1820151.0,76.01599999999999,76.85073253029297,1.253871735713247,67.29708424411668,5.849999999999994,81.10487910313431,70.92712089686567,1.1278571428571422,2322511.55,-952938.0,78.87,79.29,72.5
2024-05-15,78.94,79.02,78.1,78.22,1158422.0,76.27250000000001,76.98113895597936,1.2066908392234836,69.0938510544244,-0.09000000000000341,81.25646534160474,71.28853465839528,1.1192857142857133,2271342.25,-2111360.0,78.35,78.2,78.31
2024-05-16,78.36,78.36,77.4,77.57,1636446.0,76.47449999999999,77.03722096017181,1.1041224390965425,65.07812492882076,-0.18000000000000682,81.315893774959,71.63310622504099,1.1349999999999991,2258661.8,-3747806.0,78.22,78.8,77.75
2024-05-17,79.53,79.92,78.97,79.91,2772950.0,76.7755,77.31081896396496,1.1978466419140972,70.10033438251469,2.239999999999995,81.68835521013908,71.86264478986091,1.1560714285714278,2280209.65,-974856.0,77.57,78.76,77.67
2024-05-20,79.82,80.41,79.71,79.87,1758064.0,77.0735,77.5545504912064,1.2544357279748795,77.1155260427066,1.3400000000000034,81.97753603919114,72.16946396080886,1.1017857142857141,2293367.35,-2732920.0,79.91,78.87,78.53
2024-05-21,79.87,79.88,79.311,79.52,1333736.0,77.3595,77.74173615871055,1.2565561163747532,57.441574316828735,0.22999999999998977,82.12492581076403,72.59407418923597,0.9638571428571419,2283085.2,-4066656.0,79.87,78.35,79.29
2024-05-22,78.84,79.24,78.21,78.55,1972300.0,77.589,77.81871366740478,1.1665187486751023,54.683840659768855,0.3499999999999943,82.10042129547489,73.07757870452511,0.9056428571428563,2303514.35,-6038956.0,79.52,78.22,78.2
2024-05-23,80.0,80.46,77.31,78.93,11029120.0,77.8605,77.92455046098527,1.1129963790665443,57.12669674210706,0.13000000000000966,81.97160165796303,73.74939834203697,1.0420714285714274,2781161.35,4990164.0,78.55,77.57,78.8
2024-05-24,80.0,81.29,79.89,81.12,6825618.0,78.231,78.22887898851049,1.2330800247458171,62.733529903808304,2.3599999999999994,82.09535205980335,74.36664794019664,1.0906428571428566,3015202.3,11815782.0,78.93,79.91,78.76
2024-05-28,82.22,82.625,80.9,82.09,5117741.0,78.6405,78.59660479912854,1.3904893726068934,63.487475829592974,3.219999999999999,82.30292068353144,74.97807931646857,1.1524285714285705,3159175.4,16933523.0,81.12,79.87,78.87
2024-05-29,81.71,81.96,81.16,81.27,2913040.0,79.07900000000001,78.85121386587821,1.432556649321512,65.18298705118077,2.9200000000000017,81.55312632107427,76.60487367892574,1.1188571428571419,3138355.4,14020483.0,82.09,79.52,78.35
2024-05-30,81.14,81.96,80.83,81.82,2400430.0,79.25450000000001,79.13395540246124,1.4930645519440446,65.00994026738175,3.5999999999999943,81.98375264495628,76.52524735504373,1.1345714285714277,2921300.3,16420913.0,81.27,78.55,78.22
2024-05-31,81.51,82.21,80.4401,82.16,3834798.0,79.475,79.42215012603636,1.550578553668018,66.40926631952408,4.590000000000003,82.3981525879831,76.55184741201688,1.1902785714285702,2952669.6,20255711.0,81.82,78.93,77.57
2024-06-03,82.14,82.14,80.37,80.63,3927712.0,79.623,79.53718344736623,1.455917692495845,57.470288556486864,0.7199999999999989,82.45981882619111,76.7861811738089,1.2781357142857124,3029483.65,16327999.0,82.16,81.12,79.91
2024-06-04,80.29,80.78,79.95,80.34,1883982.0,79.7135,79.61364216666469,1.3420276430745162,58.614718543670506,0.46999999999999886,82.51881281678187,76.90818718321812,1.264564285714283,3022139.2,14444017.0,80.63,82.09,79.87
2024-06-05,80.22,80.66,79.63,80.62,1933360.0,79.78,79.70948576983949,1.2598399666798201,60.25641018430857,1.1000000000000085,82.60602193905154,76.95397806094846,1.2724214285714257,3024091.05,16377377.0,80.34,81.27,79.52
2024-06-06,80.31,80.65,79.64,80.25,1588387.0,79.88250000000001,79.76096331556906,1.151575093176291,61.73380027458204,1.7000000000000028,82.61436941970447,77.15063058029554,1.2759928571428552,2983459.95,14788990.0,80.62,81.82,78.55
2024-06-07,79.66,80.52,79.19,80.01,2935596.0,79.94300000000001,79.78468109503868,1.034483525024612,50.53648061078216,1.0799999999999983,82.62710604543832,77.2588939545617,1.303135714285712,2999350.0,11853394.0,80.25,82.16,78.93
2024-06-10,79.75,80.0725,79.37,79.88,1689687.0,79.999,79.79375908598738,0.9205857607497308,50.053134888337475,-1.240000000000009,82.62529536960747,77.37270463039252,1.3033142857142832,2988913.45,10163707.0,80.01,80.63,81.12
2024-06-11,79.93,80.11,79.33,79.66,1702723.0,80.0385,79.78102012541714,0.8033087576561542,50.754310268258585,-2.430000000000007,82.61662069457387,77.46037930542613,1.3183857142857127,3011713.15,8460984.0,79.88,80.34,82.09
2024-06-12,81.0,81.23,80.34,80.53,1906717.0,80.14750000000001,79.85235154204408,0.7716722579832407,60.784313632790806,-0.7399999999999949,82.60663014145901,77.68836985854101,1.3083857142857127,3016041.45,10367701.0,79.66,80.62,81.27
2024-06-13,80.2,80.48,79.305,80.08,1478741.0,80.2405,79.87403234756368,0.7021944055355647,56.21621613113216,-1.7399999999999949,82.52735465443845,77.95364534556154,1.1673142857142846,3032057.4,8888960.0,80.53,80.25,81.82
2024-06-14,79.89,80.25,79.27,79.66,2006554.0,80.345,79.85364831446238,0.6062537022840218,40.24064163591321,-2.5,82.28233946703381,78.40766053296619,1.1373142857142844,3050562.8,6882406.0,80.08,80.01,82.16
2024-06-17,79.5,80.47,79.38,80.42,1839628.0,80.3705,79.90758657022786,0.5848043901698645,38.514442841925444,-0.20999999999999375,82.29712754164137,78.44387245835864,1.0919571428571422,3003896.7,8722034.0,79.66,79.88,80.63
2024-06-18,80.5,80.74,79.9,80.72,1532094.0,80.413,79.98495927782521,0.5852665596176081,45.925925830672185,0.37999999999999545,82.33062023571445,78.49537976428554,1.0948142857142844,2992598.2,10254128.0,80.42,79.66,80.34
2024-06-20,80.43,80.95,79.84,79.87,1844851.0,80.4305,79.97401077517519,0.5111526869335421,36.17021269413018,-0.75,82.31998865263105,78.54101134736894,1.0933857142857133,3018153.95,8409277.0,80.72,80.53,80.62
2024-06-21,79.65,79.83,79.02,79.83,6891313.0,80.49449999999999,79.96029546325374,0.4440702774685974,32.740740672834065,-0.4200000000000017,82.19283943665738,78.7961605633426,1.0248214285714283,3264104.6,1517964.0,79.87,80.08,80.25
2024-06-24,80.11,82.3,80.0,81.08,2906056.0,80.602,80.06693399056292,0.48616730272804887,53.47758875599905,1.0699999999999932,82.14879430810288,79.05520569189713,1.0626785714285714,2857951.4,4424020.0,79.83,79.66,80.01
2024-06-25,80.99,81.5,80.21,80.46,1842065.0,80.569,80.10436884860454,0.46415024552973705,50.88235283641861,0.5799999999999983,82.09731382833999,79.04068617166001,1.0955357142857147,2608773.75,2581955.0,81.08,80.42,79.88
2024-06-26,80.0,80.18,79.15,80.03,1822246.0,80.466,80.09728610111839,0.4073089589488035,45.75539559128407,0.37000000000000455,81.83172171011306,79.10027828988693,1.0955357142857147,2443999.0,759709.0,80.46,80.72,79.66
2024-06-27,80.4,80.4,79.59,79.98,2420666.0,80.4015,80.08611599624997,0.35414488592091686,47.96380080369638,-0.5499999999999972,81.72864612688495,79.07435387311504,1.0812500000000003,2419380.3,-1660957.0,80.03,79.87,80.53
2024-06-28,80.11,80.64,80.02,80.49,3635560.0,80.33500000000001,80.12458113946425,0.34914004332021875,53.47826076105853,0.4099999999999966,81.48423315393602,79.185766846064,1.030535714285715,2481136.8,1974603.0,79.98,79.83,80.08
2024-07-01,80.47,80.83,78.915,79.27,1570245.0,80.19050000000001,80.04319245951528,0.24391812989914285,46.182728329592216,-0.39000000000000057,81.06823572332476,79.31276427667527,1.1171428571428572,2367909.15,404358.0,80.49,81.08,79.66
2024-07-02,79.2,79.82,78.83,79.36,1760320.0,80.127,79.97812651099002,0.16587910218454738,48.091602967775785,-1.0600000000000023,81.05327380287642,79.20072619712357,1.1321428571428567,2259539.55,2164678.0,79.27,80.46,80.42
2024-07-03,79.48,79.68,78.99,79.19,846615.0,80.0695,79.90306684327669,0.08928580020258892,40.642458021090135,-1.5300000000000011,81.07912682006267,79.05987317993734,1.1178571428571433,2207671.2,1318063.0,79.36,80.03,80.72
2024-07-05,78.92,79.08,78.35,78.99,1489722.0,79.988,79.81610809629795,0.01230488507982841,42.11287979890296,-0.8800000000000097,81.07100945226003,78.90499054773997,1.0860714285714295,2185489.3,-171659.0,79.19,79.98,79.87
2024-07-08,79.16,79.59,79.1,79.47,1500310.0,79.949,79.78314542046004,-0.009857426254257007,48.637015684229816,-0.35999999999999943,81.04833759960036,78.84966240039964,1.0510714285714298,2181085.45,1328651.0,78.99,80.49,79.83
2024-07-09,79.39,79.39,78.46,78.53,1163037.0,79.875,79.66379823755909,-0.10209447971543284,36.78321671119368,-2.549999999999997,81.14331010652604,78.60668989347396,1.0396428571428586,2092457.5,165614.0,79.47,79.27,81.08
2024-07-10,78.89,79.6,78.3,79.57,2291816.0,79.8595,79.65486507207727,-0.09023354504590486,42.712293967303864,-0.8900000000000006,81.13510883296453,78.58389116703546,1.072500000000002,2122563.95,2457430.0,78.53,79.36,80.46
2024-07-11,79.98,80.95,79.89,80.71,2275092.0,79.912,79.75535411283181,0.011027683051096915,55.13447423326612,0.6799999999999926,81.23845312572182,78.5855468742782,1.0689285714285737,2151182.4,4732522.0,79.57,79.19,80.03
2024-07-12,80.96,81.52,80.41,80.88,1731222.0,79.92949999999999,79.86246324494307,0.10379898496506712,56.31768943580652,0.8999999999999915,81.29882522760215,78.56017477239783,1.090357142857145,2142407.65,6463744.0,80.71,78.99,79.98
2024-07-15,81.01,81.06,80.09,80.2,1921845.0,79.9355,79.89460960256754,0.1210551449728996,44.315245397879416,-0.28999999999999204,81.30864813092909,78.56235186907092,0.995357142857145,2164562.85,4541899.0,80.88,79.47,80.49
2024-07-16,80.07,82.48,80.07,82.21,1955048.0,80.063,80.11512297375158,0.29353726237609123,59.583789612905505,2.9399999999999977,81.76306934843085,78.36293065156916,1.0753571428571453,2161987.55,6496947.0,80.2,78.53,79.27
2024-07-17,82.17,82.57,81.65,81.93,2068065.0,80.1385,80.28796840482286,0.40299148819099173,60.57906449352937,2.5700000000000074,82.02879961423564,78.24820038576435,1.0675000000000014,2173409.4,4428882.0,82.21,79.57,79.36
2024-07-18,81.21,82.39,80.07,80.35,2055872.0,80.11999999999999,80.29387617579211,0.35811384228753695,51.76022828500061,1.1599999999999966,81.99350501804291,78.24649498195707,1.1753571428571448,2199598.3,2373010.0,81.93,80.71,79.19
2024-07-19,80.74,80.74,79.3,79.64,1296875.0,80.1085,80.23160225428809,0.26223404760654034,46.031745971573834,0.6500000000000057,81.9912670007061,78.22573299929391,1.2339285714285728,2172199.5,1076135.0,80.35,80.88,78.99
2024-07-22,79.95,80.45,79.18,80.32,995026.0,80.13300000000001,80.24002108721304,0.23837114224974698,55.16224181196937,0.8499999999999943,82.01325866081756,78.25274133918246,1.1878571428571445,1877385.15,2071161.0,79.64,80.2,79.47
2024-07-23,80.21,80.55,79.63,80.18,1293148.0,80.088,80.23430479319275,0.20579056238594262,54.01174160898592,1.6500000000000057,81.91515885288734,78.26084114711264,1.182857142857145,1796739.75,778013.0,80.32,82.21,78.53
2024-07-24,80.0,80.72,79.45,79.59,1581315.0,80.0445,80.17294243193629,0.13085374850363962,51.879699179857575,0.020000000000010232,81.87578916340385,78.21321083659615,1.2242857142857153,1783702.25,-803302.0,80.18,81.93,79.57
2024-07-25,79.31,80.57,78.95,79.03,2282869.0,79.99449999999999,80.06409077175188,0.02597899415439997,50.18181811795045,-1.6799999999999926,81.88122341988915,78.10777658011082,1.287857142857143,1806733.4,-3086171.0,79.59,80.35,80.71
2024-07-26,79.6,80.46,79.47,80.18,3004481.0,80.0045,80.07512974587075,0.03525399846257926,53.041987939795426,-0.6999999999999886,81.89301905220114,78.11598094779885,1.3235714285714277,1835924.15,-81690.0,79.03,79.64,80.88
2024-07-29,80.64,81.12,79.92,80.91,1561322.0,80.0255,80.15464119864497,0.10035260288438508,60.38394407981021,0.7099999999999937,81.94582316359303,78.10517683640695,1.3428571428571416,1732212.25,1479632.0,80.18,80.32,80.2
2024-07-30,80.53,81.44,80.355,80.41,3250165.0,80.0825,80.17896108448831,0.11032612376330064,53.84615377712034,-1.7999999999999972,81.97588877482465,78.18911122517534,1.3274999999999986,1816208.25,-1770533.0,80.91,80.18,82.21
2024-07-31,83.8,85.12,82.8,83.7,5502307.0,80.2995,80.51429812406084,0.37933300010746507,61.43840850343252,1.769999999999996,82.755465669227,77.843534330773,1.4174999999999989,2003307.6,3731774.0,80.41,79.59,81.93
2024-08-01,84.065,84.38,81.305,82.66,2950779.0,80.473,80.7186506836741,0.5028075272761185,56.38450496489363,2.3100000000000023,83.08430417103884,77.86169582896116,1.557857142857141,2108515.8,780995.0,83.7,79.03,80.35
2024-08-02,81.45,81.57,78.425,79.12,3219226.0,80.4795,80.5663982376099,0.31142366687518575,46.785714246726194,-0.519999999999996,83.0758656785674,77.8831343214326,1.7132142857142836,2194991.0,-2438231.0,82.66,80.18,79.64
2024-08-05,77.76,78.7199,76.64,77.84,3358658.0,80.398,80.30674126259943,0.05582179727147718,36.403235811471994,-2.4799999999999898,83.22029171531157,77.57570828468842,1.689635714285711,2287908.4,-5796889.0,79.12,80.91,80.32
2024-08-06,78.17,79.39,77.93,78.05,2117577.0,80.374,80.09181352330425,-0.12832008687689722,37.874999966859335,-2.1300000000000097,83.27036723463985,77.47763276536014,1.7282071428571402,2335635.4,-3679312.0,77.84,80.41,80.18
2024-08-07,78.85,79.82,77.16,77.22,1784044.0,80.2565,79.81830747346575,-0.33733928279362146,39.73770488155227,-2.3700000000000045,83.46414399520903,77.04885600479098,1.7524928571428535,2310246.8,-5463356.0,78.05,83.7,79.59
2024-08-08,77.82,78.66,77.46,78.52,1760954.0,80.147,79.69465914265949,-0.3935527351645618,46.46464642357921,-0.5100000000000051,83.43790037271845,76.85609962728157,1.7353499999999968,2284539.9,-3702402.0,77.22,82.66,79.03
2024-08-09,78.25,78.72,77.695,78.53,983709.0,80.02950000000001,79.58373922431096,-0.43231196154970064,44.10019771803544,-1.6500000000000057,83.37752046777376,76.68147953222626,1.7178499999999974,2247164.25,-2718693.0,78.52,79.12,80.18
2024-08-12,78.635,78.8499,78.02,78.33,1069605.0,79.936,79.4643354886623,-0.4737066607076059,43.92646089199141,-2.5799999999999983,83.36738087901104,76.50461912098898,1.7114142857142838,2204552.25,-3788298.0,78.53,77.84,80.91
2024-08-13,78.4,78.89,78.05,78.83,1136564.0,79.767,79.40392258498018,-0.46085399870362664,47.490092426363184,-1.5799999999999983,83.05683186260495,76.47716813739504,1.6806999999999985,2163628.05,-2651734.0,78.33,78.05,80.41
2024-08-14,78.97,79.15,78.34,78.75,1126782.0,79.60799999999999,79.3416442435535,-0.4519141182255879,49.045020417010214,-4.950000000000003,82.76225593861943,76.45374406138055,1.6228428571428566,2116563.9,-3778516.0,78.83,77.22,83.7
2024-08-15,79.67,80.59,79.5474,80.28,1636525.0,79.6045,79.43101145845317,-0.3177086379558176,50.332446761658616,-2.3799999999999955,82.75544288311163,76.45355711688838,1.6266000000000003,2095596.55,-2141991.0,78.75,78.52,82.66
2024-08-16,80.18,80.41,79.38,80.18,1278720.0,79.63149999999999,79.50234370050525,-0.21691849086853665,47.46703673389743,1.0600000000000023,82.79296052190742,76.47003947809256,1.614457142857143,2094688.8,-3420711.0,80.28,78.53,79.12
2024-08-19,80.26,80.5,79.85,80.14,1156494.0,79.6225,79.56307287188571,-0.13867072900811195,49.032258015308145,2.299999999999997,82.77672440212291,76.4682755978771,1.5833857142857153,2102762.2,-4577205.0,80.18,78.33,77.84
2024-08-20,79.88,80.275,79.185,79.26,1901552.0,79.5765,79.53420878884897,-0.14598463943208628,30.76256495401421,1.210000000000008,82.72331643637037,76.42968356362962,1.4955285714285722,2133182.4,-6478757.0,80.14,78.83,78.05
2024-08-21,79.64,80.51,79.55,80.31,1139461.0,79.6125,79.60809366610145,-0.06629058479921923,39.82683977856488,3.0900000000000034,82.77639416949899,76.44860583050101,1.344457142857145,2111089.7,-5339296.0,79.26,78.75,77.22
2024-08-22,80.32,80.48,79.74,80.29,1591165.0,79.6755,79.67303712647275,-0.004692216242574432,57.28518047297729,1.7700000000000102,82.84073533672337,76.51026466327663,1.1726714285714317,2076504.5,-6930461.0,80.31,80.28,78.52
2024-08-23,80.65,81.46,80.25,81.1,1325008.0,79.7215,79.80893835252296,0.10823747095969338,71.56084642832649,2.569999999999993,82.94383178075496,76.49916821924505,1.1105357142857173,1992530.85,-5605453.0,80.29,80.18,78.53
2024-08-26,81.56,82.0999,81.15,81.64,1559422.0,79.758,79.9833251760922,0.23855859372447696,72.75031672769278,3.3100000000000023,83.05273966705785,76.46326033294214,1.0741000000000034,1992435.85,-4046031.0,81.1,80.14,78.33
2024-08-27,81.8,82.72,81.24,82.49,2170325.0,79.862,80.22205611170246,0.40574968881342954,83.31226281082537,3.6599999999999966,83.36793842081212,76.35606157918787,0.9898142857142896,1938443.85,-1875706.0,81.64,79.26,78.83
2024-08-28,82.12,82.765,81.9301,82.53,2151580.0,79.8035,80.44186029154032,0.535306818139702,80.15037577111207,3.780000000000001,83.0707104631515,76.5362895368485,0.9637357142857184,1770907.5,275874.0,82.49,80.31,78.75
2024-08-29,82.89,83.92,82.36,83.42,1661896.0,79.8415,80.72549264472696,0.7017084799170732,82.4701193685815,3.1400000000000006,83.26264954518604,76.42035045481396,1.001950000000004,1706463.35,1937770.0,82.53,80.29,80.28
2024-08-30,83.42,84.52,83.32,84.25,3555079.0,80.098,81.06116001189582,0.8902943006061008,86.27450965590167,4.069999999999993,84.02345592390574,76.17254407609425,1.0283857142857176,1723256.0,5492849.0,83.42,81.1,80.18
2024-09-03,83.495,83.94,81.75,82.12,2627112.0,80.312,81.1620019155248,0.857986390358846,66.80285996575697,1.980000000000004,84.18546492514342,76.43853507485657,1.1248142857142887,1686678.7,2865737.0,84.25,81.64,80.14
2024-09-04,82.3,82.86,81.65,81.7,2116730.0,80.49449999999999,81.21323982833196,0.7893920288872494,64.56071067089343,2.4399999999999977,84.26171298630845,76.72728701369152,1.1533857142857167,1686636.35,749007.0,82.12,82.49,79.26
2024-09-05,81.92,81.95,80.97,81.38,1678397.0,80.70250000000001,81.22912174944321,0.7011270217129635,56.1659191943584,1.0699999999999932,84.15466865478115,77.25033134521888,1.1489142857142878,1681354.0,-929390.0,81.7,82.53,80.31
2024-09-06,81.06,81.69,78.59,79.14,3029216.0,80.73349999999999,81.03015777330576,0.44529401588378903,45.29837245622264,-1.1500000000000057,84.1135297413828,77.35347025861718,1.2967714285714302,1744767.1,-3958606.0,81.38,83.42,80.29
2024-09-09,79.6,80.79,79.46,79.56,2999673.0,80.785,80.89014274727664,0.2732847490210588,47.46503490694838,-1.539999999999992,84.05320407789011,77.51679592210988,1.3453428571428592,1845565.3,-958933.0,79.14,84.25,81.1
2024-09-10,79.4,79.92,78.9201,79.51,2160266.0,80.84400000000001,80.75870058086934,0.13141669379885457,51.17813376847371,-2.1299999999999955,83.96487976800078,77.72312023199923,1.3389071428571444,1900098.35,-3119199.0,79.56,82.12,81.64
2024-09-11,79.41,80.02,77.815,79.91,1602987.0,80.898,80.67787195411988,0.0506777138467811,47.99196780402731,-2.5799999999999983,83.90753991937582,77.88846008062417,1.4278357142857152,1923419.5,-1516212.0,79.51,81.7,82.49
2024-09-12,79.9,80.84,79.43,80.41,1548965.0,80.98100000000001,80.6523603394418,0.026729194346998497,50.57471257585762,-2.1200000000000045,83.82829899711083,78.13370100288918,1.4756928571428571,1944528.65,32753.0,79.91,81.38,82.53
2024-09-13,80.87,81.905,80.87,81.42,1545042.0,81.03800000000001,80.72546887854259,0.08823130362321763,51.50375933072817,-2.0,83.87182278538168,78.20417721461834,1.4631928571428574,1939954.5,1577795.0,80.41,79.14,83.42
2024-09-16,81.84,82.59,81.4,82.0,1453550.0,81.129,80.84685279487186,0.18167903819353626,51.68539319067457,-2.25,83.96370150661053,78.29429849338948,1.4803428571428572,1948696.0,3031345.0,81.42,79.56,84.25
2024-09-17,82.44,83.21,82.31,82.86,1675416.0,81.265,81.03858110012216,0.32142664745541083,51.730589268079704,0.7399999999999949,84.16026291870396,78.36973708129604,1.438914285714285,1974642.1,4706761.0,82.0,79.51,82.12
2024-09-18,83.07,83.67,82.48,82.84,1753595.0,81.44399999999999,81.21014480487243,0.4256570917778504,51.452670972789385,1.1400000000000006,84.25888075843572,78.62911924156425,1.4642785714285702,1967244.25,2953166.0,82.86,79.91,81.7
2024-09-19,84.0,84.19,83.0,83.18,1497874.0,81.5875,81.39775006155125,0.5295908348560374,48.81422918148231,1.8000000000000114,84.45116621842136,78.72383378157865,1.4378499999999985,1985164.9,4451040.0,82.84,80.41,81.38
2024-09-20,82.575,83.64,81.75,83.34,3557653.0,81.74000000000001,81.58272624616542,0.6177487152165639,45.18518511824418,4.200000000000003,84.6373817581798,78.84261824182022,1.4871357142857125,2083489.3,8008693.0,83.18,81.42,79.14
2024-09-23,83.6,84.2095,83.52,84.11,1398013.0,81.8905,81.82341898462586,0.7412029096216344,62.29913462642917,4.549999999999997,84.95574473136476,78.82525526863525,1.379957142857142,2087139.55,9406706.0,83.34,82.0,79.56
2024-09-24,84.83,87.275,84.6606,87.11,3279324.0,82.164,82.32690289085197,1.0687957637968424,75.35145257217243,7.599999999999994,86.01146204796461,78.31653795203539,1.4802714285714285,2173134.65,12686030.0,84.11,82.86,79.51
2024-09-25,87.11,87.27,85.51,85.94,1396780.0,82.3365,82.67100737743749,1.2199434898523691,69.79166658185045,6.030000000000001,86.53852595247399,78.13447404752601,1.5359857142857132,2134457.4,11289250.0,87.11,82.84,79.91
2024-09-26,87.11,89.41,86.94,89.19,3000974.0,82.6695,83.29186381768154,1.583720842271049,90.10375089693119,8.780000000000001,87.87245654816635,77.46654345183364,1.4909857142857135,2176927.1,14290224.0,85.94,83.18,80.41
2024-09-27,89.4,90.06,88.9812,89.54,2581517.0,82.9755,83.88692440647378,1.878603715619235,90.04815399192024,8.120000000000005,89.01665525724239,76.9343447427576,1.4730428571428555,2222908.15,16871741.0,89.19,83.34,81.42
2024-09-30,89.64,89.89,88.081,89.11,2202022.0,83.21849999999999,84.3843601772858,2.0539267221972892,87.38317747481582,7.109999999999999,89.83873461183904,76.59826538816094,1.5308357142857127,2155255.3,14669719.0,89.54,84.11,82.0
2024-10-01,89.2,89.56,87.54,87.92,2083764.0,83.5085,84.72108777944905,2.0729527048811605,79.38371231758093,5.060000000000002,90.42752115072739,76.58947884927261,1.517621428571427,2128087.9,12585955.0,89.11,87.11,82.86
2024-10-02,87.76,88.62,87.27,88.05,1347615.0,83.826,85.03812703854913,2.074606079292167,78.80844637229876,5.209999999999994,90.97456599532215,76.67743400467783,1.5133357142857133,2089632.15,13933570.0,87.92,85.94,82.84
2024-10-03,87.54,87.6,86.615,87.14,1333469.0,84.114,85.23830541583017,1.9796666309932789,71.73252272004139,3.9599999999999937,91.31159140999723,76.91640859000277,1.509764285714285,2072385.75,12600101.0,88.05,89.19,83.18
2024-10-04,87.89,88.21,87.0,87.54,845503.0,84.534,85.45751442384635,1.9146324007746216,71.34052380595014,4.200000000000003,91.48562351351735,77.58237648648266,1.5111928571428561,1963200.1,13445604.0,87.14,89.54,83.34
2024-10-07,85.87,86.859,85.44,85.94,2715547.0,84.853,85.50346543109907,1.714225156013029,61.224489733444386,1.8299999999999983,91.41838001465607,78.28761998534392,1.5482642857142852,1948993.8,10730057.0,87.54,89.11,84.11
2024-10-08,85.68,85.68,84.25,84.48,2549599.0,85.1015,85.40599253289916,1.4212083670333868,55.408970925084056,-2.6299999999999955,91.17302898457463,79.02997101542537,1.565407142857143,1968460.45,8180458.0,85.94,87.92,87.11
2024-10-09,84.75,86.21,84.57,85.64,1378559.0,85.388,85.42827895833734,1.2679763145013538,57.697121351204,-0.29999999999999716,90.94721463593777,79.82878536406224,1.5975500000000002,1957239.05,9559017.0,84.48,88.05,85.94
2024-10-10,85.49,86.37,85.145,86.31,1052118.0,85.683,85.51225239087664,1.1869201330056995,59.005457803148786,-2.8799999999999955,90.73279874533875,80.63320125466126,1.5500500000000008,1932396.7,10611135.0,85.64,87.14,89.19
2024-10-11,86.31,86.71,85.78,86.53,989757.0,85.9385,85.60918073460267,1.1274382798901996,57.590966072379324,-3.010000000000005,90.58077383033287,81.29622616966714,1.567228571428571,1904632.45,11600892.0,86.31,87.54,89.54
2024-10-14,86.07,86.9,86.07,86.85,884443.0,86.181,85.72735399797385,1.0935144544582727,49.01960779138199,-2.260000000000005,90.44859589661979,81.9134041033802,1.439771428571429,1876177.1,12485335.0,86.53,85.94,89.11
2024-10-15,86.93,87.17,84.395,84.71,2372632.0,86.2735,85.63046314102397,0.8837620048571893,45.67814471964201,-3.210000000000008,90.31206292835952,82.23493707164047,1.5122714285714298,1911037.9,10112703.0,86.85,84.48,87.92
2024-10-16,84.94,85.76,84.61,85.29,949922.0,86.396,85.59803807997406,0.7556224844579447,33.13148784914878,-2.759999999999991,90.13345424193132,82.65854575806868,1.4179857142857162,1870854.25,11062625.0,84.71,85.64,88.05
2024-10-17,85.92,85.92,84.9102,85.24,1415970.0,86.499,85.56393921521463,0.6426285868864596,30.905861418056645,-1.9000000000000057,89.96711582396338,83.03088417603661,1.4130571428571446,1866759.05,9646655.0,85.29,86.31,87.14
2024-10-18,85.45,85.58,84.8007,85.09,1746147.0,86.58649999999999,85.51880214709895,0.534811389793532,31.693989030626994,-2.450000000000003,89.79783043424355,83.37516956575642,1.3395071428571441,1776183.75,7900508.0,85.24,86.53,87.54
2024-10-21,85.04,85.46,84.39,84.87,1199372.0,86.6245,85.45701146642287,0.4266946525866899,34.765234716612085,-1.0699999999999932,89.72863968079707,83.52036031920292,1.271650000000001,1766251.7,6701136.0,85.09,86.85,85.94
2024-10-22,84.64,85.05,83.83,84.89,1230359.0,86.5135,85.4030103743826,0.33872063166862176,34.04040399226612,0.4099999999999966,89.70215934540785,83.32484065459214,1.262364285714286,1663803.45,7931495.0,84.87,84.71,84.48
2024-10-23,84.45,85.11,83.76,84.39,856155.0,86.436,85.30653319586997,0.22604901264043065,35.51106422580034,-1.25,89.75598985413859,83.11601014586142,1.2884357142857144,1636772.2,7075340.0,84.89,85.29,85.64
2024-10-24,84.755,84.79,83.545,84.23,1459432.0,86.188,85.20400622483474,0.12243393775941058,32.108108059512034,-2.0799999999999983,89.38035666125131,82.99564333874869,1.290935714285715,1559695.1,5615908.0,84.39,85.24,86.31
2024-10-25,84.38,84.45,83.23,83.3,1329804.0,85.876,85.02267229866,-0.034329256949789055,34.61538455890263,-3.230000000000004,88.90448511722728,82.84751488277273,1.2767214285714295,1497109.45,4286104.0,84.23,85.09,86.53
2024-10-28,83.99,84.025,83.46,83.91,1247112.0,85.616,84.91670350831143,-0.10809723848100816,46.31306589283528,-2.9399999999999977,88.354423672577,82.877576327423,1.2149357142857156,1449363.95,5533216.0,83.3,84.87,86.85
2024-10-29,83.22,83.83,83.06,83.44,1841808.0,85.39200000000001,84.77606507894843,-0.20215366573738436,34.374999931640616,-1.269999999999996,88.06912021238918,82.71487978761084,1.152792857142858,1437266.15,3691408.0,83.91,84.89,84.71
2024-10-30,83.4,84.37,83.13,83.27,1372718.0,85.153,84.63263030952477,-0.2871021068556132,26.758409728651685,-2.0200000000000102,87.68026688237322,82.6257331176268,1.1538642857142867,1438521.3,2318690.0,83.44,84.39,85.29
2024-10-31,83.01,83.74,82.8301,82.99,1862659.0,84.94550000000001,84.47618932766527,-0.37272151677012744,23.181818132644622,-2.25,87.46731617928603,82.42368382071399,1.1524285714285725,1464980.8,456031.0,83.27,84.23,85.24
2024-11-01,82.78,83.43,82.3794,82.5,1690501.0,84.6935,84.28798082026857,-0.47464303146890074,17.872968943837378,-2.5900000000000034,87.1294956356376,82.2575043643624,1.1681857142857146,1507230.7,-1234470.0,82.99,83.3,85.09
2024-11-04,82.69,83.25,81.35,81.85,2680890.0,84.489,84.05579217071919,-0.6009388845062489,22.91666660590286,-3.0200000000000102,87.15978462746794,81.81821537253207,1.1056857142857146,1505497.85,-3915360.0,82.5,83.91,84.87
2024-11-05,84.945,87.8,84.29,85.67,5225242.0,84.5485,84.20952624969831,-0.3883109758115637,52.23004686253275,0.7800000000000011,87.27096231427267,81.82603768572734,1.274257142857142,1639280.0,1309882.0,81.85,83.44,84.89
2024-11-06,87.74,87.74,84.26,84.33,3653449.0,84.483,84.22099994020324,-0.32419154904637537,45.36187557236839,-0.060000000000002274,87.15750418425215,81.80849581574786,1.4506999999999988,1753024.5,-2343567.0,85.67,83.27,84.39
2024-11-07,85.22,86.73,84.69,86.59,2269585.0,84.49699999999999,84.44661899351722,-0.08997614005450316,56.29194624261012,2.3599999999999994,87.21436017410144,81.77963982589853,1.5407499999999996,1813897.85,-73982.0,84.33,82.99,84.23
2024-11-08,85.65,86.19,83.83,84.17,2567948.0,84.37899999999999,84.42027432746796,-0.09849710292218106,47.521246411806125,0.8700000000000045,86.92415349552687,81.83384650447312,1.6328928571428574,1892807.4,-2641930.0,86.59,82.5,83.3
2024-11-11,84.43,84.47,83.34,83.63,1813108.0,84.218,84.34501010580435,-0.1471275199501889,45.696721267776354,-0.28000000000000114,86.49864256873342,81.93735743126659,1.6264642857142857,1939240.65,-4455038.0,84.17,81.85,83.91
2024-11-12,83.21,83.79,82.19,82.29,1809168.0,84.09700000000001,84.14929485763251,-0.29044619403188676,43.21705422448073,-1.1499999999999915,86.52007416746903,81.67392583253098,1.6443214285714294,1911067.45,-6264206.0,83.63,85.67,83.44
2024-11-13,82.575,83.5,82.29,83.4,2264837.0,84.0025,84.0779334426199,-0.31087596781111415,47.47413264366173,0.13000000000000966,86.37659594981972,81.62840405018028,1.6418214285714288,1976813.2,-3999369.0,82.29,84.33,83.27
2024-11-14,83.47,83.91,82.81,83.08,1824687.0,83.89450000000001,83.98289216237038,-0.34886652028403375,49.30467757962924,0.09000000000000341,86.22773335625476,81.56126664374526,1.6332499999999999,1997249.05,-5824056.0,83.4,86.59,82.99
2024-11-15,83.07,83.376,81.71,81.85,1809535.0,83.7325,83.77975957547795,-0.47277516942577336,43.734793150104196,-0.6500000000000057,86.16408059922537,81.30091940077463,1.7118928571428569,2000418.45,-7633591.0,83.08,84.17,82.5
2024-11-18,82.06,82.12,81.34,81.89,1396446.0,83.5835,83.59978247305148,-0.5612759609821154,45.15927541335231,0.04000000000000625,86.08577917160224,81.08122082839776,1.712607142857143,2010272.15,-6237145.0,81.85,83.63,81.85
2024-11-19,81.32,81.94,80.75,81.36,2119263.0,83.40700000000001,83.38646985657039,-0.6664970830163242,44.1661575676038,-4.310000000000002,86.01692518545782,80.7970748145422,1.7090357142857135,2054717.35,-8356408.0,81.89,82.29,85.67
2024-11-20,81.52,81.97,81.1696,81.85,1462714.0,83.28,83.24013939403987,-0.7022515565986254,46.562123000490374,-2.480000000000004,85.93532236124128,80.62467763875873,1.7012142857142851,2085045.3,-6893694.0,81.36,83.4,84.33
2024-11-21,81.87,83.09,81.77,82.75,2470136.0,83.20599999999999,83.19345945175036,-0.6504665822647979,50.73572685636844,-3.8400000000000034,85.83217913366698,80.579820866333,1.7204571428571427,2135580.5,-4423558.0,81.85,83.08,86.59
2024-11-22,82.7,83.59,82.65,83.32,1942268.0,83.20700000000001,83.20551093253604,-0.5570114988721571,54.34654046358061,-0.8500000000000085,85.83334506892284,80.58065493107718,1.6518857142857135,2166203.7,-2481290.0,82.75,81.85,84.17
2024-11-25,83.98,84.565,83.82,84.43,2836275.0,83.23299999999999,83.32212893896119,-0.3888969862557019,45.63380277191036,0.8000000000000114,85.89864971837173,80.56735028162825,1.4543857142857146,2245661.85,354985.0,83.32,81.89,83.63
2024-11-26,84.1,84.385,83.42,83.84,2347255.0,83.253,83.37144999239345,-0.2998169893480451,48.178438611561496,1.5499999999999972,85.9311619777284,80.5748380222716,1.2747428571428583,2270934.2,-1992270.0,84.43,81.36,82.29
2024-11-27,83.8,84.74,83.61,83.9,1628448.0,83.2845,83.42178808835598,-0.22182192636515197,38.04444439710029,0.5,85.97827821147811,80.59072178852188,1.2097428571428577,2283720.7,-363822.0,83.84,81.85,83.4
2024-11-29,83.21,84.03,83.11,83.59,1162709.0,83.3145,83.43780827041732,-0.18291614281592672,46.82713340748581,0.5100000000000051,86.00783270366553,80.62116729633446,1.106885714285715,2248723.2,-1526531.0,83.9,82.75,83.08
2024-12-02,83.94,84.09,82.98,83.72,1625648.0,83.3755,83.46468367323472,-0.13997951874956982,50.515463836515885,1.8700000000000045,86.04632857240233,80.70467142759767,1.1054571428571438,2245480.55,99117.0,83.59,83.32,81.85
2024-12-03,84.0,84.19,82.875,82.94,2250535.0,83.42999999999999,83.41471379959332,-0.16696672760059528,53.97796808375861,1.0499999999999972,86.01279326556237,80.84720673443762,1.0851000000000002,2223962.8,-2151418.0,83.72,84.43,81.89
2024-12-04,82.79,82.79,81.66,82.52,2088751.0,83.2725,83.3295029615368,-0.21971207097271872,44.11764697625035,1.1599999999999966,85.65669245955799,80.888307540442,1.0793857142857155,2067138.25,-4240169.0,82.94,83.84,81.36
2024-12-05,82.45,82.625,81.53,81.74,1741064.0,83.143,83.17812172710472,-0.3207551511533495,41.561712773065,-0.10999999999999943,85.56637824230263,80.71962175769737,1.079028571428573,1971519.0,-5981233.0,82.52,83.9,81.85
2024-12-06,81.9,82.9,81.64,82.82,2789850.0,82.95450000000001,83.1440148959519,-0.31011078205108333,56.22593057931153,0.06999999999999318,84.75552280882206,81.15347719117796,1.0500285714285726,1997532.25,-3191383.0,81.74,83.59,82.75
2024-12-09,83.93,85.12,83.44,83.54,3144948.0,82.923,83.1817277630041,-0.2408012531870014,59.74025964151551,0.22000000000001307,84.65523433445831,81.19076566554169,1.1143142857142874,2026382.25,-46435.0,82.82,83.72,83.32
2024-12-10,83.11,83.54,81.7501,82.08,1713679.0,82.84549999999999,83.07680130938466,-0.3002219783994491,53.829787153870505,-2.3500000000000085,84.5832356712574,81.10776432874258,1.1571642857142876,2021410.8,-1760114.0,83.54,82.94,84.43
2024-12-11,82.04,82.31,81.385,81.93,1638971.0,82.8275,82.96758213706231,-0.35532115651858476,50.44150102580791,-1.9099999999999966,84.59663746453565,81.05836253546435,1.1660642857142878,2012900.95,-3399085.0,82.08,82.52,83.84
2024-12-12,81.94,82.22,81.32,81.56,1128696.0,82.7355,82.83352669543733,-0.42395645383103897,43.02461892117885,-2.3400000000000034,84.56946579202511,80.90153420797489,1.1360642857142875,1956093.9,-4527781.0,81.93,81.74,83.9
2024-12-13,81.1,81.52,80.52,80.84,1364055.0,82.62349999999999,82.64366701015759,-0.5303350320235865,35.71428565668214,-2.75,84.63398069664481,80.61301930335517,1.140350000000002,1933062.3,-5891836.0,81.56,82.82,83.59
2024-12-16,80.5,81.16,79.88,80.07,2307244.0,82.53450000000001,82.39855586633306,-0.6690608692738351,23.86091123092895,-3.6500000000000057,84.82697257918569,80.24202742081432,1.1785642857142875,1957947.75,-8199080.0,80.84,83.54,83.72
2024-12-17,79.934,80.77,79.68,80.13,1707800.0,82.44649999999999,82.18250292668229,-0.7653382532246127,26.24839944078397,-2.8100000000000023,84.96692832617212,79.92607167382785,1.187492857142858,1973515.45,-6491280.0,80.07,82.08,82.94
2024-12-18,80.31,80.61,77.51,77.62,2080169.0,82.2595,81.74797883842683,-1.032275368818631,19.39571147450883,-4.8999999999999915,85.55510776281375,78.96389223718626,1.3282071428571436,1971560.75,-8571449.0,80.13,81.93,82.52
2024-12-19,78.11,78.4,76.81,76.85,2333539.0,82.0095,81.28150466333857,-1.291074814154996,18.56343281157764,-4.890000000000001,86.0988930832675,77.92010691673251,1.3760642857142866,2015102.0,-10904988.0,77.62,81.56,81.74
2024-12-20,76.47,77.91,76.47,77.28,4854483.0,81.736,80.90040898111585,-1.444822814755824,20.780399247647523,-5.539999999999992,86.31877507285961,77.1532249271404,1.399635714285715,2134319.35,-6050505.0,76.85,80.84,82.82
2024-12-23,76.98,77.25,76.38,76.88,2108092.0,81.414,80.51751288767625,-1.58072426463103,21.522556362658392,-6.660000000000011,86.4141406296015,76.4138593703985,1.3678500000000011,2142610.55,-8158597.0,77.28,80.07,83.54
2024-12-24,76.82,77.4424,76.5724,77.25,545511.0,81.055,80.20632118408804,-1.6396701382981433,25.118035849702437,-4.829999999999998,86.17301153821144,75.93698846178857,1.3492785714285722,2028072.35,-7613086.0,76.88,80.13,82.08
2024-12-26,76.82,77.5,76.7301,77.24,973570.0,80.725,79.92381440465108,-1.667964824068136,27.08757633612781,-4.690000000000012,85.93716593022637,75.51283406977362,1.3260571428571442,1959388.1,-8586656.0,77.25,77.62,81.93
2024-12-27,76.75,77.5679,76.16,76.63,1390162.0,80.3615,79.61011779468431,-1.7197858476876888,16.898395696622913,-4.930000000000007,85.65474206691414,75.06825793308587,1.3366214285714295,1947473.8,-9976818.0,77.24,76.85,81.56
2024-12-30,76.03,76.3417,75.458,75.95,1479719.0,79.9795,79.26153514757152,-1.7950326798945753,9.237379148300505,-4.890000000000001,85.39307154216209,74.56592845783791,1.279742857142858,1963324.3,-11456537.0,76.63,77.28,80.84
2024-12-31,76.19,76.64,75.79,76.25,1254748.0,79.606,78.97472227637424,-1.8095989139040398,14.233128809906376,-3.819999999999993,84.96343222075669,74.2485677792433,1.212607142857143,1944779.3,-10201789.0,75.95,76.88,80.07
2025-01-02,76.65,76.88,75.39,75.43,2192222.0,79.2305,78.6371296786243,-1.8658021010749053,13.15192741676573,-4.699999999999989,84.65633090896071,73.8046690910393,1.2529642857142858,1941863.65,-12394011.0,76.25,77.25,80.13
2025-01-03,75.73,75.785,74.38,74.75,2511410.0,78.84200000000001,78.26692685208866,-1.942818249415879,12.70536690275199,-2.8700000000000045,84.38748123297384,73.29651876702619,1.2890357142857138,1962996.6,-14905421.0,75.43,77.24,77.62
2025-01-06,75.28,76.16,74.76,75.26,2809041.0,78.518,77.98055286617546,-1.9403343969831326,18.721973064786255,-1.5899999999999892,84.10758655847985,72.92841344152015,1.3176071428571419,2016395.45,-12096380.0,74.75,76.63,76.85
2025-01-07,75.5,76.23,74.6,75.08,2585210.0,78.131,77.70430973606351,-1.9306352602112327,20.048019173989047,-2.200000000000003,83.53516564474029,72.72683435525971,1.3426071428571424,2006163.45,-14681590.0,75.26,75.95,77.28
2025-01-08,74.81,74.83,73.91,74.45,2298267.0,77.6765,77.39437547548603,-1.9512910902593035,18.089887611993547,-2.4299999999999926,82.67933824706711,72.6736617529329,1.3304642857142863,1963829.4,-16979857.0,75.08,76.25,76.88
2025-01-10,73.64,73.85,72.43,72.7,2879160.0,77.20750000000001,76.94729209686831,-2.084838636989133,19.778869744852173,-4.549999999999997,82.23082192457306,72.18417807542696,1.2104642857142858,2022103.45,-19859017.0,74.45,75.43,77.25
2025-01-13,72.78,74.45,72.4,74.43,2302484.0,76.83250000000001,76.70754999240467,-2.0277053629229016,36.70329664683018,-2.809999999999988,81.47691656865095,72.18808343134907,1.2433214285714282,2055279.1,-17556533.0,72.7,74.75,77.24
2025-01-14,74.795,75.74,74.25,75.28,2899807.0,76.5185,76.57159285027089,-1.8920288050314724,39.49579826124569,-1.3499999999999943,80.63648251574742,72.40051748425259,1.2468928571428566,2143834.65,-14656726.0,74.43,75.26,76.63
2025-01-15,76.4,76.77,75.8,76.24,1981267.0,76.28850000000001,76.54001257881652,-1.6875867291332867,46.82539676036154,0.28999999999999204,79.86896321613654,72.70803678386349,1.2540357142857133,2174695.25,-12675459.0,75.28,75.08,75.95
2025-01-16,76.5,76.69,75.08,76.66,2322694.0,76.118,76.55143995226256,-1.4746752824423055,47.087857782899285,0.4099999999999966,79.23503367761238,73.00096632238761,1.3068928571428557,2175467.75,-10352765.0,76.24,74.45,76.25
2025-01-17,77.26,78.335,77.09,77.47,3241467.0,75.985,76.63892186157088,-1.2264435189956373,51.05214998035408,2.039999999999992,78.56134992719736,73.40865007280264,1.3408285714285688,2252151.1,-7111298.0,76.66,72.7,75.43
2025-01-21,78.04,78.72,77.95,78.46,1860206.0,76.027,76.81235787475461,-0.9390090203523016,58.09018560448607,3.7099999999999937,78.73937398446091,73.31462601553909,1.295264285714283,2241152.95,-5251092.0,77.47,74.43,74.75
2025-01-22,78.24,78.61,77.53,77.62,1599353.0,76.0655,76.88927617239703,-0.7701186408414031,57.27986043575258,2.3599999999999994,78.84801287413701,73.28298712586299,1.309285714285711,2204443.65,-6850445.0,78.46,75.28,75.26
2025-01-23,77.72,78.22,77.4236,78.21,1559554.0,76.112,77.0150593940735,-0.5819553105597208,58.333333263888875,3.1299999999999955,79.00871029381904,73.21528970618095,1.3054571428571404,2039697.2,-5290891.0,77.62,76.24,75.08
2025-01-24,78.43,78.49,77.15,77.36,1581996.0,76.136,77.04791088035222,-0.4957081964010115,58.18490239062012,2.9099999999999966,79.06725013747078,73.20474986252921,1.2947428571428543,2013392.4,-6872887.0,78.21,76.66,74.45
2025-01-27,77.0,77.38,75.15,76.66,3105526.0,76.1065,77.01096698698534,-0.47832703064818816,58.08636741632437,3.9599999999999937,79.00220480467033,73.21079519532967,1.353671428571425,2141393.15,-9978413.0,77.36,77.47,72.7
2025-01-28,76.57,76.8,76.0,76.33,1629439.0,76.061,76.94611298822483,-0.4855830742247491,54.600171903318774,1.8999999999999915,78.90993257942456,73.21206742057545,1.3108142857142826,2174186.6,-11607852.0,76.66,78.46,74.43
2025-01-29,76.09,77.01,75.8552,76.48,1650534.0,76.05350000000001,76.90172127506055,-0.47376848643745006,56.03448269099291,1.2000000000000028,78.89690992472093,73.2100900752791,1.2768714285714253,2187205.2,-9957318.0,76.33,77.62,75.28
2025-01-30,76.54,76.84,75.96,76.66,2303922.0,76.089,76.87870020124527,-0.44475399758486844,59.91031382612158,0.4200000000000017,78.94467136543577,73.23332863456423,1.274014285714283,2228415.35,-7653396.0,76.48,78.21,76.24
2025-01-31,76.47,77.03,76.25,76.8,2729564.0,76.1165,76.87120494398381,-0.40578533540595174,71.4884694967675,0.14000000000000057,78.98924140115258,73.24375859884742,1.2282999999999984,2302156.15,-4923832.0,76.66,77.36,76.66
2025-02-03,75.37,76.43,74.22,76.08,2454532.0,76.149,76.79585209217583,-0.4280658954036056,59.671746678147194,-1.3900000000000006,79.00369069206627,73.29430930793373,1.2397285714285704,2315271.65,-7378364.0,76.8,76.66,77.47
2025-02-04,76.94,77.17,76.28,77.0,2142617.0,76.2615,76.81529475006386,-0.3672536173914551,59.99999990232561,-1.4599999999999937,79.06085537692469,73.4621446230753,1.1968714285714281,2296832.0,-5235747.0,76.08,76.33,78.46
2025-02-05,76.91,77.55,76.34,77.11,2676825.0,76.354,76.84336191672445,-0.30664851504701574,55.61290312534448,-0.5100000000000051,79.13622478186855,73.57177521813145,1.2140142857142848,2290221.2,-2558922.0,77.0,76.48,77.62
2025-02-06,77.5,77.61,76.91,77.48,2321043.0,76.474,76.90399411513164,-0.2261556455173377,55.32467522408507,-0.7299999999999898,79.2317824806405,73.7162175193595,1.149014285714285,2277012.85,-237879.0,77.11,76.66,78.21
2025-02-07,77.3,77.5,75.43,75.78,1839952.0,76.5405,76.79694705654768,-0.2961266947972945,40.16298014408826,-1.5799999999999983,79.15310487072341,73.92789512927658,1.2079428571428568,2254097.1,-2077831.0,77.48,76.8,77.36
2025-02-10,76.205,76.32,75.12,76.26,2830573.0,76.71849999999999,76.74580924163838,-0.30928205597335534,36.38613855081614,-0.3999999999999915,78.61684581731217,74.82015418268782,1.2386571428571418,2251667.75,752742.0,75.78,76.08,76.66
2025-02-11,79.76,83.01,79.4,81.48,6366626.0,77.071,77.19668455195854,0.10034587536701167,65.48956653957833,5.150000000000006,79.66926581841798,74.47273418158201,1.4193714285714276,2454874.85,7119368.0,76.26,77.0,76.33
2025-02-12,80.49,82.26,79.91,81.76,2632037.0,77.395,77.63128602320059,0.4424720794044106,64.60905342349577,5.280000000000001,80.59850794565833,74.19149205434167,1.5303428571428566,2441486.35,9751405.0,81.48,77.11,76.48
2025-02-13,83.0,84.34,82.0,84.05,3593161.0,77.78549999999998,78.2425921162291,0.888155320978953,74.61368645735159,7.390000000000001,82.10563389168743,73.46536610831254,1.6017714285714288,2522081.05,13344566.0,81.76,77.48,76.66
2025-02-14,84.465,85.0,83.22,83.25,2916116.0,78.115,78.71948810515967,1.163398255876615,74.06866318210656,6.450000000000003,83.0370128531239,73.19298714687609,1.5696285714285725,2551752.15,10428450.0,84.05,75.78,76.8
2025-02-18,83.67,84.82,83.44,84.32,3070640.0,78.45750000000001,79.25287019038255,1.451142455515793,77.68537761000725,8.239999999999995,84.0922488619142,72.82275113808582,1.6110571428571439,2543210.8,13499090.0,83.25,76.26,76.08
2025-02-19,82.93,83.19,82.19,82.42,3355588.0,78.65549999999999,79.5545016008223,1.5084788802414693,68.35599499647815,5.420000000000002,84.56235052781054,72.74864947218944,1.6000000000000003,2617979.9,10143502.0,84.32,81.48,77.0
2025-02-20,82.4,82.94,81.98,82.85,1642551.0,78.917,79.86835859122019,1.5705119323172454,68.83749233330951,5.739999999999995,85.08799531339116,72.74600468660884,1.605714285714285,2620139.8,11786053.0,82.42,81.76,77.11
2025-02-21,83.09,83.18,81.53,81.65,2763103.0,79.089,80.0380387253897,1.5054892587889555,63.86506570073699,4.170000000000002,85.36784300438266,72.81015699561733,1.6678571428571425,2680317.25,9022950.0,82.85,84.05,77.48
2025-02-24,81.93,82.4,81.295,81.82,2192493.0,79.312,80.20774932297164,1.4509502495142215,66.94214870500652,6.039999999999992,85.64882171705067,72.97517828294933,1.5889285714285708,2710842.1,11215443.0,81.65,83.25,75.78
2025-02-25,82.39,82.75,81.36,81.88,2370734.0,79.57300000000001,80.36701129221244,1.396471535700499,65.17412929649021,5.61999999999999,85.87983538960546,73.26616461039455,1.6246428571428564,2674102.5,13586177.0,81.82,84.32,76.26
2025-02-26,81.95,82.4599,81.38,81.45,1407415.0,79.829,80.47015307390649,1.3035725828755034,63.23170726309494,-0.030000000000001137,85.99567068752837,73.66232931247161,1.6153500000000005,2663001.3,12178762.0,81.88,82.42,81.48
2025-02-27,81.43,82.45,80.85,80.92,1840234.0,80.051,80.51299563829635,1.1736537727376657,60.386473378900355,-0.8400000000000034,86.02675769254415,74.07524230745585,1.679635714285715,2672486.3,10338528.0,81.45,82.85,81.76
2025-02-28,81.44,81.82,80.52,81.77,4915462.0,80.3065,80.63271033941098,1.1262968272138636,69.06429019943354,-2.280000000000001,86.10616342036107,74.50683657963893,1.6246357142857153,2803063.3,15253990.0,80.92,81.65,84.05
2025-03-03,82.15,82.4,78.5,78.83,2513373.0,80.408,80.46102364041946,0.8418286012084621,57.072096818986836,-4.420000000000002,86.01720146300987,74.79879853699013,1.8174928571428595,2792253.75,12740617.0,81.77,81.82,83.25
2025-03-04,78.83,79.075,77.265,77.69,2603874.0,80.4885,80.19711662704617,0.5184209756919103,36.550745173050984,-6.6299999999999955,85.87808557141265,75.09891442858735,1.6889214285714311,2799720.85,10136743.0,78.83,81.88,84.32
2025-03-05,78.33,79.81,78.1651,79.48,2163700.0,80.6125,80.12881980542272,0.4019230243533656,42.69230765399405,-2.9399999999999977,85.77340924261672,75.45159075738327,1.6385571428571453,2800775.0,12300443.0,77.69,81.45,82.42
2025-03-06,79.19,79.57,78.38,78.76,1781665.0,80.69500000000001,79.99845601443008,0.2486334838533253,31.147540952525574,-4.089999999999989,85.66955208245457,75.72044791754544,1.5564142857142877,2756017.0,10518778.0,79.48,80.92,82.85
2025-03-07,78.34,78.93,76.88,78.15,2160698.0,80.7285,79.82241258448435,0.07704044233504703,31.5751444767303,-3.5,85.62022566687875,75.83677433312124,1.5757000000000028,2747999.75,8358080.0,78.76,81.77,81.65
2025-03-10,77.57,78.78,76.42,76.83,2056490.0,80.781,79.53742090977155,-0.16357564936545543,23.420865839042378,-4.989999999999995,85.46733354609589,76.09466645390413,1.645700000000003,2758826.65,6301590.0,78.15,78.83,81.82
2025-03-11,77.03,77.18,75.83,76.32,3897629.0,80.784,79.23099987074569,-0.39091218104684344,25.984251939859803,-5.560000000000002,85.45820874249551,76.1097912575045,1.6707000000000036,2812179.45,2403961.0,76.83,77.69,81.88
2025-03-12,77.055,77.09,75.45,75.5,1983591.0,80.485,78.8756665497223,-0.6299831140616448,21.925133666390195,-5.950000000000003,85.70494756981135,75.26505243018865,1.7192714285714328,2593027.7,420370.0,76.32,79.48,81.45
2025-03-13,75.16,76.25,74.05,74.91,2596299.0,80.1425,78.49798402117732,-0.8571756329300939,22.99679484599713,-6.010000000000005,85.88314318787772,74.40185681212228,1.7585571428571467,2591240.8,-2175929.0,75.5,78.76,80.92
2025-03-14,76.04,77.365,75.5,77.09,3614521.0,79.7945,78.36389030487472,-0.851503952466004,33.678398863250735,-4.679999999999993,85.37950426424007,74.20949573575993,1.8128428571428603,2592308.8,1438592.0,74.91,78.15,81.77
2025-03-17,77.1,78.1,77.04,77.7,2068513.0,79.51700000000001,78.3006626567914,-0.788695610763753,36.10372337064816,-1.1299999999999955,84.92789777549373,74.10610222450629,1.7892714285714308,2549928.65,3507105.0,77.09,76.83,78.83
2025-03-18,77.72,77.76,76.76,77.12,2411905.0,79.157,78.18821859423984,-0.7767666181393338,35.7472020737024,-0.5699999999999932,84.16550686858194,74.14849313141805,1.7835642857142875,2516991.9,1095200.0,77.7,76.32,77.69
2025-03-19,77.12,78.01,76.93,77.57,1734721.0,78.9145,78.12934063288367,-0.7226710641670451,38.91462603939079,-1.9100000000000108,83.72347614663958,74.10552385336042,1.7464214285714295,2435948.55,2829921.0,77.12,75.5,79.48
2025-03-20,76.97,77.56,76.65,76.93,2964342.0,78.6185,78.01511771546618,-0.7231070710073624,33.7583892300257,-1.8299999999999983,83.12691213732741,74.11008786267259,1.7185642857142867,2502038.1,-134421.0,77.57,74.91,78.76
2025-03-21,76.49,76.49,74.66,75.17,4412901.0,78.2945,77.74415412351702,-0.8556069957853083,36.66180754276494,-2.980000000000004,82.81696078799457,73.77203921200542,1.5707071428571433,2584528.0,-4547322.0,76.93,77.09,78.15
2025-03-24,76.025,77.54,76.025,77.07,2069716.0,78.05699999999999,77.67994896889635,-0.7981000195197794,47.85911597582681,0.23999999999999488,82.28951126152648,73.82448873847349,1.5496357142857147,2578389.15,-2477606.0,75.17,77.7,76.83
2025-03-25,77.0,77.22,76.1,76.45,1896317.0,77.7855,77.56281097185861,-0.7934082287758883,38.617580725721524,0.13000000000000966,81.66758015318989,73.90341984681011,1.5121428571428572,2554668.3,-4373923.0,77.07,77.12,76.32
2025-03-26,76.62,77.48,76.3015,76.49,1195262.0,77.5375,77.46063849834826,-0.7774997519392173,41.013459970372985,0.9899999999999949,81.05002720536403,74.02497279463596,1.511321428571429,2544060.65,-3178661.0,76.45,77.57,75.5
2025-03-27,75.96,76.36,75.5242,75.96,1633235.0,77.2895,77.31772054612462,-0.798454651831392,41.27490035236259,1.0499999999999972,80.48231743259714,74.09668256740287,1.424592857142857,2533710.7,-4811896.0,76.49,76.93,74.91
2025-03-28,75.79,76.0,73.78,74.03,3562550.0,76.9025,77.00460430363655,-0.9597332240907264,39.36170208578539,-3.0600000000000023,79.65457003429887,74.15042996570114,1.414592857142857,2466065.1,-8374446.0,75.96,75.17,77.09
2025-03-31,73.53,75.19,72.88,74.68,2924768.0,76.69500000000001,76.78321341757594,-1.023302097238755,43.834586420023776,-3.019999999999996,79.46092422927796,73.92907577072205,1.483164285714285,2486634.85,-5449678.0,74.03,77.07,77.7
2025-04-01,74.57,75.5294,73.77,74.88,2442850.0,76.55449999999999,76.60195499685442,-1.045490791616956,47.55520499481283,-2.240000000000009,79.39216008127184,73.71683991872814,1.4916928571428565,2478583.65,-3006828.0,74.68,76.45,77.12
2025-04-02,74.21,75.89,74.21,75.25,1864336.0,76.34299999999999,76.47319737810638,-1.0214450018378614,51.36436591339479,-2.319999999999993,78.87685580946501,73.80914419053497,1.4545499999999996,2463615.45,-1142492.0,74.88,76.49,77.57
2025-04-03,72.5,72.5,67.21,67.78,4637179.0,75.794,75.64527381828673,-1.5868627448674886,23.774647868572018,-9.150000000000006,80.19381052223625,71.39418947776375,1.6991928571428576,2606391.15,-5779671.0,75.25,75.96,76.93
2025-04-04,59.91,61.38,56.18,59.14,11816840.0,74.8435,74.0733429784499,-2.701000717385085,14.003103173155722,-16.03,83.37441042219886,66.31258957780115,1.9949071428571443,3089198.25,-17596511.0,67.78,74.03,75.17
2025-04-07,56.83,60.35,54.32,57.78,7601913.0,73.89099999999999,72.52159602812134,-3.651610231837495,13.591867462715044,-19.289999999999992,85.26742789187139,62.51457210812858,2.3541928571428588,3366469.4,-25198424.0,59.14,74.68,77.07
2025-04-08,59.54,60.17,54.05,55.13,7150265.0,72.83149999999999,70.86525354925264,-4.566171985532833,10.987482609394092,-21.32,86.88690955983635,58.77609044016363,2.714192857142859,3529101.2,-32348689.0,57.78,74.88,76.45
2025-04-09,54.28,62.545,53.77,61.95,6509194.0,72.154,70.01618178265716,-4.686627240017415,28.563251276477217,-14.539999999999992,86.95435618348077,57.353643816519224,3.2759785714285736,3755381.35,-25839495.0,55.13,75.25,76.49
2025-04-10,58.6,59.5,55.82,57.66,5573325.0,71.29150000000001,68.83940256526124,-5.069814379684615,26.63464103621868,-18.299999999999997,87.37085881806249,55.21214118193755,3.4081214285714307,3904232.65,-31412820.0,61.95,67.78,75.96
2025-04-11,57.24,59.1,56.14,58.89,3790665.0,70.38149999999999,67.89184041618874,-5.214136903587018,25.298913033853665,-15.14,87.12542304531323,53.63757695468675,3.5113357142857167,3913039.85,-27622155.0,57.66,59.14,74.03
2025-04-14,61.99,62.27,59.22,60.97,4801260.0,69.54499999999999,67.23261751940886,-5.101863816575097,29.769994761715097,-13.710000000000008,86.42055878217161,52.669441217828364,3.6491928571428596,4049677.2,-22820895.0,58.89,57.78,74.68
2025-04-15,60.36,61.01,60.08,60.46,2539815.0,68.712,66.5876063270842,-4.996443434254353,29.305447962554197,-14.419999999999995,85.65776562541754,51.76623437458246,3.631442857142859,4056072.7,-25360710.0,60.97,55.13,74.88
2025-04-16,60.33,60.7991,58.72,59.25,4069665.0,67.796,65.8887866768857,-4.953433807829221,28.79979699560525,-16.0,84.70622288128519,50.88577711871483,3.7202500000000023,4172819.9,-29430375.0,60.46,61.95,75.25
2025-04-17,59.69,61.15,59.69,60.14,2750065.0,66.9565,65.34128318384897,-4.792290267948225,31.89992180227786,-7.640000000000001,83.62274988601702,50.29025011398299,3.665964285714288,4162106.05,-26680310.0,59.25,57.66,67.78
2025-04-21,59.48,60.355,58.5,60.11,3914784.0,66.20349999999999,64.84306573776811,-4.61381837467453,30.701986743580704,0.9699999999999989,82.66686446397541,49.74013553602457,3.6334642857142874,4137200.2,-30595094.0,60.14,58.89,59.14
2025-04-22,60.955,62.4,60.885,61.84,3500732.0,65.44200000000001,64.55705947702829,-4.283405143480898,33.40122198402199,4.060000000000002,81.18207904748441,49.70192095251561,3.616007142857145,4208751.0,-27094362.0,60.11,60.97,57.78
2025-04-23,63.67,65.88,63.0,63.06,4489216.0,64.77250000000001,64.41448238397798,-3.8783987071499197,34.81186143814189,7.93,79.65694030381727,49.888059696182744,3.7017214285714295,4338395.95,-22605146.0,61.84,60.46,55.13
2025-04-24,63.66,66.47,63.51,66.05,4092644.0,64.2505,64.57024596645627,-3.2783691777492976,47.57363251988693,4.099999999999994,78.10104583761972,50.399954162380276,3.5352928571428577,4483265.05,-18512502.0,63.06,59.25,61.95
2025-04-25,65.3,66.25,64.91,65.69,2412601.0,63.737,64.67688920774614,-2.7996181883015225,61.96565579585242,8.030000000000001,76.47661760972875,50.99738239027126,3.2595785714285723,4522233.35,-20925103.0,66.05,60.14,57.66
2025-04-28,65.64,66.62,64.88,65.67,2710345.0,63.318999999999996,64.7714711879608,-2.394219342571205,65.15558966914413,6.780000000000001,75.15303637150532,51.484963628494675,2.9531500000000013,4479623.1,-23635448.0,65.69,60.11,58.89
2025-04-29,65.68,66.17,65.04,65.85,2191219.0,62.8775,64.87418821767882,-2.0349556390209926,72.750424404987,4.8799999999999955,73.52640579998001,52.22859420001999,2.596721428571429,4442945.65,-21444229.0,65.67,61.84,60.97
2025-04-30,64.93,66.19,63.945,65.99,2934724.0,62.43300000000001,64.98045600647131,-1.7191227585868205,61.96682459315545,5.529999999999994,71.6133247276591,53.25267527234091,2.130292857142858,4467539.35,-18509505.0,65.85,63.06,60.46
2025-05-01,66.0,67.0,65.78,66.05,3948058.0,61.973,65.08231733918834,-1.4472978778069319,83.16205524393135,6.799999999999997,69.15334480919638,54.792655190803615,1.954578571428572,4571725.45,-14561447.0,65.99,66.05,59.25
2025-05-02,65.78,68.37,65.78,67.25,4504564.0,61.9465,65.28876330688469,-1.1221097475342958,83.12202843393754,7.109999999999999,69.03999375725508,54.85300624274493,1.9281500000000007,4565094.7,-10056883.0,66.05,65.69,60.14
2025-05-05,66.78,66.98,65.295,65.31,3361753.0,62.254999999999995,65.29078584908615,-1.0093029816792694,67.38782043722523,5.200000000000003,69.3712098131849,55.138790186815086,1.8306500000000006,4142340.35,-13418636.0,67.25,65.67,60.11
2025-05-06,64.65,65.5824,64.61,65.04,2094653.0,62.617999999999995,65.26690148250651,-0.9309580456768458,68.70915024820853,3.200000000000003,69.51021253910646,55.72578746089353,1.8336785714285726,3866977.35,-15513289.0,65.31,65.85,61.84
2025-05-07,65.08,65.12,64.09,64.56,1913164.0,63.08950000000001,65.1995775317916,-0.8972580753538466,73.06689826038782,1.5,69.05240806834925,57.12659193165076,1.758742857142858,3605122.3,-17426453.0,65.04,65.99,63.06
2025-05-08,65.52,67.253,65.255,66.25,2605082.0,63.304500000000004,65.29961776685907,-0.7258149866352142,74.81722168582934,0.20000000000000284,69.4029570093379,57.20604299066212,1.7971714285714298,3409916.7,-14821371.0,64.56,66.05,66.05
2025-05-09,66.79,67.33,66.5,66.77,1745625.0,63.760000000000005,65.43965417001534,-0.5417406010392938,76.01562491685793,1.0799999999999983,69.42908142563958,58.09091857436043,1.723957142857144,3218531.7,-13075746.0,66.25,67.25,65.69
2025-05-12,70.76,72.61,70.52,71.27,5772133.0,64.379,65.99492520144246,-0.03237473652923484,80.2825946612745,5.599999999999994,70.4950320814281,58.2629679185719,1.765028571428573,3317605.1,-7303613.0,66.77,65.31,65.67
2025-05-13,71.29,71.29,70.42,70.61,2470814.0,64.861,66.43445613463841,0.3144204534604711,75.1498999965291,4.760000000000005,71.3536740902428,58.3683259097572,1.621457142857145,3201082.8,-9774427.0,71.27,65.04,65.85
2025-05-14,70.0,70.47,68.14,68.23,4263090.0,65.2495,66.6054603122919,0.39268539771497046,57.56944438847418,2.240000000000009,71.56069464877622,58.938305351223775,1.5764571428571448,3287246.55,-14037517.0,70.61,64.56,65.99
2025-05-15,67.71,68.2,67.17,68.18,2986962.0,65.696,66.755416473026,0.44554043497743123,58.836053880503606,2.1300000000000097,71.45985616534117,59.93214383465883,1.5543142857142875,3233111.4,-17024479.0,68.23,66.25,66.05
2025-05-16,68.07,69.35,67.665,69.32,2957959.0,66.155,66.999662523214,0.5728138637730638,61.99868501854164,2.069999999999993,71.50300110223232,60.80699889776769,1.5503857142857147,3243506.1,-14066520.0,68.18,66.77,67.25
2025-05-19,68.61,69.0,67.92,68.92,1481907.0,66.5955,67.18255180671743,0.6340928878861831,59.94815289440872,3.6099999999999994,71.25388677746118,61.93711322253882,1.5468142857142861,3121862.25,-15548427.0,69.32,71.27,65.31
2025-05-20,68.56,69.3,68.29,68.94,3648367.0,66.9505,67.34992782512529,0.6764728311327985,59.6342259415494,3.8999999999999915,71.14169616137946,62.75930383862055,1.4586000000000001,3129244.0,-11900060.0,68.92,70.61,65.04
2025-05-21,68.39,68.99,67.56,67.91,4683351.0,67.193,67.40326803225622,0.6198021561136784,55.71253066462069,3.3499999999999943,70.97794580368675,63.40805419631325,1.4735999999999996,3138950.75,-16583411.0,68.94,68.23,64.56
2025-05-22,67.56,68.33,67.28,68.01,1670763.0,67.291,67.4610520291842,0.5763159901458437,52.50329375921965,1.7600000000000051,71.05276274469459,63.529237255305404,1.3635999999999993,3017856.7,-14912648.0,67.91,68.18,66.25
2025-05-23,66.65,67.73,66.56,67.65,1748465.0,67.389,67.4790470740238,0.5069599798844706,58.60294111614406,0.8800000000000097,71.0765374752784,63.70146252472159,1.3268142857142848,2984649.9,-16661113.0,68.01,69.32,66.77
2025-05-27,68.49,69.3,68.25,69.27,1919034.0,67.569,67.64961401935486,0.5760746729288684,64.14715713056454,-2.0,71.25468725291762,63.88331274708239,1.3323571428571412,2945084.35,-14742079.0,67.65,68.92,71.27
2025-05-28,69.43,69.5,67.83,68.09,3459561.0,67.681,67.69155554132107,0.5295283535428155,61.2779552167482,-2.519999999999996,71.28190573401564,64.08009426598436,1.378071428571427,3008501.45,-18201640.0,69.27,68.94,70.61
2025-05-29,68.6,69.1,67.99,68.98,3833345.0,67.8305,67.81426453738572,0.5580230793395913,59.1919191361154,0.75,71.38376077079442,64.27723922920558,1.3146428571428552,3053432.5,-14368295.0,68.09,67.91,68.23
2025-05-30,68.06,68.06,66.33,66.8,4733040.0,67.868,67.71766791477756,0.40008563568362376,50.09085398538632,-1.3800000000000097,71.35739807808908,64.37860192191091,1.37892857142857,3092681.6,-19101335.0,68.98,68.01,68.18
2025-06-02,66.72,66.86,64.91,66.08,3538061.0,67.8095,67.5616995419416,0.21435019537555888,29.615082449755548,-3.239999999999995,71.38079181993874,64.23820818006126,1.36892857142857,3044356.45,-22639396.0,66.8,67.65,69.32
2025-06-03,66.02,67.6,65.31,67.44,3373618.0,67.916,67.55010910937574,0.17487826698176434,38.19806399592157,-1.480000000000004,71.29532662242879,64.5366733775712,1.4703571428571405,3044949.7,-19265778.0,66.08,69.27,68.92
2025-06-04,67.57,68.12,67.52,67.95,2031414.0,68.0615,67.58819395610186,0.18264381291845666,48.78892727655319,-0.9899999999999949,71.15820979895608,64.96479020104391,1.3467857142857125,3041787.75,-17234364.0,67.44,68.09,68.94
2025-06-05,68.45,68.5,67.27,67.41,1887885.0,68.204,67.57122310313977,0.14356959605498787,46.80497919873275,-0.5,70.8520769586533,65.55592304134669,1.361071428571427,3040523.8,-19122249.0,67.95,68.98,67.91
2025-06-06,68.03,68.74,67.63,68.13,2760683.0,68.29799999999999,67.62443995045979,0.16875567006729852,44.883920840208525,0.11999999999999034,70.78244084570201,65.81355915429796,1.3199999999999992,3048303.85,-16361566.0,67.41,66.8,68.01
2025-06-09,68.9,69.6899,68.51,68.58,3878224.0,68.3885,67.71544566946362,0.22246264349499256,48.54452048975826,0.9299999999999926,70.76824147202741,66.00875852797257,1.327135714285713,3154933.8,-12483342.0,68.13,66.08,67.65
2025-06-10,68.87,70.305,68.76,70.15,2340329.0,68.3325,67.94730798665756,0.38724773500106835,54.57294022947688,0.8800000000000097,70.46679021851415,66.19820978148584,1.3653499999999994,2983343.6,-10143013.0,68.58,67.44,69.27
2025-06-11,70.375,70.5,69.18,69.4,2252661.0,68.272,68.0856596069759,0.4521107242437097,55.75289569262238,1.3100000000000023,70.19233549700456,66.35166450299545,1.3574928571428566,2972435.95,-12395674.0,70.15,67.95,68.09
2025-06-12,68.86,69.07,68.24,68.44,1567030.0,68.2825,68.11940631107343,0.42119585001223925,51.556842815221124,-0.5400000000000063,70.2041645744888,66.3608354255112,1.341778571428571,2837632.95,-13962704.0,69.4,67.41,68.98
2025-06-13,67.26,68.195,66.62,66.87,1789715.0,68.217,68.00041523382835,0.26693267675382515,47.40346200641488,0.07000000000000739,70.24000558055349,66.19399441944651,1.3707071428571413,2777770.6,-15752419.0,68.44,68.13,66.8
2025-06-16,67.72,68.3,67.43,67.98,1605956.0,68.15,67.9984709258447,0.2315762569444928,45.554789756184256,1.9000000000000057,70.10687183239584,66.19312816760417,1.357849999999998,2710170.45,-14146463.0,66.87,68.58,66.08
2025-06-17,67.55,68.07,66.9,67.14,2977346.0,68.061,67.91671179004997,0.13422776556173233,46.647847519190556,-0.29999999999999716,70.03227690383218,66.08972309616783,1.3221357142857113,2784942.4,-17123809.0,67.98,70.15,67.44
2025-06-18,67.17,67.58,66.77,66.86,1770443.0,67.95700000000001,67.81607257194997,0.03409173652325137,42.18289081190557,-1.0900000000000034,69.9523429991392,65.96165700086081,1.3007071428571402,2691046.2,-18894252.0,67.14,69.4,67.95
2025-06-20,67.94,68.06,66.13,66.18,6309799.0,67.8705,67.66025613652617,-0.09899594134476786,47.429519016251014,-1.2299999999999898,70.01857110536116,65.72242889463885,1.3149928571428546,2772368.6,-25204051.0,66.86,68.44,67.41
2025-06-23,66.05,67.05,65.6,67.0,1428239.0,67.82000000000001,67.59737459971416,-0.13672564974456236,53.782894674921,-1.1299999999999955,70.0014915225967,65.63850847740332,1.2792785714285688,2760242.4,-23775812.0,66.18,66.87,68.13
2025-06-24,67.54,68.35,67.095,68.21,1972320.0,67.848,67.65571987593185,-0.06820361900656735,53.20566188635474,-0.37000000000000455,70.03467351304096,65.66132648695904,1.2053499999999977,2771435.15,-21803492.0,67.0,67.98,68.58
2025-06-25,67.76,68.31,67.5211,67.99,1493893.0,67.784,67.68755607822406,-0.03129087561917743,50.170648404232985,-2.160000000000011,69.86794767082577,65.70005232917424,1.2188428571428542,2750178.1,-23297385.0,68.21,67.14,70.15
2025-06-26,68.6,69.49,68.43,69.28,2206567.0,67.8435,67.83921740410749,0.1008919390076386,57.49799512389962,-0.12000000000000455,70.02967931561052,65.65732068438949,1.2066999999999959,2687528.4,-21090818.0,67.99,66.86,69.4
2025-06-27,69.31,69.81,68.34,68.88,2592039.0,67.8385,67.93833955609725,0.1713953756638915,53.08641969191687,0.4399999999999977,70.01416710882532,65.66283289117467,1.2324142857142815,2625463.1,-23682857.0,69.28,66.18,68.44
2025-06-30,68.61,68.815,67.73,68.59,1606423.0,67.92800000000001,68.00040245551656,0.20154598414768543,50.041701359417544,1.7199999999999989,70.07081271131959,65.78518728868043,1.2256357142857104,2469132.25,-25289280.0,68.88,67.0,66.87
2025-07-01,68.63,72.08,68.35,71.45,2970532.0,68.19649999999999,68.32893555499118,0.4510195835677706,54.894578255382214,3.469999999999999,70.68258146540592,65.71041853459406,1.3817071428571392,2440755.8,-22318748.0,68.59,68.21,67.98
2025-07-02,71.89,73.03,71.3,72.95,2693227.0,68.47200000000001,68.7690369307063,0.7609944026739157,62.65146109215107,5.810000000000002,71.71199090317164,65.23200909682838,1.4109928571428543,2406736.25,-19625521.0,71.45,67.99,67.14
2025-07-03,74.09,74.37,73.165,73.72,2263916.0,68.76050000000001,69.24055722301999,1.056604367470186,69.07514443879685,6.859999999999999,72.74646735930905,64.77453264069096,1.4377785714285685,2418361.35,-17361605.0,72.95,69.28,66.86
2025-07-07,73.21,74.415,72.89,72.98,3683730.0,69.039,69.59669463035142,1.2171352017980865,73.48193689248681,6.799999999999997,73.38936066260493,64.68863933739507,1.4342071428571412,2508153.6,-21045335.0,73.72,68.88,66.18
2025-07-08,73.44,75.495,73.44,74.47,3495109.0,69.35600000000001,70.06081895127033,1.4478971352253893,74.23450328310062,7.469999999999999,74.30960538555435,64.40239461444567,1.5188499999999994,2544874.9,-17550226.0,72.98,68.59,67.0
2025-07-09,75.33,75.74,74.21,75.54,2508495.0,69.704,70.58264571781602,1.6975493949165639,80.83700432219405,7.3300000000000125,75.35664875034178,64.05135124965821,1.544564285714286,2476388.45,-15041731.0,74.47,71.45,68.21
2025-07-10,75.55,76.78,75.01,76.13,2067811.0,70.00300000000001,71.11096517326212,1.9208661294903777,83.2735103254969,8.14,76.34551519094533,63.6604848090547,1.6131357142857143,2462762.55,-12973920.0,75.54,72.95,67.99
2025-07-11,75.41,75.9,74.48,75.49,1850935.0,70.3075,71.52801610914192,2.022885039717835,83.51331885031058,6.209999999999994,77.09711707314955,63.51788292685046,1.5767071428571424,2442676.25,-14824855.0,76.13,73.72,69.28
2025-07-14,75.08,75.3175,74.08,74.86,3136782.0,70.6285,71.84534790827125,2.029505154115782,78.68613130645218,5.980000000000004,77.6494709180129,63.60752908198712,1.5615285714285707,2521163.85,-17961637.0,75.49,72.98,68.88
2025-07-15,75.8,75.9,74.03,74.08,2099959.0,70.989,72.05817191700733,1.9493413673436208,72.11755832632666,5.489999999999995,77.93744140039627,64.04055859960374,1.6054571428571427,2536676.05,-20061596.0,74.86,74.47,68.59
2025-07-16,74.395,74.395,72.67,73.95,1824718.0,71.2875,72.23834602014949,1.8539498948885864,72.6100150973794,2.5,78.20453275294162,64.37046724705837,1.672321428571428,2547614.15,-21886314.0,74.08,75.54,71.45
