Date,Open,High,Low,Close,Volume,SMA_20,EMA_20,MACD,RSI_14,Momentum_10,Bollinger_Upper,Bollinger_Lower,ATR_14,Volume_MA_20,OBV,Lag_1,Lag_5,Lag_10
2023-08-14,10.52,10.59,10.35,10.48,397264.0,11.351,11.260676466302355,-0.1838466040543949,38.620689530875936,-1.3499999999999996,12.3108662187486,10.391133781251401,0.5681214285714286,448632.4,-756423.0,10.55,11.34,11.83
2023-08-15,9.73,10.66,9.5,10.13,945635.0,11.2515,11.15299299332118,-0.22396646359094774,25.79852570978396,-1.209999999999999,12.285435251968494,10.217564748031506,0.5909785714285715,472732.0,-1702058.0,10.48,11.39,11.34
2023-08-16,10.02,10.18,9.675,10.0,452574.0,11.1565,11.0431841368144,-0.26107896027204625,30.701754260285227,-1.4399999999999995,12.284428235865716,10.028571764134282,0.55205,474248.1,-2154632.0,10.13,10.81,11.44
2023-08-17,10.01,10.24,9.87,10.0,544137.0,11.0775,10.9438332666416,-0.28676632470514285,23.794212111537306,-0.9600000000000009,12.298058543411468,9.856941456588533,0.5606214285714286,485025.35,-2154632.0,10.0,10.54,10.96
2023-08-18,9.86,10.05,9.65,9.9,878701.0,10.996,10.844420574580495,-0.3102070574607314,17.9401992521054,-1.4100000000000001,12.303893444879161,9.68810655512084,0.56705,506858.3,-3033333.0,10.0,10.55,11.31
2023-08-21,9.89,10.24,9.75,9.98,335255.0,10.926,10.76209480557283,-0.31922747194284185,23.846153717751505,-1.3599999999999994,12.295754492024404,9.556245507975596,0.51705,488272.7,-2698078.0,9.9,10.48,11.34
2023-08-22,10.05,10.2,9.98,10.15,594171.0,10.860000000000001,10.703800062184941,-0.3105715057803433,25.842696493708743,-1.2400000000000002,12.246491216970675,9.473508783029327,0.4949071428571428,497699.95,-2103907.0,9.98,10.13,11.39
2023-08-23,10.06,10.065,9.09,9.45,1855047.0,10.7275,10.584390532453043,-0.34981566065746605,23.875432410292035,-1.3600000000000012,12.121515404279448,9.33348459572055,0.5309785714285713,564079.6,-3958954.0,10.15,10.0,10.81
2023-08-24,9.5,9.55,9.205,9.39,950775.0,10.631,10.4706390531718,-0.3806285400530971,13.076923006508935,-1.1499999999999986,12.11652170527464,9.145478294725361,0.5049785714285714,581844.55,-4909729.0,9.45,10.0,10.54
2023-08-25,9.35,9.56,9.26,9.38,749463.0,10.5185,10.366768667155437,-0.4009641674230604,12.015503810768664,-1.17,12.026098648251743,9.010901351748256,0.4942857142857143,603623.65,-5659192.0,9.39,9.9,10.55
2023-08-28,9.46,9.62,9.41,9.55,366369.0,10.4045,10.288981175045395,-0.39983857976670834,15.925925843347088,-0.9299999999999997,11.837501634406076,8.971498365593925,0.4742857142857142,607159.0,-5292823.0,9.38,9.98,10.48
2023-08-29,9.51,9.62,9.41,9.465,521349.0,10.310750000000002,10.210506777422024,-0.4005435606655112,19.501133663031382,-0.6650000000000009,11.731336517122958,8.890163482877046,0.44428571428571423,603204.15,-5814172.0,9.55,10.15,10.13
2023-08-30,9.46,9.68,9.4,9.55,579632.0,10.21625,10.147601370048498,-0.3902039705109921,25.49504932825222,-0.4499999999999993,11.570443778406043,8.862056221593958,0.42928571428571416,595470.55,-5234540.0,9.465,9.45,10.0
2023-08-31,9.54,9.67,9.38,9.4,491624.0,10.138250000000001,10.076401239567689,-0.3887223592545812,23.379629478095012,-0.5999999999999996,11.491776680078438,8.784723319921564,0.42821428571428555,599323.35,-5726164.0,9.55,9.39,10.0
2023-09-01,9.48,9.62,9.18,9.22,460917.0,10.033750000000001,9.99483921675172,-0.39648203633410617,22.246695898038027,-0.6799999999999997,11.327780321779267,8.739719678220736,0.4424999999999998,600328.3,-6187081.0,9.4,9.38,9.9
2023-09-05,9.15,9.245,9.0,9.1,701134.0,9.92175,9.909616434203937,-0.40696221056586346,24.754901790897733,-0.8800000000000008,11.124261735362339,8.71923826463766,0.37714285714285684,619733.65,-6888215.0,9.22,9.55,9.98
2023-09-06,9.14,9.28,8.99,9.04,573551.0,9.80425,9.826795821422609,-0.414986273614506,25.634517584323234,-1.1100000000000012,10.851980755892008,8.756519244107992,0.361785714285714,629536.6,-7461766.0,9.1,9.465,10.15
2023-09-07,8.98,9.01,8.75,8.905,380471.0,9.709,9.739005743191884,-0.4266868644131332,23.9904986527948,-0.5449999999999999,10.717378583876602,8.700621416123397,0.35392857142857104,628245.6,-7842237.0,9.04,9.55,9.45
2023-09-08,8.88,9.03,8.71,8.92,702067.0,9.628,9.661005196221229,-0.4298003722207753,25.742574079011902,-0.47000000000000064,10.615359050567102,8.640640949432898,0.3482142857142852,647408.15,-7140170.0,8.905,9.4,9.39
2023-09-11,8.98,9.14,8.89,9.04,777319.0,9.5525,9.60186184420016,-0.4181651811941336,27.18446583466867,-0.34000000000000163,10.471575622568636,8.633424377431364,0.3310714285714281,662872.75,-6362851.0,8.92,9.22,9.38
2023-09-12,9.03,9.125,8.86,9.07,542717.0,9.482,9.551208335228717,-0.40196641342381945,21.87499984049485,-0.4800000000000004,10.313671746987213,8.650328253012786,0.3342857142857139,670145.4,-5820134.0,9.04,9.1,9.55
2023-09-13,9.08,9.08,8.21,8.31,792014.0,9.391,9.432998017587886,-0.4429193559059943,21.212121062136575,-1.1549999999999994,10.317058995506125,8.464941004493875,0.32678571428571385,662464.35,-6612148.0,9.07,9.04,9.465
2023-09-14,8.33,8.6,8.1,8.27,685830.0,9.3045,9.322236301627136,-0.4729763203195141,21.428571275510237,-1.2800000000000011,10.310758834547643,8.298241165452358,0.33785714285714236,674127.15,-7297978.0,8.31,8.905,9.55
2023-09-15,8.27,8.28,8.045,8.11,864885.0,9.209999999999999,9.206785225281694,-0.5034211931772266,19.905213138069712,-1.290000000000001,10.293284479330248,8.12671552066975,0.33321428571428513,690164.55,-8162863.0,8.27,8.92,9.4
2023-09-18,8.05,8.07,7.84,7.85,1072298.0,9.1075,9.077567584778675,-0.541584450100494,11.363636291322365,-1.370000000000001,10.298477042511477,7.916522957488522,0.3346428571428567,699844.4,-9235161.0,8.11,9.04,9.22
2023-09-19,7.85,7.965,7.755,7.9,679401.0,9.003499999999999,8.96541829099023,-0.5613933797542021,13.85681284342023,-1.1999999999999993,10.236212456333556,7.770787543666443,0.33464285714285674,717051.7,-8555760.0,7.85,9.07,9.1
2023-09-20,7.99,8.07,7.76,7.77,347948.0,8.8845,8.851568929943541,-0.5805714662852708,9.728506725701806,-1.2699999999999996,10.11069179404748,7.658308205952518,0.33678571428571397,704740.55,-8903708.0,7.9,8.31,9.04
2023-09-21,7.68,7.905,7.58,7.81,483157.0,8.8025,8.752371888996537,-0.5858356419735085,12.14285706190482,-1.0949999999999998,10.087402208033916,7.517597791966084,0.339285714285714,636146.05,-8420551.0,7.77,8.27,8.905
2023-09-22,7.73,8.04,7.73,7.89,564356.0,8.7275,8.67024123290163,-0.5770223518654358,16.749999882750046,-1.0300000000000002,10.042764632167794,7.412235367832205,0.3299999999999997,616825.1,-7856195.0,7.81,8.11,8.92
2023-09-25,7.85,7.925,7.745,7.9,333769.0,8.6535,8.596884925006236,-0.5627406100647576,18.25396811875376,-1.1399999999999988,9.980673886992843,7.3263261130071555,0.32535714285714257,596040.4,-7522426.0,7.89,7.85,9.04
2023-09-26,7.84,8.04,7.745,7.8,371104.0,8.565999999999999,8.52099112262469,-0.552940814148073,17.875647538725957,-1.2700000000000005,9.874935284476383,7.257064715523616,0.32571428571428546,596277.15,-7893530.0,7.9,7.9,9.07
2023-09-27,7.83,8.04,7.78,7.89,490273.0,8.48725,8.460896729993767,-0.5318972362450172,23.076922905529557,-0.4200000000000008,9.7573907920301,7.217109207969901,0.32571428571428535,594723.35,-7403257.0,7.8,7.77,8.31
2023-09-28,7.87,8.055,7.8101,8.0,606027.0,8.409749999999999,8.417001803327693,-0.5007104153579416,26.767676578410416,-0.2699999999999996,9.59303923812081,7.226460761879188,0.32034999999999975,596043.1,-6797230.0,7.89,7.81,8.27
2023-09-29,8.0,8.07,7.85,7.99,493861.0,8.33925,8.376334964915532,-0.4713469827711787,21.925133525694278,-0.11999999999999922,9.439203467915277,7.2392965320847225,0.31820714285714263,596154.95,-7291091.0,8.0,7.89,8.11
2023-10-02,7.97,7.97,7.67,7.78,501952.0,8.26725,8.3195411587331,-0.4594709520374529,18.536585239262394,-0.0699999999999994,9.311570353148351,7.222929646851649,0.3207071428571426,598206.7,-7793043.0,7.99,7.9,7.85
2023-10-03,7.7,7.76,7.6,7.6,438460.0,8.19225,8.251013429329948,-0.45908627533587865,25.85033988986075,-0.3000000000000007,9.199552155055196,7.184947844944802,0.2699928571428569,585073.0,-8231503.0,7.78,7.8,7.9
2023-10-04,7.6,7.635,7.45,7.55,474721.0,8.117750000000001,8.184250245584238,-0.45748152720616897,25.675675432797732,-0.21999999999999975,9.080468054588922,7.15503194541108,0.2474928571428569,580131.5,-8706224.0,7.6,7.89,7.77
2023-10-05,7.54,7.64,7.19,7.33,1176598.0,8.039,8.10289307933812,-0.46834836019730375,24.675324451003604,-0.47999999999999954,8.988146985455833,7.0898530145441665,0.26284999999999975,619937.85,-9882822.0,7.55,8.0,7.81
2023-10-06,7.28,7.36,7.04,7.2,1241897.0,7.953,8.0169032622583,-0.4817738366612021,26.95035434233698,-0.6899999999999995,8.87740820329316,7.028591796706841,0.26927857142857115,646929.35,-11124719.0,7.33,7.99,7.89
2023-10-09,7.11,7.51,7.02,7.45,750993.0,7.8735,7.962912475376557,-0.4670464317773657,36.024844407237396,-0.4500000000000002,8.668756330737985,7.078243669262014,0.28927857142857116,645613.05,-10373726.0,7.2,7.78,7.9
2023-10-10,7.44,7.68,7.415,7.44,514579.0,7.792,7.9131112872454565,-0.45096948064390396,38.926174130895035,-0.35999999999999943,8.377350996816082,7.206649003183918,0.2860642857142854,644206.15,-10888305.0,7.45,7.6,7.8
2023-10-11,7.45,7.57,6.96,7.1,727935.0,7.7315,7.835672117031604,-0.46012088190480505,30.16759752941546,-0.79,8.341047718437636,7.121952281562363,0.3064214285714283,641002.2,-11616240.0,7.44,7.55,7.89
2023-10-12,7.14,7.21,6.805,6.9,697088.0,7.662999999999999,7.746560486838118,-0.47786870391918246,24.083769456977635,-1.0999999999999996,8.323529293346114,7.0024707066538845,0.3132071428571427,641565.1,-12313328.0,7.1,7.33,8.0
2023-10-13,6.8,6.87,6.5,6.805,1927858.0,7.5977500000000004,7.656888059520202,-0.49384323858037327,22.55639081915315,-1.1850000000000005,8.32664588455843,6.868854115441572,0.32677857142857125,694713.75,-14241186.0,6.9,7.2,7.99
2023-10-16,6.84,7.21,6.72,6.8,4555155.0,7.5452499999999985,7.57527967289923,-0.5011199514826261,23.68421035180056,-0.9800000000000004,8.345417581131999,6.745082418867998,0.34070714285714276,868856.6,-18796341.0,6.805,7.45,7.78
2023-10-17,6.72,7.15,6.62,6.97,3573199.0,7.498750000000001,7.51763398976597,-0.4876275409764883,26.767676578410374,-0.6299999999999999,8.31992935088243,6.6775706491175715,0.35999285714285717,1013546.5,-15223142.0,6.8,7.44,7.6
2023-10-18,6.93,7.255,6.91,7.08,1425936.0,7.46425,7.4759545621692105,-0.46277105189672074,26.767676578410374,-0.46999999999999975,8.295363868948048,6.633136131051951,0.36714285714285716,1067445.9,-13797206.0,6.97,7.1,7.55
2023-10-19,7.14,7.74,7.12,7.58,2607095.0,7.45275,7.4858636514864285,-0.39834729720904516,41.700404621941026,0.25,8.26996912928116,6.635530870718839,0.39571428571428574,1173642.8,-11190111.0,7.08,6.9,7.33
2023-10-20,7.61,7.61,6.495,6.55,1898622.0,7.38575,7.396733779916293,-0.42509087900377907,31.306990748237737,-0.6500000000000004,8.269076696433137,6.502423303566863,0.45392857142857146,1240356.1,-13088733.0,7.58,6.805,7.2
2023-10-23,6.45,6.63,6.305,6.32,754990.0,7.306749999999999,7.29418770563855,-0.45945794288291264,30.838323224030987,-1.13,8.274961998316542,6.338538001683457,0.46571428571428575,1261417.15,-13843723.0,6.55,6.8,7.45
2023-10-24,6.33,6.575,6.32,6.47,902114.0,7.2402500000000005,7.215693638434879,-0.4692276430898783,34.30232544179286,-0.9700000000000006,8.247719341312237,6.232780658687763,0.47071428571428575,1287967.65,-12941609.0,6.32,6.97,7.44
2023-10-25,6.45,6.45,6.13,6.15,774289.0,7.15325,7.114199006202986,-0.4969574337140239,33.33333320150659,-0.9499999999999993,8.223057041135485,6.083442958864515,0.4614285714285716,1302168.45,-13715898.0,6.47,7.08,7.1
2023-10-26,6.2,6.29,6.08,6.11,480044.0,7.058750000000001,7.018561005612225,-0.5161945855910739,34.20289841193026,-0.79,8.147360292263011,5.97013970773699,0.4535714285714287,1295869.3,-14195942.0,6.15,7.58,6.9
2023-10-27,6.12,6.32,5.91,5.94,478046.0,6.95625,6.915840909839632,-0.5388954787801303,27.596439054495505,-0.8649999999999993,8.061580981628252,5.850919018371748,0.44785714285714295,1295078.55,-14673988.0,6.11,6.55,6.805
2023-10-30,6.02,6.05,5.825,5.96,655295.0,6.8652500000000005,6.824808442235858,-0.5489455261263583,28.10650875932214,-0.8399999999999999,7.984617655137636,5.745882344862365,0.4450000000000001,1302745.7,-14018693.0,5.94,6.32,6.8
2023-10-31,5.95,5.99,5.73,5.76,499983.0,6.77325,6.723398114403871,-0.5664687417048828,29.320987527625363,-1.21,7.939811636876289,5.606688363123711,0.42000000000000004,1305821.85,-14518676.0,5.96,6.47,6.97
2023-11-01,5.72,5.8,5.53,5.7,623414.0,6.680750000000001,6.6259316273177875,-0.578512496011987,30.64516115192508,-1.38,7.880882777741879,5.480617222258123,0.41035714285714286,1313256.5,-15142090.0,5.76,6.15,7.08
2023-11-02,5.82,6.08,5.8,6.06,1002221.0,6.61725,6.572033377097045,-0.5527060743171779,38.93016328528312,-1.5200000000000005,7.807090657177925,5.4274093428220755,0.40392857142857147,1304537.65,-14139869.0,5.7,6.11,7.58
2023-11-03,6.67,7.8576,6.67,7.27,2035827.0,6.620749999999999,6.638506388802089,-0.4298844365389183,55.14223177855772,0.7199999999999998,7.818195856374006,5.423304143625993,0.45375714285714286,1344234.15,-12104042.0,6.06,5.94,6.55
2023-11-06,7.37,7.91,7.37,7.49,1201948.0,6.622750000000001,6.7196010184399855,-0.31124616550767836,55.627705459136834,1.17,7.8261463996691845,5.419353600330817,0.4544714285714285,1366781.9,-10902094.0,7.27,5.96,6.32
2023-11-07,7.42,7.67,7.3207,7.38,830428.0,6.619750000000001,6.78249615954094,-0.22350792701887467,53.246753085399455,0.9100000000000001,7.814838523477353,5.424661476522648,0.45477857142857137,1382574.35,-11732522.0,7.49,5.76,6.47
2023-11-08,7.34,7.45,6.98,7.45,802138.0,6.63725,6.846067953870374,-0.14664707562674018,48.44868718895427,1.2999999999999998,7.871555579327017,5.402944420672982,0.44406428571428563,1386284.5,-10930384.0,7.38,5.7,6.15
2023-11-09,7.49,7.52,6.91,6.93,920618.0,6.63875,6.854061482073196,-0.12616962171236157,55.16304326840146,0.8199999999999994,7.874472141310993,5.403027858689007,0.407992857142857,1397461.0,-11851002.0,7.45,6.06,6.11
2023-11-10,6.94,7.18,6.8,7.18,483942.0,6.657500000000001,6.885103245685273,-0.08877631205232905,61.62162138845873,1.2399999999999993,7.91503099783911,5.3999690021608915,0.41192142857142844,1325265.2,-11367060.0,6.93,7.27,5.94
2023-11-13,7.1,7.59,7.1,7.52,634715.0,6.6935,6.945569603239057,-0.03138491907610419,63.49614373034807,1.5599999999999996,8.00813463004982,5.378865369950181,0.42870714285714273,1129243.2,-10732345.0,7.18,7.49,5.96
2023-11-14,7.83,8.29,7.83,8.29,756754.0,6.7595,7.073610593406766,0.0752790103249179,74.65437763936374,2.5299999999999994,8.252959072087316,5.266040927912684,0.43870714285714263,988420.95,-9975591.0,7.52,7.38,5.76
2023-11-15,8.25,8.5,8.16,8.38,817882.0,6.824499999999999,7.198028632129931,0.16515878503386716,75.85421388110274,2.6800000000000006,8.48095753913201,5.168042460867988,0.4479928571428569,958018.25,-9157709.0,8.29,7.45,5.7
2023-11-16,8.23,8.25,7.94,7.98,620561.0,6.844500000000001,7.272502095736605,0.2018216651742062,72.07792185950413,1.9200000000000008,8.548346731431685,5.140653268568316,0.44084999999999974,858691.55,-9778270.0,8.38,6.93,6.06
2023-11-17,8.09,8.2,7.95,8.14,451567.0,6.9239999999999995,7.3551209437616905,0.24099534498780084,72.89915944945625,0.870000000000001,8.716080825244898,5.131919174755101,0.44263571428571397,786338.8,-9326703.0,7.98,7.18,7.27
2023-11-20,8.11,8.41,8.11,8.25,386151.0,7.0205,7.4403475205462914,0.2777060431672611,76.65952867810847,0.7599999999999998,8.882140193626638,5.158859806373362,0.4454928571428569,767896.85,-8940552.0,8.14,7.52,7.49
2023-11-21,8.18,8.21,7.9,7.92,339826.0,7.093000000000001,7.4860287090656925,0.27700164637128477,72.46963542215082,0.54,8.977173419217063,5.2088265807829375,0.44834999999999986,739782.45,-9280378.0,8.25,8.29,7.38
2023-11-22,8.05,8.39,7.9,8.04,319956.0,7.1875,7.538787879630864,0.2828571972676306,71.06382957555454,0.589999999999999,9.062093289223,5.312906710777,0.4633499999999998,717065.8,-8960422.0,7.92,8.38,7.45
2023-11-24,8.02,8.21,7.92,8.19,182172.0,7.291500000000001,7.600808081570782,0.29617743954280584,62.637362396449696,1.2599999999999998,9.145068677471967,5.437931322528035,0.3992357142857142,702172.2,-8778250.0,8.04,7.98,6.93
2023-11-27,8.12,8.285,7.96,7.99,548678.0,7.394000000000001,7.63787397856404,0.2872949195157828,56.906077127987544,0.8100000000000005,9.15742250960124,5.630577490398762,0.38387857142857135,705703.8,-9326928.0,8.19,8.14,7.18
2023-11-28,7.85,8.285,7.74,8.1,368000.0,7.501,7.681885980605561,0.2858304176576629,59.94475114938494,0.5800000000000001,9.154320741321573,5.8476792586784265,0.3978571428571428,691339.05,-8958928.0,7.99,8.25,7.52
2023-11-29,8.25,8.435,8.07,8.1,383060.0,7.617999999999999,7.721706363405031,0.2814253701076552,59.15492934417774,-0.1899999999999995,9.071700903139769,6.16429909686023,0.39035714285714285,685492.9,-8958928.0,8.1,7.92,8.29
2023-11-30,8.18,8.47,7.92,8.25,781609.0,7.7455,7.772020043080742,0.28672566005668987,70.75471666963332,-0.13000000000000078,8.909295514684564,6.581704485315437,0.3860714285714287,693402.65,-8177319.0,8.1,8.04,8.38
2023-12-01,8.14,8.56,8.07,8.52,398567.0,7.8685,7.8432562294540045,0.3091374742083568,70.93749968964845,0.5399999999999991,8.77344024228408,6.963559757715919,0.3939285714285715,663219.95,-7778752.0,8.25,8.19,7.98
2023-12-04,8.51,8.81,8.32,8.8,602926.0,7.945,7.934374683791718,0.34549844093089277,70.38216529128972,0.6600000000000001,8.894492939470942,6.995507060529058,0.3939285714285715,591574.9,-7175826.0,8.52,7.99,8.14
2023-12-05,8.7,8.76,8.29,8.47,982476.0,7.994,7.985386618668698,0.34373582959250726,53.33333305679015,0.22000000000000064,8.9457717550359,7.042228244964099,0.39464285714285735,580601.3,-8158302.0,8.8,8.1,8.25
2023-12-06,8.39,8.785,8.39,8.5,463041.0,8.05,8.034397416890727,0.3408295394295191,52.272726995523406,0.5800000000000001,8.981235738145775,7.118764261854225,0.39857142857142874,562231.95,-7695261.0,8.47,8.1,7.92
2023-12-07,8.52,8.59,8.39,8.46,463239.0,8.1005,8.074930996234468,0.33147856296392675,60.526315417820896,0.4200000000000017,9.003861558437743,7.197138441562259,0.3907142857142859,545287.0,-8158500.0,8.5,8.25,8.04
2023-12-08,8.44,8.71,8.36,8.6,365876.0,8.184000000000001,8.124937568021661,0.3315386266825069,60.176990777664656,0.41000000000000014,8.92615617593172,7.441843824068283,0.3978571428571432,517549.9,-7792624.0,8.46,8.52,8.19
2023-12-11,8.58,8.64,8.4,8.56,377501.0,8.253,8.166372085352931,0.3246174471503469,57.07762520589649,0.5700000000000003,8.843168575381922,7.662831424618078,0.39357142857142885,512227.85,-8170125.0,8.6,8.8,7.99
2023-12-12,8.55,8.62,8.38,8.5,391210.0,8.302,8.198146172462176,0.31071052210174877,65.10416619194882,0.40000000000000036,8.789770437808508,7.81422956219149,0.38857142857142873,500052.6,-8561335.0,8.56,8.47,8.1
2023-12-13,8.5,8.87,8.345,8.85,564519.0,8.33,8.26022748937054,0.3241860032206265,68.83720885408333,0.75,8.875720190496645,7.784279809503356,0.3910714285714286,490440.85,-7996816.0,8.5,8.5,8.1
2023-12-14,9.01,9.38,8.87,9.03,734386.0,8.3625,8.333539157049536,0.34540424650814217,69.26605460104372,0.7799999999999994,8.99178112703466,7.733218872965343,0.40678571428571436,486266.05,-7262430.0,8.85,8.46,8.25
2023-12-15,9.19,9.19,8.79,8.82,941605.0,8.404499999999999,8.379868761140056,0.3413437741865071,68.94977124872295,0.3000000000000007,9.038401038266771,7.770598961733225,0.41214285714285726,502318.25,-8204035.0,9.03,8.6,8.52
2023-12-18,8.91,9.225,8.66,9.07,591423.0,8.451,8.445595545793385,0.35421087108502114,70.81545021827631,0.2699999999999996,9.137467693876955,7.764532306123045,0.41357142857142865,509311.05,-7612612.0,8.82,8.56,8.8
2023-12-19,9.23,9.83,9.23,9.52,810232.0,8.5145,8.547919779527348,0.3961450268625093,75.53956796490868,1.049999999999999,9.342953854764154,7.686046145235846,0.4303571428571429,530515.1,-6802380.0,9.07,8.5,8.47
2023-12-20,9.45,9.66,8.81,9.5,909890.0,8.593499999999999,8.63859408623903,0.4228895919783948,73.58490527162695,1.0,9.48238516812081,7.704614831879187,0.45178571428571423,559018.3,-7712270.0,9.52,8.85,8.5
2023-12-21,9.64,9.76,9.505,9.59,554937.0,8.671,8.729204173263884,0.44620205212819464,71.65991862217055,1.129999999999999,9.624616937327454,7.717383062672545,0.4349999999999999,570767.35,-7157333.0,9.5,9.03,8.46
2023-12-22,9.61,9.88,9.61,9.79,381134.0,8.751,8.830232347238752,0.47533343888258806,70.71129665692129,1.1899999999999995,9.798541482660536,7.703458517339463,0.4192857142857142,580715.45,-6776199.0,9.59,8.82,8.6
2023-12-26,9.93,10.2,9.77,10.13,431087.0,8.858,8.954019742739824,0.5198583834241042,84.58333283993063,1.5700000000000003,10.010198813253623,7.705801186746378,0.4164285714285713,574835.9,-6345112.0,9.79,9.07,8.56
2023-12-27,10.19,10.29,9.93,10.13,410079.0,8.9595,9.066017862478889,0.5488180830506053,84.38818515551291,1.6300000000000008,10.18581626383542,7.733183736164579,0.4139285714285713,576939.85,-6345112.0,10.13,9.52,8.5
2023-12-28,10.03,10.21,10.03,10.21,468146.0,9.065000000000001,9.174968542242805,0.5716337113710512,86.30705344053999,1.3600000000000012,10.341978341323934,7.788021658676069,0.41250000000000003,581194.15,-5876966.0,10.13,9.5,8.85
2023-12-29,10.21,10.39,9.91,9.94,385588.0,9.1495,9.247828681076824,0.5614588923280976,76.37795233492469,0.9100000000000001,10.423060694315414,7.875939305684586,0.42178571428571426,561393.1,-6262554.0,10.21,9.59,9.03
2024-01-02,9.82,10.48,9.7008,10.15,635336.0,9.231,9.333749759069507,0.5638388944074766,79.33579294808077,1.33,10.542983632760512,7.919016367239487,0.46030000000000004,573231.55,-5627218.0,9.94,9.79,8.82
2024-01-03,9.92,9.96,9.615,9.68,789328.0,9.275,9.366725972491459,0.5217890241126337,68.91025610104371,0.6099999999999994,10.58514663703198,7.96485336296802,0.46780000000000016,582551.65,-6416546.0,10.15,10.13,9.07
2024-01-04,9.7,9.7,8.635,8.83,1304104.0,9.293000000000001,9.315609213206558,0.4150979674227582,49.72375671377553,-0.6899999999999995,10.565942715873197,8.020057284126805,0.5063714285714288,598633.05,-7720650.0,9.68,10.13,9.52
2024-01-05,8.23,9.055,8.23,9.0,1208206.0,9.318000000000001,9.285551192901172,0.3403377012647919,49.58448734233163,-0.5,10.544146724284488,8.091853275715515,0.5288714285714287,635891.3,-6512444.0,8.83,10.21,9.5
2024-01-08,9.05,9.58,8.89,9.44,875740.0,9.367,9.30026060310106,0.3129831334856643,58.07291645494248,-0.15000000000000036,10.525221867664712,8.20877813233529,0.5495857142857143,656516.35,-5636704.0,9.0,9.94,9.59
2024-01-09,9.24,9.555,9.03,9.36,590506.0,9.405,9.305950069472388,0.28160343843513047,53.950953472666654,-0.4299999999999997,10.505707906184348,8.30429209381565,0.5467285714285716,667747.85,-6227210.0,9.44,10.15,9.79
2024-01-10,9.34,9.38,9.02,9.08,466897.0,9.431000000000001,9.284431015236922,0.23147446030488794,43.71428553942858,-1.0500000000000007,10.470532283491448,8.391467716508554,0.5295857142857144,672217.65,-6694107.0,9.36,9.68,10.13
2024-01-11,9.08,9.58,8.78,9.4,842726.0,9.476,9.295437585214358,0.21508710593734648,48.68421034695291,-0.7300000000000004,10.419306614214563,8.53269338578544,0.526014285714286,694793.45,-5851381.0,9.08,8.83,10.13
2024-01-12,9.53,9.64,9.325,9.41,525825.0,9.504000000000001,9.30634829138442,0.20059453284707374,47.58064498222338,-0.8000000000000007,10.40118624482023,8.606813755179772,0.5303000000000004,692858.75,-5325556.0,9.4,9.0,10.21
2024-01-16,9.38,9.41,9.11,9.19,736890.0,9.512,9.29526750172876,0.16940510648513474,41.978609468529285,-0.75,10.39411707064067,8.629882929359331,0.5324428571428576,692983.95,-6062446.0,9.41,9.44,9.94
2024-01-17,7.76,8.75,7.75,8.585,2069382.0,9.500250000000001,9.227622977754594,0.09477884612528875,30.711610379534946,-1.5649999999999995,10.42634238484238,8.574157615157622,0.5731571428571433,749372.8,-8131828.0,9.19,9.36,10.15
2024-01-18,8.73,8.75,8.15,8.25,1006950.0,9.45925,9.134516027492252,0.00850856711981507,28.341013733462162,-1.4299999999999997,10.527274615328345,8.391225384671657,0.5903000000000004,770149.15,-9138778.0,8.585,9.08,9.68
2024-01-19,8.37,8.8,8.16,8.7,545582.0,9.41825,9.093133548683465,-0.023283222315116703,33.97027590751932,-0.13000000000000078,10.538152603847832,8.298347396152169,0.6231571428571432,756916.65,-8593196.0,8.25,9.4,8.83
2024-01-22,8.96,9.34,8.96,9.29,626940.0,9.40775,9.111882734523135,-0.0008624155058001293,43.53876727444478,0.28999999999999915,10.528362966662675,8.287137033337325,0.616014285714286,742769.15,-7966256.0,8.7,9.41,9.0
2024-01-23,9.46,9.46,9.12,9.24,378929.0,9.39025,9.124084378854265,0.01272511387528219,40.65708407203301,-0.1999999999999993,10.509810416554497,8.270689583445503,0.5846428571428575,733968.75,-8345185.0,9.29,9.19,9.44
2024-01-24,9.43,9.47,9.19,9.26,388382.0,9.36375,9.137028723725287,0.024820976929190053,45.248868634958335,-0.09999999999999964,10.468461798567676,8.259038201432324,0.5800000000000003,734331.15,-7956803.0,9.24,8.585,9.36
2024-01-25,9.41,9.55,9.19,9.21,338773.0,9.31775,9.143978369084783,0.030026455762191873,55.24861857086171,0.13000000000000078,10.36314327779695,8.27235672220305,0.5296428571428576,729715.45,-8295576.0,9.26,8.25,9.08
2024-01-26,9.24,9.255,8.98,9.12,479613.0,9.26725,9.141694714886231,0.02658337137522082,51.69491504979411,-0.28000000000000114,10.242671501333168,8.291828498666833,0.4903571428571434,733192.15,-8775189.0,9.21,8.7,9.4
2024-01-29,9.13,9.37,8.61,9.36,443719.0,9.224749999999998,9.162485694420877,0.04272760586229296,48.802395005019896,-0.05000000000000071,10.095693076271438,8.353806923728559,0.4953571428571434,731970.8,-8331470.0,9.12,9.29,9.41
2024-01-30,9.36,9.36,8.93,9.03,495250.0,9.17925,9.149868009237936,0.028565201474028967,45.4038995443859,-0.16000000000000014,9.985542848718524,8.372957151281476,0.48857142857142905,737453.9,-8826720.0,9.36,9.24,9.19
2024-01-31,9.01,9.01,8.5,8.5,430288.0,9.09675,9.087975817881942,-0.025134393904641783,42.44791651190864,-0.08500000000000085,9.817993626260192,8.375506373739809,0.49928571428571467,727201.5,-9257008.0,9.03,9.26,8.585
2024-02-01,8.59,8.765,8.54,8.59,471992.0,9.04225,9.040549549512233,-0.059740956668719036,38.78116328450517,0.33999999999999986,9.742343790709054,8.342156209290945,0.4582142857142862,711334.7,-8785016.0,8.5,9.21,8.25
2024-02-02,8.44,8.77,8.3,8.61,1105996.0,9.03125,8.999544830511068,-0.08457813405448533,38.950276092457486,-0.08999999999999986,9.751994315566176,8.310505684433824,0.4692857142857146,701429.3,-7679020.0,8.59,9.12,8.7
2024-02-05,8.56,8.56,8.26,8.3,424555.0,8.99625,8.932921513319538,-0.12780246391326777,38.00539069216294,-0.9899999999999984,9.787883055611465,8.204616944388535,0.4692857142857146,662246.75,-8103575.0,8.61,9.36,9.29
2024-02-06,8.37,8.9,8.37,8.71,508384.0,8.95975,8.911690893003392,-0.1275052647974828,51.77809367712851,-0.5299999999999994,9.732322428898833,8.187177571101167,0.43571428571428605,643878.95,-7595191.0,8.3,9.03,9.24
2024-02-07,8.76,8.76,8.34,8.58,652282.0,8.920750000000002,8.880101284145926,-0.13618955875141303,54.984894027254235,-0.6799999999999997,9.686972964664239,8.154527035335764,0.4228571428571432,646967.75,-8247473.0,8.71,8.5,9.26
2024-02-08,8.68,9.17,8.535,9.06,675068.0,8.91975,8.897234495179648,-0.10315146206396619,55.38922132471586,-0.15000000000000036,9.685149620425353,8.154350379574648,0.4225000000000003,657376.3,-7572405.0,8.58,8.59,9.21
2024-02-09,9.13,9.34,9.0,9.34,521096.0,8.916749999999999,8.939402638495872,-0.05375553690177348,50.825082273415475,0.22000000000000064,9.674657611367193,8.158842388632804,0.41964285714285754,641294.8,-7051309.0,9.06,8.61,9.12
2024-02-12,9.36,9.74,9.36,9.62,517049.0,8.927249999999999,9.0042214348296,0.007893454575023995,55.82822061914259,0.2599999999999998,9.718993412715793,8.135506587284205,0.4225000000000003,640856.0,-6534260.0,9.34,8.3,9.36
2024-02-13,9.13,9.37,9.11,9.19,499289.0,8.927249999999999,9.021914631512495,0.021802410397874894,49.04632133878788,0.16000000000000014,9.718993412715793,8.135506587284205,0.4210714285714288,628975.95,-7033549.0,9.62,8.71,9.03
2024-02-14,9.38,9.73,9.16,9.61,530801.0,8.9785,9.077922761844638,0.06595517151116326,54.950494859082426,1.1099999999999994,9.80872571439459,8.14827428560541,0.4360714285714287,552046.9,-6502748.0,9.19,8.58,8.5
2024-02-15,9.78,10.3,9.73,10.26,766090.0,9.078999999999999,9.190501546430863,0.151647466222391,62.39130415793952,1.67,10.017484781022272,8.140515218977725,0.4571428571428573,540003.9,-5736658.0,9.61,9.06,8.59
2024-02-16,10.05,10.21,9.85,9.99,827024.0,9.1435,9.26664425629459,0.19551886427470322,56.803455551782214,1.3800000000000008,10.147351005929247,8.139648994070752,0.4285714285714288,554076.0,-6563682.0,10.26,9.34,8.61
2024-02-20,9.81,9.93,9.67,9.72,408171.0,9.165000000000001,9.309820993790344,0.20612463203797837,57.54923395936779,1.42,10.199998093056928,8.130001906943074,0.4164285714285717,543137.55,-6971853.0,9.99,9.62,8.3
2024-02-21,9.58,9.58,9.135,9.22,396147.0,9.164,9.301266613429359,0.1721992840015485,57.929515239864934,0.5099999999999998,10.198731594996552,8.129268405003447,0.4117857142857146,543998.45,-7368000.0,9.72,9.19,8.71
2024-02-22,9.35,9.4,9.13,9.25,417075.0,9.1635,9.29638407881704,0.1460503544994598,57.366071249302465,0.6699999999999999,10.198045921241679,8.128954078758323,0.41500000000000015,545433.1,-6950925.0,9.22,9.61,8.58
2024-02-23,9.24,9.32,9.07,9.16,375677.0,9.161,9.283395118929702,0.11671947405261207,56.04395587151312,0.09999999999999964,10.19531441824494,8.126685581755059,0.3992857142857145,547278.3,-7326602.0,9.25,10.26,9.06
2024-02-26,9.1,9.25,8.9,9.15,473715.0,9.1625,9.270690821888778,0.09161158808594827,59.999999802352946,-0.1899999999999995,10.1966510629751,8.1283489370249,0.402857142857143,546983.4,-7800317.0,9.16,9.99,9.34
2024-02-27,9.31,9.6,9.23,9.31,554746.0,9.16,9.274434553137466,0.08365961586573434,57.499999798750004,-0.3099999999999987,10.192380998621966,8.127619001378035,0.39142857142857146,552534.75,-7245571.0,9.15,9.72,9.62
2024-02-28,9.17,9.35,9.045,9.2,478467.0,9.1685,9.267345548076754,0.0677011728373742,57.788944520340394,0.009999999999999787,10.19917223847244,8.137827761527559,0.38321428571428573,551695.6,-7724038.0,9.31,9.22,9.19
2024-02-29,9.98,10.62,9.14,9.52,1262328.0,9.2195,9.291407876831348,0.07995352751178686,56.02094220306461,-0.08999999999999986,10.211095736811657,8.227904263188343,0.4435714285714285,593297.6,-6461710.0,9.2,9.25,9.61
2024-03-01,9.57,9.63,8.7,8.97,740931.0,9.2385,9.260797602847411,0.04476736751542809,45.47677246047071,-1.2899999999999991,10.193184296122572,8.283815703877428,0.48571428571428577,606744.55,-7202641.0,9.52,9.16,10.26
2024-03-04,9.01,9.11,8.83,8.92,591125.0,9.254,9.228340688290515,0.012701109028570912,40.93264233858628,-1.0700000000000003,10.175198304269697,8.332801695730302,0.47857142857142854,581001.0,-7793766.0,8.97,9.15,9.99
2024-03-05,8.82,8.82,8.32,8.35,423763.0,9.256499999999999,9.14468919416761,-0.05803666459012291,39.499999861750005,-1.370000000000001,10.16700651028043,8.345993489719568,0.49571428571428566,580961.4,-8217529.0,8.92,9.31,9.72
2024-03-06,8.45,8.45,8.08,8.14,431884.0,9.228,9.049004509008789,-0.12954867958729466,30.60686004525172,-1.08,10.240502891483798,8.215497108516201,0.4814285714285713,577136.4,-8649413.0,8.35,9.2,9.22
2024-03-07,8.21,8.49,8.21,8.38,255314.0,9.218,8.985289793865094,-0.16495503914547172,22.189349020517497,-0.8699999999999992,10.260943203782297,8.175056796217703,0.4607142857142855,557288.0,-8394099.0,8.14,9.52,9.25
2024-03-08,8.44,8.7143,8.44,8.48,266119.0,9.189,8.937166956354133,-0.18283805114456442,26.47975066332819,-0.6799999999999997,10.28151809571905,8.09648190428095,0.4545928571428569,536840.55,-8127980.0,8.38,8.97,9.16
2024-03-11,8.43,8.705,8.28,8.37,327161.0,9.1405,8.883151055748977,-0.20354023375231556,27.868852331093777,-0.7800000000000011,10.289457880222862,7.991542119777137,0.46637857142857125,527143.8,-8455141.0,8.48,8.92,9.15
2024-03-12,8.4,8.41,8.15,8.22,255191.0,9.0705,8.819993812344313,-0.22940612200951804,31.481481318244164,-1.0899999999999999,10.266096745958798,7.8749032540412,0.4531642857142855,514050.9,-8710332.0,8.37,8.35,9.31
2024-03-13,8.22,8.36,8.14,8.185,298296.0,9.02025,8.759518211168665,-0.24984911793902498,30.314232745138924,-1.0149999999999988,10.277584168201207,7.762915831798795,0.44959285714285685,504001.25,-9008628.0,8.22,8.14,9.2
2024-03-14,7.96,8.19,7.96,8.09,411565.0,8.94425,8.695754572009744,-0.27059675430264285,30.258302426709875,-1.4299999999999997,10.234803838677884,7.653696161322116,0.4481642857142854,498039.45,-9420193.0,8.185,8.38,9.52
2024-03-15,8.06,8.22,7.81,7.89,641700.0,8.825750000000001,8.61901604134215,-0.2997226796722625,28.275861932461353,-1.080000000000001,10.040628269838683,7.610871730161319,0.4524499999999998,491819.95,-10061893.0,8.09,8.48,8.97
2024-03-18,7.92,8.1,7.81,8.05,403735.0,8.72875,8.564824037404803,-0.3063629858693222,28.275861932461382,-0.8699999999999992,9.859077735426146,7.598422264573854,0.4467357142857141,470655.5,-9658158.0,7.89,8.37,8.92
2024-03-19,7.96,8.07,7.82,7.85,570814.0,8.635250000000001,8.496745557651964,-0.32402857280762376,27.424749035469432,-0.5,9.72911555028723,7.541384449712773,0.44280714285714273,478787.65,-10228972.0,8.05,8.22,8.35
2024-03-20,7.86,8.11,7.75,8.02,389220.0,8.57525,8.451341218827968,-0.32061526835233245,23.591549179478307,-0.120000000000001,9.66570367188443,7.484796328115571,0.3628071428571428,478441.3,-9839752.0,7.85,8.185,8.14
2024-03-21,8.09,8.17,7.87,7.91,343295.0,8.50825,8.399784912272924,-0.32306220503746985,27.916666503819442,-0.47000000000000064,9.588762914265562,7.427737085734439,0.3178071428571427,474752.3,-10183047.0,8.02,8.09,8.38
2024-03-22,7.82,7.86,7.6,7.61,275167.0,8.43075,8.324567301580265,-0.34522928639258765,25.283018734353874,-0.8700000000000001,9.536487548569148,7.325012451430851,0.31637857142857134,469726.8,-10458214.0,7.91,7.89,8.48
2024-03-25,7.66,7.96,7.66,7.86,493724.0,8.366249999999999,8.280322796667859,-0.3387194280731478,39.48497830352375,-0.5099999999999989,9.445513272110302,7.286986727889696,0.30209285714285705,470727.25,-9964490.0,7.61,8.05,8.37
2024-03-26,7.96,7.96,7.75,7.78,401151.0,8.28975,8.232673006509016,-0.33614081851873223,41.818181552066115,-0.4400000000000004,9.30218050443757,7.27731949556243,0.29066428571428565,463047.5,-10365641.0,7.86,7.85,8.22
2024-03-27,7.89,8.06,7.83,7.91,354076.0,8.225249999999999,8.201942243984348,-0.31991951729998114,38.755980601634576,-0.27500000000000036,9.154457217272608,7.296042782727391,0.28709285714285715,456827.95,-10011565.0,7.78,8.02,8.185
2024-03-28,7.88,8.15,7.88,8.07,622191.0,8.152750000000001,8.18937631598584,-0.290801195287834,40.465116015575994,-0.019999999999999574,8.855207902840508,7.450292097159493,0.2867857142857143,424821.1,-9389374.0,7.91,7.91,8.09
2024-04-01,8.18,8.35,7.89,8.0,582735.0,8.10425,8.17134047636814,-0.27025776090559717,41.23222721457292,0.11000000000000032,8.694033858714299,7.514466141285702,0.28928571428571426,416911.3,-9972109.0,8.07,7.61,7.89
2024-04-02,7.71,7.865,7.59,7.71,437354.0,8.04375,8.127403288142602,-0.2742164975394843,38.66666642607407,-0.34000000000000075,8.518156831849195,7.5693431681508025,0.29035714285714287,409222.75,-10409463.0,8.0,7.86,8.05
2024-04-03,7.63,8.05,7.6,8.02,592298.0,8.027249999999999,8.117174403557593,-0.2494637743913506,46.73267300821487,0.16999999999999993,8.479233639666575,7.575266360333423,0.3067857142857145,417649.5,-9817165.0,7.71,7.78,7.85
2024-04-04,8.14,8.33,7.96,8.01,576597.0,8.02075,8.10696731750449,-0.22802544317651474,48.36065546022574,-0.009999999999999787,8.4696348756406,7.5718651243594,0.3167857142857145,424885.15,-10393762.0,8.02,7.91,8.02
2024-04-05,7.94,8.09,7.87,7.92,277157.0,7.997750000000001,8.089160906313586,-0.21580993079974853,50.643776519736974,0.009999999999999787,8.415166553274183,7.580333446725819,0.3032142857142858,425977.3,-10670919.0,8.01,8.07,7.91
2024-04-08,7.98,8.02,7.785,7.8,363407.0,7.963749999999999,8.061621772378958,-0.2133526428188386,44.54148444385116,0.1899999999999995,8.322415288916579,7.605084711083419,0.2992857142857144,430841.7,-11034326.0,7.92,8.0,7.61
2024-04-09,7.83,7.98,7.8,7.86,424177.0,7.938250000000001,8.042419698819057,-0.20420972615999577,50.232557812439175,0.0,8.243903312379159,7.632596687620843,0.29428571428571443,435692.5,-10610149.0,7.8,7.71,7.86
2024-04-10,7.57,7.74,7.54,7.73,396734.0,7.91375,8.01266544178867,-0.20508965988450356,43.12796179915099,-0.04999999999999982,8.20239246687579,7.625107533124211,0.28285714285714303,442769.65,-11006883.0,7.86,8.02,7.78
2024-04-11,7.78,7.82,7.625,7.68,286235.0,7.8885000000000005,7.980983018761178,-0.20743046406806975,44.39024359928613,-0.23000000000000043,8.16534500698887,7.611654993011131,0.2753571428571431,442166.6,-11293118.0,7.73,8.01,7.91
2024-04-12,7.63,7.66,7.27,7.35,310499.0,7.8515,7.920889397926779,-0.2332253199000096,43.74999970552883,-0.7200000000000006,8.202754893204252,7.500245106795747,0.28464285714285736,437113.3,-11603617.0,7.68,7.92,8.07
2024-04-15,7.37,7.37,6.92,7.09,371405.0,7.8115,7.841757074314705,-0.27151785676060936,31.578947156887423,-0.9100000000000001,8.299774081789419,7.323225918210581,0.2953571428571431,423598.55,-11975022.0,7.35,7.8,8.0
2024-04-16,7.01,7.385,6.9804,7.31,2111656.0,7.774500000000001,7.79111354342759,-0.2808750613904696,39.46188316032897,-0.40000000000000036,8.297586990853274,7.251413009146728,0.30925714285714306,508994.6,-9863366.0,7.09,7.86,7.71
2024-04-17,7.29,7.31,7.07,7.19,478569.0,7.741499999999999,7.733864634529724,-0.2945779945694751,33.78378357073291,-0.8299999999999992,8.324388451908556,7.158611548091444,0.3099714285714287,504382.35,-10341935.0,7.31,7.73,8.02
2024-04-18,7.18,7.42,7.03,7.04,413092.0,7.6925,7.6677822883840365,-0.3139227038066883,26.696832410065312,-0.9699999999999998,8.338194240822629,7.046805759177371,0.3185428571428572,505575.95,-10755027.0,7.19,7.68,8.01
2024-04-19,6.99,7.08,6.97,7.06,532994.0,7.65,7.60989826091889,-0.32390590701616606,28.240740557698885,-0.8600000000000003,8.345398409092482,6.95460159090752,0.2935428571428572,515060.9,-10222033.0,7.04,7.35,7.92
2024-04-22,7.11,7.35,7.02,7.33,1083082.0,7.636,7.58324128368852,-0.3064978148781883,41.121495058083674,-0.46999999999999975,8.345911781027782,6.926088218972218,0.29747142857142866,555456.65,-9138951.0,7.06,7.09,7.8
2024-04-23,7.3,7.57,7.24,7.27,733074.0,7.606500000000001,7.55340878048009,-0.29415246686991825,30.158729935332175,-0.5900000000000007,8.326186335185383,6.88681366481462,0.2889,567424.15,-9872025.0,7.33,7.31,7.86
2024-04-24,7.24,7.2875,7.0,7.25,691373.0,7.580000000000001,7.524512706148652,-0.2827234618292831,29.999999778947384,-0.4800000000000004,8.311717518114556,6.848282481885446,0.28300714285714285,581935.25,-10563398.0,7.27,7.19,7.73
2024-04-25,7.1,7.14,6.66,6.73,384340.0,7.521000000000001,7.44884482937259,-0.312028663902975,24.46351916631363,-0.9499999999999993,8.327183993626072,6.71481600637393,0.30157857142857136,583448.45,-10947738.0,7.25,7.04,7.68
2024-04-26,6.77,6.99,6.735,6.99,437526.0,7.4670000000000005,7.405145321813296,-0.31069196190824755,33.60323867593307,-0.35999999999999943,8.262966145802128,6.671033854197874,0.30300714285714286,574215.2,-10510212.0,6.73,7.06,7.35
2024-04-29,7.01,7.28,7.01,7.15,294707.0,7.424499999999999,7.380845767354887,-0.2933405090942083,36.18677023088919,0.0600000000000005,8.190857756225022,6.658142243774976,0.30943571428571426,559813.8,-10215505.0,6.99,7.33,7.09
2024-04-30,7.04,7.07,6.92,6.94,294536.0,7.386000000000001,7.338860456178232,-0.29315528742581964,35.09433943723745,-0.3699999999999992,8.169148839789154,6.602851160210849,0.3058642857142857,552672.9,-10510041.0,7.15,7.27,7.31
2024-05-01,6.94,7.2,6.87,6.97,277142.0,7.333500000000001,7.303730888923162,-0.287276207699648,36.5019009463777,-0.22000000000000064,8.077494199185042,6.589505800814959,0.3155071428571428,536915.1,-10232899.0,6.94,7.25,7.19
2024-05-02,7.05,7.07,6.87,6.99,312479.0,7.282500000000001,7.273851756644765,-0.277800846772176,42.24137905543996,-0.04999999999999982,7.968844243840197,6.5961557561598045,0.30193571428571425,523709.2,-9920420.0,6.97,6.73,7.04
2024-05-03,7.17,7.2,6.97,7.03,288422.0,7.2379999999999995,7.250627779821454,-0.2640204265952466,48.57142824761906,-0.02999999999999936,7.862974946866245,6.613025053133754,0.2862214285714285,524272.45,-9631998.0,6.99,6.99,7.06
2024-05-06,7.1,7.36,7.025,7.34,389585.0,7.215000000000001,7.2591394198384585,-0.22548568029469784,50.68493118283606,0.009999999999999787,7.784265454682329,6.645734545317673,0.28125,525581.35,-9242413.0,7.03,7.15,7.33
2024-05-07,7.34,7.471,7.22,7.25,481782.0,7.1845,7.258268998901462,-0.19990448852683773,51.388888555812755,-0.019999999999999574,7.667014248494219,6.701985751505781,0.28203571428571433,528461.6,-9724195.0,7.34,6.94,7.27
2024-05-08,4.56,5.355,4.38,5.35,5269088.0,7.0655,7.07652909424418,-0.32915106219273493,28.388746701421354,-1.9000000000000004,7.970514684382144,6.160485315617856,0.3238214285714287,772079.3,-14993283.0,7.25,6.97,7.25
2024-05-09,5.33,5.44,5.03,5.17,3323524.0,6.94,6.894954894792353,-0.44102058589029625,26.781326689204278,-1.5600000000000005,8.135676421638859,5.744323578361143,0.3452500000000001,923943.75,-18316807.0,5.35,6.99,6.73
2024-05-10,5.2,5.3725,4.93,5.32,2905589.0,6.838500000000001,6.744959190526415,-0.5116759621478115,24.556961938279116,-1.67,8.218130385284388,5.458869614715613,0.35328571428571437,1053698.25,-15411218.0,5.17,7.03,6.99
2024-05-13,5.38,5.66,5.35,5.43,1002071.0,6.7555000000000005,6.619724981904851,-0.5524267452835963,26.99999990549999,-1.7200000000000006,8.265041233899245,5.245958766100755,0.351857142857143,1085231.55,-14409147.0,5.32,7.34,7.15
2024-05-14,5.5,5.7,5.43,5.45,937465.0,6.6625,6.508322602675818,-0.5764630939626176,27.499999903749995,-1.4900000000000002,8.255099662253661,5.069900337746337,0.35060714285714306,1026522.0,-13471682.0,5.43,7.25,6.94
2024-05-15,5.54,5.645,5.35,5.57,2015514.0,6.5815,6.418958545278121,-0.5791529622487843,33.88888875709877,-1.3999999999999995,8.225106752813668,4.937893247186332,0.3373928571428574,1103369.25,-11456168.0,5.45,5.35,6.97
2024-05-16,5.65,5.65,5.43,5.5,680871.0,6.5045,6.331438683823062,-0.5802444201875465,28.15249255303962,-1.4900000000000002,8.201103107760655,4.807896892239345,0.33489285714285744,1116758.2,-12137039.0,5.57,5.17,6.99
2024-05-17,5.53,5.54,5.435,5.5,690582.0,6.4265,6.252254047268484,-0.5744870789432959,24.615384509349113,-1.5300000000000002,8.158639231063551,4.694360768936448,0.32310714285714315,1124637.6,-12137039.0,5.5,5.32,7.03
2024-05-20,5.49,5.72,5.46,5.67,906576.0,6.343500000000001,6.196801280861962,-0.5498682275271616,30.218068404033332,-1.67,8.052279496723031,4.63472050327697,0.33096428571428593,1115812.3,-11230463.0,5.5,5.43,7.34
2024-05-21,5.64,5.82,5.62,5.65,916494.0,6.2625,6.144724968398918,-0.5259090904793124,29.37499987148439,-1.5999999999999996,7.93965140703075,4.58534859296925,0.32167857142857165,1124983.3,-12146957.0,5.67,5.45,7.25
2024-05-22,5.64,5.7991,5.62,5.66,967147.0,6.183,6.098560685694259,-0.5003467000272028,29.153604887727113,0.3100000000000005,7.8131385152640656,4.552861484735934,0.3201857142857145,1138772.0,-11179810.0,5.65,5.57,5.35
2024-05-23,5.68,5.68,5.51,5.59,620461.0,6.1259999999999994,6.050126334675758,-0.480201274678576,27.63975143262219,0.41999999999999993,7.75532856690949,4.496671433090509,0.3159000000000002,1150578.05,-11800271.0,5.66,5.5,5.17
2024-05-24,5.64,5.755,5.565,5.62,485404.0,6.0575,6.009161921849495,-0.4565522802668429,20.74829922092647,0.2999999999999998,7.648631672741124,4.466368327258876,0.3055428571428573,1152971.95,-11314867.0,5.59,5.5,5.32
2024-05-28,5.62,5.7,5.44,5.47,791457.0,5.9735,5.957813167387639,-0.44478680221495726,20.333333238444453,0.040000000000000036,7.497763756703533,4.4492362432964665,0.3061857142857144,1177809.45,-12106324.0,5.62,5.67,5.43
2024-05-29,5.39,5.435,5.15,5.3,1117947.0,5.8915,5.895164294303101,-0.44406129254030446,48.03149553351108,-0.15000000000000036,7.372684092471102,4.410315907528897,0.2569,1218980.0,-13224271.0,5.47,5.65,5.45
2024-05-30,5.34,5.435,5.21,5.3,1018115.0,5.808,5.838481980559949,-0.43843234569554834,55.96330203349886,-0.27000000000000046,7.219853578214031,4.396146421785969,0.24368571428571428,1256028.65,-13224271.0,5.3,5.66,5.57
2024-05-31,5.33,5.37,5.23,5.32,873683.0,5.7245,5.7891027443161445,-0.4274303805847932,49.99999927083334,-0.17999999999999972,7.035979277280742,4.413020722719258,0.2220785714285714,1284088.85,-12350588.0,5.3,5.59,5.5
2024-06-03,5.36,5.43,5.205,5.24,951779.0,5.635,5.736807244857464,-0.42032137199416564,39.78494563764602,-0.2599999999999998,6.808398124207941,4.461601875792058,0.2160071428571428,1317256.7,-13302367.0,5.32,5.62,5.5
2024-06-04,5.16,5.255,5.07,5.2,608365.0,5.5280000000000005,5.685682745347229,-0.41315253183709544,36.842104720221634,-0.46999999999999975,6.397763428210576,4.658236571789425,0.20993571428571414,1328195.7,-13910732.0,5.24,5.47,5.67
2024-06-05,5.25,5.415,5.17,5.37,730988.0,5.434,5.655617721980827,-0.38926637504543216,39.99999944000001,-0.28000000000000025,5.750653554668496,5.1173464453315045,0.20636428571428558,1340656.0,-13179744.0,5.2,5.3,5.65
2024-06-06,5.36,5.68,5.35,5.66,4171179.0,5.4495,5.656035081792177,-0.34298216309364005,56.55737640016126,0.0,5.778931727612684,5.120068272387315,0.2142214285714284,1285760.55,-9008565.0,5.37,5.3,5.66
2024-06-07,5.63,5.885,5.51,5.59,1795028.0,5.4705,5.649746026383398,-0.3083950206678123,53.4883715125293,0.0,5.777709854556824,5.1632901454431765,0.23350714285714266,1209335.75,-10803593.0,5.66,5.32,5.59
2024-06-10,5.55,5.89,5.525,5.85,876444.0,5.497,5.6688178333945025,-0.2570416187397795,56.52173855702583,0.22999999999999954,5.839012619034634,5.154987380965366,0.24100714285714261,1107878.5,-9927149.0,5.59,5.24,5.62
2024-06-11,5.79,6.03,5.775,5.95,979884.0,5.523000000000001,5.695597087356931,-0.2059010149149394,60.27397202477012,0.4800000000000004,5.9184531045455575,5.127546895454444,0.24493571428571403,1106769.15,-8947265.0,5.85,5.2,5.47
2024-06-12,6.04,6.265,5.93,6.0,961466.0,5.5505,5.724587840941985,-0.1594985360498571,61.33333276088888,0.7000000000000002,5.99768888038146,5.103311119618541,0.25607142857142834,1107969.2,-7985799.0,5.95,5.37,5.3
2024-06-13,6.01,6.08,5.665,5.74,675619.0,5.558999999999999,5.726055665614177,-0.14206641077995208,54.437869371520605,0.4400000000000004,6.014141389252293,5.1038586107477055,0.2735714285714283,1040974.45,-8661418.0,6.0,5.66,5.3
2024-06-14,5.67,5.71,5.41,5.62,909727.0,5.5649999999999995,5.715955126031874,-0.13636242174233182,49.999999606741575,0.2999999999999998,6.020030363359335,5.109969636640664,0.2814285714285712,1052417.25,-9571145.0,5.74,5.59,5.32
2024-06-17,5.61,5.66,5.485,5.57,514824.0,5.5685,5.702054637838362,-0.1343281006701842,52.97619003472224,0.33000000000000007,6.022500927427736,5.114499072572264,0.27535714285714263,1043629.35,-10085969.0,5.62,5.85,5.24
2024-06-18,5.54,5.57,5.46,5.54,581849.0,5.561999999999999,5.686620862806137,-0.1335966171617704,57.79220726682409,0.33999999999999986,6.013598331077032,5.110401668922967,0.26285714285714273,1027393.0,-10667818.0,5.57,5.95,5.2
2024-06-20,5.51,5.5599,5.4,5.44,396953.0,5.5515,5.663133161586505,-0.13947825683728698,54.268292219660935,0.07000000000000028,6.004247170062919,5.098752829937081,0.2582071428571427,1001415.95,-11064771.0,5.54,6.0,5.37
2024-06-21,5.45,5.51,5.33,5.48,792308.0,5.5425,5.645691908102076,-0.13930600013215688,54.819276646102495,-0.17999999999999972,5.993317970033633,5.091682029966368,0.2610642857142856,992674.0,-10272463.0,5.44,5.74,5.66
2024-06-24,5.46,5.55,5.36,5.36,350460.0,5.531000000000001,5.618483154949498,-0.14715615786462877,53.52941132387544,-0.22999999999999954,5.9884022760166875,5.073597723983314,0.2585642857142855,979173.95,-10622923.0,5.48,5.62,5.59
2024-06-25,5.36,5.36,5.12,5.15,505110.0,5.5075,5.573865711620974,-0.16838170965426436,48.663101239955395,-0.6999999999999993,5.993076163465938,5.021923836534063,0.26249285714285703,980159.25,-11128033.0,5.36,5.57,5.85
2024-06-26,5.21,5.39,5.09,5.3,618725.0,5.4990000000000006,5.547783262895167,-0.17112672374226712,48.10810774404674,-0.6500000000000004,5.993214954298851,5.0047850457011505,0.2664214285714284,971522.65,-10509308.0,5.15,5.54,5.95
2024-06-27,5.3,5.32,5.2,5.3,347598.0,5.4990000000000006,5.524184856905151,-0.1713272137082864,38.46153811637079,-0.7000000000000002,5.993214954298851,5.0047850457011505,0.2514214285714284,933005.2,-10509308.0,5.3,5.44,6.0
2024-06-28,5.36,5.47,5.2388,5.46,1988804.0,5.507000000000001,5.518072013390375,-0.15676831320800488,46.0606056697888,-0.28000000000000025,5.992759307953169,5.021240692046832,0.2411499999999998,981539.65,-8520504.0,5.3,5.48,5.74
2024-07-01,5.46,5.48,5.24,5.37,527704.0,5.5095,5.503969916877006,-0.15075472086775044,33.78378346420746,-0.25,5.9917087340124375,5.027291265987563,0.23222142857142844,964240.7,-9048208.0,5.46,5.36,5.62
2024-07-02,5.35,5.44,5.27,5.43,306481.0,5.519,5.4969251628887195,-0.13953888962871908,31.944444133873432,-0.14000000000000057,5.986103054108916,5.051896945891084,0.22614999999999993,931975.8,-8741727.0,5.37,5.15,5.57
2024-07-03,5.45,5.5,5.34,5.35,144979.0,5.5265,5.482932290232651,-0.13554313702099474,27.891156196954938,-0.1900000000000004,5.976542103293486,5.076457896706515,0.21364999999999995,908806.5,-8886706.0,5.43,5.3,5.54
2024-07-05,5.33,5.37,5.255,5.34,281081.0,5.525,5.469319691162875,-0.13166563127311193,33.60655699140014,-0.10000000000000053,5.977432024554063,5.072567975445938,0.19222142857142854,886311.15,-9167787.0,5.35,5.3,5.44
2024-07-08,5.39,5.48,5.31,5.36,247639.0,5.51,5.458908292004506,-0.12553179479782184,38.39285666294643,-0.1200000000000001,5.963477789161874,5.056522210838126,0.18293571428571434,690134.15,-8920148.0,5.34,5.46,5.48
2024-07-09,5.29,5.315,5.215,5.29,321685.0,5.494999999999999,5.442821788004077,-0.12487956624756702,37.71929778239457,-0.07000000000000028,5.957100467544933,5.032899532455065,0.17757857142857153,616467.0,-9241833.0,5.36,5.37,5.36
2024-07-10,5.34,5.4386,5.05,5.09,347937.0,5.457,5.4092197129560695,-0.1388998478840886,32.82442713012061,-0.0600000000000005,5.92117328887523,4.99282671112477,0.19747857142857153,590041.65,-9589770.0,5.29,5.43,5.15
2024-07-11,5.21,5.45,5.095,5.43,400721.0,5.431,5.411198787912634,-0.12117898777943559,49.67741890613942,0.1299999999999999,5.83298978777286,5.02901021222714,0.21141428571428586,561083.5,-9189049.0,5.09,5.35,5.3
2024-07-12,5.5,5.9089,5.35,5.44,304147.0,5.4030000000000005,5.413941760492383,-0.10511644510499618,48.68421007790859,0.14000000000000057,5.703252525297214,5.102747474702787,0.23847857142857162,528217.55,-8884902.0,5.43,5.34,5.3
2024-07-15,5.5,5.64,5.42,5.5,331255.0,5.391,5.422137783302633,-0.08654759892533193,54.794520022518284,0.040000000000000036,5.651032386646834,5.130967613353166,0.2406214285714288,510999.35,-8553647.0,5.44,5.36,5.46
2024-07-16,5.6,5.88,5.57,5.87,349914.0,5.4035,5.464791327750001,-0.04149739078908432,72.22222159807956,0.5,5.7263344858641085,5.080665514135892,0.24562142857142874,483008.7,-8203733.0,5.5,5.29,5.37
2024-07-17,5.76,5.95,5.75,5.89,350982.0,5.419499999999999,5.505287391773811,-0.004133297346953668,69.7986570622945,0.45999999999999996,5.803082832610727,5.035917167389272,0.23847857142857162,474816.6,-7852751.0,5.87,5.09,5.43
2024-07-18,5.87,5.94,5.62,5.65,271308.0,5.425,5.51906954493821,0.006042369055818675,60.115606449931526,0.3000000000000007,5.818874145007321,5.031125854992679,0.25276428571428594,459289.55,-8124059.0,5.89,5.43,5.35
2024-07-19,5.66,5.78,5.58,5.62,196332.0,5.434,5.528681969229809,0.011552735970188799,54.99999951875001,0.28000000000000025,5.837427421242671,5.030572578757329,0.2505357142857146,449258.5,-8320391.0,5.65,5.44,5.34
2024-07-22,5.65,5.73,5.5,5.72,291597.0,5.446,5.546902734065065,0.023715527849669904,60.86956468809074,0.35999999999999943,5.868991850114329,5.023008149885671,0.24982142857142886,424222.95,-8028794.0,5.62,5.5,5.36
2024-07-23,5.72,6.16,5.715,6.02,399239.0,5.479,5.591959616535059,0.05690614219054968,65.94594544689554,0.7299999999999995,5.971080438439409,4.986919561560591,0.269464285714286,426661.9,-7629555.0,5.72,5.87,5.29
2024-07-24,5.94,6.09,5.78,5.84,415784.0,5.5135,5.6155825101983865,0.06790270739464965,62.5641021149244,0.75,6.005211297409346,5.021788702590653,0.28017857142857167,422195.6,-8045339.0,6.02,5.89,5.09
2024-07-25,5.89,6.1646,5.85,5.96,408614.0,5.5465,5.648384175893778,0.0853170794571465,65.04854324724292,0.5300000000000002,6.065700802853956,5.027299197146044,0.2944357142857145,411690.05,-7636725.0,5.84,5.65,5.43
2024-07-26,6.09,6.12,5.91,6.03,399632.0,5.583,5.684728540094371,0.1035725894147097,65.87677681408773,0.5899999999999999,6.131072219597671,5.034927780402329,0.2972928571428573,414291.75,-7237093.0,5.96,5.62,5.44
2024-07-29,6.03,6.05,5.85,5.97,322171.0,5.608499999999999,5.711897250561574,0.1119087001942054,66.19047574920634,0.46999999999999975,6.179455800667416,5.037544199332583,0.3044357142857144,330960.1,-7559264.0,6.03,5.72,5.5
2024-07-30,6.0,6.12,5.6,5.74,3706426.0,5.627000000000001,5.714573702889043,0.09881694997968893,65.25821553351409,-0.1299999999999999,6.189329740314423,5.064670259685578,0.31382142857142875,489896.2,-11265690.0,5.97,6.02,5.87
2024-07-31,4.74,4.8,3.19,3.9,11491165.0,5.5504999999999995,5.541757159756753,-0.059346864907011465,28.925619723151883,-1.9899999999999998,6.505122548720853,4.595877451279146,0.4034642857142859,1049130.4,-22756855.0,5.74,5.84,5.89
2024-08-01,3.84,4.005,3.81,3.95,2625653.0,5.4805,5.3901612397799195,-0.17859946215888733,29.70027236626599,-1.7000000000000002,6.6727641000258755,4.288235899974125,0.3774714285714286,1173164.1,-20131202.0,3.9,5.96,5.65
2024-08-02,3.8,3.84,3.605,3.7,1732983.0,5.3985,5.229193502658022,-0.28993868262931866,26.683937727053078,-1.92,6.832526719269531,3.96447328073047,0.37854285714285724,1245759.2,-21864185.0,3.95,6.03,5.62
2024-08-05,3.5,3.61,3.38,3.55,1303715.0,5.308,5.069270311928687,-0.3858319330358002,18.13186806213018,-2.17,6.963594661809017,3.6524053381909827,0.37282857142857156,1298563.0,-23167900.0,3.7,5.97,5.72
2024-08-06,3.75,3.91,3.59,3.65,1820245.0,5.226000000000001,4.934101710792621,-0.4485878194525288,19.892473043415436,-2.3699999999999997,7.040205930398953,3.411794069601049,0.38140000000000013,1373491.0,-21347655.0,3.55,5.74,6.02
2024-08-07,3.66,3.895,3.66,3.83,2617528.0,5.163,4.82894916690761,-0.4782844504832724,25.13661192570696,-2.01,7.0815970751677115,3.244402924832289,0.37532857142857157,1486970.55,-18730127.0,3.65,3.9,5.84
2024-08-08,3.84,3.9,3.795,3.83,1044035.0,5.083,4.733811151011647,-0.4961005066972115,25.344352519333086,-2.13,7.08628256934252,3.0797174306574795,0.3685428571428572,1519136.25,-18730127.0,3.83,3.95,5.96
2024-08-09,3.76,4.01,3.76,3.89,1083215.0,5.0055,4.653448184248633,-0.49961906348715424,24.51253472334946,-2.14,7.069634583535522,2.9413654164644774,0.3699714285714286,1558089.65,-17646912.0,3.83,3.7,6.03
2024-08-12,3.89,3.89,3.715,3.73,756429.0,4.917,4.565500738129716,-0.5094456357351769,16.811594134677605,-2.2399999999999998,7.042723158684691,2.7912768413153093,0.3506857142857144,1579348.35,-18403341.0,3.89,3.55,5.97
2024-08-13,3.76,3.94,3.72,3.9,1489063.0,4.818499999999999,4.502119715450696,-0.4977776153045088,21.802325492664977,-1.8400000000000003,6.940854948239287,2.6961450517607117,0.34425714285714293,1636305.8,-16914278.0,3.73,3.65,5.74
2024-08-14,3.91,3.96,3.755,3.77,931903.0,4.7125,4.432394028264915,-0.4933336948412492,18.26086949111533,-0.1299999999999999,6.821247445635368,2.603752554364633,0.33642857142857147,1665351.85,-17846181.0,3.9,3.83,3.9
2024-08-15,3.88,4.01,3.85,4.01,1379776.0,4.6305,4.392166025573019,-0.46508465523358034,22.099447428344675,0.05999999999999961,6.713134717952492,2.547865282047507,0.33285714285714285,1720775.25,-16466405.0,3.77,3.83,3.95
2024-08-16,3.98,4.1092,3.955,4.02,4629096.0,4.5504999999999995,4.3567216421851125,-0.43685438596579385,22.68907554127533,0.3199999999999994,6.595678926672498,2.5053210733275013,0.3295857142857143,1942413.45,-11837309.0,4.01,3.89,3.7
2024-08-19,4.06,4.0912,3.89,4.07,1902572.0,4.468,4.329414819119863,-0.40576965208608495,25.36873145865421,0.5200000000000005,6.4465757769828205,2.48942422301718,0.30681428571428565,2022962.2,-9934737.0,4.02,3.73,3.55
2024-08-20,4.05,4.15,4.0,4.06,1032147.0,4.37,4.303756264917972,-0.3775890810732543,55.12820463346482,0.4099999999999997,6.214525327614274,2.5254746723857266,0.20252857142857142,2054607.6,-10966884.0,4.07,3.9,3.65
2024-08-21,4.11,4.4,4.09,4.34,761800.0,4.295,4.307208049211498,-0.32887109432430695,60.89385427233855,0.5099999999999998,6.0049276685225506,2.5850723314774493,0.21074285714285718,2071908.4,-10205084.0,4.06,3.77,3.83
2024-08-22,4.34,4.39,4.255,4.26,502925.0,4.21,4.3027120445246885,-0.29333567912676095,67.2839500358177,0.4299999999999997,5.7298891926370015,2.6901108073629985,0.20360000000000003,2076623.95,-10708009.0,4.34,4.01,3.83
2024-08-23,4.32,4.68,4.32,4.53,817372.0,4.135,4.324358516474718,-0.24061322359245718,78.16091891134892,0.6400000000000001,5.404090017959416,2.8659099820405833,0.2128857142857143,2097510.95,-9890637.0,4.26,4.02,3.89
2024-08-26,4.56,4.63,4.495,4.58,593257.0,4.0655,4.348705324429507,-0.1925758214109159,77.5147922572739,0.8500000000000001,5.026255733236806,3.104744266763194,0.19967142857142853,2111065.25,-9297380.0,4.53,4.07,3.73
2024-08-27,4.54,4.58,4.41,4.52,476403.0,4.004499999999999,4.3650191030552685,-0.15753140862976966,71.97452165118256,0.6199999999999997,4.604972620875489,3.4040273791245097,0.19502857142857138,1949564.1,-9773783.0,4.58,4.06,3.9
2024-08-28,4.47,4.56,4.3645,4.48,442538.0,4.0335,4.375969664669053,-0.13147061333143117,70.18633479341075,0.7100000000000004,4.667792809687354,3.3992071903126457,0.2014928571428571,1397132.75,-10216321.0,4.52,4.34,3.77
2024-08-29,4.54,4.68,4.49,4.54,574371.0,4.063000000000001,4.391591601367238,-0.1047680459245246,70.18633479341074,0.5300000000000002,4.73471735910749,3.391282640892511,0.19720714285714278,1294568.65,-9641950.0,4.48,4.26,4.01
2024-08-30,4.58,4.745,4.56,4.69,497870.0,4.1125,4.420011448856072,-0.07068748119707724,79.9999993,0.6700000000000008,4.816709149554174,3.408290850445826,0.19792142857142853,1232813.0,-9144080.0,4.54,4.53,4.02
2024-09-03,4.61,4.855,4.6,4.62,581323.0,4.166,4.4390579775364465,-0.048764674287226306,73.99999930933333,0.5499999999999998,4.852636347482591,3.47936365251741,0.20042142857142858,1196693.4,-9725403.0,4.69,4.58,4.07
2024-09-04,4.62,4.73,4.48,4.5,327869.0,4.2085,4.444861979675832,-0.04060561275387364,74.49664359533352,0.4400000000000004,4.865231139412245,3.5517688605877553,0.2036357142857143,1122074.6,-10053272.0,4.62,4.52,4.06
2024-09-05,4.53,4.6,4.3764,4.49,342233.0,4.2415,4.449160838754325,-0.03454816439845132,69.04761828042328,0.15000000000000036,4.884331728820978,3.5986682711790223,0.2081785714285714,1008309.85,-10395505.0,4.5,4.48,4.34
2024-09-06,4.5,4.535,4.22,4.3,335470.0,4.265,4.434955044587246,-0.04456528418049199,59.72222164158951,0.040000000000000036,4.878171221901713,3.6518287780982863,0.2196642857142857,972881.6,-10730975.0,4.49,4.54,4.26
2024-09-09,4.32,4.395,4.23,4.29,371025.0,4.285,4.421149802245604,-0.05270330926103117,57.85714227857141,-0.2400000000000002,4.8722146563494455,3.697785343650555,0.2170785714285714,937272.1,-11102000.0,4.3,4.69,4.53
2024-09-10,4.28,4.28,4.14,4.16,309891.0,4.3065,4.396278392507927,-0.06884901769238905,53.28947319338645,-0.41999999999999993,4.836893101487266,3.7761068985127344,0.2163642857142857,914945.2,-11411891.0,4.29,4.62,4.58
2024-09-11,4.12,4.28,4.07,4.25,370687.0,4.324,4.382347117030982,-0.07353469788690514,46.61654086268303,-0.2699999999999996,4.819894725670061,3.8281052743299386,0.2092214285714285,859026.4,-11041204.0,4.16,4.5,4.52
2024-09-12,4.27,4.425,4.25,4.38,333852.0,4.3545,4.38212358207565,-0.06599744222457371,54.34782553560178,-0.10000000000000053,4.776449111424108,3.932550888575892,0.21207857142857137,829123.85,-10707352.0,4.25,4.49,4.48
2024-09-13,4.38,4.49,4.345,4.44,512806.0,4.3759999999999994,4.387635621877969,-0.05455375254995687,46.15384560157793,-0.09999999999999964,4.766702471265086,3.9852975287349124,0.19672142857142857,785775.35,-10194546.0,4.38,4.3,4.54
2024-09-16,4.46,4.54,4.385,4.44,402367.0,4.397,4.392622705508638,-0.04496620363053072,43.74999945312502,-0.25,4.750514683682249,4.043485316317751,0.19815000000000005,574438.9,-10194546.0,4.44,4.29,4.69
2024-09-17,4.65,5.0,4.6,4.74,1050329.0,4.4305,4.425706257364959,-0.013010531931707092,58.08823469615056,0.1200000000000001,4.780506014985926,4.0804939850140745,0.2145785714285715,531826.75,-9144217.0,4.44,4.16,4.62
2024-09-18,4.72,4.875,4.53,4.56,578506.0,4.4555,4.438496137615915,-0.0021847431981205645,52.66666617511109,0.05999999999999961,4.762915371324088,4.148084628675911,0.2252571428571429,509144.7,-9722723.0,4.74,4.25,4.5
2024-09-19,4.71,4.82,4.63,4.81,344987.0,4.479000000000001,4.4738774578429705,0.026264917410869337,57.98816520009802,0.3199999999999994,4.819334201074566,4.138665798925436,0.225257142857143,488304.05,-9377736.0,4.56,4.38,4.49
2024-09-20,4.75,4.75,4.5,4.5,795139.0,4.4910000000000005,4.476365319000783,0.023525877521125338,44.86486452534697,0.20000000000000018,4.815371456982999,4.166628543017002,0.22990000000000008,502914.75,-10172875.0,4.81,4.44,4.3
2024-09-23,4.53,4.6,4.305,4.32,306256.0,4.4805,4.461473383857851,0.006752830571581825,42.346938473032075,0.03000000000000025,4.813048374003906,4.147951625996094,0.23275714285714288,477358.95,-10479131.0,4.5,4.44,4.29
2024-09-24,4.34,4.4,4.21,4.35,520573.0,4.468999999999999,4.450856871109484,-0.004072238469669642,45.98930446852926,0.1899999999999995,4.80296501550156,4.135034984498438,0.22847142857142863,473724.75,-9958558.0,4.32,4.74,4.16
2024-09-25,4.35,4.35,4.21,4.23,268736.0,4.4545,4.429822883384771,-0.022079660213802477,43.43434312723191,-0.019999999999999574,4.803964251616536,4.1050357483834645,0.2225000000000001,463341.4,-10227294.0,4.35,4.56,4.25
2024-09-26,4.3,4.41,4.26,4.35,469662.0,4.448,4.422220704014793,-0.02636376944179819,51.30890014747403,-0.03000000000000025,4.800291745126425,4.095708254873576,0.2107142857142858,464697.6,-9757632.0,4.23,4.81,4.38
2024-09-27,4.41,4.55,4.35,4.41,246304.0,4.4415,4.421056827441956,-0.024633498672698373,53.06122411078718,-0.03000000000000025,4.791433828331211,4.091566171668788,0.21321428571428586,448294.25,-9511328.0,4.35,4.5,4.44
2024-09-30,4.4,4.52,4.365,4.47,514555.0,4.4305,4.425718081971294,-0.018210825008635467,58.201057769939254,0.02999999999999936,4.760825198618146,4.100174801381855,0.21428571428571436,449128.5,-8996773.0,4.41,4.32,4.44
2024-10-01,4.48,4.675,4.25,4.4,510675.0,4.4195,4.423268740831171,-0.018555330542061377,54.01069478280764,-0.33999999999999986,4.737683991790271,4.1013160082097295,0.2296428571428572,445596.1,-9507448.0,4.47,4.35,4.74
2024-10-02,4.45,4.45,4.3,4.34,217257.0,4.411499999999999,4.415338384561536,-0.02340011031251965,48.88888850864198,-0.21999999999999975,4.729207246906416,4.093792753093583,0.22785714285714295,440065.5,-9724705.0,4.4,4.23,4.56
2024-10-03,4.27,4.38,4.21,4.35,353830.0,4.4045000000000005,4.409115681269961,-0.026131489217472215,47.42857104914284,-0.45999999999999996,4.7210920503041764,4.087907949695825,0.2296428571428572,440645.35,-9370875.0,4.34,4.35,4.81
2024-10-04,4.47,4.495,4.32,4.34,262360.0,4.406499999999999,4.402533235434727,-0.028771384493762042,47.15909053396176,-0.16000000000000014,4.720809602646502,4.092190397353497,0.2310714285714286,436989.85,-9633235.0,4.35,4.41,4.5
2024-10-07,4.33,4.38,4.1725,4.25,258876.0,4.4045,4.388006260631419,-0.03769128666724697,34.193548078251794,-0.07000000000000028,4.722419221782767,4.0865807782172325,0.21732142857142853,431382.4,-9892111.0,4.34,4.47,4.32
2024-10-08,4.33,4.33,4.13,4.21,336452.0,4.407,4.371053283428427,-0.04744116686950317,37.58865210904883,-0.13999999999999968,4.717524174836529,4.096475825163471,0.2069642857142857,432710.45,-10228563.0,4.25,4.4,4.35
2024-10-09,4.2,4.3,4.185,4.3,252278.0,4.4094999999999995,4.364286304054291,-0.047359834642250576,29.599999668479953,0.0699999999999994,4.715473855092249,4.10352614490775,0.20160714285714285,426790.0,-9976285.0,4.21,4.34,4.23
2024-10-10,4.22,4.32,4.18,4.31,318187.0,4.406000000000001,4.359116179858645,-0.045958678798788455,39.99999941052627,-0.040000000000000036,4.714981348440684,4.097018651559317,0.19375000000000003,426006.75,-9658098.0,4.3,4.35,4.35
2024-10-11,4.33,4.495,4.3,4.43,351240.0,4.4055,4.365867019872107,-0.03476451192687957,56.179774397172075,0.019999999999999574,4.714281987475769,4.096718012524231,0.18660714285714292,417928.45,-9306858.0,4.31,4.34,4.41
2024-10-14,4.43,4.465,4.351981,4.42,246633.0,4.4045,4.371022541789049,-0.02639569729015534,54.02298763641172,-0.04999999999999982,4.712940901103756,4.0960590988962435,0.18110849999999998,410141.75,-9553491.0,4.43,4.25,4.47
2024-10-15,4.41,4.5,4.35,4.43,391244.0,4.389,4.376639442571045,-0.018740407221061517,63.15789357340721,0.02999999999999936,4.654639248843858,4.1233607511561425,0.18182278571428576,377187.5,-9162247.0,4.42,4.21,4.4
2024-10-16,4.43,4.56,4.425,4.54,267357.0,4.388,4.392197590897612,-0.0037541781674832464,62.66666549688895,0.20000000000000018,4.651066931647307,4.124933068352693,0.18075135714285714,361630.05,-8894890.0,4.43,4.3,4.34
2024-10-17,4.53,4.54,4.415,4.47,214924.0,4.3709999999999996,4.399607344145458,0.0024459064548789655,53.947367427285315,0.1200000000000001,4.549638122883616,4.192361877116383,0.17539421428571428,355126.9,-9109814.0,4.54,4.31,4.35
2024-10-18,4.48,4.545,4.44,4.54,361910.0,4.372999999999999,4.412978073274463,0.012859694618089001,54.54545355371906,0.20000000000000018,4.558483720380871,4.187516279619127,0.17182278571428572,333465.45,-8747904.0,4.47,4.43,4.34
2024-10-21,4.51,4.54,4.405,4.46,380211.0,4.38,4.417456352010229,0.01449032985015375,53.84615287968441,0.20999999999999996,4.567616630392973,4.192383369607027,0.1511085,337163.2,-9128115.0,4.54,4.42,4.25
2024-10-22,4.46,4.52,4.39,4.48,191092.0,4.3865,4.423412889914016,0.017198202697465526,59.459458334550824,0.27000000000000046,4.578692337872391,4.194307662127609,0.14967992857142853,320689.15,-8937023.0,4.46,4.43,4.21
2024-10-23,4.43,4.455,4.23,4.3,420456.0,4.39,4.411659281350777,0.004764790225408433,47.25274652578194,0.0,4.572497296303008,4.207502703696991,0.15360849999999995,328275.15,-9357479.0,4.48,4.54,4.3
2024-10-24,4.34,4.43,4.23,4.23,379614.0,4.3839999999999995,4.394358397412607,-0.010614832540077224,44.32989626740359,-0.07999999999999918,4.579464359384229,4.18853564061577,0.15539421428571418,323772.75,-9737093.0,4.3,4.47,4.31
2024-10-25,4.24,4.28,4.155,4.16,135764.0,4.371499999999999,4.372038550039978,-0.0281274733671939,45.263157227700844,-0.2699999999999996,4.590519345456569,4.15248065454343,0.1495013571428571,318245.75,-9872857.0,4.23,4.54,4.43
2024-10-28,4.2,4.275,4.185,4.22,194426.0,4.359,4.357558688131409,-0.036741337566653876,50.515463188436605,-0.20000000000000018,4.582832644249209,4.135167355750791,0.14164421428571425,302239.3,-9678431.0,4.16,4.46,4.42
2024-10-29,4.19,4.25,4.145,4.22,189219.0,4.35,4.344457860690322,-0.04307138686746281,45.45454473140497,-0.20999999999999996,4.581243776587696,4.118756223412303,0.14092992857142855,286166.5,-9678431.0,4.22,4.48,4.43
2024-10-30,4.21,4.276,4.15,4.16,226505.0,4.341,4.326890445386482,-0.05232630997353738,41.93548323968093,-0.3799999999999999,4.587397197523395,4.094602802476605,0.13992992857142847,286628.9,-9904936.0,4.22,4.3,4.54
2024-10-31,4.15,4.2,4.07,4.15,222666.0,4.3309999999999995,4.310043736302055,-0.05977872767801795,32.92682870612737,-0.3199999999999994,4.591679274608744,4.070320725391255,0.1352870714285713,280070.7,-10127602.0,4.16,4.23,4.47
2024-11-01,4.19,4.3,4.16,4.18,258214.0,4.323,4.297658618559002,-0.0625431150228275,35.71428511904762,-0.3600000000000003,4.592197638215992,4.053802361784009,0.1372142857142856,279863.4,-9869388.0,4.15,4.16,4.54
2024-11-04,4.18,4.255,4.07,4.08,377806.0,4.314500000000001,4.276929226315288,-0.0719734114892221,31.182795229506326,-0.3799999999999999,4.603416305491682,4.025583694508319,0.13971428571428554,285809.9,-10247194.0,4.18,4.22,4.46
2024-11-05,4.08,4.17,4.04,4.12,373873.0,4.3100000000000005,4.261983585713832,-0.075350727393241,25.581394932395895,-0.3600000000000003,4.60841687549293,4.011583124507071,0.1393571428571427,287680.95,-9873321.0,4.08,4.22,4.48
2024-11-06,4.31,4.505,4.25,4.3,1033701.0,4.3100000000000005,4.265604196598229,-0.06277910051025604,41.237112806887026,0.0,4.60841687549293,4.011583124507071,0.148642857142857,326752.1,-8839620.0,4.12,4.16,4.3
2024-11-07,4.33,4.44,4.2,4.31,543743.0,4.3100000000000005,4.269832368350778,-0.05141638314598218,37.362636787827526,0.07999999999999918,4.60841687549293,4.011583124507071,0.15828571428571417,338029.9,-8295877.0,4.3,4.15,4.23
2024-11-08,4.4,4.7,4.045,4.24,1200343.0,4.3005,4.266991190412609,-0.04751207315232886,37.777777190123444,0.08000000000000007,4.59490215960309,4.006097840396911,0.19542857142857134,380485.05,-9496220.0,4.31,4.18,4.16
2024-11-11,4.25,4.58,4.25,4.4,812697.0,4.2995,4.279658696087599,-0.031148159930575403,46.15384553254437,0.1800000000000006,4.592324718542491,4.006675281457509,0.20971428571428566,408788.25,-8683523.0,4.24,4.08,4.22
2024-11-12,4.34,4.67,4.325,4.57,735550.0,4.3065,4.30731024884116,-0.004411211851724772,63.10679525874265,0.35000000000000053,4.618523953196604,3.994476046803396,0.21828571428571422,426003.55,-7947973.0,4.4,4.12,4.22
2024-11-13,4.61,4.765,4.5,4.52,621139.0,4.3055,4.327566415618192,0.012598205724052569,64.35643475149496,0.35999999999999943,4.61448645856892,3.9965135414310806,0.2229285714285714,443692.65,-8569112.0,4.57,4.3,4.16
2024-11-14,4.52,4.525,4.37,4.46,346100.0,4.305000000000001,4.340179137940269,0.020994778403399472,64.99999909000005,0.3099999999999996,4.612896086366839,3.9971039136331625,0.22507142857142856,450251.45,-8915212.0,4.52,4.31,4.15
2024-11-15,4.48,4.485,4.175,4.29,411886.0,4.2924999999999995,4.3354001724221485,0.013772779466729723,53.15315248275306,0.11000000000000032,4.5798380550758155,4.0051619449241835,0.24078571428571424,452750.25,-9327098.0,4.46,4.24,4.18
2024-11-18,4.27,4.285,4.09,4.12,346477.0,4.2755,4.314885870286706,-0.0056036901213918355,46.09374949584962,0.040000000000000036,4.561339483847722,3.9896605161522785,0.24721428571428566,451063.55,-9673575.0,4.29,4.4,4.08
2024-11-19,4.06,4.2,4.05,4.18,279860.0,4.2605,4.302039596926067,-0.015934500310150312,50.78124944458007,0.05999999999999961,4.532295201537783,3.988704798462218,0.24892857142857144,455501.95,-9393715.0,4.12,4.57,4.12
2024-11-20,4.17,4.195,4.0639,4.1,218818.0,4.250500000000001,4.282797730552156,-0.030228616551345233,48.148147648834,-0.20000000000000018,4.530761156405041,3.9702388435949603,0.2490071428571429,445420.05,-9612533.0,4.18,4.52,4.3
2024-11-21,4.14,4.29,4.13,4.25,300823.0,4.2515,4.279674137166237,-0.029117412848033375,52.380951882086194,-0.05999999999999961,4.531595848256527,3.971404151743474,0.2504357142857144,441480.5,-9311710.0,4.1,4.46,4.31
2024-11-22,4.22,4.495,4.2,4.37,613188.0,4.2620000000000005,4.288276600293262,-0.018342339714721767,59.731543062925105,0.1299999999999999,4.54339502109091,3.980604978909091,0.2582928571428572,465351.7,-8698522.0,4.25,4.29,4.24
2024-11-25,4.43,4.73,4.35,4.45,1865171.0,4.2735,4.303678828836761,-0.0033095349554255193,60.784313169293874,0.04999999999999982,4.56623843183583,3.980761568164171,0.2761500000000002,548888.95,-6833351.0,4.37,4.12,4.4
2024-11-26,4.43,4.695,4.35,4.68,621767.0,4.2965,4.3395189403761165,0.026853597376796934,62.025315906104794,0.10999999999999943,4.639506828227285,3.953493171772715,0.2825785714285716,570516.35,-6211584.0,4.45,4.18,4.57
2024-11-27,4.7,4.79,4.62,4.66,252913.0,4.3214999999999995,4.370040946054582,0.048584215615701254,61.00628877101384,0.14000000000000057,4.694215497538375,3.9487845024616246,0.2775785714285716,571836.75,-6464497.0,4.68,4.1,4.52
2024-11-29,4.68,4.79,4.65,4.73,150049.0,4.3505,4.40432276071605,0.07064000807504911,65.40880445551997,0.27000000000000046,4.7558575419825315,3.945142458017469,0.24079285714285728,568205.9,-6314448.0,4.66,4.25,4.46
2024-12-02,4.72,4.77,4.61,4.74,419216.0,4.3785,4.436292021600235,0.08791289381299539,61.80555495466822,0.4500000000000002,4.8107414042858005,3.946258595714199,0.22865000000000008,576256.0,-5895232.0,4.73,4.37,4.29
2024-12-03,4.7,4.755,4.62,4.67,346520.0,4.4079999999999995,4.458549924304974,0.0948598795756368,53.73134272220984,0.5499999999999998,4.834964808114713,3.981035191885286,0.2136500000000001,574691.7,-6241752.0,4.74,4.45,4.12
2024-12-04,4.63,4.775,4.61,4.76,307876.0,4.4399999999999995,4.4872594553235485,0.10640113759962322,58.695651578449926,0.5800000000000001,4.871984405176623,4.008015594823376,0.20650714285714297,571391.85,-5933876.0,4.67,4.68,4.18
2024-12-05,4.75,4.765,4.535,4.57,451887.0,4.4535,4.495139507197496,0.09907419003895868,53.64238360861367,0.47000000000000064,4.883935519958701,4.023064480041299,0.21186428571428578,542301.15,-6385763.0,4.76,4.66,4.1
2024-12-06,4.6,4.76,4.6,4.66,319471.0,4.471,4.510840506512021,0.09938414063912138,62.937062320895905,0.41000000000000014,4.905312523905383,4.036687476094617,0.20115000000000002,531087.55,-6066292.0,4.57,4.73,4.25
2024-12-09,4.72,4.83,4.65,4.7,399634.0,4.494,4.528855696368018,0.10168527981999542,72.30769152899411,0.33000000000000007,4.925516298405384,4.062483701594616,0.2000785714285714,491052.1,-5666658.0,4.66,4.74,4.37
2024-12-10,4.72,4.805,4.56,4.77,333401.0,4.5125,4.551821820523445,0.10791340561901919,72.51908319445256,0.3199999999999994,4.958529265029963,4.0664707349700375,0.2068642857142857,467087.3,-5333257.0,4.7,4.67,4.45
2024-12-11,4.81,4.82,4.675,4.71,307478.0,4.5195,4.566886409045022,0.10677688417245879,73.64341005348241,0.03000000000000025,4.973649291475148,4.065350708524852,0.20785714285714288,445683.7,-5640735.0,4.77,4.76,4.68
2024-12-12,4.69,4.71,4.49,4.5,277723.0,4.5185,4.560516274850258,0.08791747980070141,59.25925864471881,-0.16000000000000014,4.9727327249561215,4.064267275043879,0.21214285714285713,428512.9,-5918458.0,4.71,4.57,4.66
2024-12-13,4.5,4.51,4.39,4.49,210901.0,4.52,4.553800439150233,0.07134196378521462,54.83870905827265,-0.2400000000000002,4.973617042286378,4.066382957713621,0.19964285714285715,421752.95,-6129359.0,4.5,4.66,4.73
2024-12-16,4.5,4.53,4.43,4.46,202022.0,4.5285,4.544867063993069,0.055149272162995366,50.420167474048434,-0.28000000000000025,4.970184574281133,4.086815425718868,0.17964285714285713,411259.75,-6331381.0,4.49,4.7,4.74
2024-12-17,4.43,4.48,4.33,4.46,306224.0,4.5455,4.536784486469919,0.04183420867364429,38.54166610460069,-0.20999999999999996,4.945156431398151,4.145843568601848,0.16571428571428568,409247.1,-6331381.0,4.46,4.77,4.67
2024-12-18,4.45,4.64,4.28,4.34,722512.0,4.5535,4.518043106806117,0.021352786182865735,34.90565991634031,-0.41999999999999993,4.927962421696981,4.179037578303018,0.17928571428571421,431379.7,-7053893.0,4.46,4.71,4.76
2024-12-19,4.39,4.39,4.05,4.14,1398606.0,4.5555,4.482039001396011,-0.010891664898874609,25.210083737024163,-0.4300000000000006,4.920060297517882,4.190939702482119,0.1935714285714285,490369.1,-8452499.0,4.34,4.5,4.57
2024-12-20,4.07,4.32,4.065,4.18,852709.0,4.552,4.453273382215438,-0.03283940674469754,27.049180017468387,-0.4800000000000004,4.930005847907994,4.173994152092005,0.20035714285714284,517963.4,-7599790.0,4.14,4.49,4.66
2024-12-23,4.17,4.245,4.11,4.16,272385.0,4.5415,4.425342583909206,-0.05125613432481746,28.20512786763092,-0.54,4.951135267807338,4.131864732192662,0.20035714285714284,500923.25,-7872175.0,4.18,4.46,4.7
2024-12-24,4.16,4.16,4.085,4.13,93369.0,4.5255,4.397214718774996,-0.06749424129699122,21.62162134891645,-0.6399999999999997,4.973394489455074,4.0776055105449265,0.19392857142857142,412333.15,-7965544.0,4.16,4.46,4.77
2024-12-26,4.07,4.2752,4.07,4.25,349433.0,4.504,4.383194269367854,-0.06987459016354958,34.61538414940826,-0.45999999999999996,4.961839319090522,4.046160680909477,0.19215714285714286,398716.45,-7616111.0,4.13,4.34,4.71
2024-12-27,4.23,4.27,4.12,4.23,428518.0,4.4825,4.368604338951868,-0.07253868582636702,27.835051144648745,-0.2699999999999996,4.949782175541673,4.015217824458327,0.19144285714285708,407496.7,-8044629.0,4.25,4.14,4.5
2024-12-30,4.16,4.175,4.07,4.11,388449.0,4.4515,4.343975354289785,-0.08337193814536281,21.904761612698394,-0.3799999999999999,4.9317313039184025,3.9712686960815975,0.18608571428571422,419416.7,-8433078.0,4.23,4.18,4.49
2024-12-31,4.14,4.215,4.09,4.11,263204.0,4.42,4.321691987214568,-0.09090942143636749,16.32653037900876,-0.34999999999999964,4.90319114665993,3.93680885334007,0.17751428571428565,411616.1,-8433078.0,4.11,4.16,4.46
2025-01-02,4.16,4.27,4.09,4.12,247949.0,4.3925,4.302483226527467,-0.09498113146280751,18.2795696172968,-0.33999999999999986,4.878379560558409,3.9066204394415904,0.1800142857142856,406687.55,-8185129.0,4.11,4.13,4.46
2025-01-03,4.14,4.375,4.11,4.36,254769.0,4.3725000000000005,4.307961014477232,-0.07794351246401199,42.7083327105035,0.020000000000000462,4.826575115511001,3.918424884489,0.1832285714285713,404032.2,-7930360.0,4.12,4.25,4.34
2025-01-06,4.37,4.47,4.36,4.43,310585.0,4.3655,4.31958377500321,-0.0581226598300395,47.05882288350632,0.29000000000000004,4.81099085878744,3.92000914121256,0.18251428571428555,396967.1,-7619775.0,4.36,4.23,4.14
2025-01-07,4.48,4.64,4.23,4.25,258672.0,4.345,4.312956748812428,-0.05629010964866055,41.02564053473592,0.07000000000000028,4.770725387149005,3.9192746128509945,0.2046571428571426,393927.15,-7878447.0,4.43,4.11,4.18
2025-01-08,4.2,4.27,4.1098,4.23,242231.0,4.3215,4.305056106068387,-0.05580830982394769,40.33613397923877,0.07000000000000028,4.7154155666944675,3.927584433305533,0.20538571428571398,386057.0,-8120678.0,4.25,4.11,4.16
2025-01-10,4.14,4.245,4.09,4.22,255986.0,4.294,4.296955524538065,-0.05559255999177726,44.44444386831275,0.08999999999999986,4.6283745142643,3.9596254857356996,0.19074285714285688,382186.25,-8376664.0,4.23,4.12,4.13
2025-01-13,4.02,4.1,3.755,3.93,307922.0,4.255000000000001,4.262007379343964,-0.07792389490967988,41.025640534735935,-0.31999999999999984,4.566228465752653,3.9437715342473485,0.19109999999999974,382208.45,-8684586.0,4.22,4.36,4.25
2025-01-14,3.97,4.03,3.875,3.92,264107.0,4.226,4.2294352479778725,-0.09532965423385154,38.59649075407818,-0.3100000000000005,4.548973031300419,3.9030269686995807,0.18395714285714262,381527.65,-8948693.0,3.93,4.43,4.23
2025-01-15,4.06,4.085,3.94,3.98,186933.0,4.2005,4.205679510075218,-0.10309394254499704,42.3728808532031,-0.13000000000000034,4.516159710181062,3.8848402898189374,0.18467142857142835,380329.25,-8761760.0,3.92,4.25,4.11
2025-01-16,3.98,4.07,3.92,3.95,262933.0,4.175,4.181329080544245,-0.11039537706176361,42.372880853203114,-0.16000000000000014,4.4847367303134655,3.865263269686534,0.1900285714285712,383374.8,-9024693.0,3.98,4.23,4.11
2025-01-17,4.0,4.0,3.91,3.94,7246655.0,4.149,4.15834535858765,-0.1156555280129421,35.514018226919376,-0.18000000000000016,4.445001422471712,3.852998577528288,0.1817999999999998,730396.35,-16271348.0,3.95,4.22,4.12
2025-01-21,4.01,4.49,4.01,4.41,617070.0,4.1525,4.182312467293588,-0.08096583969249949,55.92105211651662,0.04999999999999982,4.459463052808457,3.845536947191543,0.20537142857142845,725124.25,-15654278.0,3.94,3.93,4.36
2025-01-22,4.4,4.73,4.4,4.71,455666.0,4.181,4.232568422789437,-0.028932997393666504,67.64705826643599,0.28000000000000025,4.576229447017156,3.785770552982844,0.22144285714285705,677977.25,-15198612.0,4.41,3.92,4.43
2025-01-23,4.65,4.9,4.59,4.87,577765.0,4.2155000000000005,4.2932761920475855,0.02492672802443252,70.43010699676263,0.6200000000000001,4.716634502378052,3.714365497621949,0.23465714285714281,664230.05,-14620847.0,4.71,3.98,4.25
2025-01-24,4.84,5.09,4.81,4.83,569436.0,4.2490000000000006,4.34439274518591,0.06364957012665418,68.78306827356458,0.5999999999999996,4.819314779195169,3.678685220804832,0.2418,679082.6,-15190283.0,4.87,3.95,4.23
2025-01-27,4.75,4.91,4.59,4.62,324620.0,4.2735,4.370641055168204,0.07651049120245101,56.989246882876635,0.40000000000000036,4.864031428817354,3.6829685711826468,0.24572857142857146,690645.15,-15514903.0,4.83,3.94,4.22
2025-01-28,4.65,5.03,4.49,5.01,1165671.0,4.3115000000000006,4.431532383247423,0.11682590809998139,63.302751887046554,1.0799999999999996,4.987316075882385,3.635683924117616,0.2764428571428572,731457.05,-14349232.0,4.62,4.41,3.93
2025-01-29,5.0,5.08,4.7,4.93,1715556.0,4.3465,4.479005489604811,0.1406989451781051,66.34615339959319,1.0099999999999998,5.074995927091899,3.618004072908101,0.2743000000000001,795808.95,-16064788.0,5.01,4.71,3.92
2025-01-30,4.98,5.07,4.893,4.92,297229.0,4.387,4.521004966785305,0.1570017640264565,66.66666621578099,0.94,5.149408924673015,3.6245910753269843,0.2755000000000002,791247.95,-16362017.0,4.93,4.87,3.98
2025-01-31,4.92,4.9552,4.81,4.86,362969.0,4.4245,4.5532902080438475,0.16319910911816837,65.09433919277325,0.9100000000000001,5.20314862692394,3.64585137307606,0.27480000000000016,796236.2,-16724986.0,4.92,4.83,3.95
2025-02-03,4.72,4.83,4.66,4.75,289029.0,4.4559999999999995,4.572024473944434,0.15741983123711023,71.13402010521841,0.81,5.2337538509268775,3.678246149073121,0.26230000000000014,798290.2,-17014015.0,4.86,4.62,3.94
2025-02-04,4.72,5.19,4.72,5.15,784320.0,4.4955,4.627069762140202,0.1830067806894169,76.39484932638288,0.7400000000000002,5.330837309745375,3.6601626902546247,0.2848000000000002,824767.75,-16229695.0,4.75,5.01,4.41
2025-02-05,5.11,5.36,5.11,5.22,886173.0,4.535,4.68353930860304,0.20655203418407897,76.49572603805976,0.5099999999999998,5.429886055669429,3.6401139443305714,0.29230000000000017,853547.15,-15343522.0,5.15,4.93,4.71
2025-02-06,5.22,5.31,5.0,5.04,520747.0,4.5745000000000005,4.717487945878941,0.20828632641854128,71.88754979661618,0.16999999999999993,5.486004828638657,3.6629951713613442,0.30372857142857157,866650.9,-15864269.0,5.22,4.92,4.87
2025-02-07,5.09,5.17,5.025,5.15,359799.0,4.6205,4.758679570080947,0.21604639781114177,73.35907296253784,0.3200000000000003,5.551452539917559,3.689547460082441,0.30765714285714296,872529.3,-15504470.0,5.04,4.86,4.83
2025-02-10,5.23,5.545,5.23,5.35,1895855.0,4.6770000000000005,4.814995801501809,0.23561857456817847,70.25862026568075,0.7299999999999995,5.642141931204124,3.711858068795877,0.2958714285714286,954522.75,-13608615.0,5.15,4.75,4.62
2025-02-11,5.28,5.41,5.18,5.3,423393.0,4.7455,4.861186677549256,0.24427918513773061,64.25120729491938,0.29000000000000004,5.681436907455222,3.809563092544778,0.2887285714285715,960296.3,-14032008.0,5.35,5.15,5.01
2025-02-12,5.25,5.36,5.22,5.24,777136.0,4.8115000000000006,4.897264136830279,0.24349443062512677,59.390862522095404,0.3100000000000005,5.686516390823925,3.9364836091760753,0.2765857142857144,985947.75,-14809144.0,5.3,5.22,4.93
2025-02-13,5.31,5.45,5.21,5.44,400093.0,4.8845,4.948953266655967,0.25605914511667294,64.31924840353548,0.5200000000000005,5.709618173354581,4.059381826645419,0.2737285714285715,996605.75,-14409051.0,5.24,5.04,4.92
2025-02-14,5.5,5.68,5.445,5.55,711415.0,4.9645,5.006195812688732,0.27176017048621315,72.90640343808394,0.6899999999999995,5.7150078982017165,4.213992101798284,0.26765714285714287,1019029.85,-13697636.0,5.44,5.15,4.86
2025-02-18,5.62,5.66,5.38,5.42,597134.0,5.0385,5.045605735289805,0.27059419126877415,61.58192041686618,0.6699999999999999,5.640925798007739,4.436074201992261,0.24908571428571433,686553.8,-14294770.0,5.55,5.35,4.75
2025-02-19,5.39,5.39,5.17,5.25,1050832.0,5.0805,5.065071855738395,0.2530357267392285,58.60215009654297,0.09999999999999964,5.611297810648717,4.549702189351283,0.23765714285714287,708241.9,-15345602.0,5.42,5.3,5.15
2025-02-20,5.19,5.22,4.9812,5.19,1341948.0,5.1045,5.0769697742395,0.23160917217346721,57.068062408925215,-0.02999999999999936,5.607437685791661,4.601562314208339,0.24207142857142852,752556.0,-16687550.0,5.25,5.24,5.22
2025-02-21,5.23,5.23,4.9,4.92,443933.0,5.106999999999999,5.062020271930976,0.19064410324390035,51.415094000088985,-0.1200000000000001,5.605507245367815,4.608492754632183,0.25527142857142854,745864.4,-17131483.0,5.19,5.44,5.04
2025-02-24,4.94,5.07,4.805,4.92,706712.0,5.1114999999999995,5.048494531747074,0.1563763813960195,54.22885534367962,-0.23000000000000043,5.601022861140258,4.621977138859741,0.2620571428571429,752728.2,-17131483.0,4.92,5.55,5.15
2025-02-25,4.92,5.16,4.9,4.97,861680.0,5.129,5.041018862056876,0.13173498813746765,44.57831287705035,-0.3799999999999999,5.566836787663595,4.691163212336404,0.2470571428571428,779581.2,-16269803.0,4.92,5.42,5.35
2025-02-26,4.95,5.225,4.95,5.1,500699.0,5.1335,5.046636113289554,0.12129817019259193,46.51162752839372,-0.20000000000000018,5.568024543550034,4.698975456449966,0.24884285714285706,746332.6,-15769104.0,4.97,5.25,5.3
2025-02-27,5.095,5.22,4.92,4.92,678193.0,5.133000000000001,5.034575531071502,0.097379886387432,46.51162752839372,-0.3200000000000003,5.5685323421430715,4.69746765785693,0.24812857142857134,694464.45,-16447297.0,5.1,5.19,5.24
2025-02-28,3.76,3.95,2.58,3.23,7275898.0,5.0485,4.862711194778978,-0.05728406686603815,20.909090820385657,-2.2100000000000004,6.003735435294411,4.0932645647055885,0.3356285714285714,1043397.9,-23723195.0,4.92,4.92,5.44
2025-03-03,3.23,3.33,2.83,2.83,1414357.0,4.947000000000001,4.6691196524190755,-0.20971555084677806,13.999999943999981,-2.7199999999999998,6.324596686835066,3.569403313164936,0.3488428571428571,1095967.3,-25137552.0,3.23,4.92,5.55
2025-03-04,2.78,2.89,2.71,2.78,1475579.0,4.8485,4.48920349504583,-0.33074061036619806,13.999999943999981,-2.64,6.5329461841710526,3.164053815828946,0.34527142857142856,1155294.8,-26613131.0,2.83,4.97,5.42
2025-03-05,2.8,2.82,2.69,2.77,1525461.0,4.7295,4.325469828850989,-0.4225894107262427,14.202898493089677,-2.48,6.644729545126724,2.8142704548732755,0.34455714285714273,1192351.85,-28138592.0,2.78,5.1,5.25
2025-03-06,2.73,2.815,2.6,2.63,905215.0,4.6,4.163996511817561,-0.5009029789772601,8.554572236057794,-2.5600000000000005,6.715377283756158,2.484622716243841,0.34277142857142845,1193303.95,-29043807.0,2.77,4.92,5.19
2025-03-07,2.63,2.87,2.61,2.85,1631450.0,4.490499999999999,4.038853986882555,-0.5390016096129315,11.428571382857129,-2.07,6.732890406874349,2.2481095931256494,0.34455714285714284,1248839.1,-27412357.0,2.63,3.23,4.92
2025-03-10,2.79,3.04,2.73,2.84,1176808.0,4.375,3.924677416703264,-0.5635062164116729,11.834319477609327,-2.08,6.710398083951924,2.0396019160480754,0.34669999999999995,1289689.55,-28589165.0,2.85,2.83,4.92
2025-03-11,2.84,2.85,2.695,2.77,1089051.0,4.2459999999999996,3.8147081389220006,-0.5818673047421772,12.195121899167148,-2.1999999999999997,6.638949292356501,1.853050707643498,0.3420571428571429,1249349.35,-29678216.0,2.84,2.78,4.97
2025-03-12,2.83,2.845,2.7,2.75,707863.0,4.118499999999999,3.713307363786572,-0.5912172479670201,12.34567895900014,-2.3499999999999996,6.546470996098335,1.6905290039016636,0.33535714285714285,1263572.85,-30386079.0,2.77,2.77,5.1
2025-03-13,2.75,2.82,2.545,2.59,825768.0,3.9859999999999998,3.6063257100926127,-0.6045687163287403,12.779552658494012,-2.33,6.445305849860464,1.526694150139535,0.33142857142857146,1266004.45,-31211847.0,2.75,2.63,4.92
2025-03-14,2.63,2.799,2.57,2.59,884186.0,3.8435,3.5095327853218876,-0.6081395964830363,12.779552658494012,-0.6400000000000001,6.278224884490628,1.4087751155093722,0.3288571428571428,1290209.1,-31211847.0,2.59,2.85,3.23
2025-03-17,2.58,2.7075,2.575,2.67,939448.0,3.6994999999999996,3.4295772819578985,-0.597625162455969,13.607594876422041,-0.16000000000000014,6.048416659586758,1.350583340413241,0.31975,1301610.75,-30272399.0,2.59,2.84,2.83
2025-03-18,2.65,2.79,2.56,2.77,1178928.0,3.567,3.366760397961908,-0.5745996068797092,12.779552658494026,-0.009999999999999787,5.803558446410586,1.3304415535894147,0.31653571428571425,1330700.45,-29093471.0,2.67,2.77,2.78
2025-03-19,2.79,2.885,2.77,2.82,853655.0,3.4455000000000005,3.314687979108393,-0.5460228940278844,14.999999930000001,0.04999999999999982,5.557655048136483,1.333344951863518,0.3033214285714286,1320841.6,-28239816.0,2.77,2.75,2.77
2025-03-20,2.8,2.895,2.75,2.79,1373104.0,3.3255000000000003,3.2647176953837844,-0.5198044108074757,33.582089201381166,0.16000000000000014,5.287727252250281,1.3632727477497193,0.21582142857142858,1322399.4,-29612920.0,2.82,2.59,2.63
2025-03-21,2.76,2.865,2.655,2.81,1804120.0,3.22,3.2214112482043764,-0.49174372554011914,48.95833261935765,-0.040000000000000036,5.043230216141844,1.396769783858156,0.1951071428571429,1390408.75,-27808800.0,2.79,2.59,2.85
2025-03-24,2.84,2.995,2.83,2.97,814806.0,3.1224999999999996,3.19746731980396,-0.451391408301705,58.878503902524265,0.13000000000000034,4.762280152144922,1.4827198478550774,0.1940357142857143,1395813.45,-26993994.0,2.81,2.67,2.84
2025-03-25,2.98,3.02,2.905,2.91,746623.0,3.0195,3.1700894798226305,-0.41941860809153164,56.24999929687501,0.14000000000000012,4.410591581986494,1.6284084180135057,0.19296428571428575,1390060.6,-27740617.0,2.97,2.77,2.77
2025-03-26,2.93,2.935,2.825,2.93,500514.0,2.911,3.147223815077618,-0.38799355256399926,64.99999909000002,0.18000000000000016,3.8989249918256377,1.9230750081743624,0.18546428571428578,1390051.35,-27240103.0,2.91,2.82,2.75
2025-03-27,2.87,3.065,2.87,2.96,432071.0,2.813,3.1293929755464163,-0.35655804122403545,56.79012247523245,0.3700000000000001,3.106874301808033,2.519125698191967,0.1808214285714286,1377745.25,-26808032.0,2.93,2.79,2.59
2025-03-28,2.96,2.96,2.865,2.94,943481.0,2.7984999999999998,3.1113555493039002,-0.3294611814423085,56.09756001784654,0.3500000000000001,3.027113670908624,2.5698863290913754,0.1654642857142857,1061124.4,-27751513.0,2.96,2.81,2.59
2025-03-31,2.9,2.99,2.87,2.89,762524.0,2.8015,3.0902740684178145,-0.3084655086054302,57.499998993750026,0.2200000000000002,3.033405153025975,2.5695948469740246,0.1629642857142857,1028532.75,-28514037.0,2.94,2.97,2.67
2025-04-01,2.83,2.91,2.64,2.64,800907.0,2.7945,3.047390823806594,-0.3084436508716317,44.66019356772553,-0.1299999999999999,3.037331975697299,2.5516680243027015,0.17189285714285713,994799.15,-29314944.0,2.89,2.91,2.77
2025-04-02,2.58,2.81,2.54,2.79,1478117.0,2.7955,3.02287741201549,-0.2929456865403468,59.803920747789334,-0.029999999999999805,3.038071747389468,2.552928252610532,0.1715357142857143,992431.95,-27836827.0,2.64,2.93,2.82
2025-04-03,2.59,2.645,2.5,2.505,506530.0,2.78925,2.9735557537283004,-0.3002000371464302,46.743294517696455,-0.28500000000000014,3.0551006703910475,2.5233993296089525,0.16553571428571429,972497.7,-28343357.0,2.79,2.96,2.79
2025-04-04,2.39,2.51,2.32,2.51,951439.0,2.77225,2.9294075867065574,-0.3020637017278749,43.495934464273915,-0.30000000000000027,3.0639685918691266,2.4805314081308736,0.16964285714285715,938497.15,-27391918.0,2.505,2.94,2.81
2025-04-07,2.38,2.61,2.32,2.51,1325936.0,2.75575,2.8894640070202184,-0.3000815164087465,38.495574744302594,-0.4600000000000004,3.067945535893099,2.4435544641069007,0.17392857142857143,945953.55,-27391918.0,2.51,2.89,2.97
2025-04-08,2.59,2.62,2.395,2.45,1359223.0,2.73975,2.847610292065912,-0.2998951146184461,33.77192940981841,-0.45999999999999996,3.0803759717513906,2.3991240282486093,0.1817857142857143,959462.15,-28751141.0,2.51,2.64,2.91
2025-04-09,2.44,2.515,2.15,2.49,7224957.0,2.72675,2.8135521690120155,-0.2931405819950661,36.95652128922496,-0.43999999999999995,3.08511287107961,2.36838712892039,0.19750000000000004,1285316.85,-21526184.0,2.45,2.79,2.93
2025-04-10,2.43,2.6,2.4001,2.48,2097956.0,2.7212500000000004,2.781785295772776,-0.2853056566406216,35.526315353185595,-0.48,3.0916249877879816,2.350875012212019,0.19677857142857144,1348926.25,-23624140.0,2.49,2.505,2.96
2025-04-11,2.5,2.625,2.455,2.59,1182190.0,2.72125,2.763520029508702,-0.26714090707072247,32.568806921134566,-0.3500000000000001,3.091624987787981,2.3508750122120188,0.19713571428571428,1363826.45,-22441950.0,2.48,2.51,2.94
2025-04-14,2.62,2.63,2.48,2.56,696843.0,2.71575,2.744137169555492,-0.25225808724164844,33.4905655954076,-0.33000000000000007,3.092540811710521,2.3389591882894787,0.19963571428571428,1351696.2,-23138793.0,2.59,2.51,2.89
2025-04-15,2.54,2.57,2.49,2.5,812212.0,2.7022500000000003,2.720886010550207,-0.2425093470651185,30.45454506694213,-0.14000000000000012,3.0900436917594467,2.314456308240554,0.1974928571428571,1333360.4,-23951005.0,2.56,2.45,2.64
2025-04-16,2.5,2.5473,2.5,2.53,538630.0,2.6877500000000003,2.7027063904978066,-0.22971464354145388,30.45454506694213,-0.26000000000000023,3.0786797285083067,2.296820271491694,0.1869428571428571,1317609.15,-23412375.0,2.5,2.49,2.79
2025-04-17,2.53,2.56,2.495,2.53,374757.0,2.6747500000000004,2.686258162831349,-0.21707247247828176,31.01851811642659,0.02499999999999991,3.068643854256514,2.2808561457434866,0.1848,1267691.8,-23412375.0,2.53,2.48,2.505
2025-04-21,2.51,2.52,2.475,2.51,791860.0,2.65975,2.6694716711331252,-0.20628931882504675,31.904761479365064,0.0,3.054804626469221,2.264695373530779,0.1794428571428571,1217078.8,-24204235.0,2.53,2.59,2.51
2025-04-22,2.54,2.62,2.51,2.57,510566.0,2.6397500000000003,2.659998178644256,-0.19070377885370826,45.93023181043807,0.06000000000000005,3.0082815811647463,2.271218418835254,0.1680142857142857,1201866.8,-23693669.0,2.51,2.56,2.51
2025-04-23,2.62,2.735,2.6,2.61,487677.0,2.6247499999999997,2.6552364473448034,-0.17312874008580836,37.999999290666665,0.1599999999999997,2.970696071245974,2.2788039287540256,0.15837142857142855,1188919.5,-23205992.0,2.57,2.5,2.45
2025-04-24,2.62,2.73,2.6,2.71,458444.0,2.61375,2.6604520237881553,-0.1494089377453074,68.1415912318898,0.21999999999999975,2.931685362513892,2.295814637486108,0.15729999999999997,1186816.0,-22747548.0,2.61,2.53,2.49
2025-04-25,2.69,2.73,2.6467,2.71,347864.0,2.60125,2.665170878665474,-0.12912238106548157,67.85714116071435,0.22999999999999998,2.878982832621185,2.3235171673788146,0.14967857142857138,1182605.65,-22747548.0,2.71,2.53,2.48
2025-04-28,2.7,2.745,2.66,2.71,378091.0,2.58975,2.6694403187925717,-0.11175687505062637,67.85714116071435,0.1200000000000001,2.8240793902989814,2.3554206097010186,0.13503571428571423,1154336.15,-22747548.0,2.71,2.51,2.59
2025-04-29,2.71,2.78,2.665,2.77,520570.0,2.5837499999999998,2.6790174312885173,-0.0920915142122003,78.57142660714288,0.20999999999999996,2.790195481525033,2.3773045184749666,0.12717857142857136,1142238.45,-22226978.0,2.71,2.57,2.56
2025-04-30,2.72,2.74,2.655,2.72,426329.0,2.5877499999999998,2.6829205330705634,-0.07962330826514608,70.175436872884,0.2200000000000002,2.801746433811893,2.3737535661881064,0.10717857142857137,1123509.55,-22653307.0,2.77,2.61,2.5
2025-05-01,2.75,2.795,2.63,2.75,450297.0,2.58575,2.6893090537305095,-0.06655422032069991,72.88135420281534,0.2200000000000002,2.7924095216648253,2.3790904783351747,0.10468571428571424,1072118.55,-22203010.0,2.72,2.71,2.53
2025-05-02,2.79,2.88,2.785,2.84,369226.0,2.6025,2.7036605724228417,-0.04837696657139734,71.92982279470613,0.31000000000000005,2.834368837696519,2.3706311623034813,0.09932857142857136,1065253.35,-21833784.0,2.75,2.71,2.53
2025-05-05,2.82,2.855,2.7525,2.77,499578.0,2.6155,2.7099786131444756,-0.039168269570417635,67.21311321150233,0.26000000000000023,2.8545749717248987,2.376425028275101,0.09593571428571424,1042660.3,-22333362.0,2.84,2.71,2.51
2025-05-06,2.72,2.74,2.645,2.65,390516.0,2.6225,2.704266364273573,-0.041079765999046725,61.194028572065086,0.08000000000000007,2.8567176226009483,2.388282377399052,0.09700714285714285,995889.3,-22723878.0,2.77,2.77,2.57
2025-05-07,2.67,2.82,2.655,2.72,664513.0,2.636,2.705764805771328,-0.036525186095561324,63.380280440388866,0.11000000000000032,2.8592204480352352,2.412779551964765,0.10541428571428571,961153.8,-22059365.0,2.65,2.72,2.61
2025-05-08,2.75,2.855,2.74,2.81,548522.0,2.652,2.71569196712644,-0.025361054420802276,67.49999881875004,0.10000000000000009,2.8770239753308147,2.4269760246691856,0.10898571428571427,627332.05,-21510843.0,2.72,2.75,2.71
2025-05-09,3.585,4.339,3.525,3.69,4239174.0,2.7125,2.8084832083524933,0.053874217454530804,85.54216795325884,0.98,3.2182927597242506,2.2067072402757493,0.16391428571428573,734392.95,-17271669.0,2.81,2.84,2.71
2025-05-12,3.83,3.84,3.535,3.58,813697.0,2.762,2.8819609980332084,0.1065642541949825,79.53216309154956,0.8700000000000001,3.395074369955646,2.128925630044354,0.17784285714285714,715968.3,-18085366.0,3.69,2.77,2.71
2025-05-13,3.62,3.725,3.5413,3.6,747551.0,2.814,2.9503456648871884,0.14822665615180375,79.28994017156265,0.8300000000000001,3.5410821281345277,2.0869178718654724,0.18132142857142858,718503.7,-17337815.0,3.58,2.65,2.77
2025-05-14,3.58,3.58,3.405,3.41,755001.0,2.8594999999999997,2.9941222682312656,0.16402225134701442,69.66292080040401,0.69,3.6170993942086183,2.101900605791381,0.1845357142857143,715643.15,-18092816.0,3.6,2.72,2.72
2025-05-15,3.41,3.41,3.29,3.32,405356.0,2.899,3.0251582426854307,0.16734903104301058,66.31015993136779,0.5699999999999998,3.666577186243904,2.131422813756096,0.18715714285714288,708979.45,-18498172.0,3.41,2.81,2.75
2025-05-16,3.31,3.34,3.255,3.28,557898.0,2.9364999999999997,3.049428886239199,0.16485748771602227,64.92146549272223,0.43999999999999995,3.7014499467629465,2.171550053237053,0.18715714285714288,718136.5,-19056070.0,3.32,3.69,2.84
2025-05-19,3.25,3.315,3.185,3.29,447499.0,2.9755,3.072340420883085,0.161824426844837,63.978494142097354,0.52,3.7283325458594807,2.222667454140519,0.18822857142857147,700918.45,-18608571.0,3.28,3.58,2.77
2025-05-20,3.29,3.435,3.25,3.3,579391.0,3.012,3.0940222855608863,0.15840166488769958,65.9340654268808,0.6499999999999999,3.7527421598426987,2.2712578401573014,0.19537142857142858,704359.7,-18029180.0,3.29,3.6,2.65
2025-05-21,3.25,3.3,3.13,3.14,432154.0,3.0385,3.0984011155074684,0.14115133383994038,59.99999956923077,0.41999999999999993,3.7562530729186854,2.3207469270813146,0.19572857142857145,701583.55,-18461334.0,3.3,3.41,2.72
2025-05-22,3.12,3.185,3.08,3.13,646343.0,3.0595,3.1014105330781856,0.12522983420035727,57.75401026280421,0.31999999999999984,3.7611814391910823,2.3578185608089175,0.19644285714285717,710978.5,-19107677.0,3.14,3.32,2.81
2025-05-23,3.09,3.105,3.01,3.02,441056.0,3.075,3.093657148975501,0.10255367540352855,56.54450220333873,-0.6699999999999999,3.7576110860049434,2.392388913995057,0.1959071428571429,715638.1,-19548733.0,3.13,3.28,3.69
2025-05-27,3.07,3.29,3.05,3.28,798890.0,3.1034999999999995,3.1114040871683106,0.10435949201110128,65.36585321213565,-0.30000000000000027,3.7693362371761148,2.437663762823884,0.20626428571428576,736678.05,-18749843.0,3.02,3.29,3.58
2025-05-28,3.29,3.29,3.175,3.25,536657.0,3.1275,3.124603697914186,0.10219186123913016,63.184079161901934,-0.3500000000000001,3.7771274235850045,2.4778725764149954,0.2026928571428572,737482.4,-19286500.0,3.28,3.3,3.6
2025-05-29,3.29,3.345,3.22,3.27,390461.0,3.1550000000000002,3.138450964779502,0.10092443700195464,61.85566965671166,-0.14000000000000012,3.7780147417365497,2.5319852582634508,0.20340714285714293,735689.0,-18896039.0,3.25,3.14,3.41
2025-05-30,3.25,3.345,3.2,3.31,1286332.0,3.1830000000000003,3.154788968133835,0.10197218796140994,32.7272723107438,-0.009999999999999787,3.7791313878491515,2.586868612150849,0.1556214285714286,777490.75,-17609707.0,3.27,3.13,3.32
2025-06-02,3.32,3.44,3.205,3.27,836505.0,3.2045000000000003,3.1657614473591837,0.09844011605828928,34.95145583561127,-0.009999999999999787,3.7791751943031615,2.629824805696839,0.15062142857142863,800854.7,-18446212.0,3.31,3.02,3.28
2025-06-03,3.27,3.505,3.24,3.49,527409.0,3.2405,3.196641309515452,0.11210085612213172,45.5284547663428,0.20000000000000018,3.7902358217218692,2.6907641782781306,0.15642857142857144,802246.25,-17918803.0,3.27,3.28,3.29
2025-06-04,3.49,3.605,3.48,3.55,516418.0,3.2855,3.230294518133028,0.12631253729896397,56.36363564628099,0.25,3.7758478893924066,2.795152110607593,0.15285714285714286,808541.35,-17402385.0,3.49,3.25,3.3
2025-06-05,3.53,3.67,3.4385,3.56,497933.0,3.3274999999999997,3.2616950402155966,0.1368053070266928,61.76470503460211,0.41999999999999993,3.7535899336747547,2.9014100663252447,0.1608214285714286,800212.35,-16904452.0,3.55,3.27,3.14
2025-06-06,3.59,3.74,3.59,3.74,694978.0,3.374,3.307247893528397,0.15782607753101985,69.82758536414985,0.6100000000000003,3.7637313514663657,2.9842686485336345,0.16546428571428576,807535.15,-16209474.0,3.56,3.31,3.13
2025-06-09,3.75,3.79,3.62,3.66,713035.0,3.3725,3.340843332239978,0.16611498801126467,65.04064966620399,0.6400000000000001,3.757310274509961,2.987689725490039,0.1683214285714286,631228.2,-16922509.0,3.74,3.27,3.02
2025-06-10,3.66,3.89,3.565,3.75,725229.0,3.3810000000000002,3.3798106339314087,0.17789558752699808,67.17557180117711,0.4700000000000002,3.7917451508507183,2.970254849149282,0.1783214285714286,626804.8,-16197280.0,3.66,3.49,3.28
2025-06-11,3.8,3.83,3.7,3.75,770505.0,3.3885000000000005,3.4150667640331793,0.1850981018196438,76.52173819886579,0.5,3.820984864353364,2.956015135646637,0.17546428571428577,627952.5,-16197280.0,3.75,3.55,3.25
2025-06-12,3.71,3.77,3.62,3.63,774090.0,3.3994999999999997,3.4355365960300195,0.17905906769770352,69.84126906525574,0.3599999999999999,3.845274311554755,2.9537256884452443,0.17867857142857146,628906.95,-16971370.0,3.75,3.56,3.27
2025-06-13,3.56,3.72,3.55,3.65,554533.0,3.4160000000000004,3.4559616821223984,0.17388251312697856,76.92307600262986,0.33999999999999986,3.8736553518234467,2.958344648176554,0.18403571428571433,636365.8,-16416837.0,3.63,3.74,3.31
2025-06-16,3.7,3.785,3.65,3.76,561149.0,3.44,3.484917712396456,0.17662016965274097,73.52941075547868,0.48999999999999977,3.917537543302272,2.962462456697728,0.17653571428571432,636528.35,-15855688.0,3.65,3.66,3.27
2025-06-17,3.7,3.9499,3.68,3.78,921169.0,3.4644999999999997,3.513020787406317,0.1783477333734642,76.2376227056171,0.2899999999999996,3.959590634977189,2.9694093650228104,0.18760000000000002,660211.85,-14934519.0,3.76,3.75,3.49
2025-06-18,3.76,3.915,3.72,3.8,922965.0,3.4894999999999996,3.5403521409866676,0.17926422650652674,76.2376227056171,0.25,3.999875506754339,2.9791244932456604,0.19260000000000002,677390.55,-14011554.0,3.78,3.75,3.55
2025-06-20,3.84,3.87,3.735,3.8,1144785.0,3.5224999999999995,3.565080508511747,0.17793937951383754,75.25773087256883,0.23999999999999977,4.0229787181973204,3.022021281802679,0.1918857142857143,713022.1,-14011554.0,3.8,3.63,3.56
2025-06-23,3.76,4.03,3.76,3.97,991471.0,3.5645000000000002,3.603644269605866,0.1884348483427698,81.8181807768595,0.22999999999999998,4.067270220614601,3.0617297793853995,0.19438571428571436,730278.5,-13020083.0,3.8,3.65,3.74
2025-06-24,4.0,4.1,3.89,4.0,1303604.0,3.6135000000000006,3.6413924344053075,0.19690355072050547,78.0219768216399,0.33999999999999986,4.082733417394811,3.14426658260519,0.1904571428571429,773405.9,-11716479.0,3.97,3.76,3.66
2025-06-25,4.01,4.03,3.82,3.84,627668.0,3.6414999999999997,3.660307440652421,0.18853112607946665,64.35643475149496,0.08999999999999986,4.093455982952244,3.189544017047756,0.19652857142857152,764844.8,-12344147.0,4.0,3.78,3.75
2025-06-26,3.84,3.8799,3.74,3.79,497632.0,3.6685000000000003,3.672659112971238,0.1758344272743284,60.95238013968255,0.040000000000000036,4.085116698758252,3.2518833012417483,0.18998571428571437,762893.55,-12841779.0,3.84,3.8,3.75
2025-06-27,3.8,3.82,3.735,3.81,2284246.0,3.6955,3.6857391974501676,0.1654785016888285,53.9325834212852,0.18000000000000016,4.071376519477807,3.3196234805221927,0.1853428571428572,857582.8,-10557533.0,3.79,3.8,3.63
2025-06-30,3.85,3.95,3.835,3.9,585486.0,3.725,3.7061449881691995,0.16265857706555886,63.33333234814815,0.25,4.064318201847878,3.385681798152122,0.18141428571428578,822540.5,-9972047.0,3.81,3.97,3.65
2025-07-01,3.85,4.085,3.85,4.05,559274.0,3.7640000000000002,3.7388930845340376,0.17056138737991366,65.62499904296875,0.29000000000000004,4.0596099848751885,3.468390015124812,0.17498571428571433,808678.95,-9412773.0,3.9,4.0,3.76
2025-07-02,4.06,4.115,3.99,4.02,416722.0,3.7905,3.765665171721272,0.1724161659751502,63.636362736455446,0.23999999999999977,4.077588836425269,3.5034111635747314,0.1746285714285715,803144.6,-9829495.0,4.05,3.84,3.78
2025-07-03,4.01,4.09,3.96,4.03,237669.0,3.8145000000000002,3.790839917271627,0.17270220429363814,72.72727157024795,0.23000000000000043,4.097154708452807,3.531845291547193,0.17320000000000005,789207.15,-9591826.0,4.02,3.79,3.8
2025-07-07,4.02,4.195,4.0,4.03,572697.0,3.838,3.813617068007663,0.170958192101073,72.09302208220662,0.23000000000000043,4.109494887031461,3.566505112968539,0.17498571428571433,792945.35,-9591826.0,4.03,3.81,3.8
2025-07-08,4.05,4.23,4.04,4.17,461691.0,3.8594999999999997,3.8475582996259807,0.1788116504447772,73.0337067163237,0.19999999999999973,4.164370982203111,3.554629017796889,0.17891428571428578,781281.0,-9130135.0,4.03,3.9,3.97
2025-07-09,4.19,4.19,4.11,4.17,276817.0,3.8849999999999993,3.878267032994935,0.18292690526739763,72.41379193816886,0.16999999999999993,4.204572082306151,3.5654279176938477,0.16535000000000008,759470.1,-9130135.0,4.17,4.05,4.0
2025-07-10,4.18,4.195,4.11,4.185,435170.0,3.9067499999999997,3.9074796965192267,0.18526305186326963,72.25433409068128,0.34499999999999975,4.246227539757811,3.5672724602421884,0.15749285714285724,744967.15,-8694965.0,4.17,4.02,3.84
2025-07-11,4.13,4.15,3.9,3.92,464567.0,3.9152499999999995,3.908672106374538,0.16384250515789,55.309733828021,0.1299999999999999,4.246618375075257,3.583881624924742,0.16570714285714297,729670.25,-9159532.0,4.185,4.03,3.79
2025-07-14,3.88,4.035,3.88,4.02,369429.0,3.9347499999999997,3.9192747629102964,0.15317008246669106,52.35848987451048,0.20999999999999952,4.240337871762669,3.62916212823733,0.15749285714285724,709437.2,-8790103.0,3.92,4.03,3.81
2025-07-15,4.04,4.09,3.94,3.95,368036.0,3.9497499999999994,3.922200975966459,0.13747892414775453,47.72727211983472,0.050000000000000266,4.224368874653229,3.67513112534677,0.15320714285714296,700112.35,-9158139.0,4.02,4.17,3.9
2025-07-16,3.98,4.055,3.92,4.02,687326.0,3.9627499999999998,3.931515168731558,0.1292026157879298,58.910890272522316,-0.03000000000000025,4.223830245780601,3.701669754219399,0.14785000000000006,706421.2,-8470813.0,3.95,4.17,4.05
