Date,Open,High,Low,Close,Volume,SMA_20,EMA_20,MACD,RSI_14,Momentum_10,Bollinger_Upper,Bollinger_Lower,ATR_14,Volume_MA_20,OBV,Lag_1,Lag_5,Lag_10
2023-08-15,303.97,304.05,301.8,301.8,1874,296.106,298.7407778679591,2.7136875555962092,59.67078187925281,12.210000000000036,315.5805646799532,276.63143532004676,3.999285714285723,3957.3,42673,298.71,310.2,289.59
2023-08-16,299.0,300.0,291.6,291.6,2342,296.19100000000003,298.0607037852963,1.7744463978581848,51.06472992927791,0.4700000000000273,315.5660994836156,276.8159005163845,4.480714285714291,4023.35,40331,301.8,313.0,291.13
2023-08-17,294.48,295.96,292.4,292.4,3815,296.456,297.5215891390776,1.0797937240550937,52.593434691824505,-0.35000000000002274,315.44876693347953,277.4632330665205,4.585000000000008,4137.9,44146,291.6,305.65,292.75
2023-08-18,290.62,301.99,290.62,296.82,1330,296.88649999999996,297.4547711258321,0.8285424292650418,54.93109969239347,-2.3000000000000114,315.47837176670146,278.29462823329845,5.35928571428572,4144.45,45476,292.4,310.1,299.12
2023-08-21,298.455,302.97,298.455,301.52,3792,297.701,297.84193578051475,0.9467320876881331,57.58423393762009,-13.100000000000023,315.5553886982857,279.84661130171435,5.648928571428578,4154.8,49268,296.82,298.71,314.62
2023-08-22,303.0,303.11,301.02,302.01,4280,298.4715,298.23889427760855,1.0615664412855494,57.01030926806513,-8.189999999999998,315.62506679190096,281.317933208099,5.693214285714297,4321.5,53548,301.52,301.8,310.2
2023-08-23,304.01,304.01,304.01,304.01,2050,299.16949999999997,298.7885233940268,1.2789514856904134,57.21979993843192,-8.990000000000009,316.0135043682579,282.32549563174206,5.489642857142867,4249.1,55598,302.01,291.6,313.0
2023-08-24,300.52,300.52,300.52,300.52,1086,299.691,298.953425927929,1.186001847857085,50.932090536444065,-5.1299999999999955,315.9883654958481,283.39363450415186,4.806071428571438,4129.8,54512,304.01,292.4,305.65
2023-08-25,303.4,303.4,303.4,303.4,746,300.4235,299.37690917288813,1.3056362759806461,41.0211267513717,-6.7000000000000455,315.94896061694845,284.8980393830515,3.6817857142857235,3864.7,55258,300.52,296.82,310.1
2023-08-28,305.0,305.0,299.6,299.6,8305,300.9275,299.39815591832735,1.1098663648802471,41.432266398641296,0.8900000000000432,315.59325800614255,286.26174199385747,3.639642857142864,4231.0,46953,303.4,301.52,298.71
2023-08-29,304.0,304.0,298.14,300.0,2416,301.448,299.45547440229615,0.9732067133530791,39.06828118824495,-1.8000000000000114,315.12513512630306,287.7708648736969,3.7082142857142952,4245.0,49369,299.6,302.01,301.8
2023-08-30,299.6,300.98,290.69,291.2,3901,301.4515,298.6692387449346,0.21158808778704952,38.13823673396922,-0.4000000000000341,315.1175490189912,287.7854509810088,3.9239285714285796,2825.7,45468,300.0,304.01,291.6
2023-08-31,292.0,294.8,292.0,294.8,3571,301.554,298.3007398168456,-0.1209490291818156,37.26273725405131,2.400000000000034,314.9737849225841,288.13421507741583,4.038214285714291,2877.7,49039,291.2,300.52,292.4
2023-09-01,304.1,304.1,304.1,304.1,1749,301.803,298.8530503104793,0.3092087445975267,54.64895634353834,7.28000000000003,315.21743229079067,288.3885677092093,4.038214285714291,2843.5,50788,294.8,303.4,296.82
2023-09-05,300.02,300.02,299.14,299.14,1379,301.029,298.8803788523384,0.2726273715210823,47.77740640593441,-2.3799999999999955,313.04287601243254,289.01512398756745,3.9403571428571484,2648.55,49409,304.1,299.6,301.52
2023-09-06,295.14,295.14,295.14,295.14,833,300.276,298.52415229497285,-0.058500790374068856,53.29977627244224,-6.8700000000000045,311.7450951324807,288.80690486751934,3.34035714285715,2546.45,48576,299.14,300.0,302.01
2023-09-07,294.48,297.85,294.48,297.85,1703,299.5185,298.45994731449923,-0.11304966777049685,54.905490535217375,-6.159999999999968,309.3306820632366,289.7063179367634,3.326785714285722,2519.75,50279,295.14,291.2,304.01
2023-09-08,299.1,299.1,288.59,292.33,2397,298.85249999999996,297.87614280835646,-0.57135943339091,46.0370697150129,-8.189999999999998,308.7203955789921,288.9846044210078,3.265357142857153,2509.7,47882,297.85,294.8,300.52
2023-09-11,293.55,293.55,293.55,293.55,855,298.025,297.46412920756063,-0.8308952869393238,42.50517207833232,-9.849999999999966,306.6144439498968,289.4355560501032,2.94285714285715,2476.0,48737,292.33,304.1,303.4
2023-09-12,296.0,296.0,296.0,296.0,1087,297.8895,297.3246883306501,-0.8379605534002508,44.54924722249794,-3.6000000000000227,306.5188537600325,289.26014623996747,2.7935714285714335,2475.55,49824,293.55,299.14,299.6
2023-09-13,291.01,291.01,291.01,291.01,1499,297.35,296.7232894420167,-1.215062230467197,38.81624224804842,-8.990000000000009,306.2934080399152,288.4065919600848,2.7935714285714335,2456.8,48325,296.0,295.14,300.0
2023-09-14,291.0,295.0,291.0,295.0,2296,297.52,296.55916663801514,-1.1905316139621505,45.29170930341039,3.8000000000000114,306.1261006513433,288.9138993486567,3.0792857142857195,2454.5,50621,291.01,297.85,291.2
2023-09-15,291.56,291.56,290.75,290.75,5855,297.4375,296.0059126724899,-1.4843609371433786,39.45657608680798,-4.050000000000011,306.27868323826794,288.59631676173206,3.1371428571428623,2556.5,44766,295.0,292.33,294.8
2023-09-18,292.27,292.27,292.27,292.27,1003,297.21000000000004,295.6501114655861,-1.5802376001951757,43.649280876605594,-11.830000000000041,306.3472874012275,288.07271259877257,2.7514285714285784,2540.15,45769,290.75,293.55,304.1
2023-09-19,296.0,296.0,294.01,294.01,2427,296.8345,295.4939103736255,-1.5027442158907434,44.92802708502977,-5.1299999999999955,305.8423503189396,287.82664968106036,2.4750000000000063,2471.9,48196,292.27,296.0,299.14
2023-09-20,297.0,300.97,294.1,294.1,4829,296.43899999999996,295.3611570047088,-1.4178850208076028,52.88041317559943,-1.0399999999999636,305.18073028759477,287.69726971240516,2.230714285714291,2499.35,53025,294.01,291.01,295.14
2023-09-21,292.0,294.85,292.0,294.85,1396,295.98100000000005,295.31247538521274,-1.27698099243554,50.052642646857514,-3.0,303.9809260522899,287.98107394771023,2.2342857142857206,2466.65,54421,294.1,295.0,297.85
2023-09-22,297.94,297.94,290.025,292.55,1663,295.5825,295.04938249138297,-1.3309352340035616,35.73721905407956,0.22000000000002728,303.4228487435862,287.74215125641376,2.7996428571428646,2495.5,52758,294.85,290.75,292.33
2023-09-25,292.11,292.11,292.11,292.11,2223,295.01800000000003,294.76944130172745,-1.3922563870571594,40.227967735246345,-1.4399999999999977,302.0750505244943,287.96094947550574,2.7367857142857224,2569.35,50535,292.55,292.27,293.55
2023-09-26,293.0,293.0,293.0,293.0,2568,294.688,294.6009230825153,-1.3548797473098944,46.74376139213598,-3.0,301.4541529145564,287.9218470854436,2.7367857142857224,2282.5,53103,292.11,294.01,296.0
2023-09-27,295.34,295.34,295.34,295.34,1956,294.45500000000004,294.67131136037096,-1.1271406492933806,46.1372729871984,4.329999999999984,300.7558921674051,288.154107832595,2.4960714285714363,2259.5,55059,293.0,294.1,291.01
2023-09-28,293.205,293.205,293.205,293.205,2723,294.55525,294.53166265938324,-1.10307708046372,51.50317812331062,-1.795000000000016,300.69995030531254,288.41054969468746,1.745357142857147,2200.6,52336,295.34,294.85,295.0
2023-09-29,294.0,294.0,294.0,294.0,1310,294.51525000000004,294.48102812039434,-1.009280930435068,50.784518803661655,3.25,300.6636562761699,288.3668437238302,1.745357142857147,2087.55,53646,293.205,292.55,290.75
2023-10-02,293.39,293.39,293.39,293.39,1120,293.97974999999997,294.37712068035677,-0.9721776444700367,45.13785392578501,1.1200000000000045,298.16562408340343,289.7938759165965,1.745357142857147,2056.1,52526,294.0,292.11,292.27
2023-10-03,291.21,291.21,291.21,291.21,864,293.58325,294.0754901393704,-1.1033824543675905,50.41614645418948,-2.8000000000000114,297.1705496368041,289.99595036319596,1.745357142857147,2030.35,51662,293.39,293.0,294.01
2023-10-04,292.0,292.0,292.0,292.0,1124,293.42625,293.87782441181133,-1.1313849531274514,42.79884778688509,-2.1000000000000227,297.0015054196579,289.85099458034205,1.4596428571428615,2044.9,52786,291.21,295.34,294.1
2023-10-05,292.5,292.5,292.5,292.5,1655,293.15875,293.7466030392579,-1.1010126769367048,55.122950774489375,-2.3500000000000227,296.08139817732575,290.23610182267424,1.4017857142857184,2042.5,54441,292.0,293.205,294.85
2023-10-06,296.29,296.29,296.29,296.29,1047,293.35675000000003,293.9888313212333,-0.7658081103772929,60.38759685553358,3.740000000000009,296.56554428905594,290.14795571094413,1.4017857142857184,1975.0,55488,292.5,294.0,292.55
2023-10-09,297.0,297.0,297.0,297.0,758,293.52925,294.27560929063964,-0.43845049512378864,58.1604803048992,4.889999999999986,297.1289141290694,289.92958587093057,1.2596428571428606,1970.15,56246,296.29,293.39,292.11
2023-10-10,304.99,304.99,304.99,304.99,1227,293.97875,295.29602745343584,0.4540565565641259,70.7665903512306,11.990000000000009,300.18149461746384,287.77600538253614,0.7689285714285745,1977.15,57473,297.0,291.21,293.0
2023-10-11,299.5,301.71,299.5,301.71,1323,294.51374999999996,295.90688198168004,0.8887885107985198,61.93043475245117,6.3700000000000045,301.4417396643598,287.58576033564015,0.7232142857142857,1968.35,56150,304.99,292.0,295.34
2023-10-12,292.98,301.465,292.98,301.465,1221,294.837,296.43622655485336,1.1998286913070615,66.69788346380322,8.259999999999991,302.4317290586094,287.2422709413906,0.7639285714285668,1914.6,54929,301.71,292.5,293.205
2023-10-13,303.5,303.5,303.5,303.5,833,295.4745,297.1089668829626,1.5908624317077056,70.13078822969837,9.5,303.73595705257736,287.2130429474226,0.7639285714285668,1663.5,55762,301.465,296.29,294.0
2023-10-16,302.8,302.8,302.8,302.8,1789,296.001,297.65097003696616,1.8236122791142293,67.43772238632994,9.410000000000025,304.7314130245337,287.27058697546624,0.7639285714285668,1702.8,53973,303.5,297.0,293.39
2023-10-17,305.0,305.33,305.0,305.33,3205,296.567,298.3823062239218,2.1856064608340375,67.65641566111026,14.120000000000005,306.17735154622903,286.956648453771,0.7874999999999943,1741.7,57178,302.8,304.99,291.21
2023-10-18,304.2,304.85,304.2,304.85,1787,297.10450000000003,298.99827705973877,2.4062120124600597,71.86033410902783,12.850000000000023,307.3174787911987,286.89152120880135,0.8339285714285681,1589.6,55391,305.33,301.71,292.0
2023-10-19,300.81,300.81,300.81,300.81,1995,297.4025,299.1708221016684,2.2311754276594797,61.39558230055091,8.310000000000002,307.68606199808323,287.1189380019167,0.8339285714285681,1619.55,53396,304.85,301.465,292.5
2023-10-20,302.7,302.7,294.84,301.91,2184,297.8705,299.4316961872238,2.1558795130379167,64.0270002997571,5.6200000000000045,308.07587159900044,287.66512840099955,1.3953571428571405,1645.6,55580,300.81,303.5,296.29
2023-10-23,298.9,298.9,298.9,298.9,1499,298.21,299.3810584551072,1.833379610665645,62.32371792075214,1.8999999999999773,308.0538540804857,288.3661459195143,1.3953571428571405,1609.4,54081,301.91,302.8,297.0
2023-10-24,299.02,303.0,299.0,303.0,3322,298.71,299.7257195546208,1.8853797042982592,65.93740941978774,-1.990000000000009,308.4549792740996,288.96502072590033,1.6810714285714263,1647.1,57403,298.9,305.33,304.99
2023-10-25,298.5,298.5,298.5,298.5,1531,298.86800000000005,299.6089843589426,1.5471693433192968,57.790184346687525,-3.2099999999999795,308.4845413412735,289.2514586587266,1.6810714285714263,1625.85,55872,303.0,304.85,301.71
2023-10-26,292.0,296.0,292.0,294.36,3814,298.92575,299.1090810866624,0.9356045403304734,47.51672669415248,-7.104999999999961,308.41209102552887,289.4394089744711,1.966785714285712,1680.4,52058,298.5,300.81,301.465
2023-10-27,290.01,290.01,286.05,286.05,2077,298.52824999999996,297.86535907840886,-0.21467668036098075,38.2156693815106,-17.44999999999999,309.4424364585791,287.6140635414208,2.2496428571428533,1718.75,49981,294.36,301.91,303.5
2023-10-30,290.0,296.0,290.0,294.0,3698,298.55875000000003,297.4972296423699,-0.4813577224526284,38.162429975564976,-8.800000000000011,309.415737017827,287.7017629821731,2.678214285714282,1847.65,53679,286.05,298.9,302.8
2023-10-31,290.5,290.89,289.4,290.89,3220,298.54275,296.86796967642994,-0.9321148462902329,38.302702691108394,-14.439999999999998,309.4461803993599,287.63931960064014,2.6267857142857127,1965.45,50459,294.0,303.0,305.33
2023-11-01,286.63,286.63,286.63,286.63,936,298.27425000000005,295.89292494534135,-1.6134771393576557,35.24321097198043,-18.220000000000027,310.08296189329934,286.46553810670076,2.0207142857142872,1956.05,49523,290.89,298.5,304.85
2023-11-02,290.08,290.08,290.08,290.08,1878,298.15325,295.33931304578505,-1.8544173588840067,37.01625385994141,-10.730000000000018,310.25699377707383,286.0495062229262,2.0207142857142872,1967.2,51401,286.63,294.36,300.81
2023-11-03,293.79,293.79,293.79,293.79,2393,298.02825,295.19175942237695,-1.7268201377365813,41.76266226760511,-8.120000000000005,310.26393262135497,285.79256737864506,2.0207142857142872,2034.5,53794,290.08,286.05,301.91
2023-11-06,291.15,291.15,291.15,291.15,1321,297.73575,294.80682995357915,-1.8172823603090933,37.062043786152046,-7.75,310.34880558997463,285.12269441002536,1.9971428571428598,2062.65,52473,293.79,294.0,298.9
2023-11-07,292.5,292.98,292.5,292.98,1831,297.13525,294.6328461484764,-1.7217659218797507,39.430097942083364,-10.019999999999982,309.433770011517,284.83672998848294,1.9850000000000014,2092.85,54304,291.15,290.89,303.0
2023-11-08,293.5,293.5,290.0,292.84,3283,296.69175,294.46209889624055,-1.6384516417504074,42.37320573027321,-5.660000000000025,308.9352579574959,284.44824204250415,2.2350000000000017,2190.85,51021,292.98,286.63,298.5
2023-11-09,290.01,290.01,289.52,289.52,2907,296.09450000000004,293.99142281088433,-1.81886172148063,38.626767017793746,-4.840000000000032,308.52161377762786,283.6673862223722,1.7085714285714297,2275.15,48114,292.84,290.08,294.36
2023-11-10,293.01,295.89,293.01,295.89,1584,295.714,294.1722396860382,-1.432181539681494,47.397544515587676,9.839999999999975,307.6424029018757,283.7855970981243,1.914285714285715,2312.7,49698,289.52,293.79,286.05
2023-11-13,293.7,295.5,293.16,293.16,1998,295.232,294.07583590641553,-1.3303453831904903,41.285866089656395,-0.839999999999975,306.7259555739896,283.73804442601045,1.7957142857142847,2323.15,47700,295.89,291.15,294.0
2023-11-14,307.0,308.94,307.0,307.25,3467,295.32800000000003,295.33051820104265,-0.11303421952987946,56.6237698593076,16.360000000000014,307.2028360210287,283.45316397897136,1.934285714285713,2336.25,51167,293.16,292.98,290.89
2023-11-15,321.5001,323.75,320.99,323.75,6112,296.273,298.03713551522907,2.1564472380982806,68.74123197344242,37.120000000000005,313.25030261880636,279.2956973811937,1.8457142857142839,2552.5,57279,307.25,292.84,286.63
2023-11-16,324.0,324.0,324.0,324.0,3168,297.4325,300.50978927568343,3.9298405147611106,76.97228143457548,33.920000000000016,318.4106850351364,276.4543149648636,1.5628571428571425,2611.15,60447,323.75,289.52,290.08
2023-11-17,326.33,327.8,323.0,326.1,6722,298.642,302.9469522018088,5.4417664050600365,74.88372091397869,32.31,323.19235606988,274.09164393012,1.4771428571428575,2838.05,67169,324.0,295.89,293.79
2023-11-20,320.2,323.8,320.2,321.7,3723,299.782,304.7329567540175,6.2136581941472855,73.41541266107586,30.55000000000001,326.4121480123166,273.15185198768336,1.6278571428571442,2949.25,63446,326.1,293.16,291.15
2023-11-21,321.88,321.88,321.52,321.52,2587,300.70799999999997,306.3317227774444,6.733241851928426,78.26932424087222,28.539999999999964,329.0427223106394,272.3732776893605,1.653571428571431,2912.5,60859,321.7,307.25,292.98
2023-11-22,327.0,327.0,324.87,324.87,2963,302.0265,308.09727298911633,7.330567591396459,78.23405289571042,32.03000000000003,332.31537742702704,271.73762257297295,1.8057142857142878,2984.1,63822,321.52,323.75,292.84
2023-11-24,327.0,336.9,327.0,336.9,2021,304.1535,310.84038984729574,8.673850054292473,80.82368080749983,47.379999999999995,337.9473943566654,270.3596056433346,2.5128571428571433,2894.45,65843,324.87,324.0,289.52
2023-11-27,331.89,331.89,331.89,331.89,2478,306.4455,312.84511462374377,9.228062978596995,78.17427384378365,36.0,341.2718091566372,271.6191908433628,2.5128571428571433,2914.5,63365,336.9,326.1,295.89
2023-11-28,328.365,328.365,314.52,317.0,6539,307.5955,313.24081799291105,8.370149108523663,64.0698219201385,23.839999999999975,342.20975959584297,272.98124040415706,3.467500000000001,3056.55,56826,331.89,321.7,293.16
2023-11-29,314.5,328.2,314.5,327.0,4331,309.40099999999995,314.5512162793005,8.3997898400753,67.93740809755175,19.75,344.11323773283755,274.68876226716236,4.196071428571429,3112.1,61157,317.0,321.52,307.25
2023-11-30,326.07,328.77,323.18,325.58,24641,311.34849999999994,315.6015766336528,8.214072619274305,69.32061722063344,1.829999999999984,345.03700766093726,277.6599923390626,4.560357142857141,4297.35,36516,327.0,324.87,323.75
2023-12-01,328.1985,331.03,328.1985,331.03,4018,313.39599999999996,317.0709502875907,8.409460452578628,69.01515150469467,7.029999999999973,346.6162097017998,280.1757902982001,4.556892857142851,4404.35,40534,325.58,336.9,324.0
2023-12-04,332.99,332.99,330.0,332.8,5099,315.3465,318.56895502210585,8.607819912100638,71.67541556207942,6.699999999999989,348.29956727996455,282.39343272003543,4.603321428571426,4539.65,45633,331.03,331.89,326.1
2023-12-05,333.0,335.0,329.49,329.49,4046,317.26349999999996,319.60905454381003,8.401210528608146,63.786263316476465,7.7900000000000205,348.7164464940547,285.8105535059452,4.858321428571425,4675.9,41587,332.8,317.0,321.7
2023-12-06,328.88,328.88,318.91,323.94,3341,318.81149999999997,320.02152553963765,7.701057493109317,50.13627885953367,2.420000000000016,348.21281917913984,289.4101808208601,5.3733214285714235,4751.4,38246,329.49,327.0,321.52
2023-12-07,318.4574,324.6,318.4574,324.6,1968,320.3995,320.4575707263388,7.117367545965692,50.4278379819454,-0.2699999999999818,347.21124720940475,293.58775279059523,5.812078571428567,4685.65,40214,323.94,325.58,324.87
2023-12-08,322.06,322.06,315.0,315.0,2050,321.6735,319.93780208573514,5.813435593153372,42.84978097655376,-21.899999999999977,344.4205347633771,298.9264652366229,5.973507142857138,4642.8,38164,324.6,331.03,336.9
2023-12-11,314.0,318.0,314.0,315.21,2199,322.6395,319.48753522042705,4.74233350404586,45.58082526708251,-16.680000000000007,342.1929672924743,303.0860327075257,6.002078571428565,4673.55,40363,315.0,332.8,331.89
2023-12-12,310.995,313.5,310.995,313.5,1688,323.65649999999994,318.91729377086256,3.712743453563178,44.65048024779742,-3.5,338.23773996604314,309.07526003395674,6.155292857142849,4658.05,38675,315.21,329.49,317.0
2023-12-13,315.0,322.5,311.23,320.22,3402,324.30499999999995,319.0413610307804,3.399677267136724,47.03178857834235,-6.779999999999973,336.8213884146879,311.788611585312,6.8081499999999915,4654.8,42077,313.5,323.94,327.0
2023-12-14,313.0,314.57,313.0,314.57,3990,323.846,318.61551712308705,2.665071091839593,34.48227935395762,-11.009999999999991,337.0996666624737,310.5923333375263,6.213149999999993,4548.7,38087,320.22,324.6,325.58
2023-12-15,317.8,331.64,314.8,331.64,18548,324.22799999999995,319.8559440637454,3.420501568849886,49.851208181193705,0.6100000000000136,337.93307182338623,310.5229281766137,7.416007142857134,5317.7,56635,314.57,315.0,331.03
2023-12-18,329.4,333.9,327.0,329.0,5106,324.373,320.72680653386493,3.7628331008256737,58.36120400199195,-3.8000000000000114,338.2220723231013,310.52392767689867,6.919935714285701,5236.9,51529,331.64,315.21,332.8
2023-12-19,322.08,332.425,322.08,330.16,4115,324.796,321.6252059115921,4.080672392701558,52.51112522671401,0.6700000000000159,338.8170419313998,310.7749580686002,6.680292857142847,5256.5,55644,329.0,313.5,329.49
2023-12-20,334.94,334.94,334.94,334.94,2930,325.467,322.8932815390595,4.664416118315103,57.060953518424064,11.0,340.09908025646195,310.834919743538,6.281007142857135,5273.65,58574,330.16,320.22,323.94
2023-12-21,342.21,342.21,342.21,342.21,1402,326.334,324.73296901153003,5.648436206737358,58.20851687496447,17.609999999999957,342.7618472177729,309.9061527822271,6.078757142857138,5195.6,59976,334.94,314.57,324.6
2023-12-22,342.95,342.95,342.95,342.95,1625,326.6365,326.4679243437653,6.4140394046805795,57.566721323901355,27.94999999999999,344.0752545125027,309.19774548749734,5.865185714285709,5175.8,61601,342.21,331.64,315.0
2023-12-26,345.0,350.2,344.26,349.97,5320,327.5405,328.7062172634067,7.5006793137421255,64.46736364930004,34.76000000000005,347.77612203015593,307.3048779698441,5.895899999999996,5317.9,66921,342.95,329.0,315.21
2023-12-27,350.05,357.34,350.05,357.34,1659,329.5575,331.4332441907013,8.8543826219518,73.00275480685895,43.839999999999975,353.1352512208341,305.9797487791659,5.7044714285714235,5073.9,68580,349.97,330.16,313.5
2023-12-28,350.0,351.1,350.0,351.1,1920,330.7625,333.3062685534917,9.316361152648426,66.94806854774531,30.879999999999995,356.1813996200603,305.3436003799397,5.34428571428571,4953.35,66660,357.34,334.94,320.22
2023-12-29,337.16,340.82,337.16,340.82,1561,331.5245,334.02186202458773,8.752190010017898,66.37078365547563,26.25,357.2016628823002,305.8473371176998,5.101428571428564,3799.35,65099,351.1,342.21,314.57
2024-01-02,330.18,346.5,330.18,346.5,1797,332.298,335.21025611748416,8.663483813118944,68.5521166730733,14.860000000000014,358.8302418359638,305.7657581640362,5.981428571428564,3688.3,66896,340.82,342.95,331.64
2024-01-03,334.65,334.65,334.0,334.0,2489,332.358,335.09499363010474,7.498216536222628,60.77586206002038,5.0,358.9004471167851,305.81555288321493,5.848928571428563,3557.8,64407,346.5,349.97,329.0
2024-01-04,324.67,324.67,322.48,323.0,2747,332.0335,333.94308947485666,5.622407692799527,51.39839033481309,-7.160000000000025,358.88052416126885,305.18647583873116,5.200357142857135,3492.85,61660,334.0,357.34,330.16
2024-01-05,313.35,315.75,313.35,315.75,4126,331.62399999999997,332.21041428677506,3.5103937151329205,50.58415840882992,-19.189999999999998,359.2299363562482,304.01806364375176,5.259642857142849,3532.1,57534,323.0,351.1,334.94
2024-01-08,321.79,332.97,318.38,328.0,6827,331.794,331.80942244993935,2.792798257503989,48.10771469459859,-14.20999999999998,359.2593292639814,304.3286707360186,5.098928571428567,3775.05,64361,315.75,340.82,342.21
2024-01-09,321.8806,322.2,321.8806,322.2,1160,332.154,330.89423935946894,1.7361137516563758,46.57741090545517,-20.75,358.87103529093014,305.43696470906985,4.628885714285709,3730.55,63201,328.0,346.5,342.95
2024-01-10,324.85,324.85,324.85,324.85,1610,332.636,330.31859751571,1.0998224432275947,47.36685509607125,-25.120000000000005,358.3966500408332,306.87534995916684,3.889957142857136,3701.1,64811,322.2,334.0,349.97
2024-01-11,318.0,320.15,318.0,320.15,2085,332.96850000000006,329.35015965707095,0.2138685248719412,42.66004962186361,-37.19,357.84569418516253,308.0913058148376,4.0435285714285625,3720.95,62726,324.85,323.0,357.34
2024-01-12,318.0,318.0,318.0,318.0,927,332.8575,328.26919207068323,-0.6541901411119966,37.341838329783705,-33.10000000000002,357.99267382390383,307.7223261760962,4.0435285714285625,3597.2,61799,320.15,315.75,351.1
2024-01-16,318.98,323.17,313.63,313.63,3402,332.81049999999993,326.87498330204676,-1.6754198051355047,35.230707228559055,-27.189999999999998,358.0927404695046,307.5282595304953,4.724957142857136,3567.8,58397,318.0,328.0,340.82
2024-01-17,312.0,315.9,310.0,315.9,5044,332.0235,325.8297467970899,-2.2753623537979593,31.975452328349817,-30.600000000000023,358.41475874024775,305.6322412597523,4.722099999999991,2892.6,63441,313.63,322.2,346.5
2024-01-18,318.46,321.28,315.53,321.28,4099,331.6375,325.3964375783194,-2.2903211004596074,30.512321655564506,-12.720000000000027,358.437615376813,304.83738462318695,4.612099999999994,2842.25,67540,315.9,324.85,334.0
2024-01-19,323.24,337.54,323.03,337.54,5155,332.0065,326.5529673327652,-0.9789096268677895,43.38794616142548,14.54000000000002,358.9239279486058,305.0890720513942,5.569957142857139,2894.25,72695,321.28,320.15,323.0
2024-01-22,340.04,343.0,338.2,339.3,5202,332.2245,327.7669704439304,0.20009714465749084,49.19166134132438,23.55000000000001,359.31204576903264,305.1369542309673,5.651385714285714,3007.85,77897,337.54,318.0,315.75
2024-01-23,339.0,341.97,334.51,336.6,7434,331.944,328.6082113540323,0.9061639884344004,44.56282951863051,8.600000000000023,358.71044828295635,305.1775517170437,5.018528571428574,3309.45,70463,339.3,313.63,328.0
2024-01-24,337.01,338.25,326.7,326.7,7015,331.1315,328.42647693936254,0.6593103476300826,45.87290817907937,4.5,357.47445054009444,304.7885494599056,5.797100000000005,3578.95,63448,336.6,315.9,322.2
2024-01-25,329.98,333.8,327.24,333.8,4842,330.323,328.93824104037566,1.0247544324284945,56.38750886220221,8.949999999999989,355.1822916865678,305.46370831343216,6.109242857142862,3555.05,68290,326.7,321.28,324.85
2024-01-26,332.0,335.31,332.0,335.31,3637,329.2215,329.5450752270066,1.4198445511882483,62.41116750160206,15.160000000000025,350.77247582355227,307.6705241764477,6.174242857142864,3653.95,71927,333.8,337.54,320.15
2024-01-29,335.15,336.21,333.03,336.21,3380,328.477,330.17982996729165,1.7849999790041124,56.085989610300885,18.20999999999998,347.7544557176857,309.19954428231426,5.359242857142862,3726.95,75307,335.31,339.3,318.0
2024-01-30,334.98,341.0,332.96,332.96,7595,328.084,330.44460806564484,1.7914964753383629,58.289676412695584,19.329999999999984,346.60769793705146,309.56030206294855,5.910714285714294,4028.65,67712,336.21,336.6,313.63
2024-01-31,338.0,338.0,321.32,321.32,2725,326.825,329.5755977736787,0.8476478572405881,47.611314106556236,5.420000000000016,343.39863854851455,310.2513614514854,7.102142857142866,4075.05,64987,332.96,326.7,315.9
2024-02-01,322.01,327.0,322.01,322.3,5028,326.24,328.882683699995,0.1766804392266863,51.53199371923263,1.0200000000000387,342.5714781617383,309.9085218382617,7.305000000000011,4202.0,70015,321.32,333.8,321.28
2024-02-02,321.39,325.0,319.04,319.15,5488,326.0475,327.95576144285263,-0.6022959447323615,50.80792467737373,-18.390000000000043,342.6286305245948,309.4663694754052,7.730714285714295,4339.05,64527,322.3,335.31,337.54
2024-02-05,317.4,319.5075,312.54,314.78,7188,325.999,326.7009270197238,-1.5543377884187066,50.80792467737373,-24.52000000000004,342.7121022034548,309.28589779654527,7.546964285714291,4492.15,57339,319.15,336.21,339.3
2024-02-06,311.73,316.76,309.22,316.5,5928,325.42400000000004,325.72941016070246,-2.1453207103455725,50.42480882602737,-20.100000000000023,342.63122908057966,308.2167709194204,7.664107142857148,4447.2,63267,314.78,332.96,336.6
2024-02-07,319.96,322.97,319.96,320.79,4627,325.3535,325.2589901453975,-2.241677173393896,49.647634104773985,-5.909999999999968,342.62776960905387,308.0792303909461,7.468392857142866,4620.55,67894,316.5,321.32,326.7
2024-02-08,322.0,324.99,319.14,319.14,2618,325.068,324.6762291791692,-2.423245603271539,33.248361244255705,-14.660000000000025,342.5646205458735,307.5713794541265,6.849821428571436,4670.95,65276,320.79,322.3,333.8
2024-02-09,321.53,332.5,321.53,330.58,4211,325.58949999999993,325.23849306686736,-1.6253061226183263,43.25077398443481,-4.730000000000018,343.09066925417045,308.0883307458294,7.290535714285722,4777.25,69487,319.14,319.15,335.31
2024-02-12,329.6,344.99,329.6,341.21,9320,326.74999999999994,326.75958896526095,-0.13365283221111213,53.17799530201993,5.0,345.18535619115346,308.3146438088464,7.85696428571429,5196.9,78807,330.58,314.78,336.21
2024-02-13,340.0,340.0,314.5,314.5,10567,326.7935,325.5920090638075,-1.094139764348995,43.17215132522488,-18.45999999999998,345.10217758022975,308.48482241977024,8.853392857142861,5555.15,68240,341.21,316.5,332.96
2024-02-14,319.31,327.6,315.35,327.6,9439,327.3785,325.78324629582585,-0.7891875926549687,46.748479120469085,6.28000000000003,344.95464444877416,309.8023555512258,9.259821428571431,5774.9,77679,314.5,320.79,321.32
2024-02-15,342.22,346.46,341.0,346.46,5012,328.6375,327.7524609343186,0.963212987910822,54.947200277138506,24.159999999999968,347.90068755390206,309.3743124460979,9.413392857142858,5820.55,82691,327.6,319.14,322.3
2024-02-16,340.09,340.09,333.4,333.4,3401,328.4305,328.29032179771684,1.2833869878757014,48.87464957401485,14.25,347.3772636175393,309.4837363824607,9.664107142857144,5732.85,79290,346.46,330.58,319.15
2024-02-20,329.3,335.5,327.88,330.06,8111,327.9685,328.4588625788867,1.2531738590382702,48.83944292713501,15.28000000000003,346.23779926925056,309.69920073074945,9.634107142857143,5878.3,71179,333.4,341.21,314.78
2024-02-21,326.2,331.0,325.51,327.08,6696,327.49249999999995,328.3275423332784,0.9775027443202475,52.476780179440354,10.579999999999984,345.30526759725024,309.67973240274966,8.834821428571429,5841.4,64483,330.06,314.5,316.5
2024-02-22,330.4,330.4,325.51,325.51,2631,327.433,328.05920496820426,0.6251403561360007,51.373320777622766,4.71999999999997,345.2648533440631,309.6011466559369,8.827678571428569,5622.2,61852,327.08,327.6,320.79
2024-02-23,322.78,322.78,322.0,322.0,1747,326.84299999999996,327.4821378283753,0.061951030743045976,51.215559151095995,2.8600000000000136,344.5683788913543,309.1176211086456,8.45767857142857,5467.45,60105,325.51,346.46,319.14
2024-02-26,317.01,325.0,317.01,324.4,5054,326.2975,327.18860089233954,-0.18854849798060513,54.173173687676346,-6.180000000000007,343.59200642925504,309.002993570745,8.530714285714286,5538.3,65159,322.0,333.4,330.58
2024-02-27,327.0,330.0,327.0,327.0,5374,325.837,327.17063890259294,-0.17525405710551922,54.52040639948954,-14.20999999999998,342.49908693569313,309.17491306430685,8.206428571428575,5638.0,70533,324.4,330.06,341.21
2024-02-28,327.0,336.97,327.0,335.41,6871,325.9595,327.95533995948887,0.5080380952167616,56.07849658419177,20.910000000000025,342.87616568490085,309.0428343150991,8.703571428571431,5601.8,77404,327.0,327.08,314.5
2024-02-29,339.97,339.97,336.85,338.55,5225,326.821,328.9643552014423,1.28807420653078,57.971252560069026,10.949999999999989,344.48140221274014,309.1605977872599,8.508571428571429,5726.8,82629,335.41,325.51,327.6
2024-03-01,339.695,350.14,339.51,350.1,7396,328.211,330.9772737536859,2.805897329965319,58.009190868109904,3.640000000000043,348.54664141056077,307.87535858943926,8.484285714285713,5845.2,90025,338.55,322.0,346.46
2024-03-04,356.99,365.0,356.99,365.0,8343,330.5035,334.217533396192,5.151697060999993,59.43074604906027,31.600000000000023,356.17562149599695,304.831378504003,7.9571428571428555,5987.95,98368,350.1,324.4,333.4
2024-03-05,366.7,373.0,365.0,370.0,9397,333.2645,337.6253873584594,7.329723996727978,76.57536869304678,39.94,363.3199130162757,303.2090869837243,6.7071428571428555,6098.4,107765,365.0,327.0,330.06
2024-03-06,371.01,377.75,371.01,377.75,7448,336.327,341.44677903860617,9.57085662975436,75.3103865846942,50.670000000000016,371.27399872664273,301.38000127335727,6.313571428571428,6174.4,115213,370.0,335.41,327.08
2024-03-07,383.0,391.87,383.0,390.0,6721,339.7875,346.0708953206437,12.194864232133341,73.54531688265592,64.49000000000001,381.33907043076863,298.2359295692314,6.557142857142858,6279.1,121934,377.75,338.55,325.51
2024-03-08,393.22,395.51,393.22,395.44,7767,343.6025,350.7727148139157,14.54569621857246,86.56294199420228,73.44,390.7993526493025,296.40564735069756,6.242857142857141,6536.55,129701,390.0,350.1,322.0
2024-03-11,399.99,402.95,391.0,391.0,19667,346.6235,354.60388483163797,15.867566200072531,85.45496856881115,66.60000000000002,397.87158074455044,295.3754192554495,6.552142857142854,7309.35,110034,395.44,365.0,324.4
2024-03-12,395.37,396.59,381.51,387.86,20814,348.956,357.7711338952915,16.471908659536155,85.2961672335175,60.860000000000014,403.31846630863856,294.5935336913615,7.237142857142852,7884.05,89220,391.0,370.0,327.0
2024-03-13,389.3,395.37,380.51,382.13,22066,352.3375,360.09102590526373,16.300589458070363,81.36494569976614,46.71999999999997,406.0857959827806,298.58920401721934,7.949285714285712,8459.0,67154,387.86,377.75,335.41
2024-03-14,386.0,386.56,370.27,375.86,20844,354.7505,361.5928329619053,15.48043360808748,78.95076326483219,37.31,408.1547960917246,301.34620390827536,9.057142857142859,9029.25,46310,382.13,390.0,338.55
2024-03-15,371.88,380.0,369.04,370.2,27985,355.9375,362.4125631560095,14.20993724032769,73.78479433908404,20.099999999999966,409.62051657341,302.25448342659,9.269285714285713,10177.9,18325,375.86,395.44,350.1
2024-03-18,371.0,372.77,368.6161,372.0,7404,357.8675,363.3256523792467,13.196186886420662,73.56514452209979,7.0,410.91054463556446,304.82445536443555,9.351707142857139,10378.05,25729,370.2,391.0,365.0
2024-03-19,370.86,370.86,360.54,360.65,16135,359.397,363.07082834312797,11.346142890756596,62.82259702418696,-9.350000000000023,410.80277403571006,307.9912259642899,9.376707142857137,10779.25,9594,372.0,387.86,370.0
2024-03-20,356.44,368.88,356.44,368.88,21855,361.48699999999997,363.6240827866396,10.42390039269327,64.65075837208857,-8.870000000000005,410.71323694952196,312.260763050478,10.042421428571421,11537.2,31449,360.65,382.13,377.75
2024-03-21,366.01,372.38,366.01,371.99,15301,363.811,364.42083680695964,9.830645548039058,61.512569676436556,-18.00999999999999,410.19215629161613,317.4298437083838,9.738135714285708,12170.7,46750,368.88,375.86,390.0
2024-03-22,371.2,373.56,363.3,364.8,16782,365.95099999999996,364.4569475872492,8.680254270892078,49.88553112753666,-30.639999999999986,407.9522074513147,323.94979254868525,9.898849999999994,12922.45,29968,371.99,370.2,395.44
2024-03-25,356.0,356.0,356.0,356.0,2478,367.531,363.65152400751117,6.978037054504966,42.32119349942413,-35.0,405.0938331984515,329.96816680154853,9.327421428571423,12793.65,27490,364.8,372.0,391.0
2024-03-26,356.83,357.99,348.98,348.98,7575,368.63,362.25423600679585,5.0048700985669825,34.0926683569911,-38.879999999999995,402.28244090623025,334.97755909376974,9.489564285714279,12903.7,19915,356.0,360.65,387.86
2024-03-27,350.66,356.15,349.02,356.15,12363,369.66700000000003,361.6728801966248,3.973871089730892,30.169888688665736,-25.980000000000018,400.13695697231435,339.1970430276857,9.365278571428563,13178.3,32278,348.98,368.88,382.13
2024-03-28,359.39,362.4,358.03,361.61,15594,370.82000000000005,361.6668916064701,3.5563770826848327,30.186248091570747,-14.25,397.8873475845549,343.7526524154452,9.513849999999994,13696.75,47872,356.15,371.99,375.86
2024-04-01,360.63,369.5,360.5,365.0,11783,371.565,361.98433050109196,3.459179167751472,34.58254268875528,-5.199999999999989,397.002228001907,346.127771998093,9.30313571428571,13916.1,59655,361.61,364.8,370.2
2024-04-02,363.0,363.0,348.0,348.0,13717,370.71500000000003,360.65248950098794,1.98748216295877,29.70055000595022,-24.0,398.13477657400534,343.2952234259947,9.297421428571425,14184.8,45938,365.0,356.0,372.0
2024-04-03,346.0,362.04,345.81,355.76,19460,370.003,360.1865381199415,1.4308245817401257,36.842630470853244,-4.889999999999986,398.22863828936477,341.7773617106352,9.395278571428568,14687.95,65398,348.0,348.98,360.65
2024-04-04,363.5,367.33,361.9345,365.44,15855,369.3875,360.6868678228042,1.7505841981697472,44.97201311880323,-3.4399999999999977,397.4381675968956,341.3368324031044,8.617099999999994,15108.3,81253,355.76,356.15,368.88
2024-04-05,366.87,372.1,364.0,370.95,14829,368.435,361.6643089825371,2.420702226832759,50.36242388416861,-1.0400000000000205,394.7805215409205,342.0894784590795,8.412814285714282,15513.7,96082,365.44,361.61,371.99
2024-04-08,372.81,374.47,371.5475,374.01,4375,367.36350000000004,362.8400890794383,3.1622394924158925,50.95961041999967,9.20999999999998,390.65008640324385,344.07691359675624,8.324857142857143,15344.1,100457,370.95,365.0,364.8
2024-04-09,378.0,378.54,374.4,376.18,12288,366.6225,364.1105567861585,3.8802843458962,58.1266352609757,20.180000000000007,387.56766236069177,345.67733763930823,7.883428571428575,14975.15,112745,374.01,348.0,356.0
2024-04-10,355.01,355.01,352.0,352.0,8776,364.82949999999994,362.957170425572,2.4697477050621046,42.43049326821501,3.019999999999982,384.20019569166,345.4588043083399,7.209857142857146,14373.25,103969,376.18,355.76,348.98
2024-04-11,351.38,362.49,351.38,353.9,12790,363.418,362.09458276599366,1.488047997557942,41.79889382006359,-2.25,381.555563928574,345.28043607142604,7.548428571428575,13909.45,116759,352.0,365.44,356.15
2024-04-12,347.0,348.3,335.4201,337.88,9408,361.519,359.78843202637523,-0.5759957554114976,38.70047010962216,-23.730000000000018,381.9762745007723,341.0617254992277,7.735564285714291,13337.65,107351,353.9,370.95,361.61
2024-04-15,339.89,339.89,335.0,338.0,12006,359.909,357.7133432619585,-2.176987341559027,41.850778698063095,-27.0,382.45167055584636,337.3663294441536,8.084850000000005,12538.7,119357,337.88,374.01,365.0
2024-04-16,338.27,342.73,338.27,341.4,4814,358.379,356.15969152272436,-3.1352915562758312,46.45197527943896,-6.600000000000023,381.60960494941406,335.148395050586,7.759850000000008,12409.2,124171,338.0,376.18,348.0
2024-04-17,343.38,343.38,334.02,335.22,4480,357.1075,354.1654351872268,-4.3433611088264,40.11149956948352,-20.539999999999964,382.49807999793484,331.7169200020652,7.919135714285724,11826.45,119691,341.4,352.0,355.76
2024-04-18,335.0,342.0,335.0,342.0,8514,355.7635,353.00682231225284,-4.699502870065999,40.84927670954837,-23.439999999999998,381.37499189020537,330.1520081097947,8.106992857142867,11159.4,128205,335.22,353.9,365.44
2024-04-19,340.02,348.0,340.02,347.98,13496,354.563,352.5280773301335,-4.447938868426377,42.24530708409482,-22.96999999999997,379.2044926923109,329.92150730768907,8.034135714285725,11069.15,141701,342.0,337.88,370.95
2024-04-22,352.0,352.5,346.31,350.0,9296,353.823,352.28730806059696,-4.0390162571861765,51.055297586378494,-24.00999999999999,378.05559145079206,329.5904085492079,7.40485000000001,10694.85,150997,347.98,338.0,374.01
2024-04-23,350.0,364.89,350.0,356.9,16640,353.86800000000005,352.7266120548258,-3.1221794481685947,50.60702874644836,-19.28000000000003,378.1209473846388,329.6150526153613,7.3091357142857225,11402.95,167637,350.0,341.4,376.18
2024-04-24,355.5,356.06,349.95,353.0,7693,354.069,352.7526490019853,-2.679390635792629,42.941443479332946,1.0,378.2177878305343,329.92021216946574,7.36017142857144,11408.85,159944,356.9,335.22,352.0
2024-04-25,346.01,349.1,343.285,347.0,10866,353.61150000000004,352.20477766846284,-2.780574301432978,36.485723953156516,-6.899999999999977,377.940312699521,329.2826873004791,7.196957142857152,11334.0,149078,353.0,342.0,353.9
2024-04-26,351.04,353.0,346.0,346.8,8540,352.871,351.69003693813306,-2.844116206888998,34.13411078159908,8.920000000000016,377.07598678502234,328.6660132149776,7.488207142857151,10981.3,140538,347.0,347.98,337.88
2024-04-29,346.37,351.0,338.3,338.3,10959,351.53599999999994,350.41479532497755,-3.539550683062373,29.43092962193704,0.30000000000001137,375.8691849646992,327.2028150353007,8.09963571428572,10940.1,129579,346.8,350.0,338.0
2024-04-30,333.29,337.66,333.29,335.2,8287,350.89599999999996,348.9657671987892,-4.291363383096666,38.16901407698073,-6.199999999999989,376.27175751526704,325.5202424847329,8.196778571428577,10668.6,121292,338.3,356.9,341.4
2024-05-01,338.375,355.46,337.8,353.6,11101,350.788,349.4071227036664,-3.363680034411516,49.828571420598884,18.379999999999995,376.09488660174605,325.48111339825397,8.664635714285717,10250.65,132393,335.2,353.0,335.22
2024-05-02,360.0,361.75,360.0,360.15,5770,350.52349999999996,350.4302538747458,-2.076023038357846,64.27015249391539,18.149999999999977,375.2904119465542,325.75658805344574,7.869642857142858,9746.4,138163,353.6,347.0,342.0
2024-05-03,369.98,374.67,367.43,369.0,8887,350.426,352.19880112477,-0.3375338034328479,67.86537573824212,21.019999999999982,374.86754650977355,325.98445349022643,8.037500000000003,9449.3,147050,360.15,346.8,347.98
2024-05-06,367.01,373.02,366.55,370.6,5583,350.2555,353.9512962557443,1.156012254851305,67.18455742772386,20.600000000000023,374.04316816739413,326.46783183260584,8.181071428571427,9509.7,152633,369.0,338.3,350.0
2024-05-07,373.0,379.86,372.11,379.86,10716,350.4395,356.4187918504353,3.05168483770251,75.35211266407396,22.960000000000036,375.1119738801842,325.7670261198158,8.066071428571425,9431.1,163349,370.6,335.2,356.9
2024-05-08,380.14,383.0,374.5,374.5,5532,351.5645,358.14081167420335,4.074543073776056,68.76010158205216,21.5,378.4859533704794,324.6430466295206,8.173214285714282,9268.9,157817,379.86,353.6,353.0
2024-05-09,374.8,377.9,371.5,377.9,9176,352.7645,360.022639133803,5.100719225814714,67.80104710912403,30.899999999999977,382.15098488138995,323.37801511861005,8.060357142857137,9088.2,166993,374.5,360.15,347.0
2024-05-10,377.9,377.9,377.9,377.9,2949,354.7655,361.7252449305837,5.846575533677424,67.00804680641168,31.099999999999966,385.31175860456216,324.2192413954378,7.61821428571428,8765.25,166993,377.9,369.0,346.8
2024-05-13,379.1,381.6,379.0,379.62,7855,356.8465,363.42950731814716,6.501516207205725,64.78396667221531,41.31999999999999,388.24262465190316,325.4503753480968,6.74035714285714,8557.7,174848,377.9,370.6,338.3
2024-05-14,383.0,389.48,383.0,386.21,18081,359.087,365.59907804975217,7.4662529609893795,70.8789136050257,51.00999999999999,392.19091301405393,325.98308698594604,6.766785714285711,9221.05,192929,379.62,379.86,335.2
2024-05-15,390.7,390.7,387.0,389.0,6835,361.77599999999995,367.8277372831091,8.359579420099351,77.5157232562209,35.39999999999998,395.44909555432145,328.10290444567846,6.615714285714282,9338.8,199764,386.21,374.5,353.6
2024-05-16,389.69,389.69,386.1,386.1,1582,363.981,369.5679527799559,8.732874192243855,74.86712223426804,25.950000000000045,397.975562351553,329.986437648447,6.372142857142852,8992.2,198182,389.0,377.9,360.15
2024-05-17,389.6,390.9,385.34,390.9,9022,366.127,371.59957632472197,9.308727622245328,84.91768453015337,21.899999999999977,401.26803320531116,330.98596679468886,5.862142857142852,8768.5,207204,386.1,377.9,369.0
2024-05-20,390.97,394.5,386.84,387.01,9517,367.9775,373.0672357223675,9.34349910498446,84.03626328765594,16.409999999999968,403.4391785751656,332.5158214248344,6.097142857142854,8779.55,197687,390.9,379.62,370.6
2024-05-21,387.98,387.98,384.59,384.59,8750,369.36199999999997,374.1646418440468,9.071214676709758,75.76916678761401,4.729999999999961,405.16319939184535,333.5608006081546,5.0778571428571455,8385.05,188937,387.01,386.21,379.86
2024-05-22,381.0,393.5,380.01,391.9,12956,371.30699999999996,375.8537235731852,9.33764461922408,76.0716045152734,17.399999999999977,407.5888899873279,335.02511001267203,5.9164285714285745,8648.2,201893,384.59,389.0,374.5
2024-05-23,393.26,393.69,386.0,389.16,10059,373.41499999999996,377.1209879947866,9.22139863611676,68.40087621472053,11.260000000000048,408.6340435926201,338.1959564073798,5.948571428571431,8607.85,191834,391.9,386.1,377.9
2024-05-24,389.94,393.1,389.05,393.1,5383,375.73,378.64279866194977,9.339537535285274,69.69537813417834,15.200000000000045,409.6455806455713,341.81441935442876,5.775714285714291,8450.0,197217,389.16,390.9,377.9
2024-05-28,386.66,387.49,381.1,381.1,9303,377.87,378.8768178370022,8.36839811710388,51.03575007159204,1.4800000000000182,406.88907321963,348.85092678037,5.678571428571432,8367.2,187914,393.1,387.01,379.62
2024-05-29,379.11,379.11,370.53,373.9,8935,379.805,378.40283518585915,6.937808593223679,49.513776325880166,-12.310000000000002,400.93195409834584,358.6780459016542,5.684285714285721,8399.6,178979,381.1,384.59,386.21
2024-05-30,374.31,376.94,371.8,371.8,8026,380.71500000000003,377.77399373958684,5.570391639381853,44.950331115408886,-17.19999999999999,398.37238193623375,363.0576180637663,5.594285714285722,8245.85,170953,373.9,391.9,389.0
2024-05-31,372.31,379.0,371.66,379.0,7881,381.6575,377.8907562405786,5.00993227439136,50.8136094569321,-7.100000000000023,396.4773002330428,366.83769976695726,6.1185714285714345,8351.4,178834,371.8,389.16,386.1
2024-06-03,381.34,382.54,376.45,376.45,9238,382.03000000000003,377.75354136052346,4.310313893206057,47.68376442104963,-14.449999999999989,395.8510853408814,368.20891465911865,6.367857142857149,8368.95,169596,379.0,393.1,390.9
2024-06-04,376.125,376.19,368.15,368.15,6040,381.90749999999997,376.8389183738069,3.050951208857498,37.12574849558367,-18.860000000000014,396.19084160371256,367.6241583962874,6.479285714285721,8391.8,163556,376.45,381.1,387.01
2024-06-05,367.85,373.61,367.85,373.61,5474,381.595,376.53140233820625,2.465057909868392,39.43139677857383,-10.979999999999961,396.333198847318,366.85680115268207,6.626428571428578,8129.7,169030,368.15,373.9,384.59
2024-06-06,369.29,369.99,365.22,366.1,4045,381.175,375.53793544885326,1.378844569460739,37.08344096461937,-25.799999999999955,397.1881321108622,365.1618678891378,6.710714285714293,8055.35,164985,373.61,371.8,391.9
2024-06-07,365.04,365.24,364.8,365.24,3171,380.54200000000003,374.5571796918196,0.44350540669370275,32.53946651530279,-23.920000000000016,398.03294033161563,363.0510596683844,6.345000000000007,7755.1,161814,366.1,379.0,389.16
2024-06-10,363.21,366.46,363.21,366.25,6838,379.95950000000005,373.76601972117015,-0.21379457063352447,35.297450417929696,-26.850000000000023,398.5615751247622,361.3574248752379,6.030000000000006,7949.55,168652,365.24,376.45,393.1
2024-06-11,361.43,368.01,361.22,368.01,12845,379.379,373.217827366773,-0.5859379227882187,38.146983120759835,-13.090000000000032,398.73501296482993,360.0229870351701,6.272857142857142,8199.05,181497,366.25,368.15,381.1
2024-06-12,375.0,380.88,375.0,377.01,7458,378.919,373.5789866651756,-0.15287716984954614,39.606310197480276,3.1100000000000136,398.02716843793667,359.8108315620633,5.729285714285713,7667.9,188955,368.01,373.61,373.9
2024-06-13,374.24,374.24,370.74,370.74,2065,378.006,373.3086069827779,-0.31201329713343284,37.7461415576311,-1.0600000000000023,396.82887566821233,359.1831243317876,5.429999999999999,7429.4,186890,377.01,366.1,371.8
2024-06-14,367.7,368.73,367.6,367.6,4443,377.081,372.76493012727525,-0.6836212177121297,32.85368477057624,-11.399999999999977,396.04682844014417,358.11517155985587,5.221428571428569,7572.45,182447,370.74,365.24,379.0
2024-06-17,367.01,369.945,365.77,369.945,8707,376.03325,372.496365353249,-0.7799109453937945,41.38010971981572,-6.5049999999999955,394.0775797041928,357.98892029580725,5.0632142857142854,7556.7,191154,367.6,366.25,376.45
2024-06-18,371.01,371.01,367.57,369.6,8455,375.16275,372.220521033892,-0.8739851082398218,46.28349177790895,1.4500000000000455,392.648575680727,357.67692431927304,4.6960714285714245,7503.6,182699,369.945,368.01,368.15
2024-06-20,371.2379,375.0,370.61,371.9,5364,374.52824999999996,372.1899952211404,-0.7542542116896698,50.08613263219281,-1.7100000000000364,391.48672972176786,357.56977027823206,4.6424999999999965,7334.3,188063,369.6,377.01,373.61
2024-06-21,370.62,377.0,370.62,377.0,9462,373.78325,372.6480909143651,-0.2450148629794171,48.212689889634,10.899999999999977,388.71667428210634,358.8498257178937,4.573928571428569,7159.6,197525,371.9,370.74,366.1
2024-06-24,380.0,380.24,380.0,380.24,2245,373.33725000000004,373.3711298749018,0.41521556194413733,53.34569207720977,15.0,386.79713874396555,359.87736125603453,4.156071428571424,6768.9,199770,377.0,367.6,365.24
2024-06-25,380.2,381.5,379.5575,381.5,4779,372.75725,374.14530798205396,1.0282711293244802,63.457661272411194,15.25,383.3192182550641,362.1952817449359,3.7205357142857087,6738.7,204549,380.24,369.945,366.25
2024-06-26,382.88,383.0,380.01,380.01,9160,372.70275,374.7038500790012,1.378006733155246,57.012930072360696,12.0,383.09331833205414,362.3121816679458,3.522678571428567,6731.55,195389,381.5,369.6,368.01
2024-06-27,387.0,387.0,386.98,386.98,3352,373.35675000000003,375.8730072143344,2.192323719160754,73.153692592057,9.970000000000027,385.5540811468203,361.1594188531798,3.1833928571428527,6452.4,198741,380.01,371.9,377.01
2024-06-28,389.235,394.48,384.31,394.48,44109,374.49075,377.64510176535015,3.4036282041465142,78.26213027071975,23.74000000000001,389.8785771353462,359.1029228646538,3.878392857142854,8256.55,242850,386.98,377.0,370.74
2024-07-01,393.11,403.15,393.11,403.0,12260,375.69075,380.0598539781739,4.993526262235605,81.01789329618083,35.39999999999998,395.62946565176736,355.7520343482326,4.363392857142851,8475.5,255110,394.48,380.24,367.6
2024-07-02,405.5,411.0,405.22,409.48,12209,377.34225000000004,382.86177264691923,6.699189679239225,82.41869916895156,39.535000000000025,402.36839095931936,352.3161090406807,4.291249999999995,8624.05,267319,403.0,381.5,369.945
2024-07-03,407.14,407.14,404.5,405.5,2350,379.20975000000004,385.0177942995936,7.641698743978736,74.16864606314287,35.89999999999998,406.7914831761427,351.62801682385737,4.059821428571423,8439.55,264969,409.48,380.01,369.6
2024-07-05,397.06,398.4,397.06,398.4,4912,380.44925,386.2922900805847,7.726665123359908,73.13869832651928,26.5,409.17573993433234,351.72276006566767,3.905535714285707,8411.45,260057,405.5,386.98,371.9
2024-07-08,404.77,406.67,401.74,403.92,8835,382.34025,387.97111959671946,8.145522937599594,79.21962990974939,26.920000000000016,412.0518845234079,352.62861547659213,4.176964285714279,8650.95,268892,398.4,394.48,377.0
2024-07-09,389.32,390.31,387.0,387.0,3628,383.42825,387.8786320160795,7.031117837806619,61.11436949031474,6.759999999999991,412.0779699903637,354.77853000963626,4.115178571428564,8673.8,265264,403.92,403.0,380.24
2024-07-10,396.04,396.04,396.04,396.04,2106,384.91774999999996,388.65590515740524,6.799021327246692,65.47646920022626,14.54000000000002,412.89677381108,356.93872618891993,3.8694642857142787,8437.2,267370,387.0,409.48,381.5
2024-07-11,398.58,413.0,398.58,413.0,9321,387.16725,390.9743903805095,7.892632073175207,70.53357313161999,32.99000000000001,416.6182196873676,357.7162803126324,4.585892857142852,8261.0,276691,396.04,405.5,380.01
2024-07-12,417.0,424.0,415.3,419.87,16144,389.31025,393.72635320141336,9.207539269404151,71.04565536578653,32.889999999999986,421.7363906040499,356.8841093959501,4.751607142857138,8695.3,292835,413.0,398.4,386.98
2024-07-15,420.01,432.5,420.01,432.5,15379,392.39825,397.41908146794543,11.140329355658594,73.48975187856112,38.01999999999998,428.8867334426878,355.90976655731225,5.626607142857138,9361.0,308214,419.87,403.92,394.48
2024-07-16,437.89,449.38,437.21,447.86,29822,396.41125,402.22297847099827,13.752967402609045,76.47199616187481,44.860000000000014,438.6216600249407,354.2008399750593,6.357142857142853,10629.95,338036,432.5,387.0,403.0
2024-07-17,448.01,448.01,434.34,441.15,17661,399.9715,405.9303138547127,15.10790641669223,73.41452205095122,31.66999999999996,444.7181544588876,355.22484554111236,7.1199999999999966,11077.65,320375,447.86,396.04,409.48
2024-07-18,439.78,446.0,430.0,432.6,29271,403.1215,408.4702839637877,15.315247168812562,67.26199484681649,27.100000000000023,447.7356130726936,358.50738692730647,8.261428571428569,12118.45,291104,441.15,413.0,405.5
2024-07-19,432.5,438.11,428.2,428.2,11777,405.9365,410.3493045386651,14.9521637458015,63.06571605019434,29.80000000000001,449.34437038751014,362.5286296124899,8.242857142857142,12439.1,279327,432.6,419.87,398.4
2024-07-22,432.4,448.06,428.98,448.0,18806,409.48650000000004,413.9350850587922,16.07678882271341,66.0347776444948,44.079999999999984,454.5130939079041,364.459906092096,8.888571428571428,12906.3,298133,428.2,432.5,403.92
2024-07-23,446.0,470.72,445.51,465.8,22566,413.76449999999994,418.8746007674787,18.194637083202394,68.570298068056,78.80000000000001,463.139433113878,364.3895668861219,10.276428571428577,13922.35,320699,448.0,447.86,387.0
2024-07-24,461.0,463.0,447.03,448.7,13695,417.1245,421.71511498009977,18.28247105609688,63.10997814467381,52.65999999999997,466.4006248796801,367.84837512031993,11.228571428571437,14368.15,307004,465.8,441.15,396.04
2024-07-25,451.11,470.0,450.11,463.64,11687,421.30600000000004,425.70796117247124,19.334734467190117,68.89918887042532,50.639999999999986,471.50592677704805,371.10607322295203,12.553571428571436,14494.5,318691,448.7,432.6,413.0
2024-07-26,474.0,474.01,463.02,465.7,18955,425.242,429.51672677509305,20.103148997156325,68.26297740950878,45.829999999999984,476.4441095782497,374.03989042175033,12.98642857142858,15274.65,337646,463.64,428.2,419.87
2024-07-29,462.0,462.0,453.47,453.47,9750,428.1915,431.7979908917508,19.500474924280184,70.2097902038131,20.970000000000027,478.72422926894365,377.6587707310564,13.35928571428572,13556.7,327896,465.7,448.0,432.5
2024-07-30,454.5,456.68,449.05,456.68,5938,430.8755,434.1677060449174,19.062135123914402,69.11486571070729,8.819999999999993,481.4767279755295,380.27427202447046,13.90428571428572,13240.6,333834,453.47,465.8,447.86
2024-07-31,459.36,467.8,459.36,465.6,6048,433.6815,437.16125785016334,19.213041146553792,67.46579890460538,24.450000000000045,485.4966594460636,381.8663405539365,13.477142857142862,12932.55,339882,456.68,448.7,441.15
2024-08-01,466.32,466.32,436.0,437.61,24925,435.2870000000001,437.2039951977668,16.879499815760994,55.16598718245589,5.009999999999991,485.386972938326,385.1870270616742,15.021428571428576,14061.3,314957,465.6,463.64,432.6
2024-08-02,416.99,422.0,411.99,415.0,12160,436.117,435.0893289884557,13.055221000141046,45.18383971470403,-13.199999999999989,484.151347842263,388.082652157737,14.844285714285718,14423.7,302797,437.61,465.7,428.2
2024-08-05,397.16,406.1,390.94,403.0,23728,436.071,432.03320241812656,8.952948755637465,37.42148945421769,-45.0,484.2367549892468,387.9052450107533,15.057857142857147,15168.35,279069,415.0,453.47,448.0
2024-08-06,408.26,422.0,408.26,413.26,15359,437.3839999999999,430.245278378305,6.455351426235438,42.33243525269339,-52.54000000000002,481.14799404461127,393.62000595538854,15.062857142857146,15754.9,294428,403.0,456.68,465.8
2024-08-07,421.11,425.4,402.5,407.25,37499,437.94449999999995,428.0552518660855,3.9455489445149965,42.932024755472874,-41.44999999999999,479.721004338405,396.1679956615949,15.555714285714288,17524.55,256929,413.26,465.6,448.7
2024-08-08,412.26,432.5,411.06,432.5,14080,438.91949999999997,428.47856121217256,3.948460970082351,51.074033366395064,-31.139999999999986,479.1254552933712,398.71354470662874,16.379285714285714,17762.5,271009,407.25,437.61,463.64
2024-08-09,432.18,435.7,417.42,426.48,38871,439.25,428.2882220491085,3.4255178456397175,44.227467807836994,-39.21999999999997,478.9014753160179,399.5985246839821,16.322142857142858,18898.85,232138,432.5,415.0,465.7
2024-08-12,430.9,432.79,421.46,423.0,17658,438.775,427.78458185395533,2.69916049375297,37.56392375333626,-30.470000000000027,478.99053797646843,398.5594620235315,15.330714285714285,19012.8,214480,426.48,403.0,453.47
2024-08-13,426.0,428.99,420.06,421.8,18123,437.47200000000004,427.21462167738815,2.003590939013236,41.3881418838556,-34.879999999999995,478.13436413247564,396.80963586752443,14.827857142857141,18427.85,196357,423.0,413.26,456.68
2024-08-14,422.72,431.15,421.3,431.15,23961,436.9719999999999,427.589419612875,2.181665037243249,39.212431100677506,-34.450000000000045,477.6898282948951,396.25417170510474,14.110714285714282,18742.85,220318,421.8,407.25,465.6
2024-08-15,450.0,453.6,440.61,444.53,16080,437.56850000000003,429.20280822117263,3.3636699277867024,43.46241738862037,6.919999999999959,478.36611359119894,396.7708864088011,14.253571428571425,18083.3,236398,431.15,432.5,437.61
2024-08-16,441.96,450.09,441.96,448.71,4160,438.59399999999994,431.0606360096324,4.584857007850189,48.45313921306157,33.70999999999998,479.4311509908877,397.75684900911216,14.224999999999998,17702.45,240558,444.53,426.48,415.0
2024-08-19,450.005,454.52,450.005,453.61,4910,438.8745,433.2081944849055,5.880261620080319,49.01317903769731,50.610000000000014,480.0592700389092,397.68972996109085,14.002499999999998,17007.65,245468,448.71,423.0,403.0
2024-08-20,455.01,455.01,448.0,453.47,6648,438.258,435.13789024824786,6.8170001439556245,45.86768412725933,40.210000000000036,478.0927235990217,398.42327640097824,13.90035714285714,16211.75,238820,453.61,421.8,413.26
2024-08-21,457.39,464.9,452.0,464.9,23245,439.06800000000004,437.9723768912719,8.385020352811864,60.47922585940627,57.64999999999998,480.426416746648,397.7095832533521,12.656071428571424,16689.25,262065,453.47,431.15,407.25
2024-08-22,465.99,468.87,455.91,457.61,21365,438.7665,439.8426267111508,8.936431965698091,68.54382451945678,25.110000000000014,479.45315384438203,398.079846155618,12.86678571428571,17173.15,240700,464.9,444.53,432.5
2024-08-23,459.3,490.02,459.3,488.55,27005,439.909,444.48142416723164,11.734758077568074,81.9621908305502,62.06999999999999,484.8418045208086,394.9761954791914,13.978214285714277,17575.65,267705,457.61,448.71,426.48
2024-08-26,493.08,509.97,490.89,504.31,26625,442.451,450.17938377035244,15.050657360338505,82.67422664783295,81.31,495.6129139095486,389.28908609045146,14.35964285714285,18419.4,294330,488.55,453.61,423.0
2024-08-27,501.02,503.5,488.0,491.0,10158,444.16700000000003,454.06706150650933,16.415300304678226,78.55827592511892,69.19999999999999,501.32798415417307,387.006015845827,13.831071428571423,18630.4,284172,504.31,453.47,421.8
2024-08-28,491.5,492.51,482.57,486.83,4520,445.2285,457.18734136303226,16.964746482777286,71.63679808042284,55.68000000000001,504.80290010961915,385.65409989038085,13.009642857142852,18554.0,279652,491.0,464.9,431.15
2024-08-29,495.25,506.47,488.8,491.53,11484,447.92449999999997,460.4580707570292,17.57682258817823,76.18127665566661,47.0,510.8341051489749,385.014894851025,12.966071428571427,17881.95,291136,486.83,457.61,444.53
2024-08-30,486.27,497.11,485.0,497.11,14042,452.0299999999999,463.94873068493115,18.301191928855474,79.33190848483619,48.400000000000034,516.5880531891945,387.4719468108053,13.021785714285711,17976.05,305178,491.53,488.55,448.71
2024-09-03,490.44,497.19,469.51,469.51,22874,455.35549999999995,464.4783753816044,16.45844777272282,65.61906632018159,15.899999999999977,516.0136553418303,394.69734465816964,14.361071428571424,17933.35,282304,497.11,504.31,453.61
2024-09-04,470.21,486.97,470.21,486.97,18193,459.04100000000005,466.62043486907066,16.219962205304512,67.35264858901434,33.5,517.8591736683837,400.2228263316164,14.85464285714286,18075.05,300497,469.51,491.0,453.47
2024-09-05,491.97,491.97,484.0,486.71,20825,463.014,468.53372678630205,15.827530923646748,64.2770105544281,21.810000000000002,517.6911667536867,408.3368332463133,14.496071428571431,17241.35,279672,486.97,486.83,464.9
2024-09-06,486.76,488.75,460.2,460.2,7339,464.39900000000006,467.74003852093995,13.224941960750868,53.37841810792533,2.589999999999975,517.1925693452381,411.60543065476196,15.954642857142861,16904.3,272333,486.71,491.53,457.61
2024-09-09,462.04,481.01,462.04,471.78,43982,466.66399999999993,468.1247967570409,11.958925628242469,55.14060996564267,-16.77000000000004,516.4065766585478,416.92142334145205,16.98714285714286,17159.85,316315,460.2,497.11,488.55
2024-09-10,471.1,479.87,466.615,471.21,14845,469.0745,468.4186256373227,10.78527835203107,55.0067735336978,-33.10000000000002,514.3826837501437,423.7663162498564,17.43321428571429,17019.2,301470,471.78,469.51,504.31
2024-09-11,475.35,476.91,473.1,473.1,6138,471.63950000000006,468.8644708147205,9.893614208507529,52.446008825114895,-17.899999999999977,511.11151939015514,432.167480609845,16.78392857142858,16419.95,307608,471.21,486.97,491.0
2024-09-12,478.31,485.25,475.0,478.2,8478,473.992,469.75356883236617,9.489106811560305,56.22317596090718,-8.629999999999995,508.6137057562683,439.37029424373173,16.59035714285715,15645.8,316086,473.1,486.71,486.83
2024-09-13,483.01,483.93,481.43,481.43,4796,475.837,470.86560989595034,9.321710910072852,47.41504501405888,-10.099999999999966,507.66840065043255,444.00559934956743,14.574642857142866,15081.6,320882,478.2,460.2,491.53
2024-09-16,482.11,487.5,482.04,486.9,16506,477.7465,472.3926946677646,9.520683227528536,43.16879855132729,-10.210000000000036,507.2207451534956,448.27225484650444,13.60178571428572,15698.9,337388,481.43,471.78,497.11
2024-09-17,490.41,505.68,487.61,487.61,32447,479.4465,473.84196184226323,9.62471358190595,48.52390489698394,18.100000000000023,506.912807992462,451.98019200753805,13.785357142857148,17075.75,369835,486.9,471.21,469.51
2024-09-18,485.15,501.76,485.12,497.2,22966,481.633,476.0665369049048,10.361549744558147,54.3118503055271,10.229999999999961,507.29551995666543,455.97048004333453,14.263928571428576,17891.65,392801,487.61,473.1,486.97
2024-09-19,510.7,512.49,507.21,512.49,12006,484.0125,479.5354381520567,12.04047779498319,58.00978293478954,25.78000000000003,511.87344861799704,456.15155138200294,13.378928571428576,17329.7,404807,497.2,478.2,486.71
2024-09-20,509.09,511.0,501.31,501.31,55836,486.19750000000005,481.6092059470989,12.326811990766203,51.53913807738531,41.110000000000014,512.1274914750212,460.2675085249789,13.206071428571432,19053.25,348971,512.49,481.43,460.2
2024-09-23,503.78,505.64,486.09,487.02,28401,486.121,482.1245196664228,11.270728389390285,57.11037114594699,15.240000000000009,512.0307883555909,460.2112116444091,12.625357142857146,19123.05,320570,501.31,486.9,471.78
2024-09-24,489.66,499.0,485.2,499.0,26543,485.8555,483.73170826962064,11.270540628798017,55.11262217788714,27.79000000000002,511.08028102768526,460.63071897231475,12.413928571428572,19118.95,347113,487.02,487.61,471.21
2024-09-25,498.03,501.27,490.14,490.94,9924,485.85249999999996,484.4182122439425,10.498991350567167,51.68593064389316,17.839999999999975,511.07471900584636,460.63028099415357,12.639642857142857,19107.25,337189,499.0,497.2,473.1
2024-09-26,497.4,497.4,484.49,486.26,6005,485.82399999999996,484.5936206016623,9.401521216933304,62.57479250264381,8.060000000000002,511.0428562702371,460.6051437297628,11.522499999999996,19181.5,331184,490.94,512.49,478.2
2024-09-27,487.0,487.0,482.02,483.19,5968,485.407,484.459942449123,8.189639816332772,55.998317729113914,1.759999999999991,510.50410664808186,460.3098933519181,10.523214285714285,18905.7,325216,486.26,501.31,481.43
2024-09-30,480.04,490.1,479.5,490.1,10150,485.0565,484.9970907873018,7.698055929028101,59.31000492035152,3.2000000000000455,509.6563059684247,460.45669403157535,10.33357142857143,18711.1,335366,483.19,487.02,486.9
2024-10-01,482.0,482.0,472.51,472.51,6083,485.20650000000006,483.807844045654,5.8219938415821275,49.748186080269086,-15.100000000000023,509.44103670845845,460.97196329154167,10.739285714285716,17871.55,329283,490.1,499.0,487.61
2024-10-02,470.0,477.21,467.55,473.27,16537,484.52149999999995,482.80423985082984,4.346423900228672,47.814910019772995,-23.930000000000007,509.3142037441925,459.72879625580737,10.697142857142856,17788.75,345820,472.51,490.94,497.2
2024-10-03,466.52,470.37,465.6,465.6,6878,483.466,481.1657408174175,2.5289668362368047,43.249466945795376,-46.889999999999986,509.6261274743381,457.3058725256619,10.859285714285713,17091.4,338942,473.27,486.26,512.49
2024-10-04,471.0,478.6,470.0,471.49,9869,484.03049999999996,480.2442416919491,1.546070654040534,43.45202684959356,-29.819999999999993,508.5099990273802,459.5510009726197,11.08357142857143,17217.9,348811,465.6,483.19,501.31
2024-10-07,466.11,470.0,464.15,465.0,12822,483.6915,478.7924091498587,0.24065546113047276,40.84244632991661,-22.019999999999982,509.057057480878,458.32594251912207,10.210714285714289,15659.9,335989,471.49,490.1,487.02
2024-10-08,464.91,470.0,464.06,469.8,10968,483.621,477.93598923082453,-0.4019422593837021,38.45440754644902,-29.19999999999999,509.13999676298823,458.10200323701173,9.446428571428575,15466.05,346957,465.0,472.51,499.0
2024-10-09,468.75,479.71,468.75,474.48,10028,483.68999999999994,477.6068473993174,-0.5274881400362119,32.41092086576816,-16.45999999999998,509.09643267073443,458.28356732926545,9.852142857142857,15660.55,356985,469.8,473.27,490.94
2024-10-10,468.31,469.26,463.5,468.5,13117,483.20500000000004,476.7395285993824,-1.0968760734066336,34.04958677222466,-17.75999999999999,509.41047913780704,456.99952086219304,9.571428571428571,15892.5,343868,474.48,465.6,486.26
2024-10-11,464.25,472.94,464.25,468.23,8396,482.54499999999996,475.92909730420314,-1.5520161799104812,39.42361814080908,-14.95999999999998,509.5901548340905,455.4998451659094,8.795714285714284,16072.5,335472,468.5,471.49,483.19
2024-10-14,472.18,473.97,470.34,473.85,6087,481.89250000000004,475.73108803713615,-1.4426015490669215,34.752031035691445,-16.25,509.1243071573035,454.66069284269656,8.069285714285716,15551.55,341559,468.23,465.0,490.1
2024-10-15,476.42,483.8,469.73,482.0,14981,481.61199999999997,476.3281272716946,-0.6902954816267766,44.58575580639292,9.490000000000009,508.7110849330832,454.5129150669167,8.279285714285717,14678.25,356540,473.85,469.8,472.51
2024-10-16,487.45,501.3,485.22,499.2,14672,481.7120000000001,478.5064008648665,1.2790644911915479,56.804795952931556,25.930000000000007,509.0668376170024,454.3571623829978,8.505714285714289,14263.55,371212,482.0,474.48,473.27
2024-10-17,505.0,505.1,497.0,501.21,13721,481.14799999999997,480.6686484015459,2.967775985660694,59.58306742358898,35.60999999999996,506.19905826107816,456.09694173892177,8.728571428571431,14349.3,384933,499.2,468.5,465.6
2024-10-18,504.24,504.24,492.42,492.42,3160,480.70349999999996,481.78782474425583,3.5558231567204075,51.2095933189058,20.930000000000007,504.5339928720798,456.8730071279201,8.815714285714288,11715.5,381773,501.21,468.23,471.49
2024-10-21,493.26,495.0,485.57,485.57,13938,480.631,482.14803191146956,3.4295829271438834,57.667919201416744,20.569999999999993,504.38929331102224,456.8727066889777,8.811428571428573,10992.35,367835,492.42,473.85,465.0
2024-10-22,485.7,489.76,482.96,482.96,6228,479.829,482.22536220561534,3.083388070047988,55.5683254708889,13.159999999999968,502.0067905975642,457.6512094024358,8.607142857142861,9976.6,361607,485.57,482.0,469.8
2024-10-23,477.41,480.51,477.41,479.625,5029,479.2632500000001,481.9777086622234,2.5109745715298573,58.48200785220746,5.144999999999982,500.81609430490596,457.7104056950942,8.487857142857147,9731.85,356578,482.96,499.2,474.48
2024-10-24,487.63,487.63,480.5,487.0,12209,479.30025000000006,482.45602212296404,2.622206450782869,59.214591244902515,18.5,500.9061440484192,457.6943559515809,8.382857142857144,10042.05,368787,479.625,501.21,468.5
2024-10-25,489.95,494.01,481.6,481.6,14315,479.22075000000007,482.3744962064913,2.2487020091699605,59.99157336174455,13.370000000000005,500.7780270165519,457.66347298344823,8.851428571428569,10459.4,354472,487.0,492.42,468.23
2024-10-28,483.21,500.0,483.21,495.6,7372,479.49574999999993,483.6340679963493,3.0472532072153626,63.98070877971466,21.75,501.7659149073358,457.22558509266406,9.626428571428571,10320.5,361844,481.6,485.57,473.85
2024-10-29,490.95,502.25,490.95,502.25,5334,480.98274999999995,485.40701390145887,4.168656530950443,64.73365873401664,20.25,505.1773251803545,456.7881748196454,9.650714285714287,10283.05,367178,495.6,482.96,482.0
2024-10-30,499.06,510.0,498.08,498.08,16382,482.22325,486.61396495846276,4.667093248627737,66.00129826978235,-1.1200000000000045,507.2814795075403,457.1650204924597,10.090714285714288,10275.3,350796,502.25,479.625,499.2
2024-10-31,493.35,497.77,482.6,485.0,9036,483.19325,486.4602540100377,3.9610012952687725,57.96750284291577,-16.20999999999998,507.01343389495355,459.3730661050464,10.553571428571429,10383.2,341760,498.08,487.0,501.21
2024-11-01,485.7,493.43,485.7,493.43,4760,484.29025,487.1240393424151,4.035134365475756,59.06062007564231,1.009999999999991,507.8605806979444,460.71991930205564,10.84642857142857,10127.75,346520,485.0,481.6,492.42
2024-11-04,488.91,500.505,488.16,493.25,16984,485.70275000000004,487.707464166947,4.032872419165301,55.62050358934166,7.680000000000007,507.7418185339022,463.6636814660979,10.723214285714281,10335.85,329536,493.43,495.6,485.57
2024-11-05,497.0,510.0,497.0,509.84,23720,487.70475,489.81532472247585,5.308560382366409,55.34834622725568,26.879999999999995,510.905121475019,464.504378524981,10.503214285714282,10973.45,353256,493.25,502.25,482.96
2024-11-06,518.0,587.77,518.0,585.66,26894,493.26374999999996,498.943389034621,12.295853682458699,74.36807478623527,106.03499999999997,542.1653897179601,444.36211028203974,14.90821428571428,11816.75,380150,509.84,498.08,479.625
2024-11-07,584.0,590.0,567.5,567.99,20653,498.23825,505.5192567456095,16.22053243687236,70.74275361775145,80.99000000000001,555.9760700666819,440.500429933318,15.671071428571423,12193.55,359497,585.66,485.0,487.0
2024-11-08,568.0,576.1,565.0,570.21,11939,503.33725000000004,511.6802799126943,19.28766784346965,73.83822451960947,88.61000000000001,567.5643259001538,439.11017409984623,15.790357142857138,12370.7,371436,567.99,493.43,481.6
2024-11-11,579.61,589.89,570.42,589.89,25631,509.13925,519.1288246829139,23.040806206536388,77.47430626369663,94.28999999999996,582.4704002902732,435.8080997097268,16.69535714285714,13347.9,397067,570.21,493.25,495.6
2024-11-12,589.77,602.0,583.08,585.84,16636,514.33125,525.4822699512079,25.395649012854733,77.19069195360998,83.59000000000003,594.0019571490611,434.6605428509387,17.82535714285714,13430.65,380431,589.89,509.84,502.25
2024-11-13,578.28,580.0,570.36,570.4,8464,517.8912499999999,529.7601490034738,25.719521308263666,70.50349099721188,72.32,601.0037678914887,434.77873210851106,18.00464285714285,13120.25,371967,585.84,585.66,498.08
2024-11-14,572.23,572.23,558.0,558.29,11540,520.74525,532.4772776698096,24.714127564691466,68.25170164712492,73.28999999999996,605.3526020181681,436.137897981832,18.134642857142858,13011.2,360427,570.4,567.99,485.0
2024-11-15,557.6,557.6,543.0,548.99,4730,523.57375,534.0499178917325,22.902903092498036,62.997224787565315,55.56,607.9761158233514,439.17138417664864,17.978214285714284,13089.7,355697,558.29,570.21,493.43
2024-11-18,549.0,561.0,549.0,554.5,11910,527.02025,535.9975447591866,21.662394994993974,62.79069767011472,61.25,610.5130011807865,443.5274988192135,18.028214285714284,12988.3,367607,548.99,589.89,493.25
2024-11-19,548.83,548.83,543.11,543.11,4778,530.02775,536.6749214487878,19.535018052565988,60.64690026552677,33.27000000000004,611.1373067394716,448.9181932605283,17.58535714285714,12915.8,362829,554.5,585.84,509.84
2024-11-20,543.05,561.62,536.52,561.62,8571,534.1274999999999,539.05064321557,19.122229644075787,67.66251728470598,-24.039999999999964,612.7613416164968,455.4936583835031,18.29464285714286,13092.9,371400,543.11,570.4,585.66
2024-11-21,568.01,580.97,566.0,580.97,13858,538.826,543.0429629093252,20.124492518966917,69.21253620854634,12.980000000000018,616.8304337201412,460.82156627985887,18.81178571428572,13175.35,385258,561.62,558.29,567.99
2024-11-22,582.0,588.9,570.76,577.48,5219,543.62,546.3226807274847,20.401997705632198,68.22134728959851,7.269999999999982,618.5402430658933,468.69975693410674,19.225714285714293,12720.55,380039,580.97,548.99,570.21
2024-11-25,587.0,596.5,586.11,587.01,16495,548.1905,550.1976635153433,21.147142821043985,67.22006515400956,-2.8799999999999955,621.9196425564218,474.46135744357827,19.039285714285718,13176.7,396534,577.48,554.5,589.89
2024-11-26,582.42,582.42,569.065,572.6,6231,551.708,552.3312193710249,20.34043722405022,45.98549120469818,-13.240000000000009,622.8768484779971,480.53915152200284,15.009642857142856,13221.55,390303,587.01,543.11,585.84
2024-11-27,581.48,581.48,565.51,565.51,7032,555.0795,553.5863413356892,18.911019024423467,49.1846396588073,-4.889999999999986,621.8011784703042,488.3578215296959,14.543214285714287,12754.05,383271,572.6,561.62,570.4
2024-11-29,565.0,567.0,563.97,564.51,3944,559.0550000000001,554.6266897799093,17.49582221247192,48.11083122979216,6.220000000000027,617.1070135196371,501.002986480363,13.966785714285711,12499.45,379327,565.51,580.97,558.29
2024-12-02,565.7,582.02,565.34,582.02,17585,563.4845,557.2355764675369,17.584476308945682,47.35355437041529,33.02999999999997,613.402355670459,513.5666443295411,13.767499999999993,13140.7,396912,564.51,577.48,548.99
2024-12-03,579.05,582.69,567.89,575.57,20325,567.6005,558.9817120420572,16.939011839700356,46.60136342145464,21.07000000000005,605.1864959783447,530.0145040216553,13.473214285714286,13307.75,376587,582.02,587.01,554.5
2024-12-04,583.34,586.85,576.04,586.12,8410,571.4145000000001,561.5663108951946,17.081864328583833,55.376196985121304,43.00999999999999,598.2713262223367,544.5576737776635,13.55678571428572,12542.25,384997,575.57,572.6,543.11
2024-12-05,586.42,588.01,572.01,580.5,22441,571.1565,563.3695193813666,16.550801585361228,57.94860782469918,18.879999999999995,597.5319433437411,544.781056656259,13.683214285714289,12319.6,362556,586.12,565.51,561.62
2024-12-06,582.38,586.99,575.69,584.63,7282,571.9885,565.3943270593317,16.27557235251834,63.24513155280637,3.659999999999968,598.9858412141183,544.9911587858818,13.4475,11651.05,369838,580.5,564.51,580.97
2024-12-09,589.64,589.64,571.03,572.55,9229,572.1055,566.0758197203477,14.910813582030187,56.39571964574061,-4.930000000000064,599.0906674463067,545.1203325536933,13.919642857142858,11515.55,360609,584.63,582.02,577.48
2024-12-10,570.23,584.61,565.86,580.51,15261,571.6365,567.450503556505,14.306620088546651,63.58221963327897,-6.5,597.6279741284208,545.6450258715792,14.85035714285714,10997.05,375870,572.55,575.57,587.01
2024-12-11,591.77,591.77,587.43,588.55,9716,571.772,569.4599794082665,14.311578233667888,60.584859674175064,15.949999999999932,598.101308544301,545.4426914556991,13.367499999999998,10651.05,385586,580.51,586.12,572.6
2024-12-12,588.0,592.32,571.8,572.9,6744,571.897,569.787600417003,12.903934863224094,46.73305804668232,7.389999999999986,598.2226201806279,545.5713798193722,13.763928571428576,10565.05,378842,588.55,580.5,565.51
2024-12-13,569.03,573.8,560.0001,565.01,11342,572.233,569.3325908534789,11.02462527255534,45.12547884737895,0.5,597.9928390808955,546.4731609191044,13.453921428571432,10555.15,367500,572.9,584.63,564.51
2024-12-16,577.15,583.14,574.32,577.94,8170,573.6805,570.1523441055285,10.458047954821836,46.54634071546991,-4.079999999999927,597.0871202735793,550.2738797264208,13.341778571428572,10727.15,375670,565.01,572.55,582.02
2024-12-17,578.0,578.0,562.96,572.05,19258,574.558,570.3330732383354,9.42511076338053,49.77604038849362,-3.5200000000000955,596.1852183285677,552.9307816714323,13.462135714285719,11094.55,356412,577.94,580.51,575.57
2024-12-18,577.78,580.0,535.35,546.25,15897,574.7149999999999,568.0394472156368,6.450301160248955,43.19434628547901,-39.870000000000005,595.4063249047939,554.0236750952059,15.510707142857143,11650.5,340515,572.05,588.55,586.12
2024-12-19,554.0,560.21,541.0,548.37,9197,574.0525,566.1661665284332,4.215218979330871,44.34160706337973,-32.129999999999995,597.2106463443259,550.8943536556741,16.666421428571432,11681.8,349712,546.25,572.9,580.5
2024-12-20,538.15,552.04,538.15,547.61,10576,572.3844999999999,564.3989125733443,2.355422752351501,36.33113529428272,-37.01999999999998,598.1082686319778,546.660731368022,16.46713571428572,11517.7,339136,548.37,565.01,584.63
2024-12-23,545.0,564.61,545.0,563.3,9303,571.6755,564.2942542330258,2.1230989534083164,45.45925541679791,-9.25,597.5888929810325,545.7621070189676,16.810707142857147,11721.9,348439,547.61,577.94,572.55
2024-12-24,570.19,570.19,570.19,570.19,2027,570.8344999999999,564.8557538298804,2.466513652772619,43.94066184393179,-10.319999999999936,595.7239731288455,545.9450268711544,16.038564285714283,10998.5,350466,563.3,572.05,580.51
2024-12-26,566.1,576.19,566.1,576.19,7628,571.014,565.9352058460823,3.186094814350895,48.365318966266315,-12.3599999999999,596.0086431313413,546.0193568686587,15.61642142857143,11068.35,358094,570.19,546.25,588.55
2024-12-27,563.54,563.54,550.0,558.1,16741,570.6435,565.188995765503,2.2704835328036097,40.901296381283935,-14.799999999999955,596.1951395807217,545.0918604192783,15.77642142857143,11553.8,341353,576.19,548.37,572.9
2024-12-30,556.25,569.3,538.36,556.05,66446,570.2205,564.3186152164075,1.3637170468871318,43.92309958297789,-8.960000000000036,596.4702386252641,543.970761374736,16.65713571428571,14678.9,274907,558.1,547.61,565.01
2024-12-31,558.0,567.99,555.6127,567.99,4388,569.519,564.6682709100829,1.5902251613750877,45.52025189181851,-9.950000000000045,595.1844040336495,543.8535959663506,16.201942857142853,14019.05,279295,556.05,563.3,577.94
2025-01-02,576.26,581.08,548.05,557.4,34985,568.6105,563.9760546329321,0.9047802349899712,39.05404455304834,-14.649999999999977,594.657561436439,542.563438563561,18.251228571428573,14752.05,244310,567.99,570.19,572.05
2025-01-03,562.01,578.14,560.05,577.61,47009,568.185,565.2745256202719,1.9696335805850822,51.6036772167351,31.360000000000014,593.2886675869429,543.081332413057,18.077657142857138,16682.0,291319,557.4,576.19,546.25
2025-01-06,585.0,585.0,566.01,580.69,80542,568.1945,566.7426660373889,3.027172428779636,55.51957194609072,32.32000000000005,593.3179262455527,543.0710737544472,18.44837857142857,19587.05,371861,577.61,558.1,548.37
2025-01-07,584.31,596.6,562.1,569.08,66272,567.417,566.9652692719233,2.8950769687753564,46.85190448652696,21.470000000000027,591.3322205223268,543.5017794776733,20.282664285714286,22536.55,305589,580.69,556.05,547.61
2025-01-08,561.51,574.0,553.8,557.37,70987,566.6580000000001,566.0514341031686,1.8244599904957113,44.991128697762576,-5.92999999999995,590.8492438269445,542.4667561730557,20.651235714285722,25624.45,234602,569.08,567.99,563.3
2025-01-10,544.315,545.275,518.61,518.61,22547,563.563,561.5332022838193,-2.1270998641724645,41.335423193863996,-51.58000000000004,595.0353913094759,532.090608690524,19.366592857142866,25988.75,212055,557.37,557.4,570.19
2025-01-13,507.01,519.0,489.4901,517.89,40469,560.03,557.3767068282174,-5.256246760403428,40.360531305723946,-58.30000000000007,595.3241331042267,524.7358668957733,20.102300000000007,27526.4,171586,518.61,577.61,576.19
2025-01-14,521.99,528.3,512.8,518.3,49176,557.3,553.6551157017204,-7.615250775850427,40.70998414852654,-39.80000000000007,596.6196300244939,517.980369975506,20.217300000000005,29648.0,220762,517.89,580.69,558.1
2025-01-15,527.88,536.0,525.0,528.9,26905,555.4945,551.2974856348899,-8.531105764866311,38.733132447646675,-27.149999999999977,596.5991866197176,514.3898133802825,19.602300000000007,30426.15,247667,518.3,569.08,556.05
2025-01-16,530.0,530.0,507.37,507.7,21284,551.9825,547.1453441458527,-10.842603482586469,31.287057552626123,-60.29000000000002,596.8434744245006,507.1215255754993,21.218728571428578,31081.85,226383,528.9,557.37,567.99
2025-01-17,514.68,514.68,497.1,497.74,15323,548.267,542.4400732748192,-13.32457344965951,27.052009592355205,-59.65999999999997,598.1570977834481,498.37690221655197,21.75372857142857,30885.1,211060,507.7,518.61,557.4
2025-01-21,498.93,502.31,491.935,496.32,20337,545.7705,538.047685343884,-15.230566176572324,29.975366262027407,-81.29000000000002,600.8161769085065,490.7248230914935,21.527657142857144,31107.1,190723,497.74,517.89,577.61
2025-01-22,492.16,498.25,478.07,483.14,16952,542.509,532.8183819777998,-17.60169362726947,27.958159499417093,-97.55000000000007,604.2311287281696,480.7868712718304,20.75908571428572,31494.85,173771,496.32,518.3,580.69
2025-01-23,477.37,482.0,468.29,474.5,65716,538.8534999999999,527.2642503608665,-19.948056232490558,21.161083346929175,-94.58000000000004,607.5674775177923,470.13952248220755,20.854278571428576,34251.85,108055,483.14,528.9,569.08
2025-01-24,466.21,466.21,450.86,452.8,14859,533.3285,520.1724169931649,-23.290100367834498,19.80369514851475,-104.57,610.9574580463907,455.69954195360924,19.591421428571426,34529.65,93196,474.5,507.7,557.37
2025-01-27,444.77,446.375,423.98,430.56,22793,526.347,511.63790108905397,-27.417227820108565,8.040860582591066,-88.05000000000001,614.4288750935733,438.26512490642665,19.89892142857142,35567.95,70403,452.8,497.74,518.61
2025-01-28,433.62,438.73,424.83,432.53,23930,519.164,504.1038152710488,-30.181134196447317,7.4546289909007015,-85.36000000000001,613.3506841409842,424.9773158590158,19.535349999999994,36383.05,94333,430.56,496.32,517.89
2025-01-29,431.83,440.56,428.15,429.47,43697,512.7325,496.99583286428225,-32.24674592495825,7.839584465121959,-88.82999999999993,613.0893288133573,412.37567118664265,17.957492857142853,37730.85,50636,432.53,483.14,518.3
2025-01-30,437.19,437.19,423.09,423.09,16547,506.08450000000005,489.957182115303,-34.006564277210884,8.100349475078588,-105.81,611.8300198453733,400.33898015462677,17.521778571428566,35235.9,34089,429.47,474.5,528.9
2025-01-31,425.83,426.03,407.01,410.1,17693,498.19000000000005,482.35173619955987,-36.034039461713974,9.652710640773847,-97.59999999999997,607.9738227944729,388.40617720552723,16.97570714285714,35901.15,16396,423.09,452.8,507.7
2025-02-03,397.74,402.57,381.0,392.01,27833,489.9205,473.7477613234113,-38.654949769097016,8.548472075081122,-105.73000000000002,605.6788622033405,374.1621377966595,16.408571428571424,35543.55,-11437,410.1,430.56,497.74
2025-02-04,395.01,410.76,395.01,408.9,27508,481.485,467.571784054515,-38.92050685016244,17.502376424399742,-87.42000000000002,594.9024518270761,368.0675481729239,16.426428571428566,34568.5,16071,392.01,432.53,496.32
2025-02-05,413.7,415.6,405.66,406.48,16806,472.7745,461.75351890646596,-38.878074285753144,11.777194953385262,-76.65999999999997,580.7397713119983,364.8092286880016,16.35071428571428,31381.7,-735,408.9,429.47,483.14
2025-02-06,408.99,416.5,407.0,414.68,29191,465.0545,457.2703266296597,-37.74764336736126,18.390648360354277,-59.81999999999999,565.8686883237084,364.24031167629164,15.412857142857137,29527.65,28456,406.48,423.09,474.5
2025-02-07,415.755,424.9,400.89,404.9,30083,457.4309999999999,452.282676474454,-37.211976484092816,18.413173650940465,-47.900000000000034,551.699022127279,363.16297787272083,15.872142857142856,27482.45,-1627,414.68,410.1,452.8
2025-02-10,406.88,410.085,399.48,399.48,17381,451.4745,447.2538501435536,-36.80059101732593,17.925278217733464,-31.079999999999984,544.5127326561998,358.4362673438002,15.888571428571424,27224.15,-19008,404.9,392.01,430.56
2025-02-11,392.9,400.23,392.51,394.37,17940,445.2985,442.2172929870247,-36.46653583946198,18.937644339945905,-38.15999999999997,536.1466454261346,354.45035457386535,14.998571428571426,26097.7,-36948,399.48,408.9,432.53
2025-02-12,386.5,396.68,386.5,396.68,18470,439.21750000000003,437.88040794064136,-35.604965134987765,21.507029874772243,-32.79000000000002,525.6662065137149,352.7687934862851,14.74642857142857,24562.4,-18478,394.37,406.48,429.47
2025-02-13,398.01,428.53,394.99,426.92,20606,434.11850000000004,436.8365595653422,-32.111883071539694,41.08201240127396,3.830000000000041,509.63333821426085,358.60366178573923,16.045714285714286,24247.45,2128,396.68,414.68,423.09
2025-02-14,426.92,444.83,420.12,433.53,38064,430.40999999999997,436.5216491305477,-28.481897032410416,51.14698385173354,23.42999999999995,497.5279339121165,363.2920660878834,16.211071428571426,25086.45,40192,426.92,404.9,410.1
2025-02-18,431.64,443.72,431.64,443.6,24674,427.703,437.1957777847812,-24.510006009931146,54.02340626040325,51.59000000000003,487.3369204427151,368.06907955728485,16.081071428571427,25554.0,64866,433.53,399.48,392.01
2025-02-19,440.01,443.0,413.14,430.8,31170,424.427,436.58665609099256,-22.139891892490937,50.451428954542656,21.900000000000034,474.6446870078731,374.20931299212697,17.327499999999997,26095.65,33696,443.6,394.37,408.9
2025-02-20,432.08,433.125,416.85,418.59,16362,421.1995,434.8726888442314,-21.0046755111062,48.53075616638742,12.109999999999957,463.1446910423423,379.2543089576577,17.48285714285714,26066.15,17334,430.8,396.68,406.48
2025-02-21,425.0,430.0,405.84,406.84,14156,417.8165,432.2029089543046,-20.813213383114146,48.926925604443845,-7.840000000000032,451.82425037050814,383.8087496294919,17.849999999999998,23488.15,3178,418.59,426.92,414.68
2025-02-24,400.0,403.01,395.405,401.86,28218,415.2695,429.31310810151365,-20.82328478274286,53.54852654550271,-3.0399999999999636,445.6859917005241,384.8530082994759,16.8525,24156.1,-25040,406.84,433.53,404.9
2025-02-25,400.5686,407.1,399.7628,400.485,19823,413.76575,426.56757399660756,-20.7035596994578,46.58689920379465,1.0049999999999955,443.9723399528327,383.5591600471673,16.251585714285714,24007.6,-44863,401.86,443.6,399.48
2025-02-26,404.21,405.53,392.185,393.4,14368,411.80924999999996,423.4087574255021,-20.9390051789415,44.88822885236488,-0.9700000000000273,441.96739357593964,381.6511064240603,16.494799999999998,23529.5,-59231,400.485,430.8,394.37
2025-02-27,392.975,396.46,383.63,383.63,16765,409.51725,419.620304337359,-21.66422308817863,38.01250868247877,-13.050000000000011,440.96408892991195,378.070411070088,16.73265714285714,22182.9,-75996,393.4,418.59,396.68
2025-02-28,383.0,395.45,383.0,393.27,13545,408.02625,417.1107515433248,-21.216525175607444,45.50514029035269,-33.650000000000034,439.5910019728078,376.4614980271922,15.906942857142853,22032.8,-62451,383.63,406.84,426.92
2025-03-03,397.37,399.72,371.0,376.14,33393,406.32824999999997,413.20877520586527,-21.990476666606014,41.72809752917355,-57.389999999999986,440.9308141390867,371.72568586091325,17.20087142857143,22817.8,-95844,393.27,401.86,433.53
2025-03-04,371.0,388.69,370.0,380.6,26007,405.75775000000004,410.10317756721145,-21.990461718908477,45.097201448185146,-63.0,441.7044181678293,369.81108183217077,17.984442857142856,22726.5,-69837,376.14,400.485,443.6
2025-03-05,385.1,386.935,378.31,385.37,26702,404.58125,407.74763684652464,-21.35933363488448,46.04241024113238,-45.43000000000001,441.61857852065566,367.54392147934436,17.873371428571428,22686.2,-43135,380.6,393.4,430.8
2025-03-06,377.32,380.29,375.57,379.3,11494,403.22225,405.03833809923657,-21.105665379482275,29.944407004555075,-39.289999999999964,441.9234707715742,364.52102922842573,15.814800000000004,22420.6,-54629,385.37,383.63,418.59
2025-03-07,375.0,389.52,371.67,389.39,34641,401.95775,403.5480201850236,-19.861501756252892,31.939443531529037,-17.44999999999999,440.7352481515612,363.18025184843873,15.324800000000002,22693.1,-19988,379.3,393.27,406.84
2025-03-10,382.01,393.13,380.03,389.3,34469,401.17775,402.191065881688,-18.667567273594443,25.806451609683734,-12.560000000000002,440.33181014773214,362.02368985226786,15.397657142857144,22912.4,-54457,389.39,376.14,401.86
2025-03-11,390.52,392.74,372.68,382.54,24497,400.33074999999997,400.3195357977177,-18.05867196924845,27.274439627219422,-17.944999999999993,440.3625195251581,360.2989804748418,14.697657142857143,23268.2,-78954,389.3,380.6,400.485
2025-03-12,381.84,392.41,378.0,382.6,16935,399.74225,398.63196095983983,-17.37103408727654,30.862490689864146,-10.799999999999955,440.4827626798945,359.0017373201055,14.564442857142861,23217.95,-62019,382.54,385.37,393.4
2025-03-13,381.52,381.55,373.835,376.42,9912,398.72925,396.51653610652176,-17.1273174095233,32.8057879215546,-7.2099999999999795,440.77690745711845,356.6815925428815,13.389800000000005,22790.05,-71931,382.6,379.3,383.63
2025-03-14,388.355,394.54,387.84,393.78,15657,397.07225000000005,396.25591362018633,-15.3563448852492,45.99365330579221,0.5099999999999909,437.0008436951613,357.1436563048388,13.32515714285715,22542.6,-56274,376.42,389.39,393.27
2025-03-17,391.51,400.0,390.0,394.83,16657,395.13725,396.12011232302575,-13.71006903420539,47.186987010290814,18.689999999999998,431.1894503817798,359.0850496182202,13.51535714285715,21472.25,-39617,393.78,389.3,376.14
2025-03-18,393.31,396.97,389.99,396.23,13073,392.76875,396.1305778160709,-12.152330757356765,51.49214382873681,15.629999999999995,420.73197996834836,364.80552003165167,13.060714285714296,20892.2,-26544,394.83,382.54,380.6
2025-03-19,394.1,399.75,390.29,397.5,28959,391.10375,396.26099897644514,-10.692081899343123,58.03312868281637,12.129999999999995,412.7943487093025,369.4131512906975,12.82000000000001,20781.65,2415,396.23,382.6,385.37
2025-03-20,396.38,405.605,392.14,399.7,9453,390.15925000000004,396.58852288345037,-9.25066661857062,54.07529470456264,20.399999999999977,408.13789120940226,372.18060879059783,12.892500000000013,20436.2,11868,397.5,376.42,379.3
2025-03-21,392.54,399.865,391.365,396.8,16544,389.65725,396.608663561217,-8.247270981286476,65.97587378713796,7.410000000000025,406.17621437271237,373.1382856272876,11.448214285714297,20555.6,-4676,399.7,393.78,389.39
2025-03-24,408.27,412.2,402.94,411.96,8882,390.16225,398.07069560300584,-6.157804074795649,70.80679404204758,22.659999999999968,408.7410546963991,371.58344530360085,10.774642857142867,19588.8,4206,396.8,394.83,389.3
2025-03-25,409.3099,409.3099,404.09,407.1,7367,390.493,398.9306293551005,-4.838275255467522,64.40026506425977,24.560000000000002,410.05508588597087,370.9309141140291,10.531421428571443,18966.0,-3161,411.96,396.23,382.54
2025-03-26,396.51,399.53,396.41,398.1,5488,390.728,398.8515217974719,-4.467268057925935,61.99285530916181,15.5,410.5483431910273,370.9076568089727,10.417135714285722,18522.0,-8649,407.1,397.5,382.6
2025-03-27,396.69,410.4,396.69,409.9,10941,392.0415,399.9037578167603,-3.1843733241492487,62.8043451007709,33.47999999999996,413.3101913709132,370.7728086290868,10.121421428571438,18230.8,2292,398.1,399.7,376.42
2025-03-28,410.99,410.99,393.21,394.5,7317,392.103,399.38911421516406,-3.371457241285441,52.72536686857279,0.7200000000000273,413.3937502525244,370.8122497474756,10.455707142857152,17919.4,-5025,409.9,396.8,393.78
2025-03-31,385.52,399.36,385.52,397.7,11162,393.181,399.22824619467224,-3.22434113942586,58.25348431167738,2.8700000000000045,413.21477978892545,373.1472202110745,10.01142142857144,16807.85,6137,394.5,411.96,394.83
2025-04-01,393.75,393.75,391.9,391.9,7237,393.746,398.5303179856558,-3.5350126705681646,54.76532075459402,-4.330000000000041,412.90405989517075,374.5879401048292,9.114278571428583,15869.35,-1100,397.7,407.1,396.23
2025-04-02,388.58,395.74,388.45,395.74,5711,394.2645,398.26457341559336,-3.4318064608298755,60.14279713521632,-1.759999999999991,413.025266985769,375.503733014231,9.08392142857144,14819.8,4611,391.9,398.1,397.5
2025-04-03,375.11,380.79,364.0,376.0,12073,394.0995,396.1441378522035,-4.886538843959897,40.8932595720907,-23.69999999999999,413.46279405968124,374.7362059403187,9.804635714285723,14848.75,-7462,395.74,409.9,399.7
2025-04-04,377.73,383.63,364.0,380.19,10928,393.6395,394.62469615199365,-5.636354370982417,42.7352123799296,-16.610000000000014,413.8906301568866,373.3883698431134,10.492492857142866,13663.1,3466,376.0,394.5,396.8
2025-04-07,363.76,399.99,363.76,368.6,11785,392.60450000000003,392.1461536613276,-7.084143124393449,37.54844524086813,-43.35999999999996,415.70489915352573,369.50410084647433,12.58177857142858,12528.9,-8319,380.19,397.7,411.96
2025-04-08,378.13,378.13,360.0,365.66,9561,391.7605,389.6236628364393,-8.372249491032903,35.86396731928524,-41.44,417.4927255260965,366.0282744739035,13.201064285714295,11782.1,-17880,368.6,391.9,407.1
2025-04-09,366.96,415.785,364.45,401.56,18744,392.7085,390.7604568520165,-6.422221721408164,50.63559321549413,3.4599999999999795,418.41674833844496,367.00025166155507,15.906064285714296,11872.55,864,365.66,395.74,398.1
2025-04-10,383.34,383.34,369.99,374.12,7325,392.5935,389.1756514375387,-7.010180343822867,43.36298723746293,-35.77999999999997,418.6270583228061,366.55994167719393,16.252492857142865,11743.2,-6461,401.56,376.0,409.9
2025-04-11,367.105,378.97,359.3389,378.97,8483,391.85299999999995,388.2036846339636,-7.004049004189653,39.7259420706561,-15.529999999999973,418.57779400737104,365.12820599262886,16.993285714285722,11384.5,2022,374.12,380.19,394.5
2025-04-14,389.47,392.76,380.1,381.05,5024,391.164,387.5223813354909,-6.7535010998709595,41.744311335587106,-16.649999999999977,418.27339739957335,364.0546026004266,17.524721428571432,10802.85,7046,378.97,368.6,397.7
2025-04-15,379.02,385.0,379.0,384.64,12596,390.58450000000005,387.2478688273489,-6.193858142357726,45.58283013495562,-7.259999999999991,417.73340361263223,363.43559638736787,17.730435714285722,10779.0,19642,381.05,365.66,391.9
2025-04-16,378.79,383.67,377.77,382.0,5281,389.8095,386.74807179617284,-5.895404450376134,40.25837988433228,-13.740000000000009,417.012077644883,362.60692235511704,17.17257857142858,9595.1,14361,384.64,401.56,395.74
2025-04-17,381.99,381.99,374.34,377.4,3994,388.69449999999995,385.85777924415635,-5.961340680870535,43.54229606790337,1.3999999999999773,416.01796319653124,361.37103680346866,16.449007142857152,9322.15,10367,382.0,374.12,376.0
2025-04-21,363.31,369.93,363.31,369.93,4589,387.351,384.34084788757,-6.5409620502792905,39.84049169124338,-10.259999999999991,415.62232741283606,359.07967258716394,15.933292857142865,8724.4,5778,377.4,378.97,380.19
2025-04-22,370.36,379.63,370.36,379.63,5756,385.7345,383.8921957078014,-6.1467513049411195,45.6356263737718,11.029999999999973,411.68291966589595,359.7860803341041,16.463292857142864,8568.1,11534,369.93,381.05,368.6
2025-04-23,389.29,392.05,370.98,370.98,7020,383.9285,382.6624627832489,-6.457876774491638,41.48438574370077,5.319999999999993,408.6128238343174,359.2441761656826,17.447578571428576,8550.75,4514,379.63,384.64,365.66
2025-04-24,377.71,384.71,377.71,384.71,6251,383.25899999999996,382.8574663277014,-5.532771352920179,53.12477577137298,-16.850000000000023,407.03455126373075,359.48344873626917,16.74829285714286,8588.9,10765,370.98,382.0,401.56
2025-04-25,381.05,381.05,381.05,381.05,4565,381.8165,382.6853266774441,-5.036887944533191,50.30970901250119,6.930000000000007,402.0185616717459,361.61443832825415,15.346150000000003,8270.1,6200,384.71,377.4,374.12
2025-04-28,377.65,377.65,377.65,377.65,4501,380.974,382.20577175578273,-4.86219994144335,53.46345196518568,-1.32000000000005,400.33689495535674,361.61110504464324,12.758292857142859,8129.3,1699,381.05,369.93,378.97
2025-04-29,372.19,381.9,367.88,381.9,6671,380.184,382.1766506361844,-4.330895096385063,56.153379806106784,0.8499999999999659,397.89212766112513,362.4758723388749,12.464721428571428,7904.75,8370,377.65,379.63,381.05
2025-04-30,374.42,380.43,373.095,378.98,6759,379.538,381.87220771845256,-4.098210159699647,38.593655278436934,-5.659999999999968,396.3673798240667,362.70862017593333,9.321864285714282,7880.85,1611,381.9,370.98,384.64
2025-05-01,377.02,378.03,375.115,378.03,5392,378.65250000000003,381.506283173838,-3.944987372727269,52.696923703438294,-3.9700000000000273,393.6572022454038,363.64779775459624,8.576507142857139,7864.9,-3781,378.98,384.71,382.0
2025-05-02,380.78,381.31,378.38,381.31,4060,378.918,381.48758953823443,-3.5183314869486253,51.649746182697434,3.910000000000025,393.91299509484014,363.92300490515987,7.3835714285714245,7464.25,279,378.03,381.05,377.4
2025-05-05,376.95,376.95,373.56,373.56,5877,378.5865,380.7325810107835,-3.762195605077011,45.110327710777575,3.6299999999999955,393.7552299888035,363.4177700111965,6.721428571428569,7211.7,-5598,381.31,377.65,369.93
2025-05-06,372.68,386.85,367.24,382.33,9438,379.273,380.88471615261363,-3.2107820724986595,48.58750152035924,2.6999999999999886,393.76646291843207,364.779537081568,7.693571428571427,7094.35,3840,373.56,381.9,379.63
2025-05-07,382.2,391.62,381.94,391.62,7852,380.571,381.907124138079,-2.0010901928718,55.43994570486136,20.639999999999986,394.572697491059,366.56930250894106,7.963571428571425,7008.9,11692,382.33,378.98,370.98
2025-05-08,389.86,405.33,389.86,397.88,12140,380.387,383.4283504106429,-0.5311482337012308,61.367673169858506,13.170000000000016,393.28018073530467,367.49381926469533,8.52214285714285,6678.7,23832,391.62,378.03,384.71
2025-05-09,391.2,393.12,389.66,393.12,4450,381.337,384.3513646572483,0.24685356603299624,63.27114569204767,12.069999999999993,395.05917582868085,367.6148241713191,8.296428571428562,6534.95,19382,397.88,381.31,381.05
2025-05-12,409.56,411.07,403.975,404.0,4859,382.5885,386.2226632613199,1.7215062174939249,63.76058722876739,26.350000000000023,399.57827931146204,365.598720688538,8.141071428571419,6353.75,24241,393.12,373.56,377.65
2025-05-13,411.28,413.3,411.25,413.01,7524,384.1865,388.7738381888132,3.575988993225508,73.6362613763254,31.110000000000014,405.91752780526593,362.4554721947341,6.782499999999991,6478.75,31765,404.0,382.33,381.9
2025-05-14,408.13,423.38,408.13,410.34,47843,385.4715,390.8277583613072,4.775187874573874,66.4611432121971,31.359999999999957,410.1543466113952,360.78865338860476,7.371785714285705,8241.1,-16078,413.01,391.62,378.98
2025-05-15,418.2,423.6,406.05,406.05,60693,386.674,392.27749566023033,5.318090840022592,65.92762486081821,28.02000000000004,412.9374710497015,360.41052895029844,8.625357142857135,11011.7,-76771,410.34,397.88,378.03
2025-05-16,406.86,416.24,400.0,416.24,34169,388.616,394.55963893068457,6.4957146352884365,72.62812242269507,34.93000000000001,417.59556114591965,359.6364388540803,9.785357142857135,12520.45,-42602,406.05,393.12,381.31
2025-05-19,415.0,415.0,400.4,405.88,29614,390.4135,395.63776855633364,6.517890376476316,63.12103303913664,32.31999999999999,418.9695577221569,361.8574422778431,9.826785714285709,13771.7,-72216,416.24,404.0,373.56
2025-05-20,404.0,412.555,401.01,412.42,34567,392.053,397.2360763128733,6.982695981378754,67.59999999003789,30.090000000000032,421.7448313061921,362.3611686938079,10.127499999999998,15212.25,-37649,405.88,413.01,382.33
2025-05-21,416.27,447.02,407.93,430.36,46111,395.02200000000005,400.39073571164727,8.69839614497613,73.36369317772042,38.74000000000001,427.5786024349111,362.465397565089,12.71142857142857,17166.8,8462,412.42,410.34,391.62
2025-05-22,432.49,444.1,430.29,435.5,27288,397.5615,403.73447516768084,10.353507143293427,73.79885813760929,37.620000000000005,434.37633869882706,360.746661301173,13.488571428571428,18218.65,35750,430.36,406.05,397.88
2025-05-23,433.0,435.0,416.645,417.27,28971,399.3725,405.02357277075885,10.078012829800684,67.57821924759835,24.149999999999977,436.330597396342,362.414402603658,14.557500000000001,19438.95,6779,435.5,416.24,393.12
2025-05-27,421.99,429.0,418.09,428.89,33781,401.9345,407.2965658402104,10.674272124587901,68.30476489262253,24.889999999999986,439.64857246777893,364.2204275322211,13.936071428571429,20902.95,40560,417.27,405.88,404.0
2025-05-28,430.41,430.41,417.64,417.95,29080,403.73699999999997,408.3111786173332,10.147076163243526,60.21889310841369,4.939999999999998,440.8607005301499,366.61329946985,14.156785714285718,22023.4,11480,428.89,412.42,413.01
2025-05-29,421.01,430.68,420.32,426.02,35713,406.08900000000006,409.99773303473006,10.26215538255218,60.77005510677602,15.680000000000007,442.5633266017656,369.6146733982345,13.791785714285721,23471.1,47193,417.95,430.36,410.34
2025-05-30,426.89,427.5,418.02,421.43,66439,408.25899999999996,411.08652036475576,9.869215678220769,60.84923736604669,15.379999999999995,442.8183286362613,373.6996713637386,14.221785714285724,26523.45,-19246,426.02,435.5,406.05
2025-06-02,417.95,417.95,407.3,413.12,74468,409.8495,411.28018509192185,8.78598125826636,53.565285373339215,-3.1200000000000045,442.03297433077483,377.6660256692251,14.475714285714295,30043.85,-93714,421.43,417.27,416.24
2025-06-03,413.01,433.2,412.31,432.01,82607,412.77200000000005,413.25445317840547,9.344062766754803,56.89505007405624,26.129999999999995,441.5113950051635,384.0326049948366,15.82142857142858,33880.35,-11107,413.12,428.89,405.88
2025-06-04,431.8,432.05,423.5,428.49,39579,415.08000000000004,414.7054576376049,9.394023347288453,56.5462021150426,16.069999999999993,440.77898134372117,389.3810186562789,15.342857142857152,35387.4,-50686,432.01,417.95,412.42
2025-06-05,431.6,434.5,420.99,422.18,56571,416.608,415.4173188149759,8.822750031783073,55.73409171148044,-8.180000000000007,439.960770691013,393.255229308987,15.054285714285722,37823.35,-107257,428.49,426.02,430.36
2025-06-06,425.49,428.95,418.11,421.83,36124,417.80550000000005,416.02805035640677,8.246706835512043,52.13668679206549,-13.670000000000016,439.51299419463703,396.0980058053631,14.668571428571434,39022.55,-143381,422.18,421.43,435.5
2025-06-09,421.5,425.14,420.05,422.3,53225,419.26449999999994,416.6253788938918,7.738904253413466,56.78961296067603,5.03000000000003,437.6551480524518,400.8738519475481,13.989285714285716,41461.3,-90156,421.83,413.12,417.27
2025-06-10,422.11,428.48,416.975,425.67,133851,420.34799999999996,417.48677138018786,7.521692495320224,55.62632695729284,-3.2199999999999704,437.46107115073755,403.23492884926236,13.986428571428572,47910.9,43695,422.3,432.01,428.89
2025-06-11,431.23,431.23,407.84,407.84,147214,420.08949999999993,416.5680312487414,5.843458867237814,40.42842570073105,-10.110000000000014,437.8145289584707,402.36447104152916,12.865000000000006,54895.4,-103519,425.67,428.49,417.95
2025-06-12,408.31,410.76,399.17,399.48,99937,419.54650000000004,414.94059970124226,3.795116749882766,35.09846102522441,-26.539999999999964,439.1001554934768,399.9928445065233,12.706428571428575,57500.1,-203456,407.84,422.18,426.02
2025-06-13,395.0,398.13,385.0,389.5,79887,418.71900000000005,412.5176854439811,1.350915754805385,37.6698339354642,-31.930000000000007,441.76623926838994,395.67176073161016,12.333214285714288,58459.8,-283343,399.48,421.83,421.43
2025-06-16,396.4,396.9,390.37,396.82,60705,417.74800000000005,411.0226677826496,0.004480037809571513,35.19527282344444,-16.30000000000001,442.78543016911595,392.71056983088414,12.02035714285714,59786.6,-222638,389.5,422.3,413.12
2025-06-17,396.0,398.06,391.05,392.15,82967,417.06149999999997,409.2252708509687,-1.4230064075609903,37.357898858065354,-39.860000000000014,444.1388894994501,389.98411050054983,11.608928571428565,62454.25,-305605,396.82,425.67,432.01
2025-06-18,395.83,398.0,387.56,392.38,99796,416.0595,407.6209593413526,-2.5068432931640245,32.14437366825882,-36.110000000000014,445.26001079221015,386.8589892077899,11.61464285714285,65715.7,-205809,392.15,407.84,428.49
2025-06-20,395.72,398.73,389.95,396.48,97816,414.3655,406.55991559455714,-3.000369704469392,36.68765339330248,-25.69999999999999,444.00061961738135,384.73038038261865,11.564642857142852,68300.95,-107993,392.38,399.48,422.18
2025-06-23,394.96,413.19,393.5,413.19,109207,413.25,407.1913522045993,-2.0198519958969996,50.03427675349643,-8.639999999999986,441.1651699939142,385.3348300060858,12.210357142857138,72396.9,1214,396.48,389.5,421.83
2025-06-24,419.0,420.21,412.82,416.02,77349,413.1875,408.0321758041613,-1.0028668738428905,40.708890173504656,-6.28000000000003,441.0703518325412,385.3046481674588,11.246071428571424,74815.8,78563,413.19,396.82,422.3
2025-06-25,415.8,422.73,411.74,420.49,43355,412.76750000000004,409.218635251384,0.16192622034583337,45.4022988432686,-5.180000000000007,439.8973389814159,385.6376610185842,11.420357142857139,75294.5,121918,416.02,392.15,425.67
2025-06-26,421.31,424.63,413.34,418.5,85369,412.79499999999996,410.1025747512522,0.9139216506037542,47.774552483444076,10.660000000000025,439.9480628300434,385.6419371699565,11.261785714285711,78108.95,36549,420.49,392.38,407.84
2025-06-27,419.39,428.5799,414.0,419.02,77110,412.445,410.951853346371,1.5341582794314377,48.304164143919635,19.539999999999964,439.05533396415507,385.8346660358449,11.528921428571428,80178.8,113659,418.5,396.48,399.48
2025-06-30,423.52,430.81,421.62,422.25,68757,412.486,412.0278673133833,2.2602791905706567,49.97079779582301,32.75,439.15708065222606,385.8149193477739,11.821778571428572,80294.7,182416,419.02,413.19,389.5
2025-07-01,421.27,439.335,418.0,427.82,112696,413.221,413.5318799502039,3.247749657240206,51.22423413373031,31.0,440.7616730032754,385.6803269967246,12.523921428571429,82206.1,295112,422.25,416.02,396.82
2025-07-02,428.38,436.16,425.8,434.25,82998,413.33299999999997,415.5050342406607,4.497331935602517,67.28176938958325,42.10000000000002,441.2115434188652,385.45445658113476,11.59320714285714,82225.65,378110,427.82,420.49,392.15
2025-07-03,437.9,443.5,433.89,436.65,61531,413.741,417.5188405034549,5.61655073562315,76.38041162428206,44.26999999999998,442.76868616700585,384.7133138329941,11.451778571428573,83323.25,439641,434.25,418.5,392.38
2025-07-07,432.25,438.1,399.0,399.09,96254,412.5865,415.7637128364592,3.433185969421288,54.891359779980824,2.609999999999957,442.03461263721994,383.13838736278007,13.306778571428575,85307.4,343387,436.65,419.02,396.48
2025-07-08,400.0,411.11,397.0,401.9,89683,411.59,414.4433592329869,1.907607466335321,52.7159965703804,-11.29000000000002,441.06990430605885,382.1100956939411,13.848207142857149,87985.35,433070,399.09,422.25,413.19
2025-07-09,403.23,403.23,387.41,389.45,67164,409.94749999999993,412.06303930603576,-0.30254785621167457,48.66732477116148,-26.569999999999993,440.5539216687946,379.34107833120527,14.477492857142863,88682.3,365906,401.9,427.82,416.02
2025-07-10,388.37,395.915,386.0,394.43,43326,408.3855,410.38370222927045,-1.6334382330650783,50.96652521722272,-26.060000000000002,438.8014788165375,377.96952118346246,14.439992857142865,84156.05,409232,389.45,434.25,420.49
2025-07-11,393.67,393.67,385.91,389.39,22560,407.46299999999997,408.384302016959,-3.059595215123295,46.686606218771715,-29.110000000000014,439.0454308920682,375.8805691079317,14.36713571428572,77923.35,386672,394.43,436.65,418.5
2025-07-14,389.8,395.225,386.75,395.06,37232,407.242,407.11532087248673,-3.689779799754433,40.55237102065938,-23.95999999999998,439.12011167886453,375.3638883211355,13.566064285714292,74788.1,423904,389.39,399.09,419.02
2025-07-15,390.71,392.8,387.18,389.36,21743,407.235,405.4243379322499,-4.596166242986783,36.51082776248584,-32.889999999999986,439.12957271105364,375.3404272889464,13.439635714285723,71880.9,402161,395.06,401.9,422.25
2025-07-16,392.36,398.715,386.72,397.21,29203,407.2545,404.64202003394036,-4.6277092826362605,38.61056750938796,-30.610000000000014,439.1227276850958,375.3862723149042,13.511421428571433,70305.8,431364,389.36,389.45,427.82
