Date,Open,High,Low,Close,Volume,SMA_20,EMA_20,MACD,RSI_14,Momentum_10,Bollinger_Upper,Bollinger_Lower,ATR_14,Volume_MA_20,OBV,Lag_1,Lag_5,Lag_10
2023-08-14,137.36,138.98,136.0,137.45,370932.0,146.20499999999998,145.41133369433845,-2.0454406521188275,39.698772767649984,-17.74000000000001,160.1902139964434,132.21978600355658,6.419278571428573,549412.75,-2340523.0,138.81,140.14,155.19
2023-08-15,135.76,137.105,130.43,130.59,565696.0,144.802,143.99977810440146,-2.6045167981330906,35.39456232600256,-21.689999999999998,159.15555463034565,130.44844536965434,6.606778571428573,551964.35,-2906219.0,137.45,136.0,152.28
2023-08-16,130.45,131.3315,129.0055,130.24,315229.0,143.29199999999997,142.6893230468394,-3.029802433114554,36.816692524307044,-13.909999999999997,157.06091479880834,129.5230852011916,5.98435,538369.8,-3221448.0,130.59,144.91,144.15
2023-08-17,130.71,130.9899,125.48,126.61,426934.0,142.318,141.1579589471404,-3.570327602498793,28.332443488224655,-14.63000000000001,157.89129779496074,126.74470220503927,6.108628571428571,527272.2,-3648382.0,130.24,140.98,141.24
2023-08-18,123.49,126.89,121.89,123.9,573180.0,141.038,139.5143438093175,-4.134304300750188,21.382842504127296,-13.460000000000008,158.24803208046194,123.82796791953807,6.161492857142858,524201.8,-4221562.0,126.61,138.81,137.36
2023-08-21,124.62,128.35,124.01,126.89,413294.0,139.99849999999998,138.31202535128725,-4.3164389207775855,26.812785381271595,-13.249999999999986,158.0120519452498,121.98494805475015,6.158635714285714,524174.95,-3808268.0,123.9,137.45,140.14
2023-08-22,128.8,130.65,126.14,129.99,325264.0,139.07150000000001,137.5194515083075,-4.1899650382433435,35.7602574316041,-6.009999999999991,157.1445404339259,120.99845956607415,5.741135714285713,530959.95,-3483004.0,126.89,130.59,136.0
2023-08-23,130.55,136.71,129.41,135.89,458767.0,138.4555,137.36426565037345,-3.6242592565890845,44.92506164619707,-9.02000000000001,156.0505704519911,120.86042954800891,5.927564285714285,541456.65,-3024237.0,129.99,130.24,144.91
2023-08-24,137.45,137.4599,130.9,131.3,276491.0,137.744,136.78671654081407,-3.4691255005458856,44.32796704192077,-9.679999999999978,155.28531291971535,120.20268708028465,5.962557142857142,508559.4,-3300728.0,135.89,126.61,140.98
2023-08-25,131.09,135.33,131.09,135.07,270641.0,136.9495,136.6232197274032,-3.0359751331932614,45.340929964440846,-3.740000000000009,153.3743008559586,120.52469914404138,5.861842857142856,503288.8,-3030087.0,131.3,123.9,138.81
2023-08-28,135.01,138.61,133.87,134.48,430386.0,135.914,136.4191035628886,-2.7054461417105813,48.50570191350609,-2.969999999999999,149.9317652697532,121.89623473024676,5.570057142857143,505735.05,-3460473.0,135.07,126.89,137.45
2023-08-29,133.21,145.25,133.21,144.63,666253.0,135.5315,137.20109369975637,-1.6736046654506254,49.73128597512019,14.039999999999992,148.00092243207274,123.06207756792726,5.579342857142857,526720.6,-2794220.0,134.48,129.99,130.59
2023-08-30,144.24,148.92,143.74,147.24,599316.0,135.68599999999998,138.1571800140653,-0.6558975986464191,56.163844017599594,17.0,148.67096199050044,122.70103800949951,5.360771428571426,528615.15,-2194904.0,144.63,135.89,130.24
2023-08-31,147.04,148.74,145.105,147.16,423245.0,135.982,139.01459144129717,0.14121037231635114,58.57465597001345,20.549999999999997,149.74654117230995,122.21745882769007,5.359699999999998,532552.9,-2618149.0,147.24,131.3,126.61
2023-09-01,149.0,152.47,145.25,148.92,791101.0,136.56,139.95796368498316,0.893850986914515,61.68262373470043,25.019999999999982,151.48972027093694,121.63027972906306,5.662557142857142,540830.9,-1827048.0,147.16,135.07,123.9
2023-09-05,148.69,155.54,148.19,153.94,483495.0,137.25,141.28958619117523,1.8478688706536275,74.70899468685872,27.049999999999997,154.03648955496507,120.46351044503493,5.710771428571428,533776.1,-1343553.0,148.92,134.48,126.89
2023-09-06,153.79,157.76,152.43,155.01,323049.0,138.2005,142.59629226820616,2.6533092154585063,75.81821969853127,25.019999999999982,156.74927323223983,119.65172676776018,5.925342857142857,492389.75,-1020504.0,153.94,144.63,129.99
2023-09-07,151.12,157.39,148.08,156.22,275008.0,138.766,143.8937882426627,3.344331280624772,82.50274421174451,20.330000000000013,158.8057493418509,118.72625065814908,6.196778571428569,442482.3,-745496.0,155.01,147.24,135.89
2023-09-08,155.24,160.9,155.24,156.51,372020.0,139.5425,145.09533221955198,3.8686070788419897,87.80431251497195,25.20999999999998,161.0902368453835,117.99476315461649,6.243921428571426,434734.2,-373476.0,156.22,147.16,131.3
2023-09-11,158.98,163.49,156.56,161.38,431216.0,140.671,146.64625296054703,4.605204592469448,88.3137080374052,26.310000000000002,164.31893606215988,117.0230639378401,6.428921428571427,439575.85,57740.0,156.51,148.92,135.07
2023-09-12,159.2,162.02,159.01,160.15,363163.0,141.80599999999998,147.9323241071616,5.034922979624355,84.95595732059847,25.670000000000016,166.93560208703337,116.67639791296659,6.321778571428571,439187.4,-305423.0,161.38,153.94,134.48
2023-09-13,160.5,163.5,159.535,160.64,459286.0,143.3085,149.14257895409858,5.351095470955983,82.79883378851889,16.00999999999999,169.19644092358755,117.42055907641246,6.083564285714284,433866.9,153863.0,160.15,155.01,144.63
2023-09-14,161.59,163.03,158.01,158.01,270648.0,144.697,149.98709524418442,5.335101832697575,87.33575618611404,10.769999999999982,170.61253413444695,118.78146586555306,5.973571428571428,431637.85,-116785.0,160.64,156.22,147.24
2023-09-15,158.1,160.54,157.48,159.53,1201327.0,146.34300000000002,150.89594331616686,5.378598720587945,86.48568015480907,12.370000000000005,171.5948381613362,121.09116183866382,5.889285714285713,470357.5,1084542.0,158.01,156.51,147.16
2023-09-18,157.19,167.35,156.03,164.87,890896.0,148.3915,152.2268058574843,5.763702264731563,89.70472952035888,15.950000000000017,172.60327293014808,124.17972706985194,6.359285714285712,486243.3,1975438.0,159.53,161.38,148.92
2023-09-19,164.34,166.5651,160.59,162.35,475452.0,150.1645,153.19091958534293,5.804056879458926,78.91644905010344,8.409999999999997,172.89473442118674,127.43426557881327,5.92607857142857,489351.2,1499986.0,164.87,160.15,153.94
2023-09-20,163.55,164.43,156.68,156.85,389328.0,151.5075,153.5394034343579,5.342257935570387,64.3304503161161,1.8400000000000034,172.31116554239892,130.70383445760106,6.10965,492554.4,1110658.0,162.35,160.64,155.01
2023-09-21,153.41,153.9999,147.0001,152.37,559260.0,152.3315,153.42803167870477,4.570995545302168,56.86791455849854,-3.8499999999999943,171.79278385985057,132.87021614014944,6.349992857142856,497579.05,551398.0,156.85,158.01,156.22
2023-09-22,154.23,157.24,151.955,152.67,339083.0,153.39999999999998,153.3558381854948,3.9380679714281257,55.141211933864085,-3.8400000000000034,170.15821369704375,136.6417863029562,6.211778571428569,500708.65,890481.0,152.37,159.53,156.51
2023-09-25,150.78,154.88,150.0012,153.06,285114.0,154.29950000000002,153.3276631202096,3.427778851941639,48.61809043088401,-8.319999999999993,168.67728912072354,139.9217108792765,6.035264285714283,501432.3,1175595.0,152.67,164.87,161.38
2023-09-26,150.93,154.36,148.12,149.42,313253.0,155.04649999999998,152.9555047278087,2.704295455120217,41.87736121516178,-10.730000000000018,166.30200770441766,143.7909922955823,6.100264285714284,495575.65,862342.0,153.06,162.35,160.15
2023-09-27,151.11,154.5,149.99,154.24,271619.0,155.527,153.07783761087452,2.4841832338657923,47.39610729448855,-6.399999999999977,165.6763066395273,145.37769336047268,5.757407142857143,475843.95,1133961.0,149.42,156.85,160.64
2023-09-28,158.58,161.41,155.715,159.14,500227.0,156.122,153.65518640983885,2.667642441989301,53.08468213128816,1.1299999999999955,165.59871850822879,146.64528149177124,5.759907142857143,470889.5,1634188.0,154.24,152.37,158.01
2023-09-29,162.49,174.7,162.19,165.87,823638.0,157.05749999999998,154.81850198985418,3.3092962246464595,55.046077752963704,6.340000000000003,166.50309797221047,147.61190202778948,6.15847857142857,490909.15,2457826.0,159.14,152.67,159.53
2023-10-02,166.0,168.39,163.0,165.95,745443.0,157.909,155.87864465748711,3.7803907041948435,56.691278246569475,1.079999999999984,167.33626594288555,148.48173405711444,6.328478571428568,488626.25,3203269.0,165.87,153.06,164.87
2023-10-03,163.16,165.685,157.33,158.42,610662.0,158.133,156.1206784996312,3.513641857389615,47.79674472669403,-3.930000000000007,167.37424644133404,148.89175355866598,6.642049999999996,494984.6,2592607.0,165.95,149.42,162.35
2023-10-04,160.25,164.0299,157.81,163.13,441983.0,158.539,156.78823292823776,3.6356057178164463,54.87990848706979,6.280000000000001,167.9150409106344,149.1629590893656,6.727757142857137,500931.3,3034590.0,158.42,154.24,156.85
2023-10-05,162.91,164.25,159.18,163.87,384480.0,158.9215,157.46268693507227,3.7479858488732702,54.198916393986366,11.5,168.52071986961744,149.32228013038258,6.871328571428565,506404.9,3419070.0,163.13,159.14,152.37
2023-10-06,161.54,166.25,160.77,164.24,596029.0,159.308,158.10814532220826,3.8224334244663396,49.325626189454965,11.570000000000022,169.11854556130908,149.4974544386909,6.454185714285708,517605.35,4015099.0,163.87,165.87,152.67
2023-10-09,162.44,174.54,162.44,174.24,869614.0,159.951,159.6445124343789,4.626938679041814,60.97065877738349,21.180000000000007,171.8060436079908,148.09595639200919,6.891678571428565,539525.25,4884713.0,164.24,165.95,153.06
2023-10-10,175.0,179.02,173.03,175.59,436750.0,160.723,161.16313029777137,5.311063661508996,68.72501996478516,26.170000000000016,174.48942613102793,146.9565738689721,6.76596428571428,543204.6,5321463.0,174.24,158.42,149.42
2023-10-11,178.0,179.84,171.5966,173.0,500877.0,161.34099999999998,162.29045122179315,5.581532523880384,71.42263757009516,18.75999999999999,176.1611369409113,146.52086305908867,6.8547928571428525,545284.15,4820586.0,175.59,163.13,154.24
2023-10-12,174.58,177.5,170.18,175.12,468241.0,162.19650000000001,163.5123130101938,5.897513388823967,72.46347806655015,15.980000000000018,178.13982630551752,146.2531736944825,7.000149999999995,555163.8,5288827.0,173.0,163.87,159.14
2023-10-13,174.86,174.935,159.75,160.1,736884.0,162.225,163.18733081874677,4.8883173459749685,55.44891639665192,-5.77000000000001,178.15028410058062,146.29971589941937,7.736307142857139,531941.65,4551943.0,175.12,164.24,165.87
2023-10-16,161.64,167.6,160.65,167.2,560834.0,162.3415,163.56948978838994,4.604504203831482,63.06200410104513,1.25,178.38192823289742,146.30107176710257,7.787021428571423,515438.55,5112777.0,160.1,174.24,165.95
2023-10-17,166.48,172.89,165.2168,170.8,480902.0,162.764,164.25810980854328,4.61502269225727,62.38779172840471,12.380000000000024,179.244475721289,146.283524278711,8.012964285714279,515711.05,5593679.0,167.2,175.59,158.42
2023-10-18,169.64,171.39,164.3308,166.4,273496.0,163.2415,164.46209935058678,4.221654184422647,55.47181186649676,3.2700000000000102,179.55303195554723,146.92996804445278,8.110407142857136,509919.45,5320183.0,170.8,173.0,163.13
2023-10-19,167.0,168.89,149.2806,152.96,1557650.0,163.271,163.36666131719755,2.798935478230675,41.16358657664217,-10.909999999999997,179.50168036969347,147.0403196303065,8.617507142857136,559838.95,3762533.0,166.4,175.12,163.87
2023-10-20,151.63,153.83,148.14,153.63,939011.0,163.31900000000002,162.43936023936922,1.705605203031837,41.63498098067777,-10.610000000000014,179.42285883798291,147.21514116201712,8.63893571428571,589835.35,4701544.0,152.96,160.1,164.24
2023-10-23,150.5,162.97,150.5,159.16,662936.0,163.62399999999997,162.12704021657214,1.268723482635579,50.516471235242456,-15.080000000000013,179.12970339890234,148.1182966010976,8.932864285714283,608726.45,5364480.0,153.63,167.2,174.24
2023-10-24,159.98,163.25,157.8,160.77,499178.0,164.19150000000002,161.99779829118432,1.0398756646610252,48.27837757986728,-14.819999999999993,178.27379986449944,150.1092001355006,8.877871428571424,618022.7,5863658.0,159.16,170.8,175.59
2023-10-25,159.89,161.34,151.34,151.85,550140.0,164.072,161.03134131107154,0.13996437347412893,42.166319074682896,-21.150000000000006,178.54500732579888,149.59899267420113,9.230014285714281,631948.75,5313518.0,160.77,166.4,173.0
2023-10-26,150.0,151.7,140.16,142.04,1138470.0,163.217,159.22264213858853,-1.3463678662267284,37.116991637422956,-33.08000000000001,180.63711311825006,145.79688688174997,9.662871428571425,663860.9,4175048.0,151.85,152.96,175.12
2023-10-27,144.53,148.02,141.75,143.57,568103.0,162.102,157.73191431586582,-2.3738296292588075,30.261294884494035,-16.53,181.54442956444532,142.65957043555468,9.246442857142855,651084.15,4743151.0,142.04,153.63,160.1
2023-10-30,145.45,146.3515,141.13,143.36,463104.0,160.9725,156.36316057149764,-3.1684214555788515,28.948399733438592,-23.839999999999975,182.0312067879047,139.9137932120953,9.191549999999996,636967.2,4280047.0,143.57,159.16,167.2
2023-10-31,144.0,146.725,141.5,146.05,515721.0,160.35399999999998,155.38095480278358,-3.540850607662975,32.42009131827946,-24.75,182.43039024650056,138.2776097534994,8.975949999999996,632220.15,4795768.0,143.36,160.77,170.8
2023-11-01,147.67,149.0,144.16,148.62,348666.0,159.6285,154.7370543453756,-3.587795326612877,32.814526582887126,-17.78,182.26729695055408,136.98970304944592,8.79880714285714,627554.3,5144434.0,146.05,151.85,166.4
2023-11-02,153.99,154.95,149.1625,150.1,504389.0,158.94,154.2954301220065,-3.4659013607151508,42.13341723426891,-2.8600000000000136,181.87133089993037,136.00866910006962,8.127557142857139,633549.75,5648823.0,148.62,142.04,152.96
2023-11-03,152.0,163.17,152.0,159.33,744085.0,158.6945,154.7749129675297,-2.5962856783187647,44.009742721629856,5.700000000000017,181.4916600031785,135.8973399968215,8.42898571428571,640952.55,6392908.0,150.1,143.57,153.63
2023-11-06,160.81,161.89,151.1072,157.34,667468.0,157.84949999999998,155.01920697062212,-2.0437934290311546,39.49750311246933,-1.8199999999999932,179.44148923090142,136.25751076909853,8.651099999999996,630845.25,5725440.0,159.33,143.36,159.16
2023-11-07,157.5,166.86,157.5,164.53,885953.0,157.2965,155.92499678294382,-1.0152097516749166,48.60176460774002,3.759999999999991,177.49709433726997,137.09590566273005,8.815442857142855,653305.4,6611393.0,157.34,146.05,160.77
2023-11-08,166.25,167.5,162.1,167.27,1165330.0,157.01000000000002,157.00547327980632,0.02039113319224839,62.738116416622155,15.420000000000016,176.41989004551402,137.60010995448602,7.800485714285713,686528.05,7776723.0,164.53,148.62,151.85
2023-11-09,185.0,203.51,184.0,203.02,3446390.0,158.405,161.38780915792,3.6785476178667977,77.06301368680677,60.98000000000002,185.70281444885666,131.10718555114335,8.787628571428568,835435.5,11223113.0,167.27,150.1,142.04
2023-11-10,203.45,217.16,198.2201,211.53,1773118.0,160.9765,166.16325590478476,7.180433935202558,77.78839009774978,67.96000000000001,197.18263805187698,124.770361948123,9.249764285714281,887247.2,12996231.0,203.02,159.33,143.57
2023-11-13,207.07,214.72,202.6,213.32,1367039.0,163.2825,170.65437439004336,9.984762843568404,77.83073825770967,69.95999999999998,206.37715316694107,120.18784683305893,9.726192857142854,927557.45,14363270.0,211.53,157.34,143.36
2023-11-14,218.0,223.0,212.59,219.31,1023760.0,165.708,175.2882434957535,12.545231437691086,86.87144729759292,73.25999999999999,215.5210511750527,115.8949488249473,9.755478571428569,954700.35,15387030.0,213.32,164.53,146.05
2023-11-15,219.64,219.98,204.09,205.06,1423945.0,167.64100000000002,178.12364887711033,13.272927483028298,82.85029189783253,56.44,220.47587002469407,114.80612997530598,10.066192857142854,1012222.8,13963085.0,219.31,167.27,148.62
2023-11-16,204.25,209.18,199.07,207.94,792728.0,170.39000000000001,180.96330136500458,13.921244253037827,83.08831087526231,57.84,225.6731452376619,115.10685476233812,10.340478571428568,973976.7,14755813.0,205.06,203.02,150.1
2023-11-17,208.43,214.2,205.0,211.65,774170.0,173.291,183.885844092147,14.566143337578126,83.88409247618955,52.31999999999999,230.9108945540605,115.6711054459395,10.62465714285714,965734.65,15529983.0,207.94,211.53,159.33
2023-11-20,210.93,219.32,210.93,216.41,600759.0,176.15349999999998,186.98338275003778,15.284718409849347,84.20847917951265,59.06999999999999,236.44390781697234,115.86309218302762,10.850728571428567,962625.8,16130742.0,211.65,213.32,157.34
2023-11-21,214.0,217.88,210.02,214.93,452290.0,178.8615,189.64496534527228,15.555532214602152,82.58476657340357,50.400000000000006,241.07713969055743,116.64586030944258,11.066442857142851,960281.4,15678452.0,216.41,219.31,164.53
2023-11-22,216.99,219.965,212.5,218.57,988773.0,182.1975,192.39973055048443,15.880535877183291,82.94678085688332,51.29999999999998,245.46102333067236,118.93397666932762,11.186264285714282,982213.05,16667225.0,214.93,205.06,167.27
2023-11-24,217.16,222.49,217.16,221.46,270580.0,186.1685,195.1673752599621,16.18452916125372,81.83867991036445,18.439999999999998,248.78570102504207,123.55129897495792,10.769121428571426,938818.55,16937805.0,218.57,207.94,203.02
2023-11-27,220.78,226.7948,220.55,221.74,677143.0,190.07700000000003,197.69810142568,16.260557542953592,83.59065302346893,10.210000000000008,251.2403065437802,128.91369345621985,10.44497857142857,944270.55,17614948.0,221.46,211.65,211.53
2023-11-28,220.48,222.58,217.69,221.24,421632.0,193.971,199.94018700418667,16.094938430214228,81.79881124654949,7.920000000000016,252.46958762127696,135.47241237872305,10.125692857142855,942196.95,17193316.0,221.74,216.41,213.32
2023-11-29,222.34,226.0,216.55,219.51,463304.0,197.644,201.80397871807364,15.643824244948746,79.62794917065798,0.19999999999998863,252.5906770797404,142.6973229202596,10.414978571428568,939576.1,16730012.0,221.24,214.93,219.31
2023-11-30,220.05,221.39,208.727,212.29,888801.0,200.82750000000001,202.80264741159044,14.536472447752288,57.77293307380811,7.22999999999999,250.9838063674057,150.67119363259434,9.92590714285714,966582.85,15841211.0,219.51,218.57,205.06
2023-12-01,212.5,215.52,206.6286,213.3,692019.0,203.9875,203.80239527715327,13.583749974341345,51.69767886583987,5.360000000000014,248.311506979704,159.66349302029602,9.208157142857141,975964.35,16533230.0,212.29,221.46,207.94
2023-12-04,212.68,220.985,208.89,216.98,661761.0,206.87000000000003,205.0574052507577,12.975923503937224,53.38763419571589,5.329999999999984,246.18055891367197,167.5594410863281,9.206371428571428,971848.15,17194991.0,213.3,221.74,211.65
2023-12-05,215.1,220.7,211.01,219.31,333280.0,209.9685,206.41479522687604,12.537608471899688,49.99999998610007,2.9000000000000057,241.9217186172224,178.0152813827776,9.154942857142856,955138.75,17528271.0,216.98,221.24,216.41
2023-12-06,221.92,225.0,211.5,212.85,736778.0,212.38449999999997,207.02767187193547,11.53620255041281,59.14963587436938,-2.0800000000000125,236.1229586694252,188.64604133057475,8.984228571428572,947680.0,16791493.0,219.31,219.51,214.93
2023-12-07,214.67,214.67,209.343,211.42,451424.0,214.592,207.44598883651304,10.50612472896853,54.23151749126356,-7.150000000000006,225.30200044228263,203.8819995577174,8.642585714285714,911984.7,16340069.0,212.85,212.29,218.57
2023-12-08,209.0,219.0,208.02,214.75,433448.0,215.17849999999999,208.14160894732132,9.844897417064743,53.804614610867326,-6.710000000000008,224.40179607712588,205.9552039228741,8.76972857142857,761337.6,16773517.0,211.42,213.3,221.46
2023-12-11,214.65,219.76,210.5,216.13,685977.0,215.4085,208.90240809519548,9.324693989328637,49.625267647356694,-5.610000000000014,224.4768307231967,206.3401692768033,8.831871428571429,706980.55,17459494.0,214.75,216.98,221.74
2023-12-12,216.73,231.0,215.31,226.28,1470956.0,216.0565,210.557416848034,9.620294511541971,62.32891590543981,5.039999999999992,226.27561578212283,205.83738421787717,9.391157142857143,712176.4,18930450.0,216.13,219.31,221.24
2023-12-13,227.5,234.7,225.33,233.07,914079.0,216.74449999999996,212.70147238631648,10.283748167653101,64.74176492666967,13.560000000000002,229.43889242135592,204.050107578644,9.52722857142857,706692.35,19844529.0,226.28,212.85,219.51
2023-12-14,234.55,239.75,227.62,234.69,940651.0,218.22600000000003,214.79561787333395,10.815543837065889,63.80713836582547,22.400000000000006,232.0448862373969,204.40711376260316,10.012942857142855,682527.65,20785180.0,233.07,211.42,212.29
2023-12-15,236.3,237.61,228.89,231.49,855141.0,219.40349999999998,216.38555902825453,10.853724749965693,59.59079282246171,18.189999999999998,233.5416861041578,205.26531389584216,10.189742857142857,685648.3,19930039.0,234.69,214.75,213.3
2023-12-18,231.27,241.75,229.16,240.2,615177.0,220.831,218.65360102556363,11.45460105270385,66.05691055344177,23.22,237.2536543146001,204.40834568539987,10.739742857142856,677698.65,20545216.0,231.49,216.13,216.98
2023-12-19,243.92,245.8699,240.58,241.21,652569.0,222.071,220.80182949931947,11.875383319165309,68.60425238407991,21.900000000000006,240.68677361724284,203.45522638275716,10.442592857142856,680289.15,21197785.0,240.2,226.28,219.31
2023-12-20,239.69,241.11,233.26,234.75,542740.0,223.06199999999998,222.13022668986048,11.554492015485721,69.51007642506704,21.900000000000006,242.1805769124668,203.94342308753318,10.098807142857144,684811.65,20655045.0,241.21,233.07,212.85
2023-12-21,239.47,241.925,234.72,238.58,377248.0,224.0625,223.69687176701663,11.476874784834735,70.93408411737201,27.160000000000025,244.2554126441097,203.8695873558903,9.978350000000002,654235.4,21032293.0,234.75,234.69,211.42
2023-12-22,239.06,239.06,234.99,238.25,263920.0,224.902,225.08288397968172,11.258949156790976,68.64807994106482,23.5,246.01446635970055,203.78953364029942,9.405135714285715,653902.4,20768373.0,238.58,231.49,214.75
2023-12-26,239.28,244.47,228.3801,233.67,396300.0,225.4985,225.90070455304536,10.594600281088418,62.11201078155247,17.539999999999992,246.90686263067147,204.09013736932854,9.862271428571429,639860.25,20372073.0,238.25,240.2,216.13
2023-12-27,235.31,239.04,234.48,236.31,236699.0,226.252,226.8920660241839,10.163929010121649,71.1503786333194,10.030000000000001,248.08586514954317,204.41813485045685,9.2237,630613.6,20608772.0,233.67,241.21,226.28
2023-12-28,236.28,237.0,232.69,233.09,237562.0,226.93099999999998,227.4823454504521,9.453846409466053,68.92576417528451,0.020000000000010232,248.72666243665574,205.13533756334422,9.151057142857143,619326.5,20371210.0,236.31,234.75,233.07
2023-12-29,233.1,236.0,225.39,226.85,424899.0,227.65900000000002,227.42212207421858,8.292060037209751,60.05651594347087,-7.840000000000003,248.33972980489744,206.9782701951026,9.124628571428573,596131.4,19946311.0,233.09,238.58,234.69
2024-01-02,224.65,226.19,209.52,214.35,955656.0,227.71150000000003,226.17715806715015,6.290294508710872,48.7514029084944,-17.140000000000015,248.2435455821988,207.17945441780125,9.653914285714288,609313.25,18990655.0,226.85,238.25,231.49
2024-01-03,210.85,211.71,203.92,206.26,685584.0,227.17549999999997,224.2802858702787,4.004988404084543,35.53886159350559,-33.94,249.37881457000847,204.97218542999147,9.089628571428575,610504.4,18305071.0,214.35,233.67,240.2
2024-01-04,206.12,211.01,204.03,205.68,544608.0,226.494,222.5088300731093,2.1226037963251088,28.265354699322117,-35.53,250.47904218093157,202.50895781906843,8.91891428571429,621070.8,17760463.0,206.26,236.31,241.21
2024-01-05,204.01,211.02,203.38,204.135,545266.0,226.05825,220.75894149471793,0.5003765086600538,25.724954312224554,-30.61500000000001,251.36711786026657,200.7493821397334,8.598200000000006,611495.2,17215197.0,205.68,233.09,234.75
2024-01-08,204.0,215.16,203.99,210.4,837176.0,226.00724999999997,219.77237563807813,-0.27657010247349945,34.022727265510355,-28.180000000000007,251.44410545672517,200.57039454327477,8.773200000000003,630782.8,18052373.0,204.135,226.85,238.58
2024-01-09,208.28,214.54,207.3044,210.69,386121.0,225.80425,218.9073874820707,-0.8590043980713062,24.37478290480645,-27.560000000000002,251.6803839492187,199.92811605078128,8.39074285714286,628416.45,18438494.0,210.4,214.35,238.25
2024-01-10,212.49,218.99,210.1,215.73,504861.0,225.78425,218.60477915044493,-0.9035154219439505,29.32153870458528,-17.939999999999998,251.69246598501775,199.87603401498222,8.647892857142862,619360.65,18943355.0,210.69,206.26,233.67
2024-01-11,216.2,218.6982,209.19,214.69,399880.0,225.20475000000002,218.23194304087875,-1.0110495571921092,32.149848719521316,-21.620000000000005,251.58053464285624,198.8289653571438,8.766335714285718,565806.85,18543475.0,215.73,205.68,236.31
2024-01-12,214.63,216.49,210.0017,212.01,437673.0,224.15175,217.63937703698554,-1.2975538280856824,25.863008714351707,-21.080000000000013,250.88455131323025,197.41894868676974,8.715142857142862,541986.55,18105802.0,214.69,204.135,233.09
2024-01-16,210.49,214.38,209.51,210.37,422077.0,222.93574999999996,216.94705541441547,-1.6380544873527754,25.261756870387515,-16.47999999999999,249.8620097858047,196.0094902141952,8.772285714285719,516057.85,17683725.0,212.01,210.4,226.85
2024-01-17,206.41,206.69,188.01,201.58,1059835.0,221.44025000000002,215.4835263273283,-2.587320401488398,23.505614261408894,-12.769999999999982,249.65754191284577,193.22295808715427,8.957292857142862,526292.55,16623890.0,210.37,210.69,214.35
2024-01-18,205.2,207.1896,196.01,199.81,652008.0,219.42075,213.9908095342494,-3.442751086852695,19.425364378087536,-6.449999999999989,247.76597447014967,191.07552552985032,9.430121428571436,528134.1,15971882.0,201.58,215.73,206.26
2024-01-19,191.61,194.67,182.7001,194.6,1174821.0,217.09025000000003,212.14406576908277,-4.489319702305494,18.79863812802884,-11.080000000000013,245.55655297386747,188.62394702613258,9.97725714285715,554246.7,14797061.0,199.81,214.69,205.68
2024-01-22,199.8,203.51,192.33,196.64,626708.0,215.18474999999998,210.66748807678917,-5.095391515304897,23.721294357479138,-7.4950000000000045,243.77549849906617,186.59400150093379,10.017971428571432,558445.1,15423769.0,194.6,212.01,204.135
2024-01-23,199.0,199.0,190.1,192.55,439394.0,212.88325,208.94201302185687,-5.838421488747315,27.786835125555015,-17.849999999999994,240.95028597029636,184.81621402970364,9.462971428571434,561552.4,14984375.0,196.64,210.37,210.4
2024-01-24,196.0,196.67,189.62,190.57,433931.0,210.49925,207.19229749596573,-6.511975135462421,31.738826805299254,-20.120000000000005,237.57649977774386,183.42200022225612,9.410114285714288,570052.95,14550444.0,192.55,201.58,210.69
2024-01-25,193.0,193.0,187.23,191.97,508678.0,208.41424999999998,205.74255487730233,-6.853799739010071,34.34216536133415,-23.75999999999999,234.37818394793334,182.45031605206663,9.323685714285718,575671.85,15059122.0,190.57,199.81,215.73
2024-01-26,192.73,194.4,191.24,192.89,375742.0,206.24325,204.51850203184497,-6.9701165073680045,36.97138221486271,-21.80000000000001,229.50678602008753,182.97971397991245,9.003685714285718,582624.0,15434864.0,191.97,194.6,214.69
2024-01-29,192.76,194.73,190.24,192.77,622347.0,204.22725,203.39959707643118,-6.991388324023802,26.182112932543873,-19.23999999999998,224.4895191811267,183.9649808188733,8.526542857142859,601863.25,14812517.0,192.89,196.64,212.01
2024-01-30,192.0,193.9699,184.375,187.18,516324.0,202.24375,201.85487354534249,-7.374294124592069,22.216969976104025,-23.189999999999998,220.88322335911826,183.60427664088175,8.695064285714286,606434.5,14296193.0,192.77,192.55,210.37
2024-01-31,184.96,186.18,178.71,178.89,600001.0,200.47075,199.66774273150034,-8.251547929666458,9.569798065540411,-22.690000000000026,220.9197011441236,180.02179885587643,8.593635714285714,588651.75,13696192.0,187.18,190.57,201.58
2024-02-01,182.0,182.08,174.71,181.44,634033.0,199.22975,197.9317672332622,-8.641405563912514,14.680263433067267,-18.370000000000005,221.15839276285857,177.30110723714142,8.440907142857142,586074.2,14330225.0,178.89,191.97,199.81
2024-02-02,178.86,183.63,178.14,178.89,415371.0,197.89024999999998,196.11826559199915,-9.051786137060532,14.720920319427066,-15.710000000000008,221.37742465812073,174.40307534187923,8.3696,579612.35,13914854.0,181.44,192.89,194.6
2024-02-05,179.0,180.2,175.4805,178.25,520107.0,196.59599999999998,194.41652601180874,-9.32120785086451,15.041358288842417,-18.389999999999986,221.44741478552322,171.74458521447673,8.358849999999999,578354.4,13394747.0,178.89,192.77,196.64
2024-02-06,179.0,185.77,178.18,178.99,433324.0,195.02550000000002,192.94733305830314,-9.367038010161195,20.190023745509095,-13.560000000000002,220.17204855463362,169.87895144536643,7.56670714285714,558161.8,13828071.0,178.25,187.18,192.55
2024-02-07,178.26,182.59,175.65,182.47,421556.0,193.6145,191.94949181465523,-9.018595447481943,28.10606059612411,-8.099999999999994,218.2213150380298,169.0076849619702,7.263878571428568,559933.55,14249627.0,178.99,178.89,190.57
2024-02-08,184.12,187.97,182.54,185.26,460859.0,192.091,191.31239735611663,-8.420262248106724,37.439483579232025,-6.710000000000008,214.61763536910587,169.56436463089415,6.796742857142854,557733.45,14710486.0,182.47,181.44,191.97
2024-02-09,185.96,194.47,185.355,191.74,762285.0,190.9435,191.35312141743887,-7.338609441227447,44.11340700101906,-1.1499999999999773,210.8033110713444,171.0836889286556,6.649242857142856,575853.7,15472771.0,185.26,178.89,192.89
2024-02-12,193.13,197.56,188.83,189.34,591121.0,189.81,191.16139556815898,-6.598980209555947,45.98046579905518,-3.430000000000007,207.0179222881121,172.60207771188792,6.637099999999998,583526.1,14881650.0,191.74,178.25,192.77
2024-02-13,182.14,187.805,178.449,183.13,583045.0,188.448,190.39650075214385,-6.4396750560443365,41.57608694334092,-4.050000000000011,202.89458196689918,174.00141803310083,6.8018142857142845,591574.5,14298605.0,189.34,178.99,187.18
2024-02-14,186.26,191.27,184.0,189.56,500016.0,187.847,190.31683401384444,-5.72854794113718,47.55031509116275,10.670000000000016,200.92897490321863,174.7650250967814,6.908957142857141,563583.55,14798621.0,183.13,182.47,178.89
2024-02-15,189.69,190.805,183.6,188.43,481212.0,187.278,190.13713553633545,-5.196255938400412,45.485829946623475,6.990000000000009,199.09820678419263,175.45779321580736,7.1978857142857136,555043.75,14317409.0,189.56,185.26,181.44
2024-02-16,187.0,187.0,182.475,184.9,387175.0,186.793,189.63836072335113,-5.001594116059266,42.54875969332168,6.010000000000019,198.13454746705182,175.4514525329482,7.200385714285716,515661.45,13930234.0,188.43,191.74,178.89
2024-02-20,182.15,183.0,176.65,180.03,534756.0,185.9625,188.72327874969864,-5.180569534977906,43.13687846796091,1.7800000000000011,196.6836151717691,175.2413848282309,6.968607142857144,511063.85,13395478.0,184.9,189.34,178.25
2024-02-21,176.59,178.24,171.64,174.26,406586.0,185.048,187.34582363067972,-5.7220355810771935,45.3298365819121,-4.730000000000018,196.49860899322877,173.59739100677123,6.906464285714288,509423.45,12988892.0,180.03,183.13,178.99
2024-02-22,178.86,179.76,175.0,177.03,604717.0,184.371,186.36336423728164,-5.860085652411158,45.57139986668007,-5.439999999999998,196.04582563827972,172.6961743617203,6.720035714285716,517962.75,13593609.0,174.26,189.56,182.47
2024-02-23,177.56,180.76,176.26,177.13,392637.0,183.629,185.4839962146834,-5.893485698463934,48.14110687211713,-8.129999999999995,195.1557047374905,172.10229526250947,6.64932142857143,512160.7,13986246.0,177.03,188.43,185.26
2024-02-26,179.9,186.21,177.25,183.74,751001.0,183.17149999999998,185.3179013370945,-5.325201561809564,55.14912772890475,-8.0,193.84530911636773,172.49769088363223,6.952214285714289,530923.65,14737247.0,177.13,184.9,191.74
2024-02-27,188.0,198.075,187.5,194.57,1259785.0,183.2615,186.19905359070455,-3.9553522878908325,62.28706623230252,5.22999999999999,194.30019800675035,172.22280199324967,7.165428571428573,562795.55,15997032.0,183.74,180.03,189.34
2024-02-28,194.54,197.81,188.985,195.51,1509954.0,183.678,187.08581039158983,-2.762048023046532,60.71311204650042,12.379999999999995,195.903966499305,171.452033500695,7.30007142857143,612477.05,17506986.0,194.57,174.26,183.13
2024-02-29,240.61,240.77,221.95,239.0,3467533.0,186.6835,192.03001892572414,1.673622794576744,76.45726662986999,49.44,214.08669172728108,159.28030827271894,8.256500000000003,755853.65,20974519.0,195.51,177.03,189.56
2024-03-01,238.58,241.86,230.2,236.49,1330701.0,189.436,196.26430283755994,4.929563657027046,72.92755404220733,48.06,224.58563166685832,154.2863683331417,8.438285714285717,790687.05,19643818.0,239.0,177.13,188.43
2024-03-04,238.0,238.03,223.0,224.77,1205126.0,191.73000000000002,198.97913113874472,6.489412354945898,66.57001215104313,39.870000000000005,229.8451540521755,153.61484594782453,8.888285714285718,830174.8,18438692.0,236.49,183.74,184.9
2024-03-05,221.3,221.3,199.36,211.01,1278915.0,193.368,200.12492817314998,6.539903260089204,62.1789271285121,30.97999999999999,231.8578639288732,154.8781360711268,9.787142857142863,868115.2,17159777.0,224.77,194.57,180.03
2024-03-06,215.07,217.74,207.1101,212.26,669326.0,195.0315,201.28064929951665,6.6046475153795825,60.3861639746943,38.0,233.7798564473183,156.28314355268168,10.02713571428572,879915.3,17829103.0,211.01,195.51,174.26
2024-03-07,213.54,215.0,208.97,211.87,584559.0,196.50150000000002,202.2891588900389,6.548995387017129,60.79786253131407,34.84,235.47339987670625,157.5296001232938,9.943207142857148,888065.45,17244544.0,212.26,239.0,177.03
2024-03-08,212.59,216.53,208.18,213.53,609675.0,197.915,203.35971518622566,6.563182041879827,63.419893120016134,36.400000000000006,237.21942990969757,158.61057009030242,10.216421428571433,895506.25,17854219.0,211.87,236.49,177.13
2024-03-11,218.88,225.96,215.91,222.64,683337.0,199.46,205.1959327875375,7.226224227131411,69.20926876774925,38.89999999999998,240.14734705687172,158.7726529431283,10.480707142857147,891558.85,18537556.0,213.53,224.77,183.74
2024-03-12,224.66,231.89,224.0,229.64,512433.0,201.475,207.5239391887244,8.221754505801414,74.69234884032733,35.06999999999999,244.0021417976061,158.9478582023939,10.572850000000003,887624.45,19049989.0,222.64,211.01,194.57
2024-03-13,227.59,230.08,223.13,225.57,634339.0,203.597,209.24261164694113,8.583361584208717,71.39456980783213,30.060000000000002,246.5035614415424,160.69043855845763,10.729278571428576,890189.15,18415650.0,229.64,212.26,195.51
2024-03-14,226.7,229.39,221.3806,228.24,557234.0,205.531,211.05188672818483,8.98184677394741,72.02827341601245,-10.759999999999991,249.2527392151777,161.8092607848223,10.979950000000004,893050.05,18972884.0,225.57,211.87,239.0
2024-03-15,227.24,228.24,215.0001,216.34,653445.0,206.92649999999998,211.5555165635958,8.242407384008004,63.4377576183996,-20.150000000000006,250.12858731555752,163.72441268444243,11.285657142857147,901661.7,18319439.0,228.24,213.53,236.49
2024-03-18,219.07,220.76,213.605,216.53,347489.0,208.50799999999998,212.02927689087238,7.584300607529286,59.922284467387385,-8.240000000000009,250.61696721602186,166.3990327839781,11.041371428571434,899677.4,18666928.0,216.34,222.64,224.77
2024-03-19,216.2,227.59,212.02,227.18,463092.0,210.86549999999997,213.4722029012655,7.831830103900984,63.155271239642985,16.170000000000016,251.5155476985543,170.21545230144565,11.523157142857148,896094.2,19130020.0,216.53,229.64,211.01
2024-03-20,227.43,239.96,227.055,234.0,621181.0,213.85250000000002,215.42723119638308,8.480556425664872,47.01314216656889,21.74000000000001,251.87139938604642,175.83360061395362,11.100657142857147,906823.95,19751201.0,227.18,225.57,212.26
2024-03-21,237.4,245.585,235.39,235.62,972888.0,216.782,217.35035203482278,9.021403789419281,49.474701114688486,23.75,251.76203195809683,181.8019680419032,10.99601428571429,925232.5,20724089.0,234.0,228.24,211.87
2024-03-22,234.52,236.0,226.0766,232.09,323684.0,219.53000000000003,218.75412803150633,9.060741536966816,54.904851236013556,18.560000000000002,249.6984261578576,189.36157384214246,10.631257142857146,921784.85,20400405.0,235.62,216.34,213.53
2024-03-25,229.38,231.84,226.325,226.5,320962.0,221.66800000000003,219.49183012374382,8.542380078253927,61.65537997196125,3.8600000000000136,246.79660445996282,196.53939554003725,9.45804285714286,900282.9,20079443.0,232.09,216.53,222.64
2024-03-26,227.35,229.01,218.39,223.44,599394.0,223.11149999999998,219.86784630243488,7.794805110339212,58.189276284578824,-6.199999999999989,244.7620094385182,201.46099056148176,9.457335714285717,867263.35,19480049.0,226.5,227.18,229.64
2024-03-27,225.83,226.63,215.675,222.55,390723.0,224.46349999999998,220.1232895117268,7.049271465844555,57.76614309469567,-3.019999999999982,241.8049687352235,207.12203126477647,9.80912142857143,811301.8,19089326.0,223.44,234.0,225.57
2024-03-28,221.72,225.4,217.61,220.58,566709.0,223.54249999999996,220.1667857487052,6.227679505395855,55.1035181588034,-7.659999999999997,239.5376175116197,207.54738248838024,9.76912142857143,666260.6,18522617.0,222.55,235.62,228.24
2024-04-01,220.08,221.6299,215.5501,218.21,552572.0,222.62849999999997,219.98042520120947,5.323951758734836,46.44633401812534,1.8700000000000045,237.56237428139895,207.694625718601,9.485535714285716,627354.15,17970045.0,220.58,232.09,216.34
2024-04-02,215.16,215.16,208.5299,212.5,504272.0,222.01500000000001,219.26800375347523,4.09973300332112,35.96002620407209,-4.030000000000001,237.57351907443226,206.45648092556777,9.395542857142859,592311.45,17465773.0,218.21,226.5,216.53
2024-04-03,211.9,221.14,210.9,220.03,461976.0,222.46599999999998,219.34057482457283,3.6945498785510154,45.705426346668595,-7.150000000000006,237.18142606282686,207.7505739371731,9.630542857142856,551464.5,17927749.0,212.5,223.44,227.18
2024-04-04,221.43,225.87,214.5643,216.18,511415.0,222.66199999999998,219.03956769842304,3.027873324870143,40.819123012005676,-17.819999999999993,236.90179538587464,208.42220461412532,9.865992857142857,543568.95,17416334.0,220.03,222.55,234.0
2024-04-05,214.94,218.68,211.92,215.01,392114.0,222.81900000000002,218.65579934619228,2.377709449880939,48.789808904766915,-20.610000000000014,236.6202873541412,209.01771264585884,9.403142857142857,533946.7,17024220.0,216.18,220.58,235.62
2024-04-08,215.35,220.65,212.7,219.06,267087.0,223.0955,218.6942946465549,2.164302089816914,52.15099471637282,-13.030000000000001,236.32285837095532,209.86814162904466,9.459928571428573,516817.3,17291307.0,215.01,218.21,232.09
2024-04-09,221.0,223.59,218.2,222.08,311010.0,223.06750000000002,219.01674277545445,2.2133497012319765,45.01758498182404,-4.4199999999999875,236.30128749938754,209.8337125006125,8.732785714285717,498200.95,17602317.0,219.06,212.5,226.5
2024-04-10,217.33,221.2,216.1201,217.88,359442.0,222.4795,218.9084815587445,1.8915114246913731,33.4019769261197,-5.560000000000002,235.52742699808545,209.43157300191456,8.173850000000002,490551.4,17242875.0,222.08,220.03,223.44
2024-04-11,218.0,219.0,212.0205,216.4,315775.0,222.02100000000002,218.6695785531498,1.4997406314290345,30.15282940061671,-6.150000000000006,235.25480503821453,208.7871949617855,7.944171428571429,474623.2,16927100.0,217.88,216.18,222.55
2024-04-12,213.01,216.385,209.3501,211.04,316493.0,221.161,217.94295202427838,0.7481285171108709,29.054726360064365,-9.54000000000002,234.91828691122976,207.40371308877025,7.737850000000001,462586.15,16610607.0,216.4,215.01,220.58
2024-04-15,210.77,211.9,195.03,195.56,607080.0,220.12199999999999,215.81124230768043,-1.0841382492413345,24.276687722981833,-22.650000000000006,237.94910957473118,202.2948904252688,8.548921428571429,460267.9,16003527.0,211.04,219.06,218.21
2024-04-16,194.27,201.7992,194.0,198.17,400547.0,219.204,214.13112399266325,-2.299114993373763,28.832300211029448,-14.330000000000013,239.5261998394807,198.8818001605193,8.347435714285714,462920.8,16404074.0,195.56,222.08,212.5
2024-04-17,198.58,200.75,194.36,194.66,277085.0,217.57799999999997,212.27673123145723,-3.5048189863069865,27.619964686459966,-25.370000000000005,240.27798803616656,194.8780119638334,8.021364285714286,453620.45,16126989.0,198.17,217.88,220.03
2024-04-18,208.88,217.79,204.94,205.06,2323160.0,216.131,211.58942349512796,-3.5798885910913327,39.03025161794709,-11.120000000000005,238.10115669637244,194.16084330362756,8.382792857142858,538719.4,18450149.0,194.66,216.4,216.18
2024-04-19,203.99,210.19,196.75,200.15,6564230.0,214.3575,210.49995459083007,-3.9895881272606744,37.6774017395267,-14.859999999999985,235.41097664751288,193.3040233524871,8.90852142857143,818286.5,11885919.0,205.06,211.04,215.01
2024-04-22,201.74,207.0499,198.07,205.57,867622.0,213.0315,210.0304351059891,-3.8327478666005277,45.25277434397124,-13.490000000000009,232.67594614160777,193.38705385839222,9.076364285714288,845483.4,12753541.0,200.15,195.56,219.06
2024-04-23,206.1,221.34,206.1,220.53,860780.0,212.733,211.0303936673235,-2.4727993304660174,50.31086793453927,-1.5500000000000114,231.68496265353684,193.78103734646317,9.433507142857147,872474.3,13614321.0,205.57,198.17,222.08
2024-04-24,223.2,229.84,215.24,216.38,877331.0,212.38000000000002,211.53987998472127,-1.7101865766159108,50.12388502599436,-1.5,230.74620924701847,194.01379075298158,9.668814285714289,886371.15,12736990.0,220.53,194.66,217.88
2024-04-25,211.65,217.84,207.5301,214.84,506055.0,211.99450000000002,211.85417712903353,-1.2160576180700673,49.895178188450714,-1.5600000000000023,229.77627242364548,194.21272757635455,9.922378571428572,892137.75,12230935.0,216.38,205.06,216.4
2024-04-26,218.5,227.65,218.49,222.66,632239.0,212.0985,212.88330311674463,-0.1912438263157128,52.121140693734425,11.620000000000005,230.11448737379206,194.08251262620794,10.008807142857142,895414.25,12863174.0,214.84,200.15,211.04
2024-04-29,224.0,229.06,218.7401,228.94,475165.0,212.635,214.41251234372132,1.114820925493433,53.89241941949053,33.379999999999995,232.00542835708194,193.26457164291804,10.360942857142856,891543.9,13338339.0,222.66,205.57,195.56
2024-04-30,225.94,234.21,224.1473,225.75,646119.0,213.29749999999999,215.49227307289073,1.870913633285511,54.51727699732244,27.580000000000013,233.5354059401438,193.05959405985618,10.716857142857142,898636.25,12692220.0,228.94,220.53,198.17
2024-05-01,223.61,231.92,218.76,223.03,954956.0,213.4475,216.2101518278535,2.2249929893245337,53.752122232568986,28.370000000000005,233.9384015752949,192.95659842470508,11.158321428571428,923285.25,11737264.0,225.75,216.38,194.66
2024-05-02,226.55,230.985,218.675,228.89,589974.0,214.083,217.417756415677,2.944513847774573,60.04501968665582,23.829999999999984,235.68876443549513,192.47723556450487,11.535114285714286,927213.2,12327238.0,223.03,214.84,205.06
2024-05-03,235.55,243.99,234.6,240.0,641002.0,215.33249999999998,219.56844628085062,4.360952961060377,76.3020833206886,39.849999999999994,239.8572440031706,190.80775599682937,11.000828571428572,939657.6,12968240.0,228.89,222.66,200.15
2024-05-06,242.245,251.3,241.1558,248.2,863806.0,216.7895,222.2952609207696,6.075132186491487,77.77284333197714,42.629999999999995,245.37315707146212,188.2058429285379,11.168328571428573,969493.55,13832046.0,240.0,228.94,205.57
2024-05-07,246.19,249.93,243.08,248.84,830039.0,218.1275,224.82333130926773,7.399971942313755,81.06651374845264,28.310000000000002,250.06266845439404,186.19233154560595,11.201185714285716,995445.0,14662085.0,248.2,225.75,220.53
2024-05-08,244.55,248.0,242.3,244.64,1039215.0,219.46549999999996,226.71063308933748,8.018578948551152,74.43209875256728,28.25999999999999,253.52846861000683,185.4025313899931,10.69047142857143,1029433.65,13622870.0,248.84,223.03,216.38
2024-05-09,201.0,208.98,192.22,200.58,3526623.0,218.6745,224.22200136654342,4.89710532805222,50.17894298208485,-14.259999999999991,253.75668589780884,183.59231410219115,10.927614285714286,1189976.05,10096247.0,244.64,228.89,214.84
2024-05-10,202.21,205.25,186.91,188.12,1873968.0,217.52850000000004,220.78371552211073,1.4017388693929433,43.140183971979226,-34.53999999999999,255.071834834912,179.98516516508806,11.596192857142857,1267849.8,8222279.0,200.58,240.0,222.66
2024-05-13,188.2,189.302,176.81,180.99,1751057.0,216.8,216.99383785333828,-1.9215452038431238,33.43666219446956,-47.94999999999999,256.6337788421097,176.96622115789035,11.399907142857142,1325048.65,6471222.0,188.12,248.2,228.94
2024-05-14,180.98,182.62,176.66,178.4,1174736.0,215.81149999999997,213.31823424825845,-4.709969508965941,33.87945670225541,-47.349999999999994,258.4727301621433,173.15026983785663,10.782764285714284,1363758.1,5296486.0,180.99,248.84,225.75
2024-05-15,182.0,182.49,173.18,177.3,1222125.0,214.9435,209.8879262246148,-6.92870683652427,34.00647579689766,-45.72999999999999,260.0529315146949,169.83406848530512,10.711342857142856,1411010.1,4074361.0,178.4,244.64,223.03
2024-05-16,176.505,179.67,175.3,176.08,890059.0,213.49450000000002,206.66812372703245,-8.685396106877391,28.972553264665805,-52.809999999999974,261.69645430630766,165.29254569369238,10.369199999999998,1339355.05,3184302.0,177.3,200.58,228.89
2024-05-17,177.25,179.88,175.64,179.14,794736.0,212.44400000000002,204.04639765779126,-9.718638188178744,26.845824805878337,-60.860000000000014,262.7407402522271,162.1472597477729,9.934921428571428,1050880.35,3979038.0,176.08,188.12,240.0
2024-05-20,177.97,178.14,174.34,177.55,455582.0,211.04300000000003,201.52293121419208,-10.544242221668725,27.2512743026098,-70.64999999999998,263.6536917690792,158.43230823092085,9.487585714285713,1030278.35,3523456.0,179.14,180.99,248.2
2024-05-21,177.53,183.8,177.45,180.89,1008013.0,209.061,199.55789014617378,-10.804481953264457,30.2271020981308,-67.95000000000002,263.1332459794594,154.9887540205406,9.001157142857142,1037640.0,4531469.0,177.55,178.4,248.84
2024-05-22,180.02,181.45,174.72,176.76,993349.0,207.07999999999998,197.38666251320484,-11.214704149553626,25.13593436657537,-67.88,262.8981004410049,151.26189955899505,8.602585714285713,1043440.9,3538120.0,180.89,177.3,244.64
2024-05-23,179.14,180.0,171.93,175.78,750202.0,205.127,195.32888513099485,-11.486477042294752,16.092925024020033,-24.80000000000001,262.5131799244017,147.74082007559835,8.508299999999997,1055648.25,2787918.0,176.76,176.08,200.58
2024-05-24,177.05,180.6,175.78,178.4,510923.0,202.914,193.71661035661438,-11.359501659674123,10.839317772085352,-9.719999999999999,260.86416712205147,144.9638328779485,8.127999999999997,1049582.45,3298841.0,175.78,179.14,188.12
2024-05-28,185.9,196.0,184.51,194.16,1702810.0,201.175,193.75883794169872,-9.873358594140313,23.77206446342275,13.169999999999987,257.9114197523584,144.4385802476416,8.45942857142857,1110964.7,5001651.0,178.4,177.55,180.99
2024-05-29,191.0,196.85,188.02,196.1,747848.0,199.6925,193.98180575677503,-8.44172675644134,26.201215921094132,17.69999999999999,255.26269302316302,144.12230697683697,8.682999999999996,1116051.15,5749499.0,194.16,180.89,178.4
2024-05-30,196.88,196.88,192.34,194.38,840050.0,198.26000000000002,194.01972901803455,-7.361083837948399,44.80214620007995,17.079999999999984,252.76400815777845,143.7559918422216,7.810142857142854,1110305.85,4909449.0,196.1,176.76,177.3
2024-05-31,195.02,196.9799,185.445,191.4,869557.0,196.3855,193.77023101631698,-6.6682600739785585,53.26953746519591,15.319999999999993,248.99998768862872,143.7710123113713,7.3240642857142815,1124285.0,4039892.0,194.38,175.78,176.08
2024-06-03,192.31,200.7967,191.69,200.54,905103.0,194.4125,194.41497091952488,-5.320341081328621,68.73682190986555,21.400000000000006,242.94145212898033,145.88354787101966,7.082257142857139,1137490.05,4944995.0,191.4,178.4,179.14
2024-06-04,199.75,201.44,191.49,192.67,559025.0,191.636,194.24878321290345,-4.831454772321791,62.41949519801789,15.119999999999976,233.0385000007948,150.23349999920518,7.367257142857137,1122251.0,4385970.0,200.54,194.16,177.55
2024-06-05,194.1,197.5,191.975,195.96,381533.0,188.99200000000002,194.41175624024598,-4.13091474006896,65.64386316366512,15.070000000000022,220.6110412984266,157.37295870157342,7.096899999999995,1099825.7,4767503.0,192.67,196.1,180.89
2024-06-06,194.7,197.36,190.45,194.1,443767.0,186.46499999999997,194.38206516974637,-3.683358702193857,64.94691438438525,17.340000000000003,204.5324473191873,168.39755268081265,7.2783285714285695,1070053.3,4323736.0,195.96,194.38,176.76
2024-06-07,191.59,192.0,188.6034,188.98,505292.0,185.885,193.86758277262766,-3.6991668248020346,57.89220402934729,13.199999999999989,202.7492824055061,169.02071759449387,7.218085714285713,918986.75,3818444.0,194.1,191.4,175.78
2024-06-10,187.48,198.58,186.0,197.86,775449.0,186.372,194.24781298475835,-2.9610203072286367,64.58423092195636,19.460000000000008,204.05089684579445,168.69310315420557,7.845228571428572,864060.8,4593893.0,188.98,200.54,178.4
2024-06-11,196.62,197.86,192.09,193.85,429221.0,187.015,194.209926033829,-2.6688425977040424,59.21763867952992,-0.3100000000000023,204.8048060697701,169.22519393022986,7.8038,797969.0,4164672.0,197.86,192.67,194.16
2024-06-12,199.0,203.58,197.56,201.04,685315.0,188.147,194.86040926870243,-1.83595303537345,66.5485277953697,4.939999999999998,206.50095049975337,169.7930495002466,7.7530857142857155,773497.95,4849987.0,193.85,195.96,196.1
2024-06-13,200.9,201.04,195.47,197.92,549030.0,189.178,195.15179886215932,-1.411370575503895,64.66225164363877,3.539999999999992,207.2813031007582,171.0746968992418,7.574514285714287,739843.2,4300957.0,201.04,194.1,194.38
2024-06-14,199.01,201.6,197.5,199.14,636558.0,190.331,195.53162754195367,-0.9653145693718841,63.99460187724796,7.739999999999981,207.84977897691877,172.8122210230812,7.523085714285715,727168.15,4937515.0,197.92,188.98,191.4
2024-06-17,199.01,213.36,198.56,211.87,689810.0,191.9675,197.08766301414855,0.41065880419023415,62.4595469132625,11.330000000000013,211.1230327997456,172.8119672002544,7.759514285714287,721921.85,5627325.0,199.14,197.86,200.54
2024-06-18,211.02,213.97,208.12,211.83,353400.0,193.6815,198.49169510803915,1.4808298653041732,61.370536347272115,19.160000000000025,213.5274183394688,173.8355816605312,7.5466571428571445,716812.75,5273925.0,211.87,193.85,192.67
2024-06-20,211.0,211.41,198.4208,199.1,881384.0,194.592,198.54962890727353,1.2869088603867738,52.943377391603796,3.1399999999999864,213.6210344363283,175.56296556367172,8.15017142857143,710481.3,4392541.0,211.83,201.04,195.96
2024-06-21,198.99,207.29,196.5,206.52,1043197.0,196.07999999999998,199.30871186848557,1.7122196453094318,58.93405813253276,12.420000000000016,213.85051845939807,178.3094815406019,8.096964285714288,712973.7,5435738.0,199.1,197.92,194.1
2024-06-24,205.89,207.27,202.8,205.29,387059.0,197.5555,199.87835835720122,1.9278082141259745,53.09607612119221,16.310000000000002,212.9738820231094,182.13711797689058,7.765771428571431,694816.55,5048679.0,206.52,199.14,188.98
2024-06-25,205.6,210.24,204.62,205.0,485927.0,198.8855,200.3661337517535,2.0516134096695566,58.91798060429839,7.139999999999986,211.71892916801832,186.0520708319817,7.4564857142857175,693566.75,4562752.0,205.29,211.87,197.86
2024-06-26,205.0,208.65,203.425,203.89,417191.0,199.37199999999999,200.7017400611103,2.0366845647626235,55.922330085393355,10.039999999999992,212.18885830623563,186.55514169376434,7.435057142857145,629285.8,4145561.0,205.0,211.83,193.85
2024-06-27,205.68,210.465,203.94,208.65,443659.0,199.99949999999998,201.45871719814744,2.381493191850666,60.4151753636963,7.610000000000014,213.35923128472334,186.63976871527663,7.407557142857144,614076.35,4589220.0,203.89,199.1,201.04
2024-06-28,209.24,215.04,207.37,208.67,4144513.0,200.714,202.1455060364191,2.6260983190649654,65.20463319053488,10.75,214.334264160048,187.093735839952,7.7128,779299.5,8733733.0,208.65,206.52,197.92
2024-07-01,207.34,208.37,195.0019,195.23,747608.0,200.90550000000002,201.486886413903,1.7156767229519403,48.10272686952187,-3.9099999999999966,214.07460495300165,187.73639504699838,7.769092857142856,773202.05,7986125.0,208.67,205.29,199.14
2024-07-02,195.0,197.185,189.4,193.89,744965.0,200.573,200.76337342210272,0.8759369921186533,50.03001199429142,-17.980000000000018,214.1115828380659,187.0344171619341,7.913021428571426,765195.15,7241160.0,195.23,205.0,211.87
2024-07-03,194.03,194.91,190.88,193.82,310155.0,200.6305,200.10209976285483,0.2024550151478195,43.934811817622865,-18.01000000000002,214.03687943196073,187.2241205680393,7.770878571428568,752751.65,6931005.0,193.89,203.89,211.83
2024-07-05,193.6,196.215,190.62,193.09,350833.0,200.487,199.43428073782104,-0.3857426018893193,45.772798868531105,-6.009999999999991,214.1626104068526,186.8113895931474,7.772664285714283,751216.65,6580172.0,193.82,208.65,199.1
2024-07-08,194.22,198.79,192.13,196.71,478599.0,200.6175,199.17482542945714,-0.5534103365696694,47.95901225144591,-9.810000000000002,214.0847106673175,187.15028933268252,7.9555214285714255,752958.25,7058771.0,193.09,208.67,206.52
2024-07-09,195.04,196.05,184.2601,186.77,718196.0,200.507,197.99341348379457,-1.4714017443651812,27.88156502660661,-18.519999999999982,214.4056180305061,186.6083819694939,7.7405142857142835,763603.45,6340575.0,196.71,195.23,205.29
2024-07-10,189.2,190.46,184.8175,188.1,547192.0,200.019,197.05118362819508,-2.06776080515246,29.55367912435375,-16.900000000000006,214.95556185338566,185.08243814661435,7.725692857142856,752190.6,6887767.0,186.77,193.89,205.0
2024-07-11,189.74,194.475,188.43,192.57,529045.0,199.95499999999998,196.62440423503364,-2.1548482669089424,43.439823174439276,-11.319999999999993,215.01333079447403,184.89666920552594,7.229678571428571,757181.8,7416812.0,188.1,193.82,203.89
2024-07-12,194.0,194.0,188.455,190.3,492574.0,199.418,196.0220800221733,-2.3796051290939886,31.82429402856252,-18.349999999999994,215.06780389989854,183.76819610010148,6.855035714285713,747544.75,6924238.0,192.57,193.09,208.65
2024-07-15,189.46,194.96,186.26,192.05,700104.0,199.1245,195.64378668672822,-2.388977541559342,35.3345148317527,-16.619999999999976,215.10918540098422,183.1398145990158,7.157178571428572,755098.45,7624342.0,190.3,196.71,208.67
2024-07-16,192.5,193.495,185.15,187.3,604545.0,198.5325,194.84914033561125,-2.7480131619349777,32.157258055439485,-7.929999999999978,215.3690678150118,181.6959321849882,7.351821428571428,753497.8,7019797.0,192.05,186.77,195.23
2024-07-17,184.72,184.77,175.44,180.95,873911.0,196.9865,193.52541268460067,-3.5045451913397585,29.08460976646272,-12.939999999999998,214.33697795489152,179.6360220451085,7.645035714285716,762702.85,6145886.0,187.3,188.1,193.89
2024-07-18,182.11,183.095,175.0501,178.57,495482.0,195.3235,192.10108766701964,-4.247189428058505,21.330537546728365,-15.25,213.0551977843581,177.59180221564188,7.753600000000001,769806.95,5650404.0,180.95,192.57,193.82
2024-07-19,179.21,179.86,175.1301,175.24,488330.0,194.1305,190.49526979397015,-5.046273208937919,20.02868925443066,-17.849999999999994,213.88734981814827,174.37365018185176,7.543592857142861,750154.25,5162074.0,178.57,190.3,193.09
2024-07-22,178.19,181.89,177.09,177.39,469732.0,192.674,189.2471488612111,-5.443318642147517,29.946043156042137,-19.32000000000002,212.87508949641406,172.47291050358595,6.931585714285717,721481.0,5631806.0,175.24,192.05,196.71
2024-07-23,176.95,180.865,175.6,179.1,388310.0,191.3645,188.28075373157193,-5.555951746633724,33.511705675157984,-7.670000000000016,211.51756321237872,171.21143678762127,6.751585714285718,721543.55,6020116.0,177.39,187.3,186.77
2024-07-24,176.0,176.67,163.37,163.8,772934.0,189.30450000000002,185.94925337618415,-6.801394184567727,25.016644468205158,-24.299999999999983,211.8676095981222,166.74139040187785,7.413728571428574,735893.9,5247182.0,179.1,180.95,188.1
2024-07-25,163.9,171.12,162.14,168.31,979618.0,187.52550000000002,184.26932448321423,-7.339887329733074,30.59818351975609,-24.25999999999999,210.84448478877204,164.206515211228,7.65551428571429,764015.25,6226800.0,163.8,178.57,192.57
2024-07-26,175.88,179.45,168.75,173.28,616572.0,185.757,183.22272215147956,-7.281670993187788,32.03496395570478,-17.02000000000001,207.65181755552007,163.86218244447994,7.944085714285718,772660.9,6843372.0,168.31,175.24,190.3
2024-07-29,174.96,175.27,169.6729,169.92,443239.0,183.8195,181.95579623229102,-7.4211120851832675,35.63022342659346,-22.130000000000024,203.96526510284448,163.67373489715553,7.50174285714286,587597.2,6400133.0,173.28,177.39,192.05
2024-07-30,170.32,171.285,165.73,168.19,316539.0,182.4675,180.64476801969187,-7.583795423826103,33.13569370720141,-19.110000000000014,203.01433981335893,161.92066018664107,7.495492857142859,566043.75,6083594.0,169.92,179.1,187.3
2024-07-31,171.75,175.91,168.31,171.94,473777.0,181.37,179.8157424940069,-7.325683562267955,32.31006687613889,-9.009999999999991,201.69154469885132,161.0484553011487,7.606564285714289,552484.35,6557371.0,168.19,163.8,180.95
2024-08-01,172.0,173.58,162.6,164.5,540910.0,179.904,178.35710035172053,-7.633479868544981,29.678638934853467,-14.069999999999993,200.66933487887025,159.13866512112975,7.994778571428577,564022.1,6016461.0,171.94,168.31,178.57
2024-08-02,157.56,163.96,153.84,162.01,712545.0,178.35,176.80023365155668,-7.986272075514847,26.6116474560485,-13.230000000000018,199.60644026246229,157.0935597375377,8.096207142857148,582107.7,5303916.0,164.5,173.28,175.24
2024-08-05,145.84,161.55,145.05,158.85,827910.0,176.45700000000002,175.09068758950366,-8.423744350421316,27.287242529426422,-18.539999999999992,197.57179212106627,155.34220787893378,8.678707142857148,599573.25,4476006.0,162.01,169.92,177.39
2024-08-06,161.78,165.92,160.14,165.06,817419.0,175.3715,174.13538400955093,-8.175111582321051,37.28596574616733,-14.039999999999992,196.48612977478814,154.25687022521186,8.425135714285718,604534.4,5293425.0,158.85,168.19,179.1
2024-08-07,169.74,171.57,161.085,161.4,1225445.0,174.0365,172.9224902943556,-8.17911597640915,36.537556836889976,-2.4000000000000057,195.13888028479883,152.93411971520115,8.599428571428573,638447.05,4067980.0,165.06,171.94,163.8
2024-08-08,174.99,185.1,170.4263,178.99,1607540.0,173.35750000000002,173.50034836155984,-6.685853141558425,52.40292194369294,10.680000000000007,192.75392058677335,153.96107941322668,9.309700000000001,692371.8,5675520.0,161.4,164.5,168.31
2024-08-09,178.87,187.71,178.87,187.38,696281.0,173.2115,174.8222199461732,-4.770438064844683,55.92737628120348,14.099999999999994,192.10848530676964,154.31451469323036,9.598271428571431,702557.15,6371801.0,178.99,162.01,173.28
2024-08-12,187.5,188.53,180.1,181.75,527683.0,172.6965,175.48200852272814,-3.6645095791160713,51.5024379099554,11.830000000000013,189.91899847392264,155.47400152607733,9.824342857142858,693936.1,5844118.0,187.38,158.85,169.92
2024-08-13,186.0,193.77,185.1,191.54,883877.0,172.9085,177.01134104437307,-1.9753119390370557,66.77552006609993,23.349999999999994,190.97175176181145,154.84524823818856,9.493628571428575,707902.7,6727995.0,181.75,165.06,168.19
2024-08-14,193.55,197.69,192.71,197.07,510681.0,173.7145,178.92168951633755,-0.18821621636533337,67.18040620142742,25.129999999999995,194.5191285083026,152.90987149169737,9.207914285714287,689741.2,7238676.0,191.54,161.4,171.94
2024-08-15,200.0,202.58,195.94,202.34,1082786.0,174.903,181.1520048004959,1.634473779341107,67.29761903640278,37.84,199.2839564166283,150.52204358337167,8.91791428571429,719106.4,8321462.0,197.07,178.99,164.5
2024-08-16,198.328,206.425,198.328,203.16,615236.0,176.299,183.2480043433058,3.1092938753017734,70.40265159605161,41.150000000000006,203.76348646601934,148.83451353398067,9.096478571428575,725451.7,8936698.0,202.34,187.38,162.01
2024-08-19,201.73,208.195,201.22,207.18,620361.0,177.7885,185.52724202489574,4.550029917513626,73.27761192804911,48.33000000000001,208.53701902295973,147.03998097704027,9.197907142857146,732983.15,9557059.0,203.16,181.75,158.85
2024-08-20,206.35,208.31,201.0209,203.83,435507.0,179.025,187.27036183204854,5.359723057073751,69.13017395359542,38.77000000000001,211.91028802399492,146.1397119760051,9.175700000000003,735343.0,9121552.0,207.18,191.54,165.06
2024-08-21,205.5,210.28,203.0,210.01,380464.0,181.3355,189.43604165756773,6.426010011657297,77.71957606178495,48.609999999999985,216.1533771232318,146.5176228767682,8.911414285714287,715719.5,9502016.0,203.83,197.07,161.4
2024-08-22,211.0,213.88,207.71,208.67,296225.0,183.3535,191.26784721398985,7.081294548631149,78.82382010003047,29.67999999999998,219.64012637507454,147.06687362492545,8.629271428571428,681549.85,9205791.0,210.01,202.34,178.99
2024-08-23,210.46,215.24,209.515,212.57,354279.0,185.318,193.29662366980034,7.825106712227409,82.88442701811482,25.189999999999998,223.51240499119763,147.1235950088024,7.859628571428573,668435.2,9560070.0,208.67,203.16,187.38
2024-08-26,212.7,214.44,208.12,209.99,438019.0,187.32150000000001,194.88646903458127,8.112878558854987,78.7828315041261,28.24000000000001,226.3105366641706,148.33246333582943,7.898200000000001,668174.2,9122051.0,212.57,207.18,181.75
2024-08-27,207.32,212.0,205.94,207.37,446609.0,189.28050000000002,196.07537674557352,8.036883526411657,79.84677313182894,15.830000000000013,228.1591589951762,150.40184100482384,7.582128571428574,674677.7,8675442.0,209.99,203.83,191.54
2024-08-28,206.48,207.37,202.38,202.82,399181.0,190.8245,196.71772181742367,7.522791879731102,68.62591838423069,5.75,229.25368160652658,152.39531839347342,6.890435714285717,670947.9,8276261.0,207.37,210.01,197.07
2024-08-29,204.23,212.09,204.23,207.55,233831.0,192.977,197.7493673586214,7.411605639275763,66.72193664509855,5.210000000000008,229.99451340848543,155.95948659151458,6.8204357142857175,655593.95,8510092.0,202.82,208.67,202.34
2024-08-30,209.71,214.44,207.97,212.57,393828.0,195.505,199.16085618160986,7.64048701042779,75.8123952921043,9.409999999999997,230.4667002477075,160.54329975229248,6.680435714285717,639658.1,8903920.0,207.55,212.57,203.16
2024-09-03,209.81,213.91,204.73,206.36,323018.0,197.88049999999998,199.84648892621846,7.237354329720063,63.20384887945737,-0.8199999999999932,228.54817300217678,167.21282699782319,6.716864285714288,614413.5,8580902.0,212.57,209.99,207.18
2024-09-04,202.44,211.08,202.44,206.8,250523.0,199.9675,200.50872807610241,6.874132379527737,59.5336076654229,2.969999999999999,226.65345205051008,173.28154794948992,6.978292857142861,586068.7,8831425.0,206.36,207.37,203.83
2024-09-05,204.84,212.59,204.84,210.26,225340.0,202.4105,201.43742064028314,6.787230482534227,58.045509938792414,0.25,222.31439380048707,182.50660619951296,7.057578571428574,536063.45,9056765.0,206.8,202.82,210.01
2024-09-06,211.0,212.0,204.0,208.26,349410.0,203.874,202.0871901031133,6.482253435263658,55.05952379422949,-0.4099999999999966,220.57347291951112,187.17452708048887,7.050650000000003,473156.95,8707355.0,210.26,207.55,208.67
2024-09-09,208.51,217.26,208.51,217.1,363914.0,205.35999999999999,203.5169815218644,6.874624655231031,58.98225279200015,4.530000000000001,221.14376914494954,189.57623085505043,7.177435714285717,456538.6,9071269.0,208.26,212.57,212.57
2024-09-10,217.99,219.69,213.14,217.11,417055.0,207.128,204.81155471025826,7.104492424088448,62.79876636701653,7.1200000000000045,219.28027005001235,194.97572994998762,7.124642857142861,451007.2,9488324.0,217.1,206.36,209.99
2024-09-11,217.11,223.19,212.855,223.18,580348.0,208.70999999999998,206.56093045213842,7.68784190189146,62.71972182966824,15.810000000000002,220.55190062981106,196.8680993701889,7.342857142857148,435830.75,10068672.0,217.11,206.8,207.37
2024-09-12,224.0,229.9,223.2,228.96,421073.0,210.30450000000002,208.6941751709824,8.518353978133547,68.04838994924967,26.140000000000015,223.9913718889769,196.61762811102315,7.3807142857142924,431350.35,10489745.0,223.18,210.26,202.82
2024-09-13,228.38,230.05,225.26,228.73,457894.0,211.62400000000002,210.60234896422216,9.053617240394914,65.37875902330981,21.17999999999998,227.0550956052689,196.19290439473116,7.313928571428578,400105.75,10031851.0,228.96,208.26,207.55
2024-09-16,228.73,234.61,227.65,234.0,473585.0,213.166,212.8306966819153,9.790206779251832,71.73637514024425,21.430000000000007,231.01067887664345,195.32132112335654,7.359642857142865,393023.2,10505436.0,228.73,217.1,212.57
2024-09-17,235.86,242.66,235.86,242.48,781233.0,214.93099999999998,215.65443985506622,10.932204773659379,78.73629070056788,36.119999999999976,236.80974998834776,193.0522500116522,7.412500000000007,401066.8,11286669.0,234.0,217.11,206.36
2024-09-18,242.48,258.0,241.49,250.23,1065490.0,217.25100000000003,218.9473503450599,12.320582635027932,86.87198629310612,43.42999999999998,243.5643657452273,190.93763425477277,8.235357142857149,432565.95,12352159.0,242.48,223.18,206.8
2024-09-19,257.0,265.6,256.2205,264.0,928463.0,219.9505,223.23807888362563,14.366399105946527,88.49038590973865,53.74000000000001,253.27872004816544,186.62227995183457,8.343892857142862,459965.9,13280622.0,250.23,228.96,210.26
2024-09-20,260.46,270.28,260.46,268.34,1120808.0,222.93399999999997,227.53349994232795,16.151737946586877,88.38265655557665,60.079999999999984,262.169932188962,183.69806781103793,8.583178571428576,501195.05,14401430.0,264.0,228.73,208.26
2024-09-23,270.0,270.94,266.1,270.27,513205.0,225.81900000000002,231.60364280496339,17.520402417763705,96.73833550746909,53.16999999999999,270.01770724472885,181.62029275527118,8.273178571428573,509141.35,14914635.0,268.34,234.0,217.1
2024-09-24,271.06,273.22,266.0,269.79,620812.0,228.80900000000003,235.2404387283002,18.35476458272757,96.03859082963692,52.68000000000001,276.45536569782115,181.1626343021789,8.171750000000003,518281.0,14293823.0,270.27,242.48,217.11
2024-09-25,274.38,297.56,270.58,287.54,1781211.0,232.81750000000002,240.22134932560496,20.21525044310596,96.72309550962369,64.36000000000001,286.0333958741107,179.6016041258894,9.545321428571432,585011.1,16075034.0,269.79,250.23,223.18
2024-09-26,292.0,293.73,277.58,277.96,949876.0,236.5745,243.8155065326902,20.67830631162508,88.60212670314098,48.99999999999997,291.4568992397905,181.69210076020948,10.127464285714293,612545.85,15125158.0,287.54,264.0,228.96
2024-09-27,279.5,279.5,273.24,278.03,608174.0,240.09849999999997,247.07402972005303,20.811033202209273,87.3757820976167,49.29999999999998,296.172013129969,184.02498687003094,9.949607142857149,631263.0,15733332.0,277.96,268.34,228.73
2024-09-30,276.97,286.96,276.63,282.02,479960.0,243.571,250.40221736576225,20.996149333530553,87.96350448904562,48.01999999999998,301.0506318707763,186.0913681292237,10.219607142857146,635569.6,16213292.0,278.03,270.27,234.0
2024-10-01,282.99,284.35,278.8,280.66,360698.0,247.286,253.28391094997536,20.793420953988203,85.57811337957301,38.180000000000035,304.24115184867145,190.33084815132855,9.877821428571433,637453.6,15852594.0,282.02,269.79,242.48
2024-10-02,280.48,287.19,275.8059,285.42,485924.0,251.217,256.34449085950155,20.777341215531976,85.39368102814055,35.190000000000026,307.2517727003412,195.18222729965882,10.212400000000002,649223.65,16338518.0,280.66,287.54,250.23
2024-10-03,284.31,288.84,280.56,283.66,285148.0,254.887,258.9459679205014,20.387565452182173,83.78644358256851,19.660000000000025,309.21582189428557,200.55817810571443,10.461685714285712,652214.05,16053370.0,285.42,277.96,264.0
2024-10-04,287.94,291.55,279.46,283.49,504947.0,258.64849999999996,261.28349478521557,19.83628739881962,82.4780154724414,15.150000000000034,309.70321998387146,207.59378001612848,10.828114285714287,659990.9,15548423.0,283.66,278.03,268.34
2024-10-07,280.91,282.045,276.28,279.75,341202.0,261.781,263.042209567576,18.879972258460953,76.08117563239838,9.480000000000018,309.69324517693445,213.86875482306553,10.75418571428572,658855.3,15207221.0,283.49,282.02,270.27
2024-10-08,288.34,291.49,284.205,284.95,396932.0,265.173,265.1286657992354,18.330380940401938,75.19593612405309,15.159999999999968,309.21893635596393,221.12706364403607,10.09525714285715,657849.15,15604153.0,279.75,280.66,269.79
2024-10-09,284.81,292.755,284.28,291.97,407441.0,268.6125,267.68498334216537,18.250896221782114,72.50201124674133,4.430000000000007,309.4801306732118,227.7448693267882,10.030650000000009,649203.8,16011594.0,284.95,285.42,287.54
2024-10-10,290.84,293.48,288.845,290.28,255049.0,271.6785,269.83688969053054,17.845819633444933,68.43697477381312,12.319999999999993,309.0737658275847,234.28323417241526,9.660292857142865,640902.6,15756545.0,291.97,283.66,277.96
2024-10-11,289.86,292.64,286.965,289.75,265059.0,274.7295,271.7333763866705,17.28280156983709,66.76419963967817,11.720000000000027,306.9728558884199,242.48614411158007,9.719935714285725,631260.85,15491486.0,290.28,283.49,278.03
2024-10-14,284.4,289.63,280.54,288.26,407565.0,277.4425,273.3073405403209,16.525875148838395,65.62341395840416,6.240000000000009,303.86113925337435,251.02386074662567,9.85350714285715,627959.85,15083921.0,289.75,279.75,282.02
2024-10-15,288.26,295.58,281.455,290.59,632030.0,279.848,274.9533081079094,15.930381512450936,53.490501241728786,9.92999999999995,301.1230811489561,258.57291885104394,8.935292857142864,620499.7,15715951.0,288.26,284.95,280.66
2024-10-16,290.61,293.4126,283.25,286.5,325105.0,281.6615,276.05299305001324,14.956016053608607,61.178010448782956,1.079999999999984,297.8916581209644,265.4313418790356,8.507621428571431,583480.45,15390846.0,290.59,291.97,285.42
2024-10-17,288.12,296.9731,282.33,287.65,463386.0,282.84399999999994,277.1574699023929,14.1139232746998,62.24541749308973,3.9899999999999523,296.96530216151353,268.72269783848634,9.10641428571429,560226.6,15854232.0,286.5,290.28,283.66
2024-10-18,288.98,290.38,285.55,286.12,334991.0,283.733,278.0110441974031,13.171270262455039,55.56762626893141,2.6299999999999955,296.14490277621616,271.32109722378385,8.713557142857146,520935.75,15519241.0,287.65,289.75,283.49
2024-10-21,286.04,290.92,285.3404,288.06,334685.0,284.6225,278.96808760717425,12.43738234388428,59.89304810592236,8.310000000000002,295.4163498570606,273.8286501429394,8.715671428571435,512009.75,15853926.0,286.12,288.26,279.75
2024-10-22,285.34,288.84,273.06,281.3,542586.0,285.198,279.1901745017291,11.1814031217217,44.77157358815223,-3.6499999999999773,293.6312814366294,276.76471856337054,9.02966428571429,508098.45,15311340.0,288.06,290.59,284.95
2024-10-23,281.87,282.3,276.01,279.93,320264.0,284.8175,279.26063407299296,9.960662669924034,45.219174554394534,-12.04000000000002,293.48920079838825,276.14579920161174,8.887521428571436,435051.1,14991076.0,281.3,286.5,291.97
2024-10-24,282.43,284.0,277.46,281.4,308580.0,284.9895,279.46438320889837,9.007995219996019,47.40759115197945,-8.879999999999995,293.2134021983695,276.7655978016305,8.491092857142863,402986.3,15299656.0,279.93,287.65,290.28
2024-10-25,282.64,292.6,282.5,291.61,483861.0,285.6685,280.6211086175747,8.973421061550255,62.676357398942535,1.8600000000000136,293.71350832487406,277.62349167512593,8.80073571428572,396770.65,15783517.0,281.4,286.12,289.75
2024-10-28,295.18,296.84,289.983,290.24,315814.0,286.0795,281.537193511139,8.734784087708817,56.15832361382502,1.9800000000000182,294.17938817336244,277.97961182663755,8.770164285714287,388563.35,15467703.0,291.61,288.06,288.26
2024-10-29,289.71,296.42,289.53,294.81,360901.0,286.787,282.80127031960194,8.812834503210468,53.50617282101019,4.220000000000027,295.35227161826526,278.2217283817347,8.656950000000004,388573.5,15828604.0,290.24,281.3,290.59
2024-10-30,294.98,311.91,292.1073,299.97,834422.0,287.5145,284.4363874320208,9.185177882835376,61.018876487280856,13.470000000000027,297.87450502946064,277.15449497053936,9.740357142857148,405998.4,16663026.0,294.81,279.93,286.5
2024-10-31,297.49,298.7625,285.33,292.97,534096.0,287.98,285.24911243849505,8.813820953683148,53.19191116683812,5.32000000000005,298.44686601664745,277.5131339833526,10.29446428571429,418445.8,16128930.0,299.97,281.4,287.65
2024-11-01,292.98,297.66,290.63,293.68,380103.0,288.4895,286.05205411101934,8.47906756527334,55.4571083210552,7.560000000000002,299.02790789932493,277.9510921006751,10.147321428571436,412203.6,16509033.0,292.97,291.61,286.12
2024-11-04,289.7,295.8052,285.85,290.65,484634.0,289.03450000000004,286.4899537194937,7.878459439709104,50.05957107424874,2.589999999999975,298.7664235400509,279.3025764599492,9.849478571428579,419375.2,16024399.0,293.68,290.24,288.06
2024-11-05,295.05,303.735,293.6297,303.0,763352.0,289.937,288.0623390795419,8.30329968958938,64.07369496934439,21.69999999999999,301.2872702958738,278.58672970412624,9.845385714285722,437696.2,16787751.0,290.65,294.81,281.3
2024-11-06,310.0,319.44,304.0,318.85,1105409.0,291.281,290.9944972624427,9.805914703706492,71.27659573107104,38.920000000000016,308.4956680418007,274.0663319581993,9.90230714285715,472594.6,17893160.0,303.0,299.97,279.93
2024-11-07,304.42,324.0,299.125,315.82,1236853.0,292.55800000000005,293.35883085649573,10.629719461734737,69.84763430930407,34.420000000000016,312.9550262022349,272.1609737977652,11.334092857142865,521684.8,16656307.0,318.85,292.97,281.4
2024-11-08,318.7,330.61,314.63,326.89,682721.0,294.415,296.5522755368295,12.037091058910335,73.12686121472568,35.27999999999997,319.87091069817774,268.9590893018223,12.07697857142858,542567.9,17339028.0,315.82,293.68,291.61
2024-11-11,325.8,328.97,306.74,318.23,650590.0,295.9135,298.6168207237981,12.311731585944813,71.50844495048202,27.99000000000001,323.2991522365447,268.52784776345527,12.537692857142869,554719.15,16688438.0,326.89,290.65,290.24
2024-11-12,317.63,322.85,313.19,314.33,476715.0,297.1005,300.1133139881983,12.07549004346987,69.46141659908957,19.519999999999982,325.551842378837,268.649157621163,12.778407142857153,546953.4,16211723.0,318.23,303.0,294.81
2024-11-13,317.0,329.19,315.925,323.43,515069.0,298.947,302.333950751227,12.478714019663869,71.8883449535836,23.45999999999998,329.2358043238476,268.6581956761524,13.258764285714294,556451.6,16726792.0,314.33,318.85,299.97
2024-11-14,322.65,324.08,316.2,322.57,283775.0,300.69300000000004,304.2611935368244,12.583818684549271,67.86291252076987,29.599999999999966,332.23965390546977,269.1463460945303,13.100192857142863,547471.05,16443017.0,323.43,315.82,292.97
2024-11-15,319.01,320.5,306.5,307.32,570863.0,301.753,304.5525084380792,11.306236086564184,58.49413168073483,13.639999999999986,332.65601235529454,270.84998764470544,13.610407142857152,559264.65,15872154.0,322.57,326.89,293.68
2024-11-18,307.82,316.99,301.11,306.92,468494.0,302.696,304.7779838249288,10.144526232455576,56.283075637771475,16.27000000000004,332.9845994880463,272.40740051195377,14.252550000000005,565955.1,15403660.0,307.32,318.23,290.65
2024-11-19,303.33,322.79,303.33,322.07,647535.0,304.73449999999997,306.4248425082689,10.327294566326202,60.38924406877161,19.069999999999993,334.44219843518164,275.0268015648183,14.228071428571436,571202.55,16051195.0,306.92,314.33,303.0
2024-11-20,323.0,331.8399,322.34,331.14,545359.0,307.29499999999996,308.7786670312909,11.076331926862224,67.60121736653676,12.289999999999964,336.82808189667463,277.7619181033253,13.947171428571437,582457.3,16596554.0,322.07,323.43,318.85
2024-11-21,338.15,342.51,330.0,341.6,559515.0,310.305,311.9045082664061,12.371374509309305,70.27415805564529,25.78000000000003,340.9748682920637,279.6351317079363,14.338600000000005,595004.05,17156069.0,331.14,322.57,315.82
2024-11-22,342.45,352.39,340.69,351.97,563405.0,313.323,315.7202693838912,14.072261153567808,74.42638622496838,25.08000000000004,347.8798840578744,278.76611594212557,14.463228571428576,598981.25,17719474.0,341.6,307.32,326.89
2024-11-25,359.525,364.95,341.1,348.0,1071627.0,316.21099999999996,318.7945294425682,14.927801844613725,69.20778554747386,29.769999999999982,352.267111767485,280.1548882325149,15.44499285714286,636771.9,16647847.0,351.97,306.92,318.23
2024-11-26,348.47,358.73,346.98,353.53,875653.0,319.14700000000005,322.1026694956569,15.869119459026024,66.23291517574177,39.19999999999999,357.36385552626865,280.93014447373145,15.181421428571431,662509.5,17523500.0,348.0,322.07,314.33
2024-11-27,352.88,353.23,340.2938,347.64,468361.0,321.53049999999996,324.53479621035626,15.955916798421015,64.50583514858604,24.20999999999998,360.64700747244694,282.413992527553,14.328650000000007,644206.45,17055139.0,353.53,331.14,323.43
2024-11-29,346.48,353.66,345.58,348.27,230258.0,324.2955,326.7952918093699,15.892343012494734,60.77186617441751,25.69999999999999,362.72349060717534,285.8675093928247,13.764364285714294,629014.55,17285397.0,347.64,341.6,322.57
2024-12-02,347.39,349.7815,340.0,346.52,423963.0,326.9375,328.6738354465728,15.521824029076981,65.3200476452455,39.19999999999999,363.73392710058016,290.14107289941984,12.87518571428572,631207.55,16861434.0,348.27,351.97,307.32
2024-12-03,341.52,361.1,341.29,360.98,494917.0,330.454,331.75061302308967,16.208148768230785,72.66984156849668,54.06,366.0724005669437,294.8355994330563,13.600185714285718,631721.7,17356351.0,346.52,348.0,306.92
2024-12-04,363.0,370.17,361.9181,364.65,581906.0,333.5365,334.8838879732716,16.853922865650077,71.14713727687194,42.579999999999984,369.81551482733494,297.25748517266504,13.24210714285715,622649.4,17938257.0,360.98,353.53,322.07
2024-12-05,366.53,378.4815,362.61,373.03,583796.0,336.2455,338.51685102343623,17.83629376401842,74.03314916139774,41.889999999999986,375.84630407211165,296.64469592788834,13.812928571428577,596568.75,18522053.0,364.65,347.64,331.14
2024-12-06,374.79,374.79,366.0,368.5,552089.0,338.87949999999995,341.3723890212042,18.04132744491693,82.45279014264442,26.899999999999977,379.7475935771593,298.0114064228406,13.440785714285722,562330.55,17969964.0,373.03,348.27,341.6
2024-12-09,365.36,369.885,350.0,360.61,532518.0,340.56550000000004,343.2045424477562,17.36696548613554,76.38329237278265,8.639999999999986,382.12729848952745,299.00370151047264,13.72685714285715,554820.4,17437446.0,368.5,346.52,351.97
2024-12-10,361.47,370.81,358.7,361.825,379649.0,342.74525,344.9779193574937,16.737628162461817,72.63565448935947,13.824999999999989,383.946004397154,301.544495602846,13.201857142857149,541273.35,17817095.0,360.61,360.98,348.0
2024-12-11,351.16,352.72,318.03,344.35,1226965.0,344.24625000000003,344.9181175139229,14.65979831442894,56.864477231385365,-9.17999999999995,383.21512838897354,305.2773716110265,15.001150000000008,578785.85,16590130.0,361.825,364.65,353.53
2024-12-12,341.12,344.7397,336.21,339.52,424068.0,345.05075,344.40401108402546,12.4795065723589,48.851970408611,-8.120000000000005,382.8571844669678,307.2443155330322,14.716842857142868,574235.8,16166062.0,344.35,373.03,347.64
2024-12-13,340.5,344.88,333.965,338.07,517811.0,345.82574999999997,343.8007719331659,10.513414676750187,41.49014325234646,-10.199999999999989,382.30396285947154,309.3475371405284,14.660771428571442,585937.6,15648251.0,339.52,368.5,348.27
2024-12-16,341.42,350.86,337.865,348.72,639007.0,347.89575,344.2692698442929,9.702790944557307,50.40747028063719,2.2000000000000455,379.5538610044216,316.23763899557844,13.885414285714303,589344.8,16287258.0,338.07,360.61,346.52
2024-12-17,352.3,360.2129,348.65,354.04,649615.0,350.25175,345.1998155734079,9.381501229083199,50.28931244946622,-6.939999999999998,375.4179176138477,325.08558238615234,13.872050000000018,598400.85,16936873.0,348.72,361.825,360.98
2024-12-18,352.44,352.875,331.32,332.81,572099.0,350.78875000000005,344.01983313784524,7.329305569051257,42.83436412253884,-31.839999999999975,373.7879819951836,327.7895180048165,14.487678571428587,594629.05,16364774.0,354.04,344.35,364.65
2024-12-19,345.16,345.74,332.8682,335.22,436154.0,350.99275,343.1817537913838,5.830185828922879,43.80106402609526,-37.809999999999945,373.3207474058971,328.6647525941029,14.829950000000013,589168.8,16800928.0,332.81,339.52,373.03
2024-12-20,327.72,345.53,324.83,342.12,1263587.0,351.01875,343.0806343826806,5.139648302281557,48.0074268574214,-26.379999999999995,373.3018608748983,328.7356391251017,15.60984285714287,624372.4,18064515.0,335.22,338.07,368.5
2024-12-23,342.12,344.12,336.14,337.73,373777.0,350.30675,342.57105015575866,4.189857951753311,38.41439106500096,-22.879999999999995,373.35862748375763,327.2548725162424,14.76484285714287,614891.0,17690738.0,342.12,348.72,360.61
2024-12-24,336.34,342.49,335.0,340.39,114492.0,349.92625000000004,342.3633310933054,3.610166275963195,37.78818080611059,-21.435000000000002,373.38606219357376,326.4664378064263,14.71042142857144,567034.25,17805230.0,337.73,354.04,361.825
2024-12-26,339.51,345.0,336.5428,341.88,274237.0,349.34375,342.3172995606097,3.233710788937117,33.1512332273462,-2.4700000000000273,373.0044758141522,325.6830241858478,14.180828571428586,536963.45,18079467.0,340.39,332.81,344.35
2024-12-27,339.46,339.46,326.4277,333.34,293041.0,348.62874999999997,341.4623186500754,2.220662065040244,31.772939342199876,-6.180000000000007,373.3468873584973,323.9106126415026,14.48385000000001,528197.45,17786426.0,341.88,335.22,339.52
2024-12-30,328.23,329.4,321.245,325.2,535940.0,347.47525,339.9135263976873,0.7523115028417919,31.690796272557677,-12.870000000000005,374.32513042215595,320.6253695778441,13.645992857142867,543481.55,17250486.0,333.34,342.12,338.07
2024-12-31,326.37,328.77,320.905,324.23,344613.0,346.36075,338.41985721695517,-0.4840578721324391,30.511637546761065,-24.49000000000001,375.1574541745345,317.5640458254655,13.34277857142858,539514.05,16905873.0,325.2,337.73,348.72
2025-01-02,327.3,328.95,319.04,325.88,466373.0,344.60575,337.22558510105466,-1.3155830762048026,38.54644672529267,-28.160000000000025,373.9246013588078,315.2868986411922,11.572778571428573,538086.85,17372246.0,324.23,340.39,354.04
2025-01-03,328.34,341.968,326.58,340.06,344127.0,343.37625,337.4955293771447,-0.8209024460487626,50.3000666736586,7.25,371.1790705450999,315.5734294549002,12.062657142857145,526197.9,17716373.0,325.88,341.88,332.81
2025-01-06,344.1,347.04,332.27,336.72,613317.0,341.56075,337.42166943646424,-0.6904158845754864,49.26526612942514,1.5,365.7127899650538,317.4087100349462,12.338014285714289,527673.95,17103056.0,340.06,333.34,335.22
2025-01-07,336.0,336.73,311.671,320.35,639747.0,339.15325,335.795796156801,-1.8861837821719973,35.46469924688485,-21.769999999999982,361.5328766078132,316.77362339218683,13.199728571428576,532056.85,16463309.0,336.72,325.2,342.12
2025-01-08,318.37,325.205,314.2323,323.14,425592.0,337.27975000000004,334.5904822371056,-2.5789798981559784,33.74710708528863,-14.590000000000032,358.33035831099755,316.2291416890025,13.15757142857143,526710.55,16888901.0,320.35,324.23,337.73
2025-01-10,316.91,319.36,305.82,318.67,535196.0,335.122,333.07424583357175,-3.44895999018712,40.97062579088646,-21.71999999999997,354.34695264520593,315.8970473547941,12.58507142857143,534487.9,16353705.0,323.14,325.88,340.39
2025-01-13,311.56,317.245,305.01,316.38,399357.0,333.72349999999994,331.4843176589459,-4.2739419997249115,37.95088257186856,-25.5,354.15353390264056,313.2934660973593,12.539585714285717,493107.5,15954348.0,318.67,340.06,341.88
2025-01-14,320.0,325.0,311.78,312.52,428770.0,332.37350000000004,329.6781921676177,-5.179509762186456,30.30343358498466,-20.819999999999993,354.6734827944209,310.07351720557915,12.005300000000005,493342.6,15525578.0,316.38,336.72,333.34
2025-01-15,316.91,323.72,315.98,319.98,330440.0,331.469,328.75455481832074,-5.234874706996152,38.652346240363975,-5.21999999999997,354.2582411365284,308.6797588634716,11.988157142857148,483974.05,15856018.0,312.52,320.35,325.2
2025-01-16,327.67,355.78,327.4,341.8,932593.0,331.123,329.99697816895684,-3.477968328064037,50.72404230553419,17.569999999999993,353.0013643187293,309.24463568127067,13.480300000000003,498653.35,16788611.0,319.98,323.14,324.23
2025-01-17,351.81,356.0,340.54,351.13,742815.0,330.9775,332.0096469147705,-1.3175662553615552,54.39596995759393,25.25,352.24430722331346,309.7106927766866,13.980500000000003,503313.35,17531426.0,341.8,318.67,325.88
2025-01-21,353.0,353.01,325.73,337.28,795263.0,331.20099999999996,332.51158530384,-0.7147718536103866,51.78248280198195,-2.7800000000000296,352.64213400378605,309.7598659962139,14.99819285714286,514471.55,16736163.0,351.13,316.38,340.06
2025-01-22,338.8,343.5027,328.88,336.04,443300.0,331.24199999999996,332.8476247987124,-0.33326886815160606,55.23065044611825,-0.6800000000000068,352.71859935836886,309.76540064163106,15.460171428571433,514828.85,16292863.0,337.28,312.52,336.72
2025-01-23,335.85,337.86,330.0,335.99,403933.0,330.9355,333.1468986274065,-0.03456118589014068,55.725413819083194,15.639999999999986,351.9279512497606,309.94304875023937,15.459814285714291,471846.15,15888930.0,336.04,319.98,320.35
2025-01-24,330.5,335.52,325.0,328.6,445064.0,330.479,332.7138606628916,-0.38965276034747376,51.254149753619,5.460000000000036,351.2451961141785,309.7128038858215,15.503385714285722,475410.5,15443866.0,335.99,341.8,323.14
2025-01-27,320.0,334.23,311.58,326.82,752023.0,329.8005,332.15254059975905,-0.8054122245479789,43.107038727577056,8.149999999999977,350.0843743055167,309.5166256944833,16.022100000000005,507287.05,14691843.0,328.6,351.13,318.67
2025-01-28,327.0,351.505,325.03,350.72,581055.0,330.24249999999995,333.9208700664487,0.7845814969419962,56.00343052500817,34.34000000000003,351.968655835037,308.5163441649629,16.858171428571435,522627.95,15272898.0,326.82,337.28,316.38
2025-01-29,354.77,363.96,346.19,358.48,457242.0,331.4995,336.259834822025,2.6403933129589063,67.65441243682598,45.960000000000036,356.62354465845203,306.375455341548,16.337528571428575,530838.0,15730140.0,350.72,336.04,312.52
2025-01-30,360.0,370.77,359.44,363.28,504782.0,333.4035,338.83318388659404,4.447192960117889,68.24545453676875,43.299999999999955,362.0431701502597,304.7638298497403,16.363050000000005,529280.1,16234922.0,358.48,335.99,319.98
2025-01-31,368.44,368.44,361.0001,363.99,512309.0,335.3915,341.22907113548985,5.868734644243943,71.32906625566068,22.189999999999998,366.74159058997884,304.0414094100212,15.927328571428575,537664.9,16747231.0,363.28,328.6,341.8
2025-02-03,354.96,365.84,352.0,364.44,577573.0,337.3195,343.4396357892527,6.951495397969552,73.01724136951876,13.310000000000002,370.87208840120877,303.76691159879124,16.04197142857143,543224.9,17324804.0,363.99,326.82,351.13
2025-02-04,367.59,387.88,366.7369,386.16,781406.0,339.6245,347.50824190456194,9.453242479686423,80.11614590936017,48.88000000000005,379.6746277874284,299.57437221257163,16.60790714285714,565088.85,18106210.0,364.44,350.72,337.28
2025-02-05,389.41,411.69,385.93,392.0,748701.0,342.3885,351.7455521993656,11.771440421433965,79.84913792176816,55.95999999999998,388.73053151851485,296.0464684814852,17.895049999999998,571858.05,18854911.0,386.16,358.48,336.04
2025-02-06,390.0,392.7099,380.1695,389.36,394787.0,345.839,355.32788056133074,13.242946610308138,73.43780799302061,53.370000000000005,395.4342688320789,296.2437311679211,16.763649999999995,559610.05,18460124.0,392.0,363.28,335.99
2025-02-07,394.81,400.2,391.76,393.8,717372.0,349.37199999999996,358.99189193644213,14.599107338225963,72.09278242715857,65.19999999999999,402.12545220930895,296.61854779069097,16.262221428571426,574199.05,19177496.0,389.36,363.99,328.6
2025-02-10,398.08,403.63,394.0,401.45,487009.0,353.511,363.0355212758286,16.105511243708804,85.50403893773317,74.63,409.0386712052066,297.98332879479347,15.001507142857141,571789.7,19664505.0,393.8,364.44,326.82
2025-02-11,399.0,399.98,381.24,383.66,574434.0,356.875,364.99975734479733,15.683058334970838,72.26898614841222,32.94,411.06705981846653,302.68294018153347,15.295599999999999,580543.55,19090071.0,401.45,386.16,350.72
2025-02-12,377.7,399.73,373.3,398.11,1180667.0,361.1545,368.15311378815,16.326058952512597,75.60171446539381,39.629999999999995,414.10209811658706,308.2069018834129,16.62202857142857,618138.4,20270738.0,383.66,392.0,358.48
2025-02-13,400.98,431.37,399.14,430.32,1514047.0,366.67150000000004,374.07376961785,19.21324110070026,84.80224441503195,67.04000000000002,424.33871198301995,309.0042880169801,18.172742857142858,677318.75,21784785.0,398.11,389.36,363.28
2025-02-14,432.0,436.98,417.737,432.69,724307.0,371.216,379.65626774948333,21.445383910810904,86.07646697195483,68.69999999999999,434.6658742564373,307.7661257435627,17.92938571428571,666904.45,22509092.0,430.32,393.8,363.99
2025-02-18,435.0,441.765,426.4,441.39,666305.0,375.729,385.5356708209611,23.643839002369816,84.46742187194906,76.94999999999999,445.6711724750248,305.7868275249752,17.135814285714282,663078.95,23175397.0,432.69,401.45,364.44
2025-02-19,439.43,440.71,429.205,432.52,822127.0,380.49100000000004,390.0103688380124,24.389251521370397,77.91013268176462,46.35999999999996,452.35332418934513,308.62867581065495,16.688314285714284,664422.15,22353270.0,441.39,383.66,386.16
2025-02-20,430.43,430.95,415.99,421.78,946116.0,384.778,393.03604799629693,23.838571853677195,71.1069418314656,29.779999999999973,455.6986265297213,313.85737347027873,16.947599999999998,689562.95,21407154.0,432.52,398.11,392.0
2025-02-21,418.92,420.48,383.43,385.35,1079742.0,387.246,392.30404342522104,20.22936616698115,56.127366604786104,-4.009999999999991,454.3507575064524,320.14124249354757,19.06260714285714,723353.4,20327412.0,421.78,430.32,389.36
2025-02-24,390.26,397.3,372.01,389.9,1241009.0,390.31100000000004,392.0750869085333,17.534069789461682,57.13565021973151,-3.900000000000034,451.47391649099137,329.1480835090087,19.880464285714286,763150.65,21568421.0,385.35,432.69,393.8
2025-02-25,382.95,389.74,370.19,385.81,683760.0,393.2605,391.4784119648635,14.89628408297824,49.89114884183319,-15.639999999999986,446.73837952927016,339.7826204707298,19.76667142857143,759737.5,20884661.0,389.9,441.39,401.45
2025-02-26,388.75,400.913,383.78,386.56,858255.0,395.0525,391.0099917777336,12.719713696611109,48.25282630604098,2.8999999999999773,444.8001249102436,345.3048750897564,19.150457142857146,773597.5,21742916.0,385.81,432.52,383.66
2025-02-27,391.32,412.88,372.84,375.78,1502752.0,395.91749999999996,389.5595163703304,10.00952648567835,45.855206930521454,-22.33000000000004,443.5439883729275,348.2910116270724,21.114714285714292,825873.0,20240164.0,386.56,421.78,398.11
2025-02-28,325.06,329.61,303.68,312.07,3455444.0,393.357,382.179562430299,2.6898125570481852,31.682280691902108,-118.25,452.4882812753362,334.22571872466386,22.364000000000008,973406.1,16784720.0,375.78,385.35,430.32
2025-03-03,312.33,324.25,291.77,295.23,1947065.0,389.919,373.89865172265144,-4.419021005918978,27.135353881608836,-137.45999999999998,462.6673124492266,317.1706875507734,23.996142857142868,1045143.9,14837655.0,312.07,389.9,432.69
2025-03-04,288.87,301.96,276.67,294.15,1285797.0,386.4045,366.30354203477987,-10.024414583674798,29.238762349077575,-147.24,470.2765746387634,302.53242536123656,24.464000000000006,1080555.1,13551858.0,295.23,385.81,441.39
2025-03-05,293.11,295.85,284.99,292.74,840489.0,381.7335,359.2974904124199,-14.414344998341903,23.986569889222267,-139.77999999999997,475.4863747685542,287.9806252314458,23.35185714285715,1083509.25,12711369.0,294.15,386.56,432.52
2025-03-06,282.8,286.68,268.11,272.77,1048889.0,375.772,351.0567770398085,-19.28253156255863,8.602659098636607,-149.01,481.21089317364823,270.33310682635175,22.376142857142863,1098518.65,11662480.0,292.74,375.78,421.78
2025-03-07,271.45,296.905,268.03,295.56,1586732.0,371.082,345.77136970268384,-21.058888197628107,17.460016134761318,-89.79000000000002,482.1693247021166,259.99467529788336,23.064142857142862,1158115.9,13249212.0,272.77,312.07,385.35
2025-03-10,286.55,289.0,263.68,277.18,1706545.0,365.25100000000003,339.23885830242824,-23.67684410034491,12.745587367038254,-112.71999999999997,483.33958136340226,247.1624186365978,23.77521428571429,1207574.55,11542667.0,295.56,295.23,389.9
2025-03-11,277.45,282.22,269.445,274.91,1046628.0,358.92400000000004,333.11230036886366,-25.639210188224467,13.13906169519646,-110.89999999999998,482.2881141030117,235.55988589698836,23.86592857142858,1235555.5,10496039.0,277.18,294.15,385.81
2025-03-12,294.66,295.5,280.22,291.02,957535.0,354.292,329.1035098575433,-25.599363559774247,20.16791385160451,-95.54000000000002,480.66556662313707,227.91843337686288,23.88878571428572,1254710.55,11453574.0,274.91,292.74,386.56
2025-03-13,288.62,288.9,269.77,272.49,1035367.0,348.01099999999997,323.71174701396774,-26.754590690649138,21.961641656029684,-103.28999999999996,477.6593933202651,218.36260667973482,22.60878571428572,1247445.55,10418207.0,291.02,272.77,375.78
2025-03-14,280.5,286.74,280.1,283.54,809141.0,340.672,319.88586634597084,-26.473306070216097,24.403157487766435,-28.529999999999973,467.2844404962677,214.05955950373237,21.27664285714286,1212200.25,11227348.0,272.49,295.56,312.07
2025-03-17,286.79,301.855,285.0,294.18,919388.0,333.74649999999997,317.4376885987355,-25.10246135540143,28.62208949465395,-1.0500000000000114,454.1675295107168,213.32547048928313,21.08414285714286,1221954.3,12146736.0,283.54,277.18,295.23
2025-03-18,294.91,304.66,283.87,288.81,650131.0,326.1175,314.71124206552264,-24.17074585114034,27.675512719191246,-5.339999999999975,436.76054746630706,215.47445253369295,21.345357142857146,1221145.6,11496605.0,294.18,274.91,294.15
2025-03-19,289.94,304.62,287.14,301.12,673461.0,319.5475,313.4168380592824,-22.18332491929891,33.06722307691672,8.379999999999995,418.58394600268133,220.5110539973187,19.733928571428574,1213712.3,12170066.0,288.81,291.02,292.74
2025-03-20,296.65,314.82,293.2949,306.17,606830.0,313.767,312.7266630060174,-19.970578321197536,48.176761429700406,33.400000000000034,400.39776349171706,227.13623650828293,19.41929285714286,1196748.0,12776896.0,301.12,272.49,272.77
2025-03-21,300.7,312.0,294.8164,309.3,869210.0,309.9645,312.40031414830145,-17.759673398796735,54.750489561979144,13.740000000000009,389.7733132516172,230.15568674838278,18.32669285714286,1186221.4,13646106.0,306.17,283.54,295.56
2025-03-24,319.16,331.73,315.255,330.0,1033430.0,306.96950000000004,314.0764747056061,-14.173811440804172,60.68809253562917,52.81999999999999,378.18039256567386,235.75860743432622,17.697050000000008,1175842.45,14679536.0,309.3,294.18,277.18
2025-03-25,333.15,341.09,327.79,340.5,639836.0,304.704,316.5930009241198,-10.365243679518755,63.50678732528792,65.58999999999997,367.7712631402374,241.6367368597626,17.871335714285717,1173646.25,15319372.0,330.0,288.81,274.91
2025-03-26,340.0,341.7525,323.43,331.22,1096008.0,301.937,317.986048455156,-8.003485534015738,67.59376316328752,40.200000000000045,353.73132242813324,250.14267757186676,17.853657142857145,1185533.9,14223364.0,340.5,301.12,291.02
2025-03-27,330.63,340.36,324.2,332.94,695739.0,299.795,319.4102343165697,-5.924689431025968,62.886100380030314,60.44999999999999,341.2405389003063,258.3494610996937,16.94544285714286,1145183.25,14919103.0,331.22,306.17,272.49
2025-03-28,330.23,330.23,307.4,315.0,888536.0,299.9415,318.9902120007059,-5.659596308386938,63.07745504230233,31.45999999999998,341.58994713096774,258.2930528690323,16.767585714285723,1016837.85,14030567.0,332.94,309.3,283.54
2025-03-31,307.53,317.345,298.696,310.54,778449.0,300.707,318.1854299054006,-5.74318891818956,62.13638530642477,16.360000000000014,342.55315336657486,258.8608466334251,17.18715714285715,958407.05,13252118.0,315.0,330.0,294.18
2025-04-01,310.86,328.27,307.0,327.38,668049.0,302.3685,319.0611032477434,-4.399870433924548,62.32375270558209,38.56999999999999,345.72982318577243,259.00717681422753,17.61501428571429,927519.65,13920167.0,310.54,340.5,288.81
2025-04-02,318.56,342.28,317.52,337.56,545046.0,304.60949999999997,320.82290293843454,-2.48519218632174,73.37788315709356,36.44,350.43815730660526,258.7808426933947,18.017157142857148,912747.5,14465213.0,327.38,331.22,301.12
2025-04-03,315.555,318.0,302.0109,313.9,946107.0,306.66600000000005,320.16357884905983,-2.844174275107946,60.00131769113177,7.729999999999961,350.1080084831788,263.2239915168213,18.684950000000008,907608.4,13519106.0,337.56,332.94,306.17
2025-04-04,295.03,300.0,275.0,292.88,1599341.0,306.53200000000004,317.565142768197,-4.769824922731175,49.59916131786884,-16.420000000000016,350.1344864573467,262.92951354265335,19.26673571428572,908238.85,11919765.0,313.9,315.0,309.3
2025-04-07,285.31,319.1224,274.97,296.51,1475774.0,307.4985,315.55989107598776,-5.934595943829379,52.39995012633337,-33.49000000000001,349.175978595822,265.82102140417794,20.935478571428575,896700.3,13395539.0,292.88,310.54,330.0
2025-04-08,317.81,319.9482,288.765,293.27,922333.0,308.4165,313.4370443068461,-7.037996647609134,47.40667326948335,-47.23000000000002,347.81832591280636,269.0146740871936,21.914278571428575,890485.55,12473206.0,296.51,327.38,340.5
2025-04-09,296.3,338.9525,289.31,337.4,1298728.0,310.7355,315.7192305633369,-4.30193740814758,58.19986346261199,6.17999999999995,351.26941898670776,270.20158101329224,23.922664285714287,907545.2,13771934.0,293.27,337.56,331.22
2025-04-10,324.04,329.705,309.4184,316.94,653645.0,312.95799999999997,315.8354943192096,-3.7414130762828677,51.83865998880563,-16.0,349.32232815418416,276.5936718458158,24.14430714285714,888459.1,13118289.0,337.4,313.9,332.94
2025-04-11,316.94,333.75,316.0,329.35,866883.0,315.2485,317.1225900983325,-2.269647140191921,49.83706822731379,14.350000000000023,349.5216500095756,280.9753499904244,24.235378571428566,891346.2,13985172.0,316.94,292.88,315.0
2025-04-14,338.94,340.135,318.895,326.67,612850.0,316.873,318.03186723182466,-1.3044784194347017,46.39186015836428,16.129999999999995,350.0023186102411,283.7436813897589,24.802521428571428,876019.3,13372322.0,329.35,296.51,310.54
2025-04-15,327.21,331.82,324.0057,325.17,437356.0,318.691,318.7116894002223,-0.6530843684774936,48.354815898858064,-2.2099999999999795,349.2251106236757,288.1568893763243,24.051935714285715,865380.55,12934966.0,326.67,293.27,327.38
2025-04-16,320.53,332.7339,318.0,326.4,569775.0,319.95500000000004,319.44390945734403,-0.03717068902705023,48.21681753367305,-11.160000000000025,349.5035730352748,290.40642696472526,23.950071428571427,860196.25,13504741.0,325.17,337.4,337.56
2025-04-17,329.27,332.91,320.54,326.5,523586.0,320.9715,320.11591808045415,0.45378356910691764,53.473480725210656,12.600000000000023,349.91593553467516,292.0270644653248,23.20292857142857,856034.05,14028327.0,326.4,316.94,313.9
2025-04-21,324.79,326.295,308.5683,316.07,506875.0,321.31,319.7305925489823,0.0012402264015349829,51.612150890778544,23.189999999999998,349.8350242861637,292.78497571383633,23.137049999999995,837917.3,13521452.0,326.5,329.35,292.88
2025-04-22,322.5,337.8,321.88,336.34,592167.0,321.627,321.31244087765066,1.2636493997645175,52.56087801111322,39.829999999999984,350.6944019623705,292.55959803762954,22.754907142857142,815854.15,14113619.0,316.07,326.67,296.51
2025-04-23,364.45,378.52,362.135,370.0,1104450.0,323.102,325.94935127025536,4.923444058100074,58.1745791713817,76.73000000000002,358.50519735783485,287.6988026421651,22.156692857142854,839084.85,15218069.0,336.34,325.17,293.27
2025-04-24,370.0,381.18,366.98,375.02,620715.0,325.29200000000003,330.6227463873739,8.135152761262077,66.99855378274569,37.620000000000005,367.5624080141666,283.0215919858335,22.028899999999997,815320.2,15838784.0,370.0,326.4,337.4
2025-04-25,377.68,386.3673,362.9,381.83,1133589.0,327.7365,335.4996276838145,11.101988323440139,76.86175031058727,64.88999999999999,376.95306130120923,278.5199386987907,21.91942142857143,837212.7,16972373.0,375.02,326.5,316.94
2025-04-28,383.79,389.95,374.345,384.34,614937.0,331.20349999999996,340.15109171392737,13.500141674737051,76.70416539328758,54.98999999999995,386.08541736523154,276.3215826347684,19.880321428571424,823532.75,17587310.0,381.83,316.07,329.35
2025-04-29,383.21,396.858,372.685,385.13,1410539.0,334.933,344.4347972649819,15.288208925186325,78.35185184508072,58.45999999999998,393.88886541955185,275.97713458044814,19.379592857142853,855137.25,18997849.0,384.34,336.34,326.67
2025-04-30,371.31,390.41,371.31,389.48,967240.0,338.03799999999995,348.7248165730789,16.86190025901203,71.30584191623072,64.31,401.67434962569814,274.40165037430177,17.197985714285714,870096.8,19965089.0,385.13,370.0,325.17
2025-05-01,396.18,406.0,390.0,400.0,1428951.0,341.15999999999997,353.60816737564284,18.741893181422313,86.98788741345003,73.60000000000002,410.5629454858015,271.75705451419844,16.8918,914292.05,21394040.0,389.48,375.02,326.4
2025-05-02,436.925,487.0,433.0,486.42,3054911.0,349.78599999999994,366.2569133398673,26.895142414861482,92.15738901019806,159.92000000000002,443.5369067801753,256.0350932198246,19.481085714285715,1019732.25,24448951.0,400.0,381.83,326.5
2025-05-05,480.66,504.31,475.53,494.13,1869078.0,359.84849999999994,378.43530254559425,33.59156113148913,93.76437381709857,178.06,469.7007202108951,249.9962797891048,20.019657142857145,1033219.1,26318029.0,486.42,384.34,316.07
2025-05-06,480.65,493.63,473.52,490.55,1493472.0,369.5505,389.1128927793472,38.16964917293262,92.75594621872501,154.21000000000004,489.6462638018832,249.4547361981168,20.897921428571433,1034104.0,24824557.0,494.13,385.13,336.34
2025-05-07,491.31,504.5,491.06,495.56,1054317.0,379.665,399.25071251464743,41.721146650725245,92.89481691195594,125.56,506.5904497312241,252.73955026877593,20.805500000000002,1040703.2,25878874.0,490.55,389.48,370.0
2025-05-08,505.07,509.005,492.75,503.57,744738.0,387.9735,409.18588275134766,44.66717861593912,93.1688526924552,128.55,524.6316034283418,251.3153965716582,21.083000000000002,1013003.7,26623612.0,495.56,400.0,375.02
2025-05-09,505.0,513.87,500.26,512.75,604433.0,397.764,419.04913201312405,47.198603333802566,98.24372055840163,130.92000000000002,540.8978467309524,254.6301532690476,20.788950000000003,1010543.1,27228045.0,503.57,486.42,381.83
2025-05-12,532.72,533.2574,503.0002,517.83,949625.0,407.188,428.45683372615986,49.04927964171492,98.10230585012759,133.49000000000007,556.0601099467585,258.31589005324145,21.813035714285714,1014680.2,28177670.0,512.75,494.13,384.34
2025-05-13,519.36,536.8709,514.805,531.46,823868.0,417.42750000000007,438.2666590855732,51.027567009546885,97.87688292391013,146.33000000000004,571.0759256003732,263.7790743996269,22.21881428571429,1025231.1,29001538.0,517.83,490.55,385.13
2025-05-14,536.15,544.93,532.5622,540.68,841441.0,428.203,448.0203106012329,52.73149509534636,97.92848049200904,151.19999999999993,584.8082618730147,271.5977381269853,22.08794285714286,1045435.35,29842979.0,531.46,495.56,389.48
2025-05-15,536.0,541.46,527.0,530.52,751990.0,438.409,455.87742387730594,52.65506843783487,92.20071521092805,130.51999999999998,593.678820960328,283.13917903967194,21.44456428571429,1054546.1,29090989.0,540.68,503.57,400.0
2025-05-16,525.0,536.0,522.26,529.05,698168.0,448.5365,462.8462406508958,51.877867285222294,91.31502311837829,42.62999999999994,599.4336407458168,297.6393592541832,21.311350000000008,1063275.2,28392821.0,530.52,512.75,486.42
2025-05-19,517.79,531.0194,515.2,520.23,733406.0,458.7445000000001,468.31136058890576,49.974158492887966,86.88032320803495,26.100000000000023,599.1692449291638,318.3197550708363,20.714664285714292,1074601.75,27659415.0,529.05,517.83,494.13
2025-05-20,517.58,526.9199,514.04,525.73,764504.0,468.21400000000006,473.7798024375814,48.351889114359494,86.96218327156711,35.18000000000001,599.1028919576233,337.3251080423768,20.270371428571433,1083218.6,28423919.0,520.23,531.46,490.55
2025-05-21,522.77,531.94,510.72,514.3,841091.0,475.429,477.6388688720975,45.61806679084731,80.85519921643466,18.739999999999952,599.2398402532272,351.6181597467728,20.64322857142858,1070050.65,27582828.0,525.73,540.68,495.56
2025-05-22,511.11,526.3,510.9824,517.8,537920.0,482.56800000000004,481.4637385033263,43.23552147423982,65.33724339281795,14.229999999999961,598.1965957346995,366.9394042653006,17.880200000000006,1065910.9,28120748.0,514.3,530.52,503.57
2025-05-23,512.31,524.415,510.0,520.21,459664.0,489.48699999999997,485.15385864586665,41.068393132462006,63.44329895991542,7.460000000000036,595.9306515325293,383.0433484674706,16.85412857142857,1032214.65,28580412.0,517.8,529.05,512.75
2025-05-27,528.024,529.77,512.1,525.0,524391.0,496.52,488.9487292510222,39.28459294294993,67.53894714442984,7.169999999999959,591.7037135560247,401.33628644397527,16.679842857142855,1027687.35,29104803.0,520.21,520.23,517.83
2025-05-28,524.42,530.0,521.31,524.4,432691.0,503.4835,492.32504075092487,37.391477775178885,65.37313431860102,-7.060000000000059,583.5288390667773,423.4381609332226,16.340557142857143,978794.95,28672112.0,525.0,525.73,531.46
2025-05-29,530.47,531.69,512.54,513.39,619814.0,509.679,494.33122734607485,34.60386358076937,55.072314041621766,-27.289999999999964,569.0939082478869,450.2640917521131,16.547342857142866,961423.65,28052298.0,524.4,514.3,540.68
2025-05-30,506.76,521.61,496.2648,519.61,1136569.0,515.6595,496.7387295035915,32.52167167824604,53.655157707255206,-10.909999999999968,545.1175447237578,486.20145527624214,17.38557142857144,946804.55,29188867.0,513.39,517.8,530.52
2025-06-02,519.76,528.07,513.21,526.85,680506.0,517.6809999999999,499.6064695508685,31.097257262556866,54.69791665868988,-2.199999999999932,544.0807112424312,491.28128875756863,16.285771428571444,828084.3,29869373.0,519.61,520.21,529.05
2025-06-03,529.57,534.4999,512.0,513.37,691487.0,518.643,500.9172819745953,28.551550728754023,40.56338027576537,-6.860000000000014,542.7301829643368,494.55581703566327,16.31677142857144,769204.75,29177886.0,526.85,525.0,520.23
2025-06-04,515.0,523.325,510.67,518.79,638143.0,520.055,502.6194455960624,26.664042182569517,38.10972297084698,-6.940000000000055,540.1957881516081,499.9142118483918,16.33728571428573,726438.3,29816029.0,513.37,524.4,525.73
2025-06-05,530.18,531.8728,518.0,522.99,741296.0,521.4264999999999,504.5594983964374,25.21640395199688,45.626669756780444,8.690000000000055,537.9561088723605,504.8968911276394,16.295342857142867,710787.25,30557325.0,518.79,513.39,514.3
2025-06-06,524.8,540.3,510.8834,512.95,929674.0,521.8955,505.35859378725286,22.993936347394424,41.495879985411605,-4.849999999999909,536.7380426605791,507.0529573394208,17.415100000000006,720034.05,29627651.0,522.99,519.61,517.8
2025-06-09,509.48,509.48,485.53,497.93,1007178.0,521.1545,504.65110866465733,19.792471000798287,38.94507237214723,-22.28000000000003,539.0792168075569,503.22978319244305,17.995857142857155,740171.3,28620473.0,512.95,526.85,520.21
2025-06-10,499.6,503.49,475.41,486.02,1135257.0,519.5640000000001,502.8767173632614,16.108559734937444,31.4906311136304,-38.98000000000002,543.4009040730758,495.72709592692433,19.081578571428583,749452.9,27485216.0,497.93,513.37,525.0
2025-06-11,486.94,487.9,471.92,473.78,967211.0,516.68,500.1056014239031,12.062320882938991,31.254626198764242,-50.620000000000005,547.4157196622666,485.9442803377333,18.707292857142864,756620.05,26518005.0,486.02,518.79,524.4
2025-06-12,475.36,482.57,470.15,481.48,651453.0,513.72,498.33173462162665,9.368973396239994,33.826148909213046,-31.909999999999968,546.0832644244997,481.3567355755003,18.500321428571436,747120.65,27169458.0,473.78,522.99,513.39
2025-06-13,471.94,485.0,471.05,478.48,550602.0,511.11800000000005,496.44109322909077,6.912715697017177,31.514131297588406,-41.129999999999995,546.0593605615796,476.17663943842047,18.467107142857152,737051.25,26618856.0,481.48,512.95,519.61
2025-06-16,482.57,489.0,471.79,474.9,695160.0,508.41050000000007,494.38956054060594,4.62393583925558,27.565824821906517,-51.950000000000045,545.8069380375234,471.0140619624767,18.434250000000013,736900.85,25923696.0,478.48,497.93,526.85
2025-06-17,470.71,478.965,466.0,476.3,455199.0,506.21399999999994,492.66674525102445,2.8897187331544956,28.614618527471123,-37.06999999999999,545.7846852686578,466.6433147313421,18.73960714285715,722990.5,26378895.0,474.9,486.02,513.37
2025-06-18,478.84,482.684,473.18,478.73,486642.0,503.86400000000003,491.3394361794983,1.691916513466765,33.31728917533272,-40.059999999999945,544.1309562322524,463.59704376774766,18.050607142857142,709097.4,26865537.0,476.3,473.78,518.79
2025-06-20,477.42,483.03,465.8,471.57,1337825.0,501.7275000000001,489.4566327338318,0.16301828991123557,27.08452585022725,-51.420000000000016,544.140213027056,459.31478697294415,17.470949999999995,733934.1,25527712.0,478.73,481.48,522.99
2025-06-23,470.0,472.12,446.75,448.54,1246653.0,498.26449999999994,485.55981056870496,-2.8738451990843146,17.53585937944203,-64.41000000000003,546.1134269417122,450.41557305828775,18.22166428571428,769370.75,24281059.0,471.57,478.48,512.95
2025-06-24,454.65,455.755,417.28,422.79,1559303.0,493.3935,479.58173337168546,-7.274534881926002,15.916616494409794,-75.13999999999999,550.7299611743666,436.0570388256334,19.36274285714285,824352.7,22721756.0,448.54,474.9,497.93
2025-06-25,435.04,437.4,396.51,397.68,1433496.0,487.02750000000003,471.7815682886678,-12.642544919686031,10.310021628470025,-88.33999999999997,556.5628988986881,417.49210110131196,21.379528571428562,869807.95,21288260.0,422.79,476.3,486.02
2025-06-26,402.0,408.3699,383.595,398.66,1379707.0,480.74050000000005,464.8176094040328,-16.62599956556994,8.376297287463956,-75.11999999999995,558.3205428691468,403.1604571308533,22.15824999999999,917158.75,22667967.0,397.68,478.73,473.78
2025-06-27,402.43,412.59,389.335,411.26,1580496.0,475.634,459.7168846988868,-18.55234152954648,16.52952405877552,-70.22000000000003,557.492250627467,393.775749372533,21.718135714285705,965192.85,24248463.0,398.66,471.57,481.48
2025-06-30,416.35,426.8,409.1,410.02,903225.0,470.1545,454.98384806089757,-19.949078492439355,18.178527472276144,-68.46000000000004,554.2590498425042,386.0499501574958,21.27170714285713,953525.65,23345238.0,411.26,448.54,478.48
2025-07-01,409.24,413.72,394.15,403.06,779569.0,463.96500000000003,450.0387196741454,-21.371261828125284,18.854182307674165,-71.83999999999997,548.7192288340997,379.2107711659004,20.663849999999993,958478.8,22565669.0,410.02,422.79,474.9
2025-07-02,400.0,406.03,395.55,397.0,637601.0,458.1465,444.9874130385125,-22.725379691376418,19.771653541127577,-79.30000000000001,544.5810630855462,371.71193691445376,20.27099285714285,955784.5,21928068.0,403.06,397.68,476.3
2025-07-03,397.11,402.2699,388.26,391.86,552232.0,451.8,439.92765941579705,-23.937348049292495,13.990678236934514,-86.87,538.1257475770507,365.47425242294935,20.384557142857137,951488.95,21375836.0,397.0,398.66,478.73
2025-07-07,390.75,397.54,382.33,396.45,993091.0,445.47300000000007,435.7869299476259,-24.247951770744805,17.45616122951371,-75.12,528.307810404423,362.63818959557716,20.47455714285714,964078.7,22368927.0,391.86,411.26,471.57
2025-07-08,400.3,406.679,373.11,389.45,1445330.0,439.29800000000006,431.37388900023296,-24.77337688845529,16.994978754438563,-59.09000000000003,519.3183212611442,359.2776787388559,21.64305714285714,989861.5,20923597.0,396.45,410.02,448.54
2025-07-09,390.0,400.43,383.68,390.75,834506.0,433.939,427.50494719068695,-24.799013355169166,16.930807883749267,-32.04000000000002,511.7515485482827,356.12645145171734,21.913414285714282,981227.9,21758103.0,389.45,403.06,422.79
2025-07-10,390.75,391.81,378.95,380.44,875755.0,428.65999999999997,423.02257126776436,-25.358939209658217,14.18785979597294,-17.24000000000001,505.9191278885879,351.400872111412,22.153128571428567,968252.8,20882348.0,390.75,397.0,397.68
2025-07-11,381.38,383.8,368.43,370.82,680814.0,423.512,418.05089781369156,-26.27604420437575,13.938005582395789,-27.840000000000032,501.8261233750334,345.1978766249666,22.020271428571426,953932.95,20201534.0,380.44,391.86,398.66
2025-07-14,371.36,386.93,368.0,376.42,1022985.0,418.259,414.0860504028638,-26.24840801272279,20.505480121977115,-34.839999999999975,494.2613841454296,342.25661585457044,21.56027142857143,972509.55,21224519.0,370.82,396.45,411.26
2025-07-15,377.8,382.59,372.1357,378.31,588686.0,413.2505,410.678807507353,-25.776859338205895,27.39837397984168,-31.70999999999998,485.66069657043073,340.84030342956925,19.558792857142855,974413.75,21813205.0,376.42,389.45,410.02
2025-07-16,378.31,378.31,355.06,361.35,1111480.0,407.573,405.98082583998604,-26.466593461154673,29.872576172651335,-41.70999999999998,477.39034759544495,337.755652404555,18.298792857142853,995229.75,20701725.0,378.31,390.75,403.06
