Date,Open,High,Low,Close,Volume,SMA_20,EMA_20,MACD,RSI_14,Momentum_10,Bollinger_Upper,Bollinger_Lower,ATR_14,Volume_MA_20,OBV,Lag_1,Lag_5,Lag_10
2023-08-14,95.49,95.99,95.31,95.9,2232746.0,93.6545,94.24751905483258,0.7001155267431329,65.53990601713063,4.550000000000011,98.03488919203355,89.27411080796645,1.577928571428572,2628057.7,11538571.0,95.74,97.22,91.35
2023-08-15,95.37,95.8,95.25,95.47,2025475.0,93.838,94.3639458115152,0.6583767549497423,64.15441168215423,3.8400000000000034,98.1987222965202,89.47727770347979,1.549357142857143,2637274.2,9513096.0,95.9,96.5,91.63
2023-08-16,95.38,96.68,95.38,96.01,2493933.0,94.05499999999999,94.52071287708517,0.6544385433860498,69.18123266158808,0.8700000000000045,98.39335040199917,89.71664959800081,1.5442642857142874,2664048.5,12007029.0,95.47,96.04,95.14
2023-08-17,96.85,97.31,95.7,95.73,2561009.0,94.247,94.63588307926754,0.6246031720764051,73.15175087313963,-0.1599999999999966,98.52133515913664,89.97266484086336,1.5114071428571438,2699880.3,9446020.0,96.01,95.51,95.89
2023-08-18,95.05,96.26,95.0,95.79,1978814.0,94.475,94.74579897648016,0.598183185997712,72.28915652489476,0.2400000000000091,98.55372787185314,90.39627212814685,1.5321428571428595,2716642.95,11424834.0,95.73,95.74,95.55
2023-08-21,95.79,95.91,94.135,95.06,1842859.0,94.61600000000001,94.77572288348205,0.5198653737999308,66.4745436185741,-2.1599999999999966,98.5622301797512,90.66976982024883,1.5557142857142867,2698517.2,9581975.0,95.79,95.9,97.22
2023-08-22,96.4,97.27,95.5,96.08,2339336.0,94.7905,94.89993975172185,0.5244273568008424,55.93434333546956,-0.4200000000000017,98.66756060661534,90.91343939338465,1.3871428571428572,2723240.25,11921311.0,95.06,95.47,96.5
2023-08-23,96.19,96.92,95.81,96.63,1975756.0,95.00250000000001,95.064707394415,0.5608389015832813,54.79274601462452,0.5899999999999892,98.78952980406048,91.21547019593955,1.3349999999999997,2732550.15,13897067.0,96.08,96.01,96.04
2023-08-24,96.43,97.285,95.705,95.75,2030508.0,95.19800000000001,95.12997335685166,0.5197691624404399,51.21065366622893,0.23999999999999488,98.68981056940835,91.70618943059166,1.2857142857142858,2740576.6,11866559.0,96.63,95.73,95.51
2023-08-25,96.21,98.38,96.21,97.64,4124896.0,95.53150000000001,95.36902351334199,0.6179242417843653,52.47641500770404,1.9000000000000057,98.56737167747676,92.49562832252326,1.3514285714285716,2806438.85,15991455.0,95.75,95.79,95.74
2023-08-28,98.39,98.82,97.94,98.12,2228878.0,95.87,95.63102127397609,0.722240752128684,59.83009698572558,2.219999999999999,98.4123652476841,93.32763475231592,1.3135714285714275,2719293.3,18220333.0,97.64,95.06,95.9
2023-08-29,98.12,98.79,97.895,98.65,2235322.0,96.221,95.91854305740694,0.8341098186343174,65.70397100844093,3.180000000000007,98.16706106898287,94.27493893101713,1.2753571428571422,2674492.7,20455655.0,98.12,96.08,95.47
2023-08-30,98.79,99.1,97.64,98.29,3229705.0,96.3785,96.14439609955866,0.8853692836375586,67.07616696080264,2.280000000000001,98.46126410469111,94.2957358953089,1.284642857142856,2468655.4,17225950.0,98.65,96.63,96.01
2023-08-31,98.54,99.15,98.01,98.25,2604483.0,96.4965,96.3449298043626,0.9122444212999596,65.7861634061627,2.519999999999996,98.72504472222292,94.26795527777708,1.298571428571428,2361176.95,14621467.0,98.29,95.75,95.73
2023-09-01,98.35,99.39,98.35,98.92,1762343.0,96.66499999999999,96.59017458489949,0.9726207145078263,67.84869965131413,3.1299999999999955,99.09291225021356,94.23708774978643,1.3242857142857147,2271264.75,16383810.0,98.25,97.64,95.79
2023-09-05,98.77,99.0,97.66,97.88,2897805.0,96.69800000000001,96.71301510062335,0.9307898735538203,63.28555668291089,2.819999999999993,99.17511716995473,94.22088283004528,1.3807142857142867,2293185.7,13486005.0,98.92,98.12,95.06
2023-09-06,97.73,98.9499,97.51,98.67,2406288.0,96.8065,96.8993946148497,0.9467600494031956,64.27038616955087,2.5900000000000034,99.43271019722341,94.18028980277658,1.3907071428571425,2308522.55,15892293.0,97.88,98.65,96.08
2023-09-07,98.52,99.61,98.1862,99.4,3304194.0,96.9745,97.13754750867353,1.0035011492982449,68.78198557185792,2.7700000000000102,99.81536328613797,94.13363671386205,1.3774071428571426,2361391.6,19196487.0,98.67,98.29,96.63
2023-09-08,99.03,99.65,98.59,98.95,1952228.0,97.1465,97.31016203165701,1.0022385536971399,65.55118101203573,3.200000000000003,100.03024956938837,94.26275043061163,1.3631214285714282,2378274.4,17244259.0,99.4,98.25,95.75
2023-09-11,99.01,100.56,98.91,100.12,3921459.0,97.3655,97.57776564768967,1.078804754247912,73.86792443074043,2.480000000000004,100.45726478304616,94.27373521695384,1.3541928571428576,2507401.85,21165718.0,98.95,98.92,97.64
2023-09-12,100.14,100.62,99.79,99.92,2447928.0,97.5665,97.80083558600494,1.1110721881786532,69.63190174081319,1.7999999999999972,100.77750263075836,94.35549736924165,1.2870500000000007,2518160.95,18717790.0,100.12,97.88,98.12
2023-09-13,99.66,99.94,97.42,97.68,2497053.0,97.677,97.78932743495685,0.9519161888884753,54.577157736348745,-0.9699999999999989,100.7325702370727,94.62142976292732,1.3877642857142862,2541739.85,16220737.0,99.92,98.67,98.65
2023-09-14,98.4,99.06,98.04,98.6,2637021.0,97.8065,97.86653434591334,0.887120820724661,62.38053858615742,0.30999999999998806,100.7831125218549,94.8298874781451,1.347764285714286,2548894.25,18857758.0,97.68,99.4,98.29
2023-09-15,98.2,99.69,97.895,98.86,7287061.0,97.963,97.96115012249302,0.8462643175142261,56.17408898922698,0.6099999999999994,100.80606061915864,95.11993938084134,1.3209785714285718,2785196.85,26144819.0,98.6,98.95,98.25
2023-09-18,98.87,100.38,98.78,99.61,2163159.0,98.15400000000001,98.11818344416035,0.8625376181576314,57.33990139874295,0.6899999999999977,100.89377640270925,95.41422359729077,1.3724071428571432,2794414.1,28307978.0,98.86,100.12,98.92
2023-09-19,99.99,100.01,98.14,98.82,1891736.0,98.342,98.18502311614508,0.8042102341500481,50.81652250610643,0.9399999999999977,100.6734382279028,96.01056177209719,1.4420499999999998,2796857.95,26416242.0,99.61,99.92,97.88
2023-09-20,99.04,99.67,97.89,98.01,1646275.0,98.4385,98.16835424794078,0.6864493905334115,48.71086549889943,-0.6599999999999966,100.5223453826874,96.3546546173126,1.4649071428571432,2762204.9,24769967.0,98.82,97.68,98.67
2023-09-21,97.79,97.84,96.44,96.49,2181290.0,98.4315,98.00851098623214,0.46813634375872937,42.86871956238556,-2.910000000000011,100.54169854391408,96.32130145608592,1.483478571428572,2772481.6,22588677.0,98.01,98.6,99.4
2023-09-22,96.52,97.64,96.33,97.1,2448719.0,98.499,97.92198613040051,0.3393471817428946,42.589576498676365,-1.8500000000000085,100.31372224930028,96.6842777506997,1.5027642857142862,2793392.15,25037396.0,96.49,98.86,98.95
2023-09-25,96.8,98.14,96.4,98.1,1869202.0,98.522,97.93893983226712,0.3126693355032444,50.89869275224005,-2.0200000000000102,100.30221406164074,96.74178593835927,1.531335714285714,2680607.45,26906598.0,97.1,99.61,100.12
2023-09-26,97.98,97.98,95.59,95.6,2496840.0,98.39599999999999,97.7161836577655,0.09271369798922535,38.99641573147311,-4.320000000000007,100.60185250258445,96.19014749741552,1.5992000000000002,2694005.55,24409758.0,98.1,98.82,99.92
2023-09-27,96.43,97.25,95.57,96.86,2323152.0,98.3065,97.63464235702592,0.01804763317925051,41.22928172809321,-0.8200000000000074,100.61196513174336,96.00103486825664,1.6175000000000008,2698397.05,26732910.0,95.6,98.01,97.68
2023-09-28,97.02,97.64,96.6,97.01,1861447.0,98.2425,97.57515260873774,-0.028878888540603498,43.15937936500486,-1.5899999999999892,100.61983929115375,95.86516070884626,1.6160714285714295,2629984.15,28594357.0,96.86,96.49,98.6
2023-09-29,97.79,97.93,96.445,96.57,2041477.0,98.1585,97.47942378885796,-0.09985387269365731,36.80297393938721,-2.2900000000000063,100.65067111011774,95.66632888988227,1.6042857142857159,2601833.85,26552880.0,97.01,97.1,98.86
2023-10-02,96.36,96.88,95.05,95.71,2600619.0,97.998,97.31090723753815,-0.2219136376846933,35.081502445702256,-3.9000000000000057,100.6891910882887,95.30680891171131,1.6757142857142873,2643747.65,23952261.0,96.57,98.1,99.61
2023-10-03,95.25,95.85,94.03,94.85,2743179.0,97.84649999999999,97.07653511967737,-0.3826699249773071,38.884524701933714,-3.969999999999999,100.88446521237145,94.80853478762853,1.625714285714287,2636016.35,21209082.0,95.71,95.6,98.82
2023-10-04,94.75,95.25,93.89,94.66,3361362.0,97.646,96.84638891780334,-0.5191928086026962,33.58333329415284,-3.3500000000000085,100.97088163619955,94.32111836380045,1.6500000000000017,2683770.05,17847720.0,94.85,96.86,98.01
2023-10-05,94.3,94.67,93.34,93.59,2758386.0,97.35549999999999,96.53625663991731,-0.7045788135111906,29.430132676657195,-2.8999999999999915,101.03180521039808,93.67919478960191,1.6167857142857156,2656479.65,15089334.0,94.66,97.01,96.49
2023-10-06,93.39,95.92,93.26,95.04,2154736.0,97.16,96.39375600754424,-0.7273265761908192,33.08660248236775,-2.059999999999988,100.894673944762,93.42532605523799,1.6925000000000014,2666605.05,17244070.0,93.59,96.57,97.1
2023-10-09,95.04,95.99,94.77,95.87,2581145.0,96.9475,96.34387448301622,-0.6712898265624858,39.11439110349809,-2.2299999999999898,100.44942052571459,93.44557947428542,1.6460714285714297,2599589.35,19825215.0,95.04,95.71,98.1
2023-10-10,96.0,97.23,95.755,96.37,2688347.0,96.77,96.34636262749086,-0.5802108520691434,43.80664647935854,0.7700000000000102,99.9857179766365,93.5542820233635,1.6242857142857159,2611610.3,22513562.0,95.87,94.85,95.6
2023-10-11,96.39,97.22,96.065,97.09,2231340.0,96.7405,96.4171852343965,-0.44529234912401705,52.41157550371691,0.23000000000000398,99.93180051035128,93.54919948964871,1.6067857142857156,2598324.65,24744902.0,96.37,94.66,96.86
2023-10-12,97.5,97.5,95.375,96.05,1853157.0,96.613,96.38221521207302,-0.41682795400933514,45.9207458707933,-0.960000000000008,99.69332192439276,93.53267807560724,1.6650000000000011,2559131.45,22891745.0,97.09,93.59,97.01
2023-10-13,96.39,96.8,94.49,94.76,2148964.0,96.408,96.22771852520893,-0.4919295955463383,37.310030355445306,-1.809999999999988,99.403221457413,93.412778542587,1.7057142857142875,2302226.6,20742781.0,96.05,95.04,96.57
2023-10-16,96.18,97.19,96.02,96.35,2670695.0,96.24499999999999,96.23936437995094,-0.4191703136318097,53.061224429154514,0.6400000000000006,98.83376520046869,93.65623479953129,1.6185714285714303,2327603.4,23413476.0,94.76,95.87,95.71
2023-10-17,96.155,96.96,95.79,95.97,2196537.0,96.10249999999999,96.21371062947942,-0.3875124801146086,46.086191675883306,1.1200000000000045,98.39077560909031,93.81422439090967,1.5821428571428575,2342843.45,21216939.0,96.35,96.37,94.85
2023-10-18,95.2,95.2,93.64,93.7,2503443.0,95.887,95.97430961714805,-0.5383263936636098,37.7316530371947,-0.9599999999999937,98.2300353682439,93.5439646317561,1.6192857142857144,2385701.85,18713496.0,95.97,97.09,94.66
2023-10-19,93.81,95.11,93.1,93.14,2678805.0,95.71950000000001,95.70437536789585,-0.6947698591355191,37.39897130612891,-0.45000000000000284,98.34319345930899,93.09580654069103,1.6567857142857139,2410577.6,16034691.0,93.7,96.05,93.59
2023-10-20,92.87,93.23,91.33,91.47,5700833.0,95.43799999999999,95.30110152333434,-0.9419661206080008,35.29819691441229,-3.5700000000000074,98.59246283691428,92.2835371630857,1.6617857142857144,2573183.3,10333858.0,93.14,94.76,95.04
2023-10-23,91.53,91.93,90.0,90.16,2790838.0,95.041,94.8114728068263,-1.2289053922826128,34.22999324282313,-5.710000000000008,98.73692606442334,91.34507393557665,1.669642857142858,2619265.1,7543020.0,91.47,96.35,95.87
2023-10-24,90.83,91.22,90.22,90.74,2566038.0,94.798,94.42371349189047,-1.3936171333372585,37.15596326866423,-5.63000000000001,98.95009572955249,90.64590427044752,1.6439285714285725,2622725.0,10109058.0,90.16,95.97,96.37
2023-10-25,90.67,90.67,88.4,88.83,3484353.0,94.39649999999999,93.89097887361518,-1.658531151974472,35.217391273723976,-8.260000000000005,99.20943553053145,89.58356446946853,1.7110714285714295,2680785.05,6624705.0,90.74,93.7,97.09
2023-10-26,89.1,89.37,87.94,88.6,4452200.0,93.976,93.38707612374706,-1.865443691084522,28.360215027080386,-7.450000000000003,99.27273742679591,88.67926257320408,1.6232142857142873,2810322.7,2172505.0,88.83,93.14,96.05
2023-10-27,88.45,89.02,87.5301,88.03,2429304.0,93.549,92.87687839767591,-2.0515937994826317,23.18741447847985,-6.730000000000004,99.32085147709847,87.77714852290154,1.6424928571428583,2829714.05,-256799.0,88.6,91.47,94.76
2023-10-30,88.45,88.6,87.26,88.45,2772991.0,93.186,92.45527093123059,-2.1406404600819258,22.764786773128762,-7.8999999999999915,99.28927401352833,87.08272598647169,1.6328499999999997,2838332.65,2516192.0,88.03,90.16,96.35
2023-10-31,88.35,89.07,88.05,88.97,4904176.0,92.89200000000001,92.12334036635148,-2.1446360444224553,21.687587147585276,-7.0,99.22012136419646,86.56387863580356,1.6232071428571422,2946382.5,7420368.0,88.45,90.74,95.97
2023-11-01,89.23,89.64,88.78,89.61,2771556.0,92.6395,91.88397461717516,-2.0723981305453236,26.901004277143855,-4.090000000000003,99.07271798823965,86.20628201176035,1.5328499999999994,2916892.2,10191924.0,88.97,88.83,93.7
2023-11-02,89.96,91.41,89.39,91.16,4912211.0,92.518,91.81502465363467,-1.8688367344144439,37.32394362517353,-1.980000000000004,98.96740013530427,86.06859986469573,1.5121357142857133,3024583.45,15104135.0,89.61,88.6,93.14
2023-11-03,92.09,92.7,91.97,91.97,2686668.0,92.36449999999999,91.82978421043137,-1.6235839619468493,33.68107299019859,0.5,98.70640233787603,86.02259766212396,1.480707142857142,3051180.05,17790803.0,91.16,88.03,91.47
2023-11-06,92.16,92.175,90.76,91.74,3004010.0,92.15799999999999,91.82123333324743,-1.4312395770517554,34.06179348328068,1.5799999999999983,98.2845998125516,86.03140018744837,1.4982071428571422,3072323.3,14786793.0,91.97,88.45,90.16
2023-11-07,83.8,85.1,83.1,84.94,9919947.0,91.5865,91.16587777770006,-1.8056129548056674,25.39325840699405,-5.799999999999997,98.17386677684121,84.9991332231588,1.5296357142857135,3433903.3,4866846.0,91.74,88.97,90.74
2023-11-08,85.49,86.18,84.61,84.75,5833485.0,90.9695,90.55484179887148,-2.093464597643731,25.93230061026665,-4.079999999999998,97.69657170202684,84.24242829797315,1.4982071428571422,3614010.55,-966639.0,84.94,89.61,88.83
2023-11-09,85.5,87.2065,85.0005,85.2,4765133.0,90.42699999999999,90.04485686564563,-2.25928386322245,30.660086339960444,-3.3999999999999915,97.1788982905784,83.67510170942158,1.520064285714285,3759609.35,3798494.0,84.75,91.16,88.6
2023-11-10,85.75,86.82,85.1728,86.5,2922740.0,90.014,89.70725144986986,-2.259901582448535,38.70370367025607,-1.5300000000000011,96.65959497950175,83.36840502049824,1.4998642857142843,3798298.15,6721234.0,85.2,91.97,88.03
2023-11-13,86.54,86.92,85.91,86.6,3123211.0,89.5265,89.41132274035844,-2.226659974228383,36.83206103590019,-1.8500000000000085,95.62285015916555,83.43014984083445,1.5005785714285704,3820923.95,9844445.0,86.5,91.74,88.45
2023-11-14,87.69,89.49,87.51,88.55,3646010.0,89.1555,89.32929200318145,-2.0198887226633104,49.111675083276424,-0.4200000000000017,94.45133937981903,83.85966062018097,1.479864285714284,3893397.6,13490455.0,86.6,84.94,88.97
2023-11-15,88.42,89.395,88.09,88.37,3272988.0,88.889,89.23793086002131,-1.8492089496595696,49.267982133052115,-1.2399999999999949,93.73965768736568,84.03834231263431,1.4709357142857118,3931874.85,10217467.0,88.55,84.75,89.61
2023-11-16,87.74,88.2381,87.17,87.5,2719611.0,88.607,89.07241363525738,-1.7637319642822291,48.344784467406186,-3.6599999999999966,93.05624641756448,84.15775358243552,1.440807142857141,3933915.15,7497856.0,88.37,85.2,91.16
2023-11-17,87.95,89.42,87.73,89.27,3494310.0,88.497,89.09123138428048,-1.5356143397792152,52.361751109846495,-2.700000000000003,92.7527903589048,84.2412096410952,1.4658071428571415,3823589.0,10992166.0,87.5,86.5,91.97
2023-11-20,89.3,89.36,88.59,88.79,2607210.0,88.4285,89.06254268101567,-1.3776422318016586,49.480369475015884,-2.9499999999999886,92.61512670391026,84.24187329608974,1.4479499999999987,3814407.6,8384956.0,89.27,86.6,91.74
2023-11-21,88.41,88.66,87.935,88.6,2467101.0,88.3215,89.01849099710941,-1.2533173151571475,47.00652041149427,3.6599999999999966,92.36637082612037,84.27662917387963,1.4383071428571412,3809460.75,5917855.0,88.79,88.55,84.94
2023-11-22,88.55,89.14,88.015,88.84,2778827.0,88.322,89.00149185452756,-1.1224989151325673,42.544987108250034,4.090000000000003,92.36713795223739,84.27686204776262,1.3743785714285701,3774184.45,8696682.0,88.6,88.37,84.75
2023-11-24,88.71,88.97,88.31,88.51,1248058.0,88.3175,88.95468310647732,-1.0335174918136687,38.527851423117404,3.3100000000000023,92.36153589447339,84.2734641055266,1.3693785714285696,3613977.35,7448624.0,88.84,87.5,85.2
2023-11-27,88.11,88.49,87.84,87.99,2657881.0,88.3155,88.86280852490805,-0.9934754621815216,37.80091083089052,1.4899999999999949,92.36017408094303,84.27082591905697,1.3147357142857123,3625406.2,4790743.0,88.51,89.27,86.5
2023-11-28,87.75,88.71,87.55,87.9,3418181.0,88.288,88.7711124749168,-0.9579555627064735,67.09006917560502,1.3000000000000114,92.3363010081553,84.23969899184469,1.254735714285712,3657665.7,1372562.0,87.99,88.79,86.6
2023-11-29,88.5,88.73,87.67,88.31,2128444.0,88.255,88.7271970011152,-0.8865225726724475,70.04504493461368,-0.23999999999999488,92.29063338797083,84.21936661202916,1.2183071428571404,3518879.1,3501006.0,87.9,88.6,88.55
2023-11-30,88.78,89.1,87.985,88.9,4201393.0,88.21950000000001,88.74365442958042,-0.7734147194511394,70.50997771761203,0.5300000000000011,92.21725976740656,84.22174023259346,1.1403785714285684,3590370.95,7702399.0,88.31,88.84,88.37
2023-12-01,89.26,90.305,89.05,90.12,2651181.0,88.16749999999999,88.87473496009657,-0.5787132925048155,70.24608490118067,2.6200000000000045,92.0289470971658,84.30605290283418,1.1123642857142835,3477319.45,10353580.0,88.9,88.51,87.5
2023-12-04,88.74,89.165,88.1703,88.91,4068908.0,88.01450000000001,88.87809353532548,-0.5160515496903031,61.49253722777158,-0.35999999999999943,91.46185734027947,84.56714265972056,1.1112714285714265,3546431.45,6284672.0,90.12,87.99,89.27
2023-12-05,88.51,88.695,87.78,88.35,3327870.0,87.845,88.82779891291352,-0.5057285129409337,48.845265509949904,-0.44000000000001194,90.82242028926838,84.86757971073162,1.0351999999999981,3562624.45,2956802.0,88.91,87.9,88.79
2023-12-06,88.41,88.7,87.59,87.7,3336320.0,87.983,88.72038949263604,-0.5437069840692033,46.33077758503495,-0.8999999999999915,90.63113817416564,85.33486182583437,1.0212714285714273,3233443.1,-379518.0,88.35,88.31,88.6
2023-12-07,88.11,89.15,87.71,88.72,3577199.0,88.1815,88.72035239809928,-0.48592984717497245,56.573275776721346,-0.12000000000000455,90.36338016459,85.99961983541,1.0478357142857138,3120628.8,3197681.0,87.7,88.9,88.84
2023-12-08,88.92,89.86,88.53,89.55,2366068.0,88.399,88.79936645542315,-0.3689382251622817,51.67865698758978,1.039999999999992,90.15520284165935,86.64279715834066,1.022121428571428,3000675.55,5563749.0,88.72,90.12,88.51
2023-12-11,89.6,90.535,89.461,89.72,3068155.0,88.56,88.88704584062094,-0.25951716134095193,55.790784460638676,1.730000000000004,90.16725984536605,86.95274015463396,1.043835714285714,3007946.3,8631904.0,89.55,88.91,87.99
2023-12-12,89.8,90.82,89.17,90.44,2905680.0,88.75200000000001,89.03494623675228,-0.11341307110212995,60.74766345204823,2.539999999999992,90.28933330290161,87.21466669709841,1.1099071428571423,2997069.75,11537584.0,89.72,88.35,87.9
2023-12-13,91.08,92.99,90.66,92.23,4146120.0,88.93599999999999,89.3392370713473,0.14509902735927938,66.76557854256004,3.9200000000000017,91.1174857322476,86.75451426775238,1.1959785714285707,3022075.25,15683704.0,90.44,87.7,88.31
2023-12-14,92.98,96.67,92.94,96.54,4417800.0,89.34450000000001,90.02502401693327,0.6897088637321787,78.49538672115433,7.640000000000001,93.3646517384298,85.32434826157022,1.4152642857142854,3079315.85,20101504.0,92.23,88.72,88.9
2023-12-15,95.58,96.56,95.3,95.65,5091567.0,89.752,90.56073601532059,1.0375562035343364,76.48686023023407,5.530000000000001,94.55996969952797,84.94403030047202,1.4588357142857151,3197913.65,15009937.0,96.54,89.55,90.12
2023-12-18,95.78,96.155,95.29,96.05,1889733.0,90.09100000000001,91.08352306148053,1.3301624720574239,77.58970879578496,7.140000000000001,95.65285845502065,84.52914154497937,1.4377642857142863,3117684.8,16899670.0,95.65,89.72,88.91
2023-12-19,96.2,96.51,95.56,95.74,1856064.0,90.4385,91.52699705562524,1.519528575782985,75.32378997583275,7.390000000000001,96.50378091942818,84.37321908057183,1.4299071428571435,3080127.5,15043606.0,96.05,90.44,88.35
2023-12-20,95.57,96.35,94.64,94.66,1782588.0,90.7415,91.82537828842284,1.5644378382297361,68.99736141385465,6.959999999999994,97.02172887615116,84.46127112384885,1.4724071428571435,3045901.85,13261018.0,95.74,92.23,87.7
2023-12-21,95.18,95.91,95.01,95.71,2112963.0,91.08500000000001,92.19534226095399,1.6655397155784328,68.64576377844955,6.989999999999995,97.67137349301379,84.49862650698623,1.4470499999999993,3012608.65,15373981.0,94.66,96.54,88.72
2023-12-22,95.95,96.94,95.75,96.44,1634018.0,91.48150000000001,92.59959537895837,1.7839932425710003,75.9476222561498,6.890000000000001,98.36332434502586,84.59967565497416,1.4609999999999985,3031906.65,17007999.0,95.71,95.65,89.55
2023-12-26,96.78,97.69,96.67,97.52,1536405.0,91.958,93.06820534286709,1.9426080757951354,80.50565528096615,7.799999999999997,99.13529636826402,84.78070363173597,1.4684999999999988,2975832.85,18544404.0,96.44,96.05,89.72
2023-12-27,97.55,98.09,97.295,97.6,1844438.0,92.443,93.4998048340226,2.051121070545591,84.23236506367543,7.159999999999997,99.77497496191215,85.11102503808785,1.445999999999999,2897145.7,20388842.0,97.52,95.74,90.44
2023-12-28,97.67,97.75,96.91,97.09,1527727.0,92.88199999999999,93.8417281831633,2.0720847742063313,79.9999999197133,4.859999999999999,100.22342277907043,85.54057722092955,1.4031428571428555,2867109.85,18861115.0,97.6,94.66,92.23
2023-12-29,96.93,97.58,96.9,97.33,1448069.0,93.3035,94.17394454667155,2.0840382661790926,79.11676638415912,0.789999999999992,100.65029958965319,85.95670041034681,1.3567142857142838,2729443.65,20309184.0,97.09,95.71,96.54
2024-01-02,96.52,96.92,95.38,95.88,2159895.0,93.5915,94.33642601841711,1.9539970399841877,71.03825129818748,0.22999999999998977,100.86406206211885,86.31893793788115,1.3899999999999986,2704879.35,18149289.0,97.33,96.44,95.65
2024-01-03,95.2,95.39,94.25,94.68,2198992.0,93.88,94.36914734999644,1.7341284900293488,64.02116396188521,-1.3699999999999903,100.8208326513999,86.9391673486001,1.3535714285714278,2611383.55,15950297.0,95.88,97.52,96.05
2024-01-04,95.01,95.95,94.69,95.1,2221213.0,94.2175,94.4387523642825,1.5756055585607385,60.43636357482843,-0.6400000000000006,100.66504339182576,87.76995660817424,1.277142857142857,2556050.7,18171510.0,94.68,97.6,95.74
2024-01-05,95.03,95.59,94.76,95.47,1638272.0,94.606,94.53696642482701,1.462963939689459,44.546381180056066,0.8100000000000023,100.29132145089461,88.92067854910538,1.0699999999999992,2471148.3,19809782.0,95.1,97.09,94.66
2024-01-08,95.08,95.82,94.49,95.77,2045467.0,94.95849999999999,94.65439819389111,1.381969491029679,50.65075914217884,0.060000000000002274,99.93758161051946,89.97941838948051,1.0749999999999988,2394561.7,21855249.0,95.47,97.33,95.71
2024-01-09,95.32,95.62,94.41,94.62,2378478.0,95.212,94.65112217542529,1.2110324584635208,42.828485396228814,-1.8199999999999932,99.49994933198691,90.9240506680131,1.099642857142857,2395182.2,19476771.0,95.77,95.88,96.44
2024-01-10,94.55,95.02,94.32,94.77,1665206.0,95.4645,94.66244387300382,1.0752714087831947,45.056065175251256,-2.75,98.9009637576872,92.02803624231281,1.081785714285714,2325034.75,21141977.0,94.62,94.68,97.52
2024-01-11,95.01,95.11,93.67,94.8,2066890.0,95.68249999999999,94.67554445652726,0.9590450712710066,50.79908667680512,-2.799999999999997,98.20980665875183,93.15519334124815,1.0625,2283095.25,23208867.0,94.77,95.1,97.6
2024-01-12,95.44,95.63,94.48,94.87,1572093.0,95.81450000000001,94.6940640320961,0.8626389266578229,44.60154233619263,-2.219999999999999,97.80031787472619,93.82868212527383,1.0803571428571428,2154393.9,24780960.0,94.8,95.47,97.09
2024-01-16,94.36,94.38,92.97,93.26,2401741.0,95.6505,94.5574865052298,0.6488506504652634,31.639722812591614,-4.069999999999993,97.9073116774271,93.39368832257288,1.0960714285714286,2053590.95,22379219.0,94.87,95.77,97.33
2024-01-17,92.28,92.9,91.99,92.42,2894159.0,95.489,94.35391636187458,0.40695344977207526,19.714964337765977,-3.4599999999999937,98.16863783884526,92.80936216115475,1.0882142857142867,1943720.55,19485060.0,93.26,94.62,95.88
2024-01-18,92.91,93.81,92.6,93.68,2426261.0,95.3705,94.28973385121986,0.3133031910308546,29.583333290190964,-1.0,98.15330793444369,92.58769206555633,1.1178571428571442,1970546.95,21911321.0,92.42,94.77,94.68
2024-01-19,93.52,95.0,93.08,94.91,5133595.0,95.32900000000001,94.34880681777035,0.3344753040746866,39.43798444262282,-0.18999999999999773,98.11336159176335,92.54463840823666,1.1950000000000014,2134423.5,27044916.0,93.68,94.8,95.1
2024-01-22,95.1,96.37,95.1,96.14,2862880.0,95.40299999999999,94.51939664464936,0.4453669643379641,44.739168821719865,0.6700000000000017,98.19116370432369,92.6148362956763,1.2371428571428598,2188438.1,29907796.0,94.91,94.87,95.47
2024-01-23,96.55,96.6,95.1,95.78,1768155.0,95.4065,94.63945410706371,0.4984555783597244,49.51076314157041,0.010000000000005116,98.19646151643005,92.61653848356994,1.2342857142857164,2171197.7,28139641.0,96.14,93.26,95.77
2024-01-24,96.74,96.74,94.31,94.39,2467334.0,95.304,94.61569657305765,0.4234895606760034,48.607108484101836,-0.23000000000000398,98.08470343239802,92.52329656760199,1.326428571428573,2212863.5,25672307.0,95.78,92.42,94.62
2024-01-25,95.23,96.275,94.51,96.24,2344531.0,95.24,94.77039213752835,0.5075028416659535,54.814189124375126,1.4699999999999989,97.8602450668838,92.61975493311618,1.3625000000000012,2253269.8,28016838.0,94.39,93.68,94.77
2024-01-26,96.48,96.48,94.71,95.06,2344507.0,95.113,94.79797383871612,0.4734134974769688,48.37944658677374,0.2600000000000051,97.486193274007,92.739806725993,1.4296428571428592,2278273.25,25672331.0,96.24,94.91,94.8
2024-01-29,94.71,95.14,93.696,95.01,2856406.0,95.009,94.81816680645744,0.43732179094109824,46.93548381797609,0.14000000000000057,97.19209196469555,92.82590803530445,1.4377857142857167,2344707.2,22815925.0,95.06,96.14,94.87
2024-01-30,94.34,95.03,93.74,94.75,2896509.0,94.88,94.81167472965197,0.38332088460118996,50.56472626343125,1.4899999999999949,96.77098693251692,92.98901306748307,1.4435000000000022,2417129.2,19919416.0,95.01,95.78,93.26
2024-01-31,94.61,94.705,91.645,91.73,4273032.0,94.6725,94.51818189825654,0.09573836512598177,39.429763522112914,-0.6899999999999977,96.9687933518819,92.3762066481181,1.6120714285714308,2522786.05,15646384.0,94.75,94.39,92.42
2024-02-01,92.66,93.9,92.44,93.76,2724716.0,94.6265,94.44597409842258,0.031267104176407656,46.82539678537514,0.0799999999999983,96.95873881597468,92.2942611840253,1.613500000000003,2549072.25,18371100.0,91.73,96.24,93.68
2024-02-02,93.26,94.49,92.75,93.98,2128644.0,94.57050000000001,94.40159561285853,-0.0020513859176389815,47.307924944808775,-0.9299999999999926,96.90864568903653,92.23235431096349,1.6556428571428603,2544443.8,20499744.0,93.76,95.06,94.91
2024-02-05,93.29,93.48,92.16,93.4,2412820.0,94.46700000000001,94.30620555449104,-0.07439913897711392,50.451612857656606,-2.739999999999995,96.82070346475552,92.1132965352445,1.6492142857142897,2583171.2,18086924.0,93.98,95.01,96.14
2024-02-06,93.74,94.38,93.03,94.26,2776626.0,94.39150000000001,94.3018050254919,-0.06163122795787501,55.92783500109604,-1.519999999999996,96.66471497351031,92.1182850264897,1.68064285714286,2619729.15,20863550.0,93.4,94.75,95.78
2024-02-07,101.88,105.71,100.3,104.09,9072196.0,94.865,95.23401407068314,0.7332209519353086,71.60647567445038,9.700000000000003,99.76548977144145,89.96451022855854,1.9806428571428591,2954415.05,29935746.0,94.26,91.73,94.39
2024-02-08,104.63,105.25,102.0216,102.38,5306000.0,95.2455,95.91458415918952,1.211204293382778,65.20146516431336,6.140000000000001,101.18627604358241,89.3047239564176,2.0741000000000014,3136454.75,24629746.0,104.09,93.76,96.24
2024-02-09,102.46,103.32,102.04,103.2,3497349.0,95.6655,96.60843328688576,1.6373018376247472,64.61092711487778,8.14,102.58136269688086,88.74963730311913,2.0748142857142855,3207977.7,28127095.0,102.38,93.98,95.06
2024-02-12,103.18,104.45,102.9,104.28,3904332.0,96.136,97.33905868813473,2.0386328435331507,67.08199353138474,9.269999999999996,104.03453923869891,88.23746076130108,2.0783857142857136,3324589.65,32031427.0,103.2,93.4,95.01
2024-02-13,103.41,104.73,102.63,104.68,5069083.0,96.707,98.03819595593143,2.361742029282439,71.53620757632874,9.930000000000007,105.34651290049956,88.06748709950043,2.0548142857142864,3457956.75,37100510.0,104.28,94.26,94.75
2024-02-14,105.66,106.6,105.29,106.24,5078231.0,97.398,98.81932015060463,2.7124187589798083,71.18644063573686,14.509999999999991,106.77317124054159,88.0228287594584,2.0223142857142853,3567160.35,42178741.0,104.68,104.09,91.73
2024-02-15,106.07,106.59,105.45,105.71,3104844.0,97.9995,99.47557537435657,2.913975880462516,73.20261433442975,11.949999999999989,107.89926602594355,88.09973397405645,1.9773142857142847,3601089.5,39073897.0,106.24,102.38,93.76
2024-02-16,105.72,107.08,105.49,106.15,3167551.0,98.5615,100.11123486251309,3.0737826030511286,73.86461006709061,12.170000000000002,108.98509928744714,88.13790071255285,1.9877428571428564,3502787.3,42241448.0,105.71,103.2,93.98
2024-02-20,106.0,106.09,104.5,104.8,2517514.0,98.9945,100.55778392322613,3.0562670341195,70.56897253426254,11.399999999999991,109.70995558625756,88.27904441374244,2.0091714285714275,3485519.0,39723934.0,106.15,104.28,93.4
2024-02-21,104.56,105.41,103.86,104.96,2138687.0,99.4535,100.97704259720459,3.0204781366375926,80.6675938280321,10.699999999999989,110.37369139026447,88.53330860973554,1.9013142857142842,3504045.6,41862621.0,104.8,104.68,94.26
2024-02-22,105.72,106.17,105.205,105.29,2362562.0,99.9985,101.38780044508987,2.9843415415841577,79.01358826843527,1.2000000000000028,110.94262079611728,89.05437920388273,1.865957142857141,3498807.0,44225183.0,104.96,106.24,104.09
2024-02-23,105.87,106.155,105.58,105.91,1819837.0,100.482,101.81848611698607,2.9714781033527657,79.4277256481505,3.530000000000001,111.58031205753032,89.38368794246968,1.7827428571428559,3472572.3,46045020.0,105.29,105.71,102.38
2024-02-26,105.77,106.53,105.38,106.19,2393714.0,101.0385,102.2348207725112,2.9498729115894946,82.0230344943253,2.989999999999995,112.10822024559776,89.96877975440223,1.7705999999999986,3475032.65,48438734.0,105.91,106.15,103.2
2024-02-27,106.79,106.79,105.37,106.13,2235632.0,101.59450000000001,102.60579022274823,2.8945426540345807,80.95983301338346,1.8499999999999943,112.50520642703077,90.68379357296925,1.7755999999999992,3443993.95,46203102.0,106.19,104.8,104.28
2024-02-28,106.2,106.23,105.25,105.56,2189984.0,102.135,102.88714353486745,2.7727366411962038,57.416750675697806,0.8799999999999955,112.68305444769734,91.58694555230267,1.4591714285714283,3408667.7,44013118.0,106.13,104.96,104.68
2024-02-29,105.99,107.58,105.52,106.85,5067753.0,102.891,103.26455843630865,2.748611863463026,73.5511063193134,0.6099999999999994,112.41690241615537,93.36509758384464,1.3757142857142861,3448403.75,49080871.0,105.56,105.29,106.24
2024-03-01,108.49,109.18,107.59,108.14,3356781.0,103.60999999999999,103.72888620427925,2.8012929310909556,74.79919668200912,2.430000000000007,112.37435364056311,94.84564635943686,1.3978571428571445,3480007.0,52437652.0,106.85,105.91,105.71
2024-03-04,108.18,109.83,108.09,109.51,3703207.0,104.3865,104.27946847053836,2.9199309370317224,75.51219501881259,3.3599999999999994,112.26558697622752,96.50741302377247,1.4114285714285728,3558735.15,56140859.0,108.14,106.19,106.15
2024-03-05,109.07,109.67,108.92,109.02,3465045.0,105.16749999999999,104.73094766382042,2.940517191640666,70.9864602520492,4.219999999999999,111.38203262840297,98.95296737159701,1.3150000000000008,3611346.4,52675814.0,109.51,106.13,104.8
2024-03-06,110.0,110.64,109.54,109.8,2561558.0,105.94449999999999,105.21371455298038,2.985357816309431,68.6192467614362,4.840000000000003,109.88775259812809,102.0012474018719,1.3000000000000012,3600593.0,55237372.0,109.02,105.56,104.96
2024-03-07,110.3,111.05,110.01,110.28,2033838.0,106.25399999999999,105.69621792888701,3.024758628126378,74.02733953350335,4.989999999999995,110.541079241286,101.96692075871398,1.2928571428571434,3248675.1,57271210.0,109.8,106.85,105.29
2024-03-08,110.69,111.2,109.98,110.15,1655816.0,106.6425,106.12038764994539,3.0107876702518155,71.73913032561433,4.240000000000009,110.8590781836651,102.42592181633489,1.2664285714285717,3066165.9,55615394.0,110.28,108.14,105.91
2024-03-11,109.63,109.77,108.48,109.65,1892247.0,106.965,106.45654120709345,2.925644858110445,79.04191603513932,3.460000000000008,111.0577895518586,102.8722104481414,1.2449999999999994,2985910.8,53723147.0,110.15,109.51,106.19
2024-03-12,109.73,110.69,109.26,110.6,1755611.0,107.28099999999999,106.85115633022741,2.9013800923274147,80.85339156105607,4.469999999999999,111.47557745190308,103.0864225480969,1.2364285714285705,2878474.75,55478758.0,109.65,109.02,106.13
2024-03-13,110.71,111.1325,109.89,110.35,1801876.0,107.5645,107.18437953687241,2.829362094283937,77.92494469194818,4.789999999999992,111.78524812525649,103.3437518747435,1.2562499999999983,2715114.4,53676882.0,110.6,109.8,105.56
2024-03-14,110.64,111.0,109.69,110.41,2883388.0,107.773,107.4915814857417,2.745480596316753,76.47058810934257,3.5600000000000023,112.12810637975257,103.41789362024743,1.3087499999999983,2605372.25,56560270.0,110.35,110.28,106.85
2024-03-15,109.69,111.065,109.59,110.59,6537768.0,108.01700000000001,107.78666896329011,2.662832878272468,76.19047606349207,2.450000000000003,112.43185101376012,103.6021489862399,1.3319642857142833,2777018.45,63098038.0,110.41,110.15,108.14
2024-03-18,111.17,112.08,110.96,111.06,3071527.0,108.2625,108.09841477631011,2.605227509543468,77.97956854804612,1.5499999999999972,112.78497196028827,103.74002803971173,1.310535714285712,2772217.25,66169565.0,110.59,109.65,109.51
2024-03-19,110.67,111.7342,110.19,111.29,2543971.0,108.58700000000002,108.40237527380438,2.5487534304650126,83.82526550489328,2.2700000000000102,112.99324962859447,104.18075037140557,1.350835714285712,2773540.1,68713536.0,111.06,110.6,109.02
2024-03-20,111.16,112.2,110.23,112.02,2195361.0,108.94000000000001,108.74691096201349,2.53369524065225,82.6801515603638,2.219999999999999,113.25300603438565,104.62699396561437,1.3444071428571402,2776373.8,70908897.0,111.29,110.35,109.8
2024-03-21,112.48,113.345,112.02,112.6,2410915.0,109.30550000000001,109.1138718227741,2.53929121588547,80.97222206477618,2.319999999999993,113.55460876104316,105.05639123895686,1.3254785714285688,2778791.45,73319812.0,112.02,110.41,110.28
2024-03-22,112.57,112.86,111.98,112.45,1479391.0,109.63250000000001,109.43159831584323,2.502771934386544,74.58193962472458,2.299999999999997,113.78690856516687,105.47809143483315,1.2640499999999975,2761769.15,71840421.0,112.6,110.59,110.15
2024-03-25,112.33,112.7,111.64,111.73,1435879.0,109.90950000000001,109.65049371433436,2.388202522229008,71.8196455707771,2.0799999999999983,113.82962070168838,105.98937929831163,1.2861928571428547,2713877.4,70404542.0,112.45,111.06,109.65
2024-03-26,111.62,112.0787,111.31,111.95,1812807.0,110.2005,109.86949431296918,2.2887740093094777,69.02654850152726,1.3500000000000085,113.78938034145467,106.61161965854534,1.2625285714285692,2692736.15,72217349.0,111.73,111.29,110.6
2024-03-27,112.0,113.46,111.65,113.45,1937349.0,110.59499999999998,110.21049485459116,2.3044492526707785,73.76311828595458,3.1000000000000085,113.7436906217658,107.44630937823418,1.317528571428569,2680104.4,74154698.0,111.95,112.02,110.35
2024-03-28,113.69,113.89,113.04,113.42,2322592.0,110.92349999999999,110.51616201129677,2.2880757315969618,74.8858445892844,3.010000000000005,113.78485981659372,108.06214018340626,1.291099999999997,2542846.35,71832106.0,113.45,112.6,110.41
2024-04-01,113.27,114.11,113.18,113.54,2057339.0,111.1935,110.80414658164946,2.2587451725577097,81.42164763491074,2.950000000000003,113.96668949947848,108.42031050052152,1.2653857142857114,2477874.25,73889445.0,113.42,112.45,110.59
2024-04-02,113.32,113.57,112.29,113.27,1964421.0,111.38149999999999,111.03898976434951,2.1884862596092916,74.22867494751334,2.2099999999999937,114.18379436073877,108.5792056392612,1.2546714285714253,2390934.95,71925024.0,113.54,111.73,111.06
2024-04-03,113.44,114.1899,113.08,113.54,1981851.0,111.60749999999999,111.27718121536384,2.130038527665107,78.84267611142906,2.25,114.33598425243898,108.879015747561,1.245199999999997,2316775.25,73906875.0,113.27,111.95,111.29
2024-04-04,114.45,114.935,112.64,113.04,1888559.0,111.76950000000002,111.44506871866253,2.02008619211513,72.0268005011097,1.0200000000000102,114.43001419644625,109.1089858035538,1.3155571428571398,2283125.3,72018316.0,113.54,113.45,112.02
2024-04-05,113.61,114.765,113.3,114.54,1693801.0,111.9825,111.73982407878991,2.0305783004940423,77.09190657348604,1.940000000000012,114.81731272007751,109.1476872799225,1.3148428571428548,2266123.45,73712117.0,113.04,113.42,112.6
2024-04-08,114.71,114.97,113.98,114.67,1775778.0,112.20849999999999,112.01888845223849,2.0260284801253334,75.97122286854716,2.219999999999999,115.14698707940126,109.27001292059872,1.3055571428571398,2272121.55,75487895.0,114.54,113.54,112.45
2024-04-09,115.0,115.26,113.1,114.25,1873613.0,112.4385,112.231375266311,1.9658709084765746,70.72829117784364,2.519999999999996,115.25120257750312,109.62579742249689,1.3495428571428545,2271189.85,73614282.0,114.67,113.27,111.73
2024-04-10,112.65,114.24,112.52,114.08,2012866.0,112.6125,112.40743476475758,1.88277457346517,65.65349530104119,2.1299999999999955,115.37646263970832,109.84853736029167,1.3316857142857117,2284052.6,71601416.0,114.25,113.54,111.95
2024-04-11,114.03,114.21,112.96,113.52,1673055.0,112.771,112.51339335859019,1.7515421458058853,57.01219500027885,0.06999999999999318,115.3457674396808,110.1962325603192,1.3263285714285686,2277611.55,69928361.0,114.08,113.04,113.45
2024-04-12,112.75,113.42,111.82,112.65,1981072.0,112.883,112.52640351491493,1.5593624482930437,51.373626274830954,-0.769999999999996,115.20811324003087,110.55788675996912,1.377757142857141,2232495.75,67947289.0,113.52,114.54,113.42
2024-04-15,114.26,114.365,111.44,111.76,1708508.0,112.94149999999999,112.45341270397066,1.3200266798440765,50.20134218754111,-1.7800000000000011,115.074649635736,110.80835036426399,1.5109714285714264,1991032.75,66238781.0,112.65,114.67,113.54
2024-04-16,111.87,112.02,110.5,111.49,2326203.0,112.963,112.3616591131163,1.0959314101536393,46.933333245724405,-1.7800000000000011,115.02374181840541,110.90225818159458,1.5646357142857121,1953766.55,63912578.0,111.76,114.25,113.27
2024-04-17,112.05,112.33,109.6,109.81,2317293.0,112.88900000000001,112.11864395948618,0.7738519079300517,26.302083285386885,-3.730000000000004,115.28217362513035,110.49582637486967,1.6303499999999989,1942432.65,61595285.0,111.49,114.08,113.54
2024-04-18,110.83,110.83,108.94,109.31,1677934.0,112.7535,111.85115405858274,0.4728055685477415,24.785276031043765,-3.730000000000004,115.61491131906294,109.89208868093706,1.7046357142857136,1916561.3,59917351.0,109.81,113.52,113.04
2024-04-19,109.58,110.1175,108.36,108.58,1997576.0,112.55250000000001,111.53961557681295,0.17332135752131705,21.689497682231405,-5.960000000000008,115.97003912694936,109.13496087305066,1.7637428571428575,1895894.35,57919775.0,109.31,112.65,114.54
2024-04-22,108.83,109.665,108.11,108.63,2448932.0,112.3615,111.26250933140219,-0.05930383793908334,22.833723615963464,-6.040000000000006,116.20375413554652,108.5192458644535,1.7833857142857161,1944371.4,60368707.0,108.58,111.76,114.67
2024-04-23,109.1,110.44,108.7,109.77,2081949.0,112.2635,111.12036558555435,-0.14994407399038323,29.968118977730683,-4.480000000000004,116.27004346367721,108.25695653632278,1.828392857142859,1976674.9,62450656.0,108.63,111.49,114.25
2024-04-24,110.44,110.5,108.65,109.62,1876916.0,112.147,110.97747362502537,-0.23121554782132137,31.1258277664722,-4.459999999999994,116.32380865330633,107.97019134669368,1.7966071428571442,1979880.35,60573740.0,109.77,109.81,114.08
2024-04-25,108.45,110.3099,107.8,109.6,1640105.0,111.95450000000001,110.84628566073724,-0.29385028528720625,17.41424798894458,-3.9200000000000017,116.23211603552575,107.67688396447427,1.8712428571428583,1965018.15,58933635.0,109.62,109.31,113.52
2024-04-26,109.36,110.73,109.02,109.89,1364495.0,111.77799999999999,110.75521083590512,-0.31644046626779243,19.12144699383721,-2.760000000000005,116.09216077098583,107.46383922901416,1.9226714285714306,1917113.3,60298130.0,109.6,108.58,112.65
2024-04-29,109.4,110.76,109.36,109.76,2354323.0,111.58900000000001,110.6604288515332,-0.3409035347165599,19.865771774748936,-2.0,115.90933575693485,107.26866424306517,1.868385714285716,1931962.5,57943807.0,109.89,108.63,111.76
2024-04-30,109.5,109.9,107.59,107.78,3963036.0,111.3145,110.38610229424432,-0.5141335009003285,15.982721358125517,-3.7099999999999937,115.87603009878518,106.75296990121481,1.9105285714285734,2031893.25,53980771.0,109.76,109.77,111.49
2024-05-01,107.53,108.605,106.22,106.45,3875204.0,110.96000000000001,110.0112354090782,-0.7500927583565442,14.755732780999011,-3.3599999999999994,115.88112524573681,106.0388747542632,1.9916000000000023,2126560.9,50105567.0,107.78,109.62,109.81
2024-05-02,107.2,107.86,105.27,106.41,3587746.0,110.62849999999999,109.6682606082136,-0.9296039387858173,16.086956497258996,-2.9000000000000057,115.84408908213649,105.41291091786348,2.0623142857142875,2211520.25,46517821.0,106.45,109.6,109.31
2024-05-03,107.17,107.38,105.95,106.54,5925874.0,110.22849999999998,109.37033102647898,-1.0492824551848088,19.075829352243986,-2.039999999999992,115.40795851671123,105.04904148328873,1.955528571428573,2423123.9,52443695.0,106.41,109.89,108.58
2024-05-06,107.03,107.41,104.93,106.24,7467969.0,109.80700000000002,109.07220426205241,-1.1550216595714744,19.008264431391396,-2.3900000000000006,114.83440322213282,104.77959677786721,2.024100000000001,2707733.45,44975726.0,106.54,109.76,108.63
2024-05-07,106.61,107.56,106.01,107.4,6898519.0,109.46450000000002,108.9129467132855,-1.1321675256385078,34.84276723423926,-2.3699999999999903,114.1383352334555,104.79066476654452,1.9398142857142864,2958978.75,51874245.0,106.24,107.78,109.77
2024-05-08,104.2,113.0,103.9,112.65,6172844.0,109.39299999999999,109.26885655011546,-0.6825563067736624,63.149606229598824,3.030000000000001,113.80601472322319,104.97998527677679,2.454814285714286,3166977.65,58047089.0,107.4,106.45,109.62
2024-05-09,114.39,115.77,114.1335,115.59,4983109.0,109.4965,109.87087021200922,-0.087988499596932,73.50771287531128,5.990000000000009,114.3881955407276,104.6048044592724,2.446171428571428,3332480.35,63030198.0,112.65,106.41,109.6
2024-05-10,116.31,116.76,115.17,115.55,2422464.0,109.64150000000002,110.41173971562739,0.37565281340867784,73.22147644126834,5.659999999999997,115.06932412545385,104.2136758745462,2.4486714285714277,3354549.95,60607734.0,115.59,106.54,109.89
2024-05-13,115.47,115.96,114.71,114.82,1857355.0,109.7945,110.83157402842478,0.6763899978650016,67.425810838926,5.059999999999988,115.63089569741966,103.95810430258034,2.4136714285714285,3361992.3,58750379.0,115.55,106.24,109.76
2024-05-14,114.64,115.015,113.9714,114.35,1514918.0,109.9375,111.16666221619386,0.8668092766439344,65.96893984310826,6.569999999999993,116.08088454634148,103.79411545365852,2.3560714285714286,3321428.05,57235461.0,114.82,107.4,107.78
2024-05-15,115.0,115.3935,114.39,114.82,1948896.0,110.18799999999999,111.51459914798492,1.0436128757234968,67.10353860160876,8.36999999999999,116.70660689024047,103.66939310975951,2.2484714285714285,3303008.2,59184357.0,114.35,112.65,106.45
2024-05-16,114.0,114.64,112.79,112.82,1927677.0,110.3635,111.63892303865302,1.010697043086978,58.6328815073152,6.409999999999997,116.97097033368621,103.7560296663138,2.258471428571428,3315495.35,57256680.0,114.82,115.59,106.41
2024-05-17,113.38,113.38,112.26,112.88,1619656.0,110.57849999999999,111.75712084449559,0.9781766946064891,59.23076918170227,6.339999999999989,117.2213601164207,103.93563988357928,2.2384714285714264,3296599.35,58876336.0,112.82,115.55,106.54
2024-05-20,113.11,114.55,113.012,113.7,1852612.0,110.832,111.94215695454363,1.0069635770355774,68.80559079013474,7.460000000000008,117.54832606336909,104.1156739366309,2.183328571428569,3266783.35,60728948.0,112.88,114.82,106.24
2024-05-21,113.54,114.05,113.38,113.7,2357269.0,111.02849999999998,112.10957057792044,1.0180420337597695,75.15614149533745,6.299999999999997,117.84324029315682,104.21375970684313,2.060828571428569,3280549.35,60728948.0,113.7,114.35,107.4
2024-05-22,113.68,114.68,113.36,114.68,1931130.0,111.28150000000001,112.35437338002325,1.0932967510292855,76.93811067901404,2.030000000000001,118.25004066124222,104.31295933875779,1.9701142857142833,3283260.05,62660078.0,113.7,114.82,112.65
2024-05-23,115.44,115.62,112.34,112.49,2642746.0,111.426,112.36729020097341,0.9650969322959924,67.08788047448411,-3.1000000000000085,118.36753145547769,104.48446854452231,2.102257142857141,3333392.1,60017332.0,114.68,112.82,115.59
2024-05-24,113.04,113.67,112.67,113.42,1345232.0,111.6025,112.46754827707119,0.9278452535491084,69.9002216752437,-2.1299999999999955,118.55908378047407,104.64591621952594,1.996542857142856,3332428.95,61362564.0,112.49,112.88,115.55
2024-05-28,113.66,114.04,111.77,112.05,2257569.0,111.71700000000001,112.42778177449298,0.7787979861698204,62.73972597926811,-2.769999999999996,118.62107995318843,104.8129200468116,2.0479714285714286,3327591.25,59104995.0,113.42,113.7,114.82
2024-05-29,111.29,111.54,110.52,110.92,1831643.0,111.874,112.28418351025556,0.5630054247284022,43.87827313416165,-3.4299999999999926,118.53981664756581,105.20818335243418,1.4708285714285725,3221021.6,57273352.0,112.05,113.7,114.35
2024-05-30,110.78,111.43,110.1,110.9,2051380.0,112.09649999999999,112.15235650927885,0.38592572086659516,29.0811774837524,-3.9199999999999875,118.27960184463032,105.91339815536966,1.4489357142857162,3129830.4,55221972.0,110.92,114.68,114.82
2024-05-31,110.75,112.25,109.54,112.16,4318214.0,112.38400000000001,112.1530844607761,0.34330286395559995,36.36363632267975,-0.6599999999999966,117.95857914389936,106.80942085610067,1.5289357142857156,3166353.8,59540186.0,110.9,112.49,112.82
2024-06-03,112.69,112.79,108.67,109.03,2870468.0,112.5085,111.85564784546409,0.05631000351287696,30.478759242973567,-3.8499999999999943,117.6260169760362,107.3909830239638,1.733935714285716,3013583.5,56669718.0,112.16,113.42,112.88
2024-06-04,108.28,108.88,106.5,106.87,3013056.0,112.53999999999999,111.38082424113418,-0.3414913486999325,27.36077479521488,-6.829999999999998,117.50039896528045,107.57960103471953,1.8293928571428586,2790837.85,53656662.0,109.03,112.05,113.7
2024-06-05,107.49,108.33,107.04,108.28,2030321.0,112.58399999999999,111.08550764674045,-0.5367888062740889,31.271477638155773,-5.420000000000002,117.36478786724506,107.80321213275492,1.8498571428571435,2547427.95,55686983.0,106.87,110.92,113.7
2024-06-06,108.36,108.53,105.8,105.97,2385045.0,112.25,110.59831644228898,-0.8679558825305378,30.725942575680207,-8.710000000000008,117.870923318049,106.629076681951,1.9127142857142871,2358038.0,53301938.0,108.28,110.9,114.68
2024-06-07,106.15,108.13,105.8691,107.98,3173694.0,111.86949999999999,110.34895297159478,-0.9571841556218317,37.576064882045415,-4.509999999999991,117.5681959727197,106.17080402728027,1.9942071428571444,2267567.25,56475632.0,105.97,112.16,112.49
2024-06-10,107.98,109.51,107.69,108.73,1871419.0,111.52849999999998,110.19476697430004,-0.9563552067882171,37.35368954081672,-4.689999999999998,117.11498095617465,105.94201904382531,2.0143500000000025,2240015.0,58347051.0,107.98,109.03,113.42
2024-06-11,108.2,108.54,106.64,107.61,1566522.0,111.168,109.94859869103337,-1.0341518379342318,35.33943184907308,-4.439999999999998,116.79056955680146,105.54543044319855,2.1022071428571456,2225473.35,56780529.0,108.73,106.87,112.05
2024-06-12,108.54,109.14,107.25,108.5,2109720.0,110.87550000000002,109.81063691093495,-1.0123212587519532,35.058027055569994,-2.4200000000000017,116.40903594006741,105.34196405993262,2.1429214285714306,2255213.45,58890249.0,107.61,108.28,110.92
2024-06-13,108.24,108.73,107.29,108.53,1865720.0,110.561,109.6886714908459,-0.9812879416430746,39.30885526186158,-2.3700000000000045,115.86063613448246,105.26136386551755,2.011492857142859,2251054.65,60755969.0,108.5,105.97,110.9
2024-06-14,107.36,107.75,105.88,106.46,1829226.0,110.24299999999998,109.3811789679082,-1.1109195228274586,32.29908441240144,-5.700000000000003,115.73177936770877,104.7542206322912,2.0736357142857167,2246132.1,58926743.0,108.53,107.98,112.16
2024-06-17,106.52,107.41,105.7,107.37,2017405.0,109.96750000000002,109.1896381138217,-1.1272300844557606,37.812499972428405,-1.6599999999999966,115.45210380951858,104.48289619048145,2.0336357142857153,2266019.55,60944148.0,106.46,108.73,109.03
2024-06-18,107.35,108.84,106.775,108.68,2078185.0,109.7165,109.14110115060059,-1.022661664664355,44.22084620128526,1.8100000000000023,114.93489368307871,104.49810631692128,2.1082785714285714,2277298.2,63022333.0,107.37,107.61,106.87
2024-06-20,108.74,108.7508,107.71,108.14,1984594.0,109.4385,109.04575818387673,-0.9721574985181292,43.0653266028686,-0.14000000000000057,114.34653111987902,104.53046888012099,2.087621428571428,2258664.45,61037739.0,108.68,108.5,108.28
2024-06-21,108.25,108.61,106.69,108.41,3029264.0,109.125,108.98520978541228,-0.8999715281704255,40.08461128708703,2.4399999999999977,113.38102977829111,104.86897022170889,2.0311928571428575,2313571.15,64067003.0,108.14,108.53,105.97
2024-06-24,109.02,110.15,108.67,109.32,2043948.0,108.9665,109.01709456775397,-0.7605668909737346,50.868783660145986,1.3399999999999892,112.92025517704577,105.01274482295422,1.8426214285714286,2283631.25,66110951.0,108.41,106.46,107.98
2024-06-25,109.21,109.56,107.5,107.87,2014624.0,108.68900000000001,108.90784746606312,-0.7583488190514913,53.12891109237767,-0.8599999999999994,112.06324861031707,105.31475138968294,1.8197642857142864,2317100.85,64096327.0,109.32,107.37,108.73
2024-06-26,107.38,107.76,105.7,106.12,2500483.0,108.3925,108.64233818358092,-0.8875699997789042,43.382352903961234,-1.4899999999999949,111.55898817595092,105.22601182404908,1.874764285714287,2329246.55,61595844.0,107.87,108.68,107.61
2024-06-27,106.5,108.32,106.2501,108.29,3473027.0,108.26100000000001,108.60878216609701,-0.8055914962763921,57.16934482074347,-0.20999999999999375,111.1954767309056,105.32652326909442,1.827614285714286,2411315.75,65068871.0,106.12,108.14,108.5
2024-06-28,108.76,111.05,108.44,110.16,4756234.0,108.224,108.7565171978973,-0.5830090062825377,56.795511172372976,1.6299999999999955,111.03441221925202,105.41358778074799,1.8525500000000008,2546558.45,69825105.0,108.29,108.41,108.53
2024-07-01,111.06,111.34,107.94,108.05,2422318.0,108.01849999999999,108.6892298457166,-0.5702961252192154,48.045976972836556,1.5900000000000034,110.13166948283225,105.90533051716773,1.9654071428571436,2451763.65,67402787.0,110.16,109.32,106.46
2024-07-02,108.0,109.34,107.86,109.27,2474958.0,108.0305,108.74454128898168,-0.45651485303382344,54.742857099062846,1.8999999999999915,110.17041121311509,105.89058878688492,1.9354071428571433,2431988.15,69877745.0,108.05,107.87,107.37
2024-07-03,109.73,110.73,109.11,109.56,1074795.0,108.165,108.82220402336438,-0.3390336302263961,53.13609463053815,0.8799999999999955,110.33571901743348,105.99428098256654,1.9161214285714294,2335075.1,70952540.0,109.27,106.12,108.68
2024-07-05,109.42,109.9,108.27,109.46,1468588.0,108.224,108.88294649732967,-0.25110351395909447,52.74012959703228,1.3199999999999932,110.47069488243345,105.97730511756656,1.9296928571428589,2306988.45,69483952.0,109.56,108.29,108.14
2024-07-08,110.51,110.88,109.93,109.97,1511043.0,108.424,108.98647540234589,-0.13866705828220915,61.38870857498755,1.5600000000000023,110.53384060261362,106.31415939738639,1.863978571428572,2263288.35,70994995.0,109.46,110.16,108.41
2024-07-09,109.45,110.59,109.01,109.59,1266744.0,108.50450000000001,109.0439539354558,-0.07930895685269945,57.45967736529332,0.27000000000001023,110.66525498501778,106.34374501498223,1.854692857142858,2167940.85,69728251.0,109.97,108.05,109.32
2024-07-10,109.71,111.61,109.63,111.5,1877714.0,108.643,109.27786308446001,0.12046515552351877,59.1085270783256,3.6299999999999955,111.18592082373902,106.10007917626098,1.84862142857143,2168255.6,71605965.0,109.59,109.27,107.87
2024-07-11,111.77,114.29,111.45,114.15,2236238.0,108.97,109.74187612403524,0.48700652282684587,67.08357015695455,8.030000000000001,112.45944272432321,105.48055727567679,1.9771357142857156,2201741.4,73842203.0,111.5,109.56,106.12
2024-07-12,115.01,115.42,113.91,114.59,2082607.0,109.27449999999999,110.20360220746046,0.8037325907910997,67.3986485955191,6.299999999999997,113.56269910673046,104.98630089326952,1.9478500000000014,2200385.75,75924810.0,114.15,109.46,108.29
2024-07-15,114.83,117.35,114.74,116.97,2694504.0,109.69649999999999,110.84802104484518,1.2325779983340084,69.89079558094276,6.810000000000002,115.17278100851549,104.22021899148449,2.0285642857142867,2241824.95,78619314.0,114.59,109.97,110.16
2024-07-16,117.5,119.53,117.05,118.87,2423704.0,110.31700000000001,111.61201904057421,1.7060884680506803,77.94715441609449,10.820000000000007,116.94117613546786,103.69282386453216,2.058564285714287,2271548.85,81043018.0,116.97,109.59,108.05
2024-07-17,118.35,118.75,117.14,118.25,3751271.0,110.86099999999999,112.24420770337666,2.0081711613581206,82.69541772734574,8.980000000000004,118.2131580075811,103.50884199241888,2.0264214285714295,2358242.15,77291747.0,118.87,111.5,109.27
2024-07-18,117.155,118.8,116.02,116.54,4303985.0,111.25399999999999,112.65333077924555,2.085550238742286,72.80265334332574,6.980000000000004,118.94764577188059,103.5603542281194,2.077142857142859,2469532.15,72987762.0,118.25,114.15,109.56
2024-07-19,117.36,117.425,114.96,115.68,2657799.0,111.63100000000001,112.94158499074598,2.05380392932112,66.15925053125122,6.220000000000013,119.42050413934423,103.8414958606558,2.0667857142857167,2503192.4,70329963.0,116.54,114.59,109.46
2024-07-22,116.47,117.96,115.67,117.83,2424144.0,112.102,113.40714832496064,2.1770362627138553,78.56308404790401,7.859999999999999,120.20435469348055,103.99964530651945,1.9875000000000012,2472936.4,72754107.0,115.68,116.97,109.97
2024-07-23,117.52,118.67,117.115,117.62,1403333.0,112.51700000000001,113.80837229401202,2.232024144886239,75.91558031888158,8.030000000000001,120.86587978618869,104.16812021381133,1.9928571428571442,2440905.65,71350774.0,117.83,118.87,109.59
2024-07-24,117.09,117.78,113.955,114.08,2151341.0,112.82749999999999,113.83424159934421,1.967276484631384,61.67355367440961,2.5799999999999983,120.90623329049589,104.74876670950408,2.150357142857144,2447741.5,69199433.0,117.62,118.25,111.5
2024-07-25,114.33,116.43,113.51,114.59,2127364.0,113.251,113.90621858988285,1.778117759443603,62.97420329379675,0.4399999999999977,120.71377752723961,105.7882224727604,2.2425000000000006,2429085.55,71326797.0,114.08,116.54,114.15
2024-07-26,115.65,117.66,115.18,116.84,1488603.0,113.67850000000001,114.18562634322734,1.7891402078927428,65.96931655399487,2.25,120.92100981504845,106.43599018495158,2.351785714285715,2329864.35,72815400.0,114.59,115.68,114.59
2024-07-29,116.9,118.07,116.36,117.8,1905010.0,114.0605,114.52985240577712,1.8539681635586334,68.58306921864359,0.8299999999999983,121.32750828909015,106.79349171090986,2.361071428571429,2187303.15,74720410.0,116.84,117.83,116.97
2024-07-30,118.18,118.96,114.87,115.7,3039441.0,114.44300000000001,114.64129503379834,1.716110087360704,59.42549367899657,-3.1700000000000017,121.16265569293547,107.72334430706455,2.511785714285714,2218159.3,71680969.0,117.8,117.62,118.87
2024-07-31,117.58,118.04,116.63,117.11,2020029.0,114.835,114.87640979248421,1.7010234452836812,57.03422049436886,-1.1400000000000006,121.1887821310179,108.48121786898209,2.409642857142857,2195412.85,73700998.0,115.7,114.08,118.25
2024-08-01,117.06,117.245,112.3,113.09,2533536.0,115.0115,114.70627552653333,1.3491347837891965,46.953696155265966,-3.450000000000003,120.92947360411222,109.09352639588778,2.6550000000000002,2268349.9,71167462.0,117.11,114.59,116.54
2024-08-02,110.94,111.0,107.48,109.21,3194669.0,114.999,114.18282071448253,0.7485481145747173,35.145482370136406,-6.470000000000013,120.96718900505184,109.03081099494815,2.7199999999999998,2354653.95,67972793.0,113.09,116.84,115.68
2024-08-05,106.35,107.78,105.13,106.39,2618645.0,114.82000000000001,113.44064731310324,0.044515275861670034,26.923076909137436,-11.439999999999998,121.58484410681393,108.05515589318608,2.732142857142857,2410034.05,65354148.0,109.21,117.8,117.83
2024-08-06,106.82,109.364,106.44,107.78,3020284.0,114.7295,112.90153804518864,-0.39670150987349473,31.175836014510537,-9.840000000000003,121.82908775675115,107.62991224324885,2.8260000000000005,2497711.05,68374432.0,106.39,115.7,117.62
2024-08-07,103.64,106.0,99.29,99.54,8060514.0,114.1315,111.62901061231354,-1.39518529842195,25.247524742182122,-14.539999999999992,123.8924194454761,104.37058055452391,3.1067142857142858,2806851.05,60313918.0,107.78,117.11,114.08
2024-08-08,100.85,104.86,100.46,104.61,4877074.0,113.65450000000001,110.96053341114082,-1.7571291753390028,35.64202333335956,-9.980000000000004,124.30361061272845,103.00538938727158,3.2449285714285714,2938892.85,65190992.0,99.54,113.09,114.59
2024-08-09,104.46,104.57,102.25,103.69,3644583.0,113.1095,110.26810165769884,-2.0940694870885608,31.055734179132344,-13.150000000000006,124.63651627527895,101.58248372472104,3.2470714285714286,3016991.65,61546409.0,104.61,109.21,116.84
2024-08-12,103.81,103.99,102.3014,103.07,2542876.0,112.4145,109.58256816648942,-2.3836487114910483,30.718261319107953,-14.730000000000004,124.61777906753014,100.21122093246987,3.256614285714285,3009410.25,59003533.0,103.69,106.39,117.8
2024-08-13,103.65,104.31,102.96,104.1,2598641.0,111.676,109.06041881729995,-2.5011976912234104,35.831913671162766,-11.600000000000009,124.02120900038457,99.33079099961543,3.079828571428571,3018157.1,61602174.0,103.07,107.78,115.7
2024-08-14,102.5,103.99,102.37,103.49,3920981.0,110.93800000000002,108.52990273946186,-2.6134517614430735,34.28652320271766,-13.620000000000005,123.39271899575323,98.4832810042468,2.9869714285714273,3026642.6,57681193.0,104.1,99.54,117.11
2024-08-15,105.0,105.47,103.73,104.29,3309702.0,110.3255,108.12610247856074,-2.6077995172230573,31.473280175948446,-8.799999999999997,122.82501994867746,97.82598005132255,2.934114285714285,2976928.45,60990895.0,103.49,104.61,113.09
2024-08-16,103.64,103.82,102.24,103.09,3416285.0,109.69599999999998,107.64647367107877,-2.669379103399237,28.43740837296619,-6.11999999999999,122.32751347351518,97.06448652648479,2.924828571428571,3014852.75,57574610.0,104.29,103.69,109.21
2024-08-19,103.65,104.37,102.93,103.84,1761815.0,108.9965,107.28395236907126,-2.627375883445481,31.898656885025005,-2.549999999999997,121.27597928777779,96.71702071222221,2.7355428571428573,2981736.3,59336425.0,103.09,103.07,106.39
2024-08-20,103.92,104.26,102.8,103.12,2500649.0,108.27149999999999,106.88738547677876,-2.621961669675997,28.188337998296333,-4.659999999999997,120.1115538316706,96.43144616832937,2.739114285714286,3036602.1,56835776.0,103.84,104.1,107.78
2024-08-21,103.24,104.69,103.09,104.02,2262020.0,107.76849999999999,106.61430114565698,-2.5160449874729665,34.3350604324459,4.47999999999999,119.42285590579603,96.11414409420395,2.5001857142857133,3042136.05,59097796.0,103.12,103.49,99.54
2024-08-22,104.35,105.03,103.48,104.36,2419839.0,107.25699999999999,106.39960579845156,-2.377266447439311,40.456513161495835,-0.25,118.54291502248496,95.97108497751502,2.3594714285714278,3056759.8,61517635.0,104.02,104.29,104.61
2024-08-23,105.0,105.77,104.03,104.64,2774436.0,106.647,106.23202429383713,-2.2191092842027444,46.17402708148508,0.9500000000000028,117.03514324121568,96.25885675878433,2.294471428571427,3121051.45,64292071.0,104.36,103.09,103.69
2024-08-26,105.32,105.67,104.19,104.91,1773337.0,106.00250000000001,106.10611721823359,-2.0483695206011845,43.40229882263759,1.8400000000000034,114.98094641349574,97.02405358650428,2.1913285714285697,3114467.8,66065408.0,104.64,103.84,103.07
2024-08-27,104.56,104.8763,103.77,103.86,1586559.0,105.4105,105.89220129268753,-1.9750164918713295,64.8351647728233,-0.23999999999999488,113.17613136688381,97.64486863311619,1.7910642857142847,3041823.7,64478849.0,104.91,103.12,104.1
2024-08-28,103.84,104.79,103.48,103.91,2414830.0,104.75049999999999,105.70342021719348,-1.8910502557799873,46.331236829283284,0.4200000000000017,110.23943806238009,99.26156193761989,1.5703499999999988,3061563.75,66893679.0,103.86,104.02,103.49
2024-08-29,104.22,105.46,103.74,104.09,2953633.0,104.30049999999999,105.54976114888935,-1.7893553385523262,52.27272718956614,-0.20000000000000284,108.13796338916357,100.4630366108364,1.5274928571428563,3082568.6,69847312.0,103.91,104.36,104.29
2024-08-30,104.29,105.5,103.89,105.39,3476241.0,104.1095,105.53454580137607,-1.5855846160988136,62.23628682792112,2.299999999999997,107.23168867227399,100.987311327726,1.521878571428571,3096647.2,73323553.0,104.09,104.64,103.09
2024-09-03,104.58,104.8,101.55,102.02,3380563.0,103.891,105.19982715362596,-1.6766977580780065,41.20135358910162,-1.8200000000000074,106.95226152186903,100.82973847813098,1.657592857142856,3134743.1,69942990.0,105.39,104.91,103.84
2024-09-04,101.75,102.4,100.23,100.86,2767412.0,103.545,104.78651028185206,-1.8215106441272297,39.36944215431109,-2.260000000000005,106.30494279117136,100.78505720882865,1.6968785714285712,3122099.5,67175578.0,102.02,103.86,103.12
2024-09-05,100.37,100.59,98.32,99.97,4207710.0,103.56649999999999,104.32779501691377,-1.9852072284027429,32.66452644804944,-4.049999999999997,106.19882756720456,100.93417243279542,1.7347357142857152,2929459.3,62967868.0,100.86,103.91,104.02
2024-09-06,99.96,100.77,97.35,98.19,2780873.0,103.24549999999999,103.74324311054103,-2.2328303957839353,31.211656408208313,-6.170000000000002,106.75999614566682,99.73100385433317,1.8661642857142868,2824649.25,60186995.0,99.97,104.09,104.36
2024-09-09,99.26,100.1514,98.9,99.58,2843072.0,103.03999999999999,103.34674376667998,-2.2905085993569685,34.42982452616829,-5.060000000000002,106.90793022307,99.17206977692999,1.8526928571428576,2784573.7,63030067.0,98.19,105.39,104.64
2024-09-10,99.76,99.83,98.1,99.1,3004715.0,102.8415,102.94229197937712,-2.347886011272365,35.044642820637975,-5.810000000000002,107.09154903996614,98.59145096003385,1.8719785714285717,2807665.65,60025352.0,99.58,102.02,104.91
2024-09-11,98.87,100.07,96.6201,99.91,2335513.0,102.63199999999999,102.65350226705549,-2.301467903680603,34.60674153674201,-3.950000000000003,107.03130425121388,98.2326957487861,2.0041142857142864,2794509.25,62360865.0,99.1,100.86,103.86
2024-09-12,100.24,101.6,99.1409,101.47,3728800.0,102.53099999999999,102.54078776543115,-2.1144284415848347,40.082360977271584,-2.4399999999999977,106.94010493363461,98.12189506636537,2.0690500000000003,2784900.2,66089665.0,99.91,99.97,103.91
2024-09-13,102.0,102.73,101.5285,102.03,2156726.0,102.41799999999998,102.49214131158057,-1.8991191371961094,41.21212117326804,-2.0600000000000023,106.7525010032736,98.08349899672636,2.0305857142857158,2727251.4,68246391.0,101.47,98.19,104.09
2024-09-16,102.69,103.5,102.02,102.39,2361963.0,102.383,102.48241356762051,-1.6800691792065123,41.56626502128999,-3.0,106.70594295468783,98.06005704531216,2.0305857142857158,2674535.3,70608354.0,102.03,99.58,105.39
2024-09-17,102.81,104.58,102.81,103.9,3125787.0,102.386,102.6174217992757,-1.3688469137974266,50.12987008429754,1.8800000000000097,106.71328138795454,98.05871861204545,2.0779928571428576,2742733.9,73734141.0,102.39,99.1,102.02
2024-09-18,104.18,105.4,103.41,103.68,2129816.0,102.41399999999999,102.7186197231542,-1.1269622680897697,49.261400084158055,2.8200000000000074,106.76844068557857,98.0595593144214,2.126564285714287,2724192.25,71604325.0,103.9,99.91,100.86
2024-09-19,106.06,106.25,105.02,105.91,2748327.0,102.5085,103.02256070190143,-0.74671689306102,55.16458565423924,5.939999999999998,107.08601150506026,97.93098849493974,2.0915642857142873,2748507.6,74352652.0,103.68,101.47,99.97
2024-09-20,105.23,105.89,104.275,105.16,8125416.0,102.54850000000002,103.22612634933938,-0.5001233155476257,49.32630341590109,6.969999999999999,107.20739200742558,97.88960799257445,2.0919214285714296,3033786.45,66227236.0,105.91,102.03,98.19
2024-09-23,105.74,106.46,104.555,105.05,2428242.0,102.569,103.39982860178326,-0.30999873697609814,60.970311306764344,5.469999999999999,107.27005878331916,97.86794121668085,1.9958500000000003,3016476.75,63798994.0,105.16,102.39,99.58
2024-09-24,106.25,108.0,106.045,106.34,2909137.0,102.6405,103.67984492542294,-0.054602001785539755,69.65566707495125,7.240000000000009,107.53115047874768,97.74984952125233,1.9804928571428573,3073266.75,66708131.0,105.05,103.9,99.1
2024-09-25,106.37,106.94,104.31,104.4,2817258.0,102.66749999999999,103.74843112300171,-0.008640434295898558,64.7765176179539,4.490000000000009,107.59234090045034,97.74265909954964,2.006207142857142,3134801.7,63890873.0,106.34,103.68,99.91
2024-09-26,105.64,109.16,105.48,108.9,4063239.0,102.91699999999999,104.23905673033488,0.3864421662379982,80.23715408676905,7.430000000000007,108.56010515492007,97.27389484507991,2.0247785714285698,3217222.15,67954112.0,104.4,105.91,101.47
2024-09-27,109.47,110.46,108.87,109.22,3174227.0,103.17349999999999,104.71343227982679,0.7171029824235688,78.96634608740813,7.189999999999998,109.46966516535944,96.87733483464054,2.048964285714284,3228251.85,71128339.0,108.9,105.16,102.03
2024-09-30,108.65,109.56,108.12,109.37,2917187.0,103.37250000000002,105.15691491984329,0.9799614226542133,81.48375222925984,6.980000000000004,110.19336234708686,96.55163765291317,2.0282499999999977,3200299.15,74045526.0,109.22,105.05,102.39
2024-10-01,109.19,110.24,108.51,109.26,2823739.0,103.7345,105.54768492747726,1.1659620647422457,79.94875072906585,5.359999999999999,111.00668630703471,96.46231369296528,1.905399999999997,3172457.95,71221787.0,109.37,106.34,103.9
2024-10-02,109.26,110.99,108.95,110.47,3160440.0,104.215,106.0164768391461,1.3949259630707331,79.48885969116358,6.789999999999992,111.94312907160469,96.48687092839532,1.875464285714283,3192109.35,74382227.0,109.26,104.4,103.68
2024-10-03,110.01,110.32,108.95,109.63,3236688.0,104.69800000000001,106.36062190208456,1.4914084935241902,74.45302438594965,3.719999999999999,112.51599974418096,96.88000025581906,1.8874999999999957,3143558.25,71145539.0,110.47,108.9,105.91
2024-10-04,111.88,111.88,109.925,111.44,2082847.0,105.3605,106.84437219712413,1.6943915758551213,76.63331365080245,6.280000000000001,113.10167759299772,97.61932240700229,1.9214285714285668,3108656.95,73228386.0,109.63,109.22,105.16
2024-10-07,110.66,112.77,110.35,112.52,2775964.0,106.00750000000001,107.3849081783504,1.9202684457587793,76.02656998403549,7.469999999999999,113.87642321932256,98.13857678067745,1.9678571428571385,3105301.55,76004350.0,111.44,109.37,105.05
2024-10-08,111.45,111.62,108.57,109.42,2299541.0,106.52350000000001,107.57872644707894,1.828060655000641,64.76337443895642,3.0799999999999983,113.81771190865993,99.2292880913401,2.0435714285714246,3070042.85,73704809.0,112.52,109.26,106.34
2024-10-09,109.91,111.15,109.6,110.88,1531896.0,107.072,107.89313345211903,1.8514527202996334,63.31012314481298,6.47999999999999,113.9076637532418,100.2363362467582,2.0664285714285677,3029862.0,75236705.0,109.42,110.47,104.4
2024-10-10,110.79,111.28,109.8501,110.88,1916271.0,107.54249999999999,108.1775969328696,1.8486806606870374,65.95982137704033,1.9799999999999898,114.04174651503338,101.0432534849666,2.05320714285714,2939235.55,75236705.0,110.88,109.63,108.9
2024-10-11,110.96,112.71,110.955,112.06,2113290.0,108.04400000000001,108.54734960592964,1.919572287361376,68.45708262462355,2.8400000000000034,114.29541802861058,101.79258197138944,2.0424928571428547,2937063.75,77349995.0,110.88,111.44,109.22
2024-10-14,112.06,112.75,111.45,112.64,1201951.0,108.5565,108.93712583393634,1.9995064987159878,67.23194743209808,3.269999999999996,114.53071573800504,102.58228426199496,1.9957071428571405,2879063.15,78551946.0,112.06,112.52,109.37
2024-10-15,112.22,112.74,109.15,109.25,2585836.0,108.824,108.96692337356144,1.7689192683177453,62.290927477340446,-0.010000000000005116,114.38514868861272,103.26285131138728,2.0642785714285687,2852065.6,75966110.0,112.64,109.42,109.26
2024-10-16,109.64,111.18,109.17,110.59,1656858.0,109.1695,109.12150209988893,1.6749957200734258,55.09957750323512,0.12000000000000455,114.22020906955451,104.11879093044548,1.9449928571428552,2828417.7,77622968.0,109.25,110.88,110.47
2024-10-17,111.27,111.27,109.87,110.45,2099137.0,109.39650000000002,109.24802570942332,1.5711525330438008,53.752287934561814,0.8200000000000074,114.23397770292878,104.55902229707125,1.9314214285714268,2795958.2,75523831.0,110.59,110.88,109.63
2024-10-18,110.99,110.99,109.79,110.44,2124052.0,109.6605,109.36154707043062,1.4710913177579528,53.2923076463943,-1.0,114.08299500907356,105.23800499092644,1.914278571428569,2495890.0,73399779.0,110.45,112.06,111.44
2024-10-21,110.51,110.81,109.6,110.41,2077697.0,109.92850000000001,109.4613997303896,1.373538042901444,53.5559677953133,-2.1099999999999994,113.78844968606653,106.0685503139335,1.877135714285713,2478362.75,71322082.0,110.44,112.64,112.52
2024-10-22,108.9,110.01,108.55,109.48,1536670.0,110.0855,109.46317118463821,1.2072665250761787,46.88483318713736,0.060000000000002274,113.56784932798577,106.60315067201422,1.8357071428571428,2409739.4,69785412.0,110.41,109.25,109.42
2024-10-23,108.72,109.58,107.91,108.51,3743837.0,110.29099999999998,109.37239297657743,0.9858598769229303,46.50436949743691,-2.3699999999999903,112.67139271417595,107.91060728582401,1.857135714285715,2456068.35,66041575.0,109.48,110.59,110.88
2024-10-24,108.65,108.67,107.445,108.26,1845216.0,110.25900000000001,109.26645078833197,0.7812152394593426,39.00414933983002,-2.6199999999999903,112.73347517030156,107.78452482969847,1.8049928571428586,2345167.2,64196359.0,108.51,110.45,110.88
2024-10-25,108.67,109.0799,107.97,108.13,1524135.0,110.20450000000001,109.15821737991939,0.6016080136466257,33.75277568671068,-3.930000000000007,112.81936016532975,107.58963983467027,1.7114142857142869,2262662.6,62672224.0,108.26,110.44,112.06
2024-10-28,108.36,109.29,108.15,108.66,2150948.0,110.16900000000001,109.11076810564136,0.4963133721842752,46.5265081671507,-3.980000000000004,112.85000452501963,107.4879954749804,1.5749857142857147,2224350.65,64823172.0,108.13,110.41,112.64
2024-10-29,108.26,109.67,107.78,108.91,1979410.0,110.15149999999998,109.09164733367551,0.4281045975661186,39.87667003512095,-0.3400000000000034,112.86189538774556,107.4411046122544,1.5992714285714282,2182134.2,66802582.0,108.66,109.48,109.25
2024-10-30,108.41,109.96,108.365,109.02,2345450.0,110.079,109.08482377808737,0.37856091833452865,40.54878043011354,-1.5700000000000074,112.83077951993496,107.32722048006502,1.611064285714285,2141384.7,69148032.0,108.91,108.51,110.59
2024-10-31,108.54,109.45,107.82,108.27,3097530.0,110.011,109.00722151350762,0.27560150106445747,29.86184905227779,-2.180000000000007,112.87444584465655,107.14755415534344,1.6021357142857144,2134426.8,66050502.0,109.02,108.26,110.45
2024-11-01,108.3,109.37,108.05,108.46,1853615.0,109.862,108.95510517888785,0.2069512282622128,26.82926825104103,-1.980000000000004,112.72248652468637,107.00151347531362,1.6035642857142867,2122965.2,67904117.0,108.27,108.13,110.44
2024-11-04,107.75,110.76,107.46,109.81,3434116.0,109.72649999999999,109.03652373327948,0.25849929112827397,54.011461209719144,-0.5999999999999943,112.29910281877622,107.15389718122375,1.5828500000000025,2155872.8,71338233.0,108.46,108.66,110.41
2024-11-05,115.75,119.61,115.38,117.67,7193849.0,110.13899999999998,109.85875956820524,0.9229486362044526,76.22222214317692,8.189999999999998,114.51691058070504,105.76108941929492,1.7414214285714311,2400588.2,78532082.0,109.81,108.91,109.48
2024-11-06,126.47,127.74,123.13,126.86,7129301.0,110.93800000000002,111.47792532361427,2.1661160873413365,86.38580925900656,18.349999999999994,119.61117364363531,102.26482635636472,1.9707071428571459,2680458.45,85661383.0,117.67,109.02,108.51
2024-11-07,126.2,127.38,124.46,127.19,3582430.0,111.7535,112.97431338803196,3.1417473828204123,86.62002618221773,18.929999999999993,123.06848359186743,100.43851640813257,2.0935642857142898,2763766.4,89243813.0,126.86,108.27,108.26
2024-11-08,126.32,128.56,126.32,127.26,2748179.0,112.5135,114.33485497012416,3.8759115330352785,86.77433429878478,19.13000000000001,125.78747655882478,99.23952344117521,2.167135714285718,2795510.85,91991992.0,127.19,108.46,108.13
2024-11-11,126.12,130.0,126.12,129.2,3139197.0,113.3415,115.75058306820758,4.561699268581066,91.22073573256309,20.539999999999992,128.57065662730432,98.11234337269568,2.3399928571428603,2892373.15,95131189.0,127.26,109.81,108.66
2024-11-12,129.18,130.3,127.465,128.4,3086005.0,114.29899999999998,116.955289442664,4.983194511318558,91.87368415636922,19.49000000000001,130.79994848948542,97.79805151051454,2.4232071428571467,2917381.6,92045184.0,129.2,117.67,108.91
2024-11-13,129.0,131.56,128.8,130.16,3125272.0,115.2775,118.21288092431504,5.397036145812137,93.34916859434333,21.14,133.1189158925981,97.43608410740191,2.5328500000000025,2990802.3,95170456.0,128.4,126.86,109.02
2024-11-14,129.77,130.75,128.92,129.0,3694172.0,116.205,119.2402255981898,5.567230746674312,89.69189801233607,20.730000000000004,134.89808174868924,97.51191825131076,2.5842857142857176,3070554.05,91476284.0,130.16,127.19,108.27
2024-11-15,128.46,129.12,126.53,126.78,2672017.0,117.02199999999998,119.95829935074315,5.460035852801582,82.38027158136804,18.320000000000007,136.0789469029847,97.96505309701526,2.6878571428571467,3097952.3,88804267.0,129.0,127.26,108.46
2024-11-18,126.93,129.47,126.83,129.16,3399141.0,117.9595,120.83465179352952,5.503686168395575,83.62670205344496,19.349999999999994,137.48588536092075,98.43311463907928,2.741428571428575,3164024.5,92203408.0,126.78,129.2,109.81
2024-11-19,127.2,129.66,127.2,129.56,2729146.0,118.9635,121.66563733700289,5.507073895218099,83.78289469825793,11.89,138.71771636538762,99.20928363461238,2.803214285714289,3223648.3,94932554.0,129.16,128.4,117.67
2024-11-20,130.1,130.57,128.49,129.1,2277284.0,119.99300000000001,122.37367187633595,5.410274263580931,84.58983722403664,2.239999999999995,139.59892617176385,100.38707382823617,2.8353571428571445,3150320.65,92655270.0,129.56,130.16,126.86
2024-11-21,129.03,130.1,128.07,128.27,2810270.0,120.9935,122.93522693573253,5.2065677229698935,82.21138207639163,1.0800000000000125,140.11465970387454,101.87234029612546,2.8860714285714297,3198573.35,89845000.0,129.1,129.0,127.19
2024-11-22,128.69,130.6,128.21,130.07,2212844.0,122.09049999999999,123.61472913232943,5.131224219949701,82.46794868094392,2.809999999999988,140.61237381108367,103.56862618891631,2.821071428571428,3233008.8,92057844.0,128.27,126.78,127.26
2024-11-25,130.8,133.54,130.68,132.75,5740185.0,123.295,124.48475492925044,5.2275080939936345,78.97770941177224,3.5500000000000114,141.26435578612782,105.3256442138722,2.723214285714284,3412470.65,97798029.0,130.07,129.16,129.2
2024-11-26,132.95,134.17,132.3,133.0,3254760.0,124.49950000000001,125.29573065027421,5.2633144557773335,67.97423882016169,4.599999999999994,141.61832125184606,107.38067874815397,2.5274999999999963,3476238.15,101052789.0,132.75,129.56,128.4
2024-11-27,132.87,133.635,131.85,132.59,1869302.0,125.678,125.99042296929571,5.198680528903907,65.73426568063644,2.430000000000007,141.50649342832574,109.84950657167427,2.446428571428567,3452430.75,99183487.0,133.0,129.1,130.16
2024-11-29,132.8,133.54,132.29,132.6,1531727.0,126.89450000000002,126.61990649602944,5.08959491065373,65.61403503400024,3.5999999999999943,140.7002874591943,113.08871254080574,2.375714285714281,3374140.6,100715214.0,132.59,128.27,129.0
2024-12-02,133.5,134.05,132.61,133.77,2922011.0,128.16000000000003,127.30086778212188,5.0394612221594315,63.99265150668124,6.990000000000009,139.2173700118506,117.10262998814946,2.201428571428567,3427560.4,103637225.0,132.6,130.07,126.78
2024-12-03,133.68,133.91,131.04,133.4,3092056.0,129.3395,127.8817375171579,4.913237264254718,65.72327038238205,4.240000000000009,136.50185031992208,122.17714968007789,2.2039285714285666,3410457.4,100545169.0,133.77,132.75,129.16
2024-12-04,133.54,134.85,133.05,134.33,2632752.0,130.1725,128.49585775361905,4.832540576275036,63.835434579051416,4.77000000000001,135.16768873780973,125.1773112621903,2.1353571428571376,3182402.55,103177921.0,133.4,133.0,129.56
2024-12-05,134.16,134.45,132.75,133.15,2377869.0,130.487,128.93910939613153,4.62011393382646,63.75082830400853,4.050000000000011,135.3953434873182,125.5786565126818,2.1260714285714215,2944830.95,100800052.0,134.33,132.59,129.1
2024-12-06,133.53,133.77,130.84,130.98,2628216.0,130.67649999999998,129.1334799298333,4.227926519557002,63.96276589790694,2.7099999999999795,135.33518413768974,126.01781586231021,2.150357142857136,2897120.25,98171836.0,133.15,132.6,128.27
2024-12-09,131.28,132.71,130.32,130.43,2859406.0,130.835,129.25695803175392,3.828601035219947,54.806964362808706,0.36000000000001364,135.21141285457733,126.45858714542268,2.132499999999994,2902681.6,95312430.0,130.98,133.77,130.07
2024-12-10,129.71,130.38,128.0575,129.15,2838414.0,130.83249999999998,129.24677155253926,3.3700001453808426,48.54506737546978,-3.5999999999999943,135.21290072668484,126.45209927331513,2.1226785714285654,2887642.45,92474016.0,130.43,133.4,132.75
2024-12-11,130.56,131.29,129.89,130.87,2305620.0,130.95600000000002,129.40136473801172,3.109500871057932,55.7654722618426,-2.1299999999999955,135.18427275921758,126.72772724078247,2.0741071428571383,2848623.2,94779636.0,129.15,134.33,133.0
2024-12-12,130.915,132.0,130.2471,131.16,2310598.0,131.006,129.56885381058203,2.8931039937843366,59.75692094283608,-1.4300000000000068,135.21825980105743,126.79374019894257,2.0543142857142818,2807889.5,97090234.0,130.87,133.15,132.59
2024-12-13,131.36,131.94,129.65,130.2,3097685.0,131.06599999999997,129.62896297147898,2.614011238156536,50.46528269817364,-2.4000000000000057,135.19123632497187,126.9407636750281,2.047171428571425,2778065.15,93992549.0,131.16,130.98,132.6
2024-12-16,129.98,130.58,128.7,130.19,3206093.0,131.2365,129.68239506943337,2.3647618001215847,38.6725663237685,-3.5800000000000125,134.86822149987538,127.60477850012464,1.977171428571428,2804768.95,90786456.0,130.2,130.43,133.77
2024-12-17,129.69,130.43,127.54,128.08,3604016.0,131.18249999999998,129.5297860152016,1.9742129606342758,31.306990848153703,-5.319999999999993,134.9728749293821,127.39212507061785,2.0500285714285726,2815012.7,87182440.0,130.19,129.15,133.4
2024-12-18,127.63,127.724,121.88,122.38,4162798.0,130.8235,128.84885401375382,1.1910283945334044,22.33062328928841,-11.950000000000017,136.26247929666027,125.38452070333973,2.339957142857145,2886695.3,83019642.0,128.08,130.87,134.33
2024-12-19,124.22,125.38,122.15,122.35,3272200.0,130.486,128.22991553625346,0.5614561174511437,22.252301011828294,-10.800000000000011,137.08852710789978,123.8834728921002,2.4813857142857154,2936441.1,79747442.0,122.38,131.16,133.15
2024-12-20,121.25,124.755,121.09,124.09,10501968.0,130.277,127.83563786613408,0.20060654289999036,24.57983191469971,-6.889999999999986,137.4175885058972,123.13641149410277,2.6403142857142865,3321026.0,90249410.0,122.35,130.2,130.98
2024-12-23,123.8,124.41,122.58,123.93,2258870.0,129.96999999999997,127.46367235507368,-0.0971600074509098,24.853956433990703,-6.5,137.65525039827818,122.28474960172176,2.5660285714285718,3323327.3,87990540.0,124.09,130.19,130.43
2024-12-24,124.1,126.3,123.81,126.23,1243270.0,129.64399999999998,127.34617974982856,-0.14586986875215757,29.95049502874717,-2.9200000000000017,137.3856614563857,121.90233854361428,2.615314285714287,3098481.55,89233810.0,123.93,128.08,129.15
2024-12-26,126.11,126.83,125.22,126.39,1530231.0,129.3135,127.25511501174965,-0.16960699804798196,32.37747651442727,-4.480000000000004,137.0161920106253,121.61080798937469,2.6088857142857163,3012255.1,90764041.0,126.23,122.38,130.87
2024-12-27,125.18,126.58,124.9,125.71,1653503.0,128.9695,127.10796120110683,-0.24051663498286757,35.1045788303299,-5.450000000000003,136.67059349720262,121.26840650279742,2.519600000000001,3001465.15,89110538.0,126.39,122.35,131.16
2024-12-30,124.19,124.97,122.99,124.26,2621068.0,128.55249999999998,126.83672680100142,-0.4090012036926822,33.40505645682242,-5.9399999999999835,136.32869274994098,120.77630725005898,2.490314285714286,3055932.2,86489470.0,125.71,124.09,130.2
2024-12-31,124.28,124.91,123.5,123.93,2171591.0,128.0605,126.55989567709652,-0.5626685871126966,35.20408160471331,-6.259999999999991,135.6905306269664,120.43046937303359,2.425135714285715,3018411.2,84317879.0,124.26,123.93,130.19
2025-01-02,125.4,125.5,121.2414,122.18,1837739.0,127.49950000000001,126.14276275546828,-0.8162522227025164,25.410299923274238,-5.900000000000006,135.12643419816783,119.8725658018322,2.629321428571429,2955695.35,82480140.0,123.93,126.23,128.08
2025-01-03,122.61,123.565,121.78,123.44,1621172.0,126.955,125.88535677875701,-0.9051140201281811,29.2918454715619,1.0600000000000023,134.0661817065226,119.8438182934774,2.631614285714285,2905116.35,84101312.0,122.18,126.39,122.38
2025-01-06,124.13,124.6051,121.75,122.09,2311151.0,126.402,125.5238942283992,-1.0721127044915022,28.691539653090842,-0.2599999999999909,133.19791704047924,119.60608295952075,2.671978571428571,2901780.45,81790161.0,123.44,125.71,122.35
2025-01-07,122.57,123.68,119.78,120.68,2622194.0,125.88700000000001,125.06257096855165,-1.3032129534428947,26.725403799600798,-3.4099999999999966,132.78253661894283,118.99146338105719,2.8162642857142837,2901479.35,79167967.0,122.09,124.26,124.09
2025-01-08,120.5,120.5,118.59,120.3,2562498.0,125.38049999999998,124.60899278107054,-1.4997363626960407,29.197860940707443,-3.6300000000000097,132.3586598388734,118.40234016112659,2.7462642857142834,2886633.95,76605469.0,120.68,123.93,123.93
2025-01-10,118.44,119.1,117.22,117.94,3736104.0,124.82000000000001,123.97385061144477,-1.8248787903137327,35.5468749676005,-8.290000000000006,132.3056859897317,117.3343140102683,2.4631214285714256,2931518.45,72869365.0,120.3,122.18,126.23
2025-01-13,116.73,118.6,116.5,118.47,2185890.0,124.2,123.44967436273575,-2.016544466762781,37.767969701844166,-7.920000000000002,131.62967874916626,116.77032125083375,2.38240714285714,2925531.95,75055255.0,117.94,123.44,126.39
2025-01-14,119.41,120.585,118.64,119.79,2074201.0,123.6315,123.1011339472371,-2.038430173761199,36.075129500968146,-5.9199999999999875,130.5405825805809,116.72241741941912,2.2595499999999973,2913712.1,77129456.0,118.47,122.09,125.71
2025-01-15,122.07,122.5,120.0,120.72,2405515.0,123.1575,122.87435928559547,-1.958159087520528,40.09870446876111,-3.5400000000000063,129.44167184595526,116.87332815404474,2.3074071428571403,2879103.6,79534971.0,119.79,120.68,124.26
2025-01-16,120.58,123.496,120.51,123.29,2872347.0,122.8125,122.91394411553877,-1.6679391870468834,41.080097052480504,-0.6400000000000006,128.15867177348446,117.46632822651554,2.3428357142857115,2862416.3,82407318.0,120.72,120.3,123.93
2025-01-17,124.6,125.405,123.7,124.53,4240161.0,122.63500000000002,123.06785419977317,-1.3226336902422275,44.70387240171672,2.3499999999999943,127.45459814878924,117.8154018512108,2.3496214285714254,2894223.55,86647479.0,123.29,117.94,122.18
2025-01-21,126.23,129.6,125.6253,129.48,4432892.0,122.99000000000001,123.67853475217572,-0.6421506521162428,58.634906054929516,6.039999999999992,128.6951039014499,117.2848960985501,2.513528571428569,2907728.25,91080371.0,124.53,118.47,123.44
2025-01-22,131.2,131.63,129.8001,129.94,2860506.0,123.36950000000002,124.27486477577803,-0.06499555783388189,63.62763911272614,7.849999999999994,129.852132587397,116.88686741260305,2.5028071428571406,2887143.55,93940877.0,129.48,119.79,122.09
2025-01-23,129.74,132.06,128.9236,131.17,4078333.0,123.72350000000002,124.93154432094202,0.48605183008344,66.65133390372036,10.48999999999998,131.08540557425414,116.3615944257459,2.626121428571427,2565961.8,98019210.0,129.94,120.72,120.68
2025-01-24,131.34,131.81,130.22,130.6,2726228.0,124.05699999999999,125.47139724275706,0.8667749763994834,70.4766536485081,10.299999999999997,132.0366849957628,116.07731500423718,2.4355071428571415,2589329.7,95292982.0,131.17,123.29,120.3
2025-01-27,128.0,130.0,127.4,128.98,4261869.0,124.19450000000002,125.80554988630401,1.0259537950072257,63.24091773970492,11.039999999999992,132.42274269785236,115.9662573021477,2.493721428571427,2740259.65,91031113.0,130.6,124.53,117.94
2025-01-28,129.61,130.76,127.3,130.0,3647997.0,124.375,126.20502132570363,1.220342284856514,69.20835352263637,11.530000000000001,132.9568155360483,115.79318446395169,2.5369285714285703,2846147.95,94679110.0,128.98,129.48,118.47
2025-01-29,130.0,130.53,128.74,128.85,2188937.0,124.532,126.45692405658899,1.2669960329167083,70.0934578956562,9.059999999999988,133.32884536757786,115.73515463242214,2.3862142857142836,2872919.65,92490173.0,130.0,129.94,119.79
2025-01-30,129.7,131.71,129.08,130.44,2441455.0,124.84100000000001,126.83626462262814,1.4159470203380238,73.53760440902848,9.719999999999999,134.02333062950237,115.65866937049765,2.437642857142855,2863939.0,94931628.0,128.85,131.17,120.72
2025-01-31,130.94,131.57,129.23,129.95,4719029.0,125.14199999999998,127.1328108490445,1.4774220444391801,80.52872388777818,6.659999999999982,134.58944042195233,115.69455957804763,2.470499999999998,2991310.9,90212599.0,130.44,130.6,123.29
2025-02-03,126.87,129.09,126.24,127.85,3850912.0,125.42549999999999,127.20111457770693,1.341228151134544,72.08097923685808,3.319999999999993,134.8389226115256,116.01207738847438,2.524071428571428,3091969.55,86361687.0,129.95,128.98,124.53
2025-02-04,129.05,129.95,127.41,127.69,3209934.0,125.63799999999999,127.24767509411579,1.2064753498145677,69.67131469246021,-1.789999999999992,135.05458246197531,116.22141753802465,2.566571428571428,3171407.65,83151753.0,127.85,130.0,129.48
2025-02-05,127.03,127.05,122.37,124.76,4814898.0,125.77150000000002,127.01075365658096,0.853418592657178,59.14855068713409,-5.179999999999993,135.05099924919514,116.49200075080488,2.722285714285713,3296595.0,78336855.0,127.69,128.85,129.94
2025-02-06,126.08,128.0,125.02,127.48,3931559.0,126.1115,127.05544378452564,0.7840616622044223,59.42420149204054,-3.6899999999999835,135.0992326336936,117.12376736630642,2.7218571428571425,3362063.25,82268414.0,124.76,130.44,131.17
2025-02-07,128.24,128.24,123.79,124.37,3012387.0,126.31500000000001,126.79968723361843,0.4726958430496637,49.66804976367832,-6.22999999999999,134.9250663240934,117.70493367590663,2.9179285714285714,3384557.7,79256027.0,127.48,129.95,130.6
2025-02-10,125.62,126.8,124.85,126.75,2444489.0,126.75550000000001,126.79495511613096,0.4132189665831021,43.660009260973546,-2.2299999999999898,134.40988567097477,119.10111432902525,2.773307142857143,3319976.95,81700516.0,124.37,127.85,128.98
2025-02-11,126.15,127.08,125.5,126.91,1920598.0,127.17749999999998,126.80591177173754,0.3746747589060817,42.86387185114958,-3.0900000000000034,133.76478240427778,120.59021759572217,2.7554571428571424,3306712.35,83621114.0,126.75,127.69,130.0
2025-02-12,124.71,125.62,123.9,124.5,2078023.0,127.41299999999998,126.58630112681016,0.14795579552487936,35.11825075896229,-4.349999999999994,133.1730807742895,121.65291922571046,2.654285714285713,3306903.45,81543091.0,126.91,124.76,128.85
2025-02-13,124.52,125.3525,123.93,125.3,1951803.0,127.64200000000001,126.46379625759015,0.03245853594673065,38.29505297985289,-5.140000000000001,132.5884015628613,122.69559843713873,2.642321428571427,3284217.85,83494894.0,124.5,127.48,130.44
2025-02-14,125.27,125.5,123.08,123.34,2151901.0,127.64450000000002,126.16629185210537,-0.21475394418938265,37.728459507041,-6.609999999999985,132.5816821283446,122.70731787165545,2.6294642857142847,3248195.55,81342993.0,125.3,124.37,129.95
2025-02-18,124.3,125.6899,123.58,125.01,2296124.0,127.6685,126.05616881857154,-0.27277222413432867,39.44138804265005,-2.839999999999989,132.54624440969798,122.79075559030203,2.5330285714285705,3150993.7,83639117.0,123.34,126.75,127.85
2025-02-19,124.3,124.55,122.94,124.43,1781258.0,127.41599999999998,125.9012955977552,-0.3613874323631734,40.4163052660092,-3.259999999999991,132.42010526205314,122.41189473794682,2.520171428571428,3018412.0,81857859.0,125.01,126.91,127.69
2025-02-20,124.45,124.8,122.96,124.75,1438913.0,127.15649999999998,125.79164839796898,-0.40116986123346976,36.94355206437769,-0.010000000000005116,132.14776088911225,122.1652391108877,2.4637428571428575,2947332.35,83296772.0,124.43,124.5,124.76
2025-02-21,124.95,125.22,120.89,121.85,2334382.0,126.6905,125.41625331244813,-0.6591057258898729,33.264462790673434,-5.63000000000001,131.84174706414024,121.53925293585975,2.6058857142857144,2860134.8,80962390.0,124.75,125.3,127.48
2025-02-24,122.03,122.275,119.89,120.68,2758809.0,126.19449999999999,124.96518156840546,-0.9470143865079734,34.59389770157651,-3.6899999999999977,131.66142437347426,120.7275756265257,2.5726714285714283,2861763.85,78203581.0,121.85,123.34,124.37
2025-02-25,119.47,120.97,118.23,119.72,2529171.0,125.73149999999998,124.46564046665256,-1.2383728597955752,33.44412129338521,-7.030000000000001,131.74617074830786,119.7168292516921,2.5869571428571425,2775128.95,75674410.0,120.68,125.01,126.75
2025-02-26,120.58,121.4,119.64,119.86,2173593.0,125.22449999999999,124.02700804125708,-1.4413645655360483,38.48684207994284,-7.049999999999997,131.43062083265366,119.01837916734632,2.378385714285715,2701408.75,77848003.0,119.72,124.43,126.91
2025-02-27,120.37,122.13,119.89,120.0,2575410.0,124.782,123.64348346589927,-1.5728097530474088,29.99999997754007,-4.5,131.15935665419153,118.40464334580847,2.3255285714285714,2720732.4,80423413.0,119.86,124.75,124.5
2025-02-28,120.14,121.83,119.12,121.61,2590561.0,124.34049999999999,123.44981837390885,-1.5294370680144596,41.976744151879366,-3.6899999999999977,130.27586936287105,118.40513063712892,2.2012428571428564,2728187.7,83013974.0,120.0,121.85,125.3
2025-03-03,122.84,123.03,116.4,117.17,2585557.0,123.70150000000001,122.85174043353658,-1.8322141715582632,25.1298026816294,-6.170000000000002,129.84228779448262,117.5607122055174,2.5355285714285705,2621514.1,80428417.0,121.61,120.68,123.34
2025-03-04,115.12,116.67,112.63,114.03,4194619.0,123.01050000000001,122.01157467796166,-2.2990370968810794,21.04316545437929,-10.980000000000004,130.20548794849387,115.81551205150615,2.7112428571428566,2638699.45,76233798.0,117.17,119.72,125.01
2025-03-05,114.74,116.6,113.69,115.84,2853847.0,122.418,121.42380566101293,-2.494194236699471,29.990757836420016,-8.590000000000003,129.9349215423409,114.90107845765911,2.7962428571428566,2620895.1,79087645.0,114.03,119.86,124.43
2025-03-06,114.52,116.87,113.59,116.34,3488631.0,121.997,120.93963369329742,-2.578785223888218,29.006560430829808,-8.409999999999997,129.89512529388583,114.09887470611416,2.928921428571428,2554581.75,82576276.0,115.84,120.0,124.75
2025-03-07,115.33,118.9,114.9435,118.61,3986837.0,121.55349999999999,120.7177638177453,-2.4345897269690084,39.07621244586294,-3.239999999999995,129.14548268258403,113.96151731741594,3.0386714285714285,2557345.65,86563113.0,116.34,121.61,121.85
2025-03-10,113.1,115.15,110.8,111.83,5156081.0,120.9265,119.87131012081717,-2.8347261356281024,25.37369206445321,-8.850000000000009,129.5414521793598,112.31154782064021,3.198678571428572,2664530.35,81407032.0,118.61,117.17,120.68
2025-03-11,112.13,112.24,109.02,110.72,5095008.0,120.125,118.99975677597745,-3.2044657591002874,24.880908745022595,-9.0,129.4149957509493,110.8350042490507,3.313678571428572,2797056.3,76312024.0,111.83,114.03,119.72
2025-03-12,112.46,113.0,110.4,110.84,2263698.0,119.32150000000001,118.22263708302721,-3.4480570224007323,24.32631966258515,-9.019999999999996,128.9154328964235,109.7275671035765,3.3679642857142857,2814211.3,78575722.0,110.72,115.84,119.86
2025-03-13,110.56,111.58,108.68,109.2,2256863.0,118.5565,117.3633383132151,-3.7304369919677214,25.51296940158028,-10.799999999999997,128.8278731465571,108.28512685344292,3.265821428571428,2823153.3,76318859.0,110.84,116.34,120.0
2025-03-14,110.9,112.15,110.03,111.93,2058296.0,117.88799999999999,116.84587752148032,-3.6913849796117546,34.027017142154875,-9.679999999999993,128.05117521871685,107.72482478128315,3.2468928571428566,2828477.95,78377155.0,109.2,118.61,121.61
2025-03-17,112.1,114.32,111.41,113.59,2616866.0,117.4005,116.535793948006,-3.486299955918483,39.08864362594372,-3.5799999999999983,127.3965360038116,107.40446399618838,3.2590357142857136,2851726.2,80994021.0,111.93,111.83,117.17
2025-03-18,112.85,113.31,111.0445,111.85,2724831.0,116.74249999999999,116.08952785771972,-3.4246943110771184,36.51060961565683,-2.180000000000007,126.35463898097078,107.13036101902921,3.2951428571428565,2873161.55,78269190.0,113.59,110.72,114.03
2025-03-19,111.89,112.95,110.9,112.39,4095399.0,116.14050000000002,115.73719187127021,-3.2943230017446723,37.35460284071239,-3.450000000000003,125.21871330671019,107.06228669328985,3.281571428571428,2988868.6,82364589.0,111.85,110.84,115.84
2025-03-20,110.87,112.209,109.72,111.8,3573702.0,115.49300000000001,115.36222121686353,-3.201703622618183,33.12693496856633,-4.540000000000006,123.80022729093062,107.1857727090694,3.2657857142857147,3095608.05,78790887.0,112.39,109.2,116.34
2025-03-21,110.66,113.13,109.93,113.11,9228904.0,115.056,115.14772395811463,-2.988150506520583,42.174248242465715,-5.5,122.85944701162137,107.25255298837862,3.020785714285714,3440334.15,88019791.0,111.8,111.93,118.61
2025-03-24,114.59,115.7,114.3,115.37,2781902.0,114.7905,115.16889310496084,-2.6064989140620867,52.6735833704138,3.5400000000000063,122.13617391484148,107.44482608515851,2.8322142857142856,3441488.8,90801693.0,113.11,113.59,111.83
2025-03-25,115.61,116.246199,114.58,115.3,1656166.0,114.56950000000002,115.18137947591696,-2.2833644879015935,48.84219551098666,4.579999999999998,121.54747580361344,107.5915241963866,2.7433713571428577,3397838.55,89145527.0,115.37,111.85,110.72
2025-03-26,115.0,116.11,113.03,113.59,1986316.0,114.256,115.02981952582962,-2.140585498882402,44.394618808743395,2.75,120.78193336740533,107.73006663259467,2.729085642857143,3388474.7,87159211.0,115.3,112.39,110.84
2025-03-27,113.6,113.61,111.32,112.08,2719235.0,113.86000000000001,114.74888433289347,-2.1247833223131494,36.2641985482668,2.8799999999999955,119.858196220095,107.86180377990503,2.6100499285714287,3395665.95,84439976.0,113.59,111.8,109.2
2025-03-28,111.57,111.85,108.1,108.64,3085436.0,113.2115,114.16708582499885,-2.362604599105751,42.192853617684804,-3.2900000000000063,118.4363808598881,107.9866191401119,2.5671927857142856,3420409.7,81354540.0,112.08,113.11,111.93
2025-03-31,107.97,110.25,106.499,109.64,3372702.0,112.835,113.73593479404657,-2.442235461560287,47.3425196524215,-3.950000000000003,117.94274231720557,107.72725768279442,2.605121357142857,3459766.95,84727242.0,108.64,115.37,113.59
2025-04-01,109.35,110.395,108.18,110.0,2490601.0,112.6335,113.38013148032785,-2.4480746220410907,47.957198410924086,-1.8499999999999943,117.85934780329308,107.40765219670692,2.577621357142857,3374566.05,87217843.0,109.64,115.3,111.85
2025-04-02,108.34,111.99,108.26,111.54,2036458.0,112.4185,113.20488086315376,-2.301902173733552,55.71847503518775,-0.8499999999999943,117.43866261007591,107.39833738992408,2.636907071428571,3333696.6,89254301.0,110.0,113.59,112.39
2025-04-03,105.99,107.22,101.45,101.89,3730368.0,111.696,112.12727316190102,-2.930947666669411,31.665449216825564,-9.909999999999997,118.26131043079131,105.13068956920868,2.897621357142856,3345783.45,85523933.0,111.54,112.08,111.8
2025-04-04,97.05,97.31,92.23,94.57,5816522.0,110.494,110.45515190838664,-3.9743200880104155,21.216707012801663,-18.540000000000006,119.91224746240957,101.07575253759043,3.0526213571428564,3437267.7,79707411.0,101.89,108.64,113.11
2025-04-07,94.0,99.91,90.0553,96.97,6936845.0,109.751,109.17085172663553,-4.555032724810204,27.922848653088465,-18.400000000000006,120.909322643236,98.59267735676401,3.59470707142857,3526305.9,86644256.0,94.57,109.64,115.37
2025-04-08,99.89,100.445,91.94,94.15,4820033.0,108.92249999999999,107.7402944193369,-5.183055073017329,24.652584759723865,-21.14999999999999,122.06253745088091,95.78246254911906,4.055778499999998,3512557.15,81824223.0,96.97,110.0,115.3
2025-04-09,93.29,105.07,92.36,104.43,4978078.0,108.602,107.42502828416197,-4.795972239583975,41.93124588160638,-9.159999999999997,121.85729979410523,95.34670020589478,4.785849928571426,3648276.15,86802301.0,94.15,111.54,113.59
2025-04-10,101.53,102.32,96.01,99.73,3565956.0,108.1285,106.69216844757511,-4.812976034021261,36.36363635325948,-12.349999999999994,121.9579868421,94.2990131579,5.007992785714284,3713730.8,83236345.0,104.43,101.89,112.08
2025-04-11,99.19,101.35,97.61,100.49,3621147.0,107.5565,106.10148573828225,-4.710822584830879,34.35660217659813,-8.150000000000006,121.66742488296424,93.44557511703576,5.17513564285714,3791873.35,86857492.0,99.73,94.57,108.64
2025-04-14,102.16,102.16,99.7436,101.04,3387971.0,106.929,105.61943947749346,-4.533228599455711,35.158201488505114,-8.599999999999994,121.0263904266759,92.8316095733241,5.228721428571425,3830428.6,90245463.0,100.49,96.97,109.64
2025-04-15,100.86,101.6429,99.88,100.44,2972896.0,106.3585,105.126159527256,-4.390290535706455,35.98977199011598,-9.560000000000002,120.54061961739617,92.17638038260384,5.134642857142853,3842831.85,87272567.0,101.04,94.15,110.0
2025-04-16,99.52,100.36,97.7198,98.67,2460362.0,105.67250000000001,104.51128719132686,-4.369466804441856,35.79148123540834,-12.870000000000005,119.95315732675633,91.3918426732437,5.159657142857138,3761080.0,84812205.0,100.44,104.43,111.54
2025-04-17,99.2,101.0479,99.2,99.57,2879178.0,105.061,104.04068841120049,-4.2315625499816605,39.84322507149372,-2.3200000000000074,119.28416257673516,90.83783742326486,5.023792857142852,3726353.8,87691383.0,98.67,99.73,101.89
2025-04-21,97.89,98.54,95.31,96.42,2721637.0,104.22649999999999,103.31490856251473,-4.326577022413332,35.876068365336224,1.8500000000000085,118.41967741956277,90.0333225804372,4.986578571428566,3400990.45,84969746.0,99.57,100.49,94.57
2025-04-22,97.65,100.11,97.605,99.79,2797670.0,103.44750000000002,102.97920298513237,-4.082880930758208,39.75105399404709,2.8200000000000074,116.74758290437273,90.1474170956273,5.007292857142852,3401778.85,87767416.0,96.42,101.04,96.97
2025-04-23,103.31,106.79,100.79,101.07,3838128.0,102.73599999999999,102.79737412940548,-3.74331412469499,39.4349142169104,6.9199999999999875,114.83457825488198,90.637421745118,5.169435714285711,3510876.95,91605544.0,99.79,100.44,94.15
2025-04-24,101.05,105.235,100.69,105.05,2762752.0,102.309,103.01190992660496,-3.1171200273554973,53.60072924452119,0.6199999999999903,113.35133747184602,91.26666252815397,5.081935714285711,3549698.75,94368296.0,101.07,98.67,104.43
2025-04-25,104.62,105.97,104.52,105.28,2636092.0,101.96900000000001,103.22791850502354,-2.572641802632461,64.55558573243334,5.549999999999997,112.12800098694068,91.80999901305934,4.822649999999997,3545541.6,97004388.0,105.05,99.57,99.73
2025-04-28,105.12,106.295,103.42,104.5,2676572.0,101.762,103.34906912359273,-2.1789606658536655,60.70514640745318,4.010000000000005,111.50903107294073,92.01496892705927,4.324099999999997,3525098.4,94327816.0,105.28,96.42,100.49
2025-04-29,104.31,105.4,103.8,105.09,1635313.0,101.53450000000001,103.51487206420295,-1.7986240411312053,66.60595018419906,4.049999999999997,110.70251643013297,92.36648356986704,3.8308857142857127,3438228.95,95963129.0,104.5,99.79,101.04
2025-04-30,103.89,105.33,102.84,105.11,3842208.0,101.29,103.66678901046933,-1.4785469244269223,51.49911813399524,4.670000000000002,109.7401435677638,92.83985643223622,3.1008857142857127,3505809.3,99805337.0,105.09,101.07,100.44
2025-05-01,105.64,107.02,104.52,105.81,2687189.0,101.0035,103.87090434280559,-1.1550842612035837,66.27408988609008,7.140000000000001,108.30021382415462,93.70678617584538,2.8287428571428563,3538345.85,102492526.0,105.11,105.05,98.67
2025-05-02,108.0,109.39,106.51,108.32,2569992.0,101.325,104.29462773872886,-0.6882678240775562,69.16299554731856,8.75,109.31944148998993,93.33055851001008,2.767314285714285,3480327.05,105062518.0,105.81,105.28,99.57
2025-05-05,107.1,109.25,106.74,108.38,2551561.0,102.0155,104.68371081123088,-0.3098986175078693,68.40521559891307,11.959999999999994,109.93861601382,94.09238398618001,2.774,3317079.0,107614079.0,108.32,104.5,96.42
2025-05-06,107.06,108.555,106.53,107.27,4424879.0,102.5305,104.93002406730413,-0.09847090731786068,66.69926645800541,7.47999999999999,110.41163129736749,94.64936870263251,2.792721428571429,3191480.7,103189200.0,108.38,105.09,99.79
2025-05-07,114.96,115.0,108.37,109.86,5066125.0,103.316,105.39954558470374,0.2749094457634129,76.30465439265328,8.790000000000006,110.8018699174566,95.8301300825434,3.077707142857143,3203785.3,108255325.0,107.27,105.11,101.07
2025-05-08,110.52,113.44,109.5272,112.38,3481469.0,103.7135,106.06435076711291,0.7653366802770876,77.98165132845162,7.329999999999998,112.22277240380363,95.20422759619636,3.225200000000001,3128954.85,111736794.0,109.86,105.81,105.05
2025-05-09,113.26,113.54,112.0,112.55,2581418.0,104.35449999999999,106.68203164643549,1.1544140101065778,90.50728270883465,7.269999999999996,113.50740572211487,95.2015942778851,3.1044857142857154,3079727.95,114318212.0,112.38,108.32,105.28
2025-05-12,118.73,120.14,117.01,119.41,4028434.0,105.30050000000001,107.89421910867974,1.9933274279489694,91.9230768680802,14.909999999999997,116.46218158430898,94.13881841569105,3.1491285714285726,3100092.3,118346646.0,112.55,108.38,104.5
2025-05-13,119.85,122.62,119.02,121.49,3944255.0,106.32300000000001,109.18905538404357,2.7938057191024086,92.190082591295,16.39999999999999,119.42027026601652,93.2257297339835,2.977700000000002,3127906.5,122290901.0,119.41,107.27,105.09
2025-05-14,121.35,122.235,121.1,121.47,3305142.0,107.37450000000001,110.3586691569918,3.3875273920106537,90.56324104407682,16.36,121.79317717854084,92.95582282145918,2.7341285714285735,3144518.8,118985759.0,121.49,109.86,105.11
2025-05-15,120.93,121.246,119.59,120.25,2496554.0,108.4535,111.30070066584972,3.7167677067734104,85.25671214349535,14.439999999999998,123.35134198431102,93.55565801568899,2.7488428571428583,3146328.4,116489205.0,121.47,112.38,105.81
2025-05-16,120.2,120.71,119.31,120.61,2712225.0,109.50549999999998,112.18730060243546,3.9610811419091903,88.70735217482448,12.290000000000006,124.72993945904513,94.28106054095484,2.6434857142857147,3137980.75,119201430.0,120.25,112.55,108.32
2025-05-19,118.92,120.12,118.77,119.58,2651858.0,110.66349999999997,112.89136721172731,4.025189033916902,84.09411759165565,11.200000000000003,125.20504017036502,96.12195982963492,2.625628571428572,3134491.8,116549572.0,120.61,119.41,108.38
2025-05-20,118.68,119.38,117.46,117.99,2770708.0,111.5735,113.3769512868009,3.9027073078953975,78.22085884771727,10.719999999999999,125.51548849368048,97.63151150631951,2.584914285714287,3133143.7,113778864.0,119.58,121.49,107.27
2025-05-21,117.07,118.515,116.1,116.15,2243610.0,112.32750000000001,113.64105116424844,3.615489917902522,71.57762934048054,6.290000000000006,125.48685508738227,99.16814491261776,2.5788428571428588,3053417.8,111535254.0,117.99,121.47,109.86
2025-05-22,115.79,118.25,114.83,117.35,3058506.0,112.9425,113.99428438670097,3.444986379669899,69.93377479121094,4.969999999999999,125.81638196474275,100.06861803525724,2.6174142857142875,3068205.5,114593760.0,116.15,120.25,112.38
2025-05-23,114.95,118.44,114.91,118.24,4430967.0,113.59049999999999,114.3986382546342,3.343139033423043,70.9965928026426,5.689999999999998,126.14104198871702,101.03995801128296,2.6902714285714304,3157949.25,119024727.0,117.35,120.61,112.55
2025-05-27,119.97,121.02,118.865,120.97,2591992.0,114.41400000000002,115.02448223038333,3.4430234312817873,77.29083661027605,1.5600000000000023,126.60941138901805,102.21858861098198,2.6995571428571443,3153720.25,121616719.0,118.24,119.58,119.41
2025-05-28,121.25,121.49,119.38,119.74,2372694.0,115.14649999999999,115.47357916082301,3.3839240457718915,70.80876154206729,-1.75,126.72830474074112,103.56469525925885,2.376700000000002,3190589.3,119244025.0,120.97,117.99,121.49
2025-05-29,120.48,120.62,118.87,119.92,1990244.0,115.88699999999999,115.8970478121732,3.3134168457767146,67.61682238567126,-1.5499999999999972,126.63036632532007,105.1436336746799,2.222214285714287,3097991.1,121234269.0,119.74,116.15,121.47
2025-05-30,119.45,119.65,118.16,119.38,4057168.0,116.5655,116.22875754434718,3.177339502808678,65.68672480846972,-0.8700000000000045,126.29545910631425,106.83554089368575,2.2186428571428585,3166490.05,117177101.0,119.92,117.35,120.25
2025-06-02,119.01,119.16,117.16,118.86,2102153.0,117.0925,116.47935206393316,2.993035721249001,48.217757571286555,-1.75,126.05340191654365,108.13159808345635,2.1379285714285734,3143098.1,115074948.0,119.38,118.24,120.61
2025-06-03,118.95,121.03,118.48,120.39,2626947.0,117.69300000000001,116.85179472451095,2.9365807844572345,46.303763397294865,0.8100000000000023,125.76071630114807,109.62528369885196,2.0629285714285723,3146867.4,117701895.0,118.86,120.97,119.58
2025-06-04,121.0,122.1675,120.465,121.61,2481118.0,118.41000000000001,117.30495713170039,2.956206337860209,50.43532333917324,3.6200000000000045,124.9889200841555,111.83107991584453,2.1034642857142862,3049679.35,120183013.0,120.39,119.74,117.99
2025-06-05,122.38,123.67,121.56,122.5,2823469.0,119.042,117.79972311915749,3.00889067357069,57.142857092063494,6.349999999999994,124.49471578882523,113.58928421117477,2.1358928571428586,2937546.55,123006482.0,121.61,119.92,116.15
2025-06-06,124.07,124.45,122.11,123.51,2668600.0,119.59849999999999,118.34355901257106,3.096448022932776,58.84146336440364,6.160000000000011,124.4241868613939,114.77281313860607,2.203035714285716,2896903.1,125675082.0,122.5,119.38,117.35
2025-06-09,124.18,126.48,124.0,125.6,3303746.0,120.251,119.03464863042144,3.2964835755904573,67.23940429889166,7.359999999999999,124.5658697607982,115.93613023920182,2.2837500000000017,2933019.5,128978828.0,123.51,118.86,118.24
2025-06-10,125.75,127.08,125.1701,126.94,3314763.0,120.62749999999998,119.78753923704797,3.5225344094323248,76.0023241682724,5.969999999999999,125.85166198266012,115.40333801733985,2.2830285714285727,2897335.95,132293591.0,125.6,120.39,120.97
2025-06-11,126.45,128.0,125.71,126.49,3488625.0,120.87750000000001,120.42586883351959,3.6235994854117592,82.68015163353205,6.75,126.7176761869618,115.03732381303823,2.274100000000001,2874554.45,128804966.0,126.94,121.61,119.74
2025-06-12,125.44,126.86,124.75,126.72,3605705.0,121.13999999999999,121.02530989699392,3.6798345223140245,81.54882147194047,6.799999999999997,127.537647593988,114.74235240601197,2.1805285714285723,2889582.6,132410671.0,126.49,122.5,119.92
2025-06-13,125.91,126.94,125.25,125.54,3368306.0,121.40449999999998,121.4552803829945,3.587826821627047,74.10832225643881,6.160000000000011,128.0786558898578,114.73034411014218,2.0491000000000006,2933170.2,129042365.0,126.72,123.51,119.38
2025-06-16,127.26,128.9285,126.45,128.68,2853704.0,121.80800000000002,122.1433489179474,3.725338431383662,74.79099671722997,9.820000000000007,129.21540909317844,114.4005909068216,2.0722071428571445,2940244.15,131896069.0,125.54,125.6,118.86
2025-06-17,128.13,128.87,127.35,127.37,2788013.0,122.19750000000002,122.64112521147622,3.686120023855267,74.4081893127502,6.980000000000004,129.9239927019769,114.47100729802312,2.030064285714288,2947051.9,129108056.0,128.68,126.94,120.39
2025-06-18,127.17,130.07,127.018,128.66,2429527.0,122.731,123.21435138181182,3.716292268397339,76.1051373318117,7.049999999999997,130.70381143043537,114.75818856956464,2.1230642857142876,2929992.85,131537583.0,127.37,126.49,121.61
2025-06-20,129.45,129.835,127.85,128.33,5780119.0,123.33999999999999,123.70155601211546,3.6712557959628356,77.07199025535351,5.8300000000000125,131.05272086607002,115.62727913392996,2.1584214285714305,3106818.3,125757464.0,128.66,126.72,122.5
2025-06-23,128.61,129.565,126.8,129.41,1901243.0,123.94300000000001,124.24521734429494,3.680286983702615,80.86600344458029,5.8999999999999915,131.56915195785055,116.31684804214947,2.213064285714288,3048955.15,127658707.0,128.33,125.54,123.51
2025-06-24,130.29,131.33,129.64,130.73,2723076.0,124.56750000000002,124.86281569245733,3.7507212534850254,80.62796201843658,5.1299999999999955,132.27246183261946,116.8625381673806,2.1516357142857183,2963560.6,130381783.0,129.41,128.68,125.6
2025-06-25,130.94,130.99,129.03,129.44,2589404.0,124.99099999999999,125.2987380074614,3.6602555531323873,73.09734507236804,2.5,132.79387099659414,117.18812900340583,2.1700285714285763,2963431.2,127792379.0,130.73,127.37,126.94
2025-06-26,130.26,133.005,130.02,132.73,3019425.0,125.6405,126.00647724484602,3.8101156961252514,76.43410847183068,6.239999999999995,133.75915810794496,117.52184189205505,2.232528571428575,2995767.75,130811804.0,129.44,128.66,126.49
2025-06-27,133.41,134.15,132.33,133.17,4286977.0,126.303,126.68871750724163,3.919207082274937,75.71884978380922,6.449999999999989,134.6162870185413,117.9897129814587,2.195385714285717,3110604.4,135098781.0,132.73,128.33,126.72
2025-06-30,133.34,133.56,132.47,133.33,2277870.0,127.00049999999999,127.32122060179005,3.9727777456996023,72.9376853993397,7.790000000000006,135.20828443084204,118.79271556915792,2.096100000000003,3021639.5,137376651.0,133.17,129.41,125.54
2025-07-01,132.94,135.96,132.6001,135.51,2724815.0,127.833,128.1011043540005,4.143378376636875,74.22272464448179,6.829999999999984,135.94120792712476,119.72479207287523,2.1996714285714325,3052772.6,140101466.0,133.33,130.73,128.68
2025-07-02,135.87,138.12,134.66,137.79,2874574.0,128.703,129.02385632028617,4.411702194304127,78.94467207452747,10.419999999999987,137.17443832937687,120.23156167062312,2.2832428571428616,3065153.95,142976040.0,135.51,129.44,127.37
2025-07-03,138.11,139.9,137.86,139.76,1475984.0,129.6105,130.04634619454464,4.728802596245117,80.66792092524227,11.099999999999994,138.74528597104805,120.47571402895196,2.278242857142861,3014897.25,144452024.0,137.79,132.73,128.66
2025-07-07,139.07,139.66,137.5,138.4,5800867.0,130.4055,130.84193227125468,4.814863565329944,79.99067158955843,10.069999999999993,139.70084229714357,121.11015770285641,2.311814285714289,3163767.15,138651157.0,139.76,133.17,128.33
2025-07-08,138.9,139.65,138.32,138.73,3312537.0,131.16649999999998,131.59317681684948,4.853744796774436,76.97262474086875,9.319999999999993,140.57627157281965,121.75672842718032,2.229778571428575,3195964.0,141963694.0,138.4,133.33,129.41
2025-07-09,139.7,139.91,138.02,139.8,1939767.0,131.87650000000002,132.37477902476857,4.914250094381657,83.79554099112916,9.070000000000022,141.65351337456022,122.09948662543982,2.256207142857145,3127765.05,143903461.0,138.73,135.51,130.73
2025-07-10,140.0,142.32,139.59,140.67,2237617.0,132.56300000000002,133.16480007002872,4.975053389152208,83.41680572243557,11.22999999999999,142.79795990273237,122.32804009726765,2.2332071428571445,3073907.75,146141078.0,139.8,137.79,129.44
2025-07-11,139.64,140.6207,139.07,140.1,2107746.0,133.24349999999998,133.82529530145456,4.920525447571833,82.31740795428654,7.3700000000000045,143.5875484286738,122.89945157132615,2.2021857142857155,3004863.8,144033332.0,140.67,139.76,132.73
2025-07-14,139.6,140.07,138.915,139.9,1636155.0,133.9025,134.40383860607793,4.805775345791545,80.26543559586189,6.730000000000018,144.17575782387468,123.62924217612535,2.0871857142857158,2906386.3,142397177.0,140.1,138.4,133.17
2025-07-15,140.84,141.1,139.28,139.69,2311834.0,134.61,134.90728254835622,4.64435261253584,77.62022188121571,6.359999999999985,144.39577700435484,124.82422299564519,2.0964714285714274,2853562.7,140085343.0,139.9,138.73,133.33
2025-07-16,140.05,140.86,138.43,140.3,3253660.0,135.19099999999997,135.42087468660802,4.5136156834889505,84.94208486556067,4.7900000000000205,144.87361360975441,125.50838639024553,2.1300428571428562,2873560.5,143339003.0,139.69,139.8,135.51
