Date,Open,High,Low,Close,Volume,SMA_20,EMA_20,MACD,RSI_14,Momentum_10,Bollinger_Upper,Bollinger_Lower,ATR_14,Volume_MA_20,OBV,Lag_1,Lag_5,Lag_10
2023-08-14,16.72,17.045,16.72,17.04,6190,17.028505000000003,16.96704450220576,-0.03301350279297566,50.75757521923782,0.16000000000000014,17.378754628122575,16.67825537187743,0.2668642857142865,8791.0,-4843,16.81,17.11,16.88
2023-08-15,16.89,16.9746,16.67,16.8,5585,17.023004999999998,16.951135501995687,-0.04010135436449147,37.32394329398932,-0.129999999999999,17.384368327734812,16.661641672265183,0.2786285714285722,8476.6,-10428,17.04,17.01,16.93
2023-08-16,16.79,16.79,16.6,16.73,3568,16.986005,16.930074977996096,-0.04980636188935961,39.84962364068068,-0.17999999999999972,17.303541175974694,16.668468824025304,0.27278571428571474,7794.45,-13996,16.8,16.86,16.91
2023-08-17,16.69,16.69,16.34,16.34,12385,16.939,16.873877361044087,-0.08323839995050264,30.409356476180676,-0.6400000000000006,17.340465735576654,16.537534264423346,0.2906428571428576,8291.4,-26381,16.73,16.8,16.98
2023-08-18,16.27,16.54,16.2418,16.3,8240,16.887,16.819222374277984,-0.11097171961854357,32.098765154702065,-0.6499999999999986,17.33633166744446,16.437668332555543,0.29051428571428595,7817.3,-34621,16.34,16.81,16.95
2023-08-21,16.26,16.5,16.22,16.25,7087,16.8445,16.765010719584843,-0.13470859288306514,29.01234542828834,-0.8599999999999994,17.364276267658546,16.324723732341454,0.29551428571428595,7870.4,-41708,16.3,17.04,17.11
2023-08-22,16.4,16.54,16.25,16.41,7385,16.814,16.731200174862476,-0.14037322589802415,35.79545426071796,-0.6000000000000014,17.36127651050211,16.266723489497892,0.28908571428571456,7344.6,-34323,16.25,16.8,17.01
2023-08-23,16.78,16.8,16.2701,16.45,3918,16.7785,16.704419205827953,-0.14031120406228226,34.6820806441912,-0.41000000000000014,17.323381445338047,16.233618554661955,0.29765000000000036,7266.05,-30405,16.41,16.73,16.86
2023-08-24,16.49,16.62,16.45,16.45,6001,16.750999999999998,16.68018880527291,-0.13862745666881793,35.294117356401344,-0.3500000000000014,17.304263999038042,16.197736000961953,0.29493571428571463,7292.6,-30405,16.45,16.34,16.8
2023-08-25,16.5,16.5,16.4,16.4001,6571,16.720505,16.653513680961204,-0.1392987169311617,27.674696278101848,-0.4099000000000004,17.28084905023304,16.160160949766958,0.2776857142857147,7363.25,-36976,16.45,16.3,16.81
2023-08-28,16.4,16.59,16.25,16.26,5190,16.689505,16.616036187536327,-0.14838145979365436,26.99386479882564,-0.7799999999999976,17.28046089104254,16.09854910895746,0.2762571428571433,7029.45,-42166,16.4001,16.25,17.04
2023-08-29,16.36,16.74,16.3093,16.52,3883,16.669005000000002,16.60688988396144,-0.134740505745512,40.22988473378249,-0.28000000000000114,17.253241111156218,16.084768888843787,0.28916428571428604,6783.85,-38283,16.26,16.41,16.8
2023-08-30,16.728,16.728,16.52,16.52,2609,16.649504999999998,16.598614656917494,-0.12252352311301351,41.66666631944438,-0.21000000000000085,17.225853781372408,16.073156218627588,0.2868857142857146,6361.8,-38283,16.52,16.45,16.73
2023-08-31,16.2201,16.79,16.2201,16.46,7932,16.623505,16.58541326102059,-0.11600220398863925,39.88439274081996,0.120000000000001,17.18377003305413,16.063239966945872,0.313307142857143,6486.35,-46215,16.52,16.45,16.34
2023-09-01,16.4366,16.635,16.32,16.38,7920,16.595004999999997,16.565850093304345,-0.11552205064186793,29.113923792661353,0.0799999999999983,17.1432003185345,16.046809681465493,0.3125928571428572,6585.65,-54135,16.46,16.4001,16.3
2023-09-05,16.45,16.45,16.25,16.25,6964,16.552005,16.535769132037263,-0.12354488994508372,31.292516708778663,0.0,17.06382108734305,16.04018891265695,0.30512142857142877,6577.55,-61099,16.38,16.26,16.25
2023-09-06,16.3,16.4,16.0,16.02,7302,16.502505000000003,16.486648262319427,-0.1456940915950895,28.22085865331769,-0.39000000000000057,17.019287456419672,15.985722543580334,0.32012142857142883,6374.7,-68401,16.25,16.52,16.41
2023-09-07,16.2141,16.4399,16.07,16.1,5470,16.464505,16.449824618289007,-0.15530441946919282,40.90909047520665,-0.34999999999999787,16.982371495598187,15.946638504401811,0.3215428571428574,6396.2,-62931,16.02,16.52,16.45
2023-09-08,16.07,16.18,15.85,15.98,11827,16.423505,16.405079416547196,-0.17014001744925977,38.57142818571427,-0.46999999999999886,16.959071657014093,15.887938342985903,0.3238142857142861,6622.35,-74758,16.1,16.46,16.45
2023-09-11,15.84,16.19,15.82,16.05,8180,16.385505000000002,16.371262329256986,-0.17446748089322384,42.95774605534618,-0.35009999999999764,16.913400107104863,15.85760989289514,0.33024285714285756,6710.35,-66578,15.98,16.38,16.4001
2023-09-12,15.9,16.09,15.9,15.92,4588,16.329504999999997,16.328284964565846,-0.18578274948337636,32.374100393354354,-0.34000000000000163,16.799512639243616,15.859497360756377,0.32310000000000044,6630.25,-71166,16.05,16.25,16.26
2023-09-13,16.04,16.33,15.79,15.81,10892,16.280005,16.27892449175005,-0.20093910672796156,28.082191511540657,-0.7099999999999991,16.749903983433217,15.810106016566781,0.3238214285714288,6895.6,-82058,15.92,16.02,16.52
2023-09-14,15.9,16.32,15.6103,15.67,26033,16.227005,16.22093168301195,-0.2212619486144547,25.624999775781262,-0.8499999999999996,16.721661629337323,15.732348370662676,0.3623714285714287,8018.85,-108091,15.81,16.1,16.52
2023-09-15,15.74,15.8885,15.55,15.55,14984,16.187505,16.157033427487004,-0.2438871985995288,24.549427972162178,-0.9100000000000001,16.763629531402895,15.611380468597108,0.3794071428571429,8148.8,-123075,15.67,15.98,16.46
2023-09-18,15.6,15.84,15.535,15.84,20365,16.164505,16.126839767726338,-0.23639845337687504,38.46153816568043,-0.5399999999999991,16.75818081256191,15.570829187438086,0.37690714285714283,8755.05,-102710,15.55,16.05,16.38
2023-09-19,15.76,16.43,15.76,16.16,14437,16.160005,16.129997885085736,-0.20304032437373287,40.425531613852456,-0.08999999999999986,16.752315020086385,15.567694979913618,0.39400000000000013,9122.55,-88273,15.84,15.92,16.25
2023-09-20,16.05,16.21,15.9901,16.02,9436,16.140504999999997,16.11952189602995,-0.18546220515225187,37.6237621154789,0.0,16.723771105108476,15.557238894891519,0.39485000000000003,9225.1,-97709,16.16,15.81,16.02
2023-09-21,15.98,16.22,15.76,15.93,12553,16.114505,16.101472191646145,-0.17657509848273456,37.07317047852468,-0.1700000000000017,16.685920989957353,15.543089010042648,0.38699999999999996,9656.85,-110262,16.02,15.67,16.1
2023-09-22,15.96,16.05,15.851,15.96,2660,16.090005,16.08799864958461,-0.16525726061030532,39.49999972350006,-0.019999999999999574,16.64256116709025,15.537448832909751,0.37871428571428556,9489.8,-107602,15.93,15.55,15.98
2023-09-25,15.87,15.9838,15.8,15.91,2122,16.0655,16.07104639724322,-0.1584068950105575,41.14583303331167,-0.14000000000000057,16.603428776345947,15.527571223654054,0.37755714285714276,9267.35,-109724,15.96,15.84,16.05
2023-09-26,15.895,15.99,15.8,15.8,3733,16.0425,16.045232454648627,-0.15983198743979443,43.88888854753091,-0.11999999999999922,16.584732228361315,15.500267771638685,0.3625571428571428,9194.5,-113457,15.91,16.16,15.92
2023-09-27,15.8,15.99,15.76,15.78,7527,16.005499999999998,16.019972220872567,-0.1606875520705877,40.80459737283654,-0.030000000000001137,16.510234427303363,15.500765572696633,0.3525642857142856,9376.7,-120984,15.8,16.02,15.81
2023-09-28,15.73,15.99,15.73,15.85,11120,15.972,16.003784390313275,-0.15403215341576804,46.15384577150659,0.17999999999999972,16.418535199296223,15.525464800703777,0.3475642857142856,9802.25,-109864,15.78,15.93,15.67
2023-09-29,15.9291,15.9291,15.12,15.4,22828,15.919,15.946281115045343,-0.18239273235872666,34.29951667623517,-0.15000000000000036,16.373215344244727,15.464784655755274,0.3789285714285713,10547.05,-132692,15.85,15.96,15.55
2023-10-02,15.18,15.34,15.1756,15.2,10323,15.860000000000003,15.875206723136262,-0.21824638783539108,33.17756987640843,-0.6400000000000006,16.365714710504886,15.35428528949512,0.37709999999999994,10667.2,-143015,15.4,15.91,15.84
2023-10-03,15.16,15.1837,14.75,14.75,10081,15.785000000000002,15.768044178075666,-0.27925224507304947,28.629032096449023,-1.4100000000000001,16.462813823219438,15.107186176780566,0.36950714285714287,10823.05,-153096,15.2,15.8,16.16
2023-10-04,14.86,14.98,14.6,14.62,10744,15.714999999999998,15.658706637306555,-0.3340920851977405,28.744939108328282,-1.4000000000000004,16.559337173857617,14.870662826142379,0.3459571428571429,10995.15,-163840,14.75,15.78,16.02
2023-10-05,14.74,15.0,14.5842,14.61,21740,15.6405,15.55882981470593,-0.37402450847305246,30.084745584243038,-1.3200000000000003,16.5972593328798,14.683740667120198,0.3514785714285716,11808.65,-185580,14.62,15.85,15.93
2023-10-06,14.6,14.82,14.5,14.59,25463,15.571000000000002,15.46656030854346,-0.40261433304760885,20.095693645292044,-1.370000000000001,16.621291187693842,14.520708812306163,0.3525500000000002,12490.45,-211043,14.61,15.4,15.96
2023-10-09,14.58,15.04,14.48,14.82,15101,15.5095,15.404983136301226,-0.4022492873487913,16.49999988450007,-1.0899999999999999,16.58542750685163,14.43357249314837,0.34469285714285725,12836.5,-195942,14.59,15.2,15.91
2023-10-10,14.82,14.89,14.59,14.75,9754,15.451000000000002,15.342603789986823,-0.40290533322601085,17.098445471824803,-1.0500000000000007,16.55968153084737,14.342318469152634,0.3504142857142858,13094.8,-205696,14.82,14.75,15.8
2023-10-11,14.73,14.85,14.6,14.6,11356,15.3905,15.271879619511887,-0.4106856257015803,16.58291445620067,-1.1799999999999997,16.547692155266567,14.233307844733433,0.33541428571428583,13118.0,-217052,14.75,14.62,15.78
2023-10-12,14.6,14.62,14.34,14.49,4201,15.3315,15.197414893844089,-0.4208004145743871,14.492753525169803,-1.3599999999999994,16.54752068888215,14.115479311117848,0.3412000000000001,12026.4,-221253,14.6,14.61,15.85
2023-10-13,14.68,14.69,14.42,14.45,4444,15.276499999999999,15.126232523001795,-0.427090875646309,14.563106697143951,-0.9500000000000011,16.549098253884317,14.003901746115679,0.347357142857143,11499.4,-225697,14.49,14.59,15.4
2023-10-16,14.42,14.5,14.04,14.04,21701,15.1865,15.022781806525433,-0.45963234431337874,12.711864331370307,-1.1600000000000001,16.54312545736798,13.829874542632018,0.3666428571428573,11566.2,-247398,14.45,14.82,15.2
2023-10-17,14.1,14.35,14.01,14.01,23531,15.078999999999999,14.926326396380153,-0.48226057452901827,12.658227773326942,-0.7400000000000002,16.4514645523176,13.706535447682398,0.37450000000000017,12020.9,-270929,14.04,14.75,14.75
2023-10-18,14.0001,14.1724,13.75,13.88,21346,14.972,14.826676263391567,-0.5047972687379758,9.46502052160072,-0.7399999999999984,16.36902842528438,13.574971574715619,0.38610000000000017,12616.4,-292275,14.01,14.6,14.62
2023-10-19,13.77,13.9506,13.7535,13.82,8904,14.866499999999998,14.730802333544752,-0.5214559918232062,11.274509726547493,-0.7899999999999991,16.277528367054146,13.45547163294585,0.3423857142857143,12433.95,-301179,13.88,14.49,14.61
2023-10-20,13.8,13.89,13.7,13.79,8812,14.758,14.641202111302395,-0.5309408530881878,12.299465148560174,-0.8000000000000007,16.148563687294097,13.3674363127059,0.34421428571428575,12741.55,-309991,13.82,14.45,14.59
2023-10-23,13.73,14.02,13.265,13.28,25639,14.626500000000002,14.51156381498788,-0.5728134412666517,11.9170983591506,-1.540000000000001,16.055261333242303,13.1977386667577,0.3671642857142857,13917.4,-335630,13.79,14.04,14.82
2023-10-24,13.28,13.54,13.0,13.0,17703,14.486500000000001,14.367605356417606,-0.621326688247656,11.057692233265556,-1.75,15.97843304492065,12.994566955079353,0.378592857142857,14615.9,-353333,13.28,14.01,14.75
2023-10-25,13.01,13.01,12.52,12.52,25347,14.323500000000001,14.19164294152069,-0.6903883736354128,9.019607793617851,-2.08,15.928456467683086,12.718543532316916,0.383892857142857,15506.9,-378680,13.0,13.88,14.6
2023-10-26,12.655,12.655,12.1301,12.55,43804,14.1585,14.035295994709196,-0.7342371505564369,10.156249944458068,-1.9399999999999995,15.781107064020855,12.535892935979145,0.3985285714285712,17141.1,-334876,12.52,13.82,14.49
2023-10-27,12.6,13.12,12.6,13.005,41257,14.038750000000002,13.937172566641655,-0.7240443118414408,17.414721635976292,-1.4449999999999985,15.628751241310292,12.448748758689712,0.39567142857142834,18062.55,-293619,12.55,13.79,14.45
2023-10-30,13.0,13.79,12.99,13.32,26666,13.944749999999999,13.878394226961497,-0.6827537328108324,26.402640142034016,-0.7199999999999989,15.466513087585144,12.422986912414855,0.43138571428571393,18879.7,-266953,13.005,13.28,14.04
2023-10-31,13.55,13.95,13.55,13.7901,11398,13.896754999999999,13.869985252965163,-0.605228140553935,37.91230096690482,-0.2198999999999991,15.371403390527055,12.422106609472943,0.44209999999999955,18945.55,-255555,13.32,13.0,14.01
2023-11-01,13.665,13.7894,13.38,13.38,8553,13.834755000000001,13.823319990778005,-0.5702176079707968,34.79535354579615,-0.5,15.285443751811155,12.384066248188848,0.4513428571428567,18836.0,-264108,13.7901,12.52,13.88
2023-11-02,13.64,13.91,13.32,13.91,10617,13.799755000000001,13.831575229751529,-0.49411345041486143,43.47857576718516,0.08999999999999986,15.204747737160412,12.39476226283959,0.4741999999999996,18279.85,-253491,13.38,12.55,13.82
2023-11-03,13.7493,14.16,13.59,13.78,12086,13.759255,13.826663303108527,-0.43920304171594715,46.63229867549553,-0.009999999999999787,15.11413855759135,12.40437144240865,0.4820571428571424,17611.0,-265577,13.91,13.005,13.79
2023-11-06,13.7026,14.19,13.63,13.91,9739,13.713755,13.834600131383905,-0.3808280701977278,48.73743733086104,0.6300000000000008,14.97664717021041,12.450862829789592,0.49777142857142803,17342.9,-255838,13.78,13.32,13.28
2023-11-07,13.93,14.0288,13.73,13.73,4192,13.662754999999999,13.824638214109248,-0.345083285031226,48.12976892079778,0.7300000000000004,14.828060400178002,12.497449599821996,0.4889428571428566,17064.8,-260030,13.91,13.7901,13.0
2023-11-08,13.73,13.8502,13.49,13.75,17374,13.620255,13.81752981276551,-0.3115525175968763,49.11843214758499,1.2300000000000004,14.700533493284222,12.539976506715778,0.5005928571428566,17365.7,-242656,13.73,13.38,12.52
2023-11-09,14.04,14.09,13.625,14.09,17767,13.600255,13.84347935440689,-0.2546543987452985,53.504508960080585,1.5399999999999991,14.626178123158542,12.574331876841459,0.5202357142857137,18044.0,-224889,13.75,13.91,12.55
2023-11-10,14.09,14.375,13.905,14.1,6777,13.582755,13.867909892082425,-0.2063777633663051,60.84598675947204,1.0949999999999989,14.558353624273327,12.607156375726674,0.49987857142857095,18160.65,-218112,14.09,13.78,13.005
2023-11-13,14.05,14.05,13.47,13.47,14597,13.554255000000001,13.8300137118841,-0.21638616843280367,55.689796915486625,0.15000000000000036,14.50663826092178,12.601871739078222,0.5027357142857138,17805.45,-232709,14.1,13.91,13.32
2023-11-14,15.55,16.45,14.52,16.31,90365,13.669255000000001,14.066202882180852,0.004488302204466166,79.19786738332098,2.519899999999998,15.220508341113435,12.118001658886568,0.6055928571428567,21147.15,-142344,13.47,13.73,13.7901
2023-11-15,16.33,17.3,16.33,17.3,53029,13.840255000000003,14.37418356006839,0.25636052530840914,81.8783386826801,3.92,16.087284089334542,11.593225910665463,0.6373857142857141,22731.3,-89315,16.31,13.75,13.38
2023-11-16,17.3,17.3,16.5001,16.83,72946,13.990755000000002,14.608070840061878,0.41332149318059486,75.61887142224396,2.919999999999998,16.605231846511977,11.376278153488027,0.6573785714285714,25933.4,-162261,17.3,14.09,13.91
2023-11-17,17.48,17.48,16.595,16.75,43065,14.138755,14.812064093389317,0.5252088882581702,73.71995227904078,2.9700000000000006,17.026246134987503,11.251263865012495,0.6634500000000001,27646.05,-205326,16.83,14.1,13.78
2023-11-20,16.75,18.61,16.742,18.23,61816,14.386255,15.137581798780811,0.7248290120802494,76.94081369435185,4.32,17.769785529506883,11.002724470493117,0.768307142857143,29454.9,-143510,16.75,13.47,13.91
2023-11-21,18.32,18.4893,17.825,18.36,35496,14.654254999999997,15.444478770325496,0.8833242130409928,81.28140689221863,4.629999999999999,18.40467366882533,10.903836331174665,0.7865142857142858,30344.55,-108014,18.23,16.31,13.73
2023-11-22,18.5,19.185,18.135,19.04,58078,14.980255,15.78690936362783,1.0516314664426112,81.6276200810374,5.289999999999999,19.067873936547407,10.89263606345259,0.8193714285714285,31981.1,-49936,18.36,17.3,13.75
2023-11-24,19.14,19.75,19.14,19.5,33793,15.327755,16.140537043282322,1.2081753273349172,83.8862557850228,5.41,19.716084407812687,10.939425592187314,0.8222285714285713,31480.55,-16143,19.04,16.83,14.09
2023-11-27,19.41,20.135,19.4,19.93,64935,15.674005,16.501438277255435,1.3513296639092403,84.43935913247701,5.83,20.372504272376904,10.975505727623094,0.8347285714285716,32664.45,48792,19.5,16.75,14.1
2023-11-28,19.99,20.18,19.3801,19.55,93154,15.985505,16.791777488945392,1.4177921140730376,82.55033544119635,6.08,20.850024360895414,11.120985639104585,0.8705214285714289,35988.85,-44362,19.93,18.23,13.47
2023-11-29,19.43,19.43,19.15,19.15,19680,16.2535,17.01637010904583,1.4218155725780015,78.96995696292066,2.84,21.19866574146169,11.30833425853831,0.8647928571428576,36402.95,-64042,19.55,18.36,16.31
2023-11-30,19.17,19.36,19.02,19.03,18188,16.536,17.208144384374798,1.39919614119178,77.14285702417584,1.7300000000000004,21.435312089198696,11.636687910801307,0.8558642857142862,36884.7,-82230,19.15,19.04,17.3
2023-12-01,19.1,19.18,18.9701,19.18,16169,16.7995,17.395940157291484,1.3774873011568012,77.48917737176966,2.3500000000000014,21.670935430947925,11.928064569052072,0.8372857142857147,37162.3,-66061,19.03,19.5,16.83
2023-12-04,18.99,19.42,18.99,19.18,20078,17.069499999999998,17.56585061850182,1.3447799420163769,83.15911717024069,2.4299999999999997,21.83368867008965,12.305311329910346,0.8265714285714293,37561.9,-66061,19.18,19.93,16.75
2023-12-05,19.3545,19.38,19.0771,19.37,14970,17.342499999999998,17.737674369120693,1.3189781905369173,75.67114076184633,1.1400000000000006,21.968112334997855,12.716887665002142,0.7103500000000006,37823.45,-51091,19.18,19.55,18.23
2023-12-06,19.45,19.56,19.2904,19.47,13801,17.6295,17.90265776253777,1.2917049716504678,71.40039428015669,1.1099999999999994,22.017548241350724,13.241451758649278,0.6603214285714287,38303.9,-37290,19.37,19.15,18.36
2023-12-07,19.48,19.8,19.48,19.8,13444,17.932000000000002,18.08335702324846,1.2819304485743928,80.12170362642928,0.7600000000000016,22.01770086753148,13.846299132468522,0.6260428571428572,38107.4,-23846,19.47,19.03,19.04
2023-12-08,19.68,20.1,19.54,19.82,26329,18.2185,18.24875159246289,1.261257492317796,81.51950695251068,0.3200000000000003,21.95884771814489,14.478152281855104,0.6028285714285716,38535.5,2483,19.8,19.18,19.5
2023-12-11,19.82,20.3118,19.82,20.0,18077,18.5135,18.415537155085474,1.2450408758065379,74.78991567309279,0.07000000000000028,21.78779076289815,15.23920923710185,0.5045285714285718,39100.5,20560,19.82,19.18,19.93
2023-12-12,19.95,20.35,19.8,20.1,26451,18.845,18.575962187934476,1.2261211167816697,74.57627089150631,0.5500000000000007,21.175886436304335,16.514113563695663,0.4963642857142861,39693.2,47011,20.0,19.37,19.55
2023-12-13,19.97,20.34,19.82,20.15,18418,19.037,18.725870550988336,1.2013119135245383,69.07216461614767,1.0,21.106651381780377,16.96734861821962,0.4585071428571434,36095.85,65429,20.1,19.47,19.15
2023-12-14,20.14,20.14,19.71,19.99,15482,19.171499999999998,18.84626383184659,1.1554236767794848,59.386972861525805,0.9599999999999973,21.1114215936408,17.231578406359198,0.44565000000000055,34218.5,49947,20.15,19.8,19.03
2023-12-15,19.95,20.05,19.6492,20.05,23922,19.3325,18.960905371670723,1.1110888663500447,52.678571099330384,0.870000000000001,20.964184631551785,17.700815368448215,0.4217785714285718,31767.3,73869,19.99,19.82,19.18
2023-12-18,19.99,20.64,19.6739,20.48,27867,19.519,19.105581050559227,1.0979854381606842,70.30567642607883,1.3000000000000007,20.6975968463881,18.340403153611895,0.43365000000000037,31007.4,101736,20.05,20.0,19.18
2023-12-19,20.46,20.59,20.036,20.5,21532,19.6325,19.238382855267872,1.0768012675395973,85.34031351059465,1.129999999999999,20.72229718055106,18.54270281944894,0.4532214285714287,28993.2,123268,20.48,20.1,19.37
2023-12-20,20.5,20.6,20.195,20.4,18303,19.7345,19.349013059528076,1.039956746827258,86.24338560454628,0.9299999999999997,20.6972914459639,18.771708554036103,0.45786428571428595,28133.55,104965,20.5,20.15,19.47
2023-12-21,20.3299,20.43,20.03,20.43,8497,19.804,19.451964196715878,1.001631045933621,85.3107337885026,0.629999999999999,20.756324579785357,18.85167542021464,0.4714428571428572,25654.5,113462,20.4,19.99,19.8
2023-12-22,20.34,20.34,19.75,19.89,16156,19.823500000000003,19.493681892266746,0.9171192411890736,65.36796497179589,0.07000000000000028,20.765530840930047,18.881469159069958,0.4828714285714284,24772.65,97306,20.43,20.05,19.82
2023-12-26,19.89,19.95,19.55,19.86,10837,19.82,19.528569331098485,0.8380618663170338,61.395348437425596,-0.14000000000000057,20.760884242558532,18.87911575744147,0.4898071428571428,22067.75,86469,19.89,20.48,20.0
2023-12-27,19.8,20.06,19.55,19.73,16578,19.829,19.5477532043272,0.7562027776735718,55.96330239289625,-0.370000000000001,20.762423805139022,18.89557619486098,0.5069785714285714,18238.95,69891,19.86,20.5,20.1
2023-12-28,19.655,19.7488,19.5619,19.68,4085,19.8555,19.56034813724842,0.6794623199016492,46.84210491800552,-0.46999999999999886,20.73637217544539,18.97462782455461,0.4974714285714284,17459.2,65806,19.73,20.4,20.15
2023-12-29,19.65,19.7299,19.2975,19.56,9356,19.881999999999998,19.560314981319998,0.6020233404636031,43.49999969549998,-0.4299999999999997,20.686921702632393,19.077078297367603,0.4883571428571426,17017.6,56450,19.68,20.43,19.99
2024-01-02,19.57,20.1,19.57,20.1,14521,19.928,19.61171355452762,0.5775630815089059,52.11864375861825,0.05000000000000071,20.666407960269723,19.18959203973028,0.491085714285714,16935.2,70971,19.56,19.89,20.05
2024-01-03,20.03,20.1541,19.41,19.6,14455,19.949,19.61059797790594,0.5119352323919415,40.9420287778303,-0.879999999999999,20.618513570476996,19.279486429523008,0.5049499999999997,16654.05,56516,20.1,19.86,20.48
2024-01-04,19.61,19.61,19.13,19.14,8730,19.9375,19.56577912286728,0.4179917874706476,34.06940048045068,-1.3599999999999994,20.655065328036564,19.219934671963436,0.5020928571428568,16342.05,47786,19.6,19.73,20.5
2024-01-05,19.3152,19.4599,18.92,18.96,12592,19.912,19.508085873070396,0.32526827697891747,33.855799224457385,-1.4399999999999977,20.728890123385284,19.095109876614714,0.5099428571428568,16281.6,35194,19.14,19.68,20.4
2024-01-08,19.19,19.2999,19.03,19.03,6112,19.8735,19.46255388515893,0.25449849706254923,34.06249985097661,-1.3999999999999986,20.780253027362903,18.966746972637097,0.5005928571428567,15915.0,41306,18.96,19.56,20.43
2024-01-09,19.0401,19.5,19.0,19.27,15603,19.845999999999997,19.4442154199057,0.21529565250335736,29.900332086842326,-0.620000000000001,20.79209223985613,18.89990776014386,0.46729999999999955,15378.7,56909,19.03,20.1,19.89
2024-01-10,19.25,19.26,18.84,18.84,9819,19.788,19.386671094200395,0.1478281334146594,25.730994046715253,-1.0199999999999996,20.831548601748253,18.744451398251748,0.4577285714285712,14965.8,47090,19.27,19.6,19.86
2024-01-11,18.99,19.2148,18.84,18.91,7090,19.7285,19.341273847133692,0.09886801641221155,28.02359870432737,-0.8200000000000003,20.831171874656327,18.625828125343673,0.45557142857142835,13997.75,54180,18.84,19.14,19.73
2024-01-12,19.16,19.27,18.93,19.2,6130,19.681,19.32781919502572,0.08251474602372966,33.15068480435353,-0.4800000000000004,20.789054720290515,18.572945279709486,0.4512857142857141,13383.35,60310,18.91,18.96,19.68
2024-01-16,19.21,19.4999,19.0002,19.07,16049,19.634999999999998,19.30326498597565,0.05839223800619564,37.34567885097547,-0.48999999999999844,20.765207246947575,18.50479275305242,0.44483571428571417,13411.7,44261,19.2,19.03,19.56
2024-01-17,19.28,19.28,18.9,19.0,22505,19.582500000000003,19.274382606358923,0.033243655335123634,36.89024374498068,-1.1000000000000014,20.728970556465494,18.436029443534512,0.44340714285714306,13340.85,21756,19.07,19.27,20.1
2024-01-18,18.94,19.27,18.94,19.24,8698,19.520500000000002,19.271108072419977,0.03230587663978923,42.77286118028905,-0.360000000000003,20.5944298222687,18.446570177731303,0.4305500000000002,12382.4,30454,19.0,18.84,19.6
2024-01-19,19.4,19.4,19.0,19.07,9651,19.449,19.251954922665693,0.01764235017503779,41.31054114576993,-0.07000000000000028,20.43517602784438,18.462823972155622,0.4457714285714288,11788.35,20803,19.24,18.91,19.14
2024-01-22,18.8901,19.7,18.8901,19.56,20106,19.407000000000004,19.281292549078483,0.04503946408325277,49.99999981958763,0.5999999999999979,20.28865156024611,18.5253484397539,0.47273571428571437,11878.5,40909,19.07,19.2,18.96
2024-01-23,19.3482,19.71,19.3305,19.51,7840,19.361,19.30307421107101,0.06200270593659951,41.297934932692876,0.4800000000000004,20.10282988545053,18.619170114549473,0.46198571428571433,11845.65,33069,19.56,19.07,19.03
2024-01-24,19.59,19.85,19.376,19.55,14907,19.344,19.326590952873772,0.0777771696442855,49.146757444349944,0.28000000000000114,20.04947930701882,18.63852069298118,0.4426928571428572,11783.2,47976,19.51,19.0,19.27
2024-01-25,19.525,19.67,19.3544,19.67,9944,19.3345,19.359296576409605,0.0988220510515525,60.231659906083756,0.8300000000000018,20.015411927220953,18.653588072779044,0.4309500000000003,11738.55,57920,19.55,19.24,18.84
2024-01-26,19.7,19.7,19.3426,19.68,10357,19.332,19.38983975960869,0.11498171268693369,64.8760326825354,0.7699999999999996,20.007140531180198,18.656859468819803,0.41791428571428596,11427.5,68277,19.67,19.07,18.91
2024-01-29,19.53,19.79,19.5,19.76,15113,19.336,19.425093115836436,0.13271365670236435,65.02057575708318,0.5600000000000023,20.020702009713304,18.651297990286693,0.41935000000000017,11978.9,83390,19.68,19.56,19.2
2024-01-30,19.74,19.8068,19.55,19.55,4468,19.3355,19.4369890095663,0.12834209388289963,55.83333300763893,0.4800000000000004,20.019527546382967,18.651472453617032,0.40197857142857146,11734.5,78922,19.76,19.51,19.07
2024-01-31,19.7298,19.84,19.56,19.56,7686,19.308500000000002,19.448704341988556,0.12425218884148492,68.18181769972459,0.5599999999999987,19.902124903719486,18.71487509628052,0.39197857142857145,11392.75,86608,19.55,19.55,19.0
2024-02-01,19.62,19.85,19.46,19.46,17857,19.3015,19.449780118942027,0.1116548364610459,63.68159159624773,0.22000000000000242,19.883846433337776,18.719153566662225,0.39306428571428575,11562.85,68751,19.56,19.67,19.24
2024-02-02,19.46,19.85,19.44,19.85,11213,19.337,19.487896298090405,0.13162315272259661,65.40284316794336,0.7800000000000011,19.96283333917364,18.71116666082636,0.39806428571428576,11687.0,79964,19.46,19.68,19.07
2024-02-05,19.69,20.15,19.69,19.77,31261,19.377499999999998,19.51476331731989,0.1393862149065157,66.99029080686215,0.21000000000000085,20.005441499119115,18.74955850088088,0.3952285714285712,12620.45,48703,19.85,19.76,19.56
2024-02-06,19.9,20.1,19.8701,20.1,13207,19.431,19.570500144241805,0.170204245850325,73.70689610694124,0.5899999999999999,20.11417833073007,18.747821669269932,0.38450714285714255,12975.2,61910,19.77,19.55,19.51
2024-02-07,20.12,20.3,19.9301,20.1,8268,19.472500000000004,19.62092870193306,0.19240976674798915,70.67307644739287,0.5500000000000007,20.212937281895794,18.732062718104213,0.38735714285714273,12608.45,61910,20.1,19.56,19.55
2024-02-08,20.09,20.34,20.055,20.2,35501,19.5405,19.676078349368005,0.21559162664989984,78.10945219227253,0.5299999999999976,20.28613925241166,18.79486074758834,0.3791428571428571,13892.55,97411,20.1,19.46,19.67
2024-02-09,20.25,20.67,20.1684,20.67,12253,19.628500000000003,19.7707375541901,0.268789500766335,77.88944668821505,0.990000000000002,20.470084345461878,18.786915654538127,0.35712142857142887,14150.7,109664,20.2,19.85,19.68
2024-02-12,20.73,20.75,20.31,20.36,19500,19.6865,19.826857787124375,0.28267658716031363,68.88888846024685,0.5999999999999979,20.562910742445492,18.810089257554505,0.3614428571428575,14819.2,90164,20.67,19.77,19.76
2024-02-13,20.21,20.675,20.21,20.43,11135,19.7545,19.88429990263634,0.2959193664831332,69.29824518851949,0.879999999999999,20.640495722931444,18.868504277068556,0.36080000000000034,14573.5,101299,20.36,20.1,19.55
2024-02-14,22.0,23.0,21.7101,22.08,103283,19.9085,20.093414197623353,0.4345448944510544,81.62729628798363,2.5199999999999996,21.213797304307242,18.603202695692758,0.4303928571428572,18612.4,204582,20.43,20.1,19.56
2024-02-15,22.39,22.4,21.09,22.17,31956,20.055,20.291184274040177,0.5453819484749758,82.00514109304058,2.710000000000001,21.666230324284804,18.443769675715195,0.49843571428571437,19775.3,236538,22.08,20.2,19.46
2024-02-16,22.24,23.18,21.794,23.03,33708,20.253,20.55202386698873,0.6946082182055058,85.0107063832655,3.1799999999999997,22.275381087519875,18.230618912480125,0.5767214285714287,20978.15,270246,22.17,20.67,19.85
2024-02-20,23.2,24.05,23.03,23.03,65574,20.426499999999997,20.788021593942183,0.8036075982827029,89.01345263538374,3.2600000000000016,22.768656226530126,18.084343773469868,0.6312357142857145,23251.55,270246,23.03,20.36,19.77
2024-02-21,23.0,23.1887,22.4501,22.99,17374,20.6005,20.997733823090545,0.8766571733107078,88.19599081631532,2.889999999999997,23.162698685750836,18.038301314249164,0.6639928571428574,23728.25,252872,23.03,20.43,20.1
2024-02-22,22.495,22.78,22.06,22.39,32353,20.7425,21.130330601843827,0.8760364543314232,79.35871721221997,2.289999999999999,23.373432394258362,18.111567605741637,0.6875642857142861,24600.55,220519,22.99,22.08,20.1
2024-02-23,22.34,22.83,22.2,22.82,14735,20.9,21.29125149690632,0.8998685522651471,79.52286260172556,2.620000000000001,23.635659258560448,18.16434074143955,0.7032785714285718,24840.1,235254,22.39,22.17,20.2
2024-02-26,22.64,23.25,22.6,23.24,20492,21.078,21.47684659243905,0.9417895507736098,82.30912455263912,2.5699999999999967,23.939788914206254,18.216211085793745,0.7168500000000003,25346.85,255746,22.82,23.03,20.67
2024-02-27,23.01,23.245,23.01,23.04,9171,21.242,21.625718345540093,0.9479466618988681,78.05343490596408,2.6799999999999997,24.16112459841178,18.32287540158822,0.717214285714286,25049.75,246575,23.24,23.03,20.36
2024-02-28,23.1298,23.235,22.78,23.0,14921,21.4145,21.756602312631514,0.9387769229585103,77.4621210067292,2.5700000000000003,24.320345107619087,18.508654892380914,0.7232928571428572,25572.4,231654,23.04,22.99,20.43
2024-02-29,23.0,23.0,22.1001,22.27,5190,21.55,21.805497330476133,0.8626610209592869,67.5126901954014,0.19000000000000128,24.342252439198614,18.757747560801388,0.7672142857142857,25447.6,226464,23.0,22.39,22.08
2024-03-01,22.3,22.82,22.21,22.5,20730,21.701999999999998,21.87164044185936,0.8115426452991414,66.13756597426348,0.3299999999999983,24.342036682360792,19.061963317639204,0.7749571428571426,25591.25,247194,22.27,22.82,22.17
2024-03-04,22.48,22.99,22.48,22.99,18815,21.859,21.97815087596799,0.8013324253057235,72.47863230517935,-0.0400000000000027,24.407170860998566,19.310829139001438,0.7799571428571423,25971.35,266009,22.5,23.24,23.03
2024-03-05,23.02,23.135,22.83,23.13,8249,22.026999999999997,22.08785079254247,0.795369010583169,72.80405388188231,0.09999999999999787,24.434427978919462,19.619572021080533,0.7685285714285711,24820.75,274258,22.99,23.04,23.03
2024-03-06,23.25,23.25,22.31,22.69,18039,22.1565,22.145198336109853,0.7465332001690683,56.47558369625096,-0.29999999999999716,24.400577820209882,19.91242217979012,0.7435357142857141,25062.35,256219,23.13,23.0,22.99
2024-03-07,22.67,23.16,22.34,23.16,31318,22.3095,22.2418461136232,0.737256764801284,59.7249507198135,0.7699999999999996,24.37322657307626,20.24577342692374,0.7085357142857143,26214.85,287537,22.69,22.27,22.39
2024-03-08,23.25,23.41,22.3,22.65,21305,22.432,22.280717912325752,0.6809034855733742,45.991561045594516,-0.1700000000000017,24.244002091319814,20.619997908680183,0.6888214285714286,25505.05,266232,23.16,22.5,22.82
2024-03-11,22.68,22.68,22.11,22.21,21356,22.508999999999997,22.27398287305663,0.5938928624389526,42.08494197119899,-1.0299999999999976,24.126143680756453,20.89185631924354,0.6566785714285714,25960.2,244876,22.65,22.99,23.24
2024-03-12,22.06,23.0,22.06,23.0,22435,22.641000000000002,22.34312736133695,0.5819739000885242,50.08431691379757,-0.03999999999999915,23.913906330534893,21.36809366946511,0.6710642857142857,26106.95,267311,22.21,23.13,23.04
2024-03-13,22.7,22.96,22.3031,22.72,37193,22.7555,22.379019993590575,0.5436673743466969,52.94117633847121,-0.28000000000000114,23.48846729301626,22.022532706983743,0.6665571428571427,27409.85,230118,23.0,22.69,23.0
2024-03-14,22.61,22.72,21.9099,22.25,26468,22.764,22.366732375153376,0.4699667116877073,44.95575210099459,-0.019999999999999574,23.467327429924506,22.060672570075493,0.6794214285714284,23569.1,203650,22.72,23.16,22.27
2024-03-15,22.08,22.3436,21.72,21.89,17338,22.75,22.321329291805437,0.3781503969590325,37.9248657368608,-0.6099999999999994,23.51182606109822,21.98817393890178,0.6775357142857141,22838.2,186312,22.25,22.65,22.5
2024-03-18,21.9,21.9,21.48,21.61,13782,22.679,22.253583644966824,0.279568996344544,37.38977063078363,-1.379999999999999,23.582464676151005,21.77553532384899,0.6907499999999998,21841.9,172530,21.89,22.21,22.99
2024-03-19,21.75,21.8999,21.11,21.14,33052,22.5845,22.14752805973189,0.16165408064119546,34.75409828089222,-1.9899999999999984,23.703135917441188,21.46586408255881,0.7146714285714284,20215.8,139478,21.61,23.0,23.13
2024-03-20,21.05,22.3,20.94,22.23,29778,22.5465,22.155382530233616,0.1543798010366828,49.69040236909201,-0.46000000000000085,23.658752811095344,21.43424718890466,0.7475357142857142,20836.0,169256,21.14,22.72,22.69
2024-03-21,22.24,22.38,21.5,22.34,22627,22.544,22.172965146401843,0.15569617904852606,48.738170239379436,-0.8200000000000003,23.657957383669412,21.43004261633059,0.7668214285714284,20349.7,191883,22.23,22.25,23.16
2024-03-22,22.2,22.39,22.1125,22.28,16884,22.517,22.18315894198262,0.15016689599829647,43.993231706276624,-0.36999999999999744,23.628965542820943,21.405034457179056,0.7502142857142857,20457.15,174999,22.34,21.89,22.65
2024-03-25,22.2,22.39,21.615,21.85,17725,22.4475,22.151429518936656,0.10982158703822265,39.67741926524454,-0.35999999999999943,23.542827396381185,21.35217260361882,0.7837857142857142,20318.8,157274,22.28,21.61,22.21
2024-03-26,21.65,22.2,21.52,21.71,10474,22.381,22.10938861237126,0.06579241021638893,41.69491515530019,-1.2899999999999991,23.48631538723714,21.27568461276286,0.7652142857142855,20383.95,146800,21.85,21.14,23.0
2024-03-27,21.75,22.1,21.55,21.79,6175,22.3205,22.07897064928828,0.03692860436850154,37.568057980770796,-0.9299999999999997,23.415569812722858,21.22543018727714,0.7459285714285713,19946.65,152975,21.71,22.23,22.72
2024-03-28,21.71,21.71,21.3579,21.36,13902,22.275,22.01049725411797,-0.020408282727096605,38.121546863038354,-0.8900000000000006,23.451497925378998,21.098502074621,0.691792857142857,20382.25,139073,21.79,22.34,22.25
2024-04-01,21.25,21.25,20.088,20.42,21122,22.171,21.85902132515435,-0.14008344834995867,34.90725118234374,-1.4699999999999989,23.60361116037889,20.73838883962111,0.7340785714285712,20401.85,117951,21.36,22.28,21.89
2024-04-02,20.3,20.4,20.0,20.05,12660,22.024,21.686733579901556,-0.2617652894964877,23.230489959123958,-1.5599999999999987,23.687508024437655,20.360491975562347,0.6955071428571424,20094.1,105291,20.42,21.85,21.61
2024-04-03,19.92,20.3399,19.71,19.71,16867,21.853,21.49847323895855,-0.3812394664175258,22.980251288739026,-1.4299999999999997,23.727539662788836,19.978460337211168,0.6935785714285709,20525.0,88424,20.05,21.71,21.14
2024-04-04,19.3498,20.026,19.3498,19.825,6374,21.70975,21.33909483524821,-0.461326198307475,26.749760234995804,-2.405000000000001,23.74588792056899,19.67361207943101,0.6840142857142855,19941.75,94798,19.71,21.79,22.23
2024-04-05,19.7,20.085,19.49,19.54,7980,21.52875,21.16775246998648,-0.5415499587240618,27.140077747089236,-2.8000000000000007,23.66328772882785,19.394212271172147,0.6819714285714286,18774.85,86818,19.825,21.36,22.34
2024-04-08,19.36,20.1799,18.62,18.75,12478,21.333750000000002,20.937490329987767,-0.6612517197466659,24.690265425546215,-3.530000000000001,23.733133418604414,18.93436658139559,0.7633928571428571,18333.5,74340,19.54,20.42,22.28
2024-04-09,18.74,19.88,18.74,19.1,33085,21.178250000000002,20.762491250941313,-0.7195793074363195,31.555153627165964,-2.75,23.736381050920638,18.620118949079366,0.7884000000000001,18919.95,107425,18.75,20.05,21.85
2024-04-10,19.01,19.02,17.44,18.06,43032,20.931250000000002,20.505111131804046,-0.8400401371962758,11.952554713989798,-3.650000000000002,23.694493469852837,18.168006530147167,0.8041142857142857,19949.8,64393,19.1,19.71,21.71
2024-04-11,18.06,18.475,17.32,17.64,28737,20.67725,20.232243404965566,-0.9583494262402432,9.412780633544202,-4.149999999999999,23.67237142799273,17.682128572007272,0.823757142857143,19527.0,35656,18.06,19.825,21.79
2024-04-12,17.64,18.5833,17.09,17.16,19874,20.42275,19.939648794968846,-1.0784111049304315,8.776167452034372,-4.199999999999999,23.706303073954167,17.139196926045834,0.9106000000000003,19197.3,15782,17.64,19.54,21.36
2024-04-15,17.25,17.43,16.64,16.83,27471,20.16975,19.643491766876576,-1.1865117095088031,8.919803580216453,-3.5900000000000034,23.74416268639084,16.59533731360916,0.9116714285714286,19703.95,-11689,17.16,18.75,20.42
2024-04-16,17.0,17.065,16.5,16.79,15156,19.92875,19.371730646221664,-1.2608752946941912,9.06821961281942,-3.2600000000000016,23.736630851464184,16.120869148535817,0.9034571428571431,19772.65,-26845,16.83,19.1,20.05
2024-04-17,16.8,17.1267,16.52,16.52,15532,19.697750000000003,19.100137251343412,-1.3263068649617722,7.499999983064512,-3.1900000000000013,23.74900123621674,15.646498763783267,0.907507142857143,18896.65,-42377,16.79,18.06,19.71
2024-04-18,17.09,17.09,16.5,16.825,19269,19.427500000000002,18.88345751312023,-1.3381258313941196,12.674897090131921,-3.0,23.488604983155547,15.366395016844455,0.9245000000000001,18371.2,-23108,16.52,17.64,19.825
2024-04-19,17.005,17.035,16.8,16.81,5681,19.151000000000003,18.68598536901354,-1.3333329880011107,14.951456270034853,-2.7300000000000004,23.129344802605903,15.172655197394104,0.8582857142857144,17523.9,-28789,16.825,17.16,19.54
2024-04-22,16.59,16.85,16.14,16.2,20837,18.847,18.449224857678917,-1.3630441852015487,14.285714248608528,-2.5500000000000007,22.74703427785211,14.946965722147896,0.8804285714285717,17721.55,-49626,16.81,16.83,18.75
2024-04-23,16.2,16.63,16.0,16.01,14603,18.555,18.216917728376163,-1.3859456113157727,14.69465644928907,-3.09,22.3821619277283,14.727838072271698,0.8804357142857145,17565.45,-64229,16.2,16.79,19.1
2024-04-24,16.5899,16.5899,15.9,16.19,17005,18.279,18.023877944721292,-1.3737351009999337,15.739868007472566,-1.8699999999999974,21.940743329416563,14.617256670583435,0.8814142857142858,17892.0,-47224,16.01,16.52,18.06
2024-04-25,16.1,16.97,15.885,16.86,17010,18.0325,17.913032426176407,-1.2950660808698338,26.449912061458903,-0.7800000000000011,21.346296518861934,14.718703481138064,0.9164142857142856,18433.75,-30214,16.19,16.825,17.64
2024-04-26,16.97,16.97,16.26,16.27,8979,17.778,17.75655314749294,-1.265737736172781,27.41347898291643,-0.8900000000000006,20.783246990462622,14.772753009537375,0.8557071428571427,18187.6,-39193,16.86,16.81,17.16
2024-04-29,16.26,16.8,16.01,16.09,22033,17.561500000000002,17.59783380011266,-1.2426942973530721,21.710526258656486,-0.7399999999999984,20.383645693579613,14.739354306420392,0.8307071428571425,18233.15,-61226,16.27,16.2,16.83
2024-04-30,16.0,16.0,15.66,15.74,34363,17.345999999999997,17.42089724772098,-1.2383987843994646,24.94600424422373,-1.049999999999999,20.022518948972902,14.669481051027093,0.7421357142857141,19318.3,-95589,16.09,16.01,16.79
2024-05-01,15.88,16.1001,15.56,16.01,13796,17.161,17.28652608127136,-1.199382089524331,31.808035614885597,-0.509999999999998,19.654770343539337,14.667229656460666,0.6982142857142855,19164.75,-81793,15.74,16.19,16.52
2024-05-02,16.08,16.35,16.08,16.26,12171,16.982750000000003,17.18876169257885,-1.135202265253298,39.41176457605537,-0.5649999999999977,19.1649349866109,14.800565013389107,0.6108357142857141,19454.6,-69622,16.01,16.86,16.825
2024-05-03,16.52,16.7,16.28,16.31,11316,16.82125,17.105070102809435,-1.0679935456260488,43.45088145886338,-0.5,18.657183363657296,14.9853166363427,0.5844071428571427,19621.4,-58306,16.26,16.27,16.81
2024-05-06,16.5,17.79,16.5,17.61,25086,16.764249999999997,17.153158664446632,-0.8994625866389221,57.83938799048732,1.4100000000000001,18.40886889682382,15.119631103176175,0.6361928571428568,20251.8,-33220,16.31,16.09,16.2
2024-05-07,17.68,17.68,17.15,17.15,9928,16.66675,17.152857839261237,-0.7938675271454834,55.81180797391783,1.139999999999997,17.91073457851353,15.42276542148647,0.6307142857142854,19093.95,-43148,17.61,15.74,16.01
2024-05-08,17.15,17.59,16.4001,17.55,26065,16.64125,17.19068090218874,-0.6701806039981761,56.57298263063978,1.3599999999999994,17.781572553629598,15.500927446370401,0.6735642857142856,18245.6,-17083,17.15,16.01,16.19
2024-05-09,17.5,17.56,17.27,17.48,10470,16.633249999999997,17.218235101980287,-0.5712215540901404,56.01436251630144,0.620000000000001,17.745981466163336,15.52051853383666,0.677492857142857,17332.25,-27553,17.55,16.26,16.86
2024-05-10,17.24,17.2999,16.86,16.88,15907,16.61925,17.186022235125023,-0.5350431300898002,56.115107772372035,0.6099999999999994,17.71092314850116,15.527576851498843,0.6581999999999999,17133.9,-43460,17.48,16.31,16.27
2024-05-13,16.88,17.3,16.24,16.24,26079,16.58975,17.09592487939883,-0.551654979089701,51.91347741650768,0.14999999999999858,17.68930242090422,15.490197579095778,0.6889142857142858,17064.3,-69539,16.88,17.61,16.09
2024-05-14,16.19,16.65,15.94,16.45,30637,16.57275,17.034408224217987,-0.5416311588127805,52.15231775991184,0.7099999999999991,17.669776963157823,15.475723036842174,0.6903500000000001,17838.35,-38902,16.24,17.15,15.74
2024-05-15,16.72,16.845,15.92,16.27,73596,16.56025,16.96160744095913,-0.5419642765119548,44.684684571966564,0.259999999999998,17.66547431636036,15.455025683639638,0.6789214285714287,20741.55,-112498,16.45,17.55,16.01
2024-05-16,16.17,16.22,15.4,15.71,28474,16.5045,16.842406732296357,-0.5807213960035718,44.927536117937414,-0.5500000000000007,17.664617507660104,15.344382492339895,0.6867785714285716,21201.8,-140972,16.27,17.48,16.26
2024-05-17,15.76,15.9738,15.24,15.24,32883,16.426,16.689796567315753,-0.6419616274390982,42.68502571470046,-1.0699999999999985,17.705414339700837,15.14658566029916,0.6827642857142859,22561.9,-173855,15.71,16.88,16.31
2024-05-20,15.24,15.24,14.39,14.39,59204,16.3355,16.47076832280949,-0.7504323266147317,39.302694049090704,-3.219999999999999,17.905327010248524,14.765672989751474,0.7191928571428574,24480.25,-233059,15.24,16.24,17.61
2024-05-21,14.54,14.9,14.05,14.41,63213,16.2555,16.27450467301811,-0.8252691156347325,36.79867978297334,-2.7399999999999984,18.043135603984254,14.467864396015749,0.7413285714285716,26910.75,-169846,14.39,16.45,17.15
2024-05-22,14.52,15.5,14.42,15.465,77641,16.21925,16.19740898987353,-0.7903376120909389,44.20975956024229,-2.085000000000001,18.041545472604334,14.396954527395666,0.7991857142857143,29942.55,-92205,14.41,16.27,17.55
2024-05-23,15.2325,15.45,15.2,15.31,22567,16.14175,16.112893847980814,-0.766327600159725,42.826398766202374,-2.17,17.981067021414123,14.302432978585873,0.7870428571428573,30220.4,-114772,15.465,15.71,17.48
2024-05-24,15.47,16.0,15.05,15.34,36270,16.09525,16.03928491007788,-0.7363900968559758,30.08771922434596,-1.5399999999999991,17.96764074588178,14.222859254118218,0.7627571428571429,31584.95,-78502,15.31,15.24,16.88
2024-05-28,15.5,15.54,15.4,15.53,27949,16.067249999999998,15.990781585308557,-0.6893861835842099,35.08287283772371,-0.7099999999999991,17.9566427595925,14.177857240407493,0.7348999999999999,31880.75,-50553,15.34,14.39,16.24
2024-05-29,15.51,15.51,15.14,15.27,31054,16.04375,15.922135720041076,-0.6654442427857177,28.44990540674881,-1.1799999999999997,17.961755748852738,14.125744251147259,0.676335714285714,31715.3,-81607,15.53,14.41,16.45
2024-05-30,15.49,15.86,15.3,15.56,15279,16.02125,15.887646603846688,-0.6159689995641884,32.577132403615266,-0.7099999999999991,17.951441904830777,14.09105809516922,0.6956214285714283,31789.45,-66328,15.27,15.465,16.27
2024-05-31,15.4087,15.77,15.4087,15.59,18278,15.98775,15.859299308242242,-0.5677935925536328,36.94331973335902,-0.120000000000001,17.923742809360437,14.051757190639561,0.6900071428571425,32094.8,-48050,15.56,15.31,15.71
2024-06-03,15.59,15.9,14.91,15.07,37681,15.925749999999999,15.784127945552505,-0.565060225547878,37.86307042944338,-0.16999999999999993,17.897383773509343,13.954116226490655,0.6850071428571424,33413.05,-85731,15.59,15.34,15.24
2024-06-04,15.05,15.9116,15.05,15.45,25531,15.817749999999998,15.752306236452267,-0.5261658765656669,39.97995980767145,1.0599999999999987,17.6312214456564,14.004278554343594,0.6958357142857138,33435.3,-60200,15.07,15.53,14.39
2024-06-05,15.45,15.81,15.45,15.67,11814,15.74375,15.744467547266337,-0.47214704666218665,44.03578516570556,1.2599999999999998,17.44567731306245,14.041822686937548,0.655478571428571,33529.6,-48386,15.45,15.27,14.41
2024-06-06,15.6,15.7,15.31,15.55,11983,15.64375,15.725946828479067,-0.4340166577520641,48.25708046283243,0.08500000000000085,17.11870896463903,14.168791035360972,0.6247642857142853,32825.5,-60369,15.67,15.56,15.465
2024-06-07,15.55,15.92,15.55,15.67,23117,15.55325,15.720618559100108,-0.3896237133135614,55.07075453514374,0.35999999999999943,16.749622917570168,14.356877082429833,0.598778571428571,33457.85,-37252,15.55,15.59,15.31
2024-06-10,15.06,15.41,15.06,15.28,16709,15.473250000000002,15.67865488680486,-0.38151387046897334,61.77248654369978,-0.0600000000000005,16.497699916579418,14.448800083420586,0.5630642857142852,33497.95,-53961,15.67,15.07,15.34
2024-06-11,15.17,15.4,15.1,15.2,9106,15.42125,15.633068707109159,-0.3771940348027325,60.286458113538956,-0.33000000000000007,16.385647139204536,14.456852860795465,0.5237785714285711,32649.3,-63067,15.28,15.45,15.53
2024-06-12,15.71,15.8368,15.3101,15.48,11281,15.372750000000002,15.618490735003524,-0.34717485876083565,50.2446979760438,0.21000000000000085,16.208261031771073,14.53723896822893,0.4842571428571425,31681.5,-51786,15.2,15.67,15.27
2024-06-13,15.49,15.605,15.0,15.0,34230,15.30925,15.55958685547938,-0.35798975019920753,45.42772842596217,-0.5600000000000005,16.044685960932163,14.573814039067836,0.5096142857142854,29713.2,-86016,15.48,15.55,15.56
2024-06-14,15.0001,15.33,15.0,15.05,5808,15.276250000000001,15.511054774005153,-0.3583946965372924,45.7478003986894,-0.5399999999999991,15.995012642909845,14.557487357090157,0.46532857142857115,28579.9,-80208,15.0,15.67,15.59
2024-06-17,15.0,15.4494,15.0,15.36,24523,15.28225,15.496668605052282,-0.32989834780478944,47.59206779991814,0.28999999999999915,16.001741596820544,14.562758403179457,0.48742857142857127,28161.9,-55685,15.05,15.28,15.07
2024-06-18,15.44,15.72,15.27,15.27,14831,15.326250000000002,15.475081118856826,-0.31099211039021313,49.999999791666674,-0.17999999999999972,15.911011534843237,14.741488465156767,0.49314285714285716,25943.25,-70516,15.36,15.2,15.45
2024-06-20,15.21,15.37,15.13,15.13,6712,15.36225,15.44221625039427,-0.30380355259132763,43.30218049650139,-0.5399999999999991,15.771954322139248,14.952545677860751,0.47028571428571425,23118.2,-77228,15.27,15.48,15.67
2024-06-21,15.08,15.35,15.0657,15.35,9796,15.3565,15.433433750356722,-0.27715948556184955,46.47058804394463,-0.20000000000000107,15.763350548016943,14.949649451983058,0.46478571428571425,19725.95,-67432,15.13,15.0,15.55
2024-06-24,15.35,15.3745,15.2,15.2,11924,15.350999999999999,15.411201964608463,-0.26509180343406946,52.145214280517145,-0.47000000000000064,15.763433088672834,14.938566911327165,0.4065357142857143,19193.8,-79356,15.35,15.05,15.67
2024-06-25,15.25,15.69,15.08,15.6,23942,15.363999999999999,15.429182729883847,-0.22070724595346114,52.459016152647145,0.3200000000000003,15.791102847222886,14.936897152777112,0.3885642857142857,18577.4,-55414,15.2,15.36,15.28
2024-06-26,15.53,16.15,15.41,16.1,16463,15.392500000000002,15.493070088942527,-0.1435317982423996,56.45645621910201,0.9000000000000021,15.928444812556197,14.856555187443806,0.41570714285714266,18003.1,-38951,15.6,15.27,15.2
2024-06-27,16.011,16.23,15.62,15.77,20382,15.4175,15.519444366186097,-0.10775579995205398,53.1073444227393,0.28999999999999915,15.975574697887014,14.859425302112987,0.4314214285714285,17469.5,-59333,16.1,15.13,15.48
2024-06-28,15.79,16.01,15.79,16.0,11254,15.4395,15.565211569406468,-0.06015060715360754,54.52054773608557,1.0,16.05315085221295,14.82584914778705,0.42070714285714306,17268.25,-48079,15.77,15.35,15.0
2024-07-01,16.0,16.21,15.78,16.14,24242,15.466999999999999,15.61995332470109,-0.010999523350044171,62.64705856557094,1.0899999999999999,16.153964336774933,14.780035663225064,0.4264214285714289,17566.45,-23837,16.0,15.2,15.05
2024-07-02,16.18,16.277,15.84,15.9,10914,15.508500000000002,15.646624436634319,0.008489212231122423,59.831460438865044,0.5400000000000009,16.194764487911947,14.822235512088056,0.4362071428571432,16228.1,-34751,16.14,15.6,15.36
2024-07-03,16.24,16.24,15.83,16.055,6304,15.538749999999999,15.68551734743105,0.03602609372666343,58.369723197328625,0.7850000000000001,16.26625384336159,14.81124615663841,0.4278714285714288,15266.75,-28447,15.9,16.1,15.27
2024-07-05,16.27,16.5,16.01,16.5,19012,15.580250000000001,15.763087123866189,0.09268859502203419,72.05882323269896,1.3699999999999992,16.42459013475525,14.735909865244752,0.41965714285714295,15626.65,-9435,16.055,15.77,15.13
2024-07-08,16.3751,16.5,16.02,16.06,11725,15.605749999999997,15.791364540640837,0.1009262974397469,63.324538024658665,0.7099999999999991,16.47663143491799,14.734868565082001,0.4303714285714287,15613.75,-21160,16.5,16.0,15.35
2024-07-09,16.17,16.17,16.0,16.0,7765,15.62225,15.811234584389329,0.10144385579852866,59.039547789109136,0.8000000000000007,16.510586559028095,14.733913440971904,0.4104142857142859,14846.15,-28925,16.06,16.14,15.2
2024-07-10,16.23,16.36,16.08,16.15,4520,15.66575,15.843497957304631,0.1126591068055749,62.2222219802469,0.5499999999999989,16.5686067234941,14.762893276505897,0.3982714285714288,14236.7,-24405,16.0,15.9,15.6
2024-07-11,16.22,16.45,16.1,16.35,3782,15.723249999999998,15.891736247085143,0.1361165357869094,66.66666641165754,0.25,16.647441111473658,14.799058888526337,0.40612857142857156,13970.5,-20623,16.15,16.055,16.1
2024-07-12,16.218,16.64,16.14,16.64,19146,15.78125,15.962999461648463,0.1760775807728745,67.29222494850102,0.870000000000001,16.783467935119045,14.779032064880955,0.42153571428571446,14363.75,-1477,16.35,16.5,15.77
2024-07-15,16.6,16.9,16.5825,16.8,15994,15.871249999999998,16.042713798634324,0.21814304239299886,71.3903740643141,0.8000000000000007,16.900975947190016,14.84152405280998,0.4317500000000001,13451.95,14517,16.64,16.06,16.0
2024-07-16,16.85,17.49,16.85,17.38,25171,15.98775,16.17007438924058,0.2948821583853878,72.7040813729956,1.2399999999999984,17.145517702361815,14.829982297638185,0.433892857142857,14420.1,39688,16.8,16.0,16.14
2024-07-17,17.305,17.69,17.26,17.69,15385,16.10425,16.314829209312904,0.3763742616112502,71.31367265458672,1.790000000000001,17.449742572687956,14.758757427312043,0.41175,13963.2,55073,17.38,16.15,15.9
2024-07-18,17.43,17.9256,17.3477,17.87,25768,16.23425,16.462940713187866,0.4502911599660919,79.32960862831997,1.8150000000000013,17.73393865189816,14.734561348101838,0.40945714285714274,14510.05,80841,17.69,16.35,16.055
2024-07-19,17.7153,18.2,17.5983,18.2,16842,16.38775,16.628374930979497,0.5293965228670849,79.89130404389178,1.6999999999999993,18.032942277996547,14.742557722003452,0.43672142857142837,15016.55,97683,17.87,16.64,16.5
2024-07-22,18.29,18.44,17.88,18.27,28381,16.53375,16.784720175648115,0.5909246957989822,79.50138473323562,2.210000000000001,18.30463997845433,14.762860021545674,0.4460071428571427,15945.8,126064,18.2,16.8,16.06
2024-07-23,18.085,18.68,18.085,18.52,11058,16.69975,16.949984920824484,0.6523393646122706,86.18784497054425,2.5199999999999996,18.5641773143587,14.835322685641303,0.45729285714285683,15902.5,137122,18.27,17.38,16.0
2024-07-24,18.64,18.64,17.99,18.45,5526,16.84225,17.09284349979358,0.6874381579693711,83.87553007800355,2.3000000000000007,18.78670087634704,14.89779912365296,0.47443571428571424,14981.7,131596,18.52,17.69,16.15
2024-07-25,18.5,18.58,18.18,18.49,9416,16.96175,17.225906023622763,0.710294042691821,81.78913701436167,2.139999999999997,19.00536721361656,14.918132786383438,0.4680071428571428,14629.35,141012,18.45,17.87,16.35
2024-07-26,18.3157,18.53,18.3157,18.53,5876,17.09975,17.350105449944405,0.7232974390579123,95.2380947496948,1.8900000000000006,19.17699634273874,15.022503657261261,0.44902857142857144,13904.05,146888,18.49,18.2,16.64
2024-07-29,18.38,18.38,18.12,18.12,5953,17.205750000000002,17.42342874042589,0.6925360267081047,84.41558403187722,1.3200000000000003,19.262971618949717,15.148528381050287,0.4554571428571426,13639.0,140935,18.53,18.27,16.8
2024-07-30,18.37,18.37,18.12,18.31,4579,17.31425,17.507864098480567,0.6756997517423926,84.61538423570019,0.9299999999999997,19.36368451764277,15.264815482357234,0.4533142857142854,12655.85,145514,18.12,18.52,17.38
2024-07-31,18.325,18.48,18.3239,18.48,4123,17.44325,17.60044847005385,0.6683699094891402,84.46601903478178,0.7899999999999991,19.44203456488999,15.44446543511001,0.4394642857142857,12316.3,149637,18.31,18.45,17.69
2024-08-01,18.23,18.64,18.23,18.43,7820,17.561999999999998,17.679453377667766,0.6510218004973716,81.40350837205291,0.5599999999999987,19.49461862167434,15.629381378325652,0.4330357142857143,12392.1,141817,18.48,18.49,17.87
2024-08-02,18.16,18.305,18.0,18.0,7309,17.637,17.709981627413693,0.5957089311000523,69.23076892011832,-0.1999999999999993,19.51164073751137,15.76235926248863,0.4321428571428572,11806.95,134508,18.43,18.53,18.2
2024-08-05,17.8,17.9,16.71,17.02,43655,17.685000000000002,17.644269091469532,0.46740729356866595,44.88636345783834,-1.25,19.434616499332687,15.935383500667315,0.47142857142857153,13403.45,90853,18.0,18.12,18.27
2024-08-06,16.78,17.36,16.55,16.58,7720,17.714000000000002,17.542910130377194,0.32645977368118295,34.79452041448674,-1.9400000000000013,19.36231524833542,16.065684751664584,0.4985714285714286,13401.2,83133,17.02,18.31,18.52
2024-08-07,16.58,17.0,16.58,16.7,11566,17.7415,17.462632975103176,0.2218831153701437,33.70473524460547,-1.75,19.295608646205547,16.18739135379445,0.4872928571428573,13753.5,94699,16.58,18.48,18.45
2024-08-08,16.73,16.89,16.71,16.88,3907,17.768,17.407144120331445,0.15178022790022538,30.813953362966487,-1.6099999999999994,19.238003222338143,16.297996777661858,0.4571714285714287,13759.75,98606,16.7,18.43,18.49
2024-08-09,16.72,16.88,16.72,16.79,1496,17.7755,17.348368489823688,0.08794713683670707,28.612716647231807,-1.740000000000002,19.22262382622268,16.328376173777322,0.4285999999999999,12877.25,97110,16.88,18.0,18.53
2024-08-12,16.75,16.813,16.57,16.57,7031,17.764000000000003,17.27423815745953,0.019383351696376394,21.574343935265105,-1.5500000000000007,19.246975671447643,16.281024328552363,0.4034571428571428,12429.1,90079,16.79,17.02,18.12
2024-08-13,16.5,16.71,16.4,16.5,8748,17.72,17.20050119008243,-0.04013965206030079,21.574343935265105,-1.8099999999999987,19.29999333776087,16.140006662239127,0.3791714285714285,11607.95,81331,16.57,16.58,18.31
2024-08-14,16.5,16.75,16.34,16.75,5923,17.673,17.157596314836486,-0.06637403220256033,26.09890099852076,-1.7300000000000004,19.311588609620873,16.034411390379123,0.3798857142857143,11134.85,87254,16.5,16.7,18.48
2024-08-15,16.8,16.9,16.75,16.9,5742,17.624499999999998,17.133063332471107,-0.0742058225533917,28.26666656113774,-1.5300000000000011,19.295635447595693,15.953364552404302,0.375292857142857,10133.55,92996,16.75,16.88,18.43
2024-08-16,16.95,16.99,16.815,16.88,6112,17.5585,17.108962062711953,-0.08109163182933088,31.54761891617059,-1.120000000000001,19.238177600644125,15.878822399355872,0.3692214285714283,9597.05,86884,16.9,16.79,18.0
2024-08-19,16.85,17.06,16.85,17.06,4853,17.497999999999998,17.10429900912034,-0.07120340113568702,31.343283451102707,0.03999999999999915,19.156808703796138,15.839191296203856,0.3663642857142853,8420.65,91737,16.88,16.57,17.02
2024-08-20,17.05,17.09,16.95,16.96,4871,17.42,17.090556246346974,-0.07062198504779715,26.82926817816775,0.38000000000000256,19.022209001413643,15.817790998586359,0.36521428571428516,8111.3,86866,17.06,16.5,16.58
2024-08-21,17.0,17.1,16.95,17.09,2711,17.351999999999997,17.090503270504406,-0.058991280311271765,30.05952368427576,0.39000000000000057,18.88405194360215,15.819948056397847,0.34664285714285675,7970.55,89577,16.96,16.75,16.7
2024-08-22,16.96,17.13,16.96,17.13,5033,17.284,17.0942648637897,-0.046015756313391165,35.35353518688565,0.25,18.72116680348978,15.846833196510218,0.33699999999999947,7751.4,94610,17.09,16.9,16.88
2024-08-23,17.23,17.3,17.0001,17.25,14032,17.22,17.109096781524013,-0.02575270183137235,55.4502365989084,0.46000000000000085,18.532097557348695,15.907902442651302,0.2734214285714283,8159.2,108642,17.13,16.88,16.79
2024-08-26,17.29,17.49,17.2715,17.35,14757,17.1815,17.132039945188392,-0.0016064032880152013,71.75141186185337,0.7800000000000011,18.425843411730142,15.937156588269858,0.2311714285714283,8599.4,123399,17.25,17.06,16.57
2024-08-27,17.32,17.38,17.25,17.33,6508,17.1325,17.15089328374188,0.015734501876529805,68.86227487181326,0.8299999999999983,18.26157740632523,16.00342259367477,0.2104571428571424,8695.85,116891,17.35,16.96,16.5
2024-08-28,17.25,17.46,17.25,17.33,10720,17.075,17.167951066242654,0.02914137057372912,65.10067052925544,0.5799999999999983,18.0167229450659,16.133277054934098,0.21259999999999962,9025.7,116891,17.33,17.09,16.75
2024-08-29,17.23,17.35,17.16,17.16,7201,17.0115,17.16719382183859,0.025751978582132296,61.78343893951079,0.26000000000000156,17.70781435732073,16.315185642679275,0.21474285714285685,8994.75,109690,17.33,17.13,16.9
2024-08-30,17.22,17.4,17.22,17.39,8168,16.981,17.188413457853965,0.041150580536712056,75.94936641563856,0.5100000000000016,17.53361674165587,16.428383258344134,0.21024285714285693,9037.7,117858,17.16,17.25,16.88
2024-09-03,17.32,17.38,16.8,16.81,18020,16.970499999999998,17.152374080915493,0.006478253527692601,57.41626755797712,-0.25,17.527955686226015,16.41304431377398,0.22952857142857092,7755.95,99838,17.39,17.35,17.06
2024-09-04,16.81,16.89,16.19,16.47,10775,16.964999999999996,17.087386073209256,-0.047883008407126226,43.577981371517524,-0.490000000000002,17.54055465239644,16.38944534760355,0.2502428571428566,7908.7,89063,16.81,17.33,16.96
2024-09-05,16.2,16.26,15.6,16.22,23063,16.941,17.004777875760755,-0.10987108532089351,35.08771908279472,-0.870000000000001,17.597430539076328,16.28456946092367,0.28667142857142824,8483.55,66000,16.47,17.33,17.09
2024-09-06,16.29,16.675,16.1,16.49,23433,16.9215,16.955751411402588,-0.13564668877274144,42.29248988454748,-0.6400000000000006,17.60804052665324,16.234959473346763,0.315242857142857,9459.85,89433,16.22,17.16,17.13
2024-09-09,16.6,16.6,16.33,16.39,8130,16.9015,16.901870324602342,-0.16227262664613562,36.32653040466476,-0.8599999999999994,17.626403623358556,16.17659637664144,0.31952857142857166,9791.55,81303,16.49,17.39,17.25
2024-09-10,16.3005,16.42,16.29,16.39,7512,16.8925,16.85312076987831,-0.18128414347964394,37.87234019990946,-0.9600000000000009,17.638884266771935,16.14611573322806,0.3188142857142861,9815.6,81303,16.39,16.81,17.35
2024-09-11,16.24,16.41,16.2,16.41,5307,16.887999999999998,16.81091879179466,-0.1925178487655721,34.82142835379466,-0.9199999999999982,17.645352730169506,16.13064726983049,0.3231000000000003,9643.55,86610,16.39,16.47,17.33
2024-09-12,16.39,16.55,16.335,16.55,3488,16.878,16.78606938305231,-0.18795715805097046,37.60683738183949,-0.7799999999999976,17.648197513970793,16.107802486029208,0.3263142857142861,9521.8,90098,16.41,16.22,17.33
2024-09-13,16.43,16.84,16.43,16.82,3878,16.874000000000002,16.789300870380664,-0.16070354386975438,41.36546161481268,-0.33999999999999986,17.644547310614485,16.10345268938552,0.33417857142857177,9428.6,93976,16.55,16.49,17.16
2024-09-16,16.78,17.18,16.55,17.18,4561,16.889000000000003,16.82651031129679,-0.10880166901528554,46.90909067028096,-0.21000000000000085,17.67162446462659,16.106375535373417,0.36357142857142893,9351.05,98537,16.82,16.39,17.39
2024-09-17,17.09,17.8,17.09,17.55,39108,16.9135,16.895414091173286,-0.037382232377975555,53.54838685494282,0.740000000000002,17.747646901110375,16.079353098889623,0.4050000000000005,11063.8,137645,17.18,16.39,16.81
2024-09-18,17.98,17.98,17.35,17.4,12065,16.935499999999998,16.943469892013926,0.007033363078559063,51.076922856899415,0.9299999999999997,17.797553240510204,16.07344675948979,0.4350000000000004,11423.5,125580,17.55,16.41,16.47
2024-09-19,17.51,17.51,17.33,17.4,6461,16.951,16.986948949917362,0.04175175424156308,53.896103651121585,1.1799999999999997,17.8356027951932,16.0663972048068,0.4342857142857148,11611.0,125580,17.4,16.55,16.22
2024-09-20,17.455,17.55,17.26,17.55,13345,16.972,17.040572859449043,0.08044278145642991,52.666666420888895,1.0600000000000023,17.893659829929526,16.050340170070477,0.4421428571428576,12026.6,138925,17.4,16.82,16.49
2024-09-23,17.2881,17.52,17.085,17.22,8761,16.9705,17.057661158549134,0.0835147511405161,57.454545162049584,0.8299999999999983,17.890350674380553,16.05064932561945,0.4317857142857148,11763.05,130164,17.55,17.18,16.39
2024-09-24,17.1187,17.46,17.04,17.29,8619,16.967499999999998,17.07978866725874,0.0905538755233799,66.53225768893077,0.8999999999999986,17.882517975089723,16.052482024910272,0.411785714285715,11456.15,138783,17.22,17.55,16.39
2024-09-25,17.35,17.59,17.35,17.54,11445,16.978,17.123618317996,0.11497992595819895,76.61290279331422,1.129999999999999,17.91508618937441,16.040913810625593,0.38178571428571473,11703.0,150228,17.29,17.4,16.41
2024-09-26,17.98,17.98,17.4601,17.77,13956,17.0,17.18517847818686,0.151154410759478,76.22950775933886,1.2199999999999989,17.99099099788807,16.00900900211193,0.37785000000000046,11864.8,164184,17.54,17.4,16.55
2024-09-27,17.715,17.89,17.51,17.51,11779,17.0175,17.216113861216684,0.1570329454540733,71.53846115325442,0.6900000000000013,18.032459164333034,16.002540835666963,0.385707142857143,12093.7,152405,17.77,17.55,16.82
2024-09-30,17.3,17.3,15.75,16.19,96889,16.9575,17.118388731577,0.05454994050124995,47.448979422376105,-0.9899999999999984,18.02048239823048,15.894517601769516,0.48713571428571434,16529.75,55516,17.51,17.22,17.18
2024-10-01,16.02,16.27,15.7,15.85,34016,16.9095,16.997589804760143,-0.053487170961563635,43.39622627180492,-1.700000000000001,18.081623129871353,15.73737687012865,0.51285,17329.55,21500,16.19,17.29,17.55
2024-10-02,16.0197,16.0197,15.418049,15.84,27147,16.878,16.88734315668775,-0.13831981189714426,41.36253027273104,-1.5599999999999987,18.130930879767178,15.625069120232823,0.5404679285714286,18148.15,-5647,15.85,17.54,17.4
2024-10-03,15.51,15.9,15.51,15.9,17520,16.862000000000002,16.79331047509844,-0.19842151277965314,38.20512806798161,-1.4999999999999982,18.15775176310103,15.566248236898975,0.5390393571428572,17871.0,11873,15.84,17.77,17.4
2024-10-04,15.99,16.55,15.83,16.2,14262,16.8475,16.736804715565256,-0.21931690221541444,37.239583197564045,-1.3500000000000014,18.167051359164986,15.527948640835016,0.5454679285714288,17412.45,26135,15.9,17.51,17.55
2024-10-07,16.25,16.29,15.85,16.06,23854,16.831,16.67234712360666,-0.24435668707521785,29.362880772553936,-1.1600000000000001,18.18250442490093,15.479495575099069,0.5261822142857143,18198.65,2281,16.2,16.19,17.22
2024-10-08,16.06,16.1399,15.85,15.85,12428,16.804000000000002,16.594028349929836,-0.277942197297147,28.88283367728623,-1.4399999999999995,18.212954819790546,15.395045180209458,0.5018893571428574,18444.45,-10147,16.06,15.85,17.29
2024-10-09,15.91,15.9429,15.76,15.8,18020,16.7735,16.51840660231747,-0.3050768027722981,28.494623548676188,-1.7399999999999984,18.243455602623662,15.303544397376335,0.5020965000000001,19080.1,-28167,15.85,15.84,17.54
2024-10-10,15.6656,15.75,15.3,15.51,26951,16.7215,16.422367878287233,-0.3459933534682733,23.5751294481731,-2.26,18.294700224818477,15.14829977518152,0.5135250714285714,20253.25,-55118,15.8,15.9,17.77
2024-10-11,15.32,15.4965,15.1,15.2,33053,16.6405,16.305951889878923,-0.3988368806113769,23.697916580268014,-2.3100000000000023,18.352998636188616,14.928001363811383,0.5107750714285715,21712.0,-88171,15.51,16.2,17.51
2024-10-14,15.209,15.525,15.11,15.37,13194,16.55,16.21681361465236,-0.4221321012439585,25.634517675410336,-0.8200000000000021,18.332334365228423,14.767665634771578,0.5104179285714286,22143.65,-74977,15.2,16.06,16.19
2024-10-15,15.39,15.99,15.39,15.64,13082,16.454500000000003,16.16187898468547,-0.41403425870601396,26.010100918146136,-0.20999999999999908,18.21578511694116,14.693214883058847,0.5361322142857144,20842.35,-61895,15.37,15.85,15.85
2024-10-16,15.4802,15.62,15.22,15.44,14505,16.3565,16.093128605191616,-0.41892587200257303,20.356234024176274,-0.40000000000000036,18.114384793542786,14.598615206457215,0.5275679285714286,20964.35,-76400,15.64,15.8,15.84
2024-10-17,15.58,15.67,15.43,15.67,8638,16.270000000000003,16.052830642792415,-0.399636670203968,26.41025631545037,-0.23000000000000043,17.981324510123063,14.558675489876945,0.5175679285714286,21073.2,-67762,15.44,15.51,15.9
2024-10-18,15.426456,15.69,15.35,15.69,7200,16.177,16.01827534347885,-0.3783743420688541,40.38461516715974,-0.5099999999999998,17.795057314709457,14.558942685290543,0.43113935714285717,20765.95,-60562,15.67,15.2,16.2
2024-10-21,15.73,15.75,15.43,15.43,15800,16.0875,15.96224912029039,-0.3781446053008146,41.66666643518519,-0.629999999999999,17.66002562526206,14.514974374737934,0.4132822142857143,21117.9,-76362,15.69,15.37,16.06
2024-10-22,15.49,15.5865,15.3505,15.45,8106,15.995500000000002,15.913463489786542,-0.37205983027970824,42.29248988454748,-0.40000000000000036,17.4849078653862,14.5060921346138,0.3871642857142857,21092.25,-68256,15.43,15.64,15.85
2024-10-23,15.6388,15.6388,15.34,15.53,11179,15.895,15.876943157425918,-0.35667079195523854,42.7450978045367,-0.27000000000000135,17.20619070033012,14.58380929966988,0.3806499999999999,21078.95,-57077,15.45,15.44,15.8
2024-10-24,15.5,15.5,15.27,15.36,17504,15.7745,15.827710475766306,-0.3541104822483181,32.64462791032035,-0.15000000000000036,16.76354472784846,14.78545527215154,0.3456499999999999,21256.35,-74581,15.53,15.67,15.51
2024-10-25,15.3925,15.3925,15.19,15.22,9314,15.66,15.769833287598086,-0.35923718567151397,32.64462791032037,0.02000000000000135,16.254678152670664,15.065321847329336,0.32868571428571425,21133.1,-83895,15.36,15.69,15.2
2024-10-28,15.18,15.49,15.172,15.39,9218,15.620000000000001,15.73365868877922,-0.34559870902979384,40.33613421651016,0.02000000000000135,16.170559524006556,15.069440475993446,0.330692857142857,16749.55,-74677,15.22,15.43,15.37
2024-10-29,15.21,15.3799,15.12,15.3,8463,15.592500000000001,15.692357861276438,-0.3381543332103423,39.669421258110795,-0.33999999999999986,16.149593018785545,15.035406981214457,0.336192857142857,15471.9,-83140,15.39,15.45,15.64
2024-10-30,15.22,15.497,15.22,15.49,7465,15.575,15.673085684012015,-0.3133115392413117,49.56896521811833,0.05000000000000071,16.12124074122045,15.02875925877955,0.3238357142857141,14487.8,-75675,15.3,15.53,15.44
2024-10-31,15.26,15.48,15.2,15.2,16644,15.540000000000001,15.6280299045823,-0.3134112130346498,49.99999969565217,-0.47000000000000064,16.088260406818566,14.991739593181435,0.3155142857142857,14444.0,-92319,15.49,15.36,15.67
2024-11-01,15.21,15.365,15.15,15.26,7032,15.493,15.592979437479224,-0.3051313424963151,47.488584171305874,-0.4299999999999997,15.957853117719228,15.028146882280772,0.3012285714285713,14082.5,-85287,15.2,15.22,15.69
2024-11-04,15.13,15.26,14.51,14.55,36031,15.4175,15.493648062481203,-0.3518051608204882,29.277566384073793,-0.879999999999999,15.975725572214627,14.859274427785374,0.311942857142857,14691.35,-121318,15.26,15.39,15.43
2024-11-05,14.55,15.48,14.445,15.48,20385,15.398999999999997,15.492348247006802,-0.31017575739053704,50.59523788442462,0.030000000000001137,15.920168727098936,14.877831272901059,0.3573,15089.2,-100933,14.55,15.3,15.45
2024-11-06,16.07,16.07,15.0401,15.35,27406,15.376500000000002,15.478791271101393,-0.2843957318269261,45.09202434623056,-0.17999999999999972,15.862440217246434,14.89055978275357,0.4137214285714285,15558.5,-128339,15.48,15.49,15.53
2024-11-07,15.22,15.31,15.01,15.13,22117,15.357499999999998,15.445573054806022,-0.27850658664929817,41.907514281299086,-0.22999999999999865,15.851117154014636,14.86388284598536,0.41086428571428574,15316.8,-150456,15.35,15.2,15.36
2024-11-08,15.0,15.17,14.88,15.03,14136,15.348999999999998,15.40599466863402,-0.2786959277590828,43.93939375298439,-0.19000000000000128,15.859599235162017,14.83840076483798,0.4087214285714285,14370.95,-164592,15.13,15.26,15.22
2024-11-11,14.83,15.115,14.7753,14.93,27040,15.326999999999998,15.360661843049828,-0.2836454579418053,42.307692132453354,-0.46000000000000085,15.870636875710478,14.783363124289519,0.4161285714285715,15063.25,-191632,15.03,14.55,15.39
2024-11-12,15.39,16.025,15.39,15.44,73202,15.316999999999998,15.368217857997463,-0.24360710742489466,48.81889745840825,0.1399999999999988,15.843481868534338,14.790518131465658,0.44014285714285706,18069.25,-118430,14.93,15.48,15.3
2024-11-13,15.39,15.8599,15.39,15.72,24227,15.331,15.401720919140562,-0.18712569767615506,54.59183653972305,0.23000000000000043,15.885404374556142,14.776595625443857,0.45727857142857126,18555.35,-94203,15.44,15.35,15.49
2024-11-14,15.63,15.65,15.4,15.49,19646,15.322,15.410128450650985,-0.15908897268572808,53.36658335482988,0.2900000000000009,15.858797521369128,14.78520247863087,0.46067142857142834,19105.75,-113849,15.72,15.13,15.2
2024-11-15,15.44,15.4899,14.95,15.03,42239,15.288999999999998,15.373925741065177,-0.1720050545570384,45.81395333921037,-0.23000000000000043,15.811500062957075,14.766499937042921,0.4765214285714285,20857.7,-156088,15.49,15.03,15.26
2024-11-18,15.2,15.2,14.853,14.87,18814,15.261000000000001,15.325932813344684,-0.19292785312217298,45.08009138875942,0.3199999999999985,15.810981817881899,14.711018182118103,0.48274285714285703,21008.4,-174902,15.03,14.93,14.55
2024-11-19,14.97,14.97,14.76,14.76,20334,15.226499999999998,15.272034450169,-0.21589667988259897,41.49184135643688,-0.7200000000000006,15.811983156304661,14.641016843695335,0.47795714285714286,21619.8,-195236,14.87,15.44,15.48
2024-11-20,14.8,14.89,14.695,14.89,12579,15.1945,15.235650216819572,-0.2210614680296068,46.246973208848054,-0.4599999999999991,15.78009820966135,14.608901790338649,0.4718857142857142,21689.8,-182657,14.76,15.72,15.35
2024-11-21,14.9,16.45,14.89,16.45,45205,15.249,15.35130257712247,-0.0981442910166681,60.5683835083557,1.3199999999999985,16.059247525532943,14.438752474467059,0.5679571428571427,23074.85,-137452,14.89,15.49,15.13
2024-11-22,16.35,17.1499,15.8638,16.44,43787,15.310000000000002,15.454988045967948,-0.0015209267926650227,69.16835680155032,1.410000000000002,16.279166760948286,14.340833239051719,0.6062499999999998,24798.5,-181239,16.45,15.03,15.03
2024-11-25,16.6905,16.7,16.42,16.42,36346,15.361499999999998,15.546893946351952,0.07260303009842062,61.69154207371106,1.490000000000002,16.450609244919484,14.272390755080513,0.5523214285714282,26154.9,-217585,16.44,14.87,14.93
2024-11-26,16.42,16.45,16.1,16.45,10574,15.419,15.632904046699386,0.13224313273275712,64.0306120162172,1.0099999999999998,16.611006711390782,14.22699328860922,0.5037571428571423,26260.45,-207011,16.42,14.76,15.44
2024-11-27,16.59,16.59,16.35,16.39,11404,15.464000000000002,15.705008423204205,0.17267633983679076,66.75531890037914,0.6699999999999999,16.732773133053566,14.195226866946438,0.4994714285714279,26457.4,-218415,16.45,14.89,15.72
2024-11-29,16.44,16.57,16.42,16.47,4665,15.527499999999998,15.777864763851424,0.20876872329620966,69.25133663916614,0.9799999999999986,16.86585523566905,14.189144764330948,0.48947142857142784,25858.45,-213750,16.39,16.45,15.49
2024-12-02,16.47,16.47,16.0101,16.07,15440,15.568000000000001,15.805687167294145,0.20275826904600613,64.10891066892955,1.040000000000001,16.921212162927674,14.214787837072329,0.4980571428571419,26278.85,-229190,16.47,16.44,15.03
2024-12-03,16.06,16.22,15.63,16.09,24639,15.645000000000001,15.832764579932798,0.19733402974403802,59.154929344177766,1.2200000000000006,16.92773556367493,14.362264436325074,0.4948428571428562,25709.25,-204551,16.07,16.42,14.87
2024-12-04,16.0899,16.38,15.8537,16.25,9886,15.6835,15.872501286605864,0.2035989815188941,57.725947286249784,1.4900000000000002,16.99135923916694,14.37564076083306,0.49887142857142763,25184.3,-194665,16.09,16.45,14.76
2024-12-05,16.2332,16.3499,15.822,15.84,6656,15.707999999999998,15.869405925976734,0.17348065049903205,54.847645216657334,0.9499999999999993,17.007888254306827,14.408111745693171,0.5187214285714278,24146.8,-201321,16.25,16.39,14.89
2024-12-06,15.988,16.03,15.82,15.99,7022,15.751,15.880891075883712,0.1598724920019805,64.5454542716254,-0.4599999999999991,17.027061374534778,14.47493862546522,0.4951571428571421,23392.05,-194299,15.84,16.47,16.45
2024-12-09,15.99,16.06,15.51,15.54,14969,15.776500000000002,15.848425259132881,0.11149148472369497,59.33147609174357,-0.9000000000000021,17.01162241029855,14.541377589701456,0.509657142857142,23433.7,-209268,15.99,16.07,16.44
2024-12-10,15.57,15.8672,15.11,15.36,14944,15.798000000000002,15.801908567786892,0.0579566045515687,58.19672108886502,-1.0600000000000023,16.985116807980628,14.610883192019376,0.5487428571428563,22828.9,-224212,15.54,16.09,16.42
2024-12-11,15.31,15.66,15.31,15.56,11703,15.804000000000002,15.778869656569093,0.03130726419388097,58.981233022590565,-0.8899999999999988,16.98469381921711,14.623306180782896,0.5598142857142848,19753.95,-212509,15.36,16.25,16.45
2024-12-12,15.53,15.71,15.4,15.71,10109,15.8035,15.77231064165775,0.022037185404295556,34.05172393244648,-0.6799999999999997,16.9843520563339,14.622647943666099,0.4705285714285707,19048.05,-202400,15.56,15.84,16.39
2024-12-13,15.6,15.6,15.3615,15.53,6581,15.805499999999999,15.749233437690345,0.00016419278678014848,31.72690745213781,-0.9399999999999995,16.984250006976882,14.626749993023115,0.39569999999999933,18394.8,-208981,15.71,15.99,16.47
2024-12-16,15.58,15.74,15.3,15.74,26472,15.841,15.748354062672217,-0.0002225016319350459,37.31343264089995,-0.33000000000000007,16.962801183248384,14.719198816751614,0.4071285714285709,17606.45,-182509,15.53,15.54,16.07
2024-12-17,15.59,15.73,15.21,15.29,19853,15.862,15.704701294798673,-0.036420367610871196,31.290322439334034,-0.8000000000000007,16.92124700166059,14.802752998339411,0.4192714285714282,17658.4,-202362,15.74,15.36,16.09
2024-12-18,15.596,15.64,15.1,15.11,16026,15.879500000000002,15.648063076246418,-0.07872444645349397,30.12422347150958,-1.1400000000000006,16.87152026719566,14.887479732804344,0.44069999999999976,17443.0,-218388,15.29,15.56,16.25
2024-12-19,15.12,15.205,14.99,15.11,9122,15.8905,15.596818973746759,-0.1109715230800088,28.343948918211737,-0.7300000000000004,16.840302749605687,14.940697250394312,0.445342857142857,17270.15,-218388,15.11,15.71,15.84
2024-12-20,15.2399,15.2399,15.01,15.14,10318,15.825,15.553312404818495,-0.13257853156995658,33.212996222028224,-0.8499999999999996,16.792851663275886,14.857148336724114,0.4289142857142858,15525.8,-208070,15.11,15.53,15.99
2024-12-23,15.02,15.23,14.97,14.97,10625,15.751499999999998,15.497758842454829,-0.16155748657979352,30.82191766044292,-0.5699999999999985,16.745614787399802,14.757385212600195,0.40534285714285734,13867.7,-218695,15.14,15.74,15.54
2024-12-24,15.1,15.11,15.1,15.1,1519,15.685500000000001,15.45987704793532,-0.17205031473189614,30.10380608254215,-0.2599999999999998,16.66794539154554,14.703054608454462,0.36846428571428597,12126.35,-217176,14.97,15.29,15.36
2024-12-26,15.1443,15.36,15.09,15.3,6447,15.628,15.44465066241767,-0.16235608818746172,39.92537292576302,-0.2599999999999998,16.555103014772712,14.700896985227287,0.3500428571428572,11920.0,-210729,15.1,15.11,15.56
2024-12-27,15.3,15.44,14.53,14.95,21270,15.556000000000001,15.39754107552075,-0.18083091253938655,31.944444289158994,-0.7600000000000016,16.45723657738782,14.654763422612179,0.40004285714285714,12413.3,-231999,15.3,15.11,15.71
2024-12-30,15.03,15.1,14.98,14.98,6015,15.4815,15.357775258804487,-0.1908515764898766,38.61788595908526,-0.5499999999999989,16.307836875359932,14.655163124640067,0.36932857142857145,12480.8,-225984,14.95,15.14,15.53
2024-12-31,15.08,15.165,14.97,15.14,10405,15.434999999999999,15.337034757965965,-0.18376404452528305,45.491803017670016,-0.5999999999999996,16.225802390647186,14.644197609352812,0.3291714285714284,12229.05,-215579,14.98,14.97,15.74
2025-01-02,15.28,15.28,14.95,15.1,14371,15.385499999999999,15.314460019112063,-0.17930784091170793,39.91228045667899,-0.1899999999999995,16.12601120322784,14.644988796772159,0.327742857142857,11715.65,-229950,15.14,15.1,15.29
2025-01-03,15.17,15.25,15.02,15.02,4812,15.324000000000002,15.286416207768058,-0.18015488547757563,34.38914005364347,-0.08999999999999986,15.95899357642889,14.689006423571113,0.3220285714285713,11461.95,-234762,15.1,15.3,15.11
2025-01-06,15.2,15.4875,15.2,15.34,8004,15.299000000000001,15.291519426075862,-0.15323841172744856,45.95744653472162,0.23000000000000043,15.886013852612173,14.71198614738783,0.3255285714285714,11529.35,-226758,15.02,14.95,15.11
2025-01-07,15.34,15.51,15.18,15.18,9004,15.258500000000002,15.280898528354351,-0.1431672324448403,37.82608672627602,0.03999999999999915,15.748538666573912,14.76846133342609,0.31767142857142855,11628.45,-235762,15.34,14.98,15.14
2025-01-08,15.15,15.4,15.15,15.4,6147,15.251499999999998,15.292241525653937,-0.11609531440354459,52.65700447478357,0.4299999999999997,15.728432081670976,14.774567918329021,0.2983857142857143,11187.35,-229615,15.18,15.14,14.97
2025-01-10,15.23,15.45,15.2,15.23,7936,15.245,15.286313761305943,-0.1071233522412296,52.91262099962298,0.13000000000000078,15.719241777112256,14.770758222887743,0.2776714285714285,10836.95,-237551,15.4,15.1,15.1
2025-01-13,15.14,15.43,15.12,15.13,9514,15.223499999999998,15.271426736419663,-0.10685046619108007,50.462962635888225,-0.16999999999999993,15.676107649307017,14.770892350692979,0.28445714285714285,10727.5,-247065,15.23,15.02,15.3
2025-01-14,15.12,15.3343,15.12,15.16,3251,15.196000000000002,15.260814666284457,-0.10302583505559681,50.462962635888196,0.21000000000000085,15.58675635160096,14.805243648399044,0.28334285714285723,10384.6,-243814,15.13,15.34,14.95
2025-01-15,15.0283,15.34,15.0283,15.22,5595,15.1805,15.256927555209746,-0.09406892080351525,56.09756059250446,0.2400000000000002,15.53871046445185,14.822289535548151,0.2870357142857144,10335.3,-238219,15.16,15.18,14.98
2025-01-16,15.3865,15.3999,15.2,15.28,10507,15.157500000000002,15.259124930904056,-0.0811930601125308,54.5454541597796,0.1399999999999988,15.40703641227953,14.907963587720475,0.3006000000000002,9537.05,-227712,15.22,15.4,15.14
2025-01-17,15.28,15.3926,15.21,15.22,17450,15.154,15.255398747008432,-0.07496618281774126,47.826086592627604,0.120000000000001,15.397604511237875,14.910395488762125,0.29435714285714304,9416.9,-245162,15.28,15.23,15.1
2025-01-21,15.07,15.3711,15.067,15.2,13467,15.158499999999998,15.250122675864771,-0.07082870137233499,58.27814515503706,0.17999999999999972,15.402007267806097,14.9149927321939,0.2510785714285716,9288.95,-258629,15.22,15.13,15.02
2025-01-22,15.15,15.5,15.14,15.4,15392,15.173000000000002,15.264396706734793,-0.050825504212859585,62.49999947916666,0.0600000000000005,15.437940907017456,14.908059092982548,0.2682214285714287,9602.45,-243237,15.2,15.16,15.34
2025-01-23,15.5,15.61,15.1244,15.61,14627,15.1965,15.297311306093384,-0.017822138868966775,63.58381451435059,0.4299999999999997,15.524894820140998,14.868105179859002,0.2889785714285717,9817.9,-228610,15.4,15.22,15.18
2025-01-24,15.69,16.0999,15.5352,16.0,14177,15.248000000000001,15.364234038846394,0.03934941105993417,71.63461490245933,0.5999999999999996,15.718949768246276,14.777050231753726,0.30574285714285754,9995.5,-214433,15.61,15.28,15.4
2025-01-27,15.89,15.9723,15.6372,15.86,11228,15.285999999999998,15.411449844670548,0.07252541842804838,69.62616776880077,0.629999999999999,15.824473475866,14.747526524133995,0.3132500000000004,10480.95,-225661,16.0,15.22,15.23
2025-01-28,15.75,15.98,15.65,15.74,3560,15.307999999999998,15.442740335654305,0.0881188667258268,60.30927791529388,0.6099999999999994,15.883558310183892,14.732441689816104,0.3162857142857146,10336.6,-229221,15.86,15.2,15.13
2025-01-29,15.7625,16.16,15.7625,16.16,12705,15.368500000000001,15.511050779877705,0.13283602574287556,72.27272681280994,1.0,16.033101978235365,14.703898021764635,0.3211071428571432,9908.35,-216516,15.74,15.4,15.16
2025-01-30,16.17,16.2327,15.82,15.83,10531,15.411000000000001,15.541426896079829,0.1400322497506199,59.30735894792076,0.6099999999999994,16.07969550933979,14.742304490660214,0.3327285714285719,10134.15,-227047,16.16,15.61,15.22
2025-01-31,15.76,16.1502,15.75,15.75,18198,15.4415,15.561291001215084,0.13769274149742294,61.711711322538754,0.47000000000000064,16.113786749597878,14.769213250402123,0.3434571428571434,10523.8,-245245,15.83,16.0,15.28
2025-02-03,15.51,15.76,15.5,15.53,13929,15.463,15.558310905861266,0.11674078783469177,58.547008196727276,0.3099999999999987,16.11654418366371,14.809455816336289,0.3398857142857148,10501.7,-259174,15.75,15.86,15.22
2025-02-04,15.6928,15.6928,15.55,15.66,2687,15.495,15.567995581493527,0.10936543054526027,60.24590129367106,0.46000000000000085,16.119230052060452,14.870769947939545,0.33477857142857176,10395.45,-256487,15.53,15.74,15.2
2025-02-05,15.7,16.25,15.65,16.2,19957,15.538,15.628186478494143,0.14541761009860465,66.78082159762619,0.7999999999999989,16.231870911701822,14.844129088298178,0.3553714285714289,10993.1,-236530,15.66,16.16,15.4
2025-02-06,16.15,16.23,15.925,16.02,47959,15.580000000000002,15.665502051970892,0.15764746461933576,62.17105234526489,0.41000000000000014,16.284242781104282,14.875757218895723,0.36287857142857166,12940.85,-284489,16.2,15.83,15.61
2025-02-07,16.03,16.03,15.6,15.6,16650,15.59,15.659263761306997,0.1319284336641342,55.58823506522489,-0.40000000000000036,16.289142331718402,14.890857668281598,0.3805500000000004,13466.0,-301139,16.02,15.75,16.0
2025-02-10,15.74,16.1018,15.71,16.01,16983,15.629,15.692667212611093,0.14298129050932573,60.68601560696461,0.15000000000000213,16.330604176906945,14.927395823093056,0.3868142857142861,13918.35,-284156,15.6,15.53,15.86
2025-02-11,15.9695,16.5,15.9695,16.26,15980,15.6855,15.746698906648133,0.16995453971271424,61.197916443549275,0.5200000000000014,16.399789488712273,14.971210511287726,0.39899285714285754,14241.65,-268176,16.01,15.66,15.74
2025-02-12,16.12,16.52,16.12,16.2,11476,15.7375,15.789870439348311,0.18436429860753378,57.99457972576582,0.03999999999999915,16.442067803319386,15.032932196680614,0.39287857142857174,14652.9,-279652,16.26,16.2,16.16
2025-02-13,16.01,17.62,16.0,16.41,47871,15.797,15.848930397505615,0.21030511485153625,55.84045561773037,0.5800000000000001,16.518346693783364,15.075653306216637,0.4682571428571431,16766.7,-231781,16.2,16.02,15.83
2025-02-14,16.34,16.84,16.25,16.25,6403,15.845499999999998,15.88712750250508,0.21546894393328664,55.524079099904505,0.5,16.550742772683034,15.140257227316962,0.4864642857142859,16561.5,-238184,16.41,15.6,15.75
2025-02-18,15.8,15.9128,14.95,15.05,48517,15.837,15.807401073695074,0.12133269670180624,42.516268851360586,-0.47999999999999865,16.57721618463838,15.096783815361617,0.531664285714286,18114.85,-286701,16.25,16.01,15.53
2025-02-19,15.2008,15.2008,14.83,15.04,16019,15.829000000000002,15.734315257152685,0.045398797056607876,36.66666654444446,-0.620000000000001,16.600980365172028,15.057019634827979,0.529757142857143,18242.45,-302720,15.05,16.26,15.66
2025-02-20,15.185,15.185,14.63,14.71,15471,15.7945,15.636761423138145,-0.040935725993692884,36.66666654444447,-1.4899999999999984,16.69772171900637,14.89127828099363,0.5399214285714287,18246.4,-318191,15.04,16.2,16.2
2025-02-21,14.79,15.01,14.75,14.7505,6903,15.751524999999997,15.552355573315465,-0.10487946085083877,37.98822244157312,-1.269499999999999,16.766575295617017,14.73647470438298,0.5299071428571428,17860.2,-311288,14.71,16.41,16.02
2025-02-24,14.7633,14.865,14.69,14.86,11218,15.694524999999999,15.48641694728542,-0.14504757835030446,41.7283949174821,-0.7400000000000002,16.776642878344223,14.612407121655774,0.5238357142857143,17712.25,-300070,14.7505,16.25,15.6
2025-02-25,14.875,14.88,14.56,14.56,7453,15.629525000000001,15.398186761829665,-0.1987969857547256,36.96682452191101,-1.450000000000001,16.820492385430235,14.438557614569765,0.5364928571428572,17523.5,-307523,14.86,15.05,16.01
2025-02-26,14.56,14.8366,14.55,14.82,13962,15.583525,15.343121355941125,-0.21790211137636817,32.48730952923293,-1.4400000000000013,16.82646055216783,14.34058944783217,0.514107142857143,18043.6,-293561,14.56,15.04,16.26
2025-02-27,14.82,14.8597,14.5829,14.65,5549,15.508024999999998,15.277109798232447,-0.24394855325798126,32.56997443868204,-1.549999999999999,16.786458435889664,14.229591564110333,0.5120928571428572,17685.8,-299110,14.82,14.71,16.2
2025-02-28,14.68,14.94,14.55,14.94,15156,15.463524999999999,15.24500410316269,-0.23844136609106137,41.31578932146815,-1.4700000000000006,16.75664377074916,14.170406229250839,0.5092357142857142,17917.05,-283954,14.65,14.7505,16.41
2025-03-03,14.98,15.1175,14.57,14.57,14893,15.404525000000001,15.180717998099578,-0.2609250073011271,30.851063714916222,-1.6799999999999997,16.749256688166295,14.059793311833708,0.5203571428571427,17751.8,-298847,14.94,14.86,16.25
2025-03-04,14.57,14.8674,14.5,14.5,35532,15.353025000000002,15.115887712566284,-0.2811509369409091,25.418994314003896,-0.5500000000000007,16.755190035522848,13.950859964477157,0.5087071428571427,18831.95,-334379,14.57,14.56,15.05
2025-03-05,14.655,14.69,14.44,14.44,6448,15.292025,15.051517454226637,-0.2985797885169106,25.41899431400391,-0.5999999999999996,16.74325157649193,13.840798423508074,0.4979928571428571,19020.0,-340827,14.5,14.82,15.04
2025-03-06,14.576,14.68,14.44,14.51,6138,15.207525,14.99994436334791,-0.30324820740389846,22.38372083913599,-0.20000000000000107,16.63272066431408,13.782329335685922,0.3994214285714285,18329.05,-334689,14.44,14.65,14.71
2025-03-07,14.4,14.515,14.09,14.09,6657,15.111024999999998,14.913282995410013,-0.3369542540258532,20.810810732067168,-0.6605000000000008,16.56564517017309,13.656404829826906,0.38763571428571425,16263.95,-341346,14.51,14.94,14.7505
2025-03-10,14.1,14.25,13.55,13.56,20262,15.009025,14.784398900609059,-0.4018013930712492,25.412541136707702,-1.299999999999999,16.59906778244352,13.418982217556481,0.36886428571428553,16444.55,-361608,14.09,14.57,14.86
2025-03-11,13.66,13.66,13.27,13.27,17717,14.872025000000002,14.640170433884386,-0.47116252602053343,23.262839780761368,-1.290000000000001,16.56759186608614,13.176458133913865,0.3702357142857142,16481.25,-379325,13.56,14.5,14.56
2025-03-12,13.445,13.56,13.32,13.56,18038,14.737025,14.53729705922873,-0.4970020173509351,32.41590200188908,-1.2599999999999998,16.396855887866757,13.077194112133242,0.34773571428571426,16584.15,-361287,13.27,14.44,14.82
2025-03-13,13.57,13.79,13.57,13.78,12854,14.616024999999999,14.465173529778374,-0.4940329348622079,35.93274373008886,-0.870000000000001,16.176673599141,13.055376400858997,0.3448785714285713,16653.05,-348433,13.56,14.51,14.65
2025-03-14,13.7,13.98,13.55,13.82,12005,14.486525,14.403728431704243,-0.48288584248656896,34.61538447200729,-1.1199999999999992,15.835920087671646,13.137129912328355,0.363092857142857,14859.75,-336428,13.78,14.09,14.94
2025-03-17,13.9,14.13,13.9,13.98,6528,14.373025000000002,14.363373342970506,-0.4558858602266067,41.04938253867551,-0.5899999999999999,15.452810284455722,13.293239715544281,0.35666428571428554,14866.0,-329900,13.82,13.56,14.57
2025-03-18,13.8,14.215,13.8,14.02,15372,14.321525,14.330671119830457,-0.4263458643223448,36.754966717029944,-0.4800000000000004,15.362929288499943,13.280120711500055,0.3658357142857141,13208.75,-314528,13.98,13.27,14.5
2025-03-19,14.11,14.3,13.86,13.86,9342,14.262525,14.285845298894223,-0.4111068833224554,36.87707624043883,-0.5800000000000001,15.265537592407064,13.259512407592936,0.377492857142857,12874.9,-323870,14.02,13.56,14.44
2025-03-20,13.7,14.0619,13.7,13.81,8177,14.217525,14.240526698999535,-0.398471136005476,29.60288793702513,-0.6999999999999993,15.216757098585175,13.218292901414825,0.3754857142857143,12510.2,-332047,13.86,13.78,14.51
2025-03-21,13.93,13.93,13.71,13.84,4540,14.172,14.202381299094817,-0.38163718997644125,34.97942366678521,-0.25,15.151765815198925,13.192234184801077,0.3520928571428571,12392.05,-327507,13.81,13.82,14.09
2025-03-24,13.75,13.9855,13.72,13.72,2760,14.115,14.156440222990549,-0.3736717087288888,34.27419335490376,0.16000000000000014,15.058197250119202,13.171802749880799,0.34481428571428563,11969.15,-330267,13.84,13.98,13.56
2025-03-25,13.59,13.7,13.5,13.5,5739,14.062000000000001,14.093922106515258,-0.3807224375665186,32.19696952622819,0.23000000000000043,15.01893809952193,13.105061900478072,0.341242857142857,11883.45,-336006,13.72,14.02,13.27
2025-03-26,13.5,14.0,13.5,13.91,5930,14.016499999999999,14.076405715418566,-0.34920124292287724,39.93288571843611,0.34999999999999964,14.905835056154945,13.127164943845052,0.3598142857142856,11481.85,-330076,13.5,13.86,13.56
2025-03-27,13.86,14.14,13.8246,14.14,4210,13.991000000000003,14.082462313950131,-0.302178070561931,50.896057092277864,0.3600000000000012,14.831774079424697,13.15022592057531,0.3519857142857141,11414.9,-325866,13.91,13.81,13.78
2025-03-28,13.924,14.13,13.86,13.9,7505,13.938999999999998,14.065084950716786,-0.28103822816447277,56.79999968191999,0.08000000000000007,14.651501892888215,13.226498107111782,0.32127142857142854,11032.35,-333371,14.14,13.84,13.82
2025-03-31,13.78,14.0901,13.7598,14.01,7583,13.910999999999998,14.059838764934234,-0.25249802995376136,65.94827546410525,0.02999999999999936,14.560304080900895,13.2616959190991,0.31700714285714277,10666.85,-325788,13.9,13.72,13.98
2025-04-01,14.1,14.19,13.51,13.56,11239,13.863999999999999,14.012235073035736,-0.26315744127068363,49.999999717741936,-0.4599999999999991,14.468314313478148,13.25968568652185,0.3484357142857141,9452.2,-337027,14.01,13.5,14.02
2025-04-02,13.5453,13.645,13.5,13.54,5976,13.818999999999999,13.96726030417519,-0.27010532829937617,44.73684183056324,-0.3200000000000003,14.374807615334701,13.263192384665297,0.34307857142857134,9428.6,-343003,13.56,13.91,13.86
2025-04-03,13.49,13.95,13.49,13.8,4442,13.7835,13.9513307513966,-0.25172996539251713,49.599999722240014,-0.009999999999999787,14.234243245856337,13.332756754143663,0.34522142857142846,9343.8,-338561,13.54,14.14,13.81
2025-04-04,13.62,13.7893,13.38,13.38,7418,13.748000000000001,13.896918298882639,-0.2679688694923552,39.130434584120984,-0.4599999999999991,14.20882763075152,13.287172369248482,0.35802857142857125,9381.85,-345979,13.8,13.9,13.84
2025-04-07,13.14,13.8405,13.0,13.0,20215,13.720000000000002,13.811497508512863,-0.307951271627644,33.548386945265364,-0.7200000000000006,14.28516415873328,13.154835841266724,0.38842142857142853,9379.5,-366194,13.38,14.01,13.72
2025-04-08,13.25,13.35,12.55,12.57,26010,13.684999999999999,13.693259650559257,-0.37006909356694173,30.860533996425104,-0.9299999999999997,14.42664823552953,12.943351764470467,0.41413571428571405,9794.15,-392204,13.0,13.56,13.5
2025-04-09,12.52,12.84,12.3036,12.56,19765,13.635,13.585330160029805,-0.41531731196876187,31.231231099928763,-1.3499999999999996,14.530920579187375,12.739079420812624,0.42659999999999976,9880.5,-411969,12.57,13.54,13.91
2025-04-10,12.59,12.6,12.27,12.36,7804,13.563999999999998,13.468632049550775,-0.4619896504662737,28.8571427417143,-1.7800000000000011,14.621950352034228,12.506049647965769,0.4344571428571427,9628.0,-419773,12.56,13.8,14.14
2025-04-11,12.47,12.529,12.1,12.1,12293,13.478,13.33828614006975,-0.5140321988564462,27.747252640532565,-1.8000000000000007,14.713127949903377,12.242872050096622,0.4461357142857142,9642.4,-432066,12.36,13.38,13.9
2025-04-14,12.25,12.32,12.07,12.07,16105,13.382499999999999,13.21749698387263,-0.5513415208275898,29.27536220004204,-1.9399999999999995,14.743179010061521,12.021820989938476,0.4497071428571428,10121.25,-448171,12.1,13.0,14.01
2025-04-15,12.18,12.5165,12.11,12.14,9131,13.288499999999999,13.114878223503808,-0.5687053312513886,21.543408263148677,-1.42,14.721572150826555,11.855427849173443,0.4430285714285715,9809.2,-439040,12.07,12.57,13.56
2025-04-16,12.26,12.3613,12.06,12.06,6288,13.1985,13.01441363078916,-0.582210250173155,14.864864794558102,-1.4799999999999986,14.704673611297647,11.692326388702352,0.44202142857142857,9656.5,-445328,12.14,12.56,13.54
2025-04-17,12.17,12.275,12.06,12.25,15162,13.120499999999998,12.941612332618764,-0.5709994573036177,21.64948443192688,-1.5500000000000007,14.65465123113759,11.586348768862406,0.438092857142857,10005.75,-430166,12.06,12.36,13.8
2025-04-21,12.27,12.3351,12.09,12.16,11587,13.0365,12.867173062845549,-0.5628884434337138,17.993079497611404,-1.2200000000000006,14.588643170282186,11.484356829717814,0.43200714285714287,10358.1,-441753,12.25,12.1,13.38
2025-04-22,12.29,12.32,12.05,12.075,42894,12.954249999999998,12.791728009241211,-0.5568996041517771,20.594059291755727,-0.9250000000000007,14.52807964034965,11.380420359650346,0.40272142857142856,12364.8,-484647,12.16,12.07,13.0
2025-04-23,12.23,12.471,12.02,12.2,46146,12.889249999999999,12.735372960742048,-0.5358895493963978,24.52471469834755,-0.370000000000001,14.475507678012512,11.302992321987485,0.42457857142857147,14385.15,-438501,12.075,12.14,12.57
2025-04-24,12.26,12.42,12.18,12.2,11266,12.803749999999999,12.684385059718995,-0.5133216768741331,16.244725642436208,-0.3600000000000012,14.341961110691138,11.26553888930886,0.40886428571428585,14651.95,-438501,12.2,12.06,12.56
2025-04-25,12.25,12.3021,12.02,12.02,9473,12.697750000000001,12.62111029212671,-0.5041494499478656,18.075117252088404,-0.33999999999999986,14.137261887302518,11.258238112697484,0.39977857142857154,14915.1,-447974,12.2,12.25,12.36
2025-04-28,12.1,12.25,12.0,12.24,19249,12.614749999999999,12.584814073828928,-0.473668081843833,30.71065968022883,0.14000000000000057,13.950042102875265,11.279457897124733,0.3576000000000001,15502.3,-428725,12.02,12.16,12.1
2025-04-29,12.185,12.5,12.13,12.49,10885,12.53875,12.575784162035697,-0.42444572128547264,47.76536275490778,0.41999999999999993,13.70155909869207,11.375940901307931,0.3268857142857144,15667.4,-417840,12.24,12.075,12.07
2025-04-30,12.46,12.57,12.35,12.55,16668,12.48825,12.573328527556107,-0.37625788071940214,49.72826049119802,0.41000000000000014,13.547421846303076,11.429078153696926,0.3042857142857144,15938.85,-401172,12.49,12.2,12.14
2025-05-01,12.56,12.58,12.2945,12.3,7148,12.42625,12.54729723921743,-0.35415905542439674,48.412698054085865,0.2400000000000002,13.364461484407837,11.488038515592162,0.301107142857143,15997.45,-408320,12.55,12.2,12.06
2025-05-02,12.5,12.5,12.3,12.31,4390,12.35175,12.524697502149104,-0.3320114395331597,56.40243854290605,0.0600000000000005,13.03175986835024,11.671740131649758,0.2847500000000001,15994.85,-403930,12.3,12.02,12.25
2025-05-05,12.28,12.4096,12.2,12.2,12290,12.292750000000002,12.493773930515855,-0.3196506414470548,53.77906932970522,0.03999999999999915,12.77234933936243,11.813150660637573,0.2818642857142858,16238.45,-416220,12.31,12.24,12.16
2025-05-06,12.2,12.2504,12.14,12.17,4698,12.25125,12.462938318085774,-0.30871667552264803,50.89285671874998,0.09500000000000064,12.598568676663074,11.903931323336927,0.26071428571428573,15462.6,-420918,12.2,12.49,12.075
2025-05-07,12.28,12.31,12.17,12.31,6382,12.238249999999999,12.448372763982366,-0.2854639480830379,57.1839075858766,0.11000000000000121,12.553298450745094,11.923201549254903,0.24919285714285724,14481.2,-414536,12.17,12.55,12.2
2025-05-08,12.3204,12.55,12.26,12.55,10854,12.23775,12.458051548364999,-0.24484754968353606,58.379887811553964,0.3500000000000014,12.55067297690451,11.92482702309549,0.25455000000000017,14035.65,-403682,12.31,12.3,12.2
2025-05-09,12.43,12.75,12.39,12.39,8581,12.23925,12.451570448520714,-0.22299883242257756,56.18279527604348,0.370000000000001,12.554915962690146,11.923584037309855,0.26275714285714297,14074.5,-412263,12.55,12.31,12.02
2025-05-12,12.5,12.6678,12.3601,12.37,12282,12.25275,12.443801834375884,-0.20493503590846274,58.21726974092378,0.129999999999999,12.566428934079585,11.939071065920416,0.26545000000000013,14073.95,-424545,12.39,12.2,12.24
2025-05-13,12.6432,12.6432,12.32,12.32,12868,12.26525,12.432011183482944,-0.19243565076597058,53.48837165765281,-0.16999999999999993,12.568000114087575,11.962499885912425,0.2563214285714287,13912.1,-437413,12.37,12.17,12.49
2025-05-14,12.31,12.43,12.24,12.24,10125,12.27025,12.413724404103617,-0.186831452711127,51.11111071358027,-0.3100000000000005,12.567544378301228,11.972955621698773,0.2527500000000001,13961.8,-447538,12.32,12.31,12.55
2025-05-15,12.73,13.7965,12.63,13.54,87365,12.344249999999999,12.52098874656994,-0.07660786218142235,76.02739689575904,1.2399999999999984,12.973094177838263,11.715405822161735,0.3159214285714286,18015.65,-360173,12.24,12.55,12.3
2025-05-16,13.33,13.8,12.9,12.9,103032,12.37675,12.557085056420421,-0.04043145521733571,59.88023926996307,0.5899999999999999,13.050656716956414,11.702843283043585,0.36235000000000006,22409.15,-463205,13.54,12.39,12.31
2025-05-19,13.0,13.7299,13.0,13.51,76146,12.44425,12.647838860570857,0.03703360955757162,63.783783542439735,1.3100000000000005,13.278183450582882,11.610316549417119,0.388057142857143,25637.1,-387059,12.9,12.37,12.2
2025-05-20,13.73,14.26,13.61,14.125,68214,12.54675,12.788520873849823,0.14636340549737348,68.50763784744842,1.955,13.650028726056782,11.443471273943217,0.4187714285714287,26903.1,-318845,13.51,12.32,12.17
2025-05-21,14.0,14.4,13.7,13.7,27187,12.62175,12.87532840967365,0.1964495600884142,65.80135419385576,1.3899999999999988,13.825171766202303,11.418328233797698,0.44837857142857157,25955.15,-346032,14.125,12.24,12.31
2025-05-22,13.8,14.0,13.56,13.96,23347,12.70975,12.978630465895206,0.25419284861315106,67.62820492589853,1.4100000000000001,14.034591499954253,11.384908500045746,0.46552142857142875,26559.2,-322685,13.7,13.54,12.55
2025-05-23,13.73,14.13,13.33,14.13,109275,12.81525,13.08828470723852,0.3100977857922125,70.3586495812192,1.7400000000000002,14.241025781442648,11.389474218557353,0.5076928571428574,31549.3,-213410,13.96,12.9,12.39
2025-05-27,13.98,14.47,13.7,14.27,161550,12.916750000000002,13.20082902083485,0.3615321635160669,71.64948432925922,1.9000000000000004,14.454712681773303,11.378787318226701,0.5548071428571432,38664.35,-51860,14.13,13.51,12.37
2025-05-28,14.22,14.59,14.16,14.35,83537,13.00975,13.310273875993436,0.40409149462716343,71.29436304840895,2.0299999999999994,14.659912591670398,11.359587408329602,0.5755214285714289,42296.95,31677,14.27,14.125,12.32
2025-05-29,14.33,14.54,14.25,14.4,19754,13.102250000000002,13.414057316375015,0.4368192726244384,70.10869543879963,2.16,14.848507577311198,11.355992422688805,0.5755214285714286,42451.25,51431,14.35,13.7,12.24
2025-05-30,14.31,14.5,14.2,14.5,15580,13.212250000000001,13.517480429101203,0.46545990470065846,73.23788523671136,0.9600000000000009,15.021746804145145,11.402753195854856,0.5712357142857145,42872.85,67011,14.4,13.96,13.54
2025-06-02,14.5,14.6366,14.41,14.5,6309,13.32175,13.611053721567755,0.4825947599774594,73.56194667480815,1.5999999999999996,15.166073510267996,11.477426489732004,0.5654428571428572,42968.8,67011,14.5,14.13,12.9
2025-06-03,14.5,14.64,14.37,14.52,17307,13.43775,13.697620033799398,0.4921152903512791,74.49888618196339,1.0099999999999998,15.276835799778873,11.598664200221126,0.5616428571428573,43219.65,84318,14.5,14.27,13.51
2025-06-04,14.44,14.45,14.3035,14.45,7981,13.551749999999998,13.769275268675646,0.4883821983039738,74.66517833809989,0.3249999999999993,15.341966908351687,11.76153309164831,0.5585357142857145,43383.8,76337,14.52,14.35,14.125
2025-06-05,14.41,14.5,14.2,14.5,16002,13.661249999999999,13.838868100230346,0.4838804059785442,64.86068083342121,0.8000000000000007,15.398797803204832,11.923702196795166,0.4966428571428575,43864.8,92339,14.45,14.4,13.7
2025-06-06,14.5764,14.58,14.26,14.485,10046,13.758000000000001,13.90040447163698,0.47364247289191397,80.4222644430281,0.5249999999999986,15.449904563689234,12.066095436310768,0.45521428571428607,43824.4,82293,14.5,14.5,13.96
2025-06-09,14.49,14.49,14.21,14.38,23944,13.857499999999998,13.946080236242983,0.4518475968509126,70.71428524285716,0.25,15.441267992046951,12.273732007953045,0.4230785714285717,44592.55,58349,14.485,14.5,14.13
2025-06-10,14.5,15.0,14.415,14.85,9734,13.9815,14.03216783279127,0.46711545639883845,68.54219899765177,0.5800000000000001,15.45972119276436,12.503278807235642,0.4184357142857146,44465.15,68083,14.38,14.52,14.27
2025-06-11,14.98,14.98,14.26,14.51,22208,14.091,14.07767565823972,0.44663169443326645,71.65775347422004,0.16000000000000014,15.360755882050096,12.821244117949902,0.41986428571428597,44932.15,45875,14.85,14.45,14.35
2025-06-12,14.525,14.525,14.1,14.5,28499,14.204000000000002,14.117897024121651,0.4246956223014564,66.66666609053499,0.09999999999999964,15.138038205011904,13.2699617949881,0.41879285714285747,45850.85,17376,14.51,14.5,14.4
2025-06-13,14.415,14.55,14.39,14.55,5141,14.254500000000002,14.159049688491018,0.40665800883862424,63.99999940266668,0.05000000000000071,15.145607530873658,13.363392469126346,0.3730785714285717,41739.65,22517,14.5,14.485,14.5
2025-06-16,14.28,14.6,14.21,14.21,16665,14.320000000000002,14.16390209911092,0.36076918907328803,48.235293720415264,-0.28999999999999915,14.944643055968132,13.695356944031872,0.3459357142857144,37421.3,5852,14.55,14.38,14.5
2025-06-17,14.31,14.3576,13.97,14.08,12602,14.348499999999998,14.155911423005119,0.31033470989448375,42.28571394742858,-0.4399999999999995,14.859145618182707,13.837854381817289,0.3429071428571429,34244.1,-6750,14.21,14.85,14.52
2025-06-18,14.0,14.2935,13.8,14.06,17800,14.345249999999998,14.146777001766536,0.2656884973196991,40.1162787432396,-0.3899999999999988,14.862667422855534,13.827832577144463,0.35744285714285723,31723.4,-24550,14.08,14.51,14.45
2025-06-20,14.12,14.2359,13.62,14.18,20778,14.36925,14.14994109683639,0.2372541313728469,40.804597372836554,-0.3200000000000003,14.797493351871138,13.94100664812886,0.380007142857143,31402.95,-3772,14.06,14.5,14.5
2025-06-23,14.18,14.356,13.9592,14.115,29306,14.377,14.146613373328162,0.2070875582649414,39.33517975030885,-0.3699999999999992,14.778856219378781,13.97514378062122,0.3921642857142859,31700.9,-33078,14.18,14.55,14.485
2025-06-24,14.29,14.46,13.74,14.15,51540,14.378,14.14693590920167,0.1838848293825066,39.835164528740506,-0.23000000000000043,14.7773600143397,13.9786399856603,0.42430714285714305,28814.15,18462,14.115,14.21,14.38
2025-06-25,14.18,14.34,13.77,14.15,12919,14.372,14.14722772737294,0.16361049958136675,41.42857109714288,-0.6999999999999993,14.781664818063097,13.962335181936902,0.45455714285714305,21382.6,18462,14.15,14.08,14.85
2025-06-26,14.21,14.42,14.21,14.42,6597,14.375499999999999,14.173206039051708,0.16740000757669904,47.969542806307814,-0.08999999999999986,14.785569313782483,13.965430686217514,0.44812857142857154,17535.6,25059,14.15,14.06,14.51
2025-06-27,14.21,14.88,14.16,14.88,18182,14.3995,14.240519749618212,0.2051564596234492,58.1780534929637,0.3800000000000008,14.867675630563362,13.931324369436638,0.4767000000000001,17457.0,43241,14.42,14.18,14.5
2025-06-30,14.88,14.96,14.718,14.96,24747,14.4225,14.309041678226,0.23878152650197748,62.133890849424915,0.41000000000000014,14.952569508848878,13.89243049115112,0.4739857142857145,17915.35,67988,14.88,14.115,14.55
2025-07-01,14.9,15.95,14.7706,15.62,55571,14.4785,14.433894851728287,0.3150543677714559,64.92248026786251,1.4099999999999984,15.232423771101782,13.724576228898218,0.5164428571428573,20378.45,123559,14.96,14.15,14.21
2025-07-02,15.59,15.59,14.98,15.41,28744,14.523,14.526857246801784,0.354469791925359,68.36734654810499,1.33,15.384610487157445,13.661389512842554,0.5085857142857143,20950.3,94815,15.62,14.15,14.08
2025-07-03,15.32,15.85,15.32,15.6,14447,14.5805,14.629061318534948,0.3964679756137439,70.91254715103588,1.5399999999999991,15.56615981107004,13.594840188929961,0.5160857142857143,21273.6,109262,15.41,14.42,14.06
2025-07-07,15.48,15.79,15.33,15.46,20185,14.628499999999999,14.708198335817334,0.4136862907472221,66.72794083301798,1.2800000000000011,15.688361460658985,13.568638539341013,0.5375142857142856,21482.75,89077,15.6,14.88,14.18
2025-07-08,15.62,15.8077,15.48,15.59,14715,14.68375,14.792179446691874,0.43283242037319525,77.49003940842213,1.4749999999999996,15.82425254389558,13.54324745610442,0.5330642857142857,21716.2,103792,15.46,14.96,14.115
2025-07-09,15.7,15.7,15.3035,15.46,14154,14.73775,14.855781404149791,0.43253001571692806,77.49003940842219,1.3100000000000005,15.919232008683505,13.556267991316496,0.5337,21226.7,89638,15.59,15.62,14.15
2025-07-10,15.96,16.28,15.67,16.14,89515,14.802249999999997,14.978087937087906,0.4816089862487196,82.80757061220639,1.9900000000000002,16.1400426635047,13.464457336495293,0.5420214285714288,25215.75,179153,15.46,15.41,14.15
2025-07-11,16.1,16.1,15.81,15.85,43778,14.86925,15.061127181174772,0.4914388465086841,74.99999968562878,1.4299999999999997,16.277766483471602,13.460733516528396,0.5187428571428573,26294.25,135375,16.14,15.6,14.42
2025-07-14,16.0,16.515,16.0,16.31,54716,14.95975,15.180067449634317,0.5302350179772208,79.38420318303113,1.429999999999998,16.49524057821601,13.424259421783988,0.5271857142857144,27605.1,190091,15.85,15.46,14.88
2025-07-15,16.43,16.43,15.96,16.0,39179,15.03225,15.258156263954858,0.5298589697776137,73.06733141572506,1.0399999999999991,16.622239986728026,13.442260013271973,0.5093285714285714,29307.0,150912,16.31,15.59,14.96
2025-07-16,16.17,16.235,15.8,16.09,44791,15.126249999999999,15.337379476911538,0.5307055534414271,73.65853633384894,0.47000000000000064,16.73375501349815,13.518744986501849,0.4996857142857141,30713.3,195703,16.0,15.46,15.62
