Date,Open,High,Low,Close,Volume,SMA_20,EMA_20,MACD,RSI_14,Momentum_10,Bollinger_Upper,Bollinger_Lower,ATR_14,Volume_MA_20,OBV,Lag_1,Lag_5,Lag_10
2023-08-15,14.38,14.67,14.09,14.62,1358448.0,13.27,13.526984110819914,0.32635952496418597,89.59107760064124,1.6199999999999992,14.88435664226374,11.65564335773626,0.3885714285714287,956160.85,8972522.0,14.39,13.99,13.0
2023-08-16,14.62,14.655,14.21,14.27,1110501.0,13.361,13.597747528837065,0.3187928843296213,78.85906003220578,1.4900000000000002,14.985884125423299,11.736115874576702,0.4096428571428571,987775.55,7862021.0,14.62,14.26,12.78
2023-08-17,14.36,14.42,14.22,14.3,1051848.0,13.456,13.664628716566869,0.3111484644444005,77.65957408254114,1.08,15.066418709855494,11.845581290144505,0.407142857142857,1020292.9,8913869.0,14.27,14.33,13.22
2023-08-18,14.18,14.32,14.164,14.24,675336.0,13.543000000000001,13.719425981655737,0.2974548637889889,75.35714248035714,0.8499999999999996,15.123687392111089,11.962312607888913,0.4004285714285713,1020781.8,8238533.0,14.3,14.32,13.39
2023-08-21,14.24,14.39,14.2,14.25,467458.0,13.627500000000001,13.769956840545667,0.28399589151234217,73.76425816247163,0.21000000000000085,15.167081282789512,12.08791871721049,0.3654285714285714,1016942.0,8705991.0,14.24,14.39,14.04
2023-08-22,14.25,14.325,14.12,14.13,485124.0,13.7065,13.804246665255604,0.26184974080432255,76.67984147291793,0.14000000000000057,15.173731908623928,12.239268091376072,0.3586428571428571,1009327.3,8220867.0,14.25,14.62,13.99
2023-08-23,14.13,14.31,14.08,14.27,581817.0,13.795499999999999,13.848604125707451,0.251371723422416,73.54260043515859,0.009999999999999787,15.164702226423149,12.426297773576849,0.3307857142857142,997217.15,8802684.0,14.13,14.27,14.26
2023-08-24,14.22,14.405,14.18,14.2,404829.0,13.877999999999997,13.8820703994496,0.2353088000434873,69.01408405342856,-0.13000000000000078,15.124563275570077,12.631436724429916,0.32542857142857123,975526.65,8397855.0,14.27,14.3,14.33
2023-08-25,14.25,14.27,13.95,13.96,385732.0,13.939000000000002,13.889492266168686,0.20288031108873383,47.67441821660361,-0.35999999999999943,15.064623102295375,12.813376897704629,0.2989999999999999,959438.4,8012123.0,14.2,14.24,14.32
2023-08-28,14.0,14.09,13.955,13.97,444098.0,13.996500000000001,13.897159669390716,0.17594004698702648,49.404761493055574,-0.41999999999999993,14.991334553819726,13.001665446180276,0.29721428571428554,926846.7,8456221.0,13.96,14.25,14.39
2023-08-29,13.96,13.98,13.82,13.88,401609.0,14.040499999999998,13.895525415163029,0.14633007693996802,37.3333329848889,-0.7399999999999984,14.921037515265239,13.159962484734757,0.2804285714285713,888964.95,8054612.0,13.97,14.13,14.62
2023-08-30,13.88,13.989,13.8,13.82,404249.0,14.092500000000001,13.888332518480835,0.11712018665085111,32.88590573127334,-0.4499999999999993,14.755598786004024,13.429401213995979,0.2589285714285713,879756.7,7650363.0,13.88,14.27,14.27
2023-08-31,13.82,14.02,13.81,13.93,905334.0,14.127999999999997,13.89230085005409,0.10103946910909833,37.735848724338396,-0.370000000000001,14.656855765830946,13.599144234169048,0.2599999999999999,859054.5,8555697.0,13.82,14.2,14.3
2023-09-01,13.97,14.3,13.97,14.2,695223.0,14.1685,13.921605531001319,0.1072971454581495,44.692737080615416,-0.040000000000000924,14.567513256606064,13.769486743393935,0.2553571428571428,847638.95,9250920.0,13.93,13.96,14.24
2023-09-05,14.13,14.13,13.495,13.53,698039.0,14.143,13.88430976614405,0.06106216510364604,25.56053795612216,-0.7200000000000006,14.63169751703677,13.654302482963232,0.25928571428571434,810734.9,8552881.0,14.2,13.97,14.25
2023-09-06,13.56,13.59,13.235,13.3,401646.0,14.108500000000001,13.828661216987474,0.006986226788702865,27.0142178302374,-0.8300000000000001,14.723720114653036,13.493279885346967,0.25285714285714306,762258.05,8151235.0,13.53,13.88,14.13
2023-09-07,13.33,13.705,13.28,13.42,680394.0,14.066500000000001,13.789741101083905,-0.026369487333186115,29.999999809090838,-0.8499999999999996,14.749165827165061,13.383834172834941,0.26892857142857174,725587.55,8831629.0,13.3,13.82,14.27
2023-09-08,13.39,13.605,13.26,13.41,506315.0,14.020499999999998,13.753575281933058,-0.05291795986698489,30.69767421871275,-0.7899999999999991,14.750733560329559,13.290266439670438,0.28242857142857175,701940.95,8325314.0,13.42,13.93,14.2
2023-09-11,13.44,13.68,13.43,13.61,652681.0,13.985,13.73990144555848,-0.05791603313938154,36.32478610745849,-0.3500000000000014,14.722920263842566,13.247079736157433,0.2867142857142859,683889.6,8977995.0,13.41,14.2,13.96
2023-09-12,13.59,13.925,13.59,13.81,617154.0,13.956,13.746577498362434,-0.04593731363011777,43.38842950105865,-0.16000000000000014,14.672171105694433,13.239828894305566,0.29600000000000026,646391.75,9595149.0,13.61,13.53,13.97
2023-09-13,13.85,14.13,13.82,14.06,673574.0,13.928,13.776427260423155,-0.016936429551103416,45.84980211782719,0.17999999999999972,14.5753459987559,13.280654001244102,0.301714285714286,612148.05,10268723.0,13.81,13.3,13.88
2023-09-14,14.18,14.3,13.99,14.1,581807.0,13.919500000000003,13.807243711811426,0.009025105746099271,47.9999997312,0.27999999999999936,14.552237577598545,13.28676242240146,0.3077857142857146,585713.35,10850530.0,14.06,13.42,13.82
2023-09-15,14.11,14.26,13.77,13.91,1320858.0,13.9,13.817030024972242,0.014641396158015851,48.9795915568513,-0.019999999999999574,14.506872916550174,13.293127083449827,0.31992857142857173,599163.85,9529672.0,14.1,13.41,13.93
2023-09-18,13.93,14.02,13.855,13.88,385242.0,13.882,13.823027165451077,0.016558396983720414,48.1781373787474,-0.3199999999999985,14.467386961536427,13.296613038463573,0.32207142857142884,584659.15,9144430.0,13.91,13.61,14.2
2023-09-19,13.9,14.08,13.68,13.92,352553.0,13.8655,13.832262673503354,0.020960789385748413,50.826445986954425,0.39000000000000057,14.425254645499171,13.30574535450083,0.339214285714286,578913.9,9496983.0,13.88,13.81,13.53
2023-09-20,13.96,14.215,13.76,14.14,818651.0,13.866,13.86157099031256,0.04120925392746422,56.20155008262727,0.8399999999999999,14.42676639286643,13.30523360713357,0.358214285714286,595590.25,10315634.0,13.92,14.06,13.3
2023-09-21,14.03,14.215,13.93,14.14,530442.0,13.8595,13.888088038854221,0.056593829861451894,54.2510118382534,0.7200000000000006,14.403306273555117,13.315693726444884,0.36357142857142893,593021.5,10315634.0,14.14,14.1,13.42
2023-09-22,14.16,14.33,14.05,14.05,543930.0,13.852,13.90350822563001,0.060993412684565484,46.724890544039994,0.6400000000000006,14.379939390460693,13.324060609539307,0.3600000000000003,599976.55,9771704.0,14.14,13.91,13.41
2023-09-25,13.91,14.085,13.79,13.92,420574.0,13.85,13.905078870808104,0.05360991863795661,61.142856653714325,0.3100000000000005,14.376517855947531,13.323482144052468,0.335714285714286,601718.65,9351130.0,14.05,13.88,13.61
2023-09-26,13.9,14.045,13.12,13.8,559943.0,13.841500000000002,13.895071359302571,0.03784589966475593,65.24390188206428,-0.009999999999999787,14.36534308618839,13.317656913811613,0.3764285714285718,607510.9,8791187.0,13.92,13.92,13.81
2023-09-27,13.82,13.995,13.815,13.93,527007.0,13.844000000000003,13.89839789651185,0.03523188513080555,65.45454489917358,-0.13000000000000078,14.369092473058954,13.318907526941052,0.3589285714285717,613780.8,9318194.0,13.8,14.14,14.06
2023-09-28,13.88,14.15,13.88,14.06,717393.0,13.856,13.913788573034532,0.042962215365093925,68.36158138019091,-0.03999999999999915,14.389682341946283,13.322317658053716,0.35357142857142876,629438.0,10035587.0,13.93,14.14,14.1
2023-09-29,14.08,14.18,13.99,14.1,843580.0,13.864500000000001,13.93152299465029,0.05166290388748429,65.21739073724011,0.1899999999999995,14.408461105420724,13.320538894579279,0.3492857142857145,626350.3,10879167.0,14.06,14.05,13.91
2023-10-02,14.07,14.27,14.02,14.14,728874.0,13.861499999999998,13.951377947540738,0.061028499607528985,61.379309752199795,0.2599999999999998,14.398284775060588,13.324715224939407,0.3432142857142858,628032.85,11608041.0,14.1,13.92,13.88
2023-10-03,14.11,14.11,13.775,13.84,448032.0,13.877,13.94077052396543,0.044084052641613525,42.666666268444416,-0.08000000000000007,14.39089534056327,13.36310465943673,0.34500000000000003,615532.5,11160009.0,14.14,13.8,13.92
2023-10-04,13.84,14.04,13.84,13.88,471904.0,13.906,13.934982855016342,0.03345563378205263,42.666666268444494,-0.2599999999999998,14.342416025563255,13.469583974436746,0.3371428571428571,619045.4,11631913.0,13.84,13.93,14.14
2023-10-05,13.88,14.02,13.53,13.55,794795.0,13.9125,13.898317821205262,-0.001248207575088145,39.024389910767425,-0.5899999999999999,14.32144601368062,13.50355398631938,0.3371428571428571,624765.45,10837118.0,13.88,14.06,14.14
2023-10-06,13.7,14.165,13.58,14.1,1241302.0,13.947,13.917525647757142,0.014948703349656256,55.09259223551095,0.049999999999998934,14.28827315807291,13.605726841927089,0.36714285714285705,661514.8,12078420.0,13.55,14.1,14.05
2023-10-09,14.2,14.44,14.105,14.28,517021.0,13.980500000000001,13.952047014637413,0.04167125950233164,57.82608660453685,0.35999999999999943,14.313933493723782,13.64706650627622,0.3624999999999998,654731.8,12595441.0,14.1,14.14,13.92
2023-10-10,14.28,14.77,14.28,14.62,674686.0,14.021,14.015661584671946,0.08898281053778412,59.91735502527147,0.8199999999999985,14.45024168140179,13.591758318598211,0.3649999999999998,657608.4,13270127.0,14.28,13.84,13.8
2023-10-11,14.69,14.81,14.6,14.78,556839.0,14.056999999999999,14.088455719465093,0.1376762420177382,62.4031004365723,0.8499999999999996,14.604495734181892,13.509504265818105,0.35964285714285704,651771.65,13826966.0,14.62,13.88,13.93
2023-10-12,14.78,14.78,14.415,14.62,665708.0,14.082999999999998,14.139078984277942,0.16159556878005077,60.75471666016373,0.5599999999999987,14.685699191794276,13.48030080820572,0.36571428571428566,655966.7,13161258.0,14.78,13.55,14.06
2023-10-13,14.62,14.745,14.175,14.18,1231781.0,14.0965,14.14297622387052,0.143666279074818,54.39189163463294,0.08000000000000007,14.694963822940387,13.498036177059614,0.38535714285714256,651512.85,11929477.0,14.62,14.1,14.1
2023-10-16,14.33,14.735,14.29,14.67,610414.0,14.136000000000001,14.19316896445428,0.166784952671712,63.06306279793306,0.5299999999999994,14.777064903520944,13.494935096479058,0.35107142857142826,662771.45,12539891.0,14.18,14.28,14.14
2023-10-17,14.59,14.8,14.565,14.57,458892.0,14.1685,14.229057634506253,0.17507003566289825,59.69696944370984,0.7300000000000004,14.829066742314984,13.507933257685016,0.3549999999999998,668088.4,12080999.0,14.67,14.62,13.84
2023-10-18,14.49,14.55,14.38,14.45,374468.0,14.184000000000001,14.250099764553276,0.1700506786066054,55.92705143374505,0.5699999999999985,14.856196713062948,13.511803286937054,0.3478571428571427,645879.25,11706531.0,14.57,14.78,13.88
2023-10-19,14.42,14.6,14.2709,14.42,787865.0,14.198000000000002,14.266280739357727,0.16179942434142802,54.87804854625223,0.8699999999999992,14.877956654965285,13.51804334503472,0.357792857142857,658750.4,10918666.0,14.45,14.62,13.55
2023-10-20,14.45,14.49,14.3,14.34,561571.0,14.2125,14.273301621323657,0.1471421938491595,53.012047969226295,0.2400000000000002,14.891535693969182,13.533464306030819,0.3535071428571427,659632.45,10357095.0,14.42,14.18,14.1
2023-10-23,14.33,14.41,14.16,14.2,808640.0,14.226499999999998,14.266320514530928,0.12286849903165908,55.696202284890234,-0.08000000000000007,14.891545309101485,13.561454690898511,0.3474357142857142,679035.75,9548455.0,14.34,14.67,14.28
2023-10-24,14.25,14.48,14.185,14.23,772865.0,14.248,14.262861417908935,0.10483275989217056,55.55555530864197,-0.3899999999999988,14.882071222962743,13.613928777037255,0.3542214285714285,689681.85,10321320.0,14.2,14.57,14.62
2023-10-25,14.16,14.4,14.16,14.2,641005.0,14.261499999999998,14.256874616203323,0.08712452428728668,61.40350847029852,-0.5800000000000001,14.878326342532564,13.644673657467433,0.33636428571428567,695381.75,9680315.0,14.23,14.45,14.78
2023-10-26,14.2,14.25,13.9612,14.1,351809.0,14.263499999999999,14.24193417656491,0.06431197523412813,49.999999708333334,-0.5199999999999996,14.877829758868618,13.64917024113138,0.3152071428571429,677102.55,9328506.0,14.2,14.42,14.62
2023-10-27,14.16,14.31,14.06,14.235,596026.0,14.27025,14.241273778796824,0.05643642079441591,49.04458569570098,0.054999999999999716,14.879964989500053,13.660535010499949,0.3091357142857144,664724.85,9924532.0,14.1,14.34,14.18
2023-10-30,14.23,14.4684,14.2,14.35,457694.0,14.280750000000001,14.25162865700665,0.058765725351117126,43.66197154400584,-0.3200000000000003,14.888249404374841,13.673250595625161,0.29330714285714304,651165.85,10382226.0,14.235,14.2,14.67
2023-10-31,14.35,14.415,14.08,14.14,635904.0,14.295749999999998,14.240997356339351,0.04322077515102585,35.32110069059847,-0.4299999999999997,14.871407747368396,13.7200922526316,0.30223571428571433,660559.45,9746322.0,14.35,14.23,14.57
2023-11-01,14.15,14.34,14.06,14.31,533985.0,14.317249999999998,14.247569036687985,0.044071399115233945,42.92237415483417,-0.1399999999999988,14.858627142596829,13.775872857403167,0.2961642857142857,663663.5,10280307.0,14.14,14.2,14.45
2023-11-02,13.92,13.975,12.55,13.09,1515815.0,14.29425,14.137324366527224,-0.052825888074456984,31.649831500640545,-1.33,14.989960730873563,13.598539269126437,0.3572357142857143,699714.5,8764492.0,14.31,14.1,14.42
2023-11-03,13.26,13.66,13.2,13.64,1279857.0,14.27125,14.08996014114368,-0.08437199516199279,33.00330017754254,-0.6999999999999993,15.022220424815362,13.520279575184638,0.35830714285714294,701642.25,10044349.0,13.09,14.235,14.34
2023-11-06,13.62,13.625,12.83,13.41,1191506.0,14.22775,14.02520203246333,-0.1264304399368985,31.645569480051293,-0.7899999999999991,15.071628732869524,13.383871267130477,0.39830714285714286,735366.5,8852843.0,13.64,14.35,14.2
2023-11-07,13.49,13.49,13.14,13.14,1018273.0,14.153749999999999,13.940897076990632,-0.17943265573630107,30.2114802347551,-1.0899999999999999,15.105473505845552,13.202026494154445,0.4111642857142857,752545.85,7834570.0,13.41,14.14,14.23
2023-11-08,13.19,13.22,13.06,13.19,1071653.0,14.074250000000001,13.869383069658191,-0.2149313101225836,31.531531398966536,-1.0099999999999998,15.070312114951731,13.078187885048271,0.3990857142857142,778286.55,8906223.0,13.14,14.31,14.2
2023-11-09,13.32,13.48,13.22,13.44,574339.0,14.01525,13.828489443976459,-0.22038622776889483,37.142856994285715,-0.6600000000000001,15.014984043580966,13.015515956419033,0.40408571428571427,773718.1,9480562.0,13.19,13.09,14.1
2023-11-10,13.51,13.59,13.39,13.55,651341.0,13.98375,13.801966639788224,-0.2133875993474348,40.63400559974755,-0.6849999999999987,15.001171275888998,12.966328724111003,0.40051428571428566,744696.1,10131903.0,13.44,13.64,14.235
2023-11-13,13.55,13.71,13.55,13.68,767888.0,13.93425,13.790350769332203,-0.19511790820942743,42.296918601636726,-0.6699999999999999,14.906416733587793,12.962083266412208,0.3908714285714285,752569.8,10899791.0,13.55,13.41,14.35
2023-11-14,13.34,13.43,13.115,13.39,1091810.0,13.87525,13.752222124633898,-0.20168066383785543,39.42558732324852,-0.75,14.82799382153531,12.922506178464689,0.3962285714285713,784215.7,9807981.0,13.68,13.14,14.14
2023-11-15,13.48,13.51,12.98,13.11,1191710.0,13.808250000000001,13.691058112764003,-0.22682973863960143,37.65586021766033,-1.200000000000001,14.779105699614375,12.837394300385627,0.4134571428571427,825077.8,8616271.0,13.39,13.19,14.31
2023-11-16,13.15,13.27,12.995,13.27,693604.0,13.75075,13.650957340119811,-0.2311999342223512,38.042131218689015,0.17999999999999972,14.705131998992037,12.796368001007963,0.41524285714285697,820364.75,9309875.0,13.11,13.44,13.09
2023-11-17,13.09,13.28,13.09,13.23,916684.0,13.695250000000001,13.610866164870306,-0.23517579572684255,35.85858573181309,-0.41000000000000014,14.634328355567192,12.756171644432811,0.40964285714285686,838120.4,8393191.0,13.27,13.55,13.64
2023-11-20,13.25,13.27,12.965,13.2,520230.0,13.64525,13.571736053930277,-0.23800083265674132,37.5661374270037,-0.21000000000000085,14.577635028893809,12.712864971106193,0.40749999999999975,823699.9,7872961.0,13.23,13.68,13.41
2023-11-21,13.19,13.325,13.15,13.24,724059.0,13.59575,13.540142144032155,-0.23431371718395688,35.34246561786452,0.09999999999999964,14.502178938777156,12.689321061222845,0.39999999999999974,821259.6,8597020.0,13.2,13.39,13.14
2023-11-22,13.28,13.46,13.27,13.31,523612.0,13.551250000000001,13.51822384460052,-0.2231753942050343,54.399999695360016,0.120000000000001,14.419350618713397,12.683149381286606,0.31178571428571417,815389.95,9120632.0,13.24,13.11,13.19
2023-11-24,13.31,13.38,13.22,13.32,202637.0,13.51225,13.499345383209993,-0.21110817892564526,41.83673439504373,-0.11999999999999922,14.345951164434236,12.678548835565763,0.2903571428571427,807931.35,9323269.0,13.31,13.27,13.44
2023-11-27,13.34,13.48,13.11,13.11,719907.0,13.456,13.462264870523327,-0.2159868517990855,42.26804093208629,-0.4400000000000013,14.234349130160183,12.677650869839816,0.2599999999999999,814125.4,8603362.0,13.32,13.23,13.55
2023-11-28,13.15,13.275,13.04,13.15,484358.0,13.396,13.432525359044915,-0.21415888566335894,50.29239724906809,-0.5299999999999994,14.06092263103554,12.731077368964462,0.25178571428571433,815458.6,9087720.0,13.11,13.2,13.68
2023-11-29,13.23,13.3,13.045,13.12,421266.0,13.344999999999999,13.402761039135875,-0.2126774670646956,47.92899368579532,-0.27000000000000135,13.920042332537871,12.769957667462126,0.2585714285714286,804726.7,8666454.0,13.15,13.24,13.39
2023-11-30,13.1,13.255,12.92,13.13,1013465.0,13.285999999999998,13.376783797313411,-0.2082956757883263,39.31034444803815,0.02000000000000135,13.646140323529112,12.925859676470884,0.26392857142857157,828700.7,9679919.0,13.12,13.31,13.11
2023-12-01,13.17,13.38,13.11,13.18,611457.0,13.2905,13.358042483283562,-0.1985023998888753,36.690647112468305,-0.08999999999999986,13.642485346585056,12.938514653414943,0.26892857142857174,783482.8,10291376.0,13.13,13.32,13.27
2023-12-04,13.18,13.39,13.04,13.06,487662.0,13.261500000000002,13.329657484875604,-0.19813488551211833,27.53623160470501,-0.16999999999999993,13.58680309753096,12.936196902469042,0.28250000000000036,743873.05,9803714.0,13.18,13.11,13.23
2023-12-05,13.08,13.17,13.01,13.1,449370.0,13.246,13.30778534345888,-0.19239950876443856,37.16814113243012,-0.09999999999999964,13.571052222525092,12.92094777747491,0.27142857142857185,706766.25,10253084.0,13.06,13.15,13.2
2023-12-06,13.13,13.25,13.065,13.16,911279.0,13.247,13.293710548843748,-0.18092911486346352,52.74725193575659,-0.08000000000000007,13.57079980819876,12.92320019180124,0.2467857142857148,701416.55,11164363.0,13.1,13.12,13.24
2023-12-07,13.22,13.45,13.11,13.29,513985.0,13.252,13.293357163239582,-0.15951438477823032,51.136362822830556,-0.02000000000000135,13.575181552365779,12.928818447634223,0.2514285714285719,673533.15,11678348.0,13.16,13.13,13.31
2023-12-08,13.23,13.64,13.07,13.64,729538.0,13.262,13.326370766740574,-0.11300929151445871,67.22688996539787,0.3200000000000003,13.620159035537178,12.903840964462823,0.2785714285714291,681293.1,12407886.0,13.29,13.18,13.32
2023-12-11,13.64,13.69,13.49,13.5,520435.0,13.2595,13.342906884193853,-0.08644996692586382,61.53846087573964,0.39000000000000057,13.609806632598048,12.90919336740195,0.2710714285714291,674747.8,11887451.0,13.64,13.06,13.11
2023-12-12,13.46,13.485,13.33,13.42,387718.0,13.246500000000001,13.3502490856992,-0.07103585928267542,56.71641731788815,0.2699999999999996,13.546834900788536,12.946165099211466,0.2696428571428577,655739.3,11499733.0,13.5,13.1,13.15
2023-12-13,13.46,13.65,13.29,13.63,642956.0,13.258500000000002,13.376892029918324,-0.04140282358630465,60.8108102355734,0.5100000000000016,13.599413633143701,12.917586366856302,0.2817857142857148,633296.6,12142689.0,13.42,13.16,13.12
2023-12-14,13.7,13.83,13.59,13.75,755799.0,13.2905,13.412426122307055,-0.008144396619442773,63.522012019303006,0.6199999999999992,13.688149673906532,12.892850326093468,0.28750000000000053,611501.05,12898488.0,13.63,13.29,13.13
2023-12-15,13.72,13.78,13.42,13.42,1260597.0,13.297999999999998,13.413147443992097,-0.008312279999884709,59.06432700181253,0.2400000000000002,13.699659714579223,12.896340285420774,0.2867857142857147,639850.7,11637891.0,13.75,13.64,13.18
2023-12-18,13.51,13.65,13.37,13.62,908077.0,13.3175,13.43284768742142,0.007601404284830693,62.56684445137118,0.5599999999999987,13.742452009674492,12.89254799032551,0.2900000000000004,639420.35,12545968.0,13.42,13.5,13.06
2023-12-19,13.79,14.16,13.785,14.0,883506.0,13.357499999999998,13.486862193381285,0.050289200726410854,69.81981937951467,0.9000000000000004,13.876157173051682,12.838842826948314,0.29857142857142893,657584.15,13429474.0,13.62,13.42,13.1
2023-12-20,13.99,14.165,13.76,13.76,659327.0,13.383500000000002,13.512875317821162,0.06401959149903114,62.85714249795917,0.5999999999999996,13.928806287666381,12.838193712333622,0.3035714285714288,654347.55,12770147.0,14.0,13.63,13.16
2023-12-21,13.79,13.835,13.5,13.69,471502.0,13.4025,13.529744335171529,0.06846444784968853,60.323886297759344,0.40000000000000036,13.963284225320654,12.841715774679345,0.30821428571428594,651742.05,12298645.0,13.76,13.75,13.29
2023-12-22,13.69,14.02,13.53,13.84,565848.0,13.4285,13.559292493726621,0.08313027773694692,65.59999963263999,0.1999999999999993,14.020526848608867,12.836473151391132,0.31821428571428584,669902.6,12864493.0,13.69,13.42,13.64
2023-12-26,13.91,13.91,13.69,13.82,504824.0,13.463999999999999,13.584121780038371,0.09207802158262979,64.51612866805411,0.3200000000000003,14.060742031896227,12.86725796810377,0.3225000000000002,659148.45,12359669.0,13.84,13.62,13.5
2023-12-27,13.84,13.84,13.59,13.62,463097.0,13.4875,13.587538753368051,0.08208705990398713,58.77862564011419,0.1999999999999993,14.068999875548755,12.906000124451246,0.3271428571428573,658085.4,11896572.0,13.82,14.0,13.42
2023-12-28,13.62,13.66,13.402,13.63,606544.0,13.513,13.591582681618712,0.0741215172196732,56.79999968192002,0.0,14.070894538232388,12.955105461767612,0.3212857142857145,667349.3,12503116.0,13.62,13.76,13.63
2023-12-29,13.65,13.845,13.56,13.71,1001827.0,13.542000000000002,13.60286052146455,0.07341692737671579,51.56950640270264,-0.03999999999999915,14.075847997290035,13.008152002709968,0.3009285714285716,666767.4,13504943.0,13.63,13.69,13.75
2024-01-02,13.65,13.66,13.11,13.23,765217.0,13.544500000000003,13.567349995610783,0.033742342232038425,44.74708146830385,-0.1899999999999995,14.07163625523104,13.017363744768966,0.32592857142857173,674455.4,12739726.0,13.71,13.84,13.42
2024-01-03,13.24,13.4,12.97,13.01,914086.0,13.542000000000002,13.514269043647852,-0.015274078655915346,42.435424135019964,-0.6099999999999994,14.079189567637908,13.004810432362095,0.3455714285714289,695776.6,11825640.0,13.23,13.82,13.62
2024-01-04,13.1,13.1,12.965,13.06,699634.0,13.540000000000001,13.4710053252052,-0.049514955301505736,38.82352919861593,-0.9399999999999995,14.08436829638152,12.995631703618482,0.32950000000000024,708289.8,12525274.0,13.01,13.62,14.0
2024-01-05,12.94,13.13,12.912,13.01,855339.0,13.532500000000002,13.427100056138038,-0.07976575057478819,35.08064496325444,-0.75,14.10244459564533,12.962555404354674,0.3279285714285716,705492.8,11669935.0,13.06,13.63,13.76
2024-01-08,12.93,13.03,12.86,12.99,571790.0,13.517500000000002,13.385471479362986,-0.10415276037704047,40.09216563995841,-0.6999999999999993,14.128620627251845,12.906379372748159,0.3143571428571431,708383.05,11098145.0,13.01,13.71,13.69
2024-01-09,12.88,12.9,12.49,12.51,1232432.0,13.461000000000002,13.302093243233177,-0.16035981599872784,27.346938619242053,-1.33,14.216357008656422,12.705642991343582,0.3236428571428573,733527.75,9865713.0,12.99,13.23,13.84
2024-01-10,12.51,12.69,12.47,12.62,1110161.0,13.416999999999998,13.237131981972874,-0.1937949055108188,18.348623735375867,-1.200000000000001,14.260204414249941,12.573795585750055,0.31257142857142867,763014.05,10975874.0,12.51,13.01,13.82
2024-01-11,12.55,12.78,12.45,12.76,1206687.0,13.384,13.191690840832601,-0.20661466085172542,25.961538286797392,-0.8599999999999994,14.276905370126121,12.49109462987388,0.30721428571428583,803962.5,12182561.0,12.62,13.06,13.62
2024-01-12,12.93,13.06,12.85,13.05,765739.0,13.355,13.17819647503902,-0.1911716483349526,36.08695630207946,-0.5800000000000001,14.251930437952902,12.458069562047099,0.29828571428571443,810101.65,12948300.0,12.76,13.01,13.63
2024-01-16,12.92,13.225,12.912,13.01,711814.0,13.318000000000001,13.162177763130542,-0.18008450206531101,31.05022811200773,-0.7000000000000011,14.207342749627983,12.42865725037202,0.2856428571428572,807902.4,12236486.0,13.05,12.99,13.71
2024-01-17,12.802,12.96,12.76,12.85,354157.0,13.289499999999999,13.1324465475943,-0.18210853808968963,29.184549180865417,-0.3800000000000008,14.20132812323149,12.377671876768508,0.2842142857142858,762580.4,11882329.0,13.01,12.51,13.23
2024-01-18,12.87,13.12,12.7,12.8,399720.0,13.248499999999998,13.100784971632939,-0.18560738455989245,31.19266035013895,-0.20999999999999908,14.171430686797036,12.32556931320296,0.29635714285714293,737162.55,11482609.0,12.85,12.62,13.01
2024-01-19,12.85,12.9,12.665,12.71,620693.0,13.184000000000001,13.063567355286944,-0.1934125794246988,29.64601751546718,-0.34999999999999964,14.065157133964721,12.30284286603528,0.2947142857142858,724021.9,10861916.0,12.8,12.76,13.06
2024-01-22,12.78,13.29,12.69,13.29,1779235.0,13.160499999999999,13.08513236906914,-0.15105789871518027,42.3913041327977,0.27999999999999936,14.001113184714507,12.319886815285491,0.3172142857142858,780017.3,12641151.0,12.71,13.05,13.01
2024-01-23,13.38,13.49,12.935,12.98,595344.0,13.125,13.075119762491125,-0.14088088822920497,45.173744929562766,-0.009999999999999787,13.930703354055897,12.319296645944103,0.31757142857142856,786209.4,12045807.0,13.29,13.01,12.99
2024-01-24,13.09,13.13,12.85,12.87,341867.0,13.0765,13.05558454701578,-0.1400765485598523,47.17741908851456,0.35999999999999943,13.814955714383297,12.338044285616702,0.30685714285714294,775010.35,11703940.0,12.98,12.85,12.51
2024-01-25,13.04,13.07,12.9,13.0,578033.0,13.035499999999999,13.050290780633325,-0.12748004750800312,48.82812473297118,0.3800000000000008,13.68595651984634,12.385043480153659,0.30935714285714294,778670.8,12281973.0,12.87,12.8,12.62
2024-01-26,13.09,13.1,12.945,13.08,519826.0,13.008500000000002,13.053120230096818,-0.10977667244460321,51.35135107377649,0.3200000000000003,13.598853150330676,12.418146849669327,0.3048571428571429,781507.25,12801799.0,13.0,12.71,12.76
2024-01-29,13.06,13.14,12.8,12.99,627698.0,12.976499999999998,13.047108779611406,-0.10183475567775169,49.999999736842106,-0.0600000000000005,13.489295229471287,12.46370477052871,0.31700000000000006,782564.95,12174101.0,13.08,13.29,13.05
2024-01-30,12.92,12.92,12.685,12.82,535602.0,12.931999999999999,13.025479372029368,-0.10801280947354996,56.59574434368494,-0.1899999999999995,13.314765559689352,12.549234440310645,0.3045,759253.7,11638499.0,12.99,12.98,13.01
2024-01-31,12.82,12.83,12.62,12.62,912442.0,12.901500000000002,12.986862288978951,-0.12757623701581622,49.999999713114754,-0.23000000000000043,13.281487534421707,12.521512465578297,0.30378571428571444,766614.95,10726057.0,12.82,12.87,12.85
2024-02-01,12.66,13.03,12.66,12.96,550289.0,12.899000000000001,12.984303975742861,-0.1143279945602913,53.787878502640055,0.16000000000000014,13.27663251421133,12.521367485788671,0.3066428571428572,748425.1,11276346.0,12.62,13.0,12.8
2024-02-02,12.86,12.94,12.73,12.73,466025.0,12.882500000000002,12.960084549481637,-0.12099259505900939,43.798449374737096,0.019999999999999574,13.259349823502392,12.505650176497612,0.3066428571428571,736744.65,10810321.0,12.96,13.08,12.71
2024-02-05,12.6,12.715,12.5201,12.66,359053.0,12.865,12.931505068578625,-0.13041923741679007,43.29501892485431,-0.629999999999999,13.249351812522814,12.480648187477186,0.29820714285714295,711930.35,10451268.0,12.73,12.99,13.29
2024-02-06,12.7,12.84,12.61,12.71,391141.0,12.851000000000003,12.910409347761613,-0.13232999124091016,47.199999735680024,-0.2699999999999996,13.236576806465733,12.465423193534273,0.30035,702897.9,10842409.0,12.66,12.82,12.98
2024-02-07,12.77,12.965,12.71,12.94,617493.0,12.872499999999999,12.91322750511765,-0.11397173348279033,52.61194002366895,0.07000000000000028,13.224509270212998,12.520490729787,0.28856428571428566,672150.95,11459902.0,12.71,12.62,12.87
2024-02-08,12.97,13.02,12.91,13.02,674564.0,12.892499999999998,12.923396314154065,-0.09190799945836403,55.80524315308109,0.019999999999999574,13.229225720025084,12.555774279974912,0.2796357142857141,650371.1,12134466.0,12.94,12.96,13.0
2024-02-09,12.99,13.09,12.94,12.99,970716.0,12.904,12.929739522329868,-0.07596733987088022,42.92452801842297,-0.08999999999999986,13.237365612472319,12.570634387527681,0.24749285714285701,638572.55,11163750.0,13.02,12.73,13.08
2024-02-12,13.06,13.285,12.975,13.25,782053.0,12.914000000000001,12.960240520203214,-0.04187205023677798,56.52173874816213,0.2599999999999998,13.276529127686521,12.551470872313482,0.22999285714285708,639388.25,11945803.0,12.99,12.66,12.99
2024-02-13,13.03,13.03,12.65,12.77,705990.0,12.902000000000001,12.942122375421956,-0.052972137617146586,47.95081939700351,-0.05000000000000071,13.267029198543858,12.536970801456144,0.23713571428571406,639097.05,11239813.0,13.25,12.71,12.82
2024-02-14,12.91,13.005,12.86,12.95,595293.0,12.907,12.942872625381769,-0.04670631505919687,48.99598366026353,0.33000000000000007,13.271769573985221,12.542230426014779,0.2353499999999999,651153.85,11835106.0,12.77,12.94,12.62
2024-02-15,13.04,13.1,12.87,13.01,684868.0,12.917499999999999,12.949265708678743,-0.03647865834471453,48.58299567604779,0.049999999999998934,13.281389804025585,12.553610195974413,0.24070714285714281,665411.25,12519974.0,12.95,13.02,12.96
2024-02-16,12.97,13.11,12.725,12.94,716761.0,12.928999999999998,12.948383260233149,-0.0336338131300149,48.9795915568513,0.20999999999999908,13.279572464166359,12.578427535833638,0.24392142857142854,670214.65,11803213.0,13.01,12.99,12.73
2024-02-20,12.82,13.0,12.8,13.0,567672.0,12.914499999999999,12.953299140210945,-0.026235375892060375,53.84615352399736,0.33999999999999986,13.223758876399165,12.605241123600832,0.2414214285714285,609636.5,12370885.0,12.94,13.25,12.66
2024-02-21,12.94,13.11,12.9,13.11,1122137.0,12.921000000000001,12.968223031619425,-0.01136505128141252,60.888888510024685,0.3999999999999986,13.241322206207391,12.600677793792611,0.2414214285714284,635976.15,13493022.0,13.0,12.77,12.71
2024-02-22,13.55,13.6,12.59,13.15,1294972.0,12.934999999999999,12.985535123846146,0.0036058597062105235,54.8717944778435,0.21000000000000085,13.270072655122169,12.599927344877829,0.28713571428571416,683631.4,14787994.0,13.11,12.95,12.94
2024-02-23,13.27,13.43,12.99,13.14,587477.0,12.941999999999998,13.000246064432227,0.01449639762856414,61.84971048214107,0.120000000000001,13.28844662382247,12.595553376177527,0.3035642857142856,684103.6,14200517.0,13.15,13.01,13.02
2024-02-26,13.06,13.17,12.97,13.1,777887.0,12.943000000000001,13.009746439248206,0.019672807866395914,62.94117595224912,0.10999999999999943,13.29123464563588,12.594765354364123,0.3039285714285712,697006.65,13422630.0,13.14,12.94,12.99
2024-02-27,13.14,13.25,13.095,13.21,610030.0,12.953999999999999,13.028818206938853,0.032279078523428595,64.20454494382747,-0.03999999999999915,13.32183291401351,12.586167085986487,0.2985714285714283,696123.25,14032660.0,13.1,13.0,13.25
2024-02-28,13.13,13.4282,13.13,13.4,494859.0,12.983,13.064168853897057,0.05694453471545913,63.37209250743646,0.6300000000000008,13.39513692155078,12.570863078449221,0.3016571428571426,694086.1,14527519.0,13.21,13.11,12.77
2024-02-29,13.535,13.6,13.355,13.41,1023198.0,13.022499999999999,13.09710515352591,0.07641809600699823,61.81818129366392,0.46000000000000085,13.43955105076891,12.605448949231087,0.31129999999999974,699623.9,15550717.0,13.4,13.15,12.95
2024-03-01,13.4,13.595,13.36,13.5,481485.0,13.0495,13.135476091285346,0.09798374588900316,64.91228017030879,0.4900000000000002,13.516448661665992,12.582551338334008,0.31737142857142836,696183.7,16032202.0,13.41,13.14,13.01
2024-03-04,13.57,13.57,13.39,13.44,459879.0,13.084999999999999,13.164478368305788,0.10897698297186231,56.291390206569865,0.5,13.557596411773439,12.61240358822656,0.308085714285714,695876.4,15572323.0,13.5,13.1,12.94
2024-03-05,13.41,13.48,13.29,13.35,525962.0,13.119499999999999,13.182147095133809,0.10916855879585796,75.89285619419638,0.34999999999999964,13.561194107058947,12.67780589294105,0.2945142857142856,704221.85,15046361.0,13.44,13.21,13.0
2024-03-06,13.49,13.49,13.29,13.43,597970.0,13.1555,13.205752133692494,0.11445630659778239,73.52941075547862,0.3200000000000003,13.573388174414951,12.737611825585049,0.29844285714285707,714563.3,15644331.0,13.35,13.4,13.11
2024-03-07,13.44,13.63,13.44,13.62,491486.0,13.1895,13.245204311436066,0.13245141919694348,76.52173819886572,0.46999999999999886,13.642721219366745,12.736278780633256,0.29558571428571423,708262.95,16135817.0,13.43,13.41,13.15
2024-03-08,13.7,13.79,13.57,13.62,508439.0,13.2195,13.280899138918345,0.14504073471959167,81.48148042524001,0.47999999999999865,13.703843288435687,12.735156711564313,0.2837999999999999,699956.7,16135817.0,13.62,13.5,13.14
2024-03-11,13.59,13.66,13.5,13.59,394320.0,13.249500000000001,13.310337316164217,0.15085811690521034,78.09523705396825,0.4900000000000002,13.74810753472473,12.750892465275273,0.2809428571428571,671136.9,15741497.0,13.62,13.44,13.1
2024-03-12,13.54,13.62,13.42,13.59,388455.0,13.266499999999999,13.336971857481911,0.1536967131101754,75.5319137686736,0.379999999999999,13.78784542544424,12.745154574555757,0.2802285714285714,651457.0,15741497.0,13.59,13.35,13.21
2024-03-13,13.57,13.66,13.525,13.65,423506.0,13.3105,13.366784061531254,0.158955465315346,76.04166555772568,0.25,13.803160874072782,12.817839125927216,0.2177285714285714,637332.8,16165003.0,13.59,13.43,13.4
2024-03-14,13.57,13.595,13.5,13.56,494891.0,13.341,13.385185579480659,0.15408464278953815,70.19230674741124,0.15000000000000036,13.814859850477738,12.86714014952226,0.19308571428571433,632312.7,15670112.0,13.65,13.62,13.41
2024-03-15,13.49,13.68,13.49,13.68,1333643.0,13.374500000000001,13.413263143339643,0.15808514666173323,75.89285619419647,0.17999999999999972,13.844549269534076,12.904450730465927,0.19237142857142864,664751.45,17003755.0,13.56,13.62,13.5
2024-03-18,13.65,14.01,13.65,13.67,621649.0,13.410999999999998,13.437714272545392,0.1586201846795987,72.5490186120723,0.23000000000000043,13.851425631454553,12.970574368545442,0.2070142857142858,659995.85,16382106.0,13.68,13.59,13.44
2024-03-19,13.61,13.79,13.56,13.75,666921.0,13.4485,13.467455770398212,0.16361348902430173,69.2307681656805,0.40000000000000036,13.868839461813817,13.028160538186182,0.20214285714285715,664958.3,17049027.0,13.67,13.59,13.35
2024-03-20,13.76,14.02,13.645,14.0,403767.0,13.493,13.518174268455525,0.18560406162022147,75.65217299206053,0.5700000000000003,13.949351664952909,13.036648335047092,0.2114285714285715,629039.8,17452794.0,13.75,13.65,13.43
2024-03-21,14.04,14.07,13.935,14.06,578906.0,13.538499999999999,13.569776719078808,0.20550431192258323,74.99999906250005,0.4400000000000013,14.03089586128495,13.046104138715048,0.20428571428571424,593236.5,18031700.0,14.0,13.56,13.62
2024-03-22,14.1,14.155,14.0,14.1,486441.0,13.586499999999997,13.620274174404637,0.2219446235783682,79.99999898181827,0.4800000000000004,14.101956874504257,13.071043125495738,0.20249999999999993,588184.7,18518141.0,14.06,13.68,13.62
2024-03-25,14.15,14.17,13.995,14.05,452768.0,13.634,13.661200443508957,0.2283073274094729,83.01886682805285,0.46000000000000085,14.135593251024865,13.132406748975136,0.20142857142857132,571928.75,18065373.0,14.1,13.67,13.59
2024-03-26,14.15,14.38,14.09,14.35,741561.0,13.690999999999999,13.726800401270008,0.25462214814394635,85.93749906005871,0.7599999999999998,14.245973683586604,13.136026316413394,0.20785714285714274,578505.3,18806934.0,14.05,13.75,13.59
2024-03-27,14.38,14.51,14.25,14.5,938083.0,13.746,13.800438458291913,0.2843032912990875,85.48387000260159,0.8499999999999996,14.390373216471056,13.101626783528944,0.21285714285714263,600666.5,19745017.0,14.35,14.0,13.65
2024-03-28,14.5,14.667,14.44,14.57,755195.0,13.803999999999998,13.873730033692683,0.3099018624165044,86.25954106287526,1.0099999999999998,14.525267889498092,13.082732110501905,0.21335714285714275,587266.35,20500212.0,14.5,14.06,13.56
2024-04-01,14.61,14.71,14.58,14.65,383456.0,13.861499999999998,13.947660506674332,0.33280783607052555,88.97058731942052,0.9700000000000006,14.659953109719677,13.063046890280319,0.21121428571428563,582364.9,20883668.0,14.57,14.1,13.68
2024-04-02,14.58,14.7,14.5,14.56,797285.0,13.917499999999999,14.005978553657728,0.33978194925384386,83.44827505636157,0.8900000000000006,14.74794376215685,13.087056237843147,0.21121428571428563,599235.2,20086383.0,14.65,14.05,13.67
2024-04-03,14.5,14.71,14.5,14.64,511868.0,13.982000000000003,14.06636154854747,0.34775559861668626,83.673468590865,0.8900000000000006,14.82711226286338,13.136887737136625,0.21657142857142858,598530.5,20598251.0,14.56,14.35,13.75
2024-04-04,14.73,14.755,14.48,14.59,930016.0,14.040000000000001,14.116231877257235,0.34605113196147386,86.01398517189108,0.5899999999999999,14.884823245294196,13.195176754705805,0.2294285714285714,615132.8,19668235.0,14.64,14.5,14.0
2024-04-05,14.55,14.915,14.55,14.83,701956.0,14.1005,14.184209793708927,0.3599174037416386,87.0967734068679,0.7699999999999996,14.990762527809064,13.210237472190936,0.24192857142857133,625656.3,20370191.0,14.59,14.57,14.06
2024-04-08,14.85,14.87,14.71,14.79,670548.0,14.159,14.241904099069982,0.36348878768818516,85.44303721759331,0.6899999999999995,15.069844605153243,13.248155394846759,0.22764285714285698,633761.75,19699643.0,14.83,14.65,14.1
2024-04-09,14.84,14.89,14.6618,14.84,639409.0,14.2215,14.29886561344427,0.36613315880806674,85.16128955338188,0.7899999999999991,15.139467434349514,13.303532565650487,0.22751428571428572,646016.2,20339052.0,14.79,14.56,14.05
2024-04-10,14.57,14.805,14.42,14.6,1008227.0,14.272,14.32754507883053,0.3448872148689368,69.48051884887838,0.25,15.15411707064068,13.38988292935932,0.22822857142857142,677004.8,19330825.0,14.84,14.64,14.35
2024-04-11,14.61,14.765,14.6,14.67,513877.0,14.323000000000002,14.360159833227623,0.3298952355914935,69.67741872549425,0.16999999999999993,15.170984607606025,13.47501539239398,0.23037142857142864,681523.35,19844702.0,14.6,14.59,14.5
2024-04-12,14.57,14.665,14.3,14.35,470338.0,14.3625,14.359192230063087,0.28886284161862186,56.83060065812655,-0.22000000000000064,15.130679666484275,13.594320333515727,0.24537142857142857,680295.7,19374364.0,14.67,14.83,14.57
2024-04-15,14.37,14.435,13.94,13.99,995274.0,14.378,14.324031065295173,0.22470513657605196,48.598130523189795,-0.6600000000000001,15.099273727147727,13.656726272852273,0.2682285714285714,663377.25,18379090.0,14.35,14.79,14.65
2024-04-16,13.94,13.96,13.8,13.85,516940.0,14.387,14.278885249552776,0.16071030039835676,37.373737109478654,-0.7100000000000009,15.074791278008925,13.699208721991075,0.2589428571428571,658141.8,17862150.0,13.99,14.84,14.56
2024-04-17,13.93,14.23,13.78,14.07,683005.0,14.403,14.258991416262035,0.12629028942738607,39.51219485211187,-0.5700000000000003,15.041521318112478,13.764478681887523,0.27251428571428576,658946.0,18545155.0,13.85,14.6,14.64
2024-04-18,14.12,14.59,14.045,14.06,653418.0,14.406,14.240039852808508,0.09708611836842529,37.18592938663168,-0.5299999999999994,15.037069268030473,13.774930731969528,0.29522857142857145,671428.55,17891737.0,14.07,14.67,14.59
2024-04-19,13.98,14.16,13.935,14.04,880796.0,14.404999999999998,14.220988438255317,0.07150352211779065,34.19689094364951,-0.7900000000000009,15.038436741327056,13.77156325867294,0.3020142857142857,686523.05,17010941.0,14.06,14.35,14.83
2024-04-22,14.17,14.26,14.085,14.19,800762.0,14.409500000000003,14.218037158421478,0.06261113028548237,40.7035173015833,-0.5999999999999996,15.035043132426697,13.783956867573309,0.30022857142857134,702239.1,17811703.0,14.04,13.99,14.79
2024-04-23,14.19,14.3,14.14,14.25,754087.0,14.4195,14.221081238571813,0.05971696267729065,40.10152255765417,-0.5899999999999999,15.026978827874414,13.812021172125585,0.29665714285714273,717305.05,18565790.0,14.19,13.85,14.84
2024-04-24,14.19,14.475,14.16,14.32,843836.0,14.418000000000001,14.230502072993545,0.06235296111458766,43.21608009797736,-0.27999999999999936,15.026348930345502,13.8096510696545,0.2995142857142855,722418.8,19409626.0,14.25,14.07,14.6
2024-04-25,14.32,14.54,14.2,14.45,613414.0,14.4155,14.25140663747035,0.0740779944061547,39.89361672419648,-0.22000000000000064,15.022840189072847,13.808159810927153,0.29772857142857134,706185.35,20023040.0,14.32,14.06,14.67
2024-04-26,14.53,14.97,14.52,14.8,903871.0,14.427000000000001,14.303653624377935,0.11034030094592318,50.228310181188924,0.45000000000000107,15.055016090977134,13.79898390902287,0.31844285714285725,713619.15,20926911.0,14.45,14.04,14.35
2024-04-29,14.9,15.055,14.745,15.0,657912.0,14.444500000000001,14.369972326818132,0.15344791260432977,53.418803099203735,1.0099999999999998,15.116636420989767,13.772363579010236,0.32428571428571434,727341.95,21584823.0,14.8,14.19,13.99
2024-04-30,14.94,14.94,14.355,14.5,1159745.0,14.441500000000001,14.382355914740215,0.14558695714050707,48.07692281804734,0.6500000000000004,15.111999421091541,13.771000578908462,0.3385714285714286,745464.95,20425078.0,15.0,14.25,13.85
2024-05-01,14.48,14.84,14.44,14.59,841689.0,14.438999999999998,14.402131541907814,0.1449484639290759,48.47328218373056,0.5199999999999996,15.106750347297302,13.771249652702695,0.3553571428571428,761956.0,21266767.0,14.5,14.32,14.07
2024-05-02,13.52,14.37,13.26,14.23,1661888.0,14.421000000000001,14.385738061726117,0.11407844235568732,47.744360650969554,0.16999999999999993,15.091016496261878,13.750983503738125,0.40857142857142864,798549.6,19604879.0,14.59,14.45,14.06
2024-05-03,14.5,15.055,14.34,14.98,882020.0,14.4285,14.44233443679982,0.14842153800541524,66.22950789271701,0.9400000000000013,15.120781506477247,13.736218493522752,0.42428571428571427,807552.8,20486899.0,14.23,14.8,14.04
2024-05-06,15.0,15.525,14.91,15.49,726347.0,14.4635,14.54211210948555,0.21432086212541357,73.97660788430628,1.3000000000000007,15.290422640052535,13.636577359947465,0.45678571428571424,810342.75,21213246.0,14.98,15.0,14.19
2024-05-07,15.46,15.915,15.35,15.8,1181528.0,14.511500000000002,14.661910956201213,0.2882383245326441,74.64387434614979,1.5500000000000007,15.52160213136561,13.501397868634394,0.46499999999999986,837448.7,22394774.0,15.49,14.5,14.25
2024-05-08,15.74,16.36,15.61,16.32,1715932.0,14.5975,14.819824198467764,0.38434757452199797,78.10945246429543,2.0,15.89213467718437,13.30286532281563,0.479642857142857,872833.95,24110706.0,15.8,14.59,14.32
2024-05-09,16.26,16.37,16.005,16.32,860398.0,14.679999999999998,14.962698084327977,0.455266814895813,78.49999972525002,1.870000000000001,16.186966279788933,13.173033720211064,0.48964285714285716,890160.0,24110706.0,16.32,14.23,14.45
2024-05-10,16.31,16.45,16.015,16.02,1223534.0,14.763500000000002,15.06339350486817,0.48171047527278965,72.0481925280302,1.2199999999999989,16.37492336558638,13.152076634413625,0.5082142857142857,927819.8,22887172.0,16.32,14.98,14.8
2024-05-13,16.07,16.215,15.94,16.14,913256.0,14.871,15.165927456785488,0.5065115131091318,72.44655557856252,1.1400000000000006,16.550572627344867,13.191427372655134,0.5164285714285715,923718.9,23800428.0,16.02,15.49,15.0
2024-05-14,16.21,16.27,15.95,16.11,959120.0,14.984,15.255839127567823,0.5177771524144443,71.46282949628784,1.6099999999999994,16.678379563516675,13.289620436483323,0.5167857142857144,945827.9,22841308.0,16.14,15.8,14.5
2024-05-15,16.21,16.31,16.12,16.29,700498.0,15.094999999999999,15.35433063922803,0.5350618865431755,71.80094762909637,1.6999999999999993,16.827700964269003,13.362299035730995,0.5060714285714285,946702.55,23541806.0,16.11,16.32,14.59
2024-05-16,16.3,16.6,16.17,16.18,1162338.0,15.200999999999999,15.432965816444408,0.5337315577011736,67.3366831802227,1.9499999999999993,16.926473542934865,13.475526457065133,0.504642857142857,972148.55,22379468.0,16.29,16.32,14.23
2024-05-17,16.26,16.35,16.13,16.34,584732.0,15.316000000000003,15.519350024402083,0.5393703979880033,67.00507590404287,1.3599999999999994,17.02214246335496,13.609857536645046,0.49821428571428567,957345.35,22964200.0,16.18,16.02,14.98
2024-05-20,16.29,16.41,16.225,16.38,523932.0,15.4255,15.601316688744742,0.5408325044644258,77.01149394305719,0.8899999999999988,17.108310618859743,13.742689381140256,0.4696428571428571,943503.85,23488132.0,16.34,16.14,15.49
2024-05-21,16.31,16.39,16.04,16.23,862154.0,15.524499999999998,15.66119128981667,0.5238488849038738,73.1638415185611,0.4299999999999997,17.14805652487784,13.900943475122155,0.4660714285714286,948907.2,22625978.0,16.38,16.11,15.8
2024-05-22,16.13,16.215,15.73,16.0,888868.0,15.608499999999998,15.693458786024607,0.48622526519912235,75.9530788670548,-0.3200000000000003,17.140945929328506,14.07605407067149,0.42142857142857143,951158.8,21737110.0,16.23,16.29,16.32
2024-05-23,16.04,16.2,15.98,16.03,629862.0,15.6875,15.725510330212739,0.453600203827504,69.51672826273821,-0.28999999999999915,17.128667290044586,14.246332709955414,0.3860714285714285,951981.2,22366972.0,16.0,16.18,16.32
2024-05-24,16.13,16.13,15.9801,16.02,454138.0,15.748499999999998,15.753556965430572,0.42207230443479915,62.10045622401531,0.0,17.133688947780172,14.363311052219824,0.35284999999999983,929494.55,21912834.0,16.03,16.34,16.02
2024-05-28,16.07,16.23,15.845,15.96,435591.0,15.7965,15.773218206818138,0.38777469340341675,54.123710949622705,-0.17999999999999972,17.138333388355264,14.454666611644734,0.33999285714285704,918378.5,21477243.0,16.02,16.38,16.14
2024-05-29,15.79,15.8489,15.68,15.68,856549.0,15.855499999999997,15.764340282359267,0.33414807962281223,31.176470331487906,-0.4299999999999997,17.053348509883982,14.657651490116013,0.2984857142857142,903218.7,20620694.0,15.96,16.23,16.11
2024-05-30,15.68,15.85,15.59,15.71,498871.0,15.9115,15.75916501737267,0.29071813333607643,32.36994193457855,-0.5799999999999983,16.955021870751416,14.867978129248582,0.29098571428571407,886077.8,21119565.0,15.68,16.0,16.29
2024-05-31,15.75,15.88,15.6,15.66,732866.0,15.982999999999999,15.749720730003844,0.24939019115388383,37.837837479912395,-0.5199999999999996,16.679762437805405,15.286237562194593,0.27991428571428567,839626.7,20386699.0,15.71,16.03,16.18
2024-06-03,15.69,15.83,15.4,15.5,805262.0,16.009,15.72593780333681,0.20140516353426463,28.947368154432155,-0.8399999999999999,16.57464448570654,15.443355514293463,0.2909857142857142,835788.8,19581437.0,15.66,16.02,16.34
2024-06-04,15.39,15.49,14.85,14.95,933861.0,15.982000000000003,15.652038964923781,0.1176401985641391,21.568627302960437,-1.4299999999999997,16.686469938845185,15.277530061154822,0.31384285714285703,846164.5,18647576.0,15.5,15.96,16.38
2024-06-05,15.05,15.235,14.75,15.2,610373.0,15.952000000000002,15.60898763493104,0.07061476727494487,24.17061595337036,-1.0300000000000011,16.735745393673838,15.168254606326165,0.3349142857142858,817606.75,19257949.0,14.95,15.68,16.23
2024-06-06,15.19,15.32,15.075,15.13,814093.0,15.892500000000002,15.563369764937608,0.027382708555279578,24.637680992788688,-0.8699999999999992,16.736946252691027,15.048053747308979,0.32170000000000015,772514.8,18443856.0,15.2,15.71,16.0
2024-06-07,15.0,15.05,14.645,14.67,775511.0,15.810000000000002,15.478286930181646,-0.04349577183612929,14.767932402214782,-1.3600000000000012,16.790096665479446,14.82990333452056,0.3349142857142858,768270.45,17668345.0,15.13,15.66,16.03
2024-06-10,14.67,15.19,14.535,14.7,432768.0,15.744,15.404164365402442,-0.09613850412887182,14.40677957555306,-1.3200000000000003,16.835949487939,14.652050512060999,0.36848571428571436,728732.15,18101113.0,14.67,15.5,16.02
2024-06-11,14.58,14.805,14.58,14.61,694495.0,15.6675,15.328529663935543,-0.14346670155738295,14.782608605671115,-1.3500000000000014,16.853006775935594,14.481993224064407,0.3595571428571428,717794.1,17406618.0,14.7,14.95,15.96
2024-06-12,14.86,14.9,14.49,14.49,509923.0,15.586499999999997,15.24866969594168,-0.18848489929531986,15.525114056003886,-1.1899999999999995,16.862617054521973,14.310382945478022,0.3542,695334.25,16896695.0,14.61,15.2,15.68
2024-06-13,14.48,14.54,14.165,14.29,636767.0,15.486500000000001,15.157367820137711,-0.23756200658750615,13.13559314241597,-1.4200000000000017,16.8415105845381,14.131489415461903,0.36527142857142864,692147.7,16259928.0,14.49,15.13,15.71
2024-06-14,14.04,14.19,13.98,14.1,598300.0,15.382500000000002,15.056666122981738,-0.28846216718931394,12.204724342178707,-1.5600000000000005,16.829556904275123,13.935443095724883,0.36956428571428585,663945.8,15661628.0,14.29,14.67,15.66
2024-06-17,14.12,14.31,14.04,14.2,615097.0,15.2755,14.975078873173954,-0.31707668439625003,15.891472781984262,-1.3000000000000007,16.74081081667797,13.810189183322027,0.3613500000000002,665464.05,16276725.0,14.1,14.7,15.5
2024-06-18,14.25,14.42,14.16,14.24,601629.0,15.1685,14.9050713614431,-0.3326911730218143,19.230769115713386,-0.7099999999999991,16.606499707195564,13.730500292804436,0.367857142857143,669348.9,16878354.0,14.2,14.61,14.95
2024-06-20,14.23,14.325,13.91,14.04,773422.0,15.059000000000001,14.822683612734235,-0.3570878100333079,16.733067635751794,-1.1600000000000001,16.490170297711785,13.627829702288217,0.37892857142857156,664912.3,16104932.0,14.24,14.49,15.2
2024-06-21,13.99,14.185,13.965,13.98,1206986.0,14.958000000000002,14.74242803056907,-0.376918932283985,16.666666574074085,-1.1500000000000004,16.394656938136087,13.521343061863915,0.3746428571428572,680818.2,14897946.0,14.04,14.29,15.13
2024-06-24,14.02,14.37,14.02,14.24,534546.0,14.868500000000001,14.694577741943444,-0.36742002339558155,25.954198334595887,-0.4299999999999997,16.245763113646177,13.491236886353827,0.3689285714285715,676052.4,15432492.0,13.98,14.1,14.67
2024-06-25,14.16,14.255,14.1,14.19,495914.0,14.777000000000001,14.646522718901211,-0.35977933947197016,32.07547148629405,-0.5099999999999998,16.07290610446081,13.481093895539193,0.3342857142857144,678141.2,14936578.0,14.24,14.2,14.7
2024-06-26,14.06,14.26,13.9,14.21,587428.0,14.689499999999999,14.604949126624906,-0.3480975576116965,23.809523633157013,-0.3999999999999986,15.881216585876224,13.497783414123774,0.32535714285714296,685733.05,15524006.0,14.19,14.24,14.61
2024-06-27,14.3,14.33,14.21,14.27,396489.0,14.619,14.573049209803486,-0.33019191594041253,27.12765937245358,-0.22000000000000064,15.727947343441599,13.5100526565584,0.3164285714285714,662730.05,15920495.0,14.21,14.04,14.49
2024-06-28,14.39,14.97,14.385,14.94,3667089.0,14.5805,14.607996904107916,-0.2589531155249123,56.459329765344194,0.6500000000000004,15.577811649543742,13.58318835045626,0.32928571428571424,821140.95,19587584.0,14.27,13.98,14.29
2024-07-01,14.88,14.908,14.31,14.55,837924.0,14.525,14.60247338943097,-0.23129931873843113,46.93877524198253,0.45000000000000107,15.38321111376476,13.66678888623524,0.3252142857142856,826393.85,18749660.0,14.94,14.24,14.1
2024-07-02,14.6,14.72,14.5,14.52,598474.0,14.476000000000003,14.594618780913736,-0.2093905113352168,48.11715452985768,0.3200000000000003,15.20145883847099,13.750541161529016,0.32485714285714284,816054.45,18151186.0,14.55,14.19,14.2
2024-07-03,14.61,14.61,14.44,14.45,312066.0,14.450999999999999,14.580845563683857,-0.19542332017707764,49.14529885126743,0.20999999999999908,15.14129055667267,13.760709443327327,0.3077142857142857,784964.7,17839120.0,14.52,14.21,14.24
2024-07-05,14.5,14.615,14.35,14.54,586016.0,14.417999999999997,14.57695550999968,-0.1750738306270243,55.60538081682721,0.5,15.01421966986735,13.821780330132645,0.2998571428571429,783746.85,18425136.0,14.45,14.27,14.04
2024-07-08,14.66,14.95,14.57,14.65,784106.0,14.394,14.583912128094948,-0.1483604262707754,62.79069726554895,0.6699999999999999,14.901601169589194,13.886398830410807,0.312,782247.5,19209242.0,14.54,14.94,13.98
2024-07-09,14.55,14.74,14.55,14.58,583513.0,14.389499999999998,14.583539544466857,-0.13132444930542064,58.962263761569965,0.33999999999999986,14.888318604304104,13.890681395695893,0.30628571428571416,772647.6,18625729.0,14.65,14.55,14.24
2024-07-10,14.65,14.73,14.5307,14.72,479127.0,14.3905,14.596535778327157,-0.1053125078780397,60.81081042731921,0.5300000000000011,14.892012449338997,13.888987550661001,0.30195,774965.55,19104856.0,14.58,14.52,14.19
2024-07-11,15.0,15.13,14.87,15.06,607025.0,14.413000000000002,14.640675228010284,-0.05661013216621846,71.61016906671935,0.8499999999999996,14.990584808081213,13.835415191918791,0.2908785714285716,770592.05,19711881.0,14.72,14.45,14.21
2024-07-12,15.25,15.35,15.15,15.16,514041.0,14.4465,14.690134730104543,-0.009830662549706659,74.58333289826386,0.8900000000000006,15.113662885500506,13.779337114499494,0.28945000000000004,770797.95,20225922.0,15.06,14.54,14.27
2024-07-15,15.36,15.66,15.27,15.43,853516.0,14.503499999999999,14.760598089142205,0.048470410842375244,74.68879624662107,0.4900000000000002,15.297166375619723,13.709833624380275,0.292307142857143,781635.4,21079438.0,15.16,14.65,14.94
2024-07-16,15.52,15.83,15.52,15.69,1286590.0,14.582999999999998,14.849112556842947,0.11433626129445962,78.62595377833459,1.1399999999999988,15.513265383753682,13.652734616246315,0.3033785714285715,816049.9,22366028.0,15.43,14.58,14.55
2024-07-17,15.66,15.88,15.44,15.51,860624.0,14.648499999999999,14.912054218096,0.15027860843708396,73.38129459448268,0.9900000000000002,15.647178600635995,13.649821399364003,0.30909285714285734,828326.25,21505404.0,15.69,14.72,14.52
2024-07-18,15.35,15.595,15.14,15.15,576539.0,14.693999999999999,14.934715721134475,0.1480080416708045,64.2857139935065,0.7000000000000011,15.697224275707212,13.690775724292786,0.33302142857142886,827071.75,20928865.0,15.51,15.06,14.45
2024-07-19,15.22,15.305,14.87,14.89,590783.0,14.736500000000001,14.93045708102643,0.12380166559088224,49.063670154722345,0.3500000000000014,15.694046755763665,13.778953244236337,0.32230714285714307,817939.8,20338082.0,15.15,15.16,14.54
2024-07-22,14.91,15.46,14.76,15.0,535003.0,14.7875,14.93708021616677,0.11220063968322869,59.41422559338946,0.34999999999999964,15.681971322831673,13.893028677168326,0.3295928571428575,784340.65,20873085.0,14.89,15.43,14.65
2024-07-23,14.98,15.565,14.88,15.45,801271.0,14.847999999999999,14.985929719388983,0.1377303128498628,66.54804237307025,0.8699999999999992,15.750198484405159,13.94580151559484,0.3628071428571431,797676.9,21674356.0,15.0,15.69,14.58
2024-07-24,15.43,15.64,15.31,15.37,906692.0,14.907,15.022507841351937,0.14978085095451554,66.31205640837987,0.6499999999999986,15.781939997942601,14.0320600020574,0.37423571428571456,818215.8,20767664.0,15.45,15.51,14.72
2024-07-25,15.46,15.77,15.3,15.47,1085594.0,14.970000000000002,15.065126142175561,0.16549245941018675,66.43109507772606,0.41000000000000014,15.814549085544781,14.125450914455223,0.3888785714285716,843124.1,21853258.0,15.37,15.15,15.06
2024-07-26,14.9,15.05,14.41,14.48,1296760.0,14.980500000000001,15.009399842920747,0.096941811400443,47.70889469867263,-0.6799999999999997,15.793019797329528,14.167980202670474,0.40745000000000026,888137.65,20556498.0,15.47,14.89,15.16
2024-07-29,14.6,14.995,14.5405,14.98,1031551.0,14.982499999999998,15.006599857880676,0.0820153285612335,54.83091768897758,-0.4499999999999993,15.794796938187787,14.17020306181221,0.4263428571428574,756360.75,21588049.0,14.48,15.0,15.43
2024-07-30,14.97,15.67,14.97,15.57,1306643.0,15.0335,15.060257014272993,0.11645167008164847,59.25925907851206,-0.11999999999999922,15.85942914185673,14.20757085814327,0.462107142857143,779796.7,22894692.0,14.98,15.45,15.69
2024-07-31,15.58,15.74,15.37,15.5,1666221.0,15.0825,15.102137298627946,0.13652057959981612,55.09259241405178,-0.009999999999999787,15.89635049706854,14.26864950293146,0.4699642857142858,833184.05,21228471.0,15.57,15.37,15.51
2024-08-01,17.53,17.6,15.115,15.28,1350987.0,15.124,15.119076603520522,0.1331384366050692,51.35135118943267,0.129999999999999,15.884979977604893,14.363020022395109,0.6331785714285717,885130.1,19877484.0,15.5,15.47,15.15
2024-08-02,14.61,14.61,14.01,14.35,1304755.0,15.114500000000001,15.045831212709043,0.05478332825488863,39.41176459769319,-0.5400000000000009,15.910132155154345,14.318867844845657,0.6481785714285716,921067.05,18572729.0,15.28,14.48,14.89
2024-08-05,13.68,14.62,13.6,14.33,1232198.0,15.098499999999998,14.977656811498658,-0.00882575467444724,36.008230348947485,-0.6699999999999999,15.94472443209437,14.252275567905626,0.6988928571428572,943471.65,17340531.0,14.35,14.98,15.0
2024-08-06,14.24,14.43,14.08,14.38,760917.0,15.0885,14.920737115165453,-0.05457274837351811,38.05496817489016,-1.0699999999999985,15.964718550002328,14.212281449997672,0.6924642857142856,952341.85,18101448.0,14.33,15.57,15.45
2024-08-07,14.55,14.665,14.175,14.21,776078.0,15.062999999999999,14.853047866102077,-0.1033537519855603,39.647576970249766,-1.1599999999999984,16.011108366002524,14.114891633997473,0.6949642857142856,967189.4,17325370.0,14.38,15.5,15.37
2024-08-08,14.38,14.57,14.295,14.54,392557.0,15.036999999999997,14.823233783616166,-0.11406988017735209,46.20390441499897,-0.9300000000000015,16.013548163578857,14.060451836421135,0.6835357142857141,956466.0,17717927.0,14.21,15.28,15.47
2024-08-09,14.58,14.94,14.48,14.93,993456.0,15.0255,14.83340199470034,-0.09005465437421556,49.28425343763199,0.4499999999999993,16.001366146990396,14.049633853009603,0.6663928571428569,980436.75,18711383.0,14.54,14.35,14.48
2024-08-12,15.0,15.048,14.49,14.53,1009623.0,14.980500000000001,14.804506566633641,-0.10212187453389987,40.495867651458234,-0.45000000000000107,15.960821644316587,14.000178355683415,0.6573214285714284,988242.1,17701760.0,14.93,14.33,14.98
2024-08-13,14.66,14.92,14.565,14.82,1041793.0,14.937000000000001,14.805982131716151,-0.08727856414303936,44.554455322027266,-0.75,15.860314395904238,14.013685604095764,0.6591071428571427,976002.25,18743553.0,14.53,14.38,15.57
2024-08-14,14.89,14.99,14.535,14.64,669459.0,14.8935,14.790174309647947,-0.08901353674088064,41.91033126964042,-0.8599999999999994,15.784561460459152,14.002438539540847,0.6580357142857142,966444.0,18074094.0,14.82,14.21,15.5
2024-08-15,14.94,15.08,14.77,14.91,769981.0,14.881499999999999,14.801586280157666,-0.06781998495479513,54.87528327250476,-0.3699999999999992,15.764444237376063,13.998555762623935,0.6344642857142856,976116.1,18844075.0,14.64,14.54,15.28
2024-08-16,14.86,15.05,14.86,14.89,493363.0,14.881499999999999,14.810006634428365,-0.052037914637528715,48.85496165802304,0.5400000000000009,15.764444237376063,13.998555762623935,0.6155714285714285,971245.1,18350712.0,14.91,14.93,14.35
2024-08-19,14.92,14.93,14.725,14.92,722775.0,14.877500000000001,14.820482193054236,-0.036686857671027084,40.35608291840203,0.5899999999999999,15.758907367434738,13.996092632565265,0.5802142857142858,980633.7,19073487.0,14.89,14.53,14.33
2024-08-20,14.94,15.05,14.86,14.91,773522.0,14.8505,14.829007698477643,-0.025039313236208116,41.08761311926689,0.5299999999999994,15.690160959146969,14.010839040853032,0.567357142857143,979246.25,18299965.0,14.92,14.82,14.38
2024-08-21,14.95,15.13,14.92,15.09,579210.0,14.836500000000001,14.853864108146439,-0.0012694215845918677,47.09480102161248,0.879999999999999,15.648574017886386,14.024425982113616,0.4048571428571429,962872.15,18879175.0,14.91,14.64,14.21
2024-08-22,15.13,15.19,14.96,14.99,431405.0,14.8125,14.866829431180111,0.009390971269892745,63.11475373622685,0.45000000000000107,15.572441133454173,14.052558866545827,0.37842857142857145,930162.7,18447770.0,15.09,14.91,14.54
2024-08-23,15.12,15.52,15.06,15.31,714084.0,14.854000000000003,14.9090361520201,0.04316317681300674,67.8832113319836,0.3800000000000008,15.628009383867928,14.079990616132077,0.3384285714285714,901028.9,19161854.0,14.99,14.89,14.93
2024-08-26,15.49,15.525,15.235,15.28,697038.0,14.869,14.9443660423039,0.06673783156345792,66.54411730455232,0.75,15.66461694036093,14.07338305963907,0.3341428571428572,884303.25,18464816.0,15.31,14.92,14.53
2024-08-27,15.23,15.53,15.18,15.49,540526.0,14.865,14.9963311811321,0.10119959432037184,73.1884054258559,0.6699999999999999,15.646456130701104,14.083543869298897,0.3241428571428573,845997.4,19005342.0,15.28,14.91,14.82
2024-08-28,15.4,15.51,15.35,15.38,680467.0,14.859,15.032871068643328,0.1182713503943269,66.53543270413545,0.7400000000000002,15.621541457026453,14.096458542973547,0.31592857142857156,796709.7,18324875.0,15.49,15.09,14.64
2024-08-29,15.55,15.6,15.22,15.23,767514.0,14.8565,15.051645252582059,0.11833302424098235,56.52173878638943,0.3200000000000003,15.613537856245836,14.099462143754165,0.31021428571428583,767536.05,17557361.0,15.38,14.99,14.91
2024-08-30,15.29,15.445,15.2,15.42,491316.0,14.91,15.086726657098053,0.13218951486526542,71.29186555115498,0.5299999999999994,15.667558404904803,14.152441595095198,0.2878571428571431,726864.1,18048677.0,15.23,15.31,14.89
2024-09-03,15.43,15.43,14.97,15.03,821417.0,14.945000000000002,15.08132411832681,0.11042819539358462,54.794520197660574,0.10999999999999943,15.652776354804857,14.237223645195147,0.295357142857143,706325.05,17227260.0,15.42,15.28,14.92
2024-09-04,15.06,15.195,14.955,15.06,554396.0,14.979000000000003,15.079293249914732,0.09451344999040145,60.29411723327566,0.15000000000000036,15.636007570251827,14.321992429748178,0.28000000000000014,695999.0,17781656.0,15.03,15.49,14.91
2024-09-05,15.15,15.42,15.0,15.13,363415.0,15.025,15.084122464208567,0.08655160159627151,55.978260443643684,0.040000000000000924,15.575502163100857,14.474497836899143,0.2878571428571429,675365.85,18145071.0,15.06,15.38,15.09
2024-09-06,15.08,15.095,14.675,14.84,431992.0,15.040000000000001,15.060872705712514,0.05619344002119675,48.81516555288514,-0.15000000000000036,15.549695471516063,14.530304528483938,0.30428571428571427,677337.6,17713079.0,15.13,15.23,14.99
2024-09-09,14.79,14.865,14.54,14.61,536962.0,15.024000000000001,15.017932448025608,0.013420596169913424,43.29004302767939,-0.7000000000000011,15.56722235439603,14.480777645603972,0.3128571428571429,654512.9,17176117.0,14.84,15.42,15.31
2024-09-10,14.61,14.66,14.45,14.65,551402.0,15.029999999999998,14.98289126249936,-0.01705294925453238,44.44444417853752,-0.629999999999999,15.552504092151976,14.50749590784802,0.31428571428571433,631601.85,17727519.0,14.61,15.03,15.28
2024-09-11,14.53,14.85,14.49,14.73,571808.0,15.0255,14.958806380356563,-0.03435213214656585,41.964285452008966,-0.7599999999999998,15.55709046365826,14.493909536341738,0.3249999999999999,608102.6,18299327.0,14.65,15.06,15.49
2024-09-12,14.82,15.265,14.77,15.25,437707.0,15.056000000000001,14.98653910603689,-0.006032664252682451,54.88721775623267,-0.13000000000000078,15.563932859218077,14.548067140781924,0.34392857142857153,596515.0,18737034.0,14.73,15.13,15.38
2024-09-13,16.12,16.63,15.9,16.5,1644156.0,15.135499999999999,15.130678238795282,0.11593880105261967,66.5738158963695,1.2699999999999996,15.95151019085468,14.319489809145317,0.36321428571428577,640223.75,20381190.0,15.25,14.84,15.23
2024-09-16,16.56,17.05,16.5,16.67,680339.0,15.2245,15.27728031129097,0.22374050405535328,68.63270751719627,1.2500000000000018,16.280699243563916,14.168300756436086,0.38178571428571434,649572.55,21061529.0,16.5,14.61,15.42
2024-09-17,16.68,16.89,16.61,16.69,750732.0,15.312999999999999,15.411825043548973,0.3072462200364914,66.94915227760221,1.660000000000002,16.543936314569528,14.08206368543047,0.37678571428571445,650970.4,21812261.0,16.67,14.65,15.03
2024-09-18,16.67,16.96,16.46,16.65,1182737.0,15.4,15.52974646797288,0.365978661673946,68.29971154000108,1.589999999999998,16.751100915627774,14.048899084372227,0.4010714285714287,671431.15,20629524.0,16.69,14.73,15.06
2024-09-19,16.97,16.97,16.7,16.92,896695.0,15.491499999999998,15.662151566261176,0.4293618719379175,73.5376041700483,1.790000000000001,16.99362866503354,13.989371334966458,0.3932142857142859,687305.4,21526219.0,16.65,15.25,15.13
2024-09-20,16.92,17.08,16.81,16.84,1573052.0,15.583999999999998,15.774327607569635,0.4677463030918485,70.402298567347,2.0,17.180949724021474,13.987050275978524,0.3950000000000001,744387.75,19953167.0,16.92,16.5,14.84
2024-09-23,16.87,16.96,16.63,16.78,945532.0,15.657499999999999,15.87010593065824,0.4877028083770032,77.7777774320987,2.1700000000000017,17.334651407030645,13.980348592969353,0.385714285714286,755960.15,19007635.0,16.84,16.67,14.61
2024-09-24,16.78,16.86,16.55,16.73,868164.0,15.73,15.952000603928884,0.4937917762402648,76.34069366915773,2.08,17.462877132948073,13.997122867051928,0.3907142857142859,764516.45,18139471.0,16.78,16.69,14.65
2024-09-25,16.82,16.87,16.53,16.54,504308.0,15.782499999999999,16.008000546411846,0.4777783832427467,71.42857112461996,1.8099999999999987,17.548075796938896,14.016924203061102,0.3850000000000002,762705.55,17635163.0,16.73,16.65,14.73
2024-09-26,16.84,16.92,16.52,16.54,413420.0,15.8405,16.05866716103929,0.45978750971764626,78.33333296777766,1.2899999999999991,17.626497878232836,14.054502121767165,0.3835714285714289,749353.2,17635163.0,16.54,16.92,15.25
2024-09-27,16.65,16.94,16.59,16.65,453887.0,15.911499999999998,16.11498457427364,0.44922728106089416,85.41666625144663,0.14999999999999858,17.708178514428795,14.114821485571202,0.38535714285714323,733671.85,18089050.0,16.54,16.84,16.5
2024-09-30,16.59,16.73,16.4,16.61,533551.0,15.971,16.162128900533293,0.43264331523527844,84.0277773693093,-0.060000000000002274,17.777932847614707,14.164067152385291,0.39392857142857185,735783.6,17555499.0,16.65,16.78,16.67
2024-10-01,16.56,16.651,16.2,16.24,404919.0,16.0315,16.1695451957206,0.3852041019522723,73.81703437430953,-0.45000000000000284,17.786040275669635,14.276959724330366,0.4004285714285719,714958.7,17150580.0,16.61,16.73,16.69
2024-10-02,16.16,16.23,15.94,15.97,316001.0,16.076999999999998,16.150540891366255,0.3221083752850582,62.328766824451094,-0.6799999999999979,17.77163674107757,14.382363258922423,0.3857857142857148,703038.95,16834579.0,16.24,16.54,16.65
2024-10-03,15.87,15.95,15.56,15.58,378735.0,16.0995,16.09620366361709,0.23789253957558998,27.66990272457356,-1.3400000000000016,17.75263704975197,14.446362950248028,0.3615000000000005,703804.95,16455844.0,15.97,16.54,16.92
2024-10-04,15.83,15.85,15.67,15.8,332602.0,16.1475,16.067993790891652,0.18675030316900454,29.383886060960037,-1.0399999999999991,17.69929861688555,14.595701383114452,0.335071428571429,698835.45,16788446.0,15.58,16.65,16.84
2024-10-07,15.7,15.75,15.49,15.62,556055.0,16.198,16.025327715568636,0.1301944164902391,26.431717898659045,-1.160000000000002,17.597377305127083,14.79862269487292,0.33364285714285746,699790.1,16232391.0,15.8,16.61,16.78
2024-10-08,15.66,15.81,15.57,15.67,450849.0,16.249000000000002,15.991486980752576,0.08838915579885054,28.508771754770777,-1.0600000000000005,17.474361815525043,15.023638184474962,0.31507142857142895,694762.45,16683240.0,15.62,16.24,16.73
2024-10-09,15.81,16.11,15.74,15.75,560478.0,16.3,15.968488220680902,0.061010228980006076,22.009569230557915,-0.7899999999999991,17.32821255226292,15.271787447737085,0.32221428571428606,694195.95,17243718.0,15.67,15.97,16.54
2024-10-10,15.6,15.64,15.43,15.6,484616.0,16.317500000000003,15.933394104425577,0.026898417609798386,21.296296158264767,-0.9399999999999995,17.28030019242092,15.354699807579086,0.31792857142857184,696541.4,16759102.0,15.75,15.58,16.54
2024-10-11,15.58,15.79,15.36,15.36,330738.0,16.2605,15.878785142099332,-0.019279194347491924,19.658119540506988,-1.2899999999999991,17.30897709108295,15.21202290891705,0.32507142857142884,630870.5,16428364.0,15.6,15.8,16.65
2024-10-14,15.33,15.58,15.2,15.29,253281.0,16.191499999999998,15.822710366661301,-0.06082257472013275,19.49152530810113,-1.3200000000000003,17.30605962509603,15.076940374903966,0.33007142857142896,609517.6,16175083.0,15.36,15.62,16.61
2024-10-15,15.2,15.66,15.2,15.46,380526.0,16.13,15.788166522217368,-0.07911641889030818,26.923076761998757,-0.7799999999999976,17.264307115193425,14.995692884806573,0.33864285714285763,591007.3,16555609.0,15.29,15.67,16.24
2024-10-16,15.54,15.87,15.46,15.66,537584.0,16.0805,15.775960186768096,-0.07659317521904718,32.67716517422039,-0.3100000000000005,17.205628764560572,14.955371235439427,0.3393571428571431,558749.65,17093193.0,15.46,15.75,15.97
2024-10-17,15.62,15.77,15.45,15.72,494219.0,16.020500000000002,15.770630645171135,-0.06895709342294865,31.32530102869316,0.14000000000000057,17.08339525156009,14.957604748439913,0.33721428571428586,538625.85,17587412.0,15.66,15.6,15.58
2024-10-18,15.8,16.02,15.65,15.83,457041.0,15.970000000000002,15.77628486944055,-0.0534136436578585,34.76562480987552,0.02999999999999936,16.962604230241976,14.97739576975803,0.3400714285714285,482825.3,18044453.0,15.72,15.36,15.8
2024-10-21,15.79,15.82,15.471,15.49,521078.0,15.9055,15.749019643779546,-0.06774953180532606,35.177865417988144,-0.129999999999999,16.842583381112608,14.968416618887394,0.3327857142857142,461602.6,17523375.0,15.83,15.29,15.62
2024-10-22,15.54,15.68,15.36,15.62,625713.0,15.85,15.736732058657685,-0.06783890819679073,42.67782401778679,-0.05000000000000071,16.709767410407927,14.990232589592072,0.3349285714285713,449480.05,18149088.0,15.49,15.46,15.67
2024-10-23,15.54,15.85,15.4,15.72,1128090.0,15.809000000000001,15.735138529261715,-0.05915863148715417,53.333332977777786,-0.02999999999999936,16.606150187262223,15.011849812737777,0.33921428571428563,480669.15,19277178.0,15.62,15.66,15.75
2024-10-24,15.76,15.845,15.34,15.38,370480.0,15.751,15.70131581218917,-0.07880617957471969,40.54054028487949,-0.21999999999999886,16.49095447939622,15.011045520603782,0.36242857142857143,478522.15,18906698.0,15.72,15.72,15.6
2024-10-25,15.42,15.46,15.15,15.3,252606.0,15.6835,15.663095258647344,-0.09968324796715144,42.452829908330415,-0.05999999999999872,16.316763061659813,15.05023693834019,0.36600000000000005,468458.1,18654092.0,15.38,15.83,15.36
2024-10-28,15.46,15.525,15.31,15.33,306147.0,15.619499999999999,15.63137190068093,-0.11251077165963252,41.904761625396844,0.040000000000000924,16.09842313414646,15.140576865853536,0.3642142857142857,457087.9,18960239.0,15.3,15.49,15.29
2024-10-29,15.18,15.45,15.18,15.41,367264.0,15.578,15.610288862520841,-0.11489688541696275,41.904761625396844,-0.05000000000000071,15.965684081912128,15.19031591808787,0.3570714285714286,455205.15,19327503.0,15.33,15.62,15.46
2024-10-30,15.44,15.74,15.4,15.56,422434.0,15.557500000000001,15.605499447042666,-0.10349116958120952,49.047618720634944,-0.09999999999999964,15.898450683267667,15.216549316732335,0.3663571428571428,460526.8,19749937.0,15.41,15.72,15.66
2024-10-31,18.0,18.39,17.035,17.18,1203615.0,15.6375,15.75545188065765,0.035855088346488984,76.14942498100805,1.459999999999999,16.43962546596995,14.83537453403005,0.43242857142857144,501770.8,20953552.0,15.56,15.38,15.72
2024-11-01,17.12,17.325,16.75,16.9,591529.0,15.6925,15.86445646345216,0.12228471961945431,71.81571788471,1.0699999999999985,16.672636939948816,14.712363060051185,0.4463571428571428,514717.15,20362023.0,17.18,15.3,15.83
2024-11-04,16.86,17.55,16.81,17.3,675826.0,15.776500000000002,16.001174895504334,0.22051551654672075,73.46938749271136,1.8100000000000005,16.990528092972276,14.56247190702773,0.46635714285714286,520705.7,21037849.0,16.9,15.33,15.49
2024-11-05,17.32,17.69,17.26,17.65,1068908.0,15.875499999999999,16.158205857837256,0.3228841977111543,74.44717419109078,2.0299999999999994,17.348305772023185,14.402694227976813,0.46778571428571436,551608.65,22106757.0,17.3,15.41,15.62
2024-11-06,18.4,18.87,17.91,18.17,1589980.0,15.996500000000001,16.349805299947995,0.44088946987423583,77.04194236675778,2.450000000000001,17.788861277022004,14.204138722978,0.5135000000000002,603083.75,23696737.0,17.65,15.56,15.72
2024-11-07,18.09,18.84,18.01,18.74,1371752.0,16.1535,16.57744289042914,0.5737894469831168,79.15831641117906,3.3599999999999977,18.312264510206195,13.994735489793806,0.5463571428571429,647440.55,25068489.0,18.17,17.18,15.38
2024-11-08,18.63,19.12,18.63,18.79,783859.0,16.325,16.788162615150174,0.6753630535842348,85.10638272521501,3.4899999999999984,18.74724341425344,13.902756585746559,0.5564285714285716,670096.6,25852348.0,18.74,16.9,15.3
2024-11-11,18.85,18.885,18.545,18.74,454439.0,16.4975,16.974051889897776,0.7432584655528238,83.76623351239667,3.4099999999999984,19.09447698751521,13.900523012484786,0.557857142857143,680154.5,25397909.0,18.79,17.3,15.33
2024-11-12,18.74,18.95,18.44,18.46,572148.0,16.6475,17.11557075752656,0.7656465123596519,78.54166643758681,3.0500000000000007,19.337065607657504,13.957934392342496,0.5621428571428572,689735.6,24825761.0,18.74,17.65,15.41
2024-11-13,18.63,18.74,18.49,18.49,479005.0,16.788999999999998,17.246468780619267,0.7768548508850941,84.63251643989861,2.929999999999998,19.556464353405065,14.02153564659493,0.5439285714285714,686806.65,25304766.0,18.46,18.17,15.56
2024-11-14,18.5,18.575,18.19,18.3,806494.0,16.918,17.346805087226954,0.7616265708024201,82.60869540075619,1.120000000000001,19.716011323854914,14.119988676145084,0.5492857142857142,702420.4,24498272.0,18.49,18.74,17.18
2024-11-15,18.15,18.73,18.15,18.51,819653.0,17.052,17.4575855551101,0.7577682138053383,83.2635980824916,1.610000000000003,19.887070592270526,14.216929407729475,0.5753571428571428,720551.0,25317925.0,18.3,18.79,16.9
2024-11-18,18.6,18.82,18.46,18.67,570725.0,17.211,17.573053597480566,0.7588732820975252,83.5390944095582,1.370000000000001,20.033883184562093,14.388116815437906,0.5817857142857142,723033.35,25888650.0,18.51,18.74,17.3
2024-11-19,18.55,18.9,18.52,18.77,553851.0,17.3685,17.687048492958606,0.7590681557497945,83.3679831253323,1.120000000000001,20.16903585098116,14.567964149018843,0.584642857142857,719440.25,26442501.0,18.67,18.46,17.65
2024-11-20,18.66,18.93,18.58,18.88,631480.0,17.526500000000002,17.800662922200644,0.7593454139588012,75.75757543618002,0.7099999999999973,20.291775469289053,14.761224530710953,0.5128571428571428,694609.75,27073981.0,18.77,18.49,18.17
2024-11-21,18.98,19.29,18.845,19.27,753775.0,17.721,17.940599786752962,0.7820202411713346,84.75073278987978,0.5300000000000011,20.396336870082003,15.045663129918,0.5035714285714287,713774.5,27827756.0,18.88,18.3,18.74
2024-11-22,19.39,19.58,19.37,19.52,595721.0,17.932,18.091018854681252,0.8108165275494947,84.04907939365434,0.7300000000000004,20.46525336900556,15.39874663099444,0.4657142857142854,730930.25,28423477.0,19.27,18.51,18.79
2024-11-25,19.58,19.98,19.58,19.71,996163.0,18.151000000000003,18.2452075351878,0.8392943413494329,83.22580607575452,0.9700000000000024,20.486726191595306,15.8152738084047,0.46357142857142847,765431.05,29419640.0,19.52,18.67,18.74
2024-11-26,19.59,19.615,19.08,19.13,722218.0,18.337,18.329473484217534,0.8057736046817148,65.18987312890562,0.6699999999999982,20.31942913193811,16.354570868061888,0.43321428571428555,783178.75,28697422.0,19.71,18.77,18.46
2024-11-27,19.17,19.22,18.85,18.93,567230.0,18.5055,18.386666485720625,0.7543738981223527,53.40501765316482,0.4400000000000013,20.00915834585241,17.001841654147594,0.40035714285714263,790418.55,28130192.0,19.13,18.88,18.49
2024-11-29,18.83,19.08,18.8,19.0,334375.0,18.5965,18.44507920136628,0.7110906647995066,53.736654536543384,0.6999999999999993,19.977701231574972,17.215298768425026,0.38535714285714234,746956.55,28464567.0,18.93,19.27,18.3
2024-12-02,19.03,19.04,18.74,18.83,697032.0,18.693,18.481738325045683,0.6555144487796483,51.535835931228085,0.31999999999999673,19.82174592731048,17.564254072689522,0.3824999999999995,752231.7,27767535.0,19.0,19.52,18.51
2024-12-03,18.93,18.96,18.67,18.75,707775.0,18.7655,18.507287055993714,0.5981198128805723,55.31135502770733,0.0799999999999983,19.684251441101043,17.846748558898955,0.3667857142857139,753829.15,27059760.0,18.83,19.71,18.67
2024-12-04,18.63,18.88,18.63,18.79,1149648.0,18.822499999999998,18.534212098280026,0.5495272085393452,55.47445227129844,0.019999999999999574,19.57654523108712,18.068454768912876,0.3667857142857139,757866.15,28209408.0,18.75,19.13,18.77
2024-12-05,18.8,18.89,18.635,18.67,461543.0,18.8475,18.547144279396214,0.4956210118784057,56.928838652807606,-0.2099999999999973,19.54119718860076,18.153802811399242,0.35749999999999965,701444.3,27747865.0,18.79,18.93,18.88
2024-12-06,18.76,18.76,18.271,18.48,471984.0,18.8345,18.540749586120384,0.43258201435914145,49.43396200299037,-0.7899999999999991,19.54619109206539,18.12280890793461,0.3509999999999996,656455.9,27275881.0,18.67,19.0,19.27
2024-12-09,18.45,18.56,18.27,18.39,494907.0,18.8145,18.526392482680347,0.3710832896433871,44.573643168980205,-1.129999999999999,19.553417415796474,18.075582584203524,0.3459999999999996,642008.3,26780974.0,18.48,18.83,19.52
2024-12-10,18.42,18.78,18.25,18.72,526037.0,18.8135,18.544831293853647,0.34499644504104765,49.11032004001975,-0.990000000000002,19.552895912747964,18.07410408725204,0.35671428571428543,645588.2,27307011.0,18.39,18.75,19.71
2024-12-11,18.85,19.35,18.73,19.28,753413.0,18.854499999999998,18.61484736110568,0.36529881528085184,56.13496908408298,0.15000000000000213,19.60225382946033,18.106746170539665,0.3759999999999997,654651.45,28060424.0,18.72,18.79,19.13
2024-12-12,19.28,19.445,19.07,19.1,565157.0,18.885,18.66105237433371,0.3626833068900517,47.21311453738246,0.1700000000000017,19.61980394807334,18.150196051926663,0.37099999999999966,658959.05,27495267.0,19.28,18.67,18.93
2024-12-13,18.97,19.16,18.92,18.93,398838.0,18.916500000000003,18.686666433920976,0.34293972274467777,40.06733987847046,-0.07000000000000028,19.597776665339232,18.235223334660773,0.3731428571428569,638576.25,27096429.0,19.1,18.48,19.0
2024-12-16,18.91,19.08,18.74,18.98,634735.0,18.94,18.71460296402374,0.32755156168781596,37.102473314687415,0.15000000000000213,19.594120542567975,18.285879457432028,0.36885714285714244,629330.35,27731164.0,18.93,18.39,18.83
2024-12-17,18.89,19.07,18.74,18.78,573254.0,18.945500000000003,18.720831253164338,0.29580811286336584,42.85714261224494,0.030000000000001137,19.591865547543748,18.299134452456258,0.3542142857142854,629456.8,27157910.0,18.98,18.72,18.75
2024-12-18,18.38,18.89,17.92,18.0,1050347.0,18.907,18.65218065762488,0.20534463457801877,34.65346518641964,-0.7899999999999991,19.67723851398119,18.13676148601881,0.3970714285714284,654281.6,26107563.0,18.78,19.28,18.79
2024-12-19,18.18,18.33,18.11,18.18,525497.0,18.872,18.607211071184413,0.1464875546156641,36.942674994523095,-0.490000000000002,19.708196904536724,18.035803095463276,0.3927857142857142,648982.45,26633060.0,18.0,19.1,18.67
2024-12-20,17.86,18.51,17.85,18.36,2168995.0,18.8265,18.58366715964304,0.11306405829625277,42.5396823506173,-0.120000000000001,19.67050735841078,17.982492641589218,0.41849999999999987,719743.45,28802055.0,18.18,18.93,18.48
2024-12-23,18.25,18.325,18.06,18.11,526842.0,18.756,18.538556001581796,0.06564605909107257,40.36144561293365,-0.28000000000000114,19.591612602257506,17.920387397742495,0.4167142857142857,716299.5,28275213.0,18.36,18.98,18.39
2024-12-24,18.11,18.44,18.03,18.42,135159.0,18.691499999999998,18.5272649538121,0.052476446504762464,44.84679648249164,-0.29999999999999716,19.40766743117278,17.975332568827216,0.4281428571428571,673249.3,28410372.0,18.11,18.78,18.72
2024-12-26,18.35,18.59,18.34,18.55,276362.0,18.6625,18.529430196306187,0.05193072215360672,48.33333314537036,-0.7300000000000004,19.35031499960611,17.974685000393894,0.4277857142857143,650956.5,28686734.0,18.42,18.0,19.28
2024-12-27,18.4,18.615,18.11,18.21,362021.0,18.6265,18.499008272848457,0.023788850116062576,46.39999982677334,-0.8900000000000006,19.330541715270517,17.922458284729483,0.4289285714285714,640696.05,28324713.0,18.55,18.18,19.1
2024-12-30,18.13,18.24,17.93,18.08,357093.0,18.580499999999997,18.459102723053366,-0.008901093504412927,45.91029006787753,-0.8500000000000014,19.301799266308997,17.859200733690997,0.43035714285714277,641831.95,27967620.0,18.21,18.36,18.93
2024-12-31,18.11,18.38,17.93,18.29,372557.0,18.5535,18.44299770181019,-0.017659298979101123,44.1416892049091,-0.6900000000000013,19.275901696098003,17.831098303901996,0.42464285714285693,625608.2,28340177.0,18.08,18.11,18.98
2025-01-02,18.21,18.4686,18.1,18.15,408887.0,18.5235,18.415093158780646,-0.03548798647089768,32.61538447488758,-0.6300000000000026,19.261214108081255,17.785785891918742,0.40668571428571376,610663.8,27931290.0,18.29,18.42,18.78
2025-01-03,18.16,18.35,18.1,18.34,530603.0,18.501,18.407941429372965,-0.03389521471694579,38.34355811754301,0.33999999999999986,19.231908591015333,17.77009140898467,0.39775714285714237,579711.55,28461893.0,18.15,18.55,18.0
2025-01-06,18.28,18.4042,18.135,18.18,396494.0,18.4765,18.386232721813634,-0.045024579129464115,38.46153829585801,0.0,19.216351336417645,17.736648663582358,0.3998428571428566,576459.1,28065399.0,18.34,18.21,18.18
2025-01-07,18.14,18.3513,18.02,18.28,378482.0,18.4665,18.376115319736144,-0.045253858038083905,39.39393922681363,-0.0799999999999983,19.211540443973927,17.721459556026073,0.39922142857142795,571784.0,28443881.0,18.18,18.08,18.36
2025-01-08,18.27,18.68,18.145,18.68,557375.0,18.481,18.40505671785651,-0.013008947119914183,48.571428377142844,0.5700000000000003,19.2310428057953,17.730957194204702,0.41386428571428496,574907.4,29001256.0,18.28,18.29,18.11
2025-01-10,18.31,18.5018,17.97,18.04,529070.0,18.447,18.370289411393987,-0.038651721219682855,50.59523788442459,-0.38000000000000256,19.212907786121203,17.681092213878795,0.3825642857142851,575059.05,28472186.0,18.68,18.15,18.42
2025-01-13,17.84,18.28,17.82,18.26,414559.0,18.396,18.359785657927894,-0.04075188074263991,51.17647037750868,-0.28999999999999915,19.057016760675342,17.73498323932466,0.3997071428571424,558116.35,28886745.0,18.04,18.34,18.55
2025-01-14,18.34,18.51,18.25,18.37,598478.0,18.3595,18.360758452410952,-0.03315796719803643,50.1501499393087,0.16000000000000014,18.931457856378138,17.787542143621863,0.3711357142857139,559782.4,29485223.0,18.26,18.18,18.21
2025-01-15,18.73,18.83,18.58,18.82,663123.0,18.354,18.404495742657527,0.009066984635452968,60.05665698561098,0.740000000000002,18.904574819237073,17.803425180762925,0.3700642857142853,572996.65,30148346.0,18.37,18.28,18.08
2025-01-16,18.81,18.965,18.7,18.83,536000.0,18.3465,18.445019957642526,0.04284360519291042,56.34674898177874,0.5399999999999991,18.864279672710964,17.828720327289034,0.35970714285714245,568059.9,30684346.0,18.82,18.68,18.29
2025-01-17,19.01,19.16,18.72,18.74,428819.0,18.3445,18.473113295009902,0.06163903605481735,52.978056193826674,0.5899999999999999,18.85549387162773,17.83350612837227,0.3732785714285711,560838.15,30255527.0,18.83,18.04,18.15
2025-01-21,18.9,19.03,18.715,18.73,465895.0,18.381,18.49757869548515,0.07486464102007773,59.09090880165287,0.39000000000000057,18.892670123994414,17.869329876005587,0.3597071428571427,531615.55,29789632.0,18.74,18.26,18.34
2025-01-22,18.71,18.7742,18.55,18.75,408912.0,18.4095,18.521618819724658,0.08596886552539473,62.181817865256235,0.5700000000000003,18.93727487225943,17.881725127740573,0.35357857142857135,525786.3,30198544.0,18.73,18.37,18.18
2025-01-23,18.66,19.0499,18.66,18.95,535795.0,18.439,18.56241702736993,0.1096434703027711,62.043795303425874,0.6699999999999982,19.01854246926622,17.85945753073378,0.3492857142857143,444126.3,30734339.0,18.75,18.82,18.28
2025-01-24,18.88,18.96,18.7,18.84,427832.0,18.4755,18.588853500953746,0.11816752281720966,62.73062698220344,0.16000000000000014,19.059730488041204,17.891269511958797,0.3415285714285718,439175.8,30306507.0,18.95,18.83,18.68
2025-01-27,18.81,19.055,18.6,18.6,941708.0,18.4845,18.589915072291486,0.10435397395738732,54.71014465002105,0.5600000000000023,19.070673137705395,17.898326862294606,0.3561714285714288,479503.25,29364799.0,18.84,18.74,18.04
2025-01-28,18.66,18.805,18.41,18.66,649808.0,18.49,18.596589827311345,0.09712849865174533,59.02255608033244,0.3999999999999986,19.080806763314293,17.899193236685704,0.36515714285714324,498175.55,30014607.0,18.6,18.73,18.26
2025-01-29,18.65,18.96,18.51,18.94,620560.0,18.526500000000002,18.629295558043598,0.11269681858433955,61.619718006100015,0.5700000000000003,19.134422259572037,17.918577740427967,0.3736357142857147,511102.5,30635167.0,18.66,18.75,18.37
2025-01-30,19.04,19.24,18.955,19.06,577728.0,18.575499999999998,18.670315028706113,0.13318257558469426,57.421874685974124,0.23999999999999844,19.189836612683273,17.961163387316724,0.35577857142857183,522134.25,31212895.0,18.94,18.95,18.82
2025-01-31,19.05,19.17,18.51,18.72,564042.0,18.597,18.6750469307341,0.12059241282902633,65.04424738468171,-0.10999999999999943,19.199244923073138,17.994755076926864,0.36493571428571464,531708.5,30648853.0,19.06,18.84,18.83
2025-02-03,18.56,19.01,18.41,18.98,1100718.0,18.6385,18.704090080187996,0.13009479342980512,65.65217351342159,0.240000000000002,19.225240326315873,18.051759673684128,0.3749357142857147,566300.05,31749571.0,18.72,18.6,18.74
2025-02-04,19.04,19.4144,18.77,19.35,1050876.0,18.689,18.765605310646283,0.1655727862830645,69.14062462188728,0.620000000000001,19.338109511479896,18.039890488520104,0.4023928571428575,592313.7,32800447.0,18.98,18.66,18.73
2025-02-05,19.41,19.6799,19.31,19.46,747466.0,18.753,18.83173813820378,0.20025699394550145,64.41441400819747,0.7100000000000009,19.441983996452272,18.064016003547728,0.4109571428571433,609862.3,33547913.0,19.35,18.94,18.75
2025-02-06,19.61,19.769,19.51,19.65,407289.0,18.8215,18.909667839327227,0.24030579488962545,67.08333294201395,0.6999999999999993,19.581258271806146,18.061741728193855,0.41052857142857163,611302.65,33955202.0,19.46,19.06,18.95
2025-02-07,19.65,19.77,19.5,19.58,481670.0,18.8665,18.973508997486537,0.2633604874254516,67.6470584256056,0.7399999999999984,19.69451665378558,18.038483346214417,0.39838571428571434,607517.4,33473532.0,19.65,18.72,18.84
2025-02-10,19.7,19.8881,19.575,19.84,540979.0,18.9565,19.056031950106867,0.2991627623475317,71.10266121846495,1.2399999999999984,19.797458726065827,18.11554127393417,0.3982500000000001,608112.85,34014511.0,19.58,18.98,18.6
2025-02-11,19.8,19.96,19.68,19.91,520029.0,19.038999999999998,19.13736224057288,0.32938776107739187,71.641790670528,1.25,19.91525759250344,18.162742407496555,0.40223571428571453,613386.35,34534540.0,19.84,19.35,18.66
2025-02-12,19.55,19.94,19.511,19.86,859424.0,19.1135,19.206184884327843,0.34532600497027843,67.98418934712308,0.9199999999999982,20.003521288922745,18.223478711077252,0.40502857142857174,626433.65,33675116.0,19.91,19.46,18.94
2025-02-13,19.91,20.17,19.855,19.99,582279.0,19.172,19.280833942963287,0.36424826437387026,72.54901920953479,0.9299999999999997,20.13185963886114,18.21214036113886,0.40895714285714313,622391.45,34257395.0,19.86,19.65,19.06
2025-02-14,20.18,20.345,20.01,20.11,706130.0,19.236,19.359802138871547,0.3844950685861015,81.06995838066686,1.3900000000000006,20.2678384206428,18.2041615793572,0.4003857142857145,630897.95,34963525.0,19.99,19.58,18.72
2025-02-18,20.12,20.32,20.06,20.3,952743.0,19.314,19.449344792312353,0.41113293435253695,82.03124955139158,1.3200000000000003,20.421075806846165,18.206924193153835,0.3907428571428575,657094.15,35916268.0,20.11,19.84,18.98
2025-02-19,20.14,20.18,19.94,20.12,553328.0,19.383499999999998,19.513216716854032,0.41295880713989064,73.98373941635269,0.7699999999999996,20.510550645664846,18.25644935433515,0.37574285714285743,661465.8,35362940.0,20.3,19.91,19.35
2025-02-20,20.07,21.73,19.67,20.97,1703476.0,19.4945,19.65195798191555,0.47748951878650203,79.93730372441307,1.509999999999998,20.784371066587603,18.204628933412394,0.5025285714285717,726194.0,37066416.0,20.12,19.86,19.46
2025-02-21,21.0,21.0,19.39,19.6,1308444.0,19.526999999999997,19.6470096026855,0.41331854336677054,60.42654008389302,-0.04999999999999716,20.7916131091319,18.262386890868093,0.5703857142857144,764826.45,35757972.0,20.97,19.99,19.65
2025-02-24,19.8,19.82,19.15,19.28,875918.0,19.549,19.612056307191644,0.33280488976593503,53.504672722180985,-0.29999999999999716,20.778101511802248,18.31989848819775,0.5753857142857145,787230.75,34882054.0,19.6,20.11,19.58
2025-02-25,19.38,19.51,19.155,19.19,723177.0,19.5785,19.571860468411487,0.25875225643461164,47.999999832,-0.6499999999999986,20.73805118359096,18.418948816409035,0.5547142857142858,776304.2,34158877.0,19.28,20.3,19.84
2025-02-26,19.16,19.71,19.14,19.7,634392.0,19.630499999999998,19.58406423332468,0.23846882853759865,52.72727255950412,-0.21000000000000085,20.70691656972462,18.554083430275377,0.5690071428571429,775533.4,34793269.0,19.19,20.12,19.91
2025-02-27,19.74,19.995,19.65,19.86,1177827.0,19.676499999999997,19.6103438301509,0.23262319325033332,52.4027458275427,0.0,20.70629354088131,18.646706459118686,0.5751500000000005,803396.75,35971096.0,19.7,20.97,19.86
2025-02-28,19.83,19.955,19.6101,19.94,1407143.0,19.7205,19.641739655850813,0.23177406938424028,54.1095888681429,-0.04999999999999716,20.71394112213893,18.727058877861072,0.5805000000000005,844867.5,37378239.0,19.86,19.6,19.99
2025-03-03,19.94,20.34,19.805,19.99,1365023.0,19.784,19.674907307674545,0.23245610545058426,51.79856097717508,-0.120000000000001,20.664057414394268,18.90394258560573,0.5963500000000003,884916.55,38743262.0,19.94,19.28,20.11
2025-03-04,19.94,20.27,19.61,20.03,958446.0,19.836499999999997,19.70872565932459,0.2335322749561186,51.4492751883358,-0.2699999999999996,20.63621771335351,19.036782286646485,0.6234928571428574,877802.95,39701708.0,19.99,19.19,20.3
2025-03-05,19.98,20.01,19.71,19.83,795120.0,19.860500000000002,19.72027559653177,0.21575967528146833,49.65034948832052,-0.2900000000000027,20.62685775622424,19.094142243775764,0.6142785714285716,865015.15,38906588.0,20.03,19.7,20.12
2025-03-06,19.68,19.91,19.31,19.34,625093.0,19.854499999999998,19.684058873052553,0.16028815502034277,43.01075255867732,-1.629999999999999,20.635793798771456,19.07320620122854,0.6346357142857144,858896.5,38281495.0,19.83,19.86,20.97
2025-03-07,19.37,19.52,18.78,19.42,815191.0,19.843,19.65891040895231,0.12138268296367372,42.51626885136059,-0.17999999999999972,20.64350247377822,19.04249752622178,0.6635642857142859,879291.6,39096686.0,19.34,19.94,19.6
2025-03-10,19.22,19.64,19.06,19.16,1039125.0,19.822,19.61139513190923,0.06877716858350524,37.820512707374526,-0.120000000000001,20.672055106572078,18.97194489342792,0.6864214285714288,907164.35,38057561.0,19.42,19.99,19.28
2025-03-11,19.38,19.38,18.91,19.09,741954.0,19.7845,19.56173845267978,0.021194191008348184,38.730853273034576,-0.10000000000000142,20.69521920682665,18.873780793173353,0.7028500000000003,917213.1,37315607.0,19.16,20.03,19.19
2025-03-12,19.21,19.245,18.725,18.74,850043.0,19.726000000000003,19.483477647662657,-0.04424767678994712,22.60442252666786,-0.9600000000000009,20.74647254275903,18.705527457240976,0.5928500000000003,933713.8,36465564.0,19.09,19.83,19.7
2025-03-13,18.74,18.76,18.35,18.49,432426.0,19.6575,19.388860728837642,-0.1149585683494081,31.18644052996264,-1.370000000000001,20.814844965176686,18.50015503482331,0.5071357142857147,912363.9,36033138.0,18.74,19.34,19.86
2025-03-14,18.65,18.985,18.6,18.89,407004.0,19.6025,19.341350183234056,-0.13713993845041372,43.56435623435612,-1.0500000000000007,20.797258288701038,18.40774171129896,0.48677857142857156,903600.15,36440142.0,18.49,19.42,19.94
2025-03-17,18.99,19.435,18.95,19.32,981532.0,19.563,19.33931683244986,-0.11865366216544615,51.928783167061425,-0.6699999999999982,20.739204421902947,18.38679557809705,0.49606428571428574,917370.25,37421674.0,18.89,19.16,19.99
2025-03-18,19.13,19.67,19.11,19.3,811416.0,19.513,19.33557237221654,-0.10441337547876017,43.05555534625776,-0.7300000000000004,20.641335523073867,18.384664476926137,0.4953500000000002,910303.9,36610258.0,19.32,19.09,20.03
2025-03-19,19.32,19.66,19.32,19.62,630570.0,19.488000000000003,19.362660717719727,-0.06653949416607219,46.05263136686292,-0.2099999999999973,20.581321352094697,18.39467864790531,0.4949928571428571,914166.0,37240828.0,19.3,18.74,19.83
2025-03-20,19.44,19.915,19.38,19.4,821962.0,19.4095,19.36621683984166,-0.053657798047396454,41.5094337795182,0.05999999999999872,20.251314456365645,18.567685543634358,0.5085714285714287,870090.3,36418866.0,19.62,18.49,19.34
2025-03-21,19.23,19.525,19.0406,19.31,1873546.0,19.395000000000003,19.360862855094833,-0.0501333033897744,39.44099361733734,-0.11000000000000298,20.23298002739601,18.557019972603996,0.5049571428571428,898345.4,34545320.0,19.4,18.89,19.42
2025-03-24,19.58,19.91,19.47,19.88,805531.0,19.425,19.410304487942945,-0.001330542009704061,47.99999982079998,0.7199999999999989,20.28822528620034,18.56177471379966,0.4892428571428571,894826.05,35350851.0,19.31,19.32,19.16
2025-03-25,19.91,20.2,19.85,20.17,880893.0,19.474,19.482656441472187,0.06005430570413495,54.427083134901295,1.0800000000000018,20.390662137149242,18.55733786285076,0.4928142857142855,902711.85,36231744.0,19.88,19.3,19.09
2025-03-26,20.2,20.24,19.87,20.06,683492.0,19.492,19.53764154228436,0.09868853903316221,60.404624033044804,1.3200000000000003,20.44091849796928,18.54308150203072,0.47638571428571375,905166.85,35548252.0,20.17,19.62,18.74
2025-03-27,20.09,20.83,20.0,20.66,1109955.0,19.532,19.644532823971563,0.17569611740738011,65.57788921656012,2.1700000000000017,20.605500913145914,18.458499086854086,0.48281428571428514,901773.25,36658207.0,20.06,19.4,18.49
2025-03-28,20.65,20.68,20.3,20.45,986333.0,19.557499999999997,19.721243983593318,0.21727531849935033,66.412213503875,1.5599999999999987,20.694177985228905,18.42082201477109,0.4685285714285707,880732.75,35671874.0,20.66,19.31,18.89
2025-03-31,20.26,20.51,20.035,20.45,1409006.0,19.5805,19.79064931848919,0.2473755436454823,67.61658006563928,1.129999999999999,20.771350646872513,18.38964935312749,0.46888571428571374,882931.9,35671874.0,20.45,19.88,19.32
2025-04-01,20.15,20.8,20.03,20.8,859247.0,19.619,19.886777954823554,0.2960594745303986,76.68393754570586,1.5,20.916088237066244,18.321911762933755,0.4867428571428566,877971.95,36531121.0,20.45,20.17,19.3
2025-04-02,20.52,20.88,20.52,20.86,1021486.0,19.670499999999997,19.97946576864988,0.3356145830638191,82.28882802396623,1.2399999999999984,21.07979956473301,18.261200435266986,0.483171428571428,889290.25,37552607.0,20.8,20.06,19.62
2025-04-03,20.3,20.635,20.12,20.29,910011.0,19.718,20.009040457349894,0.3173102996291597,68.22916641791443,0.8900000000000006,21.144332802384017,18.291667197615983,0.4924571428571424,903536.15,36642596.0,20.86,20.66,19.4
2025-04-04,19.54,19.87,18.76,18.98,1196696.0,19.695999999999998,19.91103660426895,0.19485184053215931,46.39830494712368,-0.3299999999999983,21.154887824409155,18.23711217559084,0.5370999999999996,922611.4,35445900.0,20.29,20.45,19.31
2025-04-07,18.24,19.38,17.908,18.71,1443813.0,19.6735,19.796652165767146,0.07514960801420045,44.064386193782425,-1.1699999999999982,21.180288498411816,18.166711501588185,0.6022428571428564,942845.8,34002087.0,18.98,20.45,19.88
2025-04-08,19.28,19.4299,18.105,18.34,1222059.0,19.636,19.657923388075037,-0.04900626769661187,37.25099591204903,-1.8300000000000018,21.23824053651157,18.03375946348843,0.6725928571428563,966851.05,32780028.0,18.71,20.8,20.17
2025-04-09,18.3,19.88,18.06,19.56,1167598.0,19.677,19.64859735111551,-0.04839897638518309,51.3289035351155,-0.5,21.223705837374123,18.130294162625876,0.7643785714285707,982728.8,33947626.0,18.34,20.86,20.06
2025-04-10,19.22,19.465,18.605,19.01,685324.0,19.703,19.587778555771173,-0.0912462669373646,47.68518508216166,-1.6499999999999986,21.181677930129272,18.224322069870727,0.7912071428571422,995373.7,33262302.0,19.56,20.29,20.66
2025-04-11,19.07,19.365,18.73,19.15,682293.0,19.716,19.546085359983444,-0.11260814680660047,43.96694204701864,-1.3000000000000007,21.168930251522156,18.263069748477847,0.8051357142857134,1009138.15,33944595.0,19.01,18.98,20.45
2025-04-14,19.5,19.56,18.98,19.27,936066.0,19.7135,19.519791516175495,-0.11848872907672359,42.34693867468415,-1.1799999999999997,21.1694681170594,18.2575318829406,0.8215642857142849,1006864.85,34880661.0,19.15,18.71,20.45
2025-04-15,19.33,19.575,19.23,19.37,620945.0,19.717,19.505525657492115,-0.11376851599403537,44.122657475687035,-1.4299999999999997,21.169114248078447,18.26488575192155,0.8197785714285707,997341.3,35501606.0,19.27,18.34,20.8
2025-04-16,19.33,19.58,19.165,19.35,676124.0,19.7035,19.490713690111914,-0.11036927764157056,37.61814734845859,-1.509999999999998,21.164404910626796,18.2425950893732,0.7901357142857136,999619.0,34825482.0,19.37,19.56,20.86
2025-04-17,19.38,19.5,19.12,19.14,618309.0,19.6905,19.457312386291733,-0.12320042391651853,37.61814734845859,-1.1499999999999986,21.16731698969486,18.21368301030514,0.7901357142857136,989436.35,34207173.0,19.35,19.01,20.29
2025-04-21,19.06,19.11,18.56,18.65,819811.0,19.6575,19.380425492359187,-0.17093764195054462,34.429065660552425,-0.33000000000000185,21.198229492292473,18.116770507707525,0.7954928571428564,936749.6,33387362.0,19.14,19.15,18.98
2025-04-22,18.9,19.48,18.77,19.42,897119.0,19.6345,19.384194493086884,-0.1449660875105323,38.870967654162335,0.7100000000000009,21.174978052936076,18.094021947063922,0.7912071428571422,941329.0,34284481.0,18.65,19.27,18.71
2025-04-23,19.65,20.0,19.6,19.62,852362.0,19.607,19.406652160411944,-0.10701155240783677,40.220820100458766,1.2800000000000011,21.126724351736833,18.087275648263166,0.794064285714285,939902.45,35136843.0,19.42,19.37,18.34
2025-04-24,19.64,19.94,19.58,19.61,728775.0,19.5845,19.426018621325092,-0.07685330920876865,44.11764695196418,0.05000000000000071,21.089236032104825,18.079763967895172,0.7829928571428566,942166.6,34408068.0,19.62,19.35,19.56
2025-04-25,19.58,19.8386,19.2701,19.74,430828.0,19.5385,19.45592160977032,-0.0419788644321919,58.26086938790168,0.7299999999999969,20.958674563028254,18.118325436971745,0.7443142857142853,908210.25,34838896.0,19.61,19.14,19.01
2025-04-28,19.71,19.94,19.54,19.74,536097.0,19.503,19.4829766945541,-0.014177189870117957,61.893764234061706,0.5899999999999999,20.861390688703626,18.144609311296374,0.667742857142857,885698.45,34838896.0,19.74,18.65,19.15
2025-04-29,19.66,20.37,19.58,20.36,679689.0,19.4985,19.566502723644184,0.05722500176535661,72.05240152647735,1.0899999999999999,20.84421874749787,18.15278125250213,0.6295357142857144,849232.6,35518585.0,19.74,19.42,19.27
2025-04-30,20.07,20.24,19.975,20.07,1206742.0,19.462,19.61445484520188,0.08938084989268802,56.98630115128544,0.6999999999999993,20.693868072224962,18.230131927775037,0.5184642857142856,866607.35,34311843.0,20.36,19.62,19.37
2025-05-01,19.9,20.93,19.71,20.64,936376.0,19.451,19.71212581232551,0.15902567848370097,72.20708419321544,1.2899999999999991,20.633235171190076,18.268764828809925,0.5441785714285713,862351.85,35248219.0,20.07,19.61,19.35
2025-05-02,20.79,22.36,20.76,22.29,1484941.0,19.551,19.95763763972308,0.3434023883087498,80.30888009182925,3.1499999999999986,21.255173205923704,17.846826794076293,0.6131071428571426,891098.35,36733160.0,20.64,19.74,19.14
2025-05-05,22.2,22.92,21.9832,22.65,1334053.0,19.7345,20.2140531026066,0.5126616066809859,81.18081159842592,4.0,21.906052682444138,17.562947317555864,0.6385928571428572,897966.2,38067213.0,22.29,19.74,18.65
2025-05-06,22.42,22.705,22.16,22.65,726967.0,19.9315,20.446048045215495,0.6394298078936345,80.82706745647008,3.229999999999997,22.40551889113299,17.45748110886701,0.6528785714285714,862123.9,38067213.0,22.65,20.36,19.42
2025-05-07,22.81,23.0545,22.693,22.87,890637.0,20.158,20.67690061233783,0.7490125318306831,81.8840577633375,3.25,22.839300548535654,17.47669945146435,0.6490571428571429,845552.8,38957850.0,22.65,20.07,19.62
2025-05-08,22.96,22.96,22.71,22.74,729634.0,20.317,20.873386268305655,0.8159618166038065,83.08823508028756,3.129999999999999,23.217200356055034,17.416799643944966,0.6397714285714287,823654.6,38228216.0,22.87,20.64,19.61
2025-05-09,22.86,23.04,22.73,22.88,496672.0,20.5105,21.06449233799083,0.8702843409519332,91.55206261655616,3.1400000000000006,23.55628725455317,17.464712745446832,0.6226285714285714,814222.0,38724888.0,22.74,22.29,19.74
2025-05-12,23.61,23.61,22.34,22.51,990826.0,20.6785,21.202159734372657,0.8734112834930414,82.94243045603538,2.770000000000003,23.7784984719858,17.5785015280142,0.6626285714285712,829648.65,37734062.0,22.88,22.65,19.74
2025-05-13,22.56,22.905,22.35,22.47,857299.0,20.8385,21.322906426337166,0.8627168791193434,81.4569533906407,2.1099999999999994,23.962635417241323,17.714364582758677,0.6737,825710.3,36876763.0,22.51,22.65,20.36
2025-05-14,22.36,22.685,22.3478,22.48,744040.0,20.994,21.433105814305055,0.8453042616856017,81.67770394183489,2.41,24.119968649874533,17.868031350125467,0.6720714285714282,831865.05,37620803.0,22.47,22.87,20.07
2025-05-15,22.48,22.77,22.41,22.64,756747.0,21.158499999999997,21.548048117704575,0.8347923333636018,81.7982453629001,2.0,24.266413668109106,18.050586331890887,0.6571785714285711,835896.2,38377550.0,22.48,22.74,20.64
2025-05-16,22.66,23.08,22.64,23.06,934125.0,21.354499999999998,21.692043535066045,0.8505474626456362,83.3333330990629,0.7699999999999996,24.42057566768961,18.288424332310385,0.6600357142857136,851687.0,39311675.0,22.64,22.88,22.29
2025-05-19,22.96,23.08,22.63,22.65,513183.0,21.5545,21.783277484107373,0.8204918236199319,74.00419265491429,0.0,24.391024745454764,18.717975254545237,0.635749999999999,836355.6,38798492.0,23.06,22.51,22.65
2025-05-20,22.54,22.75,22.34,22.5,571608.0,21.7085,21.85153677133524,0.7756278121482829,76.24190041741109,-0.14999999999999858,24.387127103180465,19.029872896819537,0.6461071428571421,820080.05,38226884.0,22.65,22.47,22.65
2025-05-21,22.32,22.7,21.84,21.86,632314.0,21.8205,21.852342793112836,0.6805847511702297,62.978723216659105,-1.0100000000000016,24.31224193983547,19.328758060164528,0.6203928571428564,809077.65,37594570.0,22.5,22.48,22.87
2025-05-22,21.84,22.02,21.7,21.78,587643.0,21.929,21.845453003292565,0.5919830965444568,41.85303495656793,-0.9599999999999973,24.194139939908034,19.663860060091963,0.5289642857142852,802021.05,37006927.0,21.86,22.64,22.74
2025-05-23,21.5,21.97,21.3901,21.84,505760.0,22.034,21.844933669645656,0.5206059244411421,35.689045759842216,-1.0399999999999991,24.053238001143324,20.014761998856674,0.5034714285714278,805767.65,37512687.0,21.78,23.06,22.88
2025-05-27,22.0,22.24,21.69,22.16,507536.0,22.155,21.87493998682226,0.48427787308451187,42.22222203456793,-0.3500000000000014,23.861205392707266,20.448794607292736,0.5038285714285706,804339.6,38020223.0,21.84,22.65,22.51
2025-05-28,22.12,22.34,22.08,22.31,551381.0,22.2525,21.91637427379157,0.46226270039102957,40.90909072314045,-0.16000000000000014,23.735013867867387,20.769986132132615,0.49657857142857076,797924.2,38571604.0,22.16,22.5,22.47
2025-05-29,22.36,22.47,22.215,22.37,598908.0,22.3675,21.959576723906657,0.4445327195013711,43.85382039403543,-0.10999999999999943,23.436269582768265,21.298730417231734,0.49693571428571354,767532.5,39170512.0,22.31,21.86,22.48
2025-05-30,22.38,22.58,22.26,22.5,811653.0,22.460500000000003,22.01104560734412,0.43594617926587276,43.666666462888905,-0.14000000000000057,23.154245744414144,21.766754255585862,0.49764999999999915,761296.35,39982165.0,22.37,21.78,22.64
2025-06-02,22.45,22.76,22.3,22.74,515933.0,22.482999999999997,22.080469835216107,0.4433960844458511,54.006968377666304,-0.3200000000000003,23.182626968272967,21.783373031727027,0.4397928571428564,712845.95,40498098.0,22.5,21.84,23.06
2025-06-03,22.75,23.0199,22.1,22.57,524231.0,22.479000000000003,22.127091755671717,0.4306187043510121,51.66666642555558,-0.0799999999999983,23.175514631272694,21.78248536872731,0.46585714285714197,672354.85,39973867.0,22.74,22.16,22.65
2025-06-04,22.54,22.84,22.49,22.54,639208.0,22.473499999999998,22.166416350369648,0.4133074384151527,50.99337724705055,0.03999999999999915,23.166055146957216,21.78094485304278,0.46677142857142784,667966.9,39334659.0,22.57,22.31,22.5
2025-06-05,22.58,22.58,22.22,22.26,412119.0,22.442999999999998,22.17532907890587,0.37269824215867686,43.94904439003611,0.40000000000000213,23.11546913448879,21.770530865511205,0.46677142857142784,644041.0,38922540.0,22.54,22.37,21.86
2025-06-06,22.42,22.45,22.11,22.31,590191.0,22.421499999999998,22.188154880914837,0.34062325087900547,36.462093678530884,0.5299999999999976,23.081365217496092,21.761634782503904,0.4596285714285709,637068.85,39512731.0,22.26,22.5,21.78
2025-06-09,22.2,22.31,21.16,21.92,844041.0,22.3735,22.16261632082771,0.28050041439631457,36.72727254029751,0.08000000000000185,23.032599066108727,21.714400933891273,0.5096285714285708,654437.3,38668690.0,22.31,22.74,21.84
2025-06-10,21.98,22.0,21.615,21.82,494150.0,22.339,22.129986195034594,0.2222218340819957,37.40740721344302,-0.33999999999999986,23.03898195465322,21.639018045346777,0.5078428571428566,629603.5,38174540.0,21.92,22.57,22.16
2025-06-11,21.9,22.11,21.73,21.78,730298.0,22.3045,22.09665417645987,0.17083865196585535,48.09523777460321,-0.5299999999999976,23.04418627773654,21.564813722263462,0.4735571428571423,623253.45,37444242.0,21.82,22.54,22.31
2025-06-12,21.72,22.07,21.62,22.05,551895.0,22.283,22.09221092155893,0.15017275541371333,55.895196164832875,-0.3200000000000003,23.026196510103244,21.53980348989676,0.4828428571428565,613646.2,37996137.0,21.78,22.26,22.37
2025-06-13,21.8,22.19,21.645,22.12,678416.0,22.256999999999998,22.09485750045808,0.1378542010732744,56.086956180340316,-0.379999999999999,22.983812797151597,21.5301872028484,0.4803499999999996,609729.65,38674553.0,22.05,22.31,22.5
2025-06-16,22.25,22.78,22.25,22.4,778935.0,22.224,22.123918690890644,0.14896810634986934,55.30973417064766,-0.33999999999999986,22.850280582821416,21.597719417178585,0.47892142857142844,601970.15,39453488.0,22.12,21.92,22.74
2025-06-17,22.38,22.67,21.995,22.45,895429.0,22.214,22.154974053662965,0.1599665437449289,53.24074039566189,-0.120000000000001,22.817617166926695,21.610382833073302,0.5085642857142856,621082.45,40348917.0,22.4,21.82,22.57
2025-06-18,22.33,22.72,22.29,22.49,1056982.0,22.2135,22.186881286647445,0.16995145573541492,52.80373797231195,-0.05000000000000071,22.81613544011475,21.61086455988525,0.5210642857142856,645351.15,41405899.0,22.45,21.78,22.54
2025-06-20,22.59,22.73,22.36,22.48,1744569.0,22.244500000000002,22.214797354585784,0.17503990295604765,49.5049501519459,0.21999999999999886,22.834218041456364,21.65478195854364,0.5246357142857144,700963.9,39661330.0,22.49,22.05,22.26
2025-06-23,22.44,23.14,22.3,23.03,901231.0,22.307,22.292435701768092,0.2209064652747088,56.22317562784367,0.7200000000000024,22.95182066050071,21.662179339499286,0.5517785714285716,716643.3,40562561.0,22.48,22.12,22.31
2025-06-24,23.15,23.5,22.8,23.05,535767.0,22.3675,22.36458468255208,0.25591979512238083,61.00917392012464,1.129999999999999,23.053568126123228,21.68143187387677,0.5360714285714288,718143.65,41098328.0,23.03,22.4,21.92
2025-06-25,22.97,23.005,22.52,22.55,466012.0,22.387,22.38224328421379,0.24054938636916035,50.188678980135315,0.7300000000000004,23.070400167889723,21.703599832110278,0.5457142857142857,716067.45,40632316.0,23.05,22.45,21.82
2025-06-26,22.66,22.875,22.47,22.85,580822.0,22.413999999999998,22.426791542860094,0.2496973637121478,61.048688818471334,1.0700000000000003,23.126634844117685,21.70136515588231,0.5489285714285715,717539.5,41213138.0,22.55,22.49,21.78
2025-06-27,22.75,23.16,22.55,23.1,2172301.0,22.450499999999998,22.490906634016277,0.27396204836876237,63.763065891051326,1.0500000000000007,23.225680114892214,21.675319885107783,0.5682142857142859,796209.15,43385439.0,22.85,22.48,22.05
2025-06-30,23.18,23.47,22.97,23.38,1294786.0,22.4945,22.57558219268139,0.31218694890179677,76.44927497453267,1.259999999999998,23.374343885672832,21.614656114327165,0.5217857142857145,820365.8,44680225.0,23.1,23.03,22.12
2025-07-01,23.27,23.5511,23.09,23.35,838012.0,22.525,22.649336269568877,0.3361843843746648,78.43866130180635,0.9500000000000028,23.47977746098133,21.570222539018665,0.5272214285714288,836469.75,43842213.0,23.38,23.05,22.4
2025-07-02,23.29,23.54,22.93,23.48,874414.0,22.5705,22.72844710103851,0.36152500322805636,80.57553916256933,1.0300000000000011,23.616665429203767,21.52433457079623,0.5436500000000003,853978.9,44716627.0,23.35,22.55,22.45
2025-07-03,23.44,23.67,23.09,23.64,525105.0,22.625500000000002,22.815261662844364,0.39002235414477937,79.77528048057916,1.1500000000000021,23.775428601901705,21.4755713980983,0.5529357142857148,848273.75,45241732.0,23.48,22.85,22.49
2025-07-07,23.6,24.35,23.6,23.99,1711097.0,22.712,22.927141504478232,0.43582486720893954,81.69491486653268,1.509999999999998,23.998342837168508,21.42565716283149,0.5675785714285718,913222.65,46952829.0,23.64,23.1,22.48
2025-07-08,24.155,24.42,23.91,24.22,1983044.0,22.8075,23.050270885004114,0.48509094021124355,81.37930995196206,1.1899999999999977,24.243120166741797,21.371879833258205,0.5661500000000004,982865.3,48935873.0,23.99,23.38,23.03
2025-07-09,24.26,24.3762,23.71,24.26,1288322.0,22.924500000000002,23.16548318167039,0.5213524966636314,81.31487849882078,1.2100000000000009,24.435031102137298,21.413968897862706,0.5655214285714288,1005079.35,50224195.0,24.22,23.35,23.05
2025-07-10,24.27,24.35,23.535,23.855,1468261.0,23.02625,23.231151450082734,0.5115135167142064,70.96774163024634,1.3049999999999997,24.497156898909964,21.55534310109004,0.593021428571429,1053784.9,48755934.0,24.26,23.48,22.55
2025-07-11,23.83,23.835,23.38,23.57,685809.0,23.11575,23.263422740551047,0.47524065758900136,65.43909322488744,0.7199999999999989,24.48143962721859,21.750060372781405,0.5990928571428576,1051560.45,48070125.0,23.855,23.64,22.85
2025-07-14,23.58,23.91,23.46,23.57,1185676.0,23.19175,23.29262057478428,0.44140590291723925,59.060402407098785,0.46999999999999886,24.474367697481377,21.90913230251862,0.5712357142857147,1083249.5,48070125.0,23.57,23.99,23.1
2025-07-15,23.55,23.87,23.35,23.62,1172975.0,23.266750000000002,23.32379956766197,0.413855529280756,59.468438261608604,0.240000000000002,24.457637660969876,22.075862339030127,0.558378571428572,1107977.45,49243100.0,23.57,24.22,23.38
2025-07-16,23.6,23.87,23.37,23.7,1940988.0,23.33175,23.35962818026559,0.3939359427646494,72.20077181049777,0.34999999999999787,24.463908046432962,22.199591953567037,0.5594500000000006,1166080.1,51184088.0,23.62,24.26,23.35
2025-07-17,23.84,24.1499,23.52,23.99,2073867.0,23.40875,23.41966359166887,0.39697403375328477,72.0930228646115,0.509999999999998,24.497031479648065,22.320468520351938,0.5755142857142861,1225002.0,53257955.0,23.7,23.855,23.48
