Date,Open,High,Low,Close,Volume,SMA_20,EMA_20,MACD,RSI_14,Momentum_10,Bollinger_Upper,Bollinger_Lower,ATR_14,Volume_MA_20,OBV,Lag_1,Lag_5,Lag_10
2023-08-15,12.28,12.675,12.125,12.46,988729.0,14.234,13.933435413939858,-0.39523179706509737,29.562043720096952,-2.9799999999999986,16.627292381020887,11.840707618979113,0.6442142857142856,1322054.15,-2261000.0,12.31,15.35,15.44
2023-08-16,12.42,12.63,12.24,12.5,1009616.0,14.139500000000002,13.796917755469396,-0.42922242988753645,30.740740661042494,-2.8100000000000005,16.653088125202277,11.625911874797726,0.6477857142857142,1243011.0,-1251384.0,12.46,12.21,15.31
2023-08-17,12.41,12.49,12.145,12.19,979360.0,14.053,13.643877969234214,-0.47121764414120726,25.276752702237147,-3.3200000000000003,16.713186776188945,11.392813223811057,0.6525,1210209.75,-2230744.0,12.5,12.56,15.51
2023-08-18,12.0,12.375,11.95,12.08,838941.0,13.959999999999999,13.494937210259527,-0.5056737367856261,18.749999948730448,-3.4000000000000004,16.763035948095524,11.156964051904472,0.6517857142857144,1188677.85,-3069685.0,12.19,12.6,15.48
2023-08-21,12.05,12.15,11.85,11.89,537859.0,13.857999999999999,13.342086047377668,-0.5395283562576036,15.533980540295929,-3.6099999999999994,16.810134642486418,10.90586535751358,0.6253571428571431,1168136.25,-3607544.0,12.08,12.31,15.5
2023-08-22,12.0,12.02,11.79,11.95,427829.0,13.738500000000002,13.20950642381789,-0.5553406763574618,16.92913381161256,-3.4000000000000004,16.799949776958968,10.677050223041036,0.6096428571428574,1133126.7,-3179715.0,11.89,12.46,15.35
2023-08-23,12.01,12.105,11.79,11.91,660298.0,13.599,13.085743907263806,-0.563950272963595,13.414634108169693,-0.3000000000000007,16.729460870727806,10.468539129272195,0.5921428571428574,1121407.2,-3840013.0,11.95,12.5,12.21
2023-08-24,11.92,12.08,11.51,11.52,721546.0,13.445999999999998,12.936625439905349,-0.5917125139810899,12.49999996685601,-1.040000000000001,16.672230650546595,10.2197693494534,0.6000000000000004,1114263.65,-4561559.0,11.91,12.19,12.56
2023-08-25,11.57,11.725,11.395,11.46,989580.0,13.2755,12.795994445628649,-0.6107531876275711,12.030075156311796,-1.1399999999999988,16.544998432481655,10.006001567518343,0.5992857142857148,1118244.3,-5551139.0,11.52,12.08,12.6
2023-08-28,11.56,11.639,11.01,11.16,769019.0,13.0695,12.640185450806873,-0.6401326623567574,11.700182785410831,-1.1500000000000004,16.326372733159833,9.812627266840167,0.612071428571429,1103397.8,-6320158.0,11.46,11.89,12.31
2023-08-29,11.15,11.3399,11.05,11.27,812305.0,12.861,12.509691598349075,-0.6476491886055911,30.737704741668836,-1.1900000000000013,16.011063658504632,9.710936341495369,0.41849285714285755,1091950.3,-5507853.0,11.16,11.95,12.46
2023-08-30,11.25,11.43,11.16,11.37,559667.0,12.664,12.401149541363448,-0.6387023689110105,22.831050082358487,-1.1300000000000008,15.658137429606134,9.669862570393866,0.3834928571428575,1084900.8,-4948186.0,11.27,11.91,12.5
2023-08-31,11.33,11.48,11.29,11.41,657084.0,12.459,12.306754346947882,-0.6213788046644861,22.831050082358544,-0.7799999999999994,15.181822838622875,9.736177161377125,0.3706357142857147,1085184.95,-4291102.0,11.37,11.52,12.19
2023-09-01,11.5,11.6,11.27,11.31,459674.0,12.250499999999999,12.211825361524275,-0.608065272539605,24.99999982499996,-0.7699999999999996,14.614247916027917,9.88675208397208,0.3688500000000004,1070931.85,-4750776.0,11.41,11.46,12.08
2023-09-05,11.26,11.37,11.12,11.3,455242.0,12.0405,12.124984850902916,-0.591384871859729,18.817204159440337,-0.5899999999999999,13.875934553450493,10.205065446549506,0.3474214285714289,1033523.45,-5206018.0,11.31,11.16,11.89
2023-09-06,11.3,11.4,11.05,11.09,461636.0,11.8275,12.026414865102637,-0.5872414137761375,15.270935855274288,-0.8599999999999994,12.858102787335243,10.796897212664758,0.344564285714286,990095.35,-5667654.0,11.3,11.27,11.95
2023-09-07,9.5,10.045,9.41,9.925,7050979.0,11.713249999999999,11.826280116045243,-0.6648471613308509,10.74523391666088,-1.9849999999999994,13.031727091991087,10.39477290800891,0.3652785714285716,1039346.65,-12718633.0,11.09,11.37,11.91
2023-09-08,9.87,10.1,9.675,10.09,1603389.0,11.589749999999999,11.660920104993316,-0.7054526255687374,16.15646250809843,-1.4299999999999997,13.03125679571942,10.148243204280577,0.3652785714285715,1069510.35,-11115244.0,9.925,11.41,11.52
2023-09-11,10.29,10.4875,10.2,10.22,1454354.0,11.470749999999999,11.523689618803477,-0.7192583725881523,21.00694434232733,-1.2400000000000002,12.953465414366494,9.988034585633503,0.3643857142857144,1110143.6,-9660890.0,10.09,11.31,11.46
2023-09-12,10.04,10.24,9.93,10.04,1749722.0,11.35725,11.382385845584098,-0.7355037713901744,18.16666658188889,-1.120000000000001,12.91509424260275,9.79940575739725,0.37010000000000015,1159341.45,-11410612.0,10.22,11.3,11.16
2023-09-13,10.09,10.24,9.96,10.095,1702412.0,11.239,11.259777669814184,-0.735574938051645,19.900497420030888,-1.174999999999999,12.803422207112028,9.674577792887973,0.3676,1195025.6,-9708200.0,10.04,11.09,11.27
2023-09-14,10.1,10.25,10.0,10.005,1810456.0,11.11425,11.140275034593786,-0.7340894490691454,22.09944739985555,-1.3649999999999984,12.652985896083125,9.575514103916875,0.34474285714285713,1235067.6,-11518656.0,10.095,9.925,11.37
2023-09-15,9.97,10.22,9.81,10.2,2399825.0,11.01475,11.05072503129914,-0.7095204396374744,27.894736705078472,-1.2100000000000009,12.517535046085047,9.511964953914951,0.35045714285714286,1306090.85,-9118831.0,10.005,10.09,11.41
2023-09-18,10.15,10.49,10.01,10.32,1283913.0,10.926750000000002,10.981132171175412,-0.6729036351013118,34.269662741657214,-0.9900000000000002,12.371906247243658,9.481593752756346,0.33981428571428574,1328339.45,-7834918.0,10.2,10.22,11.31
2023-09-19,10.25,10.36,10.055,10.34,2050237.0,10.84925,10.9200719643968,-0.634979201981066,31.97674401252931,-0.9600000000000009,12.24220700239681,9.456292997603189,0.3408928571428572,1403958.35,-5784681.0,10.32,10.04,11.3
2023-09-20,10.45,10.56,10.14,10.27,1578019.0,10.76525,10.858160348739963,-0.6034341460334325,28.431372392925837,-0.8200000000000003,12.079089191473836,9.451410808526164,0.35160714285714295,1461467.85,-7362700.0,10.34,10.095,11.09
2023-09-21,10.12,10.205,9.94,10.14,1371796.0,10.676750000000002,10.789764125050443,-0.5819164809486619,25.94696955937215,0.21499999999999986,11.901337041027556,9.452162958972448,0.35696428571428573,1497042.75,-8734496.0,10.27,10.005,9.925
2023-09-22,10.23,10.58,10.2,10.34,1122394.0,10.61775,10.74692944647421,-0.5428494387261971,32.299269907959925,0.25,11.783567874193675,9.451932125806323,0.36053571428571435,1517085.15,-7612102.0,10.14,10.2,10.09
2023-09-25,10.26,10.575,10.1604,10.5,910174.0,10.569749999999999,10.72341235633381,-0.4935747991696324,36.15916937500747,0.27999999999999936,11.666565845983264,9.472934154016734,0.37229285714285726,1513114.85,-6701928.0,10.34,10.32,10.22
2023-09-26,10.42,10.6,10.37,10.58,1253737.0,10.54075,10.709754036682972,-0.4430936036614259,40.76086935845936,0.5400000000000009,11.601947312869802,9.479552687130196,0.3637214285714287,1537350.75,-5448191.0,10.5,10.34,10.04
2023-09-27,10.58,10.805,10.42,10.65,912175.0,10.50975,10.704063176046498,-0.39301659236007147,71.77177116828538,0.5549999999999997,11.516053684412983,9.503446315587018,0.34586428571428585,1542344.25,-4536016.0,10.58,10.27,10.095
2023-09-28,10.69,10.815,10.46,10.79,1075401.0,10.48075,10.712247635470641,-0.33833861570101753,71.34146280562163,0.7849999999999984,11.413404812886302,9.548095187113699,0.34086428571428584,1568130.95,-3460615.0,10.65,10.14,10.005
2023-09-29,10.89,11.23,10.765,10.94,1225710.0,10.45725,10.73393833685439,-0.2798823281393066,71.68674638336475,0.7400000000000002,11.311727217829391,9.602772782170609,0.35354285714285716,1596562.25,-2234905.0,10.79,10.34,10.2
2023-10-02,10.88,11.025,10.62,10.68,789983.0,10.42575,10.728801352392066,-0.2513118425244123,68.39080404743035,0.35999999999999943,11.189496134454846,9.662003865545156,0.3603285714285715,1613077.7,-3024888.0,10.94,10.5,10.32
2023-10-03,10.55,10.7,10.11,10.4,911106.0,10.38075,10.697486937878537,-0.24807311796515918,57.760813837836444,0.0600000000000005,11.02418874693137,9.737311253068631,0.3824714285714287,1635870.9,-3935994.0,10.68,10.58,10.34
2023-10-04,10.5,10.6,10.34,10.58,863430.0,10.35525,10.686297705699628,-0.22853752522836857,63.99026720395926,0.3100000000000005,10.91536723396933,9.795132766030669,0.38318571428571435,1655960.6,-3072564.0,10.4,10.65,10.27
2023-10-05,10.57,10.71,10.435,10.64,632259.0,10.391000000000002,10.681888400394902,-0.20589850091240613,61.4583328851997,0.5,10.92620876399085,9.855791236009154,0.37354285714285723,1335024.6,-2440305.0,10.58,10.79,10.14
2023-10-06,10.48,10.675,10.37,10.63,777548.0,10.418000000000001,10.67694664797634,-0.1866021427928093,58.563535458624614,0.2900000000000009,10.943671500383816,9.892328499616186,0.36104285714285733,1293732.55,-3217853.0,10.64,10.94,10.34
2023-10-09,10.6,10.6,10.47,10.49,918539.0,10.431500000000002,10.659142205311927,-0.18040468866520598,53.88600997181134,-0.009999999999999787,10.949574369788317,9.913425630211686,0.34854285714285727,1266941.8,-4136392.0,10.63,10.68,10.5
2023-10-10,10.45,10.77,10.4,10.49,990144.0,10.453999999999999,10.643033423853648,-0.17349066661009083,55.91397807376578,-0.08999999999999986,10.938481274419496,9.969518725580501,0.34497142857142865,1228962.9,-4136392.0,10.49,10.4,10.58
2023-10-11,10.55,10.55,10.37,10.52,764764.0,10.475249999999999,10.631315954915205,-0.16372319570901084,60.79545406185432,-0.13000000000000078,10.92978822721525,10.020711772784749,0.33890000000000015,1182080.5,-3371628.0,10.49,10.58,10.65
2023-10-12,10.54,10.54,10.16,10.18,786921.0,10.484,10.58833348301852,-0.18109525186194375,45.789473346814404,-0.6099999999999994,10.905995260636875,10.062004739363125,0.33890000000000003,1130903.75,-4158549.0,10.52,10.64,10.79
2023-10-13,10.13,10.22,9.79,9.88,997550.0,10.468,10.520873151302471,-0.21638128193421124,34.80392132977701,-1.0599999999999987,10.954646959466384,9.981353040533616,0.34000000000000014,1060790.0,-5156099.0,10.18,10.63,10.94
2023-10-16,9.95,10.625,9.9,10.54,969820.0,10.479,10.52269475594033,-0.18928944464476416,49.23664095827747,-0.14000000000000057,10.961489159954569,9.99651084004543,0.3753571428571429,1045085.35,-4186279.0,9.88,10.49,10.68
2023-10-17,10.52,10.9,10.44,10.81,900170.0,10.502500000000001,10.55005716013649,-0.14451299323819988,52.836879170313374,0.41000000000000014,11.001968138175616,10.003031861824386,0.38071428571428584,987582.0,-3286109.0,10.54,10.49,10.4
2023-10-18,10.67,10.775,10.475,10.5,1179216.0,10.514,10.545289811552061,-0.13236110999254258,45.15050146083378,-0.08000000000000007,11.001373195384122,10.026626804615876,0.37678571428571456,967641.85,-4465325.0,10.81,10.52,10.58
2023-10-19,10.49,10.49,10.265,10.35,825472.0,10.5245,10.526690781880436,-0.13322797480905813,40.13377907629668,-0.2900000000000009,10.986325895651945,10.062674104348055,0.35964285714285743,940325.65,-5290797.0,10.5,10.18,10.64
2023-10-20,10.38,10.39,10.08,10.14,918241.0,10.514500000000002,10.489863088368013,-0.149049941407009,40.81632633624879,-0.4900000000000002,11.001141551863366,10.027858448136637,0.3528571428571431,930118.0,-6209038.0,10.35,9.88,10.63
2023-10-23,10.01,10.285,9.8412,10.07,1062163.0,10.493,10.44987612757106,-0.16530165876681835,43.956043730628345,-0.41999999999999993,11.01876160297028,9.967238397029721,0.3424142857142859,937717.45,-7271201.0,10.14,10.54,10.49
2023-10-24,10.14,10.275,10.07,10.2,877276.0,10.474,10.42607840113572,-0.16582576414653438,42.910447537034955,-0.2900000000000009,11.013801132972022,9.934198867027979,0.3384857142857145,918894.4,-6393925.0,10.07,10.81,10.49
2023-10-25,10.07,10.25,9.9325,10.22,1457041.0,10.452499999999999,10.406451886741843,-0.1627566592806371,42.04545432248623,-0.29999999999999893,10.997018135602461,9.907981864397536,0.3415214285714288,946137.7,-4936884.0,10.2,10.5,10.52
2023-10-26,10.24,10.385,10.035,10.22,1108155.0,10.424000000000001,10.388694564195001,-0.15849626436380326,42.205322969249224,0.040000000000000924,10.953603625365218,9.894396374634784,0.3447357142857144,947775.4,-4936884.0,10.22,10.35,10.18
2023-10-27,10.27,10.415,10.1397,10.21,683204.0,10.3875,10.371676034271667,-0.1541460385118132,44.39999975136001,0.33000000000000007,10.865472692459331,9.909527307540667,0.3551142857142859,920650.1,-5620088.0,10.22,10.14,9.88
2023-10-30,10.29,10.416,10.06,10.19,802026.0,10.363,10.354373554817222,-0.15057034761204235,44.04761880291004,-0.34999999999999964,10.827898404294713,9.898101595705286,0.35411428571428594,921252.25,-6422114.0,10.21,10.07,10.54
2023-10-31,10.19,10.39,9.86,9.97,1012045.0,10.3415,10.317766549596534,-0.16354725454456265,39.852398318105706,-0.8399999999999999,10.837898608929708,9.845101391070292,0.3791142857142859,926299.2,-7434159.0,10.19,10.2,10.81
2023-11-01,9.88,9.91,9.48,9.85,1571261.0,10.305000000000001,10.273217354396865,-0.18139425512061536,43.37349373203658,-0.6500000000000004,10.833851785027049,9.776148214972954,0.3826857142857145,961690.75,-9005420.0,9.97,10.22,10.5
2023-11-02,10.0,10.33,9.94,10.26,1099465.0,10.286,10.271958558740021,-0.16068944019712816,57.30769199911241,-0.08999999999999986,10.790939808815164,9.781060191184835,0.37982857142857157,985051.05,-7905955.0,9.85,10.22,10.35
2023-11-03,10.48,10.775,10.29,10.56,902564.0,10.2825,10.299391076955258,-0.11876402931120822,50.446428256138425,0.41999999999999993,10.778287518154576,9.786712481845425,0.36268571428571456,991301.85,-7003391.0,10.26,10.21,10.14
2023-11-06,10.5,10.56,10.125,10.32,1079437.0,10.274,10.301353831530948,-0.10366487958600068,38.91402690280708,0.25,10.760551776873669,9.78744822312633,0.3609000000000003,999346.75,-8082828.0,10.56,10.19,10.07
2023-11-07,10.37,10.76,10.265,10.56,1211504.0,10.2775,10.325986799956572,-0.07154902894729531,51.4018688226046,0.3600000000000012,10.77154346708402,9.783456532915979,0.37482857142857157,1010414.75,-6871324.0,10.32,9.97,10.2
2023-11-08,11.3,11.97,11.02,11.16,3770290.0,10.3095,10.405416628532137,0.0021969638323646734,65.6370652822707,0.9399999999999995,10.935076786485443,9.683923213514557,0.42661428571428595,1160691.05,-3101034.0,10.56,9.85,10.22
2023-11-09,10.82,11.24,10.645,10.83,8392967.0,10.342,10.445853140100505,0.033671929465725725,62.73062698220338,0.6099999999999994,11.005629573275858,9.678370426724143,0.44697142857142885,1540993.35,-11494001.0,11.16,10.26,10.22
2023-11-10,11.0,11.08,10.6,10.86,2231120.0,10.391,10.485295698186171,0.06033654790810594,64.79400715089281,0.6499999999999986,11.05571679763085,9.72628320236915,0.44955714285714315,1602671.85,-9262881.0,10.83,10.56,10.21
2023-11-13,10.81,10.99,10.685,10.89,1755316.0,10.4085,10.523838965025583,0.08292885416499907,63.424124168117615,0.7000000000000011,11.107289178357433,9.709710821642567,0.4567000000000003,1641946.65,-7507565.0,10.86,10.32,10.19
2023-11-14,11.24,11.29,11.0,11.17,2647706.0,10.4265,10.585378111213622,0.12198762753684278,66.78445196643732,1.1999999999999993,11.184843763182554,9.668156236817447,0.45473571428571447,1729323.45,-4859859.0,10.89,10.56,9.97
2023-11-15,11.26,11.585,11.2301,11.31,1878112.0,10.467,10.654389719669467,0.16235134788839467,68.35016802797898,1.4600000000000009,11.322203269158235,9.611796730841766,0.45508571428571454,1764268.25,-2981747.0,11.17,11.16,9.85
2023-11-16,11.17,11.36,11.1334,11.18,1178241.0,10.508500000000002,10.704447841605708,0.18176679401008577,65.69579258260802,0.9199999999999999,11.41859022109146,9.598409778908543,0.4516071428571431,1781906.7,-4159988.0,11.31,10.83,10.26
2023-11-17,11.2,11.425,11.2,11.24,1351866.0,10.5635,10.75545280907183,0.19968712229548657,66.77316264063123,0.6799999999999997,11.511967461917262,9.615032538082737,0.44225000000000037,1803587.95,-2808122.0,11.18,10.86,10.56
2023-11-20,11.16,11.54,11.16,11.42,1488886.0,10.631,10.818743017731656,0.22579474565342217,73.46278283867991,1.0999999999999996,11.622753364926025,9.639246635073976,0.43153571428571447,1824924.1,-1319236.0,11.24,10.89,10.32
2023-11-21,11.33,11.41,11.16,11.35,1611339.0,10.688500000000001,10.86933892080483,0.2380970545210861,74.67105228769907,0.7899999999999991,11.707999877390865,9.669000122609138,0.4186785714285716,1861627.25,-2930575.0,11.42,11.17,10.56
2023-11-22,11.48,11.53,11.37,11.43,847591.0,10.749,10.922735214061513,0.2513976907224684,71.58671549733798,0.2699999999999996,11.794711039889776,9.703288960110225,0.40225000000000016,1831154.75,-2082984.0,11.35,11.31,11.16
2023-11-24,11.46,11.87,11.455,11.87,812549.0,10.8315,11.012950907960416,0.29402306541284595,72.98245578184053,1.0399999999999991,11.958662716502667,9.704337283497333,0.39725000000000005,1816374.45,-1270435.0,11.43,11.18,10.83
2023-11-27,11.81,11.985,11.71,11.72,1142479.0,10.907,11.08028891672609,0.31211109757423827,75.36231845830709,0.8600000000000012,12.06085121726284,9.75314878273716,0.3858214285714285,1839338.2,-2412914.0,11.87,11.24,10.86
2023-11-28,11.65,11.85,11.6,11.78,1107287.0,10.986500000000001,11.14692806751408,0.3275081200265859,73.64341045309777,0.8899999999999988,12.151394845039668,9.821605154960334,0.3683214285714285,1854601.25,-1305627.0,11.72,11.42,10.89
2023-11-29,11.98,12.075,11.76,11.79,1190829.0,11.0775,11.208173013465121,0.3366357023091915,65.8291452655236,0.6199999999999992,12.19127735656638,9.963722643433622,0.32296428571428554,1863540.45,-114798.0,11.78,11.35,11.17
2023-11-30,11.79,11.835,11.455,11.53,1756877.0,11.1615,11.238823202658919,0.3192223198632327,68.22916616916234,0.21999999999999886,12.129325016807217,10.193674983192784,0.3076071428571427,1872821.25,-1871675.0,11.79,11.43,11.31
2023-12-01,11.52,11.64,11.4,11.56,1696441.0,11.2265,11.269411469072356,0.304333045578538,68.22916616916235,0.3800000000000008,12.110373651365931,10.342626348634068,0.29046428571428556,1902670.05,-175234.0,11.53,11.87,11.18
2023-12-04,11.47,11.69,11.41,11.43,1206164.0,11.27,11.284705614874989,0.27883440346870536,63.36633619449072,0.1899999999999995,12.09973680037391,10.44026319962609,0.28867857142857123,1917850.05,-1381398.0,11.56,11.72,11.24
2023-12-05,11.3,11.45,11.18,11.36,1132425.0,11.322,11.291876508696419,0.25009781326568614,55.24861835719299,-0.0600000000000005,12.02113028678118,10.622869713218819,0.28724999999999984,1920499.45,-2513823.0,11.43,11.78,11.42
2023-12-06,11.45,11.62,11.28,11.3,766234.0,11.359,11.292650174534854,0.21994905362310924,49.710982256674136,-0.049999999999998934,11.959732885732087,10.758267114267912,0.2861857142857141,1898235.95,-3280057.0,11.36,11.79,11.35
2023-12-07,11.31,11.31,10.9,10.91,938902.0,11.3465,11.25620730076963,0.1627236709351898,43.21608009797733,-0.5199999999999996,11.97445490954451,10.71854509045549,0.2992857142857141,1756666.55,-4218959.0,11.3,11.53,11.43
2023-12-08,10.86,11.03,10.76,10.8,955056.0,11.344999999999999,11.212758986410618,0.10726318103699661,39.215686005382544,-1.0699999999999985,11.978270541670279,10.71172945832972,0.3024999999999997,1384771.0,-5174015.0,10.91,11.56,11.87
2023-12-11,10.74,10.86,10.56,10.85,3388871.0,11.3445,11.178210511514369,0.06657615135925177,35.07853377429343,-0.870000000000001,11.979396593320933,10.709603406679067,0.296785714285714,1442658.55,-1785144.0,10.8,11.43,11.72
2023-12-12,10.91,11.1,10.795,10.82,1172092.0,11.341,11.144095224703477,0.03154788405242037,35.828876737109994,-0.9599999999999991,11.987118776761834,10.694881223238164,0.3007142857142854,1413497.35,-2957236.0,10.85,11.36,11.78
2023-12-13,10.85,11.35,10.775,11.27,1293868.0,11.346,11.156086155684099,0.03963095393342542,46.42857113839285,-0.5199999999999996,11.988082139359296,10.703917860640704,0.33035714285714246,1345805.45,-1663368.0,10.82,11.3,11.79
2023-12-14,11.45,11.665,11.17,11.37,1513985.0,11.349,11.176458902761803,0.05348707963586641,36.842104991689716,-0.16000000000000014,11.990934576105698,10.707065423894303,0.3360714285714282,1327599.1,-149383.0,11.27,10.91,11.53
2023-12-15,11.37,11.43,11.01,11.1,3189229.0,11.344999999999999,11.169177102498775,0.04220068381588149,34.65346510636208,-0.46000000000000085,11.99234274660256,10.697657253397438,0.34642857142857114,1428148.5,-3338612.0,11.37,10.8,11.56
2023-12-18,11.14,11.39,11.03,11.23,1430865.0,11.3445,11.174969759403654,0.04324497142893868,36.84210501636869,-0.1999999999999993,11.992199572982804,10.696800427017196,0.3542857142857141,1432098.45,-1907747.0,11.1,10.85,11.43
2023-12-19,11.29,11.6,11.29,11.58,1300254.0,11.3525,11.213544068031878,0.07148416420625026,45.67901208250777,0.22000000000000064,12.008031122549935,10.696968877450063,0.3539285714285713,1422666.85,-607493.0,11.23,10.82,11.36
2023-12-20,11.52,11.58,11.05,11.07,1707988.0,11.3385,11.199873204409794,0.052118995934298695,41.417910231398984,-0.23000000000000043,12.006104515767895,10.670895484232105,0.36464285714285694,1427499.3,-2315481.0,11.58,11.27,11.3
2023-12-21,11.13,11.21,10.895,11.11,1431411.0,11.3225,11.19131385160886,0.03954318589459227,41.635687515650666,0.1999999999999993,11.996181949009362,10.648818050990638,0.36999999999999983,1456690.3,-884070.0,11.07,11.37,10.91
2023-12-22,11.17,11.625,11.06,11.42,1349060.0,11.3,11.213093484788969,0.05396458589430786,49.82578372907283,0.6199999999999992,11.924988420945372,10.67501157905463,0.39035714285714274,1483515.85,464990.0,11.11,11.1,10.8
2023-12-26,11.47,11.47,11.23,11.27,690150.0,11.2775,11.218513152904306,0.052684575084779084,48.4745760411376,0.41999999999999993,11.870400985787143,10.684599014212857,0.3882142857142856,1460899.4,-225160.0,11.42,11.23,10.85
2023-12-27,11.27,11.37,11.23,11.29,604642.0,11.253,11.225321424056277,0.05267650438241844,49.828178454434855,0.46999999999999886,11.796946591805519,10.709053408194482,0.3739285714285713,1435767.15,379482.0,11.27,11.58,10.82
2023-12-28,11.29,11.61,11.28,11.58,1081759.0,11.2425,11.259100336050917,0.07520044322475705,61.92170787654667,0.3100000000000005,11.749664459986779,10.73533554001322,0.36821428571428555,1430313.65,1461241.0,11.29,11.07,11.27
2023-12-29,11.97,12.03,11.3,11.3,1455533.0,11.231,11.262995542141306,0.06965715972532927,58.38926147065449,-0.06999999999999851,11.720850675421115,10.741149324578885,0.40107142857142836,1415246.45,5708.0,11.58,11.11,11.37
2024-01-02,11.13,11.135,10.63,10.92,1404339.0,11.199,11.23032930003261,0.03421065358883446,51.057401596736064,-0.17999999999999972,11.68192529660938,10.71607470339062,0.4157142857142855,1400641.35,-1398631.0,11.3,11.42,11.1
2024-01-03,10.82,10.86,10.575,10.64,1306600.0,11.1595,11.174107461934266,-0.016284290388501432,47.471909925672264,-0.5899999999999999,11.68978195082278,10.629218049177219,0.4142857142857141,1405663.15,-2705231.0,10.92,11.27,11.23
2024-01-04,10.67,10.67,10.39,10.4,1259304.0,11.1115,11.10038294175005,-0.07480349909527995,37.01492521844509,-1.1799999999999997,11.731560268717564,10.491439731282435,0.3932142857142855,1412007.1,-3964535.0,10.64,11.29,11.58
2024-01-05,10.24,10.4499,10.1,10.4,1162238.0,11.0665,11.033679804440522,-0.11979934836901585,35.0769229258225,-0.6699999999999999,11.755733746920976,10.377266253079023,0.38284999999999986,1431807.3,-3964535.0,10.4,11.58,11.07
2024-01-08,10.41,10.96,10.41,10.81,1170178.0,11.061499999999999,11.012376965922378,-0.12098361964943116,45.72271367548143,-0.29999999999999893,11.75693700762825,10.366062992371747,0.3921357142857142,1443371.1,-2794357.0,10.4,11.3,11.11
2024-01-09,10.65,10.77,10.61,10.73,662315.0,11.058000000000002,10.985483921548818,-0.12691394814829415,42.51496988167378,-0.6899999999999995,11.759655185970995,10.356344814029008,0.37784999999999985,1428734.05,-3456672.0,10.81,10.92,11.42
2024-01-10,10.69,10.895,10.65,10.85,798787.0,11.058,10.97258069092512,-0.12054197484435036,38.26366542260729,-0.41999999999999993,11.759655185970994,10.356344814029006,0.37320714285714257,1299229.85,-2657885.0,10.73,10.64,11.27
2024-01-11,10.81,10.95,10.63,10.93,929986.0,11.0635,10.96852538702749,-0.10779467138389798,47.38805945394296,-0.35999999999999943,11.758997550035406,10.368002449964592,0.35820714285714256,1287124.55,-1727899.0,10.85,10.4,11.29
2024-01-12,11.0,11.04,10.75,10.78,866812.0,11.039,10.950570588262968,-0.10854404924208616,44.08602128415617,-0.8000000000000007,11.738380176712878,10.339619823287121,0.3564214285714281,1265771.75,-2594711.0,10.93,10.4,11.58
2024-01-16,10.67,10.7,10.44,10.58,736841.0,10.999500000000001,10.915278151285543,-0.12384761904748487,34.32835802962799,-0.7200000000000006,11.70932503403822,10.289674965961783,0.3346357142857138,1226914.55,-3331552.0,10.78,10.81,11.3
2024-01-17,10.39,10.6683,10.36,10.47,702760.0,10.968,10.872870708305967,-0.14320063241074799,34.848484663682285,-0.4499999999999993,11.71403795585676,10.22196204414324,0.3395142857142853,1102591.1,-4034312.0,10.58,10.73,10.92
2024-01-18,10.53,10.63,10.305,10.49,875172.0,10.931000000000001,10.836406831324446,-0.15513595188665796,34.848484663682285,-0.15000000000000036,11.695499148049496,10.166500851950506,0.35272857142857117,1074806.45,-3159140.0,10.47,10.85,10.64
2024-01-19,10.56,10.9,10.37,10.83,816256.0,10.8935,10.835796656912594,-0.13559785454084228,36.059479366233184,0.4299999999999997,11.594935370470687,10.192064629529312,0.36701428571428557,1050606.55,-2342884.0,10.49,10.93,10.4
2024-01-22,10.97,11.225,10.9,10.99,816820.0,10.8895,10.850482689587585,-0.10598199686539544,43.96887135581158,0.5899999999999999,11.587601937964259,10.191398062035741,0.33808571428571416,1006048.15,-1526064.0,10.83,10.78,10.4
2024-01-23,11.1,11.14,10.72,10.83,836013.0,10.8755,10.84853195724591,-0.09433391928768131,48.08510609651426,0.019999999999999574,11.566173965280123,10.184826034719878,0.33201428571428565,976278.25,-2362077.0,10.99,10.58,10.81
2024-01-24,10.97,10.975,10.6,10.61,654047.0,10.834999999999999,10.825814627984395,-0.10168207583640232,49.34497786426649,-0.120000000000001,11.485036436225714,10.184963563774284,0.3384428571428571,941527.6,-3016124.0,10.83,10.47,10.73
2024-01-25,10.73,10.74,10.59,10.71,874303.0,10.807,10.814784663414452,-0.0983034778849099,57.209301953055714,-0.1399999999999988,11.42562666234846,10.18837333765154,0.32915714285714287,950735.25,-2141821.0,10.61,10.49,10.85
2024-01-26,10.76,11.025,10.68,10.68,583622.0,10.776500000000002,10.801948028803551,-0.09692923841819301,56.42201798628059,-0.25,11.353617154940217,10.199382845059787,0.3288071428571429,949684.25,-2725443.0,10.71,10.83,10.93
2024-01-29,10.67,10.92,10.61,10.92,715588.0,10.743500000000001,10.813191073679404,-0.07560323444621808,52.73631804064254,0.14000000000000057,11.187229410196863,10.299770589803138,0.3116642857142858,931375.7,-2009855.0,10.68,10.99,10.78
2024-01-30,10.86,10.86,10.565,10.63,737161.0,10.709999999999999,10.795744304757555,-0.08116649631135431,47.747747446635834,0.05000000000000071,11.070116940071253,10.349883059928745,0.3213071428571429,895457.1,-2747016.0,10.92,10.83,10.58
2024-01-31,10.58,10.63,10.27,10.31,1137869.0,10.6795,10.749482942399693,-0.11012658815145215,38.84297498190018,-0.16000000000000014,11.067014346084141,10.29198565391586,0.32952142857142874,882133.6,-3884885.0,10.63,10.61,10.47
2024-02-01,10.36,10.5499,10.26,10.42,776161.0,10.6685,10.718103614552103,-0.12278638870231262,39.59183650845482,-0.07000000000000028,11.072859142087129,10.26414085791287,0.3273714285714288,855611.65,-3108724.0,10.31,10.71,10.49
2024-02-02,10.34,10.51,10.24,10.42,786665.0,10.669500000000001,10.689712794118568,-0.1313057526693413,42.1739127867675,-0.41000000000000014,11.071153162763423,10.26784683723658,0.3259428571428574,831979.7,-3108724.0,10.42,10.68,10.83
2024-02-05,10.32,10.32,10.13,10.21,631940.0,10.66,10.644025861345371,-0.15323588442684688,41.99134173684902,-0.7799999999999994,11.096010622758046,10.223989377241955,0.32094285714285736,805464.8,-3740664.0,10.42,10.92,10.99
2024-02-06,10.2,10.47,10.2,10.39,806067.0,10.639,10.619832922169621,-0.1543126284648455,48.3193274468611,-0.4399999999999995,11.084936035063755,10.193063964936243,0.31820714285714313,787259.25,-2934597.0,10.21,10.63,10.83
2024-02-07,10.43,10.605,10.335,10.39,1003388.0,10.622,10.597944072439182,-0.15339767751427225,47.88135564816145,-0.21999999999999886,11.079112217018238,10.164887782981761,0.3142785714285716,804312.9,-2934597.0,10.39,10.31,10.61
2024-02-08,10.46,10.57,10.37,10.41,1131885.0,10.6,10.580044636968784,-0.14933729431065856,39.70588208044984,-0.3000000000000007,11.053245605546627,10.146754394453373,0.290707142857143,820967.8,-1802712.0,10.39,10.42,10.71
2024-02-09,10.45,10.675,10.17,10.62,918053.0,10.5845,10.583849909638424,-0.1277023508993782,41.14832508321694,-0.0600000000000005,11.010619577978765,10.158380422021235,0.303564285714286,820371.15,-884659.0,10.41,10.42,10.68
2024-02-12,10.6,10.8,10.5201,10.73,709691.0,10.582,10.597768965863336,-0.10052179553416885,47.54901928152635,-0.1899999999999995,11.003855550233865,10.160144449766136,0.29355714285714324,812515.1,-174968.0,10.62,10.21,10.92
2024-02-13,10.42,10.51,10.17,10.32,1245820.0,10.568999999999999,10.571314778638257,-0.11078706248320103,43.497757574453566,-0.3100000000000005,11.006836787663548,10.13116321233645,0.29105714285714324,837964.05,-1420788.0,10.73,10.39,10.63
2024-02-14,10.5,10.685,10.41,10.64,867793.0,10.5775,10.577856228291756,-0.0920403631628357,48.571428293877545,0.33000000000000007,11.013842453632538,10.141157546367463,0.29998571428571463,846215.7,-552995.0,10.32,10.39,10.31
2024-02-15,10.76,10.84,10.604,10.76,1156244.0,10.591,10.595203254168732,-0.06673134439066253,51.574802865335734,0.33999999999999986,11.032619030863719,10.14938096913628,0.29220000000000035,860269.3,603249.0,10.64,10.41,10.42
2024-02-16,10.64,10.73,10.5105,10.57,1123929.0,10.578,10.5928029442479,-0.06129840737482262,42.97188730859179,0.15000000000000036,11.005063412029987,10.150936587970012,0.2857357142857146,875652.95,-520680.0,10.76,10.62,10.42
2024-02-20,10.43,10.435,9.935,9.98,1678588.0,10.5275,10.534440759081434,-0.10340834444852831,38.35125428784314,-0.23000000000000043,10.987059285448634,10.067940714551366,0.3003785714285718,918741.35,-2199268.0,10.57,10.73,10.21
2024-02-21,9.93,10.01,9.5,9.76,3486005.0,10.474,10.460684496311774,-0.1527717117110825,39.77695146584483,-0.6300000000000008,11.025262665447007,9.922737334552993,0.3110928571428574,1051240.95,-5685273.0,9.98,10.32,10.39
2024-02-22,9.75,10.165,9.75,9.83,3545857.0,10.435,10.400619306186844,-0.1841217207650061,38.867924322961905,-0.5600000000000005,11.052175228891958,9.817824771108043,0.32002857142857166,1195831.45,-2139416.0,9.76,10.64,10.39
2024-02-23,10.09,11.37,10.09,11.24,4251210.0,10.4615,10.48056032464524,-0.09410767076596471,60.09852196025141,0.8300000000000001,11.167512524117294,9.755487475882704,0.3921714285714288,1364676.8,2111794.0,9.83,10.76,10.41
2024-02-26,11.26,11.64,10.91,11.48,2810824.0,10.5015,10.575745055631407,-0.0033662332963313446,65.52567214734489,0.8600000000000012,11.3381921083711,9.6648078916289,0.4307428571428574,1476036.9,4922618.0,11.24,10.57,10.62
2024-02-27,11.39,11.675,11.19,11.62,2518014.0,10.5365,10.675197907476035,0.07893385834387345,65.18518495985367,0.8899999999999988,11.496396375986249,9.576603624013751,0.4461000000000003,1566158.2,7440632.0,11.48,9.98,10.73
2024-02-28,11.54,11.72,11.495,11.7,1530363.0,10.59,10.77279810676403,0.14889617721228454,65.85956394139615,1.379999999999999,11.682018893223855,9.497981106776145,0.44288571428571466,1605818.3,8970995.0,11.62,9.76,10.32
2024-02-29,11.77,12.51,11.75,12.4,2644947.0,10.694500000000001,10.927769715643647,0.2578532707755805,70.68607048033161,1.7599999999999998,12.043471928231966,9.345528071768037,0.4828857142857146,1681172.2,11615942.0,11.7,9.83,10.64
2024-03-01,12.36,12.745,12.22,12.64,2678602.0,10.805499999999999,11.09083926653473,0.35942520644603704,70.8677683900519,1.8800000000000008,12.402002427182612,9.208997572817385,0.48431428571428586,1776294.25,14294544.0,12.4,11.24,10.76
2024-03-04,12.65,13.145,12.64,12.96,1690671.0,10.932500000000001,11.268854574483802,0.46043527768047277,72.07920772096854,2.3900000000000006,12.783677434698477,9.081322565301525,0.5003928571428571,1821494.55,15985215.0,12.64,11.48,10.57
2024-03-05,12.83,12.925,12.63,12.79,1383594.0,11.061499999999999,11.413725567390106,0.520765895703768,75.67567545541381,2.8099999999999987,13.054807486777216,9.068192513222781,0.4971785714285714,1859077.25,14601621.0,12.96,11.62,9.98
2024-03-06,12.99,13.28,12.91,13.19,1563965.0,11.2015,11.582894560972,0.5940075121257031,76.07361941410413,3.4299999999999997,13.38086036004773,9.022139639952268,0.5039642857142856,1896972.15,16165586.0,12.79,11.7,9.76
2024-03-07,13.31,13.49,13.31,13.44,973751.0,11.354,11.759761745641335,0.6645641643688514,76.69322687774795,3.6099999999999994,13.713655639461429,8.99434436053857,0.49996428571428553,1895490.3,17139337.0,13.19,12.4,9.83
2024-03-08,13.5,13.695,13.375,13.38,1027858.0,11.502500000000001,11.91407015081835,0.7074838973029234,78.7321061140594,2.1400000000000006,13.98275359484406,9.022246405155942,0.507142857142857,1890288.95,16111479.0,13.44,12.64,11.24
2024-03-11,13.42,13.67,13.41,13.51,1120428.0,11.647,12.06606346978803,0.7434183043821019,89.8419861720569,2.0299999999999994,14.24473261457798,9.04926738542202,0.4899999999999998,1900407.7,17231907.0,13.38,12.96,11.48
2024-03-12,13.5,13.71,13.46,13.59,888069.0,11.790000000000001,12.21120028218917,0.7694817801212341,94.63869432985041,1.9700000000000006,14.488124104671723,9.091875895328279,0.47142857142857125,1909326.6,18119976.0,13.51,12.79,11.62
2024-03-13,13.5,13.74,13.47,13.57,818759.0,11.9525,12.340609779123534,0.7795374171789273,94.10377327418566,1.870000000000001,14.669261810840652,9.235738189159349,0.46107142857142847,1887973.55,17301217.0,13.59,13.19,11.7
2024-03-14,13.35,13.61,13.18,13.31,873710.0,12.086,12.432932657302246,0.757791457682254,83.49514525277282,0.9100000000000001,14.79359088878891,9.378409111211091,0.40035714285714274,1888269.4,16427507.0,13.57,13.44,12.4
2024-03-15,13.17,13.37,13.0,13.04,3039795.0,12.2,12.490748594702032,0.7105798129090921,74.99999966346151,0.3999999999999986,14.864163737658163,9.535836262341835,0.37464285714285694,1982446.95,13387712.0,13.31,13.38,12.64
2024-03-18,13.03,13.15,12.975,13.01,773311.0,12.322,12.540201109492314,0.6630996979951558,73.08970065672564,0.049999999999998934,14.893746078977653,9.750253921022345,0.35249999999999976,1964916.05,12614401.0,13.04,13.51,12.96
2024-03-19,12.93,13.275,12.93,13.22,734169.0,12.484,12.604943860969236,0.6350955863068375,74.2038213252059,0.4300000000000015,14.833131082359044,10.134868917640956,0.3610714285714283,1917695.1,13348570.0,13.01,13.59,12.79
2024-03-20,13.2,13.58,13.1,13.45,896496.0,12.6685,12.685425398019785,0.6242650276146335,69.66292098304083,0.2599999999999998,14.670848883844096,10.666151116155904,0.34107142857142836,1788219.65,14245066.0,13.22,13.57,13.19
2024-03-21,13.24,13.4299,13.035,13.21,1518337.0,12.8375,12.735384883922663,0.5895201489980444,60.67415698522915,-0.22999999999999865,14.339048323704963,11.335951676295037,0.3317785714285713,1686843.65,12726729.0,13.45,13.31,13.44
2024-03-22,13.32,13.39,13.1,13.15,854442.0,12.933000000000002,12.77487203783479,0.5507938815776541,53.941908400337454,-0.23000000000000043,14.236664470878807,11.629335529121196,0.3164214285714286,1517005.25,11872287.0,13.21,13.04,13.38
2024-03-25,13.1,13.21,12.97,12.97,736549.0,13.007499999999999,12.793455653279096,0.49981698220728354,53.71900795369173,-0.5399999999999991,14.1174525831504,11.897547416849598,0.3124928571428572,1413291.5,11135738.0,13.15,13.01,13.51
2024-03-26,13.15,13.1975,12.9801,13.01,1161936.0,13.076999999999998,12.814078924395373,0.4573727740919207,45.63106765105099,-0.5800000000000001,13.974976673006209,12.179023326993788,0.30159285714285716,1345487.6,12297674.0,12.97,13.22,13.59
2024-03-27,13.19,13.33,13.04,13.27,948031.0,13.1555,12.857499979214861,0.4396472524754902,45.89371949637097,-0.3000000000000007,13.779256868963458,12.531743131036542,0.3094500000000001,1316371.0,13245705.0,13.01,13.45,13.57
2024-03-28,13.31,13.47,13.25,13.34,811765.0,13.2025,12.903452362146778,0.4263335484554922,49.038461208394956,0.02999999999999936,13.71900138839182,12.68599861160818,0.302307142857143,1224711.9,14057470.0,13.27,13.21,13.31
2024-04-01,13.4,13.47,13.2701,13.41,976836.0,13.241,12.951694994323276,0.4166281203438551,47.524752145868064,0.370000000000001,13.691538858654887,12.790461141345112,0.29801428571428595,1139623.6,15034306.0,13.34,13.15,13.04
2024-04-02,13.15,13.555,13.0601,13.38,1335830.0,13.262,12.99248594724487,0.4018830930420254,44.6700504439692,0.370000000000001,13.696249503832881,12.82775049616712,0.3155071428571431,1121881.55,13698476.0,13.41,12.97,13.01
2024-04-03,13.23,13.5,13.03,13.08,1184835.0,13.276500000000002,13.000820618935835,0.36181925552591565,39.11111086775308,-0.14000000000000057,13.660894260322106,12.892105739677898,0.32979285714285744,1111943.6,12513641.0,13.38,13.01,13.22
2024-04-04,13.25,13.42,13.1,13.15,932158.0,13.2745,13.015028179037184,0.33189095303410276,46.11650454095579,-0.29999999999999893,13.661198577025878,12.887801422974121,0.3219357142857146,1080353.25,13445799.0,13.08,13.27,13.45
2024-04-05,13.18,13.24,12.985,13.11,884858.0,13.258000000000001,13.024073114366976,0.3014697389024459,51.91256790886561,-0.10000000000000142,13.643123356861352,12.87287664313865,0.31372142857142904,1075908.6,12560941.0,13.15,13.34,13.21
2024-04-08,13.2,13.32,13.025,13.22,831434.0,13.25,13.042732817760598,0.2829748236012577,55.497381792165804,0.07000000000000028,13.631078801078901,12.868921198921099,0.32229285714285755,1066087.4,13392375.0,13.11,13.41,13.15
2024-04-09,13.31,13.355,13.085,13.11,697155.0,13.23,13.049139216069113,0.2564847982470475,46.96132560361402,0.1399999999999988,13.595282875245367,12.864717124754634,0.3169357142857146,1044923.75,12695220.0,13.22,13.38,12.97
2024-04-10,12.94,12.94,12.505,12.62,1023550.0,13.1815,13.008268814538722,0.19371930766850376,29.95169061868424,-0.39000000000000057,13.59932771569171,12.76367228430829,0.31372142857142876,1051697.8,11671670.0,13.11,13.08,13.01
2024-04-11,12.68,12.975,12.64,12.96,888199.0,13.151,13.003671784582654,0.16945892910816696,44.23963105098857,-0.3099999999999987,13.537285958980409,12.764714041019591,0.3094428571428573,1055169.8,12559869.0,12.62,13.15,13.27
2024-04-12,12.81,12.85,12.59,12.69,914120.0,13.12,12.973798281289067,0.12698190468452175,40.336134216510146,-0.6500000000000004,13.549638771160565,12.690361228839434,0.3073000000000001,1057190.3,11645749.0,12.96,13.11,13.34
2024-04-15,12.76,12.76,12.29,12.42,899772.0,13.089000000000002,12.921055587832965,0.07071664726714033,38.866396540838245,-0.9900000000000002,13.620369630493386,12.557630369506619,0.32372857142857153,950189.15,10745977.0,12.69,13.22,13.41
2024-04-16,12.31,12.34,12.1501,12.21,785737.0,13.049000000000001,12.85333600803935,0.009076164468762471,34.84848466368233,-1.17,13.710032684915403,12.3879673150846,0.32176428571428584,950810.45,9960240.0,12.42,13.11,13.38
2024-04-17,12.32,12.43,11.99,12.01,986818.0,12.988499999999998,12.773018292987983,-0.055275501700807084,25.5813952100235,-1.0700000000000003,13.79016340226211,12.186836597737887,0.33247857142857146,963442.9,8973422.0,12.21,12.62,13.08
2024-04-18,12.01,12.09,11.695,11.81,1018560.0,12.9065,12.681302265084366,-0.12101796255332076,21.77121759970595,-1.3399999999999999,13.8348890971945,11.978110902805499,0.34497857142857136,969546.1,7954862.0,12.01,12.96,13.15
2024-04-19,11.75,11.98,11.63,11.73,1020434.0,12.8325,12.590702049362045,-0.17752823008667207,19.117646960423954,-1.379999999999999,13.886472435473046,11.778527564526954,0.3556999999999998,944650.95,6934428.0,11.81,12.69,13.11
2024-04-22,11.73,12.16,11.64,12.11,1408890.0,12.7805,12.544920901803755,-0.18946616261473537,29.315960778363717,-1.1100000000000012,13.870521245568002,11.690478754431998,0.35749285714285695,972373.35,8343318.0,11.73,12.42,13.22
2024-04-23,12.1,12.48,12.08,12.17,1167780.0,12.740499999999999,12.509214149251015,-0.1918737617387709,33.922261316285656,-0.9399999999999995,13.859568691744276,11.621431308255723,0.35249285714285694,993934.9,9511098.0,12.11,12.21,13.11
2024-04-24,12.17,12.37,12.11,12.3,967389.0,12.705,12.48928899217949,-0.18120309444487148,35.2941174760839,-0.3199999999999985,13.833081743958642,11.576918256041358,0.3482071428571426,984207.55,10478487.0,12.17,12.01,12.62
2024-04-25,12.05,12.34,12.01,12.27,1020143.0,12.655000000000001,12.468404326257634,-0.17317105415148326,35.41666649450235,-0.6900000000000013,13.766158712430707,11.543841287569295,0.35356428571428544,987813.15,9458344.0,12.3,11.81,12.96
2024-04-26,12.41,12.5,12.26,12.48,998260.0,12.612,12.46950867613786,-0.1481525533419248,37.583892440881066,-0.20999999999999908,13.677153312414465,11.546846687585536,0.349635714285714,997137.9,10456604.0,12.27,11.73,12.69
2024-04-29,12.55,12.55,12.06,12.17,956366.0,12.55,12.440984040315206,-0.15159215437924445,35.2201256311064,-0.25,13.56263595578446,11.537364044215542,0.3653499999999998,996114.4,9500238.0,12.48,12.11,12.42
2024-04-30,12.04,12.125,11.84,11.95,1466583.0,12.4785,12.394223655523282,-0.1701093061287562,38.48797232342559,-0.26000000000000156,13.445280332095379,11.511719667904622,0.35463571428571417,1002652.05,8033655.0,12.17,12.17,12.21
2024-05-01,11.99,12.43,11.895,12.16,1084862.0,12.432500000000001,12.371916640711541,-0.16592634512718263,35.61151061202838,0.15000000000000036,13.36574279009446,11.499257209905542,0.3689214285714285,997653.4,9118517.0,11.95,12.3,12.01
2024-05-02,12.3,12.3,11.94,12.05,1248073.0,12.377500000000001,12.341257913024728,-0.16953312499934903,37.78625934007346,0.2400000000000002,13.261030596974212,11.49396940302579,0.3760642857142858,1013449.15,7870444.0,12.16,12.27,11.81
2024-05-03,12.29,12.2999,11.92,11.93,965185.0,12.318499999999998,12.302090492736658,-0.17999959607026916,40.080971432739446,0.1999999999999993,13.152268237392345,11.484731762607652,0.36962857142857136,1017465.5,6905259.0,12.05,12.48,11.73
2024-05-06,11.99,12.095,11.92,12.05,1316020.0,12.26,12.278081874380787,-0.17657589717429012,46.63865518783985,-0.05999999999999872,12.984459871396123,11.535540128603877,0.36856428571428573,1041694.8,8221279.0,11.93,12.17,12.11
2024-05-07,12.0,12.21,11.86,12.19,1507108.0,12.214,12.26969312443976,-0.16071316155143478,53.879310019693804,0.019999999999999574,12.818035551411134,11.609964448588867,0.36213571428571445,1082192.45,9728387.0,12.05,11.95,12.17
2024-05-08,9.805,10.44,9.025,9.28,4306415.0,12.047,11.984960445921688,-0.378590322685616,24.85089456303926,-3.0200000000000014,13.470030125064905,10.623969874935096,0.4349928571428573,1246335.7,5421972.0,12.19,12.16,12.3
2024-05-09,9.29,9.74,9.235,9.5,3546482.0,11.873999999999999,11.748297546310098,-0.5274275269343818,28.43326878180548,-2.7699999999999996,13.63162279648876,10.116377203511238,0.4460642857142859,1379249.85,8968454.0,9.28,12.05,12.27
2024-05-10,9.43,10.0,9.43,9.98,3802385.0,11.738499999999998,11.579888256185328,-0.599736708073273,29.791271268106712,-2.5,13.6429576517656,9.834042348234396,0.4496357142857145,1523663.1,12770839.0,9.5,11.93,12.48
2024-05-13,10.03,10.1,9.39,9.75,3257369.0,11.605,11.405613184167677,-0.6679021701444103,27.757352869742135,-2.42,13.675408045213395,9.534591954786606,0.4717785714285716,1641542.95,9513470.0,9.98,12.05,12.17
2024-05-14,9.85,10.015,9.58,9.6,1751690.0,11.4745,11.233650023770755,-0.7256625487285344,25.2747252099183,-2.3499999999999996,13.707020171418304,9.241979828581698,0.48427857142857167,1689840.6,7761780.0,9.75,12.19,11.95
2024-05-15,9.72,9.82,9.46,9.49,2518161.0,11.3485,11.067588116744968,-0.7714216756650618,24.90974722946997,-2.67,13.733040339683749,8.96395966031625,0.4864214285714287,1766407.75,5243619.0,9.6,9.28,12.16
2024-05-16,9.44,9.49,9.065,9.19,2724989.0,11.2175,10.888770200864496,-0.8224133349212845,20.781527479406506,-2.860000000000001,13.776758733140914,8.658241266859084,0.4996357142857145,1851729.2,2518630.0,9.49,9.5,12.05
2024-05-17,9.17,9.29,8.83,9.05,4934467.0,11.0835,10.713649229353592,-0.8641599234510569,21.428571373626397,-2.879999999999999,13.805258525968894,8.361741474031108,0.4974928571428573,2047430.85,-2415837.0,9.19,9.98,11.93
2024-05-20,8.98,9.1,8.63,8.75,4726608.0,10.9155,10.526635017034202,-0.9109510102242702,21.119133520637575,-3.3000000000000007,13.781448726907604,8.049551273092396,0.5107071428571429,2213316.75,-7142445.0,9.05,9.75,12.05
2024-05-21,8.72,8.77,8.37,8.49,3549296.0,10.7315,10.33266977731666,-0.9579702246239599,17.173524107257734,-3.6999999999999993,13.727885717563948,7.735114282436053,0.5010642857142857,2332392.55,-10691741.0,8.75,9.6,12.19
2024-05-22,8.69,9.0401,8.55,8.74,4968521.0,10.5535,10.18098694138174,-0.9639485820795208,21.1169283951768,-0.5399999999999991,13.580371061187245,7.526628938812754,0.5103571428571428,2532449.15,-5723220.0,8.49,9.49,9.28
2024-05-23,8.77,8.78,8.45,8.49,2639244.0,10.3645,10.01994056601205,-0.9775903299689013,20.64846411449173,-1.0099999999999998,13.412070041507645,7.316929958492354,0.5067928571428572,2613404.2,-8362464.0,8.74,9.19,9.5
2024-05-24,8.53,8.76,8.43,8.59,1708287.0,10.17,9.883755750201379,-0.9691604709035975,20.37671227991882,-1.3900000000000006,13.144749878915107,7.195250121084893,0.5178642857142857,2648905.55,-6654177.0,8.49,9.05,9.98
2024-05-28,8.67,8.78,8.48,8.54,2127649.0,9.9885,9.755779012086961,-0.9554999203896362,18.26086952075616,-1.2100000000000009,12.891545768988545,7.085454231011456,0.514292857142857,2707469.7,-8781826.0,8.59,8.75,9.75
2024-05-29,8.36,8.735,8.25,8.66,2268744.0,9.824,9.651419106173917,-0.9243356726998293,39.527026840074896,-0.9399999999999995,12.630296679367984,7.017703320632016,0.44786428571428555,2747577.75,-6513082.0,8.54,8.49,9.6
2024-05-30,8.67,8.929,8.63,8.7,2382267.0,9.651,9.560807762728782,-0.8861946163535759,35.611510612028354,-0.7900000000000009,12.27138888234877,7.030611117651229,0.43314999999999976,2812448.0,-4130815.0,8.66,8.74,9.49
2024-05-31,8.74,8.87,8.605,8.78,1945759.0,9.4875,9.486445118659374,-0.8398311722322749,24.789915820563508,-0.41000000000000014,11.875380584160508,7.099619415839493,0.41136428571428535,2847332.3,-2185056.0,8.7,8.49,9.19
2024-06-03,8.8,8.91,8.585,8.63,1960253.0,9.322500000000002,9.404878916882291,-0.8059016223834465,25.652173756899828,-0.41999999999999993,11.440561427467705,7.204438572532299,0.3838642857142854,2897085.7,-4145309.0,8.78,8.59,9.05
2024-06-04,8.58,8.6,8.205,8.3,2073082.0,9.135,9.299652353369693,-0.7964593630148791,23.790322446344973,-0.4499999999999993,10.86477029202091,7.405229707979089,0.38100714285714243,2934938.8,-6218391.0,8.63,8.54,8.75
2024-06-05,8.36,8.6,8.26,8.5,1171161.0,8.9505,9.223494986382104,-0.7640307060027265,30.739299443443485,0.009999999999999787,9.934786543644796,7.966213456355204,0.37957857142857104,2918141.45,-5047230.0,8.3,8.66,8.49
2024-06-06,8.54,8.63,8.38,8.47,1259448.0,8.91,9.151733559107617,-0.7323098981983573,34.3478258778828,-0.2699999999999996,9.903812435973185,7.916187564026815,0.367078571428571,2765793.1,-6306678.0,8.5,8.7,8.74
2024-06-07,8.39,8.51,8.27,8.41,1546423.0,8.855500000000001,9.081092267764035,-0.7038983261292255,35.585585361171965,-0.08000000000000007,9.832487313390782,7.87851268660922,0.35136428571428535,2665790.15,-7853101.0,8.47,8.78,8.49
2024-06-10,8.3,8.505,8.3,8.47,1318846.0,8.780000000000001,9.02289300416746,-0.6688305894078308,42.92929262575249,-0.11999999999999922,9.61401375730179,7.945986242698214,0.332435714285714,2541613.2,-6534255.0,8.41,8.63,8.59
2024-06-11,8.41,8.615,8.41,8.44,1704221.0,8.714500000000001,8.96737938472294,-0.6361270282008444,48.571428182857126,-0.09999999999999964,9.42426571375439,8.004734286245611,0.31850714285714254,2463955.8,-8238476.0,8.47,8.3,8.54
2024-06-12,8.57,8.7375,8.405,8.46,2620074.0,8.657499999999999,8.919057538558851,-0.6016598275202512,40.78947330851804,-0.1999999999999993,9.239434161586411,8.075565838413587,0.3072499999999998,2507375.0,-5618402.0,8.44,8.5,8.66
2024-06-13,8.49,8.53,8.115,8.2,1908938.0,8.593,8.850575868219913,-0.5885398285096617,40.5228754461959,-0.5,9.061282415912515,8.124717584087485,0.3133214285714283,2476913.85,-7527340.0,8.46,8.47,8.7
2024-06-14,8.14,8.15,8.0,8.12,1457786.0,8.5395,8.780997214103731,-0.5779353866547012,34.43708577343101,-0.6600000000000001,8.962943278995605,8.116056721004396,0.30046428571428546,2413553.7,-8985126.0,8.2,8.41,8.78
2024-06-17,8.11,8.1799,8.02,8.03,2040946.0,8.4885,8.709473669903376,-0.5702203920472506,33.548386793756535,-0.6000000000000014,8.89854621048984,8.07845378951016,0.2904571428571427,2268877.65,-11026072.0,8.12,8.47,8.63
2024-06-18,8.0,8.27,7.9549,8.11,2027148.0,8.4565,8.652380939436387,-0.551295876223195,31.788079175474763,-0.19000000000000128,8.880281224591211,8.032718775408789,0.27832142857142844,2133904.65,-8998924.0,8.03,8.44,8.3
2024-06-20,8.1,8.31,8.07,8.24,1622151.0,8.443999999999999,8.61310656425197,-0.5198160320470695,35.62499968828132,-0.2599999999999998,8.87823980762541,8.009760192374587,0.27410714285714277,2037547.4,-7376773.0,8.11,8.46,8.5
2024-06-21,8.26,8.355,8.14,8.26,2005656.0,8.42,8.579477367656544,-0.48763306546033824,33.11688281582059,-0.21000000000000085,8.838116075548188,8.001883924451812,0.27053571428571427,1889404.15,-5371117.0,8.24,8.2,8.47
2024-06-24,8.25,8.32,8.07,8.21,1178120.0,8.406,8.54428904692735,-0.4608500224575103,35.416666322338,-0.1999999999999993,8.832905634833825,7.979094365166175,0.26517857142857143,1816347.95,-6549237.0,8.26,8.12,8.41
2024-06-25,8.21,8.305,8.175,8.26,992850.0,8.3895,8.517213899600936,-0.43062570080154927,48.27586148632577,-0.21000000000000085,8.811947754477874,7.967052245522126,0.24625,1780576.1,-5556387.0,8.21,8.03,8.47
2024-06-26,8.24,8.47,8.23,8.45,1200350.0,8.385,8.510812575829418,-0.3868815663248615,47.826086374291094,0.009999999999999787,8.802587053641108,7.967412946358892,0.23910714285714288,1734211.15,-4356037.0,8.26,8.11,8.44
2024-06-27,8.45,8.6,8.4,8.41,1959421.0,8.3725,8.501211378131378,-0.35139107270972936,47.41379253121283,-0.05000000000000071,8.769906063048376,7.975093936951625,0.23553571428571424,1718745.0,-6315458.0,8.45,8.24,8.46
2024-06-28,8.44,8.4876,8.365,8.39,3159348.0,8.357,8.490619818309343,-0.32117611532706825,49.1071422433036,0.19000000000000128,8.723611798127878,7.990388201872119,0.22714999999999996,1757599.05,-9474806.0,8.41,8.26,8.2
2024-07-01,8.34,8.345,8.13,8.26,1451774.0,8.331,8.468656026089405,-0.30421367152482937,41.1764701038062,0.14000000000000057,8.640627960114156,8.021372039885843,0.22786428571428566,1732899.8,-10926580.0,8.39,8.21,8.12
2024-07-02,8.27,8.37,8.165,8.22,851057.0,8.3105,8.444974499795176,-0.2906480682712651,40.833332856944494,0.19000000000000128,8.589556681660179,8.03144331833982,0.22786428571428566,1677440.0,-11777637.0,8.26,8.26,8.03
2024-07-03,8.23,8.28,8.12,8.16,595623.0,8.303500000000001,8.417834071243254,-0.2814938426826483,37.90322537851192,0.05000000000000071,8.590574169767349,8.016425830232654,0.215542857142857,1603567.05,-12373260.0,8.22,8.45,8.11
2024-07-05,8.16,8.26,8.07,8.2,831896.0,8.2885,8.397087969220086,-0.2679229384068531,49.999999313725496,-0.040000000000000924,8.56343731342987,8.013562686570133,0.19947142857142847,1586603.8,-11541364.0,8.16,8.41,8.24
2024-07-08,8.27,8.28,7.96,7.97,1116638.0,8.2635,8.356412924532458,-0.27258478891368476,43.58974306815692,-0.29000000000000004,8.559101082542412,7.96789891745759,0.21161428571428553,1579463.3,-12658002.0,8.2,8.39,8.26
2024-07-09,7.95,8.01,7.775,7.85,1938116.0,8.235499999999998,8.308183122196034,-0.2827035060429015,42.49999950416667,-0.3600000000000012,8.575436526583285,7.895563473416711,0.2169785714285712,1599047.95,-14596118.0,7.97,8.26,8.21
2024-07-10,5.33,6.16,5.33,5.86,17229747.0,8.105,8.075022824844032,-0.44615602135622634,13.826366497244607,-2.3999999999999995,9.20965998579236,7.000340014207641,0.2537571428571427,2394593.0,-31825865.0,7.85,8.22,8.26
2024-07-11,5.99,6.0691,5.77,5.95,5179759.0,7.980499999999999,7.87263969866841,-0.5619532225932797,12.703583003957533,-2.499999999999999,9.432764656176415,6.528235343823583,0.2579785714285712,2568369.9,-26646106.0,5.86,8.16,8.45
2024-07-12,6.06,6.26,5.93,6.15,4769987.0,7.865,7.708578774985704,-0.6303190843391739,17.5384614629112,-2.26,9.51118218599095,6.21881781400905,0.26619285714285695,2675865.55,-21876119.0,5.95,8.2,8.41
2024-07-15,6.15,6.595,6.145,6.45,2831598.0,7.777499999999999,7.58871412974897,-0.652767334131144,24.857142757714243,-1.9400000000000004,9.531231360331674,6.023768639668324,0.28047857142857124,2721998.55,-19044521.0,6.15,7.97,8.39
2024-07-16,6.49,6.56,6.265,6.51,2519321.0,7.697,7.485979450725258,-0.6581297254732208,25.07122497122586,-1.75,9.53052522121796,5.86347477878204,0.2922642857142856,2775075.3,-16525200.0,6.45,7.85,8.26
2024-07-17,6.49,6.6,6.3,6.47,1661517.0,7.619,7.389219503037139,-0.6580218585536644,20.53571420014879,-1.7500000000000009,9.524205058724583,5.713794941275417,0.29654999999999987,2756103.85,-18186717.0,6.51,5.86,8.22
2024-07-18,6.44,6.735,6.35,6.39,2099482.0,7.5329999999999995,7.294055740843126,-0.6568202891905468,20.29411756349478,-1.7700000000000005,9.49918893989583,5.566811060104168,0.30976428571428566,2759720.55,-20286199.0,6.47,5.95,8.16
2024-07-19,6.4,6.53,6.31,6.42,1143501.0,7.442,7.210812336953304,-0.6460005948023166,21.114369414779688,-1.7799999999999994,9.43864560806639,5.445354391933611,0.31672142857142854,2735788.05,-19142698.0,6.39,6.15,8.2
2024-07-22,6.47,6.8,6.315,6.7,1945527.0,7.364,7.162163542957751,-0.6078256138520448,28.089887529983585,-1.2699999999999996,9.34793972743769,5.380060272562308,0.33600714285714284,2732781.6,-17197171.0,6.42,6.45,7.97
2024-07-23,6.68,6.93,6.67,6.9,1978778.0,7.2985,7.137195586485585,-0.5550352372085632,32.25806439472771,-0.9499999999999993,9.251088295732579,5.34591170426742,0.33993571428571423,2772814.5,-15218393.0,6.7,6.51,7.85
2024-07-24,6.82,6.9,6.53,6.54,1555627.0,7.2125,7.0803198163441,-0.5360680162620497,29.85074616469889,0.6799999999999997,9.138104484721417,5.286895515278584,0.35493571428571424,2800953.35,-16774020.0,6.9,6.47,5.86
2024-07-25,6.57,6.85,6.57,6.71,1138276.0,7.125500000000001,7.045051262406567,-0.5015373672174679,32.04819266296997,0.7599999999999998,8.971263000125388,5.279736999874613,0.36136428571428564,2797849.65,-15635744.0,6.54,6.39,5.95
2024-07-26,6.81,6.84,6.675,6.78,1025921.0,7.044,7.019808285034513,-0.4631838687780192,35.087719175130815,0.6299999999999999,8.7923273209136,5.295672679086399,0.35029285714285713,2751174.65,-14609823.0,6.71,6.42,6.15
2024-07-29,6.73,6.8299,6.65,6.67,1246138.0,6.958,6.986493210269321,-0.4366313116481022,35.17587927325067,0.21999999999999975,8.5930966493244,5.322903350675601,0.34635714285714286,2655514.15,-15855961.0,6.78,6.7,6.45
2024-07-30,6.73,6.76,6.52,6.69,1466707.0,6.8795,6.958255761672243,-0.4092567291506146,70.64676567708719,0.1800000000000006,8.397996139710633,5.361003860289367,0.3042142857142857,2656260.8,-14389254.0,6.67,6.9,6.51
2024-07-31,7.16,7.17,6.66,6.68,2643143.0,6.8025,6.931755212941553,-0.38394323312725565,68.91191659856638,0.20999999999999996,8.184868295811022,5.420131704188979,0.3192785714285714,2745865.1,-17032397.0,6.69,6.54,6.47
2024-08-01,6.67,6.67,6.34,6.35,2269246.0,6.712000000000001,6.876349954566167,-0.3860600868189783,54.85436855924213,-0.040000000000000036,7.9495799814665045,5.474420018533497,0.3192785714285714,2829546.25,-19301643.0,6.68,6.71,6.39
2024-08-02,6.19,6.31,6.05,6.15,2926127.0,6.6095,6.807173768417008,-0.3992734612039728,42.346938473032075,-0.2699999999999996,7.65244068055581,5.566559319444189,0.30570714285714284,2934257.8,-22227770.0,6.35,6.78,6.42
2024-08-05,5.88,6.015,5.74,5.9,2543771.0,6.506,6.720776266663007,-0.42501871505262745,35.813953255164975,-0.7999999999999998,7.377161354321625,5.634838645678376,0.30427857142857134,3005614.45,-24771541.0,6.15,6.67,6.7
2024-08-06,5.93,5.965,5.8,5.87,2130807.0,6.407000000000001,6.639749955552245,-0.4427391422509457,35.981308175823244,-1.0300000000000002,7.0570234813575015,5.7569765186425,0.2946357142857142,3015249.0,-26902348.0,5.9,6.69,6.9
2024-08-07,5.97,6.11,5.85,5.93,2919370.0,6.410499999999999,6.572154721690126,-0.44679088274131296,39.150943137682454,-0.6100000000000003,7.048769865380597,5.772230134619401,0.2857071428571428,2299730.15,-23982978.0,5.87,6.68,6.54
2024-08-08,5.79,5.93,5.58,5.84,3258257.0,6.404999999999999,6.50242570057678,-0.4520531764756752,36.697247470751634,-0.8700000000000001,7.0616101142273076,5.748389885772691,0.294992857142857,2203655.05,-27241235.0,5.93,6.35,6.71
2024-08-09,5.87,5.95,5.79,5.88,2530286.0,6.3915,6.44314706242661,-0.4478335698428344,28.865979173132118,-0.9000000000000004,7.080489343741839,5.702510656258161,0.27177857142857137,2091670.0,-24710949.0,5.84,6.15,6.78
2024-08-12,5.92,5.92,5.56,5.57,1799599.0,6.3475,6.359990199338362,-0.4641534384699151,17.560975489827484,-1.0999999999999996,7.127186171684562,5.567813828315439,0.27892142857142854,2040070.05,-26510548.0,5.88,5.9,6.67
2024-08-13,5.63,5.81,5.615,5.8,2092727.0,6.312,6.306657799401375,-0.4533025841220626,30.72916644259982,-0.8900000000000006,7.124497125501199,5.499502874498802,0.2664214285714285,2018740.35,-24417821.0,5.57,5.87,6.69
2024-08-14,5.8,5.81,5.57,5.58,1532496.0,6.2675,6.237452294696482,-0.4571852186309986,21.319796802803467,-1.0999999999999996,7.138914458162751,5.396085541837249,0.26356428571428564,2012289.3,-25950317.0,5.8,5.93,6.68
2024-08-15,5.7,5.7299,5.61,5.66,1724818.0,6.231,6.182456838058721,-0.4486353144055979,21.71717156361595,-0.6899999999999995,7.141104678768402,5.320895321231598,0.26034285714285704,1993556.1,-24225499.0,5.58,5.84,6.35
2024-08-16,5.58,5.95,5.58,5.9,2180484.0,6.205,6.1555561868150335,-0.4176787192058615,31.753554291682576,-0.25,7.122054782270153,5.287945217729847,0.2739214285714285,2045405.25,-22045015.0,5.66,5.88,6.15
2024-08-19,5.9,6.18,5.85,6.18,1765526.0,6.179,6.157884169023125,-0.3663289227619977,39.24050609731344,0.27999999999999936,7.065955763449418,5.292044236550582,0.2803499999999999,2036405.2,-20279489.0,5.9,5.57,5.9
2024-08-20,6.17,6.355,6.025,6.28,1940123.0,6.148,6.169514248163781,-0.3139457042107985,41.86991846090291,0.41000000000000014,6.969797772537575,5.326202227462424,0.26749285714285703,2034472.45,-18339366.0,6.18,5.8,5.87
2024-08-21,6.33,6.42,6.22,6.41,1253888.0,6.1415,6.192417653100564,-0.2589566218278394,51.327433310361045,0.4800000000000004,6.952224821898563,5.330775178101437,0.25820714285714275,2019385.5,-17085478.0,6.28,5.58,5.93
2024-08-22,6.41,6.43,6.27,6.35,1453225.0,6.1235,6.207425495662415,-0.21770925959572818,54.716980770736896,0.5099999999999998,6.896172055443647,5.350827944556353,0.25106428571428563,2035132.95,-18538703.0,6.41,5.66,5.84
2024-08-23,6.42,6.64,6.4,6.615,1427510.0,6.11525,6.246242115123137,-0.16177233182167772,66.74473024148654,0.7350000000000003,6.861478940459495,5.369021059540504,0.24856428571428563,2055212.4,-17111193.0,6.35,5.9,5.88
2024-08-26,6.66,6.69,6.52,6.55,1203265.0,6.109249999999999,6.275171437492363,-0.12128872935470358,65.66820234131113,0.9799999999999995,6.838433212845091,5.380066787154908,0.24892142857142854,2053068.75,-18314458.0,6.615,6.18,5.57
2024-08-27,6.55,6.58,6.475,6.56,947864.0,6.1027499999999995,6.302297967254995,-0.0873908786547144,64.85849013772696,0.7599999999999998,6.812186210552054,5.393313789447945,0.23784999999999995,2027126.6,-17366594.0,6.55,6.28,5.8
2024-08-28,6.55,6.61,6.515,6.55,1107911.0,6.0962499999999995,6.325888637040233,-0.060634546867828654,67.40196032175126,0.9699999999999998,6.785512573144078,5.406987426855921,0.21963571428571432,1950365.0,-18474505.0,6.56,6.41,5.58
2024-08-29,6.62,6.7,6.59,6.66,1228691.0,6.11175,6.357708766845925,-0.030205688099249173,68.48341186788258,1.0,6.837989593638886,5.385510406361114,0.21606428571428576,1898337.25,-17245814.0,6.55,6.35,5.66
2024-08-30,6.69,6.76,6.62,6.74,1178025.0,6.14125,6.394117455717741,0.00036057661016553055,81.11702067253282,0.8399999999999999,6.920060665458513,5.362439334541488,0.20035,1810932.15,-16067789.0,6.66,6.615,5.9
2024-09-03,6.69,6.714,6.445,6.46,1340910.0,6.16925,6.4003919837446235,0.0019682133365437338,67.09844510913044,0.28000000000000025,6.951798300174253,5.386701699825747,0.20563571428571434,1750789.1,-17408699.0,6.74,6.55,6.18
2024-09-04,6.42,6.56,6.34,6.51,900189.0,6.20125,6.410830842435612,0.007193931986169133,76.42045393756453,0.22999999999999954,6.984615714149918,5.417884285850082,0.20420714285714295,1689258.2,-16508510.0,6.46,6.56,6.28
2024-09-05,6.5,6.62,6.46,6.54,676848.0,6.23175,6.423132666965554,0.013599336261043149,75.73099353202693,0.1299999999999999,7.018142663402309,5.445357336597691,0.2070714285714287,1577132.1,-15831662.0,6.51,6.55,6.41
2024-09-06,6.54,6.61,6.375,6.42,1054085.0,6.26075,6.422834317730739,0.008890187632371038,66.35220067362839,0.07000000000000028,7.028880163037988,5.492619836962012,0.19742857142857156,1466923.5,-16885747.0,6.54,6.66,6.35
2024-09-09,6.45,6.49,6.27,6.32,1127093.0,6.28275,6.413040573184955,-0.0028778369340027865,54.96453846134502,-0.29499999999999993,7.02988117991444,5.53561882008556,0.18957142857142875,1396763.85,-18012840.0,6.42,6.74,6.615
2024-09-10,6.3,6.405,6.24,6.27,1101199.0,6.317749999999999,6.399417661453055,-0.016053607326374397,49.632352430255175,-0.28000000000000025,6.9856806219884025,5.649819378011596,0.17778571428571446,1361843.85,-19114039.0,6.32,6.46,6.55
2024-09-11,6.24,6.5,6.165,6.48,1282324.0,6.35175,6.407092169886097,-0.00944142051638508,52.43055504581405,-0.07999999999999918,6.976547019671039,5.726952980328961,0.18742857142857158,1321323.7,-17831715.0,6.27,6.51,6.56
2024-09-12,6.47,6.74,6.38,6.66,1277009.0,6.40575,6.431178629896944,0.010205636617320657,59.93589689801118,0.11000000000000032,6.927964666487904,5.883535333512096,0.2017142857142859,1308549.35,-16554706.0,6.48,6.54,6.55
2024-09-13,6.74,6.905,6.6901,6.77,1225634.0,6.46125,6.463447331811521,0.03425725532042634,55.51601368169094,0.10999999999999943,6.87427319292634,6.048226807073659,0.1999214285714288,1283590.15,-15329072.0,6.66,6.42,6.66
2024-09-16,6.75,6.78,6.64,6.75,1116568.0,6.503749999999999,6.490738062115185,0.05111527846042563,57.35294058607268,0.009999999999999787,6.841714105849179,6.16578589415082,0.19777857142857164,1230394.35,-16445640.0,6.77,6.32,6.74
2024-09-17,6.81,6.835,6.65,6.75,1167237.0,6.53225,6.515429675247073,0.06374062105200728,57.03703644554186,0.29000000000000004,6.850840233438556,6.213659766561444,0.2034928571428573,1200479.9,-16445640.0,6.75,6.27,6.46
2024-09-18,6.76,6.89,6.66,6.67,1277075.0,6.55175,6.530150658556876,0.06652411600571817,54.22535157805992,0.16000000000000014,6.852578242655631,6.250921757344369,0.21313571428571437,1167327.5,-17722715.0,6.75,6.48,6.51
2024-09-19,6.66,6.78,6.635,6.7,1432349.0,6.566250000000001,6.546326786313363,0.07033996970412826,51.49253677545111,0.16000000000000014,6.86626535048501,6.266234649514992,0.21563571428571437,1176250.55,-16290366.0,6.67,6.66,6.54
2024-09-20,6.7,6.7,6.575,6.62,2308008.0,6.57975,6.553343282854947,0.06614623719269197,45.52238758409446,0.20000000000000018,6.862601551171858,6.296898448828141,0.21456428571428582,1218989.7,-18598374.0,6.7,6.77,6.42
2024-09-23,6.59,6.67,6.48,6.62,1266670.0,6.58,6.5596915416306665,0.062106746054746864,57.54716905126381,0.2999999999999998,6.862991537906423,6.297008462093578,0.20892142857142865,1210947.7,-18598374.0,6.62,6.75,6.32
2024-09-24,6.65,6.74,6.62,6.64,1237641.0,6.5845,6.567339966237269,0.05982957498007657,56.31067884626261,0.3700000000000001,6.868343915596898,6.300656084403102,0.20177857142857153,1212666.5,-17360733.0,6.62,6.75,6.27
2024-09-25,6.66,6.67,6.49,6.51,668983.0,6.582000000000001,6.561879017071815,0.04699327770047734,48.672565768658465,0.02999999999999936,6.867627656040279,6.296372343959723,0.20320714285714292,1198722.45,-18029716.0,6.64,6.67,6.48
2024-09-26,6.63,6.715,6.57,6.61,998094.0,6.585000000000001,6.56646196782688,0.04437802168077187,58.55855781998217,-0.04999999999999982,6.870472830305148,6.299527169694854,0.19677857142857144,1193231.6,-17031622.0,6.51,6.7,6.66
2024-09-27,6.66,6.705,6.47,6.47,751690.0,6.5755,6.55727511374813,0.03065520831367685,56.521738442344024,-0.2999999999999998,6.863101698260688,6.287898301739312,0.19785,1169381.55,-17783312.0,6.61,6.62,6.77
2024-09-30,6.45,6.5392,6.35,6.35,1206594.0,6.556,6.537534626724498,0.009981719684128088,53.27868791319539,-0.40000000000000036,6.849465679873278,6.262534320126722,0.19957857142857144,1170810.0,-18989906.0,6.47,6.62,6.75
2024-10-01,6.33,6.585,6.33,6.49,1062184.0,6.5575,6.533007519417403,0.0048388813590296564,50.43478199470698,-0.2599999999999998,6.8492010004860076,6.265798999513993,0.19386428571428574,1156873.7,-17927722.0,6.35,6.64,6.75
2024-10-02,6.33,6.4288,6.26,6.36,1414990.0,6.55,6.516530612806222,-0.00961592224387875,36.363635900826466,-0.3099999999999996,6.854285184793046,6.245714815206954,0.18020714285714284,1182613.75,-19342712.0,6.49,6.51,6.67
2024-10-03,6.32,6.43,6.29,6.33,1016139.0,6.539499999999999,6.498765792538963,-0.02322449005520344,28.431372158785138,-0.3700000000000001,6.859333838439359,6.21966616156064,0.17485714285714282,1199578.3,-20358851.0,6.36,6.61,6.7
2024-10-04,6.42,6.6,6.345,6.6,886355.0,6.5485,6.50840714563049,-0.012083345292452918,44.0944877028954,-0.020000000000000462,6.8642797366925095,6.23272026330749,0.1830714285714285,1191191.8,-19472496.0,6.33,6.47,6.62
2024-10-07,6.58,6.5936,6.385,6.5,798710.0,6.5575,6.507606465094253,-0.011194034206821968,40.87591199104908,-0.1200000000000001,6.85562572409765,6.25937427590235,0.18475714285714284,1174772.65,-20271206.0,6.6,6.35,6.62
2024-10-08,6.54,6.606,6.48,6.52,625493.0,6.57,6.508786801751943,-0.008774271570493042,44.27480868713944,-0.1200000000000001,6.836675438452834,6.303324561547167,0.17732857142857142,1150987.35,-19645713.0,6.5,6.49,6.64
2024-10-09,6.54,6.61,6.44,6.47,1245262.0,6.5695,6.5050928206327105,-0.0107670584328039,41.35338302334783,-0.040000000000000036,6.836922394055605,6.302077605944394,0.17911428571428564,1149134.25,-20890975.0,6.52,6.36,6.51
2024-10-10,6.4,6.5,6.3282,6.5,746744.0,6.5615,6.504607790096262,-0.009812494767376556,45.31249950439454,-0.11000000000000032,6.827089711278823,6.295910288721176,0.18245714285714282,1122621.0,-20144231.0,6.47,6.33,6.61
2024-10-11,6.5,6.7053,6.5,6.68,638173.0,6.5569999999999995,6.521311810087094,0.005406180408940031,52.054794021392375,0.20999999999999996,6.810489333317183,6.303510666682816,0.18355000000000002,1093247.95,-19506058.0,6.5,6.6,6.47
2024-10-14,6.71,6.73,6.605,6.62,748867.0,6.5504999999999995,6.530710685316895,0.012481710186443173,49.33333287288891,0.27000000000000046,6.78939878940521,6.311601210594789,0.18390714285714285,1074862.9,-20254925.0,6.68,6.5,6.35
2024-10-15,6.63,6.795,6.6,6.79,716254.0,6.552499999999999,6.555404905762905,0.03144422827169979,59.09090855371902,0.2999999999999998,6.798980489246663,6.306019510753336,0.18497857142857146,1052313.75,-19538671.0,6.62,6.52,6.49
2024-10-16,6.8,6.89,6.765,6.86,906681.0,6.562,6.584413962356914,0.051526608785382066,58.278145155037066,0.5,6.8401593636376,6.283840636362401,0.18355000000000007,1033794.05,-18631990.0,6.79,6.47,6.36
2024-10-17,6.87,6.9,6.77,6.89,508814.0,6.5715,6.613517394513398,0.06906663216457698,64.99999935000002,0.5599999999999996,6.880745261207466,6.262254738792534,0.1760500000000001,987617.3,-18123176.0,6.86,6.5,6.33
2024-10-18,6.92,7.04,6.895,6.98,1097849.0,6.589499999999999,6.648420499797836,0.08920121877585263,72.99269998401624,0.3800000000000008,6.948532325183459,6.2304676748165395,0.17289285714285724,927109.35,-17025327.0,6.89,6.68,6.6
2024-10-21,6.98,7.01,6.855,6.91,623531.0,6.603999999999999,6.673332833150423,0.09837559610644409,66.15384544142013,0.41000000000000014,6.990585593436895,6.217414406563104,0.16575000000000006,894952.4,-17648858.0,6.98,6.62,6.5
2024-10-22,6.93,6.97,6.78,6.9,816502.0,6.617,6.694920182374192,0.1036446883614035,72.88135506750938,0.3800000000000008,7.0255455588848505,6.208454441115149,0.16726428571428573,873895.45,-18465360.0,6.91,6.79,6.52
2024-10-23,6.88,6.955,6.825,6.92,679096.0,6.6375,6.716356355481412,0.1081872000897679,75.21367431368257,0.4500000000000002,7.0641824284373165,6.210817571562684,0.16655000000000003,874401.1,-17786264.0,6.9,6.86,6.47
2024-10-24,6.94,7.1199,6.905,6.99,726662.0,6.656499999999999,6.742417654959373,0.11609729104391509,70.10309177170801,0.4900000000000002,7.110964404257544,6.202035595742455,0.16368571428571435,860829.5,-17059602.0,6.92,6.89,6.5
2024-10-25,7.04,7.09,6.9,6.91,649084.0,6.6785,6.758377878296575,0.11458984331812871,71.57894631357344,0.23000000000000043,7.137527576284688,6.219472423715311,0.16235714285714284,855699.2,-17708686.0,6.99,6.98,6.68
2024-10-28,7.01,7.14,6.96,7.11,893916.0,6.716499999999999,6.791865699411187,0.12805734332397467,76.10619374735693,0.4900000000000002,7.186719433658152,6.246280566341846,0.1662142857142857,840065.3,-16814770.0,6.91,6.91,6.62
2024-10-29,7.06,7.21,7.02,7.19,832203.0,6.7515,6.829783251848217,0.1435312268803255,81.03448178061835,0.40000000000000036,7.253842931723888,6.249157068276112,0.16764285714285718,828566.25,-15982567.0,7.11,6.9,6.79
2024-10-30,7.17,7.38,7.165,7.24,715756.0,6.7955,6.868851513576958,0.15800756041438646,81.35593123814999,0.3799999999999999,7.3075228202154365,6.283477179784563,0.17072857142857142,793604.55,-15266811.0,7.19,6.92,6.86
2024-10-31,7.23,7.3,7.13,7.18,956042.0,6.837999999999999,6.898484702760105,0.16276243642642907,73.58490468850124,0.29000000000000004,7.327966701339353,6.348033298660646,0.16820714285714283,790599.7,-16222853.0,7.24,6.99,6.89
2024-11-01,7.23,7.41,7.21,7.25,1223155.0,6.8705,6.931962350116286,0.17021696963891753,79.43925129705649,0.2699999999999996,7.3798432303624955,6.361156769637504,0.1735642857142857,807439.7,-14999698.0,7.18,6.91,6.98
2024-11-04,7.19,7.23,7.0612,7.15,1105838.0,6.9030000000000005,6.952727840581401,0.16614041338508745,67.999999048,0.2400000000000002,7.3954738838924365,6.410526116107564,0.17169285714285712,822796.1,-16105536.0,7.25,7.11,6.91
2024-11-05,7.11,7.56,7.11,7.56,1180135.0,6.955,7.010563284335554,0.19375974494220483,76.11940218979727,0.6599999999999993,7.494570979673269,6.415429020326731,0.19490714285714278,850528.2,-14925401.0,7.15,7.19,6.9
2024-11-06,7.9,8.17,7.79,8.15,2307094.0,7.039,7.119081066779787,0.2602562611766581,83.15789412409973,1.2300000000000004,7.754921195310658,6.323078804689342,0.21276428571428557,903619.8,-12618307.0,7.56,7.24,6.92
2024-11-07,9.12,9.305,8.4,9.22,2739628.0,7.175,7.319168584229331,0.39474491336903483,88.88888845679011,2.2300000000000004,8.34757252048211,6.0024274795178885,0.2670499999999998,1003264.0,-9878679.0,8.15,7.18,6.99
2024-11-08,8.58,8.75,8.43,8.49,1761894.0,7.2655,7.430676338112252,0.4373813797495867,72.31638389479396,1.58,8.551153223278583,5.979846776721418,0.27883571428571413,1059450.05,-11640573.0,9.22,7.25,6.91
2024-11-11,8.51,8.7048,8.365,8.39,1711048.0,7.353999999999999,7.522040496387276,0.4578244074865374,70.5234157059703,1.2800000000000002,8.695050648598162,6.012949351401836,0.2895357142857142,1107559.1,-13351621.0,8.49,7.15,7.11
2024-11-12,8.39,8.515,8.34,8.42,1255894.0,7.4355,7.607560449112297,0.4710168148874141,70.60439533284024,1.2299999999999995,8.829313020760816,6.041686979239184,0.29274999999999995,1134541.1,-12095727.0,8.39,7.56,7.19
2024-11-13,8.42,8.485,8.17,8.2,1620499.0,7.5025,7.663983263482554,0.4584351760718173,65.9630604423528,0.9599999999999991,8.908605109494895,6.096394890505106,0.29989999999999994,1170232.0,-13716226.0,8.42,8.15,7.24
2024-11-14,8.2,8.21,7.975,7.99,1428035.0,7.5575,7.695032476484216,0.4266012975004623,63.77550997631196,0.8100000000000005,8.948703568289462,6.166296431710538,0.3031142857142858,1216193.05,-15144261.0,8.2,9.22,7.18
2024-11-15,7.97,7.98,7.57,7.73,1187452.0,7.595000000000001,7.6983627168190525,0.3760579305571907,57.7889445203404,0.4800000000000004,8.960861979618986,6.229138020381014,0.31954285714285724,1220673.2,-16331713.0,7.99,8.49,7.25
2024-11-18,7.82,8.0,7.72,7.73,1486939.0,7.636000000000001,7.701375791407714,0.33217286607961594,56.923076718737676,0.5800000000000001,8.96398858587369,6.308011414126312,0.32597142857142863,1263843.6,-16331713.0,7.73,8.39,7.15
2024-11-19,7.52,7.63,7.44,7.54,1325719.0,7.668000000000001,7.686006668416503,0.2788478398812435,53.71287110099499,-0.019999999999999574,8.95140993163987,6.384590068360133,0.32418571428571435,1289304.45,-17657432.0,7.73,8.42,7.56
2024-11-20,7.57,7.73,7.49,7.63,1119060.0,7.7035,7.680672699995884,0.24107070722002533,55.52825533724925,-0.5200000000000005,8.93814505873263,6.46885494126737,0.32918571428571436,1311302.65,-16538372.0,7.54,8.2,8.15
2024-11-21,7.65,7.83,7.585,7.76,1145083.0,7.742,7.688227680948657,0.21909636445441638,56.17433395001436,-1.4600000000000009,8.93010951116746,6.55389048883254,0.3324000000000001,1332223.7,-15393289.0,7.63,7.99,9.22
2024-11-22,7.84,7.9,7.765,7.83,879671.0,7.788000000000001,7.701729806572595,0.20496721995764489,58.292682727781084,-0.6600000000000001,8.909870618302659,6.666129381697343,0.3299857142857144,1343753.05,-14513618.0,7.76,7.73,8.49
2024-11-25,7.93,8.14,7.86,7.91,2157648.0,7.828,7.72156506308949,0.19794333501049266,54.64190961140936,-0.4800000000000004,8.904203854686632,6.751796145313369,0.3178428571428573,1406939.65,-12355970.0,7.83,7.73,8.39
2024-11-26,7.9,7.965,7.85,7.94,2139604.0,7.8655,7.742368390414301,0.192577689140089,46.72897175881445,-0.47999999999999954,8.899541127147192,6.831458872852808,0.2989142857142859,1472309.7,-10216366.0,7.91,7.54,8.42
2024-11-27,7.95,8.045,7.86,7.94,1103465.0,7.900499999999999,7.7611904484700815,0.18617921799786163,20.093457812472707,-0.2599999999999989,8.89190463883068,6.909095361169319,0.2474857142857145,1491695.15,-10216366.0,7.94,7.63,8.2
2024-11-29,7.92,8.0,7.9,7.93,447458.0,7.938000000000001,7.777267548615788,0.1782467495189355,30.281689842293176,-0.0600000000000005,8.869588343693456,7.006411656306546,0.23177142857142874,1466265.95,-10663824.0,7.94,7.76,7.99
2024-12-02,7.96,7.98,7.685,7.98,986203.0,7.974500000000001,7.79657540112857,0.17398915456228625,35.03649599232779,0.25,8.847980033212725,7.101019966787277,0.2285714285714288,1454418.35,-9677621.0,7.93,7.83,7.73
2024-12-03,7.96,8.02,7.82,7.96,877761.0,8.015,7.812139648640135,0.16707520803428988,33.08823495350349,0.22999999999999954,8.797936442940587,7.232063557059415,0.23035714285714295,1443014.5,-10555382.0,7.98,7.91,7.73
2024-12-04,8.02,8.23,7.965,8.2,910639.0,8.047,7.849078729722026,0.17889960653186776,49.99999949275363,0.6599999999999993,8.803504426536069,7.290495573463932,0.22678571428571445,1429539.7,-9644743.0,7.96,7.94,7.54
2024-12-05,8.17,8.21,7.98,8.05,661605.0,8.042,7.868214088796119,0.17415918248831908,52.27272671831958,0.4200000000000008,8.796958346707553,7.287041653292446,0.22642857142857156,1347265.25,-10306348.0,8.2,7.94,7.63
2024-12-06,8.11,8.32,8.1,8.2,787069.0,7.991,7.899812747006012,0.18042626698422648,69.42148680008194,0.4399999999999995,8.512653242358757,7.469346757641241,0.21285714285714302,1249637.3,-9519279.0,8.05,7.93,7.76
2024-12-09,8.23,8.33,8.075,8.17,1025526.0,7.975,7.9255448663387735,0.18088707373191504,67.74193471904267,0.33999999999999986,8.449729840069992,7.5002701599300075,0.21107142857142877,1212818.9,-10544805.0,8.2,7.98,7.83
2024-12-10,8.18,8.23,8.04,8.11,922314.0,7.961,7.943112021925557,0.17440038871963193,75.67567472120771,0.1999999999999993,8.39931735679004,7.5226826432099605,0.21107142857142888,1173382.2,-11467119.0,8.17,7.96,7.91
2024-12-11,8.21,8.515,8.09,8.47,1153739.0,7.963499999999999,7.993291829361218,0.19604870799806484,80.43478179269064,0.5300000000000002,8.413261340221837,7.513738659778161,0.22428571428571464,1168274.45,-10313380.0,8.11,8.2,7.94
2024-12-12,8.42,8.47,8.25,8.28,864431.0,7.967499999999999,8.020597369422054,0.195618773438472,68.0555548939043,0.33999999999999897,8.427425623277957,7.507574376722042,0.2225000000000004,1130471.05,-11177811.0,8.47,8.05,7.94
2024-12-13,8.28,8.28,8.01,8.07,1174112.0,7.971500000000001,8.02530238185805,0.17630051959905746,57.59493619852589,0.14000000000000057,8.433635774079933,7.509364225920067,0.23214285714285746,1117774.9,-12351923.0,8.28,8.2,7.93
2024-12-16,8.0,8.19,7.9,8.12,1565015.0,7.991,8.034321202633473,0.1631446167949635,56.77419303558791,0.1399999999999988,8.443031670991308,7.538968329008691,0.2328571428571431,1136653.05,-10786908.0,8.07,8.17,7.98
2024-12-17,8.03,8.18,7.845,8.17,1367111.0,8.013,8.047242992858857,0.15496669161460108,57.32484025315428,0.20999999999999996,8.454247036668427,7.571752963331574,0.2485714285714288,1130661.65,-9419797.0,8.12,8.11,7.96
2024-12-18,8.18,8.23,7.61,7.68,2189671.0,8.02,8.012267469729442,0.10770516400478503,43.68932009143179,-0.5199999999999996,8.433203148711998,7.606796851288001,0.2796428571428574,1173859.25,-11609468.0,8.17,8.47,8.2
2024-12-19,7.76,7.84,7.45,7.75,1865973.0,8.026,7.9872896154694955,0.07503353794005463,45.7547166789783,-0.3000000000000007,8.418315662378669,7.63368433762133,0.3003571428571431,1211204.9,-9743495.0,7.68,8.28,8.05
2024-12-20,7.61,7.82,7.61,7.76,2756859.0,8.026,7.965642985424782,0.04937874785583407,44.7115381605954,-0.4399999999999995,8.418315662378669,7.63368433762133,0.2942857142857145,1291793.7,-6986636.0,7.75,8.07,8.2
2024-12-23,7.76,7.8,7.66,7.77,896608.0,8.023,7.947010320146231,0.029513841119127804,45.41062771219864,-0.40000000000000036,8.422478607556128,7.623521392443871,0.2900000000000002,1292640.55,-6090028.0,7.76,8.12,8.17
2024-12-24,7.79,7.86,7.71,7.83,543896.0,8.019,7.9358664801323044,0.018400152466501396,40.21163991377623,-0.27999999999999936,8.424794866508261,7.61320513349174,0.2817857142857145,1211952.95,-5546132.0,7.77,8.17,8.11
2024-12-26,7.77,7.935,7.75,7.91,735245.0,8.0175,7.9334030058339895,0.015864924576644235,46.153845798816555,-0.5600000000000005,8.424743622935091,7.610256377064909,0.27857142857142875,1141735.0,-4810887.0,7.83,7.68,8.47
2024-12-27,7.84,7.955,7.7,7.82,924693.0,8.0115,7.922602719564086,0.006518350878593537,39.20454514269116,-0.4599999999999991,8.427003499257207,7.595996500742793,0.2810714285714287,1132796.4,-5735580.0,7.91,7.75,8.28
2024-12-30,7.7,7.71,7.5,7.64,1264085.0,7.997,7.895688174843697,-0.015237720832162793,36.125654185466416,-0.4300000000000006,8.44355877199127,7.5504412280087285,0.2778571428571429,1173627.75,-6999665.0,7.82,7.76,8.07
2024-12-31,7.7,7.7,7.46,7.51,1288164.0,7.9735,7.858955967715725,-0.042479797291215426,34.848484602081456,-0.6099999999999994,8.470449642688942,7.476550357311056,0.2814285714285714,1188725.8,-8287829.0,7.64,7.77,8.12
2025-01-02,7.59,7.645,7.435,7.56,1058728.0,7.9535,7.830483970790418,-0.05935060024584615,22.754490827207846,-0.6100000000000003,8.483813710532921,7.423186289467078,0.26607142857142846,1197774.15,-7229101.0,7.51,7.83,8.17
2025-01-03,7.61,7.73,7.57,7.73,658327.0,7.9300000000000015,7.820914068810378,-0.05833085213058098,33.33333305050509,0.05000000000000071,8.455957772970054,7.404042227029949,0.2617857142857142,1185158.55,-6570774.0,7.56,7.91,7.68
2025-01-06,7.8,8.11,7.765,7.94,1059174.0,7.9245,7.832255586066532,-0.04011502836927505,46.0606056697888,0.1900000000000004,8.447466236205337,7.4015337637946645,0.267142857142857,1205037.0,-5511600.0,7.73,7.82,7.75
2025-01-07,8.0,8.03,7.575,7.77,983992.0,7.9030000000000005,7.826326482631624,-0.03894747381703123,40.1129940330046,0.009999999999999787,8.41348377467925,7.39251622532075,0.2789285714285713,1214883.15,-6495592.0,7.94,7.64,7.76
2025-01-08,7.77,7.86,7.63,7.72,1338459.0,7.8805,7.816200150952422,-0.041577481232598856,37.288135298285944,-0.04999999999999982,8.381003956554355,7.379996043445643,0.27142857142857135,1230529.8,-7834051.0,7.77,7.51,7.77
2025-01-10,7.55,7.605,7.3411,7.52,747001.0,7.851000000000001,7.787990612766477,-0.05911862685752567,44.59459417275384,-0.3100000000000005,8.363944031008861,7.33805596899114,0.2459928571428571,1221764.15,-8581052.0,7.72,7.56,7.83
2025-01-13,7.855,8.22,7.75,7.88,1486475.0,7.8215,7.796753411550623,-0.043470024405752206,53.67231595965399,-0.03000000000000025,8.244535397299886,7.398464602700115,0.25170714285714285,1238400.95,-7094577.0,7.52,7.73,7.91
2025-01-14,7.97,7.97,7.82,7.92,1037895.0,7.8035,7.808491181879135,-0.027523455255153095,54.44444402098765,0.09999999999999964,8.171440212534932,7.435559787465067,0.24742142857142854,1247074.15,-6056682.0,7.88,7.94,7.82
2025-01-15,8.05,8.105,7.9,8.05,1181933.0,7.802499999999999,7.83149202170017,-0.004345676516023467,57.29166624891494,0.41000000000000103,8.167487382622927,7.437512617377071,0.25206428571428574,1247465.2,-4874749.0,7.92,7.77,7.64
2025-01-16,8.1,8.21,7.92,8.17,1053196.0,7.8050000000000015,7.863730876776344,0.023435724792591373,58.585858171615136,0.6600000000000001,8.179699879904241,7.430300120095763,0.26206428571428575,1221874.25,-3821553.0,8.05,7.72,7.51
2025-01-17,8.3,8.31,8.07,8.2,960803.0,7.8065,7.8957565075595495,0.04732786855526605,57.512952950683214,0.6399999999999997,8.18753874647605,7.425461253523948,0.26599285714285725,1201558.85,-2860750.0,8.17,7.52,7.56
2025-01-21,8.28,8.31,8.1,8.19,1363137.0,7.831999999999999,7.923779697315783,0.06470971488151811,59.99999954594592,0.4599999999999991,8.244366724881777,7.419633275118221,0.2627785714285716,1160232.15,-4223887.0,8.2,7.88,7.73
2025-01-22,8.19,8.45,8.175,8.28,2228686.0,7.858499999999999,7.957705440428565,0.08477002508149845,68.18181763946279,0.33999999999999897,8.314490535451451,7.4025094645485465,0.26742142857142864,1178367.8,-1995201.0,8.19,7.92,7.94
2025-01-23,8.22,8.585,8.175,8.56,1352191.0,7.8985,8.015066827054417,0.12185693449650437,77.48691042679751,0.7900000000000009,8.448725790973924,7.348274209026076,0.27956428571428577,1108134.4,-643010.0,8.28,8.05,7.77
2025-01-24,8.53,8.561,8.375,8.43,1580095.0,7.9315,8.054584272096854,0.1391545765225466,71.85929597686925,0.71,8.526612550169016,7.336387449830984,0.27785000000000004,1142308.75,-2223105.0,8.56,8.17,7.72
2025-01-27,8.36,9.05,8.32,9.0,3985164.0,7.99,8.144623865230487,0.19659113849140297,76.56903720838217,1.4800000000000004,8.750221574348894,7.229778425651107,0.3185642857142858,1314372.15,1762059.0,8.43,8.2,7.52
2025-01-28,9.0,9.325,8.93,9.25,2549181.0,8.057,8.249897782827583,0.2592939589685237,76.95473206692745,1.37,9.001415162944902,7.112584837055098,0.32213571428571436,1405068.95,4311240.0,9.0,8.19,7.88
2025-01-29,9.31,9.37,9.02,9.11,2816767.0,8.121500000000001,8.331812279701147,0.2942970922885664,77.91666621215276,1.1899999999999995,9.168405716360176,7.074594283639826,0.3146357142857144,1499672.65,1494473.0,9.25,8.28,7.92
2025-01-30,9.21,9.32,9.0,9.16,4209436.0,8.1975,8.41068730068199,0.32235599056166286,79.99999953333331,1.1099999999999994,9.315503389506315,7.079496610493684,0.3210642857142858,1646940.2,5703909.0,9.11,8.56,8.05
2025-01-31,9.2,9.315,8.91,8.99,2123169.0,8.2715,8.465859938712278,0.32710463176637816,81.01265774929229,0.8200000000000003,9.393814807135692,7.149185192864306,0.3311428571428571,1688690.45,3580740.0,9.16,8.43,8.17
2025-02-03,8.78,8.9,8.54,8.86,1404654.0,8.3365,8.503397087406347,0.31672701867302067,72.89719578478466,0.6600000000000001,9.435653262624042,7.237346737375956,0.32328571428571434,1705986.75,2176086.0,8.99,9.0,8.2
2025-02-04,8.83,9.095,8.78,9.07,981985.0,8.403500000000001,8.557359269558123,0.3217391221620076,74.89177443788532,0.8800000000000008,9.51032618803792,7.296673811962083,0.33507142857142874,1722169.65,3158071.0,8.86,9.25,8.19
2025-02-05,9.15,9.415,9.08,9.16,1370880.0,8.4645,8.614753624838302,0.32917892834668727,74.4493387478895,0.8800000000000008,9.59792471251848,7.331075287481519,0.344357142857143,1737754.95,4528951.0,9.07,9.11,8.28
2025-02-06,9.2,9.33,9.105,9.23,854133.0,8.5375,8.673348517710846,0.33684055509141864,73.87387340800257,0.6699999999999999,9.6706534945035,7.4043465054965,0.33971428571428575,1731262.0,5383084.0,9.16,9.16,8.56
2025-02-07,9.23,9.235,9.0493,9.1,846067.0,8.6065,8.713981992214574,0.32863424493311477,69.39655130536559,0.6699999999999999,9.697328270531022,7.515671729468979,0.3358357142857142,1706642.4,4537017.0,9.23,8.99,8.43
2025-02-10,9.19,9.305,9.12,9.22,1857841.0,8.6915,8.762174183432233,0.3280323296246639,71.19341522769221,0.22000000000000064,9.68658846472653,7.696411535273469,0.3340499999999999,1762184.4,6394858.0,9.1,8.86,9.0
2025-02-11,9.47,9.6,9.22,9.3,2566344.0,8.7625,8.81339568977202,0.330204249771894,71.07437975411513,0.05000000000000071,9.715542220305288,7.8094577796947116,0.3415499999999999,1816177.85,8961202.0,9.22,9.07,9.25
2025-02-12,9.12,9.255,9.0074,9.23,2051058.0,8.828,8.853072290746114,0.3225588396334338,65.15837062795597,0.120000000000001,9.715019847876324,7.940980152123676,0.3299499999999999,1866836.0,6910144.0,9.3,9.16,9.11
2025-02-13,9.28,9.3,8.815,9.08,2108226.0,8.8795,8.874684453532199,0.3009271497570527,64.57399062599285,-0.08000000000000007,9.69287438780494,8.06612561219506,0.3513071428571429,1913150.65,4801918.0,9.23,9.23,9.16
2025-02-14,9.13,9.205,8.965,9.18,1422052.0,8.93,8.90376212462437,0.2885270833324558,55.11363592523242,0.1899999999999995,9.680915231041922,8.179084768958077,0.31630714285714284,1931593.45,6223970.0,9.08,9.1,8.99
2025-02-18,9.18,9.205,8.99,9.18,1022206.0,8.979,8.930070493707763,0.27552387364557873,47.68211876321214,0.3200000000000003,9.653338662379047,8.304661337620951,0.30345000000000005,1934663.6,6223970.0,9.18,9.22,8.86
2025-02-19,9.1,9.16,8.89,9.05,1466621.0,9.022,8.941492351449881,0.2518259301741441,47.99999955200005,-0.019999999999999574,9.584984528160039,8.459015471839962,0.2977357142857143,1939837.8,4757349.0,9.18,9.3,9.07
2025-02-20,8.97,8.98,8.735,8.85,1905799.0,9.0505,8.93277879416894,0.21443493822160598,40.60606026152435,-0.3100000000000005,9.501999256862712,8.599000743137287,0.2923785714285715,1923693.45,2851550.0,9.05,9.23,9.16
2025-02-21,8.91,8.931,8.66,8.67,1704161.0,9.056000000000001,8.907752242343326,0.1683373241480055,40.36144544273481,-0.5600000000000005,9.484431656405942,8.62756834359406,0.2828071428571429,1941291.95,1147389.0,8.85,9.08,9.23
2025-02-24,8.75,9.015,8.53,8.91,4072915.0,9.08,8.907966314501104,0.14944788492625882,51.41242897187911,-0.1899999999999995,9.401116473376712,8.758883526623288,0.2917357142857143,2065932.95,5220304.0,8.67,9.18,9.1
2025-02-25,9.0,9.1,8.795,9.0,1663367.0,9.08,8.916731427405761,0.14012484411234105,47.878787472543614,-0.22000000000000064,9.401116473376712,8.758883526623288,0.2910214285714285,1949843.1,6883671.0,8.91,9.18,9.22
2025-02-26,9.01,9.19,8.83,8.85,4237073.0,9.059999999999999,8.910376053367116,0.11925779112009849,40.935672179474025,-0.45000000000000107,9.38631918504208,8.733680814957918,0.2928071428571428,2034237.7,2646598.0,9.0,9.05,9.3
2025-02-27,9.66,10.6,9.5,10.02,9532872.0,9.105500000000001,9.01605452447501,0.19488323061483648,64.05693918263444,0.7899999999999991,9.64518704381648,8.565812956183523,0.3553071428571428,2370042.95,12179470.0,8.85,8.85,9.23
2025-02-28,10.01,10.25,9.83,10.16,5568113.0,9.1555,9.125001712620247,0.2630811307247889,68.79432589960263,1.08,9.872584007410861,8.438415992589139,0.3720428571428572,2437976.8,17747583.0,10.02,8.67,9.08
2025-03-03,10.22,10.375,9.9,9.95,4436874.0,9.2035,9.203572978084985,0.2967623216288846,62.542955025566506,0.7699999999999996,9.998253189096562,8.408746810903438,0.39275714285714286,2553662.05,13310709.0,10.16,8.91,9.18
2025-03-04,9.93,10.205,9.73,10.105,2990921.0,9.26575,9.28942317064832,0.33213348462635217,63.48408680442973,0.9250000000000007,10.138430534783309,8.393069465216692,0.39954285714285714,2632975.4,16301630.0,9.95,9.0,9.18
2025-03-05,10.03,10.295,9.99,10.26,3701550.0,9.32525,9.381859059158003,0.36842560965711435,66.77524399516173,1.209999999999999,10.298240371564951,8.35225962843505,0.40364285714285714,2768953.65,20003180.0,10.105,8.85,9.05
2025-03-06,10.22,10.29,9.87,9.91,2380902.0,9.36275,9.432158196381051,0.36474080038312806,62.69113123006855,1.0600000000000005,10.366256877221968,8.359243122778032,0.3989999999999999,2819454.75,17622278.0,10.26,10.02,8.85
2025-03-07,9.92,10.0,9.52,9.77,2354183.0,9.389750000000001,9.464333606249523,0.34652916006438694,58.91238645777238,1.0999999999999996,10.40717955271461,8.372320447285393,0.41614285714285704,2894457.25,15268095.0,9.91,10.16,8.67
2025-03-10,9.61,9.7,9.16,9.26,3488203.0,9.39775,9.444873262797188,0.28762796995637885,51.04712023176448,0.34999999999999964,10.40807811241549,8.38742188758451,0.4393571428571427,3026564.05,11779892.0,9.77,9.95,8.91
2025-03-11,9.29,9.385,9.075,9.26,1696021.0,9.399750000000001,9.427266285387931,0.23820250226541617,52.8455282547866,0.2599999999999998,10.408754068637249,8.390745931362753,0.4422142857142856,3018473.05,11779892.0,9.26,10.105,9.0
2025-03-12,9.42,9.42,9.145,9.18,1844221.0,9.39375,9.403717115350986,0.19038252043044146,54.62184852529247,0.33000000000000007,10.406671127495386,8.380828872504615,0.44435714285714273,2982366.9,9935671.0,9.26,10.26,8.85
2025-03-13,9.17,9.17,8.71,8.98,1987694.0,9.38125,9.363363104365177,0.13479270536964272,54.3175485346948,-1.0399999999999991,10.40874503776504,8.353754962234959,0.45785714285714274,2979198.7,7947977.0,9.18,9.91,10.02
2025-03-14,9.05,9.315,9.05,9.3,1610300.0,9.39225,9.357328522997065,0.11523039778218447,55.313351287633,-0.8599999999999994,10.41083764447341,8.37366235552659,0.44214285714285684,2954302.4,9558277.0,8.98,9.77,10.16
2025-03-17,9.26,9.57,9.25,9.56,1863897.0,9.411249999999999,9.376630568425917,0.11933137733295318,57.291666457790804,-0.3899999999999988,10.427340935632184,8.395159064367814,0.44321428571428545,2976394.65,11422174.0,9.3,9.26,9.95
2025-03-18,9.49,9.5384,9.34,9.39,1116472.0,9.42175,9.377903847623449,0.10762324020226899,56.9948184461328,-0.7149999999999999,10.4321031170105,8.411396882989498,0.4316714285714283,2981107.95,10305702.0,9.56,9.26,10.105
2025-03-19,9.39,9.7,9.375,9.53,2862522.0,9.44575,9.392389195468834,0.10839181378703522,41.342755979223114,-0.7300000000000004,10.44162187402491,8.44987812597509,0.37631428571428543,3050903.0,13168224.0,9.39,9.18,10.26
2025-03-20,9.46,9.635,9.36,9.42,1004450.0,9.474250000000001,9.395018795900373,0.09898380945843677,36.78571410178571,-0.4900000000000002,10.430158358303185,8.518341641696818,0.3659571428571426,3005835.55,12163774.0,9.53,8.98,9.91
2025-03-21,9.31,9.36,9.205,9.32,2362889.0,9.50675,9.387874148671767,0.08250763729832755,38.289962626000204,-0.4499999999999993,10.388878257771,8.624621742229001,0.34309999999999974,3038771.95,9800885.0,9.42,9.3,9.77
2025-03-24,9.59,9.59,9.25,9.27,1558513.0,9.524750000000001,9.376648039274455,0.06467009344299157,33.849129410488246,0.009999999999999787,10.369507673132356,8.679992326867646,0.3334571428571426,2913051.85,8242372.0,9.32,9.56,9.26
2025-03-25,9.28,9.42,9.265,9.36,1466734.0,9.54275,9.375062511724506,0.057137315853278636,32.1428569642857,0.09999999999999964,10.35515043924435,8.73034956075565,0.3227428571428569,2903220.2,9709106.0,9.27,9.39,9.26
2025-03-26,9.39,9.41,9.07,9.17,1427250.0,9.55875,9.355532748703125,0.035427734370133024,34.32203369469978,-0.009999999999999787,10.324997692535508,8.792502307464492,0.31702857142857116,2762729.05,8281856.0,9.36,9.53,9.18
2025-03-27,9.19,9.34,9.08,9.19,1603796.0,9.51725,9.339767725017113,0.019610509739520054,37.05357119698658,0.20999999999999908,10.268063418549435,8.766436581450566,0.30131428571428537,2366275.25,9885652.0,9.17,9.42,8.98
2025-03-28,9.2,9.36,8.75,8.81,1581693.0,9.44975,9.289313655967865,-0.02331877462622778,39.33649262999483,-0.4900000000000002,10.199995398449694,8.699504601550306,0.30631428571428543,2166954.25,8303959.0,9.19,9.32,9.3
2025-03-31,8.67,8.7,8.495,8.61,1629739.0,9.38275,9.224617117304259,-0.07264150426176919,35.93073571297387,-0.9500000000000011,10.182588635041762,8.582911364958237,0.29881428571428537,2026597.5,6674220.0,8.81,9.27,9.56
2025-04-01,8.51,8.73,8.415,8.72,1674947.0,9.3135,9.176558344227663,-0.10168191632082113,40.17093993060123,-0.6699999999999999,10.089516141991767,8.537483858008232,0.3016714285714283,1960798.8,8349167.0,8.61,9.36,9.39
2025-04-02,8.53,8.895,8.51,8.87,1710947.0,9.244,9.147362311444077,-0.11130979566827293,47.598252984115454,-0.6600000000000001,9.903294678944416,8.584705321055583,0.2963142857142855,1861268.65,10060114.0,8.72,9.17,9.53
2025-04-03,8.34,8.46,8.16,8.23,2226213.0,9.16,9.059994472258927,-0.16863864933743677,29.501915550564405,-1.1899999999999995,9.886665057136621,8.433334942863379,0.29881428571428564,1853534.2,7833901.0,8.87,9.19,9.42
2025-04-04,7.98,8.21,7.65,7.84,2693581.0,9.0635,8.943804522519981,-0.24274372102310693,18.61313859102772,-1.4800000000000004,9.945155738996506,8.181844261003492,0.31595714285714277,1870504.1,5140320.0,8.23,8.81,9.32
2025-04-07,7.46,7.98,7.12,7.49,2739710.0,8.975,8.80534694894665,-0.3259571678307065,17.465753340917573,-1.7799999999999994,10.096361953866442,7.8536380461335575,0.3632142857142857,1833079.45,2400610.0,7.84,8.61,9.27
2025-04-08,7.82,7.82,7.15,7.31,2411076.0,8.877500000000001,8.662932953808873,-0.4017972510237744,12.499999940878354,-2.05,10.213146896293766,7.541853103706236,0.3878571428571429,1868832.2,-10466.0,7.49,8.72,9.36
2025-04-09,7.25,8.03,7.15,7.91,3146746.0,8.814,8.591225053446124,-0.4087739857075299,28.115941914891835,-1.2599999999999998,10.208551805004864,7.419448194995136,0.4310714285714285,1933958.45,3136280.0,7.31,8.87,9.17
2025-04-10,7.7,7.73,7.261,7.32,3504986.0,8.731,8.470156000736969,-0.45664722244599787,24.61928925262181,-1.8699999999999992,10.273682557652231,7.188317442347768,0.4535,2009823.05,-368706.0,7.91,8.23,9.19
2025-04-11,7.3,7.32,6.825,7.13,2277894.0,8.622499999999999,8.342522095904876,-0.5041074823129357,23.774509722342373,-1.6800000000000006,10.296346814345613,6.9486531856543845,0.4645714285714286,2043202.75,-2646600.0,7.32,7.84,8.81
2025-04-14,7.31,7.505,6.865,7.09,1907399.0,8.498999999999999,8.223234277247268,-0.5387375151737794,21.83622821198334,-1.5199999999999996,10.24454952891488,6.753450471085118,0.4992142857142858,2045377.85,-4553999.0,7.13,7.49,8.61
2025-04-15,7.08,7.275,7.04,7.09,2707927.0,8.384,8.115307203223718,-0.5597298484388418,22.91666658311631,-1.6300000000000008,10.184577685077828,6.583422314922173,0.4917142857142858,2124950.6,-4553999.0,7.09,7.31,8.72
2025-04-16,6.99,7.2,6.96,7.07,1766229.0,8.261,8.015754136250031,-0.5713935870546152,22.395833251681864,-1.799999999999999,10.068037703856264,6.453962296143734,0.4902857142857144,2070135.95,-6320228.0,7.09,7.91,8.87
2025-04-17,7.04,7.06,6.825,6.94,2560143.0,8.136999999999999,7.913301361369076,-0.5843906063455524,23.95543166145515,-1.29,9.9495190380126,6.324480961987397,0.46350000000000013,2147920.6,-8880371.0,7.07,7.32,8.23
2025-04-21,6.83,6.855,6.47,6.61,2064237.0,8.0015,7.789177422191068,-0.6142385205325214,23.118279482888212,-1.2299999999999995,9.846542004941956,6.156457995058044,0.47635714285714303,2132988.0,-10944608.0,6.94,7.13,7.84
2025-04-22,6.71,6.86,6.625,6.77,1578894.0,7.8765,7.692112905791919,-0.6178602365418842,24.13793094484585,-0.7200000000000006,9.698289461520046,6.054710538479954,0.47064285714285725,2134007.05,-9365714.0,6.61,7.09,7.49
2025-04-23,6.98,7.175,6.8,6.87,1961387.0,7.752,7.61381643857364,-0.6056794130558636,23.118279482888212,-0.4399999999999995,9.485090941216459,6.01890905878354,0.46992857142857153,2158739.7,-7404327.0,6.77,7.09,7.31
2025-04-24,6.89,7.06,6.855,7.03,1202038.0,7.644999999999999,7.558214872995198,-0.5764701705747273,31.48148134545039,-0.8799999999999999,9.270371212661159,6.0196287873388385,0.46314285714285713,2147479.1,-6202289.0,6.87,7.07,7.91
2025-04-25,6.99,7.12,6.985,7.11,1113590.0,7.5409999999999995,7.5155277422337505,-0.5406342094219889,37.54266193665624,-0.20999999999999996,9.008656922480695,6.073343077519303,0.4327857142857142,2122968.8,-5088699.0,7.03,6.94,7.32
2025-04-28,7.13,7.22,7.07,7.21,1142628.0,7.461,7.486429862021012,-0.49841932009238477,44.77611916907997,0.08000000000000007,8.80677545636247,6.115224543637531,0.38207142857142845,2101015.55,-3946071.0,7.11,6.61,7.13
2025-04-29,7.19,7.45,7.19,7.41,1232823.0,7.401000000000001,7.479150827542821,-0.44371056839434786,51.85185158299041,0.3200000000000003,8.63330037349932,6.168699626500681,0.35278571428571415,2081169.75,-2713248.0,7.21,6.77,7.09
2025-04-30,7.26,7.355,7.14,7.32,1468828.0,7.331,7.4639936058720755,-0.402970542780281,36.52968013177374,0.23000000000000043,8.395447472190563,6.266552527809438,0.30528571428571427,2070863.8,-4182076.0,7.41,6.87,7.09
2025-05-01,7.31,7.4,7.245,7.31,1435707.0,7.253,7.449327548169973,-0.3672571831934164,49.68944056170671,0.23999999999999932,8.033313027606793,6.472686972393206,0.28285714285714286,2057101.8,-5617783.0,7.32,7.03,7.07
2025-05-02,7.365,7.45,7.185,7.38,2873520.0,7.210500000000001,7.442724924534737,-0.32950731818155976,58.3892611963425,0.4399999999999995,7.8458937858982765,6.575106214101725,0.26642857142857146,2089467.15,-2744263.0,7.31,7.11,6.94
2025-05-05,7.335,7.445,7.27,7.35,1909746.0,7.186,7.433893979340953,-0.2985693063553887,58.78378322772096,0.7399999999999993,7.7533354155034395,6.61866458449656,0.23321428571428582,2050275.4,-4654009.0,7.38,7.21,6.61
2025-05-06,7.26,7.335,7.16,7.27,1604359.0,7.175,7.418285028927529,-0.2773093904647368,55.769230268737665,0.5,7.725808018899925,6.624191981100075,0.2289285714285715,1993507.85,-6258368.0,7.35,7.41,6.77
2025-05-07,7.33,7.345,7.13,7.25,2560532.0,7.172,7.402257883315383,-0.25908798182716275,55.769230268737665,0.3799999999999999,7.7203602350359395,6.62363976496406,0.22714285714285717,2000980.65,-8818900.0,7.27,7.32,6.87
2025-05-08,8.61,9.5,8.5172,8.96,6164797.0,7.224500000000001,7.5506142753805845,-0.10544912341507917,82.16560472919794,1.9300000000000006,8.14508276737032,6.303917232629681,0.2805571428571429,2151883.2,-2654103.0,7.25,7.31,7.03
2025-05-09,8.96,9.11,8.59,9.03,3940834.0,7.3100000000000005,7.691508153915767,0.021708946547836838,92.01388844159914,1.919999999999999,8.535174531068613,6.084825468931388,0.29019999999999996,2173675.6,1286731.0,8.96,7.38,7.11
2025-05-12,9.35,9.48,9.115,9.42,2698668.0,7.4245,7.856126424971408,0.15219793074615673,92.6045011908479,2.21,8.966029998683888,5.882970001316111,0.29948571428571424,2194714.3,3985399.0,9.03,7.35,7.21
2025-05-13,9.45,9.61,9.11,9.51,1798493.0,7.5455,8.01363819402175,0.25987792770214924,92.58064474318417,2.0999999999999996,9.336241980885438,5.75475801911456,0.30841428571428564,2189269.0,5783892.0,9.42,7.27,7.41
2025-05-14,9.49,9.49,9.18,9.2,2565307.0,7.651000000000001,8.126625032686345,0.31655168112690646,83.38461502542009,1.879999999999999,9.572588158953895,5.7294118410461055,0.31591428571428576,2182138.0,3218585.0,9.51,7.25,7.32
2025-05-15,9.17,9.28,9.14,9.2,1550132.0,7.7575,8.22885122004955,0.3573467679283322,82.9652993181343,1.8899999999999997,9.777107830613142,5.737892169386859,0.31627142857142854,2171333.15,3218585.0,9.2,8.96,7.31
2025-05-16,9.15,9.345,9.15,9.29,1464985.0,7.875,8.329913008616261,0.3924158898618888,82.91139203773432,1.9099999999999993,9.966511666864857,5.783488333135143,0.3194857142857143,2116575.25,4683570.0,9.2,9.03,7.38
2025-05-19,9.31,9.515,9.1829,9.46,2303377.0,8.0175,8.437540341128997,0.42898097525300294,82.74760346374873,2.110000000000001,10.134318615902604,5.900681384097396,0.32463571428571436,2128532.25,6986947.0,9.29,9.42,7.35
2025-05-20,9.45,9.72,9.42,9.71,2005476.0,8.1645,8.558726975307188,0.47268318203802906,86.32218808251955,2.4400000000000013,10.324446149426251,6.00455385057375,0.3307071428571429,2149861.35,8992423.0,9.46,9.51,7.27
2025-05-21,9.58,9.735,9.43,9.43,1915827.0,8.2925,8.641705358611265,0.4791999174731565,79.77528058515337,2.1799999999999997,10.432769289500548,6.152230710499453,0.3414214285714286,2147583.35,7076596.0,9.71,9.2,7.25
2025-05-22,9.41,9.595,9.35,9.56,1517729.0,8.419,8.729161991124478,0.4892150245237765,80.11049692774944,0.5999999999999996,10.54409714948213,6.293902850517871,0.3399928571428572,2163367.9,8594325.0,9.43,9.2,8.96
2025-05-23,9.31,9.374,9.2315,9.28,1597539.0,8.5275,8.781622753874528,0.46915033603609935,74.93540024571169,0.25,10.591914024162334,6.463085975837666,0.33767142857142857,2187565.35,6996786.0,9.56,9.29,9.03
2025-05-27,9.4,9.455,9.205,9.44,1966219.0,8.639,8.84432534874362,0.46084722869064265,77.46835415580833,0.019999999999999574,10.643824706866756,6.634175293133242,0.34302857142857146,2228744.9,8963005.0,9.28,9.46,9.42
2025-05-28,9.43,9.5,9.385,9.49,1320803.0,8.742999999999999,8.905818172672799,0.4530787288765019,78.1407032427211,-0.019999999999999574,10.69447555508786,6.791524444912136,0.33588571428571434,2233143.9,10283808.0,9.44,9.71,9.51
2025-05-29,9.5,9.58,9.08,9.1,1803458.0,8.831999999999999,8.924311680037293,0.41071789592950836,52.631578670360085,-0.09999999999999964,10.66923591013073,6.994764089869268,0.3014000000000001,2249875.4,8480350.0,9.49,9.43,9.2
2025-05-30,9.06,9.2,9.01,9.13,1504360.0,8.923,8.943901043843265,0.37524182571828035,51.9083966691918,-0.06999999999999851,10.617574624469205,7.2284253755307954,0.27782857142857154,2253308.05,9984710.0,9.1,9.56,9.2
2025-06-02,9.1,9.18,8.91,9.1,2143176.0,9.009,8.958767611096288,0.3407777612995879,42.92035371642261,-0.1899999999999995,10.540602531921934,7.477397468078066,0.2710428571428572,2216790.85,7841534.0,9.13,9.28,9.29
2025-06-03,9.09,9.23,9.05,9.18,1893281.0,9.1005,8.97983736242045,0.31627426055788277,42.66666640118521,-0.28000000000000114,10.418560377181159,7.782439622818842,0.24818571428571432,2215967.6,9734815.0,9.1,9.44,9.46
2025-06-04,9.52,9.66,9.2,9.21,1632293.0,9.1975,9.001757613618503,0.2958652584319559,50.253806749465376,-0.5,10.194883418856922,8.200116581143078,0.2589000000000001,2217364.3,11367108.0,9.18,9.49,9.71
2025-06-05,9.17,9.32,9.14,9.2,1437235.0,9.295,9.020637840892931,0.275705894846892,49.99999964646465,-0.23000000000000043,9.69031466480605,8.89968533519395,0.26175714285714297,2161199.45,9929873.0,9.21,9.1,9.43
2025-06-06,9.31,9.34,9.125,9.17,1430166.0,9.305499999999999,9.034862808426938,0.2543764117549241,46.87499965820317,-0.39000000000000057,9.673566069584169,8.937433930415828,0.2631857142857144,1924467.9,8499707.0,9.2,9.13,9.56
2025-06-09,9.22,9.36,9.195,9.35,1395800.0,9.321499999999999,9.064875874291038,0.24912537615005093,47.15025872533489,0.07000000000000028,9.666221092448863,8.976778907551134,0.25125000000000003,1797216.2,9895507.0,9.17,9.1,9.28
2025-06-10,9.4,9.41,9.21,9.27,1163395.0,9.314,9.084411505310939,0.23579051490805547,37.49999970170457,-0.16999999999999993,9.656215690679957,8.971784309320043,0.24410714285714277,1720452.55,8732112.0,9.35,9.18,9.44
2025-06-11,9.33,9.37,9.155,9.19,1653184.0,9.298,9.094467552424183,0.21627413627221337,42.30769192800793,-0.3000000000000007,9.631441385995993,8.964558614004007,0.23767857142857135,1713187.1,7078928.0,9.27,9.21,9.49
2025-06-12,9.11,9.18,9.03,9.07,1024896.0,9.2915,9.092137309336165,0.18894621413561374,34.19354807825188,-0.02999999999999936,9.637805310991968,8.94519468900803,0.230892857142857,1636166.55,6054032.0,9.19,9.2,9.1
2025-06-13,8.96,9.0,8.715,8.74,1294231.0,9.2685,9.05860042273272,0.139057429394569,33.12499971015633,-0.39000000000000057,9.692728091578578,8.84427190842142,0.24107142857142844,1623371.5,4759801.0,9.07,9.17,9.13
2025-06-16,8.78,8.845,8.7,8.76,1379831.0,9.242,9.030162287234365,0.09998151622828466,26.712328510977756,-0.33999999999999986,9.7229902067065,8.761009793293502,0.23357142857142854,1619113.8,6139632.0,8.74,9.35,9.1
2025-06-17,8.63,8.795,8.55,8.57,2232856.0,9.1975,8.98633730749776,0.05307039889027543,21.249999814062562,-0.6099999999999994,9.752548599105172,8.642451400894828,0.24285714285714274,1615587.75,3906776.0,8.76,9.27,9.18
2025-06-18,8.55,8.63,8.49,8.55,1744500.0,9.1395,8.944781373450354,0.01411644201416884,27.642276108136784,-0.6600000000000001,9.711236965653725,8.567763034346275,0.21714285714285708,1602538.95,2162276.0,8.57,9.19,9.21
2025-06-20,8.61,8.63,8.49,8.56,3269616.0,9.096,8.908135528359844,-0.015766190205166453,26.44628068574552,-0.6399999999999988,9.705793752881107,8.486206247118893,0.21357142857142858,1670228.4,5431892.0,8.55,9.07,9.2
2025-06-23,8.5,8.67,8.45,8.65,1761120.0,9.0505,8.883551192325573,-0.031819350032790794,32.283464211048454,-0.5199999999999996,9.650235906791421,8.450764093208578,0.2100000000000001,1682397.95,7193012.0,8.56,8.74,9.17
2025-06-24,8.77,8.83,8.66,8.8,1506139.0,9.026500000000002,8.875593935913614,-0.03206818636460085,35.82089514813994,-0.5499999999999989,9.625983110688027,8.427016889311977,0.20928571428571438,1677827.95,8699151.0,8.65,8.76,9.35
2025-06-25,8.78,8.79,8.56,8.58,1883037.0,8.9835,8.847442132493269,-0.04944755173722015,29.411764436755064,-0.6899999999999995,9.581471131146314,8.385528868853685,0.1928571428571428,1673668.85,6816114.0,8.8,8.57,9.27
2025-06-26,8.66,8.665,8.475,8.65,2145828.0,8.941500000000001,8.828638119874862,-0.056916313191697654,32.70440222776,-0.5399999999999991,9.50678614086392,8.376213859136083,0.1935714285714285,1714920.1,8961942.0,8.58,8.55,9.19
2025-06-27,8.65,8.86,8.57,8.84,3110656.0,8.928500000000001,8.829720203696304,-0.0469625928133901,40.57142824685714,-0.23000000000000043,9.490386858811856,8.366613141188147,0.19892857142857132,1780280.0,12072598.0,8.65,8.56,9.07
2025-06-30,8.82,9.015,8.79,8.91,2428297.0,8.9175,8.837365898582371,-0.03304486211456492,36.58536554134445,0.16999999999999993,9.471333529995755,8.363666470004246,0.20321428571428576,1826476.85,14500895.0,8.84,8.65,8.74
2025-07-01,8.91,9.135,8.8575,9.0,1486549.0,8.9125,8.852854860622145,-0.014584590346373716,41.81818146336089,0.2400000000000002,9.461177836641177,8.363822163358822,0.20875000000000007,1793645.5,15987444.0,8.91,8.8,8.76
2025-07-02,9.0,9.03,8.87,9.03,1081111.0,8.905,8.869725826277179,0.00243795409134151,44.999999606249986,0.4599999999999991,9.442264024087912,8.367735975912087,0.20482142857142868,1753037.0,17068555.0,9.0,8.58,8.57
2025-07-03,9.04,9.185,9.04,9.12,574236.0,8.900500000000001,8.893561461869828,0.022926409658312608,51.59235622783883,0.5699999999999985,9.428434405814109,8.372565594185893,0.2044642857142859,1700134.15,17642791.0,9.03,8.65,8.55
2025-07-07,9.08,9.19,8.955,9.0,1131282.0,8.8905,8.903698465501273,0.029144699237466654,59.55882291630625,0.4399999999999995,9.401864531631512,8.379135468368487,0.20089285714285726,1684836.5,16511509.0,9.12,8.84,8.56
2025-07-08,9.0,9.07,8.94,9.01,1026511.0,8.8825,8.913822421167819,0.034482166010452175,59.25925864471881,0.35999999999999943,9.38027927892441,8.38472072107559,0.19982142857142865,1664653.75,17538020.0,9.0,8.91,8.65
2025-07-09,9.05,9.05,8.71,8.97,1511200.0,8.8635,8.919172666770883,0.035080099624495986,66.66666588888894,0.16999999999999993,9.312793011882563,8.414206988117437,0.206607142857143,1670423.75,16026820.0,9.01,9.0,8.8
2025-07-10,8.96,9.256668,8.845,9.17,1635700.0,8.8585,8.943060984221276,0.05110320887054698,72.46376738080238,0.5899999999999999,9.29064398185422,8.426356018145778,0.22601200000000002,1694039.0,17662520.0,8.97,9.03,8.58
2025-07-11,9.14,9.14,8.89,8.91,1237023.0,8.8445,8.939912319057346,0.04233381344941378,60.73619579735784,0.2599999999999998,9.248661249737852,8.440338750262148,0.23386914285714283,1673230.95,16425497.0,9.17,9.12,8.65
2025-07-14,8.81,9.025,8.81,8.93,1127097.0,8.8375,8.938968288670932,0.036576209476166355,58.974358445101906,0.08999999999999986,9.22989480655421,8.44510519344579,0.23351199999999991,1678341.0,17552594.0,8.91,9.0,8.84
2025-07-15,8.93,8.96,8.76,8.77,1078720.0,8.839,8.922876070702271,0.01888491052873853,49.04458554992085,-0.14000000000000057,9.230052560742603,8.447947439257398,0.23565485714285714,1667565.45,16473874.0,8.93,9.01,8.91
2025-07-16,8.78,8.88,8.665,8.84,2004873.0,8.843,8.91498311158777,0.010393039153644423,59.15492899424719,-0.16000000000000014,9.232282741245701,8.453717258754299,0.23458342857142878,1698817.55,18478747.0,8.77,8.97,9.0
2025-07-17,8.81,8.96,8.775,8.84,1807254.0,8.8565,8.907841862865125,0.0036214243822332293,57.037036445541844,-0.1899999999999995,9.224039471564735,8.488960528435266,0.234226285714286,1677537.45,18478747.0,8.84,9.17,9.03
