Date,Open,High,Low,Close,Volume,SMA_20,EMA_20,MACD,RSI_14,Momentum_10,Bollinger_Upper,Bollinger_Lower,ATR_14,Volume_MA_20,OBV,Lag_1,Lag_5,Lag_10
2023-08-15,141.39,142.575,141.23,141.78,524648.0,148.2775,147.14948843276952,-1.4493165803491195,16.963226557681736,-6.22999999999999,156.3878932671214,140.1671067328786,2.6878428571428565,559649.2,-3088381.0,142.61,145.6,148.01
2023-08-16,141.84,142.83,140.65,142.41,634825.0,147.752,146.69810858202956,-1.5014996951628632,24.89300996087711,-4.289999999999992,155.95725531210587,139.54674468789415,2.449285714285714,557747.0,-2453556.0,141.78,145.78,146.7
2023-08-17,142.45,145.09,142.085,143.65,764134.0,147.253,146.40781252659818,-1.4408349094705954,32.508591034012326,-2.180000000000007,155.16162314186224,139.34437685813774,2.448928571428571,567498.25,-1689422.0,142.41,144.19,145.83
2023-08-18,142.56,144.38,142.485,143.78,562080.0,146.7035,146.15754466692215,-1.3678732417598098,28.63372090109941,-1.4300000000000068,153.90894319101514,139.49805680898484,2.429285714285714,576303.85,-1127342.0,143.65,144.27,145.21
2023-08-21,143.46,143.82,141.83,142.27,444883.0,146.079,145.78730231769148,-1.3988680472926944,28.928046959985878,-4.619999999999976,152.462550900969,139.695449099031,2.340714285714282,579938.25,-1572225.0,143.78,142.61,146.89
2023-08-22,142.9,143.12,141.36,141.52,431753.0,145.5635,145.38089257314942,-1.4586516673756762,30.16845326015637,-4.079999999999984,151.64984113577702,139.477158864223,2.3382142857142827,575824.7,-2003978.0,142.27,141.78,145.6
2023-08-23,142.29,143.58,141.765,143.54,408860.0,145.09449999999998,145.2055694709447,-1.346258576875499,41.94229411772039,-2.240000000000009,150.152772952615,140.03622704738495,2.21,558522.05,-1595118.0,141.52,142.41,145.78
2023-08-24,143.62,146.09,143.17,143.17,344401.0,144.7805,145.0117057118071,-1.2691836018076117,42.69340969930452,-1.0200000000000102,149.46632397405068,140.0946760259493,2.174285714285714,528017.45,-1939519.0,143.54,143.65,144.19
2023-08-25,143.37,145.43,143.37,144.73,309254.0,144.57999999999998,144.9848765963969,-1.0827457714805746,42.196531749223176,0.45999999999997954,148.87972826558763,140.28027173441234,2.1785714285714284,519992.45,-1630265.0,143.17,143.78,144.27
2023-08-28,145.29,147.0,145.11,145.24,420489.0,144.359,145.00917406340673,-0.8879251250650668,48.62174573654642,2.6299999999999955,147.9563317597175,140.76166824028252,2.1857142857142833,513476.2,-1209776.0,144.73,142.27,142.61
2023-08-29,145.32,146.095,144.37,145.84,296319.0,144.2505,145.0883003430823,-0.6819524302282787,50.22255187662346,4.060000000000002,147.49807058997038,141.0029294100296,2.17035714285714,498418.6,-913457.0,145.24,141.52,141.78
2023-08-30,146.29,147.131,145.68,146.35,351074.0,144.233,145.2084622151697,-0.4758805096190599,58.7096773530697,3.9399999999999977,147.4283459577129,141.0376540422871,2.0111428571428553,483307.45,-562383.0,145.84,143.54,142.41
2023-08-31,146.29,146.64,144.775,145.23,862566.0,144.20300000000003,145.2105134327726,-0.39180583068886676,53.57142851562492,1.579999999999984,147.34605315861717,141.0599468413829,2.0514999999999963,493526.55,-1424949.0,146.35,143.17,143.65
2023-09-01,145.9,146.18,143.35,144.27,555913.0,144.156,145.1209407248895,-0.3926547731280152,56.51491359566649,0.4900000000000091,147.2635622532611,141.0484377467389,2.052214285714283,490210.8,-1980862.0,145.23,144.73,143.78
2023-09-05,144.0,144.49,141.86,141.92,520463.0,143.90749999999997,144.81608922728097,-0.5637737284104958,50.49088354089249,-0.35000000000002274,146.88673957093937,140.92826042906057,2.1439999999999975,493606.4,-2501325.0,144.27,145.24,142.27
2023-09-06,141.6,142.1699,140.27,141.13,475217.0,143.684,144.46503311039706,-0.7502263142754373,45.561719789329814,-0.3900000000000148,146.79632794916543,140.57167205083456,2.1239928571428544,502513.6,-2976542.0,141.92,145.84,141.52
2023-09-07,140.5,142.1,139.62,140.15,730959.0,143.4025,144.05407757607352,-0.9611315410986947,37.64124290063717,-3.3899999999999864,146.72775820129226,140.07724179870775,2.086492857142854,522447.6,-3707501.0,141.13,146.35,143.54
2023-09-08,140.45,140.45,137.4,137.9,649765.0,143.08800000000002,143.4679749497808,-1.2850262435125899,31.941031913564203,-5.269999999999982,147.19707903627008,138.97892096372996,2.168992857142854,533420.25,-4357266.0,140.15,145.23,143.17
2023-09-11,138.0,138.3,136.29,136.7,531878.0,142.7095,142.82340590694452,-1.6147096411892505,32.561051943903834,-8.030000000000001,147.6671245372789,137.75187546272107,2.170421428571428,526502.5,-4889144.0,137.9,144.27,144.73
2023-09-12,136.18,138.5,135.5,138.41,491955.0,142.49949999999998,142.40308153485455,-1.724002613618552,40.815121053076645,-6.8300000000000125,147.81758226218497,137.181417737815,2.2589928571428572,515571.8,-4397189.0,136.7,141.92,145.24
2023-09-13,138.59,138.59,136.07,136.53,655595.0,142.237,141.84374043629697,-1.9333724726372168,29.124478832177374,-9.310000000000002,148.18552692954964,136.28847307045035,2.309349999999999,522119.15,-5052784.0,138.41,141.13,145.84
2023-09-14,137.81,138.97,137.2,137.97,559251.0,142.015,141.47481277569725,-1.9647279117001801,35.442329199541334,-8.379999999999995,148.26034015760618,135.7696598423938,2.2272071428571416,518340.45,-4493533.0,136.53,140.15,146.35
2023-09-15,137.47,138.69,137.21,138.0,970359.0,141.7325,141.14387822563083,-1.9644416373682816,29.39375380211196,-7.22999999999999,148.1744868625169,135.2905131374831,2.185778571428569,528651.7,-3523174.0,137.97,137.9,145.23
2023-09-18,138.01,138.01,135.5314,135.66,380704.0,141.3265,140.62160410890408,-2.122070526933186,23.623347999409276,-8.610000000000014,148.2319891209818,134.4210108790182,2.2278214285714273,519582.9,-3903878.0,138.0,136.7,144.27
2023-09-19,135.68,137.15,135.5688,136.38,588513.0,141.032,140.217641812818,-2.1655442511070646,24.124726458547784,-5.539999999999992,148.26278972173841,133.8012102782616,2.217549999999999,526764.4,-3315365.0,135.66,138.41,141.92
2023-09-20,137.66,138.05,136.52,136.7,305240.0,140.791,139.88262830683533,-2.150001980882763,23.32780539930407,-4.430000000000007,148.2703326468411,133.3116673531589,2.2231928571428563,520438.75,-3010125.0,136.38,136.53,141.13
2023-09-21,135.85,135.85,132.04,132.18,584771.0,140.223,139.1490446585653,-2.464108997089369,19.63704047115317,-7.969999999999999,148.50559837185597,131.94040162814406,2.3621214285714296,529234.3,-3594896.0,136.7,137.97,140.15
2023-09-22,132.33,132.58,130.12,130.21,697864.0,139.575,138.29770707203525,-2.835139826638766,18.75555554388542,-7.689999999999998,148.85467898718807,130.2953210128119,2.3356928571428575,546907.45,-4292760.0,132.18,138.0,137.9
2023-09-25,129.73,130.59,129.18,130.48,704187.0,138.8625,137.55316354136522,-3.0722429840419068,21.988246801770984,-6.219999999999999,148.64998906028814,129.0750109397119,2.2485500000000007,566654.1,-3588573.0,130.21,135.66,136.7
2023-09-26,129.11,130.59,129.11,130.49,1094023.0,138.125,136.88048129933043,-3.222026072042638,22.912423608921912,-7.9199999999999875,148.1099792451618,128.1400207548382,2.2185571428571427,600330.8,-2494550.0,130.48,136.38,138.41
2023-09-27,131.05,131.75,127.93,128.07,963188.0,137.2365,136.04138784225134,-3.491733583902004,21.34724856267259,-8.460000000000008,147.48978963899143,126.98321036100859,2.3142714285714283,633674.25,-3457738.0,130.49,136.7,136.53
2023-09-28,128.76,129.86,128.015,128.94,674464.0,136.36599999999999,135.36506519060836,-3.5949391584585726,27.25888322935917,-9.030000000000001,146.31310092650622,126.41889907349375,2.2282000000000033,649843.75,-2783274.0,128.07,132.18,137.97
2023-09-29,131.0,131.85,128.09,128.65,767857.0,135.537,134.72553517245518,-3.6574374351482675,28.57903137838713,-9.349999999999994,145.13095884480362,125.9430411551964,2.353200000000001,645108.3,-3551131.0,128.94,130.21,138.0
2023-10-02,128.08,128.92,126.46,127.3,685187.0,134.6885,134.01834134650707,-3.7706056795726965,19.858925649591683,-8.36,144.0287699724307,125.34823002756931,2.314628571428572,651572.0,-4236318.0,128.65,130.48,135.66
2023-10-03,126.73,127.31,125.78,126.1,789908.0,133.8975,133.26421359922068,-3.910513272810391,20.619718293595696,-10.280000000000001,143.33814198307655,124.45685801692348,2.2439142857142858,665044.25,-5026226.0,127.3,130.49,136.38
2023-10-04,126.95,127.94,125.59,127.88,628779.0,133.23499999999999,132.75143135167585,-3.8353631997408115,22.111663885596272,-8.819999999999993,142.3940656843655,124.07593431563447,2.285342857142856,672722.35,-4397447.0,126.1,128.07,136.7
2023-10-05,127.73,128.54,126.9,128.36,392044.0,132.6455,132.3331997943734,-3.6948877078694125,24.002157479178592,-3.819999999999993,141.4410550376908,123.84994496230921,2.2967714285714274,655776.6,-4005403.0,127.88,128.94,132.18
2023-10-06,127.32,131.235,126.7,130.32,652261.0,132.2665,132.14146648062356,-3.38811589862064,35.2973568009822,0.10999999999998522,140.75666589014023,123.77633410985979,2.443657142857142,655901.4,-3353142.0,128.36,128.65,130.21
2023-10-09,130.22,134.23,129.87,133.53,726092.0,132.108,132.27370776818321,-2.8557999577301416,43.099273578528354,3.0500000000000114,140.3648239082971,123.85117609170291,2.6421428571428556,665612.1,-2627050.0,130.32,127.3,130.48
2023-10-10,133.13,134.7,132.35,132.42,653039.0,131.8085,132.28764036168957,-2.493876335612498,40.018656690286335,1.9299999999999784,139.5193270428149,124.09767295718511,2.700714285714284,673666.3,-3280089.0,133.53,126.1,130.49
2023-10-11,133.35,134.49,132.07,134.02,780415.0,131.683,132.4526269939096,-2.055429129109285,54.967602550240464,5.950000000000017,139.1480514857036,124.2179485142964,2.6014285714285705,679907.3,-2499674.0,132.42,127.88,128.07
2023-10-12,132.2,132.72,131.05,131.72,601346.0,131.37050000000002,132.38285299448964,-1.870419051658473,54.00530499967772,2.780000000000001,138.2257721931445,124.51522780685552,2.5449999999999977,682012.05,-3101020.0,134.02,128.36,128.94
2023-10-13,132.48,132.64,130.95,131.42,526780.0,131.0415,132.29115270930015,-1.7278853248364783,52.489406740738765,2.769999999999982,137.1477945090762,124.93520549092385,2.5649999999999977,659833.1,-3627800.0,131.72,130.32,128.65
2023-10-16,131.98,133.24,130.66,132.7,552290.0,130.8935,132.33009054650967,-1.4951466087576932,55.48387092919228,5.3999999999999915,136.6626457910066,125.12435420899337,2.643571428571428,668412.4,-3075510.0,131.42,133.53,127.3
2023-10-17,131.55,134.19,131.55,133.85,568140.0,130.767,132.47484382779447,-1.2046423792927214,65.3072033414035,7.75,136.12597908580543,125.40802091419457,2.5592857142857133,667393.75,-2507370.0,132.7,132.42,126.1
2023-10-18,133.18,133.435,131.64,131.95,782174.0,130.5295,132.42485870133785,-1.1139373239895178,57.55901552959179,4.069999999999993,135.15174586560474,125.90725413439529,2.555714285714284,691240.45,-3289544.0,133.85,134.02,127.88
2023-10-19,131.12,133.76,130.75,130.9,678500.0,130.4655,132.2796340631152,-1.1134477515192316,55.44267049945826,2.539999999999992,135.0265639340532,125.90443606594677,2.502142857142855,695926.9,-3968044.0,131.95,131.72,128.36
2023-10-20,131.33,131.94,128.58,128.63,827405.0,130.3865,131.93204986662803,-1.280477287740183,53.08012965525141,-1.6899999999999977,135.02034925816142,125.7526507418386,2.566428571428569,702403.95,-4795449.0,130.9,131.42,130.32
2023-10-23,127.62,129.09,126.81,127.37,647672.0,130.231,131.49756892694919,-1.4967424916804362,52.933025369927854,-6.159999999999997,135.05640600964202,125.40559399035797,2.6199999999999974,699578.2,-5443121.0,128.63,132.7,133.53
2023-10-24,127.84,129.84,127.43,129.78,797142.0,130.19549999999998,131.3339909339064,-1.4577329555021095,54.26391378995984,-2.6399999999999864,135.02332930409395,125.36767069590603,2.624285714285712,684734.15,-4645979.0,127.37,133.85,132.42
2023-10-25,128.8,129.4,127.13,127.38,782718.0,130.161,130.95742036877246,-1.601187072914314,47.97520658381596,-6.640000000000015,135.06208860088032,125.2599113991197,2.6692857142857136,675710.65,-5428697.0,129.78,131.95,134.02
2023-10-26,126.985,127.03,120.87,121.81,1655276.0,129.80450000000002,130.08623747650842,-2.1378967606275125,34.69974827451294,-9.909999999999997,135.95702956108258,123.65197043891747,2.785357142857141,724751.25,-7083973.0,127.38,130.9,131.72
2023-10-27,122.33,122.33,117.28,117.57,1625123.0,129.2505,128.89421485969808,-2.8709983577799534,22.330097076538834,-13.849999999999994,137.48414720617686,121.01685279382312,2.8346428571428564,767614.55,-8709096.0,121.81,128.63,131.42
2023-10-30,118.69,119.38,115.79,117.51,1310232.0,128.761,127.81000392067922,-3.4173742219106202,23.173803514773965,-15.189999999999984,138.5078934862126,119.0141065137874,2.9232142857142844,798866.8,-10019328.0,117.57,127.37,132.7
2023-10-31,117.25,118.43,115.74,118.15,1208983.0,128.3635,126.8900035472812,-3.7555699564174603,20.42489749213759,-15.699999999999989,139.15932234014593,117.56767765985403,2.9424999999999986,819820.55,-8810345.0,117.51,129.78,133.85
2023-11-01,117.72,118.0,115.56,117.58,836491.0,127.84850000000002,126.00333654277823,-4.023047962803389,21.832669310531585,-14.36999999999999,139.6749383124375,116.02206168756253,2.997499999999999,830206.15,-9646836.0,118.15,127.38,131.95
2023-11-02,119.93,121.67,119.04,120.78,768428.0,127.4695,125.50587591965649,-3.9321496285665916,30.999999984500022,-10.120000000000005,139.70565260309834,115.23334739690166,3.0646428571428563,849025.35,-8878408.0,117.58,121.81,130.9
2023-11-03,123.21,126.53,123.1,124.26,1021643.0,127.1665,125.3872210701654,-3.5391882099542613,36.02649004952417,-4.36999999999999,139.40557164522033,114.92742835477966,3.1253571428571414,867494.45,-7856765.0,120.78,117.57,128.63
2023-11-06,123.35,123.965,120.87,121.76,826258.0,126.57800000000002,125.04177144443535,-3.389946449368267,30.83993659487294,-5.609999999999999,138.65960951285248,114.49639048714756,3.1578571428571425,872502.75,-8683023.0,124.26,117.51,127.37
2023-11-07,121.92,121.92,118.685,119.59,764842.0,125.9365,124.52255511639389,-3.4071146360311815,30.578252657822276,-10.189999999999998,138.0743733505371,113.7986266494629,3.260714285714284,878092.9,-9447865.0,121.76,118.15,129.78
2023-11-08,120.36,121.45,119.98,120.95,536728.0,125.28300000000002,124.18231177197542,-3.273448813617236,34.51602861863603,-6.429999999999993,136.9880490230316,113.57795097696842,3.1507142857142845,865908.55,-8911137.0,119.59,117.58,127.38
2023-11-09,121.43,121.49,119.58,119.78,819128.0,124.68599999999999,123.76304398416823,-3.224575337510771,35.73960681597312,-2.030000000000001,136.22548534837048,113.14651465162952,3.0471428571428567,876797.65,-9730265.0,120.95,120.78,121.81
2023-11-10,120.88,123.04,119.67,122.72,1836624.0,124.251,123.6637064618665,-2.9153935709743166,42.89208191377288,5.150000000000006,135.36990358093365,113.13209641906636,3.125,942289.85,-7893641.0,119.78,124.26,117.57
2023-11-13,121.64,122.27,118.72,119.59,964742.0,123.59549999999999,123.2757344178792,-2.889226288807933,34.75919831030126,2.0799999999999983,134.14850700474034,113.04249299525964,3.2064285714285714,962912.45,-8858383.0,122.72,121.76,117.51
2023-11-14,123.21,126.47,122.84,124.15,1383432.0,123.1105,123.35899780665261,-2.4725575053577558,45.462208467646235,6.0,132.50743673491493,113.71356326508509,3.3035714285714275,1003677.05,-7474951.0,119.59,119.59,118.15
2023-11-15,124.15,125.44,122.69,123.16,1192052.0,122.671,123.34004563459045,-2.196798492694384,52.17671716444777,5.579999999999998,131.09951026357277,114.24248973642726,3.059999999999999,1024170.95,-8667003.0,124.15,120.95,117.58
2023-11-16,123.66,124.34,121.78,121.8,719582.0,122.21600000000001,123.19337462177232,-2.0640671812036544,57.51866332011158,1.019999999999996,129.70410537487663,114.72789462512338,2.8821428571428567,1026225.05,-9386585.0,123.16,119.78,120.78
2023-11-17,123.27,123.27,120.855,121.42,1775917.0,121.8555,123.02448180065115,-1.9668290397101629,56.871704717180876,-2.8400000000000034,128.7109349549132,115.00006504508681,2.7982142857142853,1073650.65,-11162502.0,121.8,122.72,124.26
2023-11-20,121.42,122.75,120.32,122.55,979762.0,121.61449999999999,122.979293057732,-1.7781819067168954,57.60193501014418,0.789999999999992,127.97468362859647,115.25431637140352,2.7796428571428566,1090255.15,-10182740.0,121.42,119.59,121.76
2023-11-21,122.17,122.93,120.99,121.56,727671.0,121.2035,122.84412229032894,-1.689012532891283,56.777929128239414,1.9699999999999989,126.27344975579724,116.13355024420277,2.743928571428572,1086781.6,-10910411.0,122.55,124.15,119.59
2023-11-22,123.17,123.2,121.53,122.29,1062830.0,120.949,122.79134873886905,-1.5417199380863025,52.8077351900592,1.3400000000000034,125.1500469872957,116.7479530127043,2.675357142857144,1100787.2,-9847581.0,121.56,123.16,120.95
2023-11-24,122.13,122.805,121.38,122.67,247141.0,120.992,122.77979171611962,-1.37846136308751,46.65825974555629,2.8900000000000006,125.24740696303482,116.73659303696519,2.5321428571428584,1030380.45,-9600440.0,122.29,121.8,119.78
2023-11-27,122.39,123.02,121.77,122.22,640013.0,121.2245,122.72647821934632,-1.2707119546935672,51.05795764881271,-0.5,125.19099374530853,117.25800625469148,2.400357142857144,981124.95,-10240453.0,122.67,121.42,122.72
2023-11-28,121.92,124.58,121.52,123.99,1212447.0,121.54849999999999,122.84681362702763,-1.0307165488190293,60.30927831094985,4.3999999999999915,125.289680646744,117.80731935325598,2.3878571428571442,976235.7,-9028006.0,122.22,122.55,119.59
2023-11-29,125.08,126.46,123.76,123.86,630794.0,121.83399999999999,122.94330756731071,-0.8413036922360959,57.23520632514704,-0.29000000000000625,125.3477648125462,118.32023518745378,2.4757142857142864,947326.25,-9658800.0,123.99,121.56,124.15
2023-11-30,123.78,124.71,123.02,124.48,1137291.0,122.179,123.08965922756684,-0.6338880309084942,62.01431488403885,1.3200000000000074,125.26275642426636,119.09524357573365,2.460000000000001,962366.25,-8521509.0,123.86,122.29,123.16
2023-12-01,124.69,128.04,124.17,126.79,1013782.0,122.4795,123.44207263446523,-0.2799919828549946,60.750132020575734,4.990000000000009,126.11176752434548,118.84723247565452,2.4957142857142856,974633.95,-7507727.0,124.48,122.67,121.8
2023-12-04,125.8,127.01,125.29,126.83,888539.0,122.60799999999999,123.76473238356378,0.0036553282928935005,72.8535352891446,5.409999999999997,126.66275471384736,118.55324528615262,2.3649999999999998,967978.75,-6619188.0,126.79,122.22,121.42
2023-12-05,126.19,126.6,124.56,126.45,738061.0,122.8425,124.0204721565577,0.1955445772866824,59.862778658826855,3.9000000000000057,127.22036237190737,118.46463762809263,2.2514285714285713,963568.9,-7357249.0,126.83,123.99,122.55
2023-12-06,126.72,128.82,126.72,127.13,1073746.0,123.21950000000001,124.31661766545697,0.39787594743505394,67.48898670089469,5.569999999999993,127.71507197344404,118.72392802655598,2.204999999999999,979014.1,-6283503.0,126.45,123.86,121.56
2023-12-07,127.23,127.76,126.32,127.18,637310.0,123.53099999999999,124.58932074493727,0.5558492121856204,76.79282857817743,4.890000000000001,128.2234929969378,118.83850700306218,2.125,984043.2,-5646193.0,127.13,124.48,122.29
2023-12-08,126.69,128.01,126.525,127.13,633612.0,123.89850000000001,124.83129019780039,0.6692948964362131,79.40267753742147,4.459999999999994,128.50454305576642,119.2924569442336,2.0585714285714283,974767.4,-6279805.0,127.18,126.79,122.67
2023-12-11,126.46,127.1025,125.59,126.43,1013134.0,124.08399999999999,124.98354827420034,0.6947284379820928,70.90517230682417,4.210000000000008,128.78798890080986,119.38001109919011,1.9930357142857136,933592.9,-7292939.0,127.13,126.83,122.22
2023-12-12,125.95,127.995,125.11,127.63,1433327.0,124.48600000000002,125.23559129570508,0.8024317625662007,81.98103254502274,3.6400000000000006,128.940487506702,120.03151249329804,2.060535714285713,957022.15,-5859612.0,126.43,126.45,123.99
2023-12-13,128.47,134.7758,128.08,133.61,1511913.0,124.95900000000002,126.03315402944746,1.354558385901413,88.39891443435657,9.750000000000014,130.99244328677523,118.9255567132248,2.4195214285714264,963446.2,-4347699.0,127.63,127.13,123.86
2023-12-14,136.05,139.89,136.05,138.45,1241781.0,125.72350000000002,127.2157107885477,2.157683245888464,91.0937499335775,13.969999999999985,134.18384782164156,117.26315217835848,2.592021428571424,965932.65,-3105918.0,133.61,127.18,124.48
2023-12-15,137.57,137.59,133.57,134.52,1552909.0,126.3595,127.91135738011458,2.448899025904012,77.11640206879949,7.730000000000004,135.46574649694676,117.25325350305322,2.7898785714285674,1007599.0,-4658827.0,138.45,127.13,126.79
2023-12-18,135.22,135.67,134.21,135.43,802121.0,127.05999999999999,128.62741858200843,2.7217247138527085,76.21448207758932,8.600000000000009,136.7058226573393,117.41417734266068,2.6755928571428518,958909.2,-3856706.0,134.52,126.43,126.83
2023-12-19,135.68,136.42,134.18,134.77,819018.0,127.671,129.21242633610288,2.8518208756915158,74.4071587900806,8.320000000000007,137.65611081033836,117.68588918966165,2.6427357142857084,950872.0,-4675724.0,135.43,127.63,126.45
2023-12-20,134.5,135.1,131.86,132.13,1207867.0,128.1995,129.49029049456928,2.710693472188325,65.6955272499082,5.0,137.938609383252,118.46039061674801,2.753449999999993,974881.8,-5883591.0,134.77,133.61,127.13
2023-12-21,133.15,133.88,130.95,132.03,1513889.0,128.6865,129.7321675903246,2.561256125687521,61.82310465408289,4.849999999999994,138.15162551700354,119.22137448299645,2.6863071428571366,997434.75,-7397480.0,132.13,138.45,127.18
2023-12-22,133.0,134.39,132.76,133.12,817325.0,129.209,130.05481829600797,2.5019227188645914,63.550193843614736,5.990000000000009,138.42618509376004,119.99181490623997,2.679878571428565,1025943.95,-6580155.0,132.03,134.52,127.13
2023-12-26,133.32,134.51,133.14,134.06,335381.0,129.801,130.43626417257863,2.501896998580378,66.00757253159,7.6299999999999955,138.64134031257316,120.96065968742681,2.632021428571423,1010712.35,-6244774.0,133.12,135.43,126.43
2023-12-27,134.0,134.97,133.43,134.31,632711.0,130.317,130.80519139423782,2.493304403971024,65.38131958374731,6.680000000000007,138.9310450794955,121.70295492050451,2.592021428571423,981725.55,-5612063.0,134.06,134.77,127.63
2023-12-28,134.0,136.65,133.96,136.55,575079.0,130.9515,131.35231602335804,2.6368217120004545,68.3509596178256,2.9399999999999977,139.43137158542308,122.47162841457694,2.6813071428571362,978939.8,-5036984.0,134.31,132.13,133.61
2023-12-29,135.89,136.3,134.41,134.46,614234.0,131.4505,131.64828592589538,2.552512491436431,63.29343486085937,-3.9899999999999807,139.49005085155508,123.41094914844493,2.7102357142857096,952786.95,-5651218.0,136.55,132.03,138.45
2024-01-02,133.53,136.19,133.43,135.84,647384.0,131.903,132.0474967900958,2.567441224570075,66.65486722360468,1.3199999999999932,139.85635903879634,123.94964096120364,2.7993428571428516,934467.05,-5003834.0,134.46,133.12,134.52
2024-01-03,134.8,134.8514,132.04,132.2,724929.0,132.1715,132.06202090532477,2.2595411340090834,57.445421935345834,-3.230000000000018,139.7578680374738,124.58513196252622,2.79408571428571,926286.55,-5728763.0,135.84,134.06,135.43
2024-01-04,131.66,133.92,131.366,132.16,784256.0,132.457,132.07135224767478,1.9893684558711016,47.07070704408118,-2.6100000000000136,139.550525884473,125.363474115527,2.4982428571428517,928596.3,-6513019.0,132.2,134.31,134.77
2024-01-05,131.21,132.93,130.41,131.78,779723.0,132.6895,132.0436044145629,1.7247133231585678,33.56333166732941,-0.3499999999999943,139.33877847292703,126.04022152707299,2.40395714285714,913895.15,-7292742.0,132.16,136.55,132.13
2024-01-08,131.33,133.955,131.0,133.49,773418.0,133.005,132.18135637508072,1.6341054394903836,47.149972293298305,1.460000000000008,139.13184687515394,126.87815312484604,2.3278857142857112,920700.55,-6519324.0,131.78,134.46,132.03
2024-01-09,132.32,133.305,131.32,132.39,720252.0,133.26799999999997,132.2012271965016,1.4567519668268858,41.67579405347964,-0.7300000000000182,138.75071772793524,127.7852822720647,2.365385714285714,925032.55,-7239576.0,133.49,135.84,133.12
2024-01-10,132.92,133.25,131.93,132.58,811200.0,133.5755,132.23730079683477,1.3163541027603856,43.84485662654146,-1.4799999999999898,138.03844439037553,129.11255560962448,2.299671428571429,914935.85,-6428376.0,132.39,132.2,134.06
2024-01-11,130.21,134.14,129.31,133.94,1432967.0,133.891,132.39946262570766,1.2998367455689674,55.48152630062135,-0.37000000000000455,137.3673253436269,130.41467465637308,2.413242857142858,914917.85,-4995409.0,132.58,132.16,134.31
2024-01-12,135.36,136.24,133.795,134.03,683738.0,133.912,132.5547518994498,1.2792617015750807,56.06060601303946,-2.5200000000000102,137.38625175586972,130.4377482441303,2.378600000000002,873509.1,-4311671.0,133.94,131.78,136.55
2024-01-16,134.45,136.29,133.86,135.47,1653228.0,133.763,132.83239457569266,1.3634277525870289,56.97329372120909,1.009999999999991,136.61825996604338,130.90774003395663,2.435742857142858,894081.45,-2658443.0,134.03,133.49,134.46
2024-01-17,133.93,135.83,131.275,133.0,1446048.0,133.68699999999998,132.84835699705528,1.216806192148482,47.116430867267134,-2.8400000000000034,136.53833468286166,130.8356653171383,2.663242857142858,888738.4,-4104491.0,135.47,132.39,135.84
2024-01-18,132.68,133.73,131.42,131.46,1225119.0,133.4885,132.71613252114525,0.9652224619603373,42.7554651449631,-0.7399999999999807,136.38137527702568,130.5956247229743,2.7182428571428585,909888.3,-5329610.0,133.0,132.58,132.2
2024-01-19,131.88,135.995,131.74,135.24,1528682.0,133.512,132.95650085246476,1.0586367605431235,46.911834009582,3.0800000000000125,136.4558935907552,130.5681064092448,2.830028571428573,945371.5,-3800928.0,131.46,133.94,132.16
2024-01-22,135.67,137.34,135.67,135.91,1183668.0,133.701,133.23778648556336,1.1732051042858984,53.66346635920721,4.1299999999999955,136.75462528290993,130.64737471709006,2.814314285714287,944161.55,-2617260.0,135.24,134.03,131.78
2024-01-23,136.41,136.92,134.54,135.61,1599100.0,133.88,133.4637115821764,1.2256660078857067,49.38535538795326,2.1200000000000045,136.9408977011406,130.81910229885938,2.78717142857143,948422.1,-4216360.0,135.91,135.47,133.49
2024-01-24,136.19,137.3,133.92,134.06,1430982.0,133.927,133.52050095530245,1.129158121551768,55.59566782320466,1.670000000000016,136.96756158247914,130.88643841752085,2.8277857142857163,979104.95,-5647342.0,135.61,133.0,132.39
2024-01-25,134.71,135.61,131.41,131.98,1475427.0,133.823,133.37378657860697,0.8747586326370538,49.51768485030826,-0.6000000000000227,136.98429953292123,130.6617004670788,2.945357142857148,1036107.25,-7122769.0,134.06,131.46,132.58
2024-01-26,132.38,132.38,129.795,130.84,1129241.0,133.64950000000002,133.13247357112058,0.5745369243770995,47.57981458979829,-3.0999999999999943,137.06863177652878,130.23036822347126,2.950000000000005,1060933.75,-8252010.0,131.98,135.24,133.94
2024-01-29,130.96,131.73,130.14,130.9,810262.0,133.36700000000002,132.91985704053766,0.33755929584162914,42.71243665740157,-3.1299999999999955,136.7098767944935,130.02412320550653,2.852500000000004,1072692.9,-7441748.0,130.84,135.91,134.03
2024-01-30,130.35,131.21,129.38,129.97,713459.0,133.14249999999998,132.63891827477218,0.07386036825243991,43.12499996569606,-5.5,136.76748275858034,129.51751724141963,2.8414285714285756,1077654.15,-8155207.0,130.9,135.61,135.47
2024-01-31,130.6,131.02,126.13,126.38,2167447.0,132.66950000000003,132.04283082003198,-0.41995719726921266,35.23809521460312,-6.6200000000000045,137.17441415888825,128.1645858411118,3.0964285714285773,1153657.3,-10322654.0,129.97,134.06,133.0
2024-02-01,126.11,128.15,124.95,127.92,1793717.0,132.4555,131.65018026574322,-0.6792193258626753,35.788479674171924,-3.5400000000000063,137.4358634405537,127.4751365594463,2.980000000000007,1207096.7,-8528937.0,126.38,131.98,131.46
2024-02-02,126.97,129.02,125.97,128.0,1198454.0,132.2475,131.30254404995816,-0.8682228236085905,35.75814829945138,-7.240000000000009,137.61245401461662,126.88254598538337,3.023214285714292,1227806.6,-7330483.0,127.92,130.84,135.24
2024-02-05,126.43,126.8,124.84,124.84,944172.0,131.9005,130.68706366424786,-1.2584826175536818,26.780253369378613,-11.069999999999993,138.20776056140673,125.59323943859326,2.9896428571428646,1236029.05,-8274655.0,128.0,130.9,135.91
2024-02-06,124.53,126.05,124.26,125.58,994697.0,131.505,130.2006766486052,-1.490869718189316,32.46691869307479,-10.030000000000015,138.3607482604402,124.64925173955979,2.7921428571428635,1247093.0,-7279958.0,124.84,129.97,135.61
2024-02-07,125.59,125.93,123.77,125.18,1030666.0,131.14450000000002,129.72251696778565,-1.6878575808731,34.31568429168732,-8.879999999999995,138.54121755080038,123.74778244919966,2.7814285714285782,1262613.7,-8310624.0,125.58,126.38,134.06
2024-02-08,125.14,126.01,122.03,124.48,1436953.0,130.7395,129.22322963752035,-1.8787973965083609,18.24085004395674,-7.499999999999986,138.67282338934962,122.80617661065037,2.761785714285722,1293901.35,-9747577.0,125.18,127.92,131.98
2024-02-09,124.01,124.95,123.368,124.52,1076238.0,130.26850000000002,128.77530300537555,-2.003792403694206,15.082771293000661,-6.320000000000007,138.51414771960282,122.02285228039723,2.755500000000007,1276064.9,-8671339.0,124.48,128.0,130.84
2024-02-12,124.77,126.46,124.41,125.47,729425.0,129.8405,128.46051224295883,-2.0031052589678353,20.10613205887462,-5.430000000000007,138.15243048702004,121.52856951297994,2.7319285714285786,1278349.25,-7941914.0,124.52,124.84,130.9
2024-02-13,122.89,123.5,121.51,123.35,1032635.0,129.2345,127.97379679124846,-2.148854010879006,19.452367354687183,-6.6200000000000045,137.58547844881852,120.88352155118147,2.632642857142862,1247319.6,-8974549.0,125.47,125.58,129.97
2024-02-14,123.73,125.73,123.4401,125.09,820155.0,128.839,127.69914947779623,-2.0997544773562566,29.959278625978513,-1.289999999999992,137.18833315963172,120.48966684036829,2.496207142857147,1216024.95,-8154394.0,123.35,125.18,126.38
2024-02-15,126.32,129.58,126.32,129.51,775744.0,128.74150000000003,127.87161143229183,-1.6847687223749404,46.75134339743432,1.5899999999999892,137.0070843872746,120.47591561272546,2.5444214285714333,1193556.2,-7378650.0,125.09,124.48,127.92
2024-02-16,129.51,130.115,127.955,129.17,1027593.0,128.438,127.99526748635927,-1.367560023353363,45.831325270282434,1.1699999999999875,136.12435592256952,120.75164407743044,2.5851357142857196,1168501.75,-8406243.0,129.51,124.52,128.0
2024-02-20,129.0,129.69,126.32,126.62,768015.0,127.97350000000002,127.86428963051553,-1.306866792693981,42.512293223282434,1.7800000000000011,134.83743250794927,121.10956749205076,2.695135714285719,1147719.1,-9174258.0,129.17,125.47,124.84
2024-02-21,126.87,127.955,126.45,127.67,420078.0,127.57650000000001,127.84578585618071,-1.1606621012218739,53.252647466185756,2.0900000000000034,133.42391517343555,121.72908482656447,2.4533500000000035,1088768.0,-8754180.0,126.62,123.35,125.58
2024-02-22,128.47,128.47,126.51,126.59,611254.0,127.203,127.72618720321113,-1.11904047015436,46.56685592917212,1.4099999999999966,132.19901146178762,122.20698853821239,2.364778571428574,1047781.6,-9365434.0,127.67,125.09,125.18
2024-02-23,126.45,127.48,125.75,126.32,465587.0,126.92,127.59226461242912,-1.0952166147722977,45.70552143967905,1.8399999999999892,131.39022429673892,122.44977570326108,2.2704928571428593,997289.6,-9831021.0,126.59,129.51,124.48
2024-02-26,125.95,126.325,123.23,123.7,775954.0,126.56299999999999,127.22157274457872,-1.2730714429301173,47.003154539535,-0.8199999999999932,130.85183053622052,122.27416946377946,2.3515642857142884,979625.25,-10606975.0,126.32,129.17,124.52
2024-02-27,125.08,125.96,124.24,124.89,689520.0,126.2625,126.999518197476,-1.3029802824854926,48.22804310861877,-0.5799999999999983,130.0891427500929,122.43585724990712,2.346564285714289,973588.15,-9917455.0,123.7,126.62,125.47
2024-02-28,123.95,127.29,123.77,125.83,667394.0,126.05550000000001,126.8881355120021,-1.2365790434696038,51.62418786992809,2.480000000000004,129.46260387897132,122.6483961210287,2.443707142857146,971284.9,-9250061.0,124.89,127.67,123.35
2024-02-29,126.88,127.21,125.38,125.68,1478501.0,126.0205,126.77307498704951,-1.1824289467519833,53.08324764937486,0.5900000000000034,129.42794988764885,122.61305011235116,2.290135714285717,936837.6,-10728562.0,125.83,126.59,125.09
2024-03-01,125.55,127.71,124.31,127.63,786700.0,126.006,126.8546868930448,-0.9709739362680097,57.2765558819901,-1.8799999999999955,129.3817363329309,122.63026366706912,2.4199928571428586,886486.75,-9941862.0,125.68,126.32,129.51
2024-03-04,127.26,129.56,124.98,129.3,1089639.0,126.07099999999998,127.08757385561196,-0.6610201025174831,58.66908099495852,0.13000000000002387,129.6522076763361,122.48979232366386,2.600707142857144,881046.0,-8852223.0,127.63,123.7,129.17
2024-03-05,128.83,130.03,128.33,128.91,667691.0,126.27450000000002,127.26113825031558,-0.44175676692803734,63.654223924795744,2.289999999999992,130.01996167486615,122.52903832513388,2.5799928571428583,867221.95,-9519914.0,129.3,124.89,126.62
2024-03-06,129.93,130.68,129.22,129.95,579005.0,126.49300000000001,127.51722032171409,-0.1819723769567787,62.36012203087273,2.279999999999987,130.56362441867233,122.4223755813277,2.5207142857142872,846437.35,-8940909.0,128.91,125.83,127.67
2024-03-07,130.47,132.79,130.39,132.69,819539.0,126.8685,128.00986600536038,0.24221080671304662,58.84315901981069,6.099999999999994,131.73657548702417,122.00042451297584,2.459285714285715,835881.0,-8121370.0,129.95,125.68,126.59
2024-03-08,133.95,135.12,132.76,134.91,676928.0,127.38999999999999,128.66702162389748,0.7488811887978102,64.45115806131341,8.590000000000003,133.30319309946637,121.47680690053362,2.473571428571429,797879.75,-7444442.0,132.69,127.63,126.32
2024-03-11,135.01,136.05,134.64,134.97,574934.0,127.9125,129.26730527876438,1.1420971920065313,74.03569366514104,11.269999999999996,134.5591798201491,121.26582017985089,2.333571428571431,772814.55,-6869508.0,134.91,129.3,123.7
2024-03-12,134.69,134.845,131.01,132.36,816185.0,128.257,129.5618476331678,1.2289525465431552,62.38774427504344,7.470000000000013,135.08246346990052,121.43153653009949,2.500000000000003,777152.55,-7685693.0,134.97,128.91,124.89
2024-03-13,132.02,133.44,131.71,131.95,616728.0,128.687,129.78929071572324,1.250289987353483,64.67688932609653,6.11999999999999,135.29082058476675,122.08317941523326,2.483571428571431,756357.2,-8302421.0,132.36,129.95,125.83
2024-03-14,131.36,131.7,128.47,130.27,616809.0,128.946,129.83507255232104,1.1187422879446842,60.04067102996602,4.590000000000003,135.35939847506762,122.53260152493236,2.5907142857142875,746189.9,-8919230.0,131.95,132.69,125.68
2024-03-15,128.67,131.04,128.67,130.34,1167795.0,128.9875,129.88316088067143,1.0085126814377077,69.39252330773976,2.710000000000008,135.4269536381509,122.54804636184913,2.5389285714285736,765792.45,-7751435.0,130.27,134.91,127.63
2024-03-18,130.23,130.8426,129.38,129.79,545986.0,129.01850000000002,129.87428841584557,0.8667828853670585,64.86650479926386,0.4899999999999807,135.46761507597424,122.56938492402581,2.52054285714286,741712.1,-8297421.0,130.34,134.97,129.3
2024-03-19,130.08,130.65,128.65,130.4,557716.0,129.20749999999998,129.92435618576505,0.7945240215516378,64.14860675553682,1.490000000000009,135.5817735396196,122.83322646038036,2.4119714285714307,731197.15,-7739705.0,129.79,132.36,128.91
2024-03-20,130.15,132.12,129.55,131.29,815067.0,129.3885,130.05441750140648,0.7998535592849123,66.60745998031348,1.3400000000000034,135.78449636285734,122.99250363714263,2.464828571428573,750946.6,-6924638.0,130.4,131.95,129.95
2024-03-21,131.78,133.92,131.66,132.94,656008.0,129.706,130.3292348822249,0.9265376762920141,66.00361658082875,0.25,136.14734801190923,123.26465198809075,2.3834000000000017,753184.3,-6268630.0,131.29,130.27,132.69
2024-03-22,133.06,133.16,130.34,130.85,485799.0,129.9325,130.37883156010824,0.8485094044938535,54.556143400130104,-4.060000000000002,136.18844075554134,123.67655924445866,2.257685714285716,754194.9,-6754429.0,132.94,130.34,134.91
2024-03-25,131.14,131.65,129.94,130.0,311546.0,130.2475,130.34275236390746,0.7099003552077932,53.11963361513024,-4.969999999999999,135.7740059867021,124.7209940132979,2.2584000000000026,730974.5,-7065975.0,130.85,129.79,134.97
2024-03-26,130.14,130.31,128.73,128.83,549819.0,130.4445,130.19868071020198,0.49988028845911003,46.81818178094015,-3.530000000000001,135.4203595131634,125.46864048683662,2.2669714285714315,723989.45,-7615794.0,130.0,130.4,132.36
2024-03-27,130.16,132.06,130.16,130.8,693815.0,130.69299999999998,130.25594921399227,0.486788802878408,44.385026701046364,-1.1499999999999773,135.169930809571,126.21606919042895,2.231257142857146,725310.5,-6921979.0,128.83,131.29,131.95
2024-03-28,131.5,132.34,131.28,131.58,741936.0,130.988,130.38204928885014,0.5332066357806866,39.18128651406515,1.3100000000000023,134.8026509807931,127.17334901920691,2.138400000000002,688482.25,-6180043.0,130.8,132.94,130.27
2024-04-01,131.44,131.625,128.7,128.7,577475.0,131.04149999999998,130.22185411848346,0.3337541223423557,32.784184488798516,-1.6400000000000148,134.68398194736017,127.39901805263982,2.246614285714287,678021.0,-6757518.0,131.58,130.85,130.34
2024-04-02,127.58,128.065,126.65,127.45,598710.0,130.949,129.95786801196124,0.07396944812052197,35.43026703287691,-2.339999999999989,134.8616348639951,127.03636513600493,2.073757142857143,653474.55,-7356228.0,128.7,130.0,129.79
2024-04-03,126.86,128.67,126.32,128.45,758136.0,130.926,129.81426153463158,-0.05063650457731228,39.96559629819274,-1.950000000000017,134.89411714597904,126.95788285402092,2.1180428571428576,657996.8,-6598092.0,127.45,128.83,130.4
2024-04-04,129.84,130.22,126.55,126.83,637639.0,130.77,129.53004615038097,-0.27691584923113055,40.10356728645278,-4.459999999999994,135.12602909467861,126.41397090532142,2.14947142857143,660928.5,-7235731.0,128.45,130.8,131.29
2024-04-05,126.33,127.6415,125.39,127.1,668587.0,130.4905,129.29861318367801,-0.4295060538518669,40.784982902674045,-5.840000000000003,135.04083359101017,125.94016640898984,2.1410071428571436,653380.9,-6567144.0,126.83,131.58,132.94
2024-04-08,128.86,133.44,128.28,132.72,1128588.0,130.381,129.62445954713726,-0.09584338173533524,56.467991135074996,1.8700000000000045,134.57498516675358,126.18701483324644,2.4051071428571427,675963.9,-5438556.0,127.1,128.7,130.85
2024-04-09,133.41,136.39,133.275,135.38,1096680.0,130.4015,130.1726062569337,0.37885905322599456,60.08097162586503,5.3799999999999955,134.6928095780587,126.11019042194128,2.4847499999999982,702051.2,-4341876.0,132.72,127.45,130.0
2024-04-10,132.94,133.85,131.33,132.95,801353.0,130.431,130.43711994674953,0.5526134032270704,53.163109727733094,4.119999999999976,134.78662745495038,126.07537254504965,2.481178571428569,701309.6,-5143229.0,135.38,128.45,128.83
2024-04-11,133.96,133.96,130.96,131.99,647779.0,130.433,130.58501328515433,0.60586698841513,48.140900169316154,1.1899999999999977,134.7915999683628,126.0744000316372,2.534035714285712,702862.15,-5791008.0,132.95,126.83,130.8
2024-04-12,129.71,130.2,127.6001,128.13,572651.0,130.326,130.35120249609201,0.33276536038138715,45.021961909578785,-3.450000000000017,134.80485981731505,125.84714018268495,2.5183142857142835,700654.25,-6363659.0,131.99,127.1,131.58
2024-04-15,129.05,129.45,125.925,126.63,406730.0,130.1405,129.99680225836897,-0.004653405526482857,43.975688215385766,-2.069999999999993,134.9145062619853,125.36649373801471,2.64795714285714,662601.0,-6770389.0,128.13,132.72,128.7
2024-04-16,126.09,126.225,123.73,123.79,579340.0,129.8405,129.40567823376242,-0.49551240264918306,41.49797568890107,-3.6599999999999966,135.3971725181249,124.28382748187506,2.7133142857142807,664268.7,-7349729.0,126.63,135.38,127.45
2024-04-17,123.84,126.83,123.84,124.8,1375936.0,129.5605,128.96704221149932,-0.7938719078312602,39.539748934673725,-3.6499999999999915,135.54626372474064,123.57473627525933,2.791171428571423,705179.7,-5973793.0,123.79,132.95,128.45
2024-04-18,124.94,125.695,124.005,124.62,1016613.0,129.227,128.55303819135653,-1.032941348138209,37.60683758808772,-2.2099999999999937,135.5412682203003,122.91273177969971,2.8361714285714226,715257.0,-6990406.0,124.8,131.99,126.83
2024-04-19,125.17,126.3699,125.17,126.08,564680.0,128.88400000000001,128.31751074456068,-1.0920078603488292,45.08627154421576,-1.019999999999996,135.09344408054963,122.67455591945041,2.712949999999993,710690.6,-6425726.0,124.62,128.13,127.1
2024-04-22,126.25,128.21,125.55,127.47,486341.0,128.71499999999997,128.2367954355549,-1.0149573558247482,50.03731340669692,-5.25,134.88299378796862,122.54700621203135,2.801878571428566,710717.7,-5939385.0,126.08,126.63,132.72
2024-04-23,127.44,128.75,127.17,127.49,708009.0,128.5895,128.16567206074015,-0.941428244400015,48.14097596150374,-7.890000000000001,134.7495426348489,122.42945736515108,2.7468785714285664,730540.85,-5231376.0,127.47,123.79,135.38
2024-04-24,126.37,128.845,125.985,128.4,495023.0,128.56799999999998,128.1879890073363,-0.8004988684254926,53.12624449447363,-4.549999999999983,134.72750989164408,122.40849010835589,2.689021428571423,727801.05,-4736353.0,127.49,124.8,132.95
2024-04-25,127.57,128.3062,126.7,127.2,863182.0,128.388,128.09389481616142,-0.7766880896644466,50.19201226180155,-4.790000000000006,134.48294216543505,122.29305783456498,2.6429285714285657,736269.4,-5599535.0,128.4,124.62,131.99
2024-04-26,127.51,129.775,127.51,129.23,874720.0,128.2705,128.20209530986034,-0.5872444948251001,42.22717146587166,1.0999999999999943,134.19455435491585,122.34644564508413,2.4361428571428516,742908.6,-4724815.0,127.2,126.08,128.13
2024-04-29,130.06,131.67,130.06,131.13,942224.0,128.392,128.4809433755879,-0.2805608662546035,40.202858434170565,4.5,134.45127770578205,122.33272229421794,2.328642857142852,761146.05,-3782591.0,129.23,127.47,126.63
2024-04-30,129.66,131.82,129.66,130.0,1025661.0,128.51950000000002,128.62561543505572,-0.1272268258031204,42.766061765633914,6.209999999999994,134.602586041597,122.43641395840305,2.302928571428567,782493.6,-4808252.0,131.13,127.49,123.79
2024-05-01,129.81,132.0,129.27,130.62,943513.0,128.628,128.81555682219326,0.04381523896253725,46.58354111460499,5.820000000000007,134.78285294193455,122.47314705806542,2.283642857142852,791762.45,-3864739.0,130.0,128.4,124.8
2024-05-02,129.92,131.72,127.24,131.68,1451643.0,128.8705,129.08836093436534,0.26188162368052303,60.289855023532915,7.060000000000002,135.108689599049,122.63231040095098,2.4179357142857105,832462.65,-2413096.0,130.62,127.2,124.62
2024-05-03,133.11,134.545,132.49,133.0,1071007.0,129.1655,129.4608979882353,0.5350460754362985,68.65846508721631,6.920000000000002,135.60589709465512,122.72510290534491,2.3129357142857097,852583.65,-1342089.0,131.68,129.23,126.08
2024-05-06,134.58,137.03,133.79,136.82,1078690.0,129.37050000000002,130.1617648464986,1.0476957110928709,86.09418275870814,9.349999999999994,136.51031121672884,122.2306887832712,2.3661499999999966,850088.75,-263399.0,133.0,131.13,127.47
2024-05-07,138.08,138.2,135.93,136.19,648319.0,129.411,130.7358824801654,1.3871483300787872,82.229767903157,8.700000000000003,136.70193135340062,122.12006864659938,2.314721428571424,827670.7,-911718.0,136.82,130.0,127.49
2024-05-08,135.85,135.92,132.9,132.99,676490.0,129.41299999999998,130.95056033919727,1.3820226583961244,70.2271628330991,4.590000000000003,136.70803969903704,122.11796030096292,2.409721428571423,821427.55,-1588208.0,136.19,130.62,128.4
2024-05-09,133.59,136.455,133.53,136.34,612067.0,129.6305,131.46384030689276,1.629493704800666,72.71922050407139,9.14,137.48684031581473,121.77415968418529,2.5329428571428525,819641.95,-976141.0,132.99,131.68,127.2
2024-05-10,136.84,136.94,135.22,135.47,334158.0,129.9975,131.84537932528391,1.735409846259131,68.13236623055973,6.240000000000009,138.23521014427277,121.75978985572723,2.4657999999999944,807717.3,-1310299.0,136.34,133.0,129.23
2024-05-13,135.9,136.88,135.31,136.07,316836.0,130.46949999999998,132.24772415144736,1.846479069807998,68.94876320824724,4.939999999999998,138.9723031910227,121.96669680897728,2.4650857142857086,803222.6,-993463.0,135.47,136.82,131.13
2024-05-14,137.0,137.33,135.78,136.82,537811.0,131.121,132.68317899416667,1.9722856733788205,68.72775796431546,6.819999999999993,139.46414064303593,122.77785935696407,2.3715142857142806,801146.15,-455652.0,136.07,136.19,130.0
2024-05-15,138.7,138.95,137.11,137.71,571155.0,131.7665,133.16192385186508,2.1193730543743072,73.7032024793936,7.090000000000003,140.04792442616738,123.48507557383263,2.38821428571428,760907.1,115503.0,136.82,132.99,130.62
2024-05-16,137.61,138.185,136.86,136.86,456409.0,132.37849999999997,133.5141215802589,2.1426537936960415,68.17532153623378,5.180000000000007,140.23437081842596,124.522629181574,2.321071428571422,732896.9,-340906.0,137.71,136.34,131.68
2024-05-17,137.38,137.92,136.385,137.74,455304.0,132.9615,133.91658619166282,2.2066754062000484,66.54982469045086,4.740000000000009,140.57619016544982,125.34680983455019,2.3157142857142796,727428.1,114398.0,136.86,135.47,133.0
2024-05-20,137.74,137.97,136.22,136.86,422385.0,133.43099999999998,134.19691131626635,2.1614880659273297,67.39350907994381,0.040000000000020464,140.7730889039628,126.08891109603718,2.2864285714285657,724230.3,-307987.0,137.74,136.07,136.82
2024-05-21,136.88,137.22,136.21,136.5,365134.0,133.8815,134.41625309566956,2.0727345895298868,65.10791362222453,0.3100000000000023,140.78106604279992,126.98193395720006,2.163571428571423,707086.55,-673121.0,136.86,136.82,136.19
2024-05-22,136.38,137.77,135.76,136.0,534242.0,134.2615,134.56708613417723,1.9396914455974184,61.42857138306878,3.009999999999991,140.71248531845785,127.81051468154217,1.9871428571428527,709047.5,-1207363.0,136.5,137.71,132.99
2024-05-23,135.72,135.85,132.83,132.92,588836.0,134.54749999999999,134.41022078806512,1.5676526273793456,49.80638912404211,-3.420000000000016,140.12888211519342,128.96611788480655,2.0560714285714243,695330.2,-1796199.0,136.0,136.86,136.34
2024-05-24,133.2,133.74,132.64,133.2,351078.0,134.746,134.29496166539224,1.2806404167208711,39.42757006121577,-2.2700000000000102,139.78736740013758,129.70463259986244,1.9032142857142824,669148.1,-1445121.0,132.92,137.74,135.47
2024-05-28,133.94,134.33,130.15,130.31,551851.0,134.70499999999998,133.91544150678345,0.8106378087690302,34.82972133706832,-5.759999999999991,139.8817110062391,129.52828899376087,2.0396428571428555,649629.45,-1996972.0,133.2,136.86,136.07
2024-05-29,128.64,128.87,126.77,128.78,790557.0,134.644,133.42635183947075,0.3111128335296769,38.114059823060586,-8.039999999999992,140.07657775394367,129.21142224605634,1.9739285714285717,637874.25,-2787529.0,130.31,136.5,136.82
2024-05-30,129.69,130.6,129.25,129.86,489932.0,134.606,133.0866992833307,0.002355509316316784,29.015544015141415,-7.849999999999994,140.16622491025709,129.0457750897429,1.8614285714285705,615195.2,-2297597.0,128.78,136.0,137.71
2024-05-31,130.72,133.84,129.955,133.71,1523453.0,134.7075,133.14606125634683,0.067547274021166,45.22258411329449,-3.1500000000000057,140.11483955403614,129.30016044596388,2.016071428571427,618785.7,-774144.0,129.86,132.92,136.86
2024-06-03,134.57,135.36,133.19,133.7,475038.0,134.7425,133.19881732717093,0.11705595264743351,43.35389789080457,-4.0400000000000205,140.11223536542994,129.37276463457007,2.0589285714285714,588987.25,-1249182.0,133.71,133.2,137.74
2024-06-04,133.99,137.23,133.99,136.47,684594.0,134.725,133.51035853410704,0.3754794855961734,49.118387874677225,-0.3900000000000148,140.06844458191642,129.38155541808356,2.179642857142855,569282.45,-564588.0,133.7,130.31,136.86
2024-06-05,136.06,136.87,135.01,136.75,538085.0,134.753,133.81889581657305,0.5960052785419805,47.5051974706303,0.25,140.13450086676193,129.37149913323805,2.181071428571429,563770.75,-26503.0,136.47,128.78,136.5
2024-06-06,135.88,137.11,135.071,137.09,443156.0,134.958,134.13042954832798,0.7891123202004735,50.613988216305586,1.0900000000000034,140.3690125523896,129.5469874476104,2.232071428571431,552104.05,416653.0,136.75,129.86,136.0
2024-06-07,135.81,136.94,135.7,136.66,505327.0,134.974,134.3713410199158,0.8971122845275943,47.0459518239254,3.740000000000009,140.4040776382946,129.54392236170537,2.2110000000000034,546767.05,-88674.0,137.09,133.71,132.92
2024-06-10,136.68,139.35,136.57,138.5,878784.0,135.12550000000002,134.76454663706667,1.1182847622767156,54.26195422247046,5.300000000000011,140.77835014279125,129.47264985720878,2.2845714285714323,573998.35,790110.0,136.66,133.7,133.2
2024-06-11,137.65,138.64,136.77,136.97,739171.0,135.1705,134.9745898144889,1.1567727774461218,51.151396339239604,6.659999999999997,140.86915164107518,129.47184835892483,2.3460000000000027,595115.1,50939.0,138.5,136.47,130.31
2024-06-12,139.65,140.0,136.94,137.34,527488.0,135.19650000000001,135.19986697501375,1.2032602783335733,53.3037474977193,8.560000000000002,140.9314685448605,129.46153145513952,2.4210000000000016,594598.95,578427.0,136.97,136.75,128.78
2024-06-13,138.35,139.67,137.82,138.21,454860.0,135.22150000000002,135.48654631072674,1.2953714495854456,64.6375207025498,8.349999999999994,141.0067417499424,129.43625825005765,2.337428571428574,588784.2,1033287.0,137.34,137.09,129.86
2024-06-14,137.76,139.45,136.85,139.32,495913.0,135.3445,135.85163713827657,1.4413232606418944,66.1904761414462,5.609999999999985,141.37579199740057,129.31320800259945,2.444571428571429,590759.4,1529200.0,138.21,136.66,133.71
2024-06-17,138.63,140.2,137.59,139.36,427018.0,135.4255,136.18576693463118,1.5424385169163486,78.19314634923953,5.660000000000025,141.63318445684885,129.21781554315115,2.33242857142857,589345.1,1956218.0,139.32,138.5,133.7
2024-06-18,139.78,141.49,139.78,141.25,411933.0,135.645,136.6680748456187,1.7548514528713497,87.9951248487548,4.780000000000001,142.35628350733325,128.93371649266678,2.3045714285714274,588822.5,2368151.0,139.36,136.97,136.47
2024-06-20,140.34,140.94,139.28,140.19,462367.0,135.8295,137.0034962888931,1.8167151337733003,81.51311768510153,3.4399999999999977,142.83613587720978,128.8228641227902,2.3267142857142846,593684.15,1905784.0,141.25,137.34,136.75
2024-06-21,141.16,141.16,139.51,140.96,1175741.0,136.07750000000001,137.38030616614137,1.9059050237761994,77.23516145144299,3.8700000000000045,143.45105695070416,128.70394304929587,2.1670714285714285,625759.1,3081525.0,140.19,138.21,137.09
2024-06-24,141.23,143.84,140.915,143.32,487730.0,136.59750000000003,137.94599129317552,2.1423255331145583,80.71519788441805,6.659999999999997,144.48260087376752,128.71239912623253,2.2209999999999996,620703.8,3569255.0,140.96,139.32,136.66
2024-06-25,143.35,143.4,140.91,141.12,463295.0,136.99349999999998,138.2482778366826,2.127642737242411,65.40755461128525,2.6200000000000045,144.95530427845577,129.0316957215442,2.167428571428573,626314.65,3105960.0,143.32,139.36,138.5
2024-06-26,139.9,140.54,139.03,139.14,545646.0,137.435,138.33320375699856,1.9339437651290723,57.117331697460195,2.1699999999999875,144.79268699352951,130.0773130064705,2.1424285714285713,626004.4,2560314.0,141.12,141.25,136.97
2024-06-27,139.14,140.645,138.29,140.54,457615.0,138.023,138.5433748277606,1.8718269765211062,59.66386549942326,3.1999999999999886,144.26312516743698,131.782874832563,2.165,609357.3,3017929.0,139.14,140.19,137.34
2024-06-28,141.38,142.63,140.35,142.61,844915.0,138.6605,138.93067246321198,1.9669568188694768,65.26423802392515,4.400000000000006,143.91685244752958,133.40414755247045,2.239285714285714,627106.45,3862844.0,140.54,140.96,138.21
2024-07-01,142.16,142.44,139.6,141.18,422626.0,139.034,139.14489413338225,1.9049992112046823,57.02306075480488,1.8600000000000136,143.85258856819013,134.21541143180986,2.2435714285714283,572065.1,3440218.0,142.61,143.32,139.32
2024-07-02,141.81,142.26,139.98,141.01,518407.0,139.39950000000002,139.3225232635363,1.8211862798028164,61.39954848422151,1.6499999999999773,143.58142841440136,135.21757158559868,2.2728571428571445,574233.55,2921811.0,141.18,141.12,139.36
2024-07-03,140.55,141.14,138.81,139.43,311783.0,139.54749999999999,139.33275914319952,1.6087267330038912,55.52033804663049,-1.8199999999999932,143.49588741233865,135.59911258766132,2.220714285714286,555593.0,2610028.0,141.01,139.14,141.25
2024-07-05,139.79,140.22,138.58,138.8,489746.0,139.65,139.28202017718053,1.373680345026571,51.57838412401834,-1.3899999999999864,143.39373863235514,135.90626136764487,2.2057142857142855,553176.05,2120282.0,139.43,140.54,140.19
2024-07-08,139.04,139.68,138.14,139.14,666340.0,139.7525,139.26849444602047,1.2009952221319224,49.49776781847271,-1.8200000000000216,143.3086769833435,136.1963230166565,2.1300000000000017,564335.25,2786622.0,138.8,142.61,140.96
2024-07-09,139.52,139.92,137.51,139.11,754278.0,139.875,139.25339973687565,1.049620892557897,49.30206584644171,-4.2099999999999795,143.13946578204238,136.61053421795762,2.115714285714288,576782.8,2032344.0,139.14,141.18,143.32
2024-07-10,139.73,140.18,138.84,140.02,478066.0,139.951,139.32640928574463,0.9916538716299499,46.367395118184106,-1.0999999999999943,143.15081512624178,136.7511848737582,2.089285714285716,556746.9,2510410.0,139.11,141.01,141.12
2024-07-11,142.21,143.52,140.635,140.96,648219.0,140.15050000000002,139.48198935376897,1.0099229702634887,52.290303347289495,1.8200000000000216,143.05132002925484,137.2496799707452,2.176785714285718,552199.3,3158629.0,140.02,139.43,139.14
2024-07-12,141.87,142.18,139.74,140.64,957363.0,140.3155,139.59227608198145,0.9872002075354942,49.02200484802511,0.09999999999999432,142.90154738020254,137.72945261979743,2.233214285714289,573693.05,2201266.0,140.96,138.8,140.54
2024-07-15,139.51,141.7,139.38,139.95,944989.0,140.4025,139.62634502655465,0.9031045935826398,38.52961194421955,-2.660000000000025,142.80054196443243,138.00445803556758,2.1900000000000017,598199.5,1256277.0,140.64,139.14,142.61
2024-07-16,140.36,143.01,139.8,142.63,663044.0,140.568,139.912407404978,1.0407150992249115,54.97692809692304,1.4499999999999886,143.10436789628093,138.0316321037191,2.241428571428571,606556.05,1919321.0,139.95,139.11,141.18
2024-07-17,142.64,144.58,142.64,144.28,639892.0,140.81400000000002,140.3283686045039,1.2682935279293588,67.31805923568382,3.2700000000000102,143.7757519708551,137.85224802914493,2.2721428571428595,617199.75,2559213.0,142.63,140.02,141.01
2024-07-18,143.48,147.935,143.48,144.79,617619.0,140.991,140.75328588026545,1.4728259886876174,65.2329748449275,5.359999999999985,144.44471744798972,137.5372825520103,2.422142857142859,627484.05,3176832.0,144.28,140.96,139.43
2024-07-19,145.5,145.5,142.78,143.7,442133.0,141.16649999999998,141.03392532024017,1.529336310190132,54.20200456755366,4.899999999999977,144.8008349496625,137.53216505033748,2.45357142857143,626472.35,2734699.0,144.79,140.64,138.8
2024-07-22,143.82,145.47,143.17,145.03,497590.0,141.37,141.4145038611697,1.6622793103520621,64.95726488660438,5.890000000000015,145.39088233312853,137.34911766687148,2.4150000000000023,592564.8,3232289.0,143.7,139.95,139.14
2024-07-23,144.73,145.725,143.48,143.71,577860.0,141.3895,141.6331225410583,1.6421944325791173,59.629101224336225,4.599999999999994,145.45374965561675,137.32525034438325,2.4125000000000023,597071.3,2654429.0,145.03,142.63,139.11
2024-07-24,143.71,144.6421,142.74,143.41,472334.0,141.504,141.8023489657194,1.5838123268845266,65.62009411941276,3.3899999999999864,145.664179145943,137.343820854057,2.381935714285717,597523.25,2182095.0,143.71,144.28,140.02
2024-07-25,143.63,145.46,138.89,140.12,855252.0,141.553,141.6421252546985,1.257572075728973,54.28571423636362,-0.8400000000000034,145.61793658913734,137.48806341086265,2.7340785714285767,613003.55,1326843.0,143.41,144.79,140.96
2024-07-26,140.58,143.4125,140.13,142.5,496776.0,141.651,141.7238276113939,1.177496983087309,59.63302747506527,1.8600000000000136,145.70760423196057,137.59439576803945,2.858542857142861,614961.6,1823619.0,140.12,143.7,140.64
2024-07-29,142.78,144.04,141.31,143.16,532763.0,141.6785,141.86060593411827,1.1539908906439678,61.20641943238014,3.210000000000008,145.76978611872684,137.5872138812732,2.8814000000000033,599354.0,2356382.0,142.5,145.03,139.95
2024-07-30,143.49,143.945,140.3,141.31,621228.0,141.685,141.80816727372604,0.9748451958075179,53.3929510390583,-1.3199999999999932,145.7733634610315,137.5966365389685,3.046042857142859,609284.1,1735154.0,143.16,143.71,142.63
2024-07-31,141.0,141.84,139.6,139.77,908361.0,141.623,141.61405610479974,0.7005305325950246,46.965833724756685,-4.509999999999991,145.79129183744718,137.4547081625528,2.99997142857143,628781.8,826793.0,141.31,143.41,144.28
2024-08-01,141.49,147.35,141.49,146.41,835353.0,141.972,142.07081266624738,1.0073149918114552,61.12610872133572,1.6200000000000045,146.5188258448265,137.42517415517352,3.244257142857143,654960.3,1662146.0,139.77,140.12,144.79
2024-08-02,147.56,152.025,146.81,150.02,1152170.0,142.533,142.82787812660476,1.5241710207646406,67.45233965530913,6.320000000000022,148.08872762774683,136.97727237225314,3.451042857142858,688081.5,2814316.0,146.41,142.5,143.7
2024-08-05,149.0,149.0,145.8,146.52,938038.0,142.902,143.17950878121383,1.6325434538461252,56.55544318194218,1.490000000000009,148.4891001799752,137.31489982002478,3.450328571428573,701666.4,1876278.0,150.02,143.16,145.03
2024-08-06,146.51,150.75,146.51,150.24,844117.0,143.45850000000002,143.8519365163363,1.9955982833213568,59.38878384273969,6.530000000000001,149.6407778122142,137.27622218778583,3.614614285714286,706158.35,2720395.0,146.52,141.31,143.71
2024-08-07,150.6,154.19,149.82,150.91,1489499.0,144.003,144.52413303858998,2.3107483828851514,59.5924764628748,7.5,150.79803874742268,137.2079612525773,3.608542857142857,756730.0,4209894.0,150.24,139.77,143.41
2024-08-08,151.05,153.4,150.63,153.07,754200.0,144.6085,145.33802513015283,2.703635231257522,64.20988774950143,12.949999999999989,152.353619413984,136.86338058601598,3.6121142857142865,762029.05,4964094.0,150.91,146.41,140.12
2024-08-09,153.07,153.455,151.15,153.07,765238.0,145.23,146.07440368918589,2.980641904688099,62.70543612901782,10.569999999999993,153.60364788771292,136.85635211228706,3.6124714285714288,752422.8,4964094.0,153.07,150.02,142.5
2024-08-12,154.65,154.65,151.49,152.25,678778.0,145.84499999999997,146.66255571878722,3.0982893907098514,63.712267151831355,9.090000000000003,154.39082569691993,137.29917430308,3.677828571428571,739112.25,4285316.0,153.07,146.52,143.16
2024-08-13,153.34,153.97,152.475,153.0,589634.0,146.3635,147.26612184080747,3.2149842655604743,65.17885403885714,11.689999999999998,155.33572444987755,137.39127555012243,3.6487500000000006,735441.75,4874950.0,152.25,150.24,141.31
2024-08-14,153.0,153.89,152.065,153.33,634876.0,146.81599999999997,147.84363404644486,3.2960986630309037,73.07020604180993,13.560000000000002,156.2469108785967,137.38508912140324,3.309821428571427,735190.95,5509826.0,153.0,150.91,139.77
2024-08-15,153.33,154.75,152.02,153.35,638617.0,147.244,148.36804985154535,3.3236828928029354,70.65093258511182,6.939999999999998,157.05698473828016,137.43101526171984,3.2703571428571405,736240.85,6148443.0,153.33,153.07,146.41
2024-08-16,153.43,153.94,151.36,152.84,671669.0,147.701,148.79394986568389,3.2667339800521233,68.52986213784774,2.819999999999993,157.66913850541786,137.73286149458212,3.2596428571428544,747717.65,5476774.0,153.35,153.07,150.02
2024-08-19,153.27,153.94,151.86,152.65,517097.0,148.082,149.16119273561876,3.1697314532017344,73.18070314699392,6.1299999999999955,158.20163302850534,137.96236697149465,3.1478571428571405,748693.0,4959677.0,152.84,152.25,146.52
2024-08-20,153.09,153.4435,151.56,153.1,550554.0,148.55149999999998,149.5363172369884,3.093507462588576,78.51946935818263,2.859999999999985,158.68835776082489,138.41464223917507,3.1223928571428536,747327.7,5510231.0,152.65,153.0,150.24
2024-08-21,153.45,153.625,152.41,153.0,852176.0,149.031,149.86619178584664,2.9905569575504387,69.57813422613827,2.0900000000000034,159.05041462729852,139.0115853727015,2.790607142857141,766319.8,4658055.0,153.1,153.33,150.91
2024-08-22,153.77,155.2176,152.55,154.21,731254.0,149.7355,150.2798878062422,2.9723415252602194,64.51836445576879,1.1400000000000148,159.07512576732736,140.39587423267264,2.6086499999999972,760119.9,5389309.0,153.0,153.35,153.07
2024-08-23,154.84,157.18,154.49,156.63,858125.0,150.442,150.88466039612388,3.117245770234973,87.86516844718271,3.5600000000000023,159.613290674252,141.27070932574802,2.5722214285714267,778187.35,6247434.0,154.21,152.84,153.07
2024-08-26,158.52,158.52,156.25,157.94,641068.0,151.18099999999998,151.55659750125494,3.2997519932260957,85.1919560152938,5.689999999999998,160.26313723977728,142.0988627602227,2.4315071428571406,783602.6,6888502.0,156.63,152.65,152.25
2024-08-27,157.09,160.643,156.58,160.31,742649.0,152.131,152.39025488208782,3.594197016934146,87.18354420723357,7.310000000000002,160.83256404574212,143.42943595425788,2.4095785714285682,789673.65,7631151.0,157.94,153.1,153.0
2024-08-28,160.5,161.82,160.28,161.51,565990.0,153.21800000000002,153.2588020361747,3.8796545480966813,86.13013688306334,8.179999999999978,160.7740602377058,145.66193976229422,2.3217214285714243,772555.1,8197141.0,160.31,153.0,153.33
2024-08-29,160.81,162.03,159.76,161.1,517165.0,153.95250000000001,154.00558279463425,4.0263844708319425,83.20926375807048,7.75,161.57772096315202,146.327279036848,2.3192214285714243,756645.7,7679976.0,161.51,154.21,153.35
2024-08-30,161.69,162.61,160.7925,162.37,687537.0,154.57,154.80219395705004,4.196769629966894,90.3508770921124,9.530000000000001,162.8282985376465,146.31170146235348,2.2233285714285693,733414.05,8367513.0,161.1,156.63,152.84
2024-09-03,161.96,164.88,161.89,163.57,660237.0,155.4225,155.63722310399766,4.378162337178281,90.68514231950806,10.919999999999987,163.70196063588125,147.14303936411878,2.330114285714284,719524.0,9027750.0,162.37,157.94,152.65
2024-09-04,163.57,165.14,161.6,163.0,895802.0,156.0605,156.33843995123598,4.42491545722919,86.54572931128962,9.900000000000006,164.62025030378885,147.50074969621113,2.452614285714284,722108.25,8131948.0,163.57,160.31,153.1
2024-09-05,164.02,164.42,159.89,161.15,844952.0,156.5725,156.796683765404,4.263540660071271,75.89641427207516,8.150000000000006,165.05978801766463,148.08521198233535,2.5811857142857133,689880.9,7286996.0,163.0,161.51,153.0
2024-09-06,161.25,161.25,158.0,159.53,1050395.0,156.8955,157.05699959727028,3.9592892872836103,70.68645633954176,5.319999999999993,165.31295673554632,148.47804326445367,2.6290428571428572,704690.65,6236601.0,161.15,161.1,154.21
2024-09-09,159.9,161.505,159.005,160.3,833472.0,157.257,157.36585677848262,3.737220100187301,72.83582083464475,3.670000000000016,165.6034082410564,148.9105917589436,2.6590428571428584,708102.35,7070073.0,159.53,162.37,156.63
2024-09-10,161.1,165.95,160.275,163.54,554211.0,157.82150000000001,157.95387041862713,3.7791064053980676,76.71443187952912,5.599999999999994,166.26860919097595,149.37439080902408,2.929864285714286,701874.0,7624284.0,160.3,163.57,157.94
2024-09-11,162.01,164.81,161.04,164.7,542360.0,158.4065,158.59635895018644,3.8613921840441208,78.39805819914696,4.389999999999986,167.0655658910372,149.74743410896278,3.1123642857142864,699510.3,8166644.0,163.54,163.0,160.31
2024-09-12,164.44,165.55,163.26,164.44,425905.0,158.96200000000002,159.15289619302584,3.8611158888653847,76.03053429697573,2.930000000000007,167.67512283132442,150.24887716867562,3.08539285714286,689061.75,7740739.0,164.7,161.15,161.51
2024-09-13,165.2,166.295,163.9978,166.18,675316.0,159.6035,159.82214417464243,3.955701516392793,75.17132308632593,5.0800000000000125,168.46485851531273,150.74214148468727,3.0573357142857156,690896.7,8416055.0,164.44,159.53,161.1
2024-09-16,167.12,167.39,165.95,166.65,552639.0,160.294,160.47241615800982,4.022220722951346,74.02095967808647,4.280000000000001,169.0882550625581,151.49974493744193,2.99805,684945.2,8968694.0,166.18,160.3,162.37
2024-09-17,165.9,166.29,163.3,164.0,660117.0,160.8615,160.80837652391364,3.817103625862103,60.021727276463665,0.4300000000000068,169.02073699993565,152.70226300006436,2.9214071428571424,692096.2,8308577.0,166.65,163.54,163.57
2024-09-18,164.18,166.415,162.97,163.92,1120963.0,161.4025,161.10472161687423,3.6065178247141603,56.96934639690162,0.9199999999999875,168.7935667985833,154.0114332014167,3.0574785714285713,720616.65,7187614.0,164.0,164.7,163.0
2024-09-19,165.0,165.5225,162.69,164.51,753149.0,161.978,161.4290338438386,3.447494557999903,59.759587817021504,3.359999999999985,168.33431339693607,155.62168660306395,3.0976571428571424,715665.3,7940763.0,163.92,164.44,161.15
2024-09-20,163.88,164.565,161.93,162.46,2367407.0,162.3905,161.52722109680636,3.1200832287341598,50.246575303920444,2.930000000000007,167.58969619294191,157.1913038070581,3.1560499999999974,797472.95,5573356.0,164.51,166.18,159.53
2024-09-23,163.37,164.42,162.58,163.66,984568.0,162.74200000000002,161.73034289711052,2.9237343727041605,50.246575303920444,3.359999999999985,167.19898789012294,158.2850121098771,3.073907142857138,803795.1,6557924.0,162.46,166.65,160.3
2024-09-24,162.62,163.71,162.2,162.89,512192.0,162.9895,161.84078643071905,2.6751563872421684,49.701896981255985,-0.6500000000000057,166.83096614007394,159.14803385992604,2.9289071428571396,797351.3,6045732.0,163.66,164.0,163.54
2024-09-25,163.65,163.735,161.46,161.56,765657.0,163.052,161.81404486588866,2.343818576564587,51.143335152481484,-3.1399999999999864,166.7478218230104,159.35617817698957,2.7678357142857117,798501.7,5280075.0,162.89,163.92,164.7
2024-09-26,161.28,162.2,158.36,158.72,1073123.0,162.9125,161.51937392628022,1.8309605360056196,47.88511745846518,-5.719999999999999,167.0389225617314,158.7860774382686,2.8099785714285668,823858.35,4206952.0,161.56,164.51,164.44
2024-09-27,160.07,160.07,157.54,157.77,636131.0,162.746,161.1622906952059,1.3324995579552308,43.455768204429326,-8.409999999999997,167.4135966993132,158.07840330068683,2.812121428571424,829806.65,3570821.0,158.72,162.46,166.18
2024-09-30,157.66,159.52,157.05,158.9,815804.0,162.5725,160.94683443851963,1.016924722633803,36.527293814670045,-7.75,167.54683359726832,157.59816640273166,2.583192857142854,836220.0,4386625.0,157.77,163.66,166.65
2024-10-01,159.6,159.705,156.95,157.81,702051.0,162.28449999999998,160.64808830151776,0.6711390286111509,29.912536418730298,-6.189999999999998,167.66597886151303,156.90302113848693,2.5106928571428546,838310.7,3684574.0,158.9,162.89,164.0
2024-10-02,156.39,157.29,155.5457,156.96,579470.0,161.9825,160.29684179661132,0.3247697352515786,28.917700089918384,-6.9599999999999795,167.85080514401105,156.11419485598893,2.4717142857142806,822494.1,3105104.0,157.81,161.56,163.92
2024-10-03,156.75,156.9,154.1663,155.15,527618.0,161.6825,159.80666638741025,-0.09469076221861883,19.03425040614934,-9.359999999999985,168.29613464049555,155.06886535950446,2.5028928571428537,806627.4,2577486.0,156.96,158.72,164.51
2024-10-04,154.28,154.85,152.59,154.62,515881.0,161.43699999999998,159.31269816003785,-0.4645280093827182,16.34023501797627,-7.840000000000003,168.7179198377868,154.15608016221316,2.561464285714282,779901.7,2061605.0,155.15,157.77,162.46
2024-10-07,153.72,153.89,152.52,153.54,480127.0,161.099,158.7629173828914,-0.8351466160240193,17.91411041406144,-10.120000000000005,169.18525838920004,153.01274161079994,2.445749999999996,762234.45,1581478.0,154.62,158.9,163.66
2024-10-08,154.48,154.675,152.1554,153.04,520673.0,160.574,158.21787763213985,-1.155886018763539,17.464114817912773,-9.849999999999994,169.32875786434,151.81924213566003,2.379649999999998,760557.55,1060805.0,153.54,157.81,162.89
2024-10-09,153.04,153.62,152.16,153.28,425819.0,160.003,157.74760357193605,-1.3748597842293862,15.69945020037919,-8.280000000000001,169.10736818236515,150.89863181763482,2.2816142857142836,754730.5,1486624.0,153.04,156.96,161.56
2024-10-10,152.72,153.825,151.57,152.21,383052.0,159.3915,157.2202127555612,-1.6161086342721092,16.699155280455585,-6.509999999999991,168.87600764474462,149.9069923552554,2.254471428571427,752587.85,1103572.0,153.28,155.15,158.72
2024-10-11,153.34,153.55,152.195,153.41,445005.0,158.753,156.85733535026964,-1.6909775779352572,16.699155280455585,-4.360000000000014,168.0303796209726,149.47562037902736,2.2198285714285726,741072.3,1548577.0,152.21,154.62,157.77
2024-10-14,152.85,154.29,152.0001,153.48,457519.0,158.09449999999998,156.53568436452966,-1.7247811368971782,17.971409104724273,-5.420000000000016,166.86767556382756,149.3213244361724,2.2755357142857133,736316.3,2006096.0,153.41,153.54,158.9
2024-10-15,153.0,154.34,152.51,152.66,609097.0,157.5275,156.1665715679078,-1.7970228866585103,18.61777149078634,-5.150000000000006,166.15828913267418,148.89671086732582,2.2437499999999995,733765.3,1396999.0,153.48,153.04,157.81
2024-10-16,152.81,154.99,152.81,153.91,503914.0,157.027,155.95165999001182,-1.7334285551447408,30.89753769399792,-3.0500000000000114,165.2481821406369,148.80581785936306,2.1251785714285734,702912.85,1900913.0,152.66,153.28,156.96
2024-10-17,153.49,153.94,152.29,152.96,550390.0,156.4495,155.66673999096307,-1.7396332406501926,30.89753769399792,-2.1899999999999977,164.05721485159702,148.84178514840298,2.0623214285714306,692774.9,1350523.0,153.91,152.21,155.15
2024-10-18,153.7,154.79,152.96,154.59,406627.0,156.056,155.56419332515705,-1.594641091227004,33.53705114824146,-0.030000000000001137,163.1516188113399,148.96038118866014,2.016607142857144,594735.9,1757150.0,152.96,153.41,154.62
2024-10-21,155.0,155.0,152.09,152.61,653815.0,155.50349999999997,155.282841579904,-1.6208194232568758,31.402002829783385,-0.9299999999999784,161.77962107830328,149.22737892169667,2.0276785714285706,578198.25,1103335.0,154.59,153.48,153.54
2024-10-22,152.61,154.97,152.31,153.91,444174.0,155.05450000000002,155.15209476277028,-1.5191549321340858,39.431739393482644,0.8700000000000045,160.30702610906064,149.8019738909394,2.0930857142857144,574797.35,1547509.0,152.61,152.66,153.04
2024-10-23,154.06,157.17,154.0266,156.34,819298.0,154.7935,155.2652285948874,-1.2283448045385228,53.953488321903734,3.0600000000000023,159.12250754398008,150.4644924560199,2.1223499999999995,577479.4,2366807.0,153.91,153.91,153.28
2024-10-24,156.64,157.91,155.84,156.07,486771.0,154.661,155.3418734906124,-1.0080423421252362,54.90196073234429,3.859999999999985,158.6313474592805,150.6906525407195,2.1087785714285707,548161.8,1880036.0,156.34,152.96,152.21
2024-10-25,156.55,156.55,153.24,153.32,428351.0,154.4385,155.14931411055406,-1.0433262551355256,49.3317132022695,-0.09000000000000341,158.16661946387026,150.71038053612975,2.2473500000000013,537772.8,1451685.0,156.07,154.59,153.41
2024-10-28,154.34,155.59,153.23,153.79,315381.0,154.18300000000002,155.01985562383462,-1.0215877111397447,52.282410180647986,0.3100000000000023,157.26877790244265,151.0972220975574,2.2359500000000003,512751.65,1767066.0,153.32,152.61,153.48
2024-10-29,153.61,154.1,150.97,150.97,680397.0,153.841,154.63415508823132,-1.2178713281069804,43.924250362180956,-1.6899999999999977,156.7450291429671,150.93697085703292,2.355235714285714,511668.95,1086669.0,153.79,153.91,152.66
2024-10-30,150.94,152.665,150.92,152.15,690440.0,153.6005,154.39756888935216,-1.2636448590299665,49.84309619781363,-1.759999999999991,156.19738457073623,151.0036154292638,2.318807142857143,517217.45,1777109.0,150.97,156.34,153.91
2024-10-31,153.4,154.69,149.99,151.34,1752390.0,153.41000000000003,154.106371852271,-1.349722185432853,44.4741056795175,-1.6200000000000045,156.08606152081768,150.73393847918237,2.5577357142857124,578456.05,24719.0,152.15,156.07,152.96
2024-11-01,150.73,152.59,149.03,149.17,1027700.0,153.1375,153.63624119967375,-1.5748856498727264,39.65434466849923,-5.420000000000016,156.35078082872516,149.9242191712748,2.648457142857142,604047.0,-1002981.0,151.34,153.32,154.59
2024-11-04,149.63,152.2,149.6,152.18,661541.0,153.0695,153.49755156160958,-1.4932343966599149,48.95742829342296,-0.4300000000000068,156.30440486316462,149.8345951368354,2.7034571428571406,613117.7,-341440.0,149.17,153.79,152.61
2024-11-05,150.92,155.03,150.6,155.03,565386.0,153.16899999999998,153.6434990319325,-1.1848952735276725,52.27457348773989,1.1200000000000045,156.52040441889508,149.81759558110488,2.8641714285714266,615353.35,223946.0,152.18,150.97,153.91
2024-11-06,157.7,157.7,149.51,153.59,1144957.0,153.1845,153.63840388603415,-1.044687752285995,51.25448025816158,-2.75,156.5409296506917,149.82807034930832,3.331314285714283,651310.25,-921011.0,155.03,152.15,156.34
2024-11-07,154.31,155.37,153.26,154.69,435222.0,153.3085,153.73855589688804,-0.8351839934530574,50.203417383936205,-1.3799999999999955,156.69643695958882,149.9205630404112,3.351314285714285,653918.75,-485789.0,153.59,151.34,156.07
2024-11-08,155.68,160.41,155.24,159.14,549200.0,153.595,154.25297914480348,-0.30653935057006265,62.07024026362348,5.819999999999993,157.87163172922476,149.31836827077524,3.512742857142856,659128.5,63411.0,154.69,149.17,153.32
2024-11-11,158.59,161.26,158.59,160.01,572054.0,153.9215,154.8012668452984,0.18053596052661192,61.45755068142726,6.219999999999999,159.0694675090009,148.77353249099912,3.513457142857141,664855.25,635465.0,159.14,152.18,153.79
2024-11-12,159.53,160.89,158.949,159.76,1150936.0,154.2765,155.27352714574616,0.5401472616933063,56.99672664492819,8.789999999999992,160.00470638778825,148.54829361221175,3.427571428571426,691947.2,-515471.0,160.01,155.03,150.97
2024-11-13,161.11,162.43,160.54,161.34,663162.0,154.648,155.8512864651989,0.9417783693109811,60.23300967598983,9.189999999999998,161.18304109438571,148.11295890561428,3.4147142857142847,699909.6,147691.0,159.76,153.59,152.15
2024-11-14,161.18,161.43,157.22,157.37,617590.0,154.86849999999998,155.9959258494657,0.9290189422973185,57.50834257303981,6.030000000000001,161.46107405203963,148.27592594796033,3.478999999999999,703269.6,-469899.0,161.34,154.69,151.34
2024-11-15,156.91,158.51,155.9,158.09,553097.0,155.0435,156.1953614828499,0.9658710272031783,57.89860393789199,8.920000000000016,161.78898823874115,148.29801176125883,3.49685714285714,710593.1,83198.0,157.37,159.14,149.17
2024-11-18,156.69,158.6,156.69,158.52,510007.0,155.339,156.4167556273404,1.0180386603662157,65.20338296766624,6.340000000000003,162.15307799686923,148.52492200313077,3.409714285714283,703402.7,593205.0,158.09,160.01,152.18
2024-11-19,157.97,158.31,156.54,158.13,450151.0,155.55,156.57992175806987,1.0161980463446127,62.43760395698305,3.0999999999999943,162.43870318557836,148.66129681442166,3.4114999999999975,703701.55,143054.0,158.52,159.76,155.03
2024-11-20,157.42,158.09,156.27,157.74,475193.0,155.62,156.69040540015845,0.9720642542042128,63.54784077520449,4.150000000000006,162.57067736192118,148.66932263807882,3.2057857142857125,686496.3,-332139.0,158.13,161.34,153.59
2024-11-21,157.51,159.38,157.3,158.53,565504.0,155.743,156.86560488585764,0.9894287845304177,71.04316542290451,3.8400000000000034,162.81324335172997,148.67275664827002,3.1000714285714253,690432.95,233365.0,157.74,157.37,154.69
2024-11-22,159.14,161.22,159.14,160.94,507143.0,156.124,157.25364251577597,1.1840086440784319,70.24029570317171,1.8000000000000114,163.46070340426522,148.78729659573477,3.0629285714285692,694372.55,740508.0,158.53,158.09,159.14
2024-11-25,161.49,163.29,161.085,161.98,1044565.0,156.5335,157.70377179998778,1.405927238948152,67.523953557976,1.9699999999999989,164.2272521473801,148.8397478526199,2.9039999999999964,730831.75,1785073.0,160.94,158.52,160.01
2024-11-26,161.94,163.67,161.49,163.16,520492.0,157.143,158.22341258094133,1.6579041752253545,74.45068977811395,3.4000000000000057,164.9120183624345,149.3739816375655,2.4747142857142808,722836.5,2305565.0,161.98,158.13,159.76
2024-11-27,164.12,166.12,163.96,165.2,520855.0,157.7955,158.88784947799454,1.9991635506531509,75.62164792497789,3.859999999999985,165.97980969985957,149.61119030014044,2.478285714285708,714357.25,2826420.0,163.16,157.74,161.34
2024-11-29,165.23,165.92,164.0,164.16,578363.0,158.43649999999997,159.38995905151887,2.1607865536164184,64.67836252014641,6.789999999999992,166.4992102012619,150.37378979873804,2.246142857142851,655655.9,2248057.0,165.2,158.53,157.37
2024-12-02,163.15,163.15,161.711,162.3,729639.0,159.09300000000002,159.66710580851708,2.1144138459256965,56.32946374855659,4.210000000000008,166.03976630565077,152.14623369434926,2.15821428571428,640752.85,1518418.0,164.16,160.94,158.09
2024-12-03,162.79,163.01,160.88,160.99,781985.0,159.5335,159.79309573151545,1.9494846436505213,53.21148821175144,2.469999999999999,165.70903159868678,153.35796840131323,2.1717142857142813,646775.05,736433.0,162.3,161.98,158.52
2024-12-04,161.41,161.41,159.505,160.0,523462.0,159.782,159.81280089994254,1.7190758994903774,46.390086171904024,1.8700000000000045,165.58313818233893,153.9808618176611,2.172785714285709,644678.85,212971.0,160.99,163.16,158.13
2024-12-05,158.69,159.7575,158.32,159.19,495609.0,160.06199999999998,159.75348652851946,1.454350234983366,55.909090858264456,1.4499999999999886,165.09440697877912,155.02959302122085,1.9747499999999942,612211.45,-282638.0,160.0,165.2,157.74
2024-12-06,159.19,159.99,158.36,158.94,609836.0,160.2745,159.67601162104143,1.2104272757829335,52.84661749900517,0.4099999999999966,164.67047172061953,155.87852827938045,1.9047499999999948,620942.15,-892474.0,159.19,164.16,158.53
2024-12-09,158.36,159.47,157.74,159.15,650461.0,160.275,159.62591527618034,1.0222776379388847,52.14140035826106,-1.789999999999992,164.67043064174396,155.87956935825605,1.8918928571428515,626005.2,-242013.0,158.94,162.3,160.94
2024-12-10,159.02,159.84,157.57,158.56,474703.0,160.2025,159.52439953559173,0.8161515383410176,51.441985196499836,-3.4199999999999875,164.6636769747529,155.74132302524708,1.9276071428571373,621137.65,-716716.0,159.15,160.99,161.98
2024-12-11,159.18,159.6275,157.3475,158.33,1095378.0,160.131,159.4106471988687,0.6270082803844161,51.99999995064409,-4.829999999999984,164.6672442150983,155.5947557849017,1.9604642857142807,618359.75,-1812094.0,158.56,160.0,163.16
2024-12-12,157.32,160.87,157.23,158.35,612814.0,159.9815,159.30963317992882,0.47326916625451076,49.35622312653881,-6.849999999999994,164.5469642929927,155.41603570700732,2.071892857142854,615842.35,-1199280.0,158.33,159.19,165.2
2024-12-13,158.0,158.79,156.43,157.22,387736.0,159.974,159.11062049612607,0.257282462406323,35.354330669688096,-6.939999999999998,164.55798309908494,155.39001690091504,2.0918928571428523,604349.65,-1587016.0,158.35,158.94,164.16
2024-12-16,157.26,160.73,156.16,158.55,437909.0,159.997,159.0572280679236,0.19122698261170967,36.79753652693113,-3.75,164.5456613415449,155.44833865845513,2.2608214285714245,598590.25,-1149107.0,157.22,159.15,162.3
2024-12-17,157.44,158.895,154.8,156.07,767875.0,159.87449999999998,158.77273015669277,-0.060539868880880476,25.19244224263859,-4.920000000000016,164.71334925424708,155.0356507457529,2.39760714285714,611483.65,-1916982.0,158.55,158.56,160.99
2024-12-18,155.44,157.74,150.7,150.87,633178.0,159.5115,158.0200891893887,-0.6719180018860129,8.939828073056887,-9.129999999999995,165.77956534410401,153.243434655896,2.7461785714285702,620635.0,-2550160.0,156.07,158.33,160.0
2024-12-19,150.45,152.95,149.25,149.43,852037.0,159.096,157.20198545706597,-1.2581325733071935,8.739495791464847,-9.759999999999991,166.79653559313337,151.39546440686664,2.8733214285714275,639477.2,-3402197.0,150.87,158.35,159.19
2024-12-20,150.08,154.45,150.08,153.4,2366752.0,158.8395,156.83989160401208,-1.3863846440983139,27.705410802210636,-5.539999999999992,166.9502452444959,150.72875475550407,3.0826785714285694,729539.6,-1035445.0,149.43,157.22,158.94
2024-12-23,152.93,153.59,151.62,153.33,495568.0,158.459,156.5056162131538,-1.476651826124396,29.540598268505974,-5.819999999999993,166.86353236120758,150.05446763879243,3.0712499999999983,728960.85,-1531013.0,153.4,158.55,159.15
2024-12-24,153.37,154.96,152.49,154.76,168049.0,158.098,156.33936704999627,-1.4164719621719826,36.325678470325656,-3.8000000000000114,166.4859678236498,149.71003217635024,3.111607142857141,685135.05,-1362964.0,153.33,156.07,158.56
2024-12-26,154.62,155.435,153.79,155.22,277807.0,157.701,156.23276066428232,-1.3164852087942336,39.447102575637444,-3.1100000000000136,165.82772498288358,149.5742750171164,3.12642857142857,673000.8,-1085157.0,154.76,150.87,158.33
2024-12-27,154.09,155.585,153.48,153.75,421779.0,157.1285,155.99630726768402,-1.3404102856771942,37.04443332408276,-4.599999999999994,164.61923329275658,149.63776670724343,3.1603571428571433,668047.0,-1506936.0,155.22,149.43,158.35
2024-12-30,153.16,153.585,151.095,153.04,410262.0,156.5725,155.71475419457124,-1.400517849780016,35.11933753084891,-4.180000000000007,163.4949086924505,149.65009130754947,3.214642857142859,659641.95,-1917198.0,153.75,153.4,157.22
2024-12-31,154.09,155.13,152.66,154.57,697500.0,156.186,155.60572998556447,-1.3095990712306786,40.70796457522533,-3.980000000000018,162.60696697095966,149.76503302904035,3.2289285714285723,658035.0,-1219698.0,153.04,153.33,158.55
2025-01-02,154.21,155.025,152.1169,152.47,505235.0,155.76,155.30708903455832,-1.3909635715554032,37.44644385071759,-3.5999999999999943,161.9658987219754,149.55410127802458,3.273792857142859,644197.5,-1724933.0,154.57,154.76,156.07
2025-01-03,152.1,155.2,151.51,155.06,550793.0,155.51299999999998,155.28355674555277,-1.2322495638719602,43.6510999378188,4.189999999999998,161.39302542064357,149.6329745793564,3.277364285714287,645564.05,-1174140.0,152.47,155.22,150.87
2025-01-06,154.5,154.93,149.39,149.77,617977.0,155.04199999999997,154.7584561031192,-1.5158525542750851,37.61223809356266,0.3400000000000034,161.18511287455453,148.8988871254454,3.5045071428571464,651682.45,-1792117.0,155.06,153.75,149.43
2025-01-07,150.0,151.73,147.64,148.26,644742.0,154.508,154.13955552186974,-1.8412297968498592,32.99173552192114,-5.140000000000015,161.06708722789992,147.9489127721001,3.4702214285714326,653427.75,-2436859.0,149.77,153.04,153.4
2025-01-08,148.22,149.48,146.845,149.34,672410.0,154.01749999999998,153.6824549959774,-1.9890184649999583,38.33622181848503,-3.990000000000009,160.5821738003729,147.45282619962705,3.365935714285718,654525.2,-1764449.0,148.26,154.57,153.33
2025-01-10,147.67,150.0,146.77,148.19,813859.0,153.499,153.15936404397954,-2.1738783222115217,44.596774168372775,-6.569999999999993,160.1899141850435,146.80808581495648,3.0937928571428586,671483.0,-2578308.0,149.34,152.47,154.76
2025-01-13,148.6,150.25,148.195,150.19,738815.0,153.09199999999998,152.87656746836242,-2.134393841996001,51.49842268450401,-5.030000000000001,159.5311486851531,146.65285131484686,2.9762928571428597,653654.85,-1839493.0,148.19,155.06,155.22
2025-01-14,150.2,151.92,149.895,151.37,483993.0,152.743,152.73308485232792,-1.9850040772460318,45.502879900884345,-2.3799999999999955,158.72244232569807,146.76355767430192,2.8087928571428598,647213.8,-1355500.0,150.19,149.77,153.75
2025-01-15,152.54,153.51,149.32,149.46,592308.0,152.355,152.42136248543954,-1.9977043575444782,42.07292090991311,-3.579999999999984,158.1142744426095,146.59572555739047,2.9673642857142886,657442.4,-1947808.0,151.37,148.26,153.04
2025-01-16,150.14,150.73,148.74,150.63,396646.0,151.959,152.25075653444532,-1.8915555246439055,41.44927533829029,-3.9399999999999977,156.96457962362516,146.95342037637485,2.933078571428573,655379.25,-1551162.0,149.46,149.34,154.57
2025-01-17,151.15,151.83,150.02,150.52,671623.0,151.6815,152.08592257878385,-1.7956092250820177,40.12605039656454,-1.9499999999999886,156.33010941290115,147.03289058709885,2.9448642857142864,650566.65,-2222785.0,150.63,148.19,152.47
2025-01-21,150.41,152.79,149.35,150.51,675098.0,151.6635,151.93583471413777,-1.7007725604670725,42.74843327670196,-4.550000000000011,156.32810028185722,146.99889971814278,3.040221428571428,652662.65,-2897883.0,150.52,150.19,155.06
2025-01-22,149.3,149.32,146.95,147.13,668549.0,151.5485,151.47813616993417,-1.8767179365040931,38.1847260881813,-2.640000000000015,156.5464459991635,146.55055400083648,3.031649999999999,643488.25,-3566432.0,150.51,151.37,149.77
2025-01-23,146.95,147.89,144.36,146.9,756172.0,151.2235,151.042123201369,-2.011527357199725,33.825390110773725,-1.3599999999999852,156.54911743393743,145.89788256606258,3.107364285714283,562959.25,-4322604.0,147.13,149.46,148.26
2025-01-24,147.4,149.41,146.32,148.41,685841.0,150.97750000000002,150.79144480123864,-1.9737680445572892,41.219723158430966,-0.9300000000000068,156.34776070130917,145.60723929869087,3.120357142857139,572472.9,-3636763.0,146.9,150.63,149.34
2025-01-27,149.59,154.47,149.18,153.63,818076.0,150.921,151.06178339159686,-1.5052811979621765,47.223300945198964,5.439999999999998,156.14550058051626,145.69649941948373,3.2346428571428527,604974.25,-2818687.0,148.41,150.52,148.19
2025-01-28,152.98,153.66,151.02,151.41,611194.0,150.7305,151.09494687811144,-1.2981729141858125,53.61552024909092,1.2199999999999989,155.55772749237926,145.90327250762076,3.027499999999993,621643.6,-3429881.0,153.63,150.51,150.19
2025-01-29,152.27,152.27,148.14,148.56,503449.0,150.471,150.85352336591035,-1.3484650233161517,50.624479570826715,-2.8100000000000023,155.17110033487774,145.77089966512227,3.0303571428571376,625727.1,-3933330.0,151.41,147.13,151.37
2025-01-30,150.47,152.82,150.035,151.84,454784.0,150.411,150.94747352153794,-1.110848128494439,54.76735313627983,2.3799999999999955,155.00239653104433,145.81960346895568,3.0410714285714238,627953.2,-3478546.0,148.56,146.9,149.46
2025-01-31,151.46,154.14,151.46,152.58,934424.0,150.3115,151.1029522337724,-0.8529904686940313,58.5044556056156,1.950000000000017,154.59963921121494,146.02336078878506,3.0017857142857087,639799.4,-2544122.0,151.84,148.41,150.63
2025-02-03,152.01,154.35,150.26,152.49,873701.0,150.3125,151.23505202103217,-0.648424034734262,54.811715449064295,1.9699999999999989,154.60276744351262,146.02223255648738,3.147142857142851,658222.7,-3417823.0,152.58,153.63,150.52
2025-02-04,151.8,154.86,150.44,154.63,871918.0,150.291,151.5583803999815,-0.3100494892132417,56.55671758681439,4.1200000000000045,154.48430744978748,146.0976925502125,3.3182142857142827,674278.95,-2545905.0,152.49,151.41,150.51
2025-02-05,155.98,157.66,154.62,156.87,1118239.0,150.64600000000002,152.0642489333166,0.1372815591489598,64.70821751068223,9.740000000000009,155.75562929956484,145.53637070043519,3.236071428571425,699292.05,-1427666.0,154.63,148.56,147.13
2025-02-06,157.7,159.28,156.02,158.86,1591501.0,151.176,152.7114633206198,0.6449365792714445,65.82083810374891,11.960000000000008,157.33483242523545,145.01716757476453,3.3267857142857116,746630.0,163835.0,156.87,151.84,146.9
2025-02-07,159.87,161.22,157.525,158.13,1390930.0,151.61550000000003,153.22751443294172,0.9770886710566344,64.2883965114518,9.719999999999999,158.44110650862288,144.78989349137717,3.4614285714285677,782556.0,-1227095.0,158.86,152.58,148.41
2025-02-10,157.98,157.98,155.35,156.86,867239.0,152.049,153.57346543932823,1.1248763364603747,61.38400857442184,3.230000000000018,159.05740968521533,145.04059031478468,3.403571428571425,785225.0,-2094334.0,158.13,152.49,153.63
2025-02-11,155.56,156.1,154.255,156.03,674384.0,152.341,153.80742111177315,1.1616344636403824,67.5611680763277,4.6200000000000045,159.50812935267157,145.17387064732844,3.3660714285714244,782003.45,-2768718.0,156.86,154.63,151.41
2025-02-12,153.01,156.28,152.86,155.82,691865.0,152.56350000000003,153.99909529160428,1.160443429794043,67.61453392785921,7.259999999999991,159.87847749753934,145.24852250246073,3.3582142857142827,792397.05,-3460583.0,156.03,156.87,148.56
2025-02-13,156.07,157.38,155.6578,156.99,605872.0,152.94,154.28394335907055,1.2396191904011005,67.17373895354552,5.150000000000006,160.3568286597747,145.5231713402253,3.2605142857142817,793075.25,-2854711.0,155.82,158.86,151.84
2025-02-14,158.0,158.93,156.95,157.0,688437.0,153.2585,154.54261542011145,1.2883224878522128,58.52301462724723,4.4199999999999875,160.80363513534132,145.71336486465867,3.024085714285712,807664.8,-2166274.0,156.99,158.13,152.58
2025-02-18,157.0,158.01,156.39,157.56,524600.0,153.6105,154.82998538010082,1.3564709688996572,66.97956924695117,5.069999999999993,161.27365168088483,145.94734831911518,2.95122857142857,800313.65,-1641674.0,157.0,156.86,152.49
2025-02-19,157.14,158.01,156.535,157.46,719694.0,153.958,155.08046296294836,1.386428086883825,78.97135409468751,2.8300000000000125,161.65938634136648,146.2566136586335,2.761585714285711,802543.45,-2361368.0,157.56,156.03,154.63
2025-02-20,157.12,160.65,156.58,160.08,849644.0,154.6055,155.55660934742946,1.6031018620921031,78.02721081004205,3.210000000000008,162.06346776326748,147.14753223673253,2.853371428571425,811598.2,-1511724.0,157.46,155.82,156.87
2025-02-21,160.01,161.19,158.76,160.67,1041296.0,155.294,156.04359893338855,1.8016570778582377,77.80068721036349,1.8099999999999739,162.28457832108353,148.3034216789165,2.8355142857142845,825854.4,-470428.0,160.08,156.99,158.86
2025-02-24,161.14,163.91,159.81,162.85,762890.0,156.016,156.69182760639916,2.11059171040597,81.12980762404936,4.719999999999999,162.99569807822704,149.03630192177295,2.8362285714285695,829706.85,292462.0,160.67,157.0,158.13
2025-02-25,163.0,165.52,162.85,164.72,1029977.0,156.5705,157.45641545340877,2.4777559756738015,80.81857048677698,7.859999999999985,164.4554502885359,148.68554971146412,2.7112285714285695,840301.9,1322439.0,162.85,157.56,156.86
2025-02-26,164.65,165.62,163.3025,164.22,632208.0,157.21099999999998,158.10056636260794,2.6972977108474367,75.11961715299552,8.189999999999998,165.4059712436508,149.01602875634916,2.659621428571427,841352.6,690231.0,164.72,157.46,156.03
2025-02-27,163.93,167.73,163.9,166.9,813243.0,158.128,158.9386076614072,3.0523540821561426,76.24020880761333,11.080000000000013,166.35142635722417,149.9045736427758,2.700335714285712,856842.3,1503474.0,164.22,160.08,155.82
2025-02-28,168.08,169.045,165.885,168.12,1005518.0,158.942,159.8130259793684,3.3930694262623717,81.59392782148548,11.129999999999995,167.747102826744,150.13689717325602,2.6621214285714268,884379.0,2508992.0,166.9,160.67,156.99
2025-03-03,168.0,171.265,167.6132,170.92,882110.0,159.85899999999998,160.87083302895238,3.844706012940833,90.5420991195161,13.919999999999987,169.6402536060225,150.07774639397746,2.7351071428571396,881763.3,3391102.0,168.12,162.85,157.0
2025-03-04,172.58,173.376,168.09,168.15,924532.0,160.642,161.564087026195,3.933769367028674,81.43153521057882,10.590000000000003,170.446651098227,150.837348901773,2.9808928571428543,884304.85,2466570.0,170.92,164.72,157.56
2025-03-05,166.1,170.62,165.9,170.03,1121317.0,161.41199999999998,162.37036445227167,4.1086905775871685,83.91408108950857,12.569999999999993,171.63844168192222,151.18555831807774,3.0737499999999978,896774.8,3587887.0,168.15,164.22,157.46
2025-03-06,168.6,168.84,165.44,166.77,606854.0,161.907,162.78937736157914,3.93885744537414,71.22395829005495,6.689999999999998,172.16610040172657,151.64789959827345,3.1935928571428565,871205.55,2981033.0,170.03,166.9,160.08
2025-03-07,167.58,168.34,165.9,166.36,918344.0,162.28199999999998,163.12943666047636,3.7282034820121055,69.96587026537883,5.690000000000026,172.62013502473002,151.94386497526995,3.2264499999999976,837547.7,2062689.0,166.77,168.12,160.67
2025-03-10,167.81,171.56,166.5,167.34,948640.0,162.7425,163.53044269281193,3.598851191833745,70.49455150934945,4.490000000000009,173.122328362848,152.362671637152,3.472164285714283,815433.2,3011329.0,166.36,170.92,162.85
2025-03-11,167.84,167.89,163.645,165.0,898488.0,163.14950000000002,163.67040053159175,3.2698275890805064,64.44444440987655,0.28000000000000114,173.19097708782647,153.10802291217357,3.6700214285714248,816995.65,2112841.0,167.34,168.15,164.72
2025-03-12,164.53,165.3,161.56,161.77,855495.0,163.4365,163.4894100047735,2.717118753999415,53.16360910728976,-2.4499999999999886,172.93460900847762,153.93839099152237,3.6464499999999975,826051.2,1257346.0,165.0,170.03,164.22
2025-03-13,161.7,162.76,158.68,161.74,1191153.0,163.7325,163.3227995281284,2.2507272877222135,52.04588907347452,-5.159999999999997,172.57773749346913,154.88726250653085,3.7643071428571386,851015.6,66193.0,161.77,166.77,166.9
2025-03-14,162.2,163.6,161.225,163.31,1081059.0,164.04850000000002,163.3215805254495,1.9849137196962374,50.9005481318478,-4.810000000000002,172.311947158871,155.78505284112904,3.6410928571428536,874774.95,1147252.0,161.74,166.36,168.12
2025-03-17,162.49,164.98,162.49,164.49,662357.0,164.423,163.43285857064478,1.8481661809898924,49.53722331213197,-6.429999999999978,171.991080059669,156.854919940331,3.628235714285708,873470.95,1809609.0,163.31,167.34,170.92
2025-03-18,164.44,165.195,161.56,162.32,626605.0,164.661,163.3268720401072,1.5468606599978614,46.41779786388199,-5.8300000000000125,171.5929880948726,157.7290119051274,3.7223428571428507,878571.2,1183004.0,164.49,165.0,168.15
2025-03-19,162.32,162.955,160.01,161.79,753218.0,164.8775,163.1805032743827,1.2508878368844876,39.515798089732364,-8.240000000000009,171.09631652305777,158.65868347694223,3.6591285714285675,880247.4,429786.0,162.32,161.77,170.03
2025-03-20,162.13,163.04,160.52,162.57,686953.0,165.002,163.12236010539385,1.0669673875861463,38.40367736992677,-4.200000000000017,170.9082593024229,159.09574069757713,3.613414285714281,872112.85,1116739.0,161.79,161.74,166.77
2025-03-21,161.85,162.62,159.57,161.27,1539253.0,165.032,162.9459448572611,0.8070072932630978,28.48863127958802,-5.090000000000003,170.8510634080973,159.21293659190272,3.5704285714285686,897010.7,-422514.0,162.57,163.31,166.36
2025-03-24,162.03,164.11,161.21,163.71,472244.0,165.075,163.01871201371245,0.7887820650241224,39.95475110591101,-3.6299999999999955,170.83861911156927,159.3113808884307,3.3999999999999977,882478.4,49730.0,161.27,164.49,167.34
2025-03-25,163.74,164.82,161.7025,163.04,605919.0,164.99099999999999,163.02073944097793,0.7120667772012439,33.26950691882365,-1.960000000000008,170.82494386780672,159.15705613219325,3.2855357142857122,861275.5,-556189.0,163.71,162.32,165.0
2025-03-26,163.81,164.59,162.635,164.5,501022.0,165.00500000000002,163.16162139898003,0.7603147223291558,44.05447875239585,2.7299999999999898,170.83249381901132,159.17750618098873,3.182321428571427,854716.2,-55167.0,163.04,161.79,161.77
2025-03-27,165.0,166.81,164.0,165.25,717044.0,164.92249999999999,163.36051459907716,0.8492803235282054,47.14359234894437,3.509999999999991,170.68337301498866,159.1616269850113,3.208749999999999,849906.25,661877.0,164.5,162.57,161.74
2025-03-28,166.45,166.45,163.86,165.9,527554.0,164.8115,163.602370351546,0.9611561612365449,46.23036645826048,2.5900000000000034,170.3958098805665,159.2271901194335,3.0323214285714255,826008.05,1189431.0,165.25,161.27,163.31
2025-03-31,167.54,169.42,166.285,167.58,976099.0,164.64450000000002,163.98119222282733,1.1718719182874224,56.99566156193391,3.0900000000000034,169.62698500672028,159.66201499327977,2.953035714285712,830707.5,2165530.0,165.9,163.71,164.49
2025-04-01,167.41,169.02,164.77,167.48,588070.0,164.611,164.3144120111295,1.3156307374208325,68.64794245845374,5.159999999999997,169.50242278301434,159.71957721698564,2.9894642857142832,813884.4,1577460.0,167.58,163.04,162.32
2025-04-02,167.52,168.71,166.65,168.0,511502.0,164.5095,164.6654203910219,1.4547508294778595,69.81012652042129,6.210000000000008,168.99485147951899,160.02414852048102,2.84517857142857,783393.65,2088962.0,167.48,164.5,161.79
2025-04-03,166.24,168.45,163.12,163.64,1011475.0,164.353,164.56776130616268,1.19936342776208,50.887573926173914,1.0699999999999932,168.72320100706946,159.98279899293055,3.0562499999999977,803624.7,1077487.0,168.0,165.25,162.57
2025-04-04,162.73,164.125,152.7018,153.08,1386533.0,163.68900000000002,163.47368880081385,0.14321246142907285,29.603146213284134,-8.189999999999998,170.25771660941618,157.12028339058386,3.694335714285714,827034.15,-309046.0,163.64,165.9,161.27
2025-04-07,149.93,156.24,146.16,150.71,1861632.0,162.85750000000002,162.25809939121254,-0.8749481242897161,29.392971231398647,-13.0,171.39534115447384,154.3196588455262,4.154692857142858,872683.75,-2170678.0,153.08,167.58,163.71
2025-04-08,154.36,154.36,148.74,149.97,2130699.0,162.106,161.08780421109705,-1.7217127071259313,29.17547567271123,-13.069999999999993,172.32931988513323,151.88268011486676,4.345764285714286,934294.3,-4301377.0,150.71,167.48,163.04
2025-04-09,146.98,158.74,146.645,157.85,2457795.0,161.91,160.77944190527828,-1.7369076058480175,43.3483652591072,-6.650000000000006,172.30923681410636,151.51076318589364,5.029692857142858,1014409.3,-1843582.0,149.97,168.0,164.5
2025-04-10,156.35,157.53,150.49,154.87,1545079.0,161.56650000000002,160.21663791429938,-1.9667394198798718,41.388589866,-10.379999999999995,172.4327437707004,150.70025622929964,5.314692857142857,1032105.6,-3388661.0,157.85,163.64,165.25
2025-04-11,152.69,155.6,150.01,154.3,1588648.0,161.11599999999999,159.65314858912802,-2.1698641810742743,36.66761120676265,-11.599999999999994,172.41630907821684,149.81569092178313,5.506835714285714,1057485.05,-4977309.0,154.87,153.08,165.9
2025-04-14,156.61,158.985,155.09,158.43,1064278.0,160.81300000000002,159.53665824730632,-1.9748210261003862,44.05161288731041,-9.150000000000006,172.05722864828033,149.5687713517197,5.562371428571429,1077581.1,-3913031.0,154.3,150.71,167.58
2025-04-15,157.52,158.2,154.72,154.89,1545037.0,160.4415,159.09411936661047,-2.0818975169202645,38.231692369942586,-12.590000000000003,171.9636147090493,148.9193852909507,5.671299999999998,1123502.7,-5458068.0,158.43,149.97,167.48
2025-04-16,155.01,156.32,153.06,153.82,1642383.0,160.043,158.59182228407613,-2.2274201519852,36.11178613595226,-14.180000000000007,171.91473219303845,148.17126780696157,5.703442857142854,1167960.95,-7100451.0,154.89,157.85,168.0
2025-04-17,154.48,157.95,154.07,157.08,895688.0,159.76850000000002,158.44783920940222,-2.055992927013449,39.922303460719576,-6.559999999999974,171.6480911235709,147.88890887642913,5.795585714285713,1178397.7,-6204763.0,153.82,154.87,163.64
2025-04-21,155.91,157.62,153.29,154.82,577389.0,159.446,158.10233071326869,-2.0785386290781673,35.61118627653232,1.7399999999999807,171.50284151710082,147.38915848289918,5.880942857142857,1130304.5,-6782152.0,157.08,154.3,153.08
2025-04-22,157.11,160.005,156.47,158.32,581685.0,159.1765,158.12306112152882,-1.793313311561036,40.4063678138733,7.609999999999985,171.07191136653168,147.28108863346833,5.829871428571429,1135776.55,-6200467.0,154.82,158.43,150.71
2025-04-23,159.59,161.87,158.8925,159.52,599797.0,159.0005,158.25610291947845,-1.4536830677904788,41.24328788563806,9.550000000000011,170.75859414381426,147.2424058561857,5.895407142857143,1135470.45,-5600670.0,158.32,154.89,149.97
2025-04-24,159.55,161.07,158.38,159.46,683403.0,158.7485,158.37075978429002,-1.1758111324398612,45.26291929660744,1.6100000000000136,170.22293157633797,147.27406842366204,5.706835714285715,1144589.5,-6284073.0,159.52,153.82,157.85
2025-04-25,159.08,159.83,158.015,159.38,366610.0,158.455,158.46687790007192,-0.951087409502037,59.36385253177481,4.509999999999991,169.5222936833602,147.38770631663982,5.020535714285716,1127067.8,-6650683.0,159.46,157.08,154.87
2025-04-28,159.03,161.07,159.03,160.44,676609.0,158.18200000000002,158.65479429054128,-0.6796248070920399,65.04794305874813,6.139999999999986,168.73338125156363,147.6306187484364,4.44625,1134520.55,-5974074.0,159.38,154.82,154.3
2025-04-29,159.59,160.85,157.41,157.49,1309400.0,157.6775,158.5438615009659,-0.6945230552655062,60.88592933258821,-0.9399999999999977,167.2569887788031,148.0980112211969,4.290535714285714,1151185.6,-7283474.0,160.44,158.32,158.43
2025-04-30,157.56,159.94,155.21,159.65,957852.0,157.286,158.64920802468345,-0.5259729869653427,53.12283134130052,4.760000000000019,165.7542401079782,148.8177598920218,3.764464285714285,1169674.7,-6325622.0,157.49,159.52,154.89
2025-05-01,157.94,163.73,156.09,162.07,1056653.0,156.98950000000002,158.97499773661835,-0.19487566294708358,62.738853472103855,8.25,164.20011052966947,149.77888947033057,3.807321428571427,1196932.25,-5268969.0,159.65,159.46,153.82
2025-05-02,165.0,169.0,163.965,167.77,1026370.0,157.196,159.81261699979754,0.5214527323714719,70.17070976392958,10.689999999999998,165.37946831632317,149.01253168367683,3.7676785714285694,1197677.0,-4242599.0,162.07,159.38,157.08
2025-05-05,167.07,167.74,164.765,165.34,653826.0,157.809,160.33903442838826,0.8828900479929018,60.902492873062926,10.52000000000001,166.51436894227407,149.10363105772592,3.701964285714285,1161041.65,-4896425.0,167.77,160.44,154.82
2025-05-06,164.05,165.33,163.48,164.65,471805.0,158.506,160.74960257806558,1.1009632719356546,66.92094310204948,6.3300000000000125,167.04887859780897,149.96312140219104,3.5855357142857156,1091550.3,-5368230.0,165.34,157.49,158.32
2025-05-07,164.64,166.04,164.47,164.82,820045.0,159.2485,161.13725947539265,1.2728330254870173,69.68503933516136,5.299999999999983,167.23053054235018,151.26646945764983,3.46482142857143,1026017.6,-4548185.0,164.65,159.65,159.52
2025-05-08,165.15,165.29,161.5,161.66,956491.0,159.43900000000002,161.18704428726002,1.1409038235630078,58.22557468336354,2.1999999999999886,167.46225016174614,151.4157498382539,3.4583928571428584,950952.4,-5504676.0,164.82,162.07,159.46
2025-05-09,161.41,163.59,160.9,163.02,632899.0,159.8465,161.36161149799716,1.1330287642371957,65.21900516284092,3.640000000000015,167.71912084362216,151.97387915637782,3.34125,905343.4,-4871777.0,161.66,167.77,159.38
2025-05-12,163.64,164.81,161.7975,163.63,548874.0,160.31300000000002,161.5776484981879,1.1626078059136944,61.03950100396869,3.1899999999999977,167.90239731329277,152.72360268670727,3.303928571428571,853354.7,-4322903.0,163.02,165.34,160.44
2025-05-13,163.86,163.86,159.85,160.93,677282.0,160.438,161.51596768883667,0.9571485615757638,52.75929547011232,3.4399999999999977,167.97901096112832,152.89698903887165,3.377678571428573,834004.9,-5000185.0,163.63,164.65,157.49
2025-05-14,160.08,160.775,157.52,158.34,819207.0,160.6105,161.21349457561413,0.5786588566206774,48.005697981763525,-1.3100000000000023,167.76508917869214,153.45591082130787,3.4180357142857156,797713.4,-5819392.0,160.93,164.82,159.65
2025-05-15,159.34,161.38,158.85,160.9,965732.0,160.9645,161.18363794936516,0.479743459785567,52.48691097071936,-1.1699999999999875,167.36532716694668,154.5636728330533,3.4691071428571427,763880.85,-4853660.0,158.34,161.66,162.07
2025-05-16,161.0,163.63,160.35,163.2,1660837.0,161.2705,161.37567243037802,0.5802542632932557,54.33962261758632,-4.570000000000022,167.47144551364786,155.06955448635213,3.5576785714285717,802138.3,-3192823.0,160.9,163.02,167.77
2025-05-19,161.85,162.645,161.12,161.34,693017.0,161.59650000000002,161.3722750560563,0.5040133912460476,56.26831648362891,-4.0,167.00440950952685,156.1885904904732,3.420892857142858,807919.7,-3885840.0,163.2,163.63,165.34
2025-05-20,160.15,161.63,159.81,160.35,593100.0,161.698,161.2749155269081,0.35956241296125313,51.184834098964515,-4.300000000000011,166.91998429718754,156.47601570281248,3.2130357142857155,808490.45,-4478940.0,161.34,160.93,164.65
2025-05-21,158.91,159.365,155.89,156.04,538542.0,161.524,160.77635214339304,-0.10152667159761108,40.40725419771868,-8.780000000000001,167.25833022749538,155.78966977250462,2.915535714285718,805427.7,-5017482.0,160.35,158.34,164.82
2025-05-22,157.25,157.5699,154.01,154.41,668531.0,161.2715,160.1700328916413,-0.5916502942964712,25.584795308545722,-7.25,167.7808593346381,154.7621406653619,2.8101714285714325,804684.1,-5686013.0,156.04,160.9,161.66
2025-05-23,154.46,154.52,152.145,152.76,659325.0,160.9405,159.46431547338975,-1.1005317617180879,26.33559065580512,-10.26000000000002,168.45108894600548,153.4299110539945,2.767314285714288,819319.85,-6345338.0,154.41,163.2,163.02
2025-05-27,153.99,154.89,152.29,154.23,970369.0,160.63,158.9658092378288,-1.3694214383394296,30.957602323340353,-9.400000000000006,168.71890858554676,152.54109141445323,2.8208857142857147,834007.85,-5374969.0,152.76,161.34,163.63
2025-05-28,154.26,154.9,152.77,154.82,885975.0,160.4965,158.5709702627975,-1.5174185190160472,32.00143986868176,-6.110000000000014,168.88615095566934,152.10684904433066,2.8608857142857147,812836.6,-4488994.0,154.23,160.35,160.93
2025-05-29,154.52,156.765,153.85,155.75,701635.0,160.30149999999998,158.30230642824534,-1.5418900948280339,38.434442248998735,-2.5900000000000034,168.95125637016588,151.65174362983407,2.7983857142857147,800025.75,-3787359.0,154.82,156.04,158.34
2025-05-30,154.76,156.71,154.35,156.65,1329352.0,160.0305,158.1449439112696,-1.471696712973312,37.305699461049,-4.25,168.7859361459227,151.27506385407727,2.7748142857142875,813660.7,-2458007.0,155.75,154.41,160.9
2025-06-02,155.52,156.2275,153.77,155.67,759228.0,159.4255,157.90923496733916,-1.478107063793999,34.36763548777898,-7.530000000000001,167.5808017305219,151.2701982694781,2.7351714285714297,800303.6,-3217235.0,156.65,152.76,163.2
2025-06-03,154.75,155.36,149.778,152.42,1252792.0,158.7795,157.38645068473542,-1.7255441527412927,33.64090732522209,-8.920000000000016,167.00867652720194,150.55032347279808,2.8474571428571442,830251.9,-4470027.0,155.67,154.23,161.34
2025-06-04,151.9,152.63,150.845,151.86,859864.0,158.14000000000001,156.86012204809396,-1.9444131637086457,36.48874059587814,-8.48999999999998,166.43590133423893,149.8440986657611,2.7424571428571443,849654.85,-5329891.0,152.42,154.82,160.35
2025-06-05,151.86,151.91,149.27,149.82,974114.0,157.39,156.18963423398978,-2.2564682217177676,26.38533672764727,-6.219999999999999,165.8535988363824,148.92640116361758,2.750314285714286,857358.3,-6304005.0,151.86,155.75,156.04
2025-06-06,150.75,151.8871,148.55,149.89,645259.0,156.80149999999998,155.58966906884788,-2.4696570196255436,18.652849728632148,-4.52000000000001,165.6433247104644,147.95967528953554,2.754392857142857,841796.7,-5658746.0,149.82,156.65,154.41
2025-06-09,149.57,151.8,147.7201,151.0,1230956.0,156.2005,155.15255772895762,-2.519994032007702,24.755859358077103,-1.759999999999991,164.89542889108952,147.5055711089105,2.9368857142857143,871699.55,-4427790.0,149.89,155.67,152.76
2025-06-10,151.92,152.935,150.84,151.86,1811056.0,155.612,154.83898080239024,-2.4621099929110244,29.140049120002033,-2.369999999999976,163.76609900150618,147.4579009984938,2.9565285714285716,934808.65,-2616734.0,151.0,152.42,154.23
2025-06-11,151.86,152.265,149.76,150.36,1399981.0,155.08350000000002,154.4124112021626,-2.5083591361496644,33.80843782934343,-4.4599999999999795,163.15607155923647,147.01092844076356,2.8872428571428554,970943.6,-4016715.0,151.86,151.86,154.82
2025-06-12,150.59,151.45,149.23,151.45,907656.0,154.73899999999998,154.13027680195663,-2.429057363631216,41.29411761305189,-4.300000000000011,162.81449092527845,146.6635090747215,2.7915357142857125,975366.05,-3109059.0,150.36,149.82,155.75
2025-06-13,150.51,151.17,148.93,149.85,862796.0,154.1865,153.72263139224648,-2.4668801075141573,41.415929169331996,-6.800000000000011,161.99477705235654,146.37822294764345,2.781892857142854,970219.25,-3971855.0,151.45,149.89,156.65
2025-06-16,150.84,151.41,149.12,149.53,663969.0,153.503,153.3233331644135,-2.4939277831202844,35.12658224735624,-6.139999999999986,160.31938922783186,146.6866107721681,2.759749999999997,920375.85,-4635824.0,149.85,151.0,155.67
2025-06-17,149.65,150.57,148.6,148.99,840633.0,152.8855,152.9106347678027,-2.5297750755966604,31.492063464070597,-3.4299999999999784,158.90341177280786,146.86758822719216,2.7483214285714257,927756.65,-5476457.0,149.53,151.86,152.42
2025-06-18,149.51,150.21,148.53,148.92,1187081.0,152.314,152.53057431372625,-2.534615261148275,27.065144366762098,-2.940000000000026,157.4540733150651,147.17392668493488,2.660107142857141,957455.7,-6663538.0,148.99,150.36,151.86
2025-06-20,149.65,150.2339,147.91,148.56,1473185.0,151.94,152.15242437908566,-2.5382408736328728,21.8118466686156,-1.259999999999991,157.02679611709317,146.85320388290683,2.657528571428569,1004187.85,-8136723.0,148.92,151.45,149.82
2025-06-23,149.17,150.77,148.32,150.16,779776.0,151.72750000000002,151.96266967631558,-2.3845203036577516,31.596526356556353,0.27000000000001023,156.7342948566796,146.72070514332043,2.6569928571428574,1009750.1,-7356947.0,148.56,149.85,149.89
2025-06-24,149.9,150.16,148.34,149.17,1312697.0,151.548,151.6967011357141,-2.31588429808005,37.21479146176181,-1.8300000000000125,156.65533878587613,146.44066121412388,2.3882785714285695,1042418.7,-8669644.0,150.16,149.53,151.0
2025-06-25,148.14,148.19,145.24,145.91,1386993.0,151.132,151.14558674183658,-2.49577478603959,30.694354287493724,-5.950000000000017,156.65775062774537,145.60624937225464,2.471492857142855,1063249.9,-10056637.0,149.17,148.99,151.86
2025-06-26,146.64,147.5,145.405,147.46,1236027.0,150.764,150.79457848070928,-2.4846260254832373,42.09115277551773,-2.9000000000000057,156.235647110815,145.29235288918503,2.4325642857142844,1080752.5,-8820610.0,145.91,148.92,150.36
2025-06-27,147.9,149.08,147.02,147.85,956598.0,150.369,150.51414243492744,-2.4164653039591997,43.307086574389835,-3.5999999999999943,155.4519038530128,145.2860961469872,2.3413428571428563,1093500.65,-7864012.0,147.46,148.56,151.45
2025-06-30,147.48,148.1,145.13,148.01,825894.0,149.937,150.27565267922006,-2.3227614303553707,39.53813851969666,-1.8400000000000034,154.1697549819078,145.70424501809222,2.2620642857142843,1068327.75,-7038118.0,147.85,150.16,149.85
2025-07-01,148.02,150.1,146.0728,148.9,912340.0,149.5985,150.14463813834195,-2.151879347841202,39.66480443049525,-0.6299999999999955,152.8758048940315,146.3211951059685,2.4000785714285695,1075983.35,-6125778.0,148.01,149.17,149.53
2025-07-02,148.49,149.81,147.0,149.21,1680625.0,149.438,150.05562498230938,-1.9687451880612628,45.62071586910203,0.21999999999999886,152.436010568434,146.43998943156598,2.4218642857142845,1097375.0,-4445153.0,148.9,145.91,148.99
2025-07-03,148.92,150.941,148.01,150.47,403534.0,149.36849999999998,150.0950892697085,-1.7023153456347018,46.31578942493079,1.5500000000000114,152.18931193985358,146.54768806014638,2.4726499999999993,1074558.5,-4041619.0,149.21,147.46,148.92
2025-07-07,150.47,152.305,148.905,150.09,1262440.0,149.382,150.0946045773553,-1.5044878013331413,50.99337742434546,1.5300000000000011,152.21447037426225,146.54952962573776,2.5555071428571443,1088974.8,-5304059.0,150.47,147.85,148.56
2025-07-08,148.73,151.585,148.73,150.26,1186508.0,149.4005,150.1103565223691,-1.3187882973780063,53.059513768412934,0.09999999999999432,152.25171193068928,146.5492880693107,2.595864285714289,1116037.25,-4117551.0,150.09,148.01,150.16
2025-07-09,151.0,151.06,149.505,150.23,800799.0,149.36200000000002,150.12175113928632,-1.1606614689529806,55.42907173590124,1.0600000000000023,152.14218250063962,146.58181749936043,2.566221428571432,1094529.4,-4918350.0,150.26,148.9,149.17
2025-07-10,150.07,152.83,149.0682,151.1,1219310.0,149.324,150.21491769744952,-0.9541443074353424,58.91980353315248,5.189999999999998,151.9783501534015,146.66964984659853,2.7149214285714334,1064942.1,-3699040.0,150.23,149.21,145.91
2025-07-11,149.35,151.5,149.35,150.72,940004.0,149.342,150.26302077388291,-0.8117830634265317,58.82352934448289,3.259999999999991,152.03059266649603,146.653407333504,2.7025000000000046,1041943.25,-4639044.0,151.1,150.47,147.46
2025-07-14,151.0,152.75,150.78,151.26,696555.0,149.3325,150.35797117637026,-0.647918464121318,54.919499036773416,3.4099999999999966,151.9909037553269,146.6740962446731,2.668214285714289,1031388.2,-3942489.0,150.72,150.09,147.85
2025-07-15,149.44,149.7,146.785,147.43,1022677.0,149.21149999999997,150.07911677862072,-0.8176778981229802,43.7945791288785,-0.5799999999999841,151.98838409249964,146.4346159075003,2.7464285714285745,1039382.25,-4965166.0,151.26,150.26,148.01
2025-07-16,147.72,150.585,147.525,150.36,1027598.0,149.253,150.10586756160922,-0.7076298433023567,66.25273915795931,1.460000000000008,152.07437778959127,146.4316222104087,2.7542857142857184,1057563.7,-3937568.0,147.43,150.23,148.9
2025-07-17,150.69,151.57,150.195,150.66,867192.0,149.33649999999997,150.15864207955119,-0.5894140756417414,62.86173626366044,1.4499999999999886,152.2231974391653,146.44980256083466,2.7028571428571473,1058891.65,-3070376.0,150.36,151.1,149.21
