Date,Open,High,Low,Close,Volume,SMA_20,EMA_20,MACD,RSI_14,Momentum_10,Bollinger_Upper,Bollinger_Lower,ATR_14,Volume_MA_20,OBV,Lag_1,Lag_5,Lag_10
2023-08-15,35.34,35.4402,35.145,35.29,567369.0,35.471500000000006,35.51039811011117,0.08402189349387612,49.87080085318059,-0.21000000000000085,36.40434567460624,34.53865432539377,0.6185785714285709,771540.5,6466009.0,35.59,36.01,35.5
2023-08-16,35.29,35.5,34.61,34.68,499527.0,35.463,35.431312575814864,0.01076647475627368,51.46666647452445,-1.1899999999999977,36.422409906359654,34.50359009364035,0.6200071428571425,765841.85,5966482.0,35.29,36.14,35.87
2023-08-17,34.63,34.79,34.16,34.17,474374.0,35.403499999999994,35.3111875685944,-0.08028584114801873,45.04716966258006,-1.3599999999999994,36.5238998346455,34.28310016535449,0.6192928571428575,731782.05,5492108.0,34.68,36.16,35.53
2023-08-18,33.94,34.5,33.76,34.24,590741.0,35.3465,35.20916970491874,-0.14519375868781026,35.09749289934118,-1.2899999999999991,36.582014382544244,34.11098561745575,0.6171500000000003,715288.8,6082849.0,34.17,35.96,35.53
2023-08-21,34.17,34.25,33.41,33.65,459389.0,35.2585,35.06067735206934,-0.23445322230431032,26.81704251242131,-2.3400000000000034,36.70727843280759,33.809721567192405,0.6264357142857148,710484.95,5623460.0,34.24,35.59,35.99
2023-08-22,33.75,33.93,33.38,33.58,466253.0,35.183,34.91966046139607,-0.3059732242980715,18.97018962992334,-2.4299999999999997,36.81459721551742,33.551402784482576,0.6110785714285717,704000.2,5157207.0,33.65,35.29,36.01
2023-08-23,33.69,34.11,33.64,34.07,387601.0,35.121500000000005,34.838740417453586,-0.3236560671012896,30.989583220350454,-2.0700000000000003,36.82564077748105,33.41735922251896,0.5939357142857143,682005.5,5544808.0,33.58,34.68,36.14
2023-08-24,33.99,34.52,33.9,33.99,540982.0,35.0925,34.75790799674372,-0.3393220824377394,30.357142748724485,-2.1699999999999946,36.854901173041156,33.330098826958846,0.5967928571428577,682683.45,5003826.0,34.07,34.17,36.16
2023-08-25,34.02,34.19,33.771,33.82,391525.0,35.054,34.66858342562527,-0.35973819526692097,20.11019275990553,-2.1400000000000006,36.89453081588181,33.213469184118196,0.5931500000000004,671169.5,4612301.0,33.99,34.24,35.96
2023-08-28,33.94,34.465,33.9,34.05,434476.0,34.991,34.60967071842286,-0.3549040914051105,24.47916657741966,-1.5400000000000063,36.88024824926965,33.10175175073035,0.5863714285714293,649563.7,5046777.0,33.82,33.65,35.59
2023-08-29,34.14,34.38,33.85,34.36,316747.0,34.934,34.58589255476354,-0.324495834476366,27.860696420385594,-0.9299999999999997,36.82737237419595,33.04062762580404,0.5653000000000006,629151.8,5363524.0,34.05,33.58,35.29
2023-08-30,34.45,34.57,34.23,34.4,553216.0,34.8605,34.568188501928915,-0.29406095812266386,28.217821684393712,-0.28000000000000114,36.71460469243954,33.00639530756046,0.5588714285714295,608204.5,5916740.0,34.36,34.07,34.68
2023-08-31,34.39,34.44,33.84,33.86,674059.0,34.777,34.50074197793568,-0.30662865795589767,26.02739717708137,-0.3100000000000023,36.654423766761255,32.89957623323875,0.5760142857142861,600789.95,5242681.0,34.4,33.99,34.17
2023-09-01,34.05,34.255,33.95,34.09,451210.0,34.705,34.46162369432276,-0.29587773528156447,32.3113206480287,-0.14999999999999858,36.57124870007358,32.838751299926415,0.5567285714285717,576168.9,5693891.0,33.86,33.82,34.24
2023-09-05,34.13,34.15,33.755,34.06,519968.0,34.60850000000001,34.42337381867297,-0.2862921702971377,34.5088159992133,0.4100000000000037,36.39277369861773,32.82422630138228,0.5638571428571433,555640.7,5173923.0,34.09,34.05,33.65
2023-09-06,34.08,34.89,34.05,34.88,673476.0,34.55200000000001,34.466862026418404,-0.21412376463882765,52.39234432213094,1.3000000000000043,36.21699059583248,32.887009404167536,0.5602857142857148,542569.3,5847399.0,34.06,34.36,33.58
2023-09-07,34.98,35.16,34.83,35.03,738057.0,34.496500000000005,34.52049421437856,-0.1439266902835854,61.25654427811735,0.9600000000000009,36.00528515090088,32.98771484909913,0.5388571428571431,541104.55,6585456.0,34.88,34.4,34.07
2023-09-08,35.13,35.37,35.0,35.15,570853.0,34.446,34.58044714634251,-0.07828714456497465,61.75710571974168,1.1599999999999966,35.77755073820756,33.11444926179244,0.5124285714285713,525028.4,7156309.0,35.03,33.86,33.99
2023-09-11,35.16,35.41,34.96,35.05,451929.0,34.40050000000001,34.62516646573846,-0.033608266799184605,70.7100588787157,1.2299999999999969,35.566066950367734,33.23493304963228,0.484571428571428,523439.7,6704380.0,35.15,34.09,33.82
2023-09-12,34.95,35.11,34.84,35.04,507405.0,34.373000000000005,34.664674421382415,0.0009827309207395274,71.98795150366527,0.990000000000002,35.44238447618001,33.30361552382,0.4645714285714279,513457.85,6196975.0,35.05,34.06,34.05
2023-09-13,35.03,35.06,34.555,34.69,464942.0,34.343,34.667086381250755,0.0013093407617787989,59.74842740991255,0.3299999999999983,35.33492741669946,33.35107258330055,0.4670714285714282,508336.5,5732033.0,35.04,34.88,34.36
2023-09-14,34.76,35.675,34.695,35.13,1341312.0,34.3655,34.711173392560205,0.03527057361484509,66.10169465383508,0.730000000000004,35.40870306344402,33.32229693655597,0.4927857142857133,550425.75,7073345.0,34.69,35.03,34.4
2023-09-15,34.97,35.25,34.88,35.17,1835723.0,34.4155,34.75487116469733,0.06452802552483661,69.7947211210774,1.3100000000000023,35.51366066315695,33.317339336843055,0.4892857142857134,618493.2,8909068.0,35.13,35.15,33.86
2023-09-18,35.17,35.17,34.67,34.72,426069.0,34.4395,34.75155010139282,0.05200935157640885,59.228649909310995,0.6299999999999955,35.54248112786262,33.33651887213738,0.4846428571428559,610259.6,8482999.0,35.17,35.05,34.09
2023-09-19,34.76,34.91,34.51,34.78,401403.0,34.496,34.75425961554589,0.04624818366929162,56.213017518644314,0.7199999999999989,35.54304898593496,33.448951014065045,0.4753571428571414,607360.3,8884402.0,34.72,35.04,34.06
2023-09-20,34.46,34.96,34.31,34.32,764125.0,34.533,34.712901556922475,0.005575733941995509,48.947368240720245,-0.5600000000000023,35.492387962796045,33.57361203720396,0.4974999999999982,622253.9,8120277.0,34.78,34.69,34.88
2023-09-21,34.2,34.365,33.63,33.72,1153467.0,34.515499999999996,34.61833950388224,-0.07291606926023064,48.18652832263953,-1.3100000000000023,35.5220569244237,33.50894307557629,0.5071428571428557,660547.2,6966810.0,34.32,35.13,35.03
2023-09-22,33.77,34.03,33.48,33.54,512416.0,34.492999999999995,34.5156405035125,-0.1475523083957455,42.782152073766326,-1.6099999999999994,35.56688326328234,33.41911673671765,0.5246428571428561,659118.9,6454394.0,33.72,35.17,35.15
2023-09-25,33.38,34.42,33.3,34.05,1002262.0,34.5045,34.47129378889226,-0.1645703428507872,49.88344972066001,-1.0,35.55265577387898,33.45634422612102,0.576428571428571,689655.75,7456656.0,33.54,34.72,35.05
2023-09-26,33.75,34.0,33.475,33.57,936826.0,34.48049999999999,34.38545628518823,-0.21348987433365352,33.417721400544764,-1.4699999999999989,35.59251050733394,33.36848949266604,0.5539285714285705,714773.25,6519830.0,34.05,34.78,35.04
2023-09-27,33.8,34.2,33.41,33.62,739430.0,34.4435,34.31255568659888,-0.24545398669197738,31.68831157308142,-1.0700000000000003,35.61977914696257,33.26722085303743,0.586785714285714,735907.4,7259260.0,33.57,34.32,34.69
2023-09-28,33.8,34.24,33.62,33.82,797545.0,34.4145,34.265645621208506,-0.25202189822786636,33.07888028928649,-1.3100000000000023,35.62343994452732,33.205560055472674,0.6046428571428574,748123.85,8056805.0,33.62,33.72,35.13
2023-09-29,34.13,34.38,33.205,33.54,682358.0,34.3985,34.19653651442675,-0.2762436472565426,31.63017020855908,-1.6300000000000026,35.6461888107301,33.150811189269895,0.6564285714285722,748538.8,7374447.0,33.82,33.54,35.17
2023-10-02,33.51,33.63,32.57,32.95,636766.0,34.3415,34.07781875114801,-0.33838609771525796,27.71855002386792,-1.769999999999996,35.743187329050635,32.93981267094937,0.7128571428571442,757816.6,6737681.0,33.54,34.05,34.72
2023-10-03,32.76,32.91,32.12,32.43,802080.0,34.26,33.92088363199105,-0.42407481262845437,26.748971116361034,-2.3500000000000014,35.89991013874478,32.62008986125522,0.7332142857142868,771922.2,5935601.0,32.95,33.57,34.78
2023-10-04,32.42,32.92,32.28,32.72,487200.0,34.152,33.80651376227762,-0.46353062804841727,24.41613580852949,-1.6000000000000014,35.90087151584884,32.40312848415116,0.7089285714285728,762608.4,6422801.0,32.43,33.62,34.32
2023-10-05,32.65,33.5,32.65,33.4,861767.0,34.070499999999996,33.767798165870225,-0.4355764228456067,33.45794383768012,-0.3200000000000003,35.79889414364592,32.342105856354074,0.7432142857142873,768793.9,7284568.0,32.72,33.82,33.72
2023-10-06,33.19,33.6,32.895,33.3,554721.0,33.978,33.72324595959687,-0.41659070983344293,35.79999989975998,-0.240000000000002,35.660549444022074,32.29545055597793,0.7578571428571443,767987.3,6729847.0,33.4,33.54,33.54
2023-10-09,33.1,34.18,33.1,33.86,584055.0,33.918499999999995,33.736270153920984,-0.3527682669559482,41.63636353038015,-0.18999999999999773,35.52382370895292,32.31317629104707,0.8064285714285729,774593.6,7313902.0,33.3,32.95,34.05
2023-10-10,33.91,34.27,33.76,33.89,431617.0,33.861000000000004,33.75091109164279,-0.2963761286437432,45.759368709934684,0.3200000000000003,35.37708776304778,32.344912236952226,0.7964285714285734,770804.2,7745519.0,33.86,32.43,33.57
2023-10-11,34.0,34.75,34.0,34.7,563211.0,33.8615,33.84130051148634,-0.18479514909032702,59.28030287312044,1.0800000000000054,35.37874507960283,32.34425492039717,0.797500000000002,775717.65,8308730.0,33.89,32.72,33.62
2023-10-12,34.58,34.62,34.05,34.29,489024.0,33.819500000000005,33.884033796106685,-0.12770457479533093,56.80580747817035,0.46999999999999886,35.231769170705924,32.407230829294086,0.7989285714285731,733103.25,7819706.0,34.7,33.4,33.82
2023-10-13,34.24,34.26,33.59,34.06,613040.0,33.763999999999996,33.90079248219176,-0.09972652026747397,50.095602160355995,0.5200000000000031,35.032756540040204,32.49524345995979,0.7667857142857153,671969.1,7206666.0,34.29,33.3,33.54
2023-10-16,34.37,35.02,34.31,34.62,732752.0,33.759,33.969288436268734,-0.03232391125370526,59.8870054918233,1.6699999999999946,35.0125910522638,32.5054089477362,0.7800000000000011,687303.25,7939418.0,34.06,33.86,32.95
2023-10-17,34.25,35.24,34.25,34.98,791002.0,33.769,34.06554668043361,0.049372422778390046,62.09964397341724,2.549999999999997,35.05953069459206,32.478469305407934,0.7942857142857151,706783.2,8730420.0,34.62,33.89,32.43
2023-10-18,34.86,35.01,34.41,34.62,430742.0,33.784000000000006,34.118351758487556,0.08427221276332375,56.92041508704395,1.8999999999999986,35.10803529925916,32.459964700740855,0.7928571428571435,690114.05,8299678.0,34.98,34.7,32.72
2023-10-19,34.36,35.0,34.15,34.15,644396.0,33.8055,34.121365876726834,0.07337588907864756,55.1088775927095,0.75,35.139089931449405,32.4719100685506,0.7696428571428575,664660.5,7655282.0,34.62,34.29,33.4
2023-10-20,34.24,34.375,33.57,33.63,629759.0,33.81,34.07456912656237,0.022743260718776526,55.762711732088476,0.3300000000000054,35.14042138160496,32.479578618395045,0.7514285714285717,670527.65,7025523.0,34.15,34.06,33.3
2023-10-23,33.51,34.08,33.25,33.68,934676.0,33.7915,34.036991114508815,-0.013214062337070231,61.51012875485419,-0.17999999999999972,35.11815428011499,32.464845719885005,0.7542857142857144,667148.35,7960199.0,33.63,34.62,33.86
2023-10-24,33.88,34.14,33.7622,34.02,610683.0,33.81400000000001,34.03537291312703,-0.014235321039841153,61.86131371057333,0.13000000000000256,35.140100734444715,32.4878992655553,0.735557142857143,650841.2,8570882.0,33.68,34.98,33.89
2023-10-25,33.74,34.22,33.36,33.61,790592.0,33.8135,33.99486120711493,-0.04744058314434341,52.01535494659982,-1.0900000000000034,35.1399162242675,32.48708377573249,0.7362714285714286,653399.3,7780290.0,34.02,34.62,34.7
2023-10-26,33.65,34.55,33.435,34.35,600316.0,33.839999999999996,34.02868394929446,-0.014114765027919418,58.97435883322379,0.060000000000002274,35.18796532830628,32.492034671693716,0.7655571428571426,643537.85,8380606.0,33.61,34.15,34.29
2023-10-27,34.4,34.4,33.4206,33.55,553548.0,33.840500000000006,33.983095001742605,-0.05143020248177521,47.45484389747653,-0.5100000000000051,35.18800412556739,32.49299587443262,0.7583714285714284,637097.35,7827058.0,34.35,33.63,34.06
2023-10-30,33.94,34.315,33.8448,34.2,695719.0,33.903,34.00375262062426,-0.02840132808464091,52.309984987728804,-0.4199999999999946,35.19124809640643,32.614751903593564,0.7555285714285708,640045.0,8522777.0,33.55,33.68,34.62
2023-10-31,34.37,35.34,34.2949,35.31,912111.0,34.047000000000004,34.12815713294576,0.07823465736980495,54.350927138243506,0.3300000000000054,35.284843625869335,32.80915637413067,0.7766071428571425,645546.55,9434888.0,34.2,34.02,34.98
2023-11-01,34.75,35.38,33.49,34.51,1394775.0,34.1365,34.16452312028426,0.0972531311009206,51.486486389079616,-0.10999999999999943,35.21952257351216,33.05347742648784,0.8708928571428568,690925.3,8040113.0,35.31,33.61,34.62
2023-11-02,35.01,35.73,34.3736,34.88,953348.0,34.2105,34.23266377549528,0.1404809464821497,55.4376656795587,0.730000000000004,35.283841560391295,33.13715843960871,0.9199214285714282,695504.35,8993461.0,34.51,34.35,34.15
2023-11-03,35.51,35.73,35.0,35.09,831689.0,34.3,34.31431484449573,0.1894568051557144,53.26842826901839,1.4600000000000009,35.35197558506792,33.248024414932075,0.9213499999999993,709352.75,9825150.0,34.88,33.55,33.63
2023-11-06,34.89,34.89,33.7,34.18,945002.0,34.316,34.301522954543756,0.15324129052793722,44.83204126257773,0.5,35.34936751499778,33.282632485002225,0.9356357142857133,727400.1,8880148.0,35.09,34.2,33.68
2023-11-07,34.12,34.13,33.5,33.69,533716.0,34.306,34.24328267315864,0.08411595933696248,44.09148657976104,-0.3300000000000054,35.36038233353144,33.251617666468555,0.9377785714285706,732505.05,8346432.0,34.18,35.31,34.02
2023-11-08,33.76,34.145,33.43,33.59,550042.0,34.2505,34.18106527571496,0.021038947653273965,46.266666580302264,-0.01999999999999602,35.33401231989696,33.16698768010305,0.9281357142857135,731846.6,7796390.0,33.69,34.51,33.61
2023-11-09,33.71,33.76,32.87,32.96,547853.0,34.184000000000005,34.06477334469449,-0.07878381125927802,45.5978974193994,-1.3900000000000006,35.4110529521453,32.95694704785471,0.9342071428571421,734788.05,7248537.0,33.59,34.88,34.35
2023-11-10,33.09,33.66,32.97,33.58,597955.0,34.160000000000004,34.01860445472359,-0.1067175044366735,49.38875297170628,0.030000000000001137,35.41570697218741,32.9042930278126,0.9242071428571421,734033.8,7846492.0,32.96,35.09,33.55
2023-11-13,33.41,33.53,33.11,33.37,515834.0,34.097500000000004,33.95683260189277,-0.1441119240416313,45.96273283931945,-0.8300000000000054,35.38093084614722,32.814069153852785,0.9272214285714279,723187.9,7330658.0,33.58,34.18,34.2
2023-11-14,34.33,35.47,34.33,35.05,755483.0,34.101,34.060943782664886,-0.037943115252780046,57.725321801700126,-0.2600000000000051,35.394903111967025,32.80709688803297,0.947221428571428,721411.95,8086141.0,33.37,33.69,35.31
2023-11-15,34.81,35.3125,34.695,34.89,610874.0,34.1145,34.13990151764918,0.03292217285471821,53.08924476621858,0.38000000000000256,35.43653153079687,32.79246846920313,0.9116857142857141,730418.55,7475267.0,35.05,33.59,34.51
2023-11-16,34.84,34.91,34.435,34.71,981425.0,34.1425,34.1941966112064,0.0737260863218765,57.14285704433498,-0.1700000000000017,35.49115039752224,32.793849602477756,0.8756571428571424,747270.0,6493842.0,34.89,32.96,34.88
2023-11-17,34.87,35.24,34.78,35.18,901347.0,34.22,34.288082648234365,0.14230396028290926,56.171284535718115,0.0899999999999963,35.6217432755417,32.8182567244583,0.8749285714285711,760849.4,7395189.0,34.71,33.58,35.09
2023-11-20,35.22,35.385,34.86,35.31,652080.0,34.301500000000004,34.38540811030728,0.20476968048705402,49.99999989942528,1.1300000000000026,35.759462168305674,32.843537831694334,0.8377785714285706,746719.6,8047269.0,35.18,33.37,34.18
2023-11-21,35.04,35.42,34.94,35.22,715090.0,34.36149999999999,34.46489305218278,0.24420307997593937,55.6799998752768,1.5300000000000011,35.86862378564708,32.854376214352904,0.7370642857142852,751939.95,7332179.0,35.31,35.05,33.69
2023-11-22,35.54,35.5997,35.17,35.45,395266.0,34.453500000000005,34.558712761498704,0.2906453236247586,54.664484326464354,1.8599999999999994,35.99178715408441,32.9152128459156,0.6708714285714282,732173.65,7727445.0,35.22,34.89,33.59
2023-11-24,35.37,35.47,35.215,35.31,149318.0,34.50150000000001,34.63026392707025,0.31255997964114357,51.82119193286477,2.3500000000000014,36.0854228450109,32.91757715498911,0.6369428571428567,709623.75,7578127.0,35.45,34.71,32.96
2023-11-27,35.25,35.49,35.15,35.23,605007.0,34.585499999999996,34.68738164830166,0.3197902386688867,60.07677527042705,1.6499999999999986,36.13476773874493,33.036232261255066,0.5762285714285714,712196.7,6973120.0,35.31,35.18,33.58
2023-11-28,35.13,35.23,34.99,35.07,569834.0,34.629000000000005,34.72382149132055,0.3090558600874971,64.13934407828879,1.7000000000000028,36.181544939598766,33.076455060401244,0.548371428571428,705902.45,6403286.0,35.23,35.31,33.37
2023-11-29,35.25,35.49,35.05,35.17,602620.0,34.622,34.76631468262335,0.30509528339319303,66.18852440027878,0.12000000000000455,36.16283504359778,33.08116495640222,0.528728571428571,690427.9,7005906.0,35.07,35.22,35.05
2023-11-30,35.14,35.4,35.03,35.24,1524388.0,34.6585,34.81142756999256,0.30409565395432026,76.38888864133227,0.3500000000000014,36.22257396513754,33.09442603486245,0.49158571428571357,696908.55,8530294.0,35.17,35.45,34.89
2023-12-01,35.13,35.725,34.95,35.69,1004613.0,34.699,34.89510113475517,0.3357234881949225,75.4216864925533,0.9799999999999969,36.327831030621596,33.0701689693784,0.49765714285714224,699471.8,9534907.0,35.24,35.31,34.71
2023-12-04,35.5,36.52,35.494,36.43,1028648.0,34.766,35.0412819790642,0.41567666005757076,82.69230744493751,1.25,36.56400357121594,32.967996428784055,0.5409428571428566,709319.75,10563555.0,35.69,35.23,35.18
2023-12-05,36.28,36.4514,35.725,35.89,1016131.0,34.8515,35.122112266772376,0.43052448718035663,61.86440653499955,0.5799999999999983,36.69424709119436,33.00875290880564,0.5113999999999993,712876.2,9547424.0,36.43,35.07,35.31
2023-12-06,36.03,36.395,35.64,35.7,793433.0,34.952,35.17714919374644,0.422100921257595,61.34453757455925,0.480000000000004,36.746642318856765,33.15735768114323,0.5212214285714281,725862.05,8753991.0,35.89,35.17,35.22
2023-12-07,35.66,35.92,35.43,35.55,729800.0,35.05,35.21265879434201,0.39872994055973976,61.864406534999425,0.09999999999999432,36.74264663517787,33.357353364822124,0.5222928571428572,734849.95,8024191.0,35.7,35.24,35.45
2023-12-08,35.35,36.28,35.12,35.62,603859.0,35.183,35.25145319488087,0.38145707926352657,57.006369172583,0.30999999999999517,36.575613597369696,33.790386402630304,0.5722928571428574,737650.25,8628050.0,35.55,35.69,35.31
2023-12-11,35.62,35.97,35.43,35.73,1246115.0,35.290499999999994,35.29702908108269,0.3723486819473578,56.730768976207976,0.5,36.47908562563817,34.10191437436182,0.573364285714286,770058.25,9874165.0,35.62,36.43,35.23
2023-12-12,35.8,35.81,35.34,35.34,1740096.0,35.388999999999996,35.301121549551006,0.32986829900635684,51.754385753052276,0.2700000000000031,36.16095309374816,34.61704690625183,0.57265,831271.35,8134069.0,35.73,35.89,35.07
2023-12-13,35.38,36.965,35.32,36.73,1435945.0,35.473,35.43720521149853,0.4036754910757452,63.97379893108442,1.5599999999999952,36.432475734039436,34.51352426596056,0.6594571428571433,865294.45,9570014.0,35.34,35.7,35.17
2023-12-14,37.09,37.92,36.92,37.25,1433091.0,35.591,35.60985233421295,0.4983704787408101,69.55645141657453,2.009999999999998,36.797314962799376,34.384685037200626,0.7126714285714293,906405.3,11003105.0,36.73,35.55,35.24
2023-12-15,37.41,37.41,36.44,37.08,2621747.0,35.7095,35.74986639762124,0.5533241235773971,68.31683149377517,1.3900000000000006,37.01312207955978,34.40587792044022,0.757671428571429,988421.4,8381358.0,37.25,35.62,35.69
2023-12-18,37.21,37.48,36.8289,36.92,553844.0,35.7965,35.861307693085884,0.577312505594243,68.31683149377517,0.490000000000002,37.18106567387146,34.411934326128545,0.7870357142857151,971046.25,7827514.0,37.08,35.73,36.43
2023-12-19,37.09,37.56,37.0,37.23,774811.0,35.8925,35.991659341363416,0.6142511660856584,69.5817488642311,1.3399999999999963,37.39616394621865,34.38883605378135,0.7956071428571434,977182.8,8602325.0,36.92,35.34,35.89
2023-12-20,37.18,37.57,36.57,36.6,814398.0,35.9615,36.04959654694785,0.5859455817421662,61.68384864887051,0.8999999999999986,37.461875742412886,34.461124257587116,0.8406071428571436,982148.2,7787927.0,37.23,36.73,35.7
2023-12-21,36.85,37.025,36.51,36.89,443716.0,36.0335,36.129634971048056,0.5802206226578406,60.60070656388523,1.3400000000000034,37.56833446733034,34.498665532669655,0.8220357142857152,984570.7,8231643.0,36.6,37.25,35.55
2023-12-22,37.08,37.51,36.7001,36.98,555373.0,36.117,36.21062211666253,0.5763010578903618,55.489021801028684,1.3599999999999994,37.667729539688686,34.56627046031131,0.8066000000000005,1004873.45,8787016.0,36.89,37.08,35.62
2023-12-26,36.91,37.41,36.865,37.18,465342.0,36.2145,36.30294381983752,0.5826142090088098,63.811562977866885,1.4500000000000028,37.77558565461751,34.653414345382494,0.7936428571428574,997890.2,9252358.0,36.98,36.92,35.73
2023-12-27,37.26,37.275,36.94,37.05,313925.0,36.3135,36.374092027472045,0.5705519933572134,64.64208223319106,1.7099999999999937,37.819128387785376,34.80787161221462,0.7636428571428573,985094.75,8938433.0,37.18,37.23,35.34
2023-12-28,36.93,37.2,36.93,37.06,353185.0,36.408,36.43941659628423,0.5553969940981602,66.89038010369916,0.3300000000000054,37.847219086500495,34.96878091349951,0.7479285714285717,972623.0,9291618.0,37.05,36.6,36.73
2023-12-29,37.01,37.04,36.43,36.48,418376.0,36.47,36.4432816823524,0.49093234320128687,58.6345379877744,-0.7700000000000031,37.80005737905508,35.139942620944915,0.7086428571428571,917322.4,8873242.0,37.06,36.89,37.25
2024-01-02,36.36,36.8,36.36,36.64,437315.0,36.5175,36.4620167602236,0.44759310861930146,59.045725481781325,-0.4399999999999977,37.79716895390131,35.237831046098684,0.7014999999999999,888957.5,9310557.0,36.48,36.98,37.08
2024-01-03,36.41,36.43,35.63,35.76,515930.0,36.484,36.395158021154685,0.338345626574565,53.8043476896266,-1.1600000000000037,37.807637730689635,35.16036226931037,0.7250714285714283,863321.6,8794627.0,36.64,37.18,36.92
2024-01-04,35.81,36.06,35.49,35.92,457369.0,36.4855,36.349904876282814,0.26165931533282105,40.55944042707884,-1.3099999999999952,37.80636853403754,35.164631465962465,0.6482857142857138,835383.5,9251996.0,35.76,37.05,37.23
2024-01-05,35.66,36.22,35.56,35.73,533143.0,36.487,36.29086631663683,0.1834403915665419,30.808080699163384,-0.8700000000000045,37.80417560672346,35.16982439327654,0.6239999999999993,822369.0,8718853.0,35.92,37.06,36.6
2024-01-08,35.77,36.16,35.6107,36.16,348940.0,36.5175,36.27840285790951,0.15436619927680084,39.09952593663665,-0.730000000000004,37.76998174689922,35.26501825310078,0.593949999999999,803326.0,9067793.0,35.73,36.48,36.89
2024-01-09,35.65,36.15,35.6,35.79,431239.0,36.525999999999996,36.23188830001337,0.10031492132033293,37.24604954369195,-1.1899999999999977,37.75492164968014,35.29707835031985,0.5867285714285703,794695.0,8636554.0,36.16,36.64,36.98
2024-01-10,35.78,36.02,35.195,35.34,1357194.0,36.5065,36.14694655715495,0.020929243932414465,29.321662929868126,-1.8399999999999963,37.79931862610342,35.213681373896584,0.6056571428571418,800248.95,7279360.0,35.79,35.76,37.18
2024-01-11,35.14,35.58,35.05,35.55,531267.0,36.516999999999996,36.09009450409257,-0.024755033905279333,37.349397464363456,-1.5,37.77280923794388,35.26119076205611,0.5720857142857133,739807.5,7810627.0,35.34,35.92,37.05
2024-01-12,35.99,36.0,35.2601,35.61,371637.0,36.461,36.04437121798851,-0.055479410332267776,33.67346926749276,-1.4500000000000028,37.775340338845204,35.14665966115479,0.5881499999999988,686592.1,8182264.0,35.55,35.73,37.06
2024-01-16,35.51,35.51,35.07,35.12,409039.0,36.354499999999994,35.95633586389437,-0.11800485520732451,28.47222212995125,-1.3599999999999994,37.74275865935101,34.96624134064898,0.5617285714285701,635389.5,7773225.0,35.61,36.16,36.48
2024-01-17,34.86,35.395,34.6901,34.99,497210.0,36.25,35.86430387685681,-0.17601697195398458,24.23529403781326,-1.6499999999999986,37.72052443205241,34.77947556794759,0.5731499999999993,529162.65,7276015.0,35.12,35.79,36.64
2024-01-18,34.99,35.39,34.605,35.31,947440.0,36.1695,35.811513031441876,-0.19393640402429213,30.405405309532625,-0.44999999999999574,37.66170395106662,34.67729604893338,0.6052928571428566,548842.45,8223455.0,34.99,35.34,35.76
2024-01-19,35.41,35.82,35.13,35.66,641141.0,36.091,35.7970832189236,-0.17784685530354238,35.355648432012686,-0.2600000000000051,37.51177665936253,34.67022334063747,0.6352928571428562,542158.95,8864596.0,35.31,35.55,35.92
2024-01-22,35.81,36.15,35.64,35.78,590264.0,36.05,35.79545624569278,-0.1536421153389611,41.898148012367166,0.05000000000000426,37.4561818404534,34.6438181595466,0.628149999999999,530952.25,9454860.0,35.66,35.61,35.73
2024-01-23,36.07,36.08,35.43,35.62,406139.0,35.9865,35.77874612705538,-0.1456903761616104,38.194444320666115,-0.5399999999999991,37.34692214810421,34.626077851895786,0.6431499999999991,529073.4,9048721.0,35.78,35.12,36.16
2024-01-24,36.0,36.055,35.2,35.23,522864.0,35.899,35.72648459114534,-0.16890998719234318,43.08093979030464,-0.5600000000000023,37.214749136223745,34.58325086377626,0.6470785714285705,527447.95,8525857.0,35.62,34.99,35.79
2024-01-25,35.79,35.9,35.4,35.77,553613.0,35.8285,35.73062891579817,-0.14210169639709136,48.21852715556786,0.4299999999999997,36.998246261284606,34.65875373871539,0.6420785714285705,531861.5,9079470.0,35.23,35.31,35.34
2024-01-26,35.95,35.9739,35.34,35.46,483661.0,35.749,35.7048547333412,-0.14420717874455136,46.882216938487105,-0.0899999999999963,36.776698501763114,34.72130149823689,0.6402142857142847,540348.3,8595809.0,35.77,35.66,35.55
2024-01-29,35.35,35.7278,35.0526,35.37,482857.0,35.664500000000004,35.67296380635632,-0.15139264340022862,40.100250485863796,-0.240000000000002,36.497869192210835,34.83113080778917,0.6492071428571425,546831.9,8112952.0,35.46,35.78,35.61
2024-01-30,35.66,35.735,35.23,35.56,498770.0,35.6185,35.6622053486081,-0.14014073611171085,46.98162712395207,0.44000000000000483,36.35869272028148,34.87830727971851,0.6459928571428571,550851.6,8611722.0,35.37,35.62,35.12
2024-01-31,35.56,35.66,34.71,34.71,653117.0,35.522000000000006,35.571519124931136,-0.19753256525673635,42.51781458545144,-0.28000000000000114,36.2022662017644,34.84173379823561,0.6549214285714281,561641.7,7958605.0,35.56,35.23,34.99
2024-02-01,34.79,35.4,34.555,35.39,535372.0,35.5035,35.554231589223406,-0.18600288039615975,48.29059814613929,0.0799999999999983,36.17660044608967,34.83039955391033,0.677421428571428,562613.8,8493977.0,34.71,35.77,35.31
2024-02-02,34.98,35.09,34.62,34.79,390330.0,35.446999999999996,35.48144762834499,-0.22271211848175199,42.14559375669768,-0.8699999999999974,36.16133738158984,34.73266261841015,0.658142857142857,559261.85,8103647.0,35.39,35.46,35.66
2024-02-05,34.37,34.915,34.07,34.54,615897.0,35.3875,35.39178594945499,-0.26887747258201955,44.17670670311773,-1.240000000000002,36.19477938162682,34.58022061837318,0.6870714285714286,563399.55,7487750.0,34.79,35.37,35.78
2024-02-06,34.02,35.15,34.02,34.94,642030.0,35.326499999999996,35.34875871617356,-0.2700745480498341,49.523809391746,-0.6799999999999997,36.0698430885992,34.58315691140079,0.7174357142857138,578054.05,8129780.0,34.54,35.56,35.62
2024-02-07,35.0,35.02,34.66,34.71,854621.0,35.2725,35.28792455272846,-0.2862818940575522,44.18604639174329,-0.519999999999996,36.030832658569054,34.51416734143095,0.6870785714285711,599223.15,7275159.0,34.94,34.71,35.23
2024-02-08,34.73,34.91,34.51,34.79,762712.0,35.245,35.24050316675432,-0.28933581375219575,41.104294360846666,-0.980000000000004,36.03236068107636,34.45763931892363,0.6663642857142855,569499.05,8037871.0,34.71,35.39,35.77
2024-02-09,34.82,35.2,33.86,34.97,1041189.0,35.216,35.21474096039677,-0.27407244999957214,41.81818169990818,-0.490000000000002,35.99877240087954,34.433227599120464,0.7256500000000001,594995.15,9079060.0,34.79,34.79,35.46
2024-02-12,35.04,35.45,35.01,35.31,700296.0,35.201,35.22381324988279,-0.23186851656600282,46.978557376666764,-0.05999999999999517,35.963210082933884,34.43878991706612,0.7106500000000006,611428.1,9779356.0,34.97,34.54,35.37
2024-02-13,34.11,34.675,33.92,34.47,740828.0,35.1685,35.152021511798715,-0.2631680413653754,43.18996404934421,-1.0900000000000034,35.997736173583085,34.33926382641692,0.7035071428571433,628017.55,9038528.0,35.31,34.94,35.56
2024-02-14,34.35,34.62,33.77,34.3,580877.0,35.134,35.07087660591312,-0.2982524726830462,35.892514298945244,-0.4100000000000037,36.04762551351586,34.22037448648414,0.7285071428571429,632200.9,8457651.0,34.47,34.71,34.71
2024-02-15,34.48,35.08,34.48,35.07,723721.0,35.122,35.07079311963568,-0.2609175710619027,46.56084644588151,-0.3200000000000003,36.03219026351045,34.21180973648955,0.7260857142857147,621014.95,9181372.0,34.3,34.79,35.39
2024-02-16,34.98,34.98,34.46,34.55,641670.0,35.0665,35.021193774908475,-0.27017420507857537,43.27868842526204,-0.240000000000002,35.97392608804403,34.159073911955964,0.7149999999999999,621041.4,8539702.0,35.07,34.97,34.79
2024-02-20,34.27,34.76,34.2,34.59,480569.0,35.007,34.98012770110767,-0.27115678737281,41.84873939733073,0.05000000000000426,35.872529348220674,34.14147065177932,0.7189285714285708,615556.65,9020271.0,34.55,35.31,34.54
2024-02-21,34.48,35.08,34.41,34.79,480395.0,34.9655,34.96202030100218,-0.2528822339805856,50.754716847062994,-0.14999999999999858,35.78567905618849,34.145320943811505,0.6989285714285712,619269.45,9500666.0,34.59,34.47,34.94
2024-02-22,34.66,34.93,34.38,34.58,622620.0,34.933,34.92563741519245,-0.25243470991109973,41.61490671167522,-0.13000000000000256,35.7605289786624,34.1054710213376,0.6778571428571425,624257.25,8878046.0,34.79,34.3,34.71
2024-02-23,34.84,34.92,34.49,34.53,483646.0,34.870999999999995,34.887957661364595,-0.25319590643633205,46.9626166688139,-0.259999999999998,35.61619937282774,34.125800627172254,0.6749999999999992,620758.9,8394400.0,34.58,35.07,34.79
2024-02-26,34.33,34.57,34.25,34.44,439353.0,34.82,34.84529502694892,-0.25808629451219645,48.78640760121122,-0.5300000000000011,35.53445231139864,34.10554768860136,0.6374999999999993,618543.5,7955047.0,34.53,34.55,34.97
2024-02-27,34.74,34.935,34.39,34.72,556580.0,34.7875,34.8333621672395,-0.23664060271219967,47.24999983462502,-0.5900000000000034,35.45414517509195,34.12085482490805,0.5957142857142854,622229.65,8511627.0,34.44,34.59,35.31
2024-02-28,34.38,35.215,34.38,34.97,581334.0,34.757999999999996,34.84637529416907,-0.19719876438693973,53.23383066037965,0.5,35.325565437914854,34.19043456208514,0.6296428571428565,626357.85,9092961.0,34.72,34.79,34.47
2024-02-29,35.18,35.74,34.91,35.72,1577328.0,34.808499999999995,34.92957764710535,-0.10422103954708462,59.914711974668194,1.4200000000000017,35.519652511587026,34.097347488412964,0.6603571428571426,672568.4,10670289.0,34.97,34.58,34.3
2024-03-01,35.68,35.681,35.14,35.51,593315.0,34.814499999999995,34.98485596642865,-0.04693959232903211,55.72033881777862,0.4399999999999977,35.54798411528002,34.08101588471997,0.6032857142857136,675465.55,10076974.0,35.72,34.53,35.07
2024-03-04,35.61,36.43,35.54,36.33,852800.0,34.8915,35.112964922006874,0.06388674345404866,59.80769214667153,1.7800000000000011,35.889714722180884,33.89328527781912,0.6354285714285705,698589.05,10929774.0,35.51,34.44,34.55
2024-03-05,36.18,36.55,35.69,35.79,490641.0,34.95399999999999,35.17744445324431,0.10691170489104707,63.4693875737609,1.1999999999999957,36.01415689007744,33.89384310992255,0.6429285714285707,692326.25,10439133.0,36.33,34.72,34.59
2024-03-06,35.93,36.0,35.49,35.68,482697.0,34.991,35.22530688626866,0.130627458399438,64.2561981612424,0.8900000000000006,36.09964355241688,33.88235644758312,0.6186428571428567,684359.6,9956436.0,35.79,34.97,34.79
2024-03-07,35.73,36.2499,35.26,35.35,537496.0,35.022999999999996,35.23718242090974,0.12139485837287367,53.181818012603316,0.7700000000000031,36.13443529773548,33.91156470226451,0.6464928571428565,668503.35,9418940.0,35.68,35.72,34.58
2024-03-08,35.82,36.03,35.73,35.97,661189.0,35.082,35.306974571299286,0.16223643486286932,65.77777757313582,1.4399999999999977,36.26437228085153,33.89962771914847,0.6307785714285714,663427.2,10080129.0,35.35,35.51,34.53
2024-03-11,35.85,36.15,35.77,36.06,469622.0,35.1365,35.37869127879459,0.1995654337819346,66.15384595029586,1.6200000000000045,36.39515885181923,33.877841148180764,0.6179214285714286,634848.85,10549751.0,35.97,36.33,34.44
2024-03-12,35.95,36.17,35.7,36.02,458686.0,35.172000000000004,35.439768299861775,0.22334667477992554,64.00911141318284,1.3000000000000043,36.48991861421106,33.85408138578895,0.603635714285714,622768.35,10091065.0,36.06,35.79,34.72
2024-03-13,35.91,36.2,35.695,35.93,544499.0,35.245,35.486457033208275,0.2322539712749787,65.80796231351019,0.9600000000000009,36.56093472882438,33.92906527117562,0.6004214285714288,612951.9,9546566.0,36.02,35.68,34.97
2024-03-14,35.57,35.81,35.02,35.32,492523.0,35.296,35.47060398242653,0.18792501127376937,58.17805366159568,-0.3999999999999986,36.53451184045497,34.05748815954503,0.6261357142857145,608534.2,9054043.0,35.93,35.35,35.72
2024-03-15,35.1,35.66,35.0812,35.25,3374180.0,35.305,35.44959407933829,0.14546871728774136,58.41995824992114,-0.259999999999998,36.539205476367094,34.070794523632905,0.6446214285714282,741057.15,5679863.0,35.32,35.97,35.51
2024-03-18,35.25,35.49,35.08,35.27,485767.0,35.341,35.432489881306076,0.11214291430413681,56.04395587151315,-1.0599999999999952,36.52339542766717,34.158604572332834,0.6349785714285713,733262.0,6165630.0,35.25,36.06,36.33
2024-03-19,35.25,35.4955,35.01,35.05,519830.0,35.364,35.39606227356264,0.0672051520975856,50.884955594604094,-0.740000000000002,36.50194644217685,34.22605355782314,0.6100142857142856,735225.05,5645800.0,35.27,36.02,35.79
2024-03-20,34.9,35.99,34.83,35.87,514181.0,35.418,35.44119919989001,0.09664461271351144,51.63398677061527,0.18999999999999773,36.54369230160579,34.29230769839421,0.6335857142857141,736914.35,6159981.0,35.05,35.93,35.68
2024-03-21,36.0,36.23,35.62,36.0,555758.0,35.489,35.49441832371001,0.1289787050464426,55.43237233346937,0.6499999999999986,36.57040065120235,34.407599348797646,0.6385142857142857,733571.25,6715739.0,35.87,35.32,35.35
2024-03-22,36.14,36.14,35.26,35.44,572373.0,35.5345,35.48923562621382,0.10816954891632946,39.529411634491375,-0.5300000000000011,36.518166075133344,34.55083392486666,0.6378000000000001,738007.6,6143366.0,36.0,35.25,35.97
2024-03-25,35.73,35.8,35.01,35.07,343574.0,35.565999999999995,35.44930842371726,0.06111775334766634,41.176470446943526,-0.990000000000002,36.43585540238159,34.6961445976184,0.6328000000000001,733218.65,5799792.0,35.44,35.27,36.06
2024-03-26,35.14,35.33,34.87,34.91,408453.0,35.5755,35.39794571669657,0.01079379821039339,40.6779659638035,-1.1100000000000065,36.40987906316761,34.74112093683239,0.6292285714285717,725812.3,5391339.0,35.07,35.05,36.02
2024-03-27,35.16,35.62,35.16,35.6,654916.0,35.607,35.41718898177309,0.02628585513988213,52.783964200673594,-0.3299999999999983,36.39118848432452,34.822811515675475,0.5913785714285719,729491.4,6046255.0,34.91,35.87,35.93
2024-03-28,35.59,35.94,35.52,35.87,738881.0,35.6145,35.46031384065184,0.05966238775302912,48.79227036640294,0.5499999999999972,36.40607338323901,34.82292661676099,0.5999499999999998,687569.05,6785136.0,35.6,36.0,35.32
2024-04-01,35.87,35.87,34.96,35.07,548086.0,35.5925,35.42314109392309,0.02131458711792078,39.79381431812096,-0.17999999999999972,36.41994692944772,34.765053070552284,0.6378071428571427,685307.6,6237050.0,35.87,35.44,35.25
2024-04-02,34.79,34.86,33.83,34.23,1084077.0,35.4875,35.30950860878756,-0.07598136404141798,34.15929195075573,-1.0400000000000063,36.44382795519871,34.53117204480129,0.6778071428571428,696871.45,5152973.0,35.07,35.07,35.27
2024-04-03,34.21,34.305,33.83,34.25,675421.0,35.4105,35.20860302699827,-0.14974905996316323,34.94623647146112,-0.7999999999999972,36.50262443863942,34.318375561360575,0.6756642857142856,706110.45,5828394.0,34.23,34.91,35.05
2024-04-04,34.45,34.71,33.94,34.02,438263.0,35.3275,35.09540273871272,-0.22418528234067736,37.49999989903853,-1.8499999999999943,36.5746926369587,34.0803073630413,0.6742357142857145,703888.75,5390131.0,34.25,35.6,35.87
2024-04-05,34.01,34.3,33.64,34.2,408746.0,35.27,35.01012628740675,-0.2655904785119745,40.112994244523236,-1.7999999999999972,36.6150259242267,33.92497407577331,0.6800357142857146,697451.25,5798877.0,34.02,35.87,36.0
2024-04-08,34.25,34.77,34.22,34.71,512595.0,35.207,34.98154283146325,-0.2543200447127134,45.17241368406658,-0.7299999999999969,36.53185709259121,33.88214290740879,0.6900357142857148,690021.55,6311472.0,34.2,35.07,35.44
2024-04-09,34.72,35.05,34.68,35.04,361050.0,35.156,34.9871101808477,-0.21626693074640002,49.91539751289078,-0.030000000000001137,36.41971882282319,33.892281177176805,0.6817857142857144,684592.95,6672522.0,34.71,34.23,35.07
2024-04-10,34.09,34.1,33.09,33.11,688660.0,35.01049999999999,34.80833778267173,-0.3379486697953453,30.341880281369484,-1.7999999999999972,36.504480553667456,33.51651944633253,0.6710714285714283,696091.65,5983862.0,35.04,34.25,34.91
2024-04-11,33.15,33.37,32.85,33.2,471441.0,34.874,34.65516275575061,-0.42225261479058673,29.94269334968517,-2.3999999999999986,36.50667168840062,33.24132831159938,0.6646428571428566,692438.75,6455303.0,33.11,34.02,35.6
2024-04-12,32.93,33.15,32.71,32.93,528885.0,34.75449999999999,34.490861540917216,-0.5050291670063629,31.240657632680254,-2.9399999999999977,36.58731750319,32.921682496809986,0.6332142857142848,694256.85,5926418.0,33.2,34.2,35.87
2024-04-15,33.01,33.015,32.4,32.59,545625.0,34.6215,34.30982710844891,-0.5912497650008817,31.381381315414544,-2.479999999999997,36.67561294723528,32.567387052764715,0.620714285714285,552829.1,5380793.0,32.93,34.71,35.07
2024-04-16,32.55,32.55,32.03,32.38,549971.0,34.477,34.126034050501396,-0.6688157542068041,31.147540918619185,-1.8499999999999943,36.73546804155746,32.21853195844253,0.624999999999999,556039.3,4830822.0,32.59,35.04,34.23
2024-04-17,32.3,32.46,32.01,32.02,459360.0,34.3255,33.92545937902507,-0.7506829313720118,21.943573619559544,-2.229999999999997,36.816650442328864,31.83434955767113,0.6242857142857134,553015.8,4371462.0,32.38,33.11,34.25
2024-04-18,32.14,32.74,31.94,32.41,692977.0,34.1525,33.781129914356015,-0.7751579917549734,23.384615334248494,-1.6100000000000065,36.672432121057305,31.6325678789427,0.651428571428571,561955.6,5064439.0,32.02,33.2,34.02
2024-04-19,32.39,33.06,32.39,33.02,702889.0,34.0035,33.70864135108401,-0.7368389489131673,33.755942872807765,-1.1799999999999997,36.41348165531335,31.593518344686657,0.6342857142857142,569312.15,5767328.0,32.41,32.93,34.2
2024-04-22,33.08,33.36,32.95,33.27,555326.0,33.894999999999996,33.66686598431411,-0.6784768685349789,41.608391506552934,-1.4399999999999977,36.22679849269309,31.5632015073069,0.5899999999999996,568459.8,6322654.0,33.02,32.59,34.71
2024-04-23,33.25,33.71,32.6653,33.49,515607.0,33.816,33.650021604855624,-0.6074698097630105,43.581080978017724,-1.5499999999999972,36.08643608146089,31.545563918539116,0.6306928571428566,577061.45,6838261.0,33.27,32.38,35.04
2024-04-24,33.16,33.3,33.03,33.23,445073.0,33.732,33.610019547250324,-0.5656555001866721,43.36134443578838,0.11999999999999744,35.95584777972052,31.508152220279477,0.5949785714285704,578892.45,6393188.0,33.49,32.02,33.11
2024-04-25,32.83,33.04,32.72,32.93,521711.0,33.5985,33.54525578084553,-0.5503804017125518,39.53871490056966,-0.2700000000000031,35.66520115987048,31.53179884012952,0.5706928571428563,572232.2,5871477.0,33.23,32.41,33.2
2024-04-26,33.14,33.14,32.21,32.61,921357.0,33.435500000000005,33.45618380171739,-0.5576676492742223,32.14285706632653,-0.3200000000000003,35.24625703854245,31.624742961457557,0.5978357142857131,581356.0,4950120.0,32.93,33.02,32.93
2024-04-29,32.58,32.91,32.39,32.68,611348.0,33.316,33.38226153488716,-0.551437799877931,29.003558646610372,0.0899999999999963,34.98226465326979,31.649735346730218,0.6085499999999987,584519.1,5561468.0,32.61,33.27,32.59
2024-04-30,32.57,32.845,32.45,32.7,748399.0,33.2395,33.31728424585028,-0.5386772308361714,44.47439336316947,0.3200000000000003,34.86916544839229,31.60983455160771,0.5646214285714272,567735.2,6309867.0,32.68,33.49,32.38
2024-05-01,32.66,33.21,32.37,32.67,598575.0,33.1605,33.25563812719788,-0.524934023863949,42.739725863464066,0.6499999999999986,34.73620335172297,31.58479664827703,0.5874785714285705,563892.9,5711292.0,32.7,33.23,32.02
2024-05-02,32.88,33.34,32.875,33.07,534618.0,33.113,33.237958305559985,-0.4762755739498772,51.851851659807956,0.6600000000000037,34.63600395686649,31.589996043133507,0.5892642857142852,568710.65,6245910.0,32.67,32.93,32.41
2024-05-03,33.5,33.6,32.87,33.08,689044.0,33.057,33.222914657411415,-0.4319274941874838,57.10144904364622,0.05999999999999517,34.491508534949,31.622491465051006,0.5974785714285711,582725.55,6934954.0,33.07,32.61,33.02
2024-05-06,33.16,33.26,32.66,32.81,499935.0,32.962,33.18358945194366,-0.4137980549414664,56.1253559014943,-0.46000000000000085,34.169234333856316,31.754765666143687,0.6031928571428572,582092.55,6435019.0,33.08,32.68,33.27
2024-05-07,33.0,33.69,32.93,33.42,474612.0,32.881,33.20610474223474,-0.34621746963722444,68.61702102110682,-0.07000000000000028,33.632584991866786,32.129415008133215,0.625335714285714,587770.65,6909631.0,32.81,32.7,33.49
2024-05-08,33.17,33.18,32.94,33.1,287717.0,32.880500000000005,33.195999528688574,-0.3148512813219284,59.3495932707604,-0.12999999999999545,33.6314565829481,32.12954341705191,0.5853357142857141,567723.5,6621914.0,33.42,32.67,33.23
2024-05-09,33.24,33.39,33.02,33.21,381478.0,32.881,33.19733290690871,-0.2779136559034967,52.978056193826674,0.28000000000000114,33.632865049480934,32.12913495051907,0.5639071428571424,563225.35,7003392.0,33.1,33.07,32.93
2024-05-10,33.15,33.21,32.8,32.89,392886.0,32.879000000000005,33.16806310625074,-0.2713338761226396,44.17177895140949,0.28000000000000114,33.630528967820325,32.127471032179685,0.5639071428571428,556425.4,6610506.0,33.21,33.08,32.61
2024-05-13,32.98,33.15,32.86,32.87,485432.0,32.893,33.13967614375067,-0.26468209542718313,39.86928086334309,0.18999999999999773,33.63219159256968,32.15380840743032,0.51,553415.75,6125074.0,32.89,32.81,32.68
2024-05-14,33.12,33.25,32.48,32.55,793241.0,32.901500000000006,33.08351651101251,-0.2819813289960962,39.10256392710387,-0.15000000000000568,33.61945836266855,32.18354163733146,0.5457142857142863,565579.25,5331833.0,32.87,33.42,32.7
2024-05-15,32.93,32.96,32.6103,32.81,604835.0,32.940999999999995,33.05746731948751,-0.27158065831432765,48.05194783353015,0.14000000000000057,33.530126025298145,32.351873974701846,0.5478357142857148,572853.0,5936668.0,32.55,33.1,32.67
2024-05-16,32.94,32.94,32.515,32.65,506080.0,32.952999999999996,33.01866090810775,-0.27310058001980764,50.68493126383936,-0.4200000000000017,33.5052051487583,32.40079485124169,0.511764285714286,563508.15,5430588.0,32.81,33.21,33.07
2024-05-17,32.6,32.89,32.5,32.6,800071.0,32.932,32.978788440668914,-0.27516774816395895,48.620689420451875,-0.4799999999999969,33.50502888693551,32.35897111306449,0.502478571428572,568367.25,4630517.0,32.65,32.89,33.08
2024-05-20,32.46,32.54,31.82,31.86,698443.0,32.8615,32.87223716060521,-0.33268284404370263,38.39778990674885,-0.9500000000000028,33.58628744615553,32.13671255384447,0.525692857142858,575523.1,3932074.0,32.6,32.87,32.81
2024-05-21,31.89,31.96,31.57,31.83,1133522.0,32.7785,32.77297647864281,-0.3763464335069884,38.39778990674885,-1.5900000000000034,33.57671577349237,31.980284226507635,0.49355000000000054,606418.85,2798552.0,31.86,32.55,33.42
2024-05-22,31.8,32.02,31.69,31.95,2072964.0,32.7145,32.69459776639111,-0.39669430120391524,33.23353279482953,-1.1500000000000021,33.563907843270776,31.865092156729226,0.4839071428571433,687813.4,4871516.0,31.83,32.81,33.1
2024-05-23,31.74,31.81,31.46,31.53,673871.0,32.6445,32.58368369340148,-0.44161990143287966,29.333333223822294,-1.6799999999999997,33.637707986910364,31.651292013089638,0.45676428571428573,695421.4,4197645.0,31.95,32.65,33.21
2024-05-24,31.69,31.76,31.31,31.43,697717.0,32.5855,32.47380905593467,-0.479762523299641,30.726256863081716,-1.4600000000000009,33.71779111004817,31.453208889951835,0.4460500000000001,684239.4,3499928.0,31.53,32.6,32.89
2024-05-28,31.61,31.625,31.07,31.13,574956.0,32.507999999999996,32.345827241083754,-0.5281105872916143,14.984709415967714,-1.7399999999999984,33.81218920164352,31.203810798356468,0.4314071428571431,682419.8,2924972.0,31.43,31.86,32.87
2024-05-29,30.9,31.02,30.62,30.93,529787.0,32.4195,32.21098655145673,-0.5759261854535289,15.555555486419877,-1.6199999999999974,33.89747122684029,30.941528773159714,0.4428357142857143,671489.2,2395185.0,31.13,31.83,32.55
2024-05-30,31.2,31.53,30.96,31.49,559924.0,32.360499999999995,32.142321165603704,-0.5621529245577577,26.11111100956795,-1.3200000000000038,33.889689327715615,30.831310672284374,0.4571214285714288,669556.65,2955109.0,30.93,31.95,32.81
2024-05-31,31.68,32.12,31.4701,31.94,928448.0,32.304,32.12305248316525,-0.509058172595136,37.26541540972772,-0.7099999999999973,33.80607435515703,30.801925644842978,0.4742571428571427,689248.15,3883557.0,31.49,31.53,32.65
2024-06-03,32.02,32.19,31.84,32.0,663876.0,32.25,32.11133319905428,-0.4568721628474002,38.46153831871053,-0.6000000000000014,33.71172212781592,30.78827787218408,0.4785428571428569,687989.75,4547433.0,31.94,31.43,32.6
2024-06-04,31.89,32.19,31.64,31.74,578764.0,32.1965,32.07596813247768,-0.4315199075969929,39.0835578039974,-0.120000000000001,33.65022516044285,30.74277483955715,0.46282857142857076,691931.2,3968669.0,32.0,31.13,31.86
2024-06-05,31.77,31.77,31.32,31.35,459447.0,32.093,32.00682831033695,-0.43785053384380035,30.989583220350482,-0.4799999999999969,33.47282607599629,30.71317392400372,0.46999285714285655,691172.95,3509222.0,31.74,30.93,31.83
2024-06-06,31.18,31.705,31.1034,31.69,836064.0,32.022499999999994,31.976654185542955,-0.4106981702006607,38.059701359991124,-0.259999999999998,33.32775859506815,30.71724140493184,0.4826071428571423,718590.3,4345286.0,31.35,31.49,31.95
2024-06-07,31.29,31.725,31.21,31.68,678212.0,31.946000000000005,31.948401405967434,-0.3855423505559621,38.44221092005251,0.14999999999999858,33.13211972414225,30.759880275857757,0.4915357142857137,733427.0,3667074.0,31.69,31.94,31.53
2024-06-10,31.31,31.61,30.86,31.44,718756.0,31.8735,31.899982224446727,-0.380585028666939,43.96551706450657,0.010000000000001563,32.992000405853304,30.754999594146696,0.4936785714285709,749720.5,2948318.0,31.68,32.0,31.43
2024-06-11,31.21,31.44,31.03,31.4,715261.0,31.8,31.852364869737514,-0.3755548187906115,43.83954137141732,0.2699999999999996,32.832686837943825,30.767313162056176,0.49510714285714236,761211.95,2233057.0,31.44,31.74,31.13
2024-06-12,31.94,32.58,31.82,31.9,777968.0,31.767499999999995,31.856901548810132,-0.3274479051587136,49.35400498941702,0.9699999999999989,32.73996025490385,30.795039745096137,0.5258214285714278,760448.3,3011025.0,31.4,31.35,30.93
2024-06-13,31.9,32.41,31.6801,32.36,586172.0,31.744999999999997,31.90481568701869,-0.24933054730977844,60.6138105246564,0.870000000000001,32.633061164322704,30.856938835677294,0.552957142857142,759515.15,3597197.0,31.9,31.69,31.49
2024-06-14,32.21,32.42,32.1,32.23,476024.0,31.724,31.935785621588337,-0.1956564855865004,60.15228405022027,0.2899999999999956,32.53879477558158,30.90920522441842,0.5436714285714276,758012.35,3121173.0,32.36,31.68,31.94
2024-06-17,32.0,32.11,31.75,31.89,564675.0,31.688499999999998,31.93142508619897,-0.178496961132943,59.54773848400295,-0.10999999999999943,32.397606925349194,30.9793930746508,0.5297428571428561,746242.55,2556498.0,32.23,31.44,32.0
2024-06-18,32.0,32.13,31.86,32.04,619545.0,31.6975,31.94176555418002,-0.15105292409166537,64.12213717615523,0.3000000000000007,32.42021054116778,30.974789458832216,0.5204571428571422,742297.65,3176043.0,31.89,31.4,31.74
2024-06-20,31.87,32.535,31.84,32.41,916767.0,31.726499999999998,31.98635931092478,-0.09831411575580873,62.29946500743514,1.0599999999999952,32.51513706548188,30.937862934518115,0.5293857142857133,731459.9,4092810.0,32.04,31.9,31.35
2024-06-21,32.41,32.565,32.08,32.44,1725030.0,31.750999999999998,32.0295631860748,-0.0534809854371332,57.53012023933077,0.7499999999999964,32.59721510267735,30.904784897322642,0.5176071428571419,714063.2,5817840.0,32.41,32.36,31.69
2024-06-24,32.44,32.83,32.35,32.5,413351.0,31.799500000000002,32.07436669216292,-0.012959518895975464,57.53012023933082,0.8200000000000003,32.70171890213389,30.897281097866113,0.5268928571428562,701037.2,6231191.0,32.44,32.23,31.68
2024-06-25,32.49,32.53,32.125,32.24,650788.0,31.839999999999996,32.09014129290931,-0.001804984821205835,57.530120239330884,0.8000000000000007,32.74509667991837,30.934903320081624,0.5165357142857135,698690.75,5580403.0,32.5,31.89,31.44
2024-06-26,31.94,32.28,31.79,31.99,575995.0,31.883,32.080604026917946,-0.012988127592414855,60.062892817333115,0.5899999999999999,32.72562996811006,31.040370031889935,0.5193928571428567,698742.7,5004408.0,32.24,32.04,31.4
2024-06-27,32.11,32.52,32.03,32.52,486649.0,31.9625,32.12245126244957,0.02067736555827082,62.314539800473725,0.6200000000000045,32.722524237840176,31.202475762159818,0.5114214285714284,696585.8,5491057.0,31.99,32.41,31.9
2024-06-28,32.74,32.84,32.36,32.71,1577283.0,32.0235,32.178408285073424,0.06197451969551793,64.50704199912715,0.3500000000000014,32.8188622147367,31.228137785263296,0.5089214285714286,747453.75,7068340.0,32.52,32.44,32.36
2024-07-01,32.54,32.74,32.3001,32.6,703107.0,32.0565,32.21855987697119,0.08484864885363663,66.95906405338393,0.37000000000000455,32.89107584562732,31.221924154372676,0.4867714285714287,736186.7,6365233.0,32.71,32.5,32.23
2024-07-02,32.76,32.85,32.48,32.64,665711.0,32.088499999999996,32.25869703154537,0.10499392210942915,68.12865469187102,0.75,32.962119813732876,31.214880186267116,0.48391428571428613,736278.45,7030944.0,32.6,32.24,31.89
2024-07-03,32.62,33.01,32.62,32.78,292396.0,32.140499999999996,32.30834493330295,0.13074883500446077,64.37908467277546,0.740000000000002,33.049854311122566,31.231145688877422,0.4574857142857149,721960.05,7323340.0,32.64,31.99,32.04
2024-07-05,32.64,32.85,32.49,32.65,345758.0,32.205499999999994,32.34088351108362,0.13906680004831173,55.311355027707314,0.240000000000002,33.06120469574212,31.34979530425787,0.4310642857142865,716275.6,6977582.0,32.78,32.52,32.41
2024-07-08,32.81,32.93,32.49,32.53,316847.0,32.2475,32.35889460526613,0.13442626787708178,55.51470559661556,0.09000000000000341,33.07877992625157,31.416220073748434,0.4396357142857149,690314.75,6660735.0,32.65,32.71,32.44
2024-07-09,32.45,32.4827,32.06,32.1,735668.0,32.268499999999996,32.334237976193165,0.0949566059208351,53.73665453654337,-0.3999999999999986,33.059669021797475,31.47733097820252,0.4441142857142863,693187.55,5925067.0,32.53,32.6,32.5
2024-07-10,32.09,32.43,31.98,32.38,577938.0,32.3155,32.33859626417477,0.08528713724604842,55.78231265954006,0.14000000000000057,33.00452600974464,31.626473990255363,0.45697142857142886,686146.65,6503005.0,32.1,32.64,32.24
2024-07-11,32.98,33.64,32.9,33.36,877520.0,32.4135,32.43587281044384,0.1549160472856883,63.380281440190466,1.370000000000001,33.11174667636302,31.715253323636976,0.460185714285715,694259.6,7380525.0,32.38,32.78,31.99
2024-07-12,33.64,34.16,33.485,33.87,704136.0,32.512,32.57245635230633,0.24838694757610824,67.74193524853918,1.3499999999999943,33.42731070364654,31.59668929635346,0.4737571428571434,690568.0,8084661.0,33.36,32.65,32.52
2024-07-15,34.05,34.13,33.73,33.81,529816.0,32.584500000000006,32.690317652086684,0.3140021891567031,66.2531015068131,1.1000000000000014,33.66408032781723,31.50491967218278,0.46804285714285826,687750.2,7554845.0,33.87,32.53,32.71
2024-07-16,34.13,34.73,34.0,34.63,773148.0,32.7045,32.875049304268906,0.4272448745763455,76.03485815588499,2.030000000000001,34.10423644135695,31.304763558643057,0.49125714285714367,702606.4,8327993.0,33.81,32.1,32.6
2024-07-17,34.63,35.41,34.62,35.19,887313.0,32.8695,33.09552079910044,0.55577125329458,82.65306098833827,2.549999999999997,34.60314811581624,31.13585188418377,0.512685714285715,718738.3,9215306.0,34.63,32.38,32.64
2024-07-18,34.94,35.55,34.85,35.24,857178.0,33.0295,33.299756913471825,0.6541235869884119,80.7692305134007,2.460000000000001,35.01340868847588,31.045591311524124,0.5276857142857144,730619.95,10072484.0,35.19,33.36,32.78
2024-07-19,35.27,35.43,34.81,34.92,630143.0,33.155,33.45406577885546,0.6981987933827725,74.28571405714293,2.270000000000003,35.286009150613765,31.023990849386237,0.537685714285714,716288.75,9442341.0,35.24,33.87,32.65
2024-07-22,34.98,35.22,34.55,35.09,753959.0,33.2875,33.60986903801208,0.7383352223535979,77.00650735833172,2.5600000000000023,35.55640073081998,31.018599269180026,0.5541214285714283,667735.2,10196300.0,34.92,33.81,32.53
2024-07-23,35.09,35.27,34.895,35.06,909103.0,33.4155,33.747976748677594,0.7589739034879557,76.30434759385639,2.960000000000001,35.783999191693404,31.0470008083066,0.5544785714285708,692522.8,9287197.0,35.09,34.63,32.1
2024-07-24,35.0,35.27,34.01,34.04,790963.0,33.5055,33.775788486898776,0.6851270139442676,61.496350207856025,1.6599999999999966,35.822153439315954,31.18884656068404,0.6166214285714283,699531.55,8496234.0,35.06,35.19,32.38
2024-07-25,34.22,34.67,33.83,33.85,1128185.0,33.5985,33.782856250051275,0.6043053539214043,60.83032475602449,0.490000000000002,35.80574429287309,31.39125570712692,0.6509071428571429,727141.05,7368049.0,34.04,35.24,33.36
2024-07-26,34.51,34.58,32.75,34.02,844721.0,33.673500000000004,33.80544136909401,0.5476581233438296,63.32737014551287,0.15000000000000568,35.82774452504445,31.519255474955557,0.7501928571428572,745044.65,8212770.0,33.85,34.92,33.87
2024-07-29,33.86,34.57,33.59,34.37,1021460.0,33.7565,33.859208857751725,0.5249554996327817,70.59891089140022,0.5599999999999952,35.88216546855575,31.630834531444258,0.7899999999999999,717253.5,9234230.0,34.02,35.09,33.81
2024-07-30,34.5,35.97,34.285,35.81,1167919.0,33.917,34.0449984903468,0.6160579395302861,75.71214376911996,1.1799999999999997,36.156681368315326,31.677318631684678,0.8782142857142858,740494.1,10402149.0,34.37,35.06,34.63
2024-07-31,35.75,35.86,34.98,35.1,1117536.0,34.04,34.14547482459948,0.6237757151636103,63.59374986088869,-0.0899999999999963,36.25445015154645,31.825549848453548,0.8882142857142858,763085.35,9284613.0,35.81,34.04,35.19
2024-08-01,35.29,35.42,34.81,35.27,617441.0,34.164500000000004,34.252572460351914,0.636275103853265,61.55115497331421,0.030000000000001137,36.360587190292854,31.968412809707154,0.8835714285714289,779337.6,9902054.0,35.1,33.85,35.24
2024-08-02,34.89,35.38,34.65,35.05,871017.0,34.2845,34.3285179403184,0.6212672163399304,59.96784552418807,0.12999999999999545,36.39266432995752,32.176335670042484,0.9071428571428574,805600.55,9031037.0,35.27,34.02,34.92
2024-08-05,34.35,34.675,33.75,33.91,1133385.0,34.3535,34.288659088859504,0.5114887608198302,44.49541274878655,-1.1800000000000068,36.30434084435404,32.402659155645956,0.9210714285714288,846427.45,7897652.0,35.05,34.37,35.09
2024-08-06,33.78,34.84,33.78,34.66,895296.0,34.481500000000004,34.3240248899205,0.47948012737735013,46.062407036422925,-0.4000000000000057,36.120848715352025,32.84215128464798,0.9403571428571433,854408.85,8792948.0,33.91,35.81,35.06
2024-08-07,34.8,35.3,34.56,34.61,939585.0,34.593,34.35126061468998,0.4449493732327383,45.31946498744835,0.5700000000000003,35.90022848645121,33.285771513548795,0.9432142857142861,872491.2,7853363.0,34.66,35.1,34.04
2024-08-08,34.55,34.92,34.495,34.74,796821.0,34.662,34.388283413290935,0.4231950858056521,48.62385310692142,0.8900000000000006,35.833873892981956,33.49012610701804,0.9292857142857152,868456.25,8650184.0,34.61,35.27,33.85
2024-08-09,34.86,34.975,34.59,34.87,455852.0,34.712,34.4341611834537,0.4116987627583555,48.307692203644926,0.8499999999999943,35.825469683845135,33.59853031615487,0.9089285714285721,856042.05,9106036.0,34.74,35.05,34.02
2024-08-12,34.62,34.68,34.13,34.56,484791.0,34.7495,34.44614583264859,0.3732706035531521,46.3126842701508,0.19000000000000483,35.78268567139649,33.7163143286035,0.9214285714285718,853790.8,8621245.0,34.87,33.91,34.37
2024-08-13,34.77,34.77,34.345,34.54,353472.0,34.745,34.455084324777296,0.33731383376612456,54.325259383987266,-1.2700000000000031,35.78115686680717,33.70884313319282,0.8617857142857146,832807.0,8267773.0,34.56,34.66,35.81
2024-08-14,34.54,34.882,34.43,34.57,371017.0,34.714000000000006,34.46602867479851,0.3076917054833572,56.40569380966552,-0.5300000000000011,35.73102145089425,33.696978549105765,0.8340714285714286,806992.2,8638790.0,34.54,34.61,35.1
2024-08-15,34.86,35.22,34.5,34.97,475635.0,34.7005,34.51402594386532,0.3128858590212644,58.1196579805683,-0.30000000000000426,35.695042476137736,33.70595752386226,0.7547857142857143,787915.05,9114425.0,34.57,34.74,35.27
2024-08-16,34.96,35.04,34.59,35.01,736310.0,34.705,34.5612615682591,0.31658058490702956,55.776173144247934,-0.03999999999999915,35.70452620354797,33.705473796452026,0.7169285714285714,793223.4,9850735.0,34.97,34.87,35.05
2024-08-19,34.99,35.32,34.955,35.15,277533.0,34.708000000000006,34.61733189509157,0.327035648372231,42.21698099267974,1.240000000000002,35.71273824818631,33.7032617518137,0.622642857142857,769402.1,10128268.0,35.01,34.56,33.91
2024-08-20,35.17,35.205,34.91,35.14,285639.0,34.712,34.66710980984475,0.33070231463849353,50.56497155143795,0.480000000000004,35.72325456215226,33.70074543784774,0.5808571428571427,738228.9,9842629.0,35.15,34.54,34.66
2024-08-21,35.19,35.74,35.16,35.71,312980.0,34.7955,34.766432685097634,0.37527645696246026,55.58375614767191,1.1000000000000014,35.848065287386305,33.74293471261369,0.578714285714286,714329.75,10155609.0,35.14,34.57,34.61
2024-08-22,35.65,35.92,35.541,35.85,722032.0,34.8955,34.86962957223119,0.41709065442407933,60.36269408158616,1.1099999999999994,35.94986386408813,33.84113613591187,0.5536428571428574,694022.1,10877641.0,35.71,34.97,34.74
2024-08-23,36.0,36.48,35.885,36.45,828787.0,35.017,35.02014104154251,0.4929611435297261,88.2530116760417,1.5800000000000054,36.19890034311391,33.835099656886094,0.5300714285714291,693225.4,11706428.0,35.85,35.01,34.87
2024-08-26,36.6,36.82,36.41,36.8,523137.0,35.1385,35.18965141853846,0.5747062715222242,86.64383520102288,2.239999999999995,36.52265507193308,33.75434492806692,0.4836428571428577,668309.25,12229565.0,36.45,35.15,34.56
2024-08-27,36.74,36.96,36.5,36.81,537290.0,35.1885,35.34397033105861,0.6329999612984665,88.19444401572156,2.270000000000003,36.737248561020586,33.63975143897941,0.46364285714285813,636777.8,12766855.0,36.8,35.14,34.54
2024-08-28,37.0,37.22,36.75,36.88,583080.0,35.2775,35.49025887095779,0.677042026376256,87.94326197474986,2.3100000000000023,36.99970024509659,33.555299754903416,0.46685714285714347,610055.0,13349935.0,36.81,35.71,34.57
2024-08-29,37.05,37.05,36.595,36.75,698354.0,35.3515,35.61023421658086,0.6934619688034545,83.3333329196218,1.7800000000000011,37.19524076268879,33.50775923731121,0.4718571428571435,614100.65,12651581.0,36.88,35.85,34.97
2024-08-30,36.8,37.02,36.67,36.96,1012452.0,35.447,35.73878333881125,0.7151760323083067,94.11764657439434,1.9500000000000028,37.418428549635024,33.47557145036498,0.4575714285714295,621172.4,13664033.0,36.75,36.45,35.01
2024-09-03,36.74,37.045,36.63,36.81,790363.0,35.592,35.84080397321018,0.712072509048177,89.82456096226535,1.6600000000000037,37.51339861340099,33.67060138659901,0.4568571428571434,604021.3,12873670.0,36.96,36.8,35.15
2024-09-04,37.1,37.34,36.7699,37.08,958531.0,35.71300000000001,35.95882264242826,0.7230646488346508,90.61488632083872,1.9399999999999977,37.691229937143525,33.73477006285649,0.4652928571428581,607183.05,13832201.0,36.81,36.81,35.14
2024-09-05,37.27,37.455,37.0,37.17,549428.0,35.841,36.074172866958904,0.7306161583650379,89.56834487267743,1.4600000000000009,37.849779676687824,33.83222032331218,0.4463642857142866,587675.2,14381629.0,37.08,36.88,35.71
2024-09-06,37.15,37.37,36.61,37.08,496988.0,35.958000000000006,36.16996592724853,0.7210269859658212,86.57243773427057,1.2299999999999969,37.96935304027711,33.9466469597229,0.46850714285714395,572683.55,13884641.0,37.17,36.75,35.85
2024-09-09,36.9,37.6,36.57,37.57,668714.0,36.093,36.303302505605814,0.744385588938016,88.05031407776586,1.1199999999999974,38.15858873982835,34.027411260171654,0.5160071428571439,583326.65,14553355.0,37.08,36.96,36.45
2024-09-10,37.57,37.83,37.39,37.69,550242.0,36.2495,36.43536893364335,0.7637761116183697,88.7537990144214,0.8900000000000006,38.30028136585223,34.19871863414777,0.5263642857142864,586599.2,15103597.0,37.57,36.81,36.8
2024-09-11,37.35,37.865,36.87,37.37,851682.0,36.391000000000005,36.52438141615351,0.7447370497728016,77.30263122294829,0.5599999999999952,38.332772386249346,34.449227613750665,0.5560071428571435,611509.7,14251915.0,37.69,37.08,36.81
2024-09-12,37.57,38.39,37.49,38.35,830814.0,36.58,36.69824985271032,0.7995100121332541,82.21649454870328,1.4699999999999989,38.511293539792064,34.64870646020793,0.5932214285714288,634499.55,15082729.0,37.37,37.17,36.88
2024-09-13,38.76,39.0,38.3,38.93,702371.0,36.778000000000006,36.91079748578553,0.8795798827824015,82.12435203374578,2.1799999999999997,38.822933147794295,34.73306685220572,0.6007214285714291,645836.35,15785100.0,38.35,37.08,36.75
2024-09-16,38.98,39.075,38.75,38.87,540028.0,36.971000000000004,37.097388201425005,0.927502660268182,78.99159632888438,1.9099999999999966,39.04179847300262,34.900201526997385,0.5946500000000005,636022.25,15245072.0,38.93,37.57,36.96
2024-09-17,38.91,38.92,38.3,38.49,517100.0,37.138,37.230017896527386,0.9241657747094436,71.3197967008941,1.6799999999999997,39.12757916735133,35.14842083264867,0.6060785714285721,648000.6,14727972.0,38.87,37.69,36.81
2024-09-18,38.48,38.96,38.07,38.46,603593.0,37.303999999999995,37.34715904923906,0.908626439588474,70.25641000420771,1.3800000000000026,39.13973189190249,35.4682681080975,0.6360785714285723,663898.3,14124379.0,38.49,37.37,37.08
2024-09-19,38.94,38.94,38.0,38.54,782074.0,37.4455,37.46076294931153,0.8924787959504457,73.2467529804014,1.3699999999999974,39.19830196737757,35.69269803262244,0.6707214285714294,687353.0,14906453.0,38.46,38.35,37.17
2024-09-20,38.29,38.96,38.29,38.37,2625136.0,37.5715,37.547356954139005,0.8560955561105743,68.50393675615345,1.2899999999999991,39.19922395176776,35.94377604823224,0.6935785714285723,782508.2,12281317.0,38.54,38.93,37.08
2024-09-23,38.66,38.8,38.42,38.44,1028832.0,37.671,37.63237057755434,0.8234181396414897,71.84986568206477,0.8699999999999974,39.252709934150396,36.0892900658496,0.691078571428572,792510.45,13310149.0,38.37,38.87,37.57
2024-09-24,38.35,38.7,38.28,38.46,563171.0,37.754000000000005,37.71119242731107,0.7900279342635486,69.82758592598096,0.7700000000000031,39.31737556520989,36.19062443479012,0.6803571428571432,794512.15,13873320.0,38.44,38.49,37.69
2024-09-25,38.55,38.65,38.09,38.14,497587.0,37.820499999999996,37.752031243757635,0.7293372840776797,63.07277604231293,0.7700000000000031,39.326914006140186,36.314085993859806,0.6878571428571431,792527.0,13375733.0,38.46,38.46,37.37
2024-09-26,38.2,38.3,37.342,37.37,528575.0,37.845,37.715647315780714,0.6120515919531684,53.30296110563974,-0.980000000000004,39.30214212000592,36.38785787999408,0.7020000000000002,789801.75,12847158.0,38.14,38.54,38.35
2024-09-27,37.64,37.775,37.23,37.26,903524.0,37.8705,37.67225233332541,0.5044112167342973,46.13466318057721,-1.6700000000000017,39.26339135103571,36.47760864896429,0.6673571428571431,800060.25,11943634.0,37.37,38.37,38.93
2024-09-30,37.26,37.78,37.08,37.71,627255.0,37.908,37.67584734919918,0.4502267493468466,50.23041458451022,-1.1599999999999966,39.23657818738704,36.57942181261296,0.685928571428572,780800.4,12570889.0,37.26,38.44,38.87
2024-10-01,37.77,37.85,37.0,37.59,612536.0,37.946999999999996,37.66767141118021,0.39307109256984063,52.65700465285077,-0.8999999999999986,39.18239211759309,36.7116078824069,0.6755714285714289,771909.05,11958353.0,37.71,38.46,38.49
2024-10-02,37.25,37.39,36.66,36.7,751753.0,37.928,37.575512229163046,0.2728144259530936,29.629629527206248,-1.759999999999998,39.22945829138361,36.62654170861639,0.6634285714285723,761570.15,11206600.0,37.59,38.14,38.46
2024-10-03,36.6,36.75,36.4,36.53,411484.0,37.896,37.47593963590942,0.16192598998972585,17.032966967455707,-2.009999999999998,39.30311575104635,36.48888424895365,0.6384285714285721,754672.95,10795116.0,36.7,37.37,38.54
2024-10-04,36.54,36.57,36.14,36.51,423282.0,37.86749999999999,37.38394538487043,0.07160683372237742,17.22222215524701,-1.8599999999999994,39.364428434108554,36.37057156589143,0.6459285714285719,750987.65,10371834.0,36.53,37.26,38.37
2024-10-07,36.33,36.37,36.07,36.2,584812.0,37.799,37.27118868154944,-0.02470141501833467,17.563739307112726,-2.239999999999995,39.468666213097244,36.129333786902755,0.6230714285714285,746792.55,9787022.0,36.51,37.71,38.44
2024-10-08,36.35,36.35,35.94,36.19,519788.0,37.724000000000004,37.16821833092568,-0.10067281884623469,17.663817593363746,-2.270000000000003,39.54241342065595,35.90558657934406,0.5887857142857145,745269.85,9267234.0,36.2,37.59,38.46
2024-10-09,36.17,36.5,36.005,36.22,511818.0,37.6665,37.07791182321848,-0.1566541429981072,16.473988372648748,-1.9200000000000017,39.60106400636873,35.73193599363127,0.5570000000000002,728276.65,9779052.0,36.19,36.7,38.14
2024-10-10,36.0,36.29,35.72,35.95,584279.0,37.5465,36.970491649578626,-0.22026738393679324,16.011235892090824,-1.4199999999999946,39.59682757331489,35.49617242668511,0.5498571428571429,715949.9,9194773.0,36.22,36.53,37.37
2024-10-11,36.0,36.255,35.9,36.23,598211.0,37.411500000000004,36.899968635333046,-0.2452604657677071,20.689655095582197,-1.0300000000000011,39.43363305824907,35.389366941750936,0.5480714285714292,710741.9,9792984.0,35.95,36.51,37.26
2024-10-14,36.08,36.74,36.035,36.49,469410.0,37.292500000000004,36.86092400339657,-0.24130620833368255,25.436408888750734,-1.2199999999999989,39.231657440474585,35.35334255952542,0.5684285714285723,707211.0,10262394.0,36.23,36.2,37.71
2024-10-15,36.58,37.315,36.4627,36.99,576751.0,37.2175,36.87321695545404,-0.19557217520753056,36.27684952079338,-0.6000000000000014,39.07599826189702,35.35900173810298,0.589307142857144,710193.55,10839145.0,36.49,36.19,37.59
2024-10-16,37.17,37.435,36.95,37.26,466832.0,37.157500000000006,36.91005343588699,-0.13597346349722983,48.509484910804126,0.5599999999999952,38.922217063948224,35.39278293605179,0.5555214285714298,703355.5,11305977.0,36.99,36.22,36.7
2024-10-17,37.12,37.31,36.95,37.12,318758.0,37.0865,36.930048346754894,-0.09889785217410463,48.118279388802165,0.5899999999999963,38.726901427122584,35.44609857287742,0.542307142857144,680189.7,10987219.0,37.26,35.95,36.53
2024-10-18,37.08,37.49,37.0587,37.33,371766.0,37.034499999999994,36.968138980397285,-0.05197083074272513,44.5402297058726,0.8200000000000003,38.56590424035228,35.50309575964771,0.5231142857142866,567521.2,11358985.0,37.12,36.23,36.51
2024-10-21,37.3,37.3,36.56,36.64,707088.0,36.9445,36.93688764893088,-0.06965512072272873,38.271604805974654,0.4399999999999977,38.33301643661045,35.555983563389546,0.5152571428571433,551434.0,10651897.0,37.33,36.49,36.2
2024-10-22,36.51,37.05,36.45,36.89,597847.0,36.866,36.932422158556506,-0.0627735231778459,52.78592353694926,0.7000000000000028,38.057273533484015,35.674726466515985,0.5059714285714284,553167.8,11249744.0,36.64,36.99,36.19
2024-10-23,36.78,37.11,36.78,37.01,391265.0,36.8095,36.939810524408266,-0.04709394079183227,57.14285690476188,0.7899999999999991,37.843113487772776,35.775886512227224,0.5045428571428567,547851.7,11641009.0,36.89,37.26,36.22
2024-10-24,36.95,37.23,36.95,37.01,566954.0,36.7915,36.94649523636938,-0.03427268461143029,57.48502969916457,1.0599999999999952,37.79614762086305,35.786852379136946,0.49382857142857056,549770.65,11641009.0,37.01,37.12,35.95
2024-10-25,36.91,37.43,36.21,36.31,629406.0,36.744,36.88587664242944,-0.07967742481550744,51.4745306378972,0.0800000000000054,37.74520769179316,35.74279230820684,0.5595428571428565,536064.75,11011603.0,37.01,37.33,36.23
2024-10-28,36.53,36.9,36.42,36.68,484521.0,36.692499999999995,36.86626934315044,-0.08482726486396786,55.99021985724624,0.18999999999999773,37.584496577761016,35.800503422238975,0.5645428571428559,528928.05,11496124.0,36.31,36.64,36.49
2024-10-29,36.75,37.16,36.66,37.15,693780.0,36.670500000000004,36.89329131046945,-0.05040246986126107,60.26490047600255,0.1599999999999966,37.48787641911597,35.85312358088404,0.564899999999999,532990.25,12189904.0,36.68,36.89,36.99
2024-10-30,37.01,37.91,36.96,37.81,805311.0,36.726,36.98059689994855,0.029792483144305493,68.90243882832644,0.5500000000000043,37.6894892728764,35.7625107271236,0.5920428571428558,535668.15,12995215.0,37.15,37.01,37.26
2024-10-31,37.62,38.4,37.62,37.81,1313616.0,36.790000000000006,37.059587671382026,0.09228377130370546,67.0258618667324,0.6900000000000048,37.86254738577714,35.71745261422287,0.6223999999999984,580774.75,12995215.0,37.81,37.01,37.12
2024-11-01,38.3,38.45,37.68,37.8,656661.0,36.8545,37.1301031312504,0.13939479454763415,64.92027314148429,0.46999999999999886,38.00823033426839,35.70076966573161,0.6270428571428555,592443.7,12338554.0,37.81,36.31,37.33
2024-11-04,37.92,38.26,37.72,38.08,665814.0,36.9485,37.22056949970274,0.1970527780627549,63.06954415276409,1.4399999999999977,38.18133626778191,35.7156637322181,0.6047357142857125,596493.8,13004368.0,37.8,36.68,36.64
2024-11-05,37.9,38.725,37.69,38.7,714208.0,37.074,37.361467642588195,0.28943948562469757,65.92920333561756,1.8100000000000023,38.480517161756765,35.66748283824323,0.6440214285714271,606214.8,13718576.0,38.08,37.15,36.89
2024-11-06,39.0,39.58,38.345,39.08,1123220.0,37.217,37.52513739091313,0.3888371683510172,70.58823508650521,2.0700000000000003,38.825046870225684,35.608953129774314,0.7065214285714271,636784.9,14841796.0,38.7,37.81,37.01
2024-11-07,39.0,39.39,38.77,38.86,840684.0,37.3625,37.65226716320712,0.44473179534924867,66.03773565523518,1.8500000000000014,39.01387104122301,35.71112895877698,0.7199999999999983,649605.15,14001112.0,39.08,37.81,37.01
2024-11-08,39.03,39.37,38.8567,38.97,1022288.0,37.4995,37.777765528615966,0.4922306421956577,77.80429568275414,2.6599999999999966,39.20888554672985,35.79011445327014,0.7038071428571416,670809.0,15023400.0,38.86,37.8,36.31
2024-11-11,39.09,39.83,38.92,39.43,581645.0,37.646499999999996,37.935121192557304,0.5605305291298137,78.86363611270662,2.75,39.49069744347692,35.802302556523074,0.725949999999999,676420.75,15605045.0,38.97,38.08,36.68
2024-11-12,39.39,39.76,38.99,39.03,641263.0,37.74849999999999,38.039395364694705,0.5757451923504391,71.58119636706483,1.8800000000000026,39.664090056133716,35.83290994386627,0.7573785714285702,679646.35,14963782.0,39.43,38.7,37.15
2024-11-13,39.74,39.74,39.07,39.11,601379.0,37.840999999999994,38.14135771091426,0.5874860801460429,72.05882331747407,1.2999999999999972,39.83435633384618,35.84764366615381,0.7852357142857136,686373.7,15565161.0,39.03,39.08,37.81
2024-11-14,39.11,39.145,38.65,38.74,431281.0,37.922,38.198371262255755,0.5604741138305371,77.42663632415962,0.9299999999999997,39.92363722461086,35.92036277538914,0.7334499999999997,691999.85,15133880.0,39.11,38.86,37.81
2024-11-15,38.68,39.115,38.45,39.01,720693.0,38.006,38.27566923727902,0.554462184508246,76.9053115296364,1.2100000000000009,40.043711823022264,35.96828817697774,0.7466642857142857,709446.2,15854573.0,38.74,38.97,37.8
2024-11-18,38.96,39.3,38.78,39.22,471288.0,38.135000000000005,38.365605500395304,0.5601854628510097,75.42997517051114,1.1400000000000006,40.13491052431445,36.13508947568556,0.7480928571428568,697656.2,16325861.0,39.01,39.43,38.08
2024-11-19,38.95,39.25,38.85,39.25,457280.0,38.253,38.4498335479767,0.560678795309272,70.93023226946997,0.5499999999999972,40.221863952424954,36.284136047575046,0.7088071428571426,690627.85,16783141.0,39.22,39.03,38.7
2024-11-20,39.02,39.11,38.845,38.92,434613.0,38.348499999999994,38.494611305312255,0.5283510210779951,64.72148517079555,-0.1599999999999966,40.24755544388463,36.44944455611536,0.6720214285714283,692795.25,16348528.0,39.25,39.11,39.08
2024-11-21,38.91,39.185,38.84,39.05,415723.0,38.4505,38.54750546671109,0.5073722689471438,66.06683780849987,0.18999999999999773,40.26406845095968,36.63693154904032,0.6416642857142852,685233.7,16764251.0,38.92,38.74,38.86
2024-11-22,39.24,39.6,39.175,39.33,881574.0,38.6015,38.62202875559574,0.5074900868622407,66.06683780849987,0.35999999999999943,40.14788151485143,37.055118485148576,0.6334499999999998,697842.1,17645825.0,39.05,39.01,38.97
2024-11-25,39.45,39.98,39.25,39.34,1361306.0,38.7345,38.69040696934853,0.5025967523300494,59.75609730591915,-0.0899999999999963,40.02070985436833,37.44829014563167,0.6116642857142851,741681.35,19007131.0,39.33,39.22,39.43
2024-11-26,39.14,39.58,39.01,39.43,808163.0,38.848499999999994,38.76084440083915,0.5002148320859447,55.85284254784627,0.3999999999999986,39.93150313456342,37.76549686543657,0.5641642857142851,747400.5,19815294.0,39.34,39.25,39.03
2024-11-27,39.63,40.12,39.6,39.8,605202.0,38.948,38.85981160075923,0.5221638708451977,64.96815257657515,0.6899999999999977,39.99430880014635,37.90169119985365,0.5570214285714279,737395.05,20420496.0,39.43,38.92,39.11
2024-11-29,39.91,40.06,39.46,39.5,488006.0,39.0325,38.920781924496445,0.5094782018293387,57.95795771429092,0.759999999999998,39.95781360260099,38.107186397399005,0.5632142857142851,696114.55,19932490.0,39.8,39.05,38.74
2024-12-02,39.48,39.5,39.02,39.28,940888.0,39.1065,38.9549931697825,0.4761834104143361,47.57281531844033,0.2700000000000031,39.831926190522005,38.38107380947799,0.5324999999999994,710325.9,18991602.0,39.5,39.33,39.01
2024-12-03,39.42,39.48,38.88,39.1,548600.0,39.1575,38.968803344088926,0.43031218169418395,51.21951194527069,-0.11999999999999744,39.69922725707054,38.61577274292946,0.5203571428571421,704465.2,18443002.0,39.28,39.34,39.22
2024-12-04,38.91,39.2906,38.91,39.18,715759.0,39.1815,38.98891731131855,0.3958511086889942,51.21951194527069,-0.07000000000000028,39.67857671757832,38.684423282421676,0.4996857142857135,704542.75,19158761.0,39.1,39.43,39.25
2024-12-05,39.16,39.58,39.03,39.33,1104736.0,39.194,39.021401376907264,0.37630638073688516,61.132075148736206,0.4099999999999966,39.69289984228513,38.695100157714876,0.5036142857142843,703618.55,20263497.0,39.18,39.8,38.92
2024-12-06,39.33,39.52,38.99,39.27,859472.0,39.2145,39.04507743624943,0.35191884310219734,55.32786853500418,0.22000000000000597,39.68869627293317,38.74030372706683,0.4939714285714274,704557.95,19404025.0,39.33,39.5,39.05
2024-12-09,39.39,39.57,39.16,39.2,748265.0,39.226,39.05983196613044,0.32321728121631566,49.56521708960311,-0.12999999999999545,39.686178455087656,38.76582154491234,0.4861142857142851,690856.8,18655760.0,39.27,39.28,39.33
2024-12-10,39.16,39.16,38.66,39.02,753189.0,39.2055,39.05603844554659,0.28268794035172107,45.30612219008749,-0.3200000000000003,39.66394014704387,38.747059852956134,0.49325714285714234,699434.0,17902571.0,39.2,39.1,39.34
2024-12-11,39.02,39.41,38.885,39.0,827566.0,39.204,39.05070145073263,0.24611722667886937,51.8691585391737,-0.4299999999999997,39.665046863699196,38.742953136300805,0.5118285714285707,708749.15,17075005.0,39.02,39.18,39.43
2024-12-12,39.09,39.68,38.985,39.2,553884.0,39.2085,39.06492036018667,0.23061461936616467,53.393664820130766,-0.5999999999999943,39.66743584002963,38.74956415997037,0.5368285714285709,706374.4,17628889.0,39.0,39.33,39.8
2024-12-13,38.88,39.29,38.85,39.2,606078.0,39.2315,39.07778508778794,0.21584061512554342,46.6321240140676,-0.29999999999999716,39.63424191814626,38.828758081853735,0.5378999999999989,715114.25,17628889.0,39.2,39.27,39.5
2024-12-16,39.1,39.7,39.075,39.28,527061.0,39.245,39.09704365085575,0.20818758485011557,48.49999966049993,0.0,39.63435844667934,38.85564155332065,0.5303999999999992,705432.65,18155950.0,39.2,39.2,39.28
2024-12-17,39.14,39.52,38.82,38.96,552238.0,39.232,39.08399187458377,0.17429204734261106,39.46188316032896,-0.14000000000000057,39.64170335867041,38.82229664132959,0.5396857142857137,709480.15,17603712.0,39.28,39.02,39.1
2024-12-18,38.98,39.41,38.14,38.21,730028.0,39.18,39.000754553194845,0.08592042055082771,19.540229780243948,-0.9699999999999989,39.79342867298705,38.56657132701295,0.5932571428571423,723117.55,16873684.0,38.96,39.0,39.18
2024-12-19,38.13,38.59,37.51,37.55,886811.0,39.1115,38.86258745289057,-0.036945331728169606,17.171717090773,-1.7800000000000011,40.061054466163505,38.161945533836494,0.6275428571428568,745727.45,15986873.0,38.21,39.2,39.33
2024-12-20,37.17,38.35,37.17,38.1,2287664.0,39.064,38.789960076424805,-0.08891199996127597,32.12121198494033,-1.1700000000000017,40.11602361390373,38.01197638609627,0.677542857142857,839324.5,18274537.0,37.55,39.2,39.27
2024-12-23,38.07,38.16,37.52,37.73,756705.0,38.984,38.68901149771768,-0.15812905342069428,30.372492714838117,-1.470000000000006,40.183814020676145,37.78418597932386,0.6803999999999998,833081.05,17517832.0,38.1,39.28,39.2
2024-12-24,37.64,38.24,37.64,38.22,180724.0,38.928000000000004,38.64434373603028,-0.17146857902658041,37.692307557002,-0.8000000000000043,40.16191716859273,37.69408283140728,0.6960714285714283,774051.95,17698556.0,37.73,38.96,39.02
2024-12-26,38.02,38.57,37.86,38.52,270577.0,38.88250000000001,38.63250147545597,-0.1560340924895911,39.999999861728504,-0.4799999999999969,40.10553978503972,37.6594602149603,0.7075000000000001,747172.65,17969133.0,38.22,38.21,39.0
2024-12-27,38.45,38.51,37.47,37.68,573424.0,38.7765,38.541787049222066,-0.20917192676979823,33.54037257358904,-1.5200000000000031,40.03177560404309,37.52122439595691,0.7439285714285714,745583.75,17395709.0,38.52,37.55,39.2
2024-12-30,37.67,37.67,37.04,37.2,445435.0,38.661500000000004,38.41399780643901,-0.28671100574408115,30.916030451751155,-2.0,40.05184679505755,37.27115320494246,0.759642857142857,743455.2,16950274.0,37.68,38.1,39.2
2024-12-31,37.36,37.7,37.19,37.46,631256.0,38.5705,38.32314087249244,-0.32345289376389275,35.33834577166604,-1.8200000000000003,40.027063728347414,37.11393627165259,0.7603571428571431,727973.6,17581530.0,37.2,37.73,39.28
2025-01-02,37.48,37.55,36.77,36.95,366790.0,38.463,38.19236555130268,-0.3892369610869295,32.35800336436978,-2.009999999999998,40.06510519399696,36.86089480600304,0.7785714285714285,718883.1,17214740.0,37.46,38.22,38.96
2025-01-03,37.05,37.55,36.94,37.49,550905.0,38.3785,38.12547359403576,-0.39326451285186437,36.097560893436466,-0.7199999999999989,39.99953638064323,36.75746361935678,0.7724999999999999,710640.4,17765645.0,36.95,38.52,38.21
2025-01-06,37.21,37.52,36.63,36.69,521206.0,38.246500000000005,37.98876182317521,-0.4557560190739238,31.94244597882097,-0.8599999999999994,39.968130500121276,36.52486949987873,0.8046428571428572,681463.9,17244439.0,37.49,37.68,37.55
2025-01-07,36.82,37.05,36.14,36.45,714387.0,38.1055,37.8422130781109,-0.5186680992299557,30.098452823997462,-1.6499999999999986,39.93285327728397,36.27814672271603,0.8249999999999998,674209.65,16530052.0,36.69,37.2,38.1
2025-01-08,36.45,36.97,36.39,36.6,985912.0,37.9755,37.72390707067177,-0.5500816309849199,32.99711808905482,-1.1299999999999955,39.84446509499675,36.106534905003244,0.816428571428571,686092.0,17515964.0,36.45,37.46,37.73
2025-01-10,36.01,36.14,35.48,35.56,889440.0,37.802499999999995,37.51782068298875,-0.651387598815873,31.673582234657005,-2.6599999999999966,39.8919207205273,35.71307927947269,0.7728571428571429,692904.55,16626524.0,36.6,36.95,38.22
2025-01-13,35.54,35.72,35.29,35.65,605477.0,37.635000000000005,37.33993299889458,-0.7161556636541917,35.73573566061559,-2.8700000000000045,39.85334931519158,35.41665068480843,0.7264285714285711,681800.1,17232001.0,35.56,37.49,38.52
2025-01-14,35.59,36.01,35.58,35.84,638145.0,37.467,37.197082237095096,-0.7435818607365832,32.06349199223989,-1.8399999999999963,39.69521240601433,35.23878759398567,0.6728571428571425,686013.15,17870146.0,35.65,36.69,37.68
2025-01-15,36.48,36.63,35.42,35.46,499548.0,37.28,37.03164583356223,-0.7869091449380363,32.012678217404556,-1.740000000000002,39.52353105147839,35.03646894852161,0.7135714285714287,680686.65,17370598.0,35.84,36.45,37.2
2025-01-16,35.5,35.97,35.5,35.93,522182.0,37.112500000000004,36.92672718274678,-0.7743945197974398,31.796502313966442,-1.5300000000000011,39.223632148248605,35.001367851751404,0.7042857142857143,680442.7,17892780.0,35.46,36.6,37.46
2025-01-17,36.34,36.34,35.701,35.79,642761.0,36.954,36.81846745105661,-0.7669326964559744,27.73246323193233,-1.1600000000000037,38.95418314950888,34.95381685049112,0.6992142857142858,684968.85,17250019.0,35.93,35.56,36.95
2025-01-21,35.97,36.44,35.97,36.41,501544.0,36.864,36.77956578905122,-0.7028878753598988,39.25549906098523,-1.0800000000000054,38.78671080563499,34.941289194365005,0.6585000000000001,673544.65,17751563.0,35.79,35.65,37.49
2025-01-22,36.28,36.3263,35.77,35.81,448656.0,36.777,36.68722619009396,-0.6925634385996062,38.474295101386346,-0.8799999999999955,38.7262951492649,34.8277048507351,0.6532357142857143,651636.9,17302907.0,36.41,35.84,36.69
2025-01-23,35.86,36.32,35.535,36.3,533539.0,36.687,36.650347505323104,-0.6374937124928266,40.73482419004986,-0.15000000000000568,38.54308643174437,34.830913568255625,0.6728785714285712,563930.65,17836446.0,35.81,35.46,36.45
2025-01-24,36.18,36.725,36.0401,36.62,469609.0,36.6315,36.647457266720906,-0.5615559645460095,47.28171323526453,0.01999999999999602,38.42147530121163,34.841524698788376,0.6660857142857145,549575.85,18306055.0,36.3,35.93,36.6
2025-01-27,36.91,37.535,36.51,37.3,510947.0,36.585499999999996,36.70960419369987,-0.44141606556151913,48.4702092305019,1.7399999999999949,38.2462097404741,34.92479025952589,0.6957285714285716,566087.0,18817002.0,36.62,35.79,35.56
2025-01-28,37.14,37.76,36.78,36.93,524228.0,36.506,36.73059427049036,-0.3717746510800879,52.07612444133813,1.2800000000000011,37.909025302694246,35.102974697305754,0.7021571428571427,578769.55,18292774.0,37.3,36.41,35.65
2025-01-29,36.85,37.02,36.11,36.29,505377.0,36.4365,36.688632911396034,-0.3640296722005587,48.705501507786856,0.44999999999999574,37.72793371979822,35.14506628020178,0.7021571428571433,575367.2,17787397.0,36.93,35.81,35.84
2025-01-30,36.65,37.06,36.47,36.71,384150.0,36.412,36.69066787221546,-0.3203089090077569,50.852713067916596,1.25,37.6603184479005,35.1636815520995,0.7028714285714293,572302.95,18171547.0,36.29,36.3,35.46
2025-01-31,36.62,36.76,36.21,36.33,503737.0,36.35549999999999,36.65631855105208,-0.31271789614720547,56.64939537252303,0.3999999999999986,37.50225698338735,35.20874301661264,0.6950142857142859,565927.0,17667810.0,36.71,36.62,35.93
2025-02-03,36.07,36.31,35.705,36.2,459031.0,36.318,36.612859641428074,-0.3135771550610542,54.71698100067968,0.4100000000000037,37.43146968384523,35.20453031615477,0.7075142857142863,570539.05,17208779.0,36.33,37.3,35.79
2025-02-04,36.03,36.435,36.03,36.34,582352.0,36.2605,36.58687300891111,-0.29950874361109214,54.325259383987266,-0.06999999999999318,37.22839462236356,35.29260537763644,0.705728571428572,572111.4,17791131.0,36.2,36.93,36.41
2025-02-05,36.55,36.88,36.4,36.86,556853.0,36.269,36.61288510330053,-0.24359179739120407,61.82432417811818,1.0499999999999972,37.255581551568355,35.28241844843164,0.6535857142857152,573893.75,18347984.0,36.34,36.29,35.81
2025-02-06,36.91,36.95,36.355,36.61,602279.0,36.277,36.61261033155762,-0.21694926918597446,55.96491214324409,0.3100000000000023,37.27231745795277,35.281682542047236,0.662514285714287,568288.35,17745705.0,36.86,36.71,36.3
2025-02-07,36.61,37.42,36.19,37.32,712170.0,36.313,36.67998077617118,-0.1369649605444394,62.20095679891338,0.7000000000000028,37.40490514336437,35.22109485663564,0.7047285714285729,554601.25,18457875.0,36.61,36.33,36.62
2025-02-10,37.07,37.235,36.69,36.82,730708.0,36.376000000000005,36.69331594034535,-0.11262437730055552,53.333333211924156,-0.4799999999999969,37.429703243952524,35.322296756047486,0.710085714285716,546664.65,17727167.0,37.32,36.2,37.3
2025-02-11,36.66,37.22,36.58,37.12,602396.0,36.4495,36.733952517455315,-0.06833902715448659,61.19658105012782,0.18999999999999773,37.49502127517443,35.40397872482557,0.7160642857142874,546510.6,18329563.0,36.82,36.34,36.93
2025-02-12,36.46,37.33,36.46,37.02,612017.0,36.508500000000005,36.76119513484052,-0.04084094339726363,56.59340644829537,0.730000000000004,37.54231307482759,35.47468692517242,0.7221357142857155,545204.2,17717546.0,37.12,36.86,36.29
2025-02-13,37.23,37.33,36.88,37.24,690139.0,36.597500000000004,36.80679559818904,-0.0012815792752505217,55.783581943848915,0.5300000000000011,37.554906034966216,35.64009396503379,0.7053571428571439,554733.75,18407685.0,37.02,36.61,36.71
2025-02-14,37.25,37.42,36.5,36.58,786399.0,36.629999999999995,36.785196017409135,-0.022922743233500853,43.258426852880525,0.25,37.53467790138998,35.72532209861001,0.6978571428571441,567944.6,17621286.0,37.24,37.32,36.33
2025-02-18,36.23,36.7,36.14,36.17,508869.0,36.649,36.72660592051302,-0.07232339598444781,42.93680286224623,-0.030000000000001137,37.49334714736499,35.80465285263501,0.6678571428571445,561250.0,17112417.0,36.58,36.82,36.2
2025-02-19,36.03,36.23,35.69,35.79,558898.0,36.618,36.63740535665464,-0.14051680317126625,45.11718737663268,-0.5500000000000043,37.54114337142763,35.694856628572374,0.6414285714285727,564117.7,16553519.0,36.17,37.12,36.34
2025-02-20,35.58,35.85,35.33,35.38,387681.0,36.5965,36.51765246554467,-0.22504990791112078,36.98630126853066,-1.4799999999999969,37.61407761891983,35.57892238108017,0.6364285714285727,561068.95,16165838.0,35.79,37.02,36.86
2025-02-21,35.5,35.61,35.06,35.25,586849.0,36.544,36.396923659302324,-0.29908524743196097,38.88888877686326,-1.3599999999999994,37.72173019875219,35.3662698012478,0.6364285714285727,563734.45,15578989.0,35.38,37.24,36.61
2025-02-24,35.36,35.88,35.21,35.48,418215.0,36.487,36.30959759651163,-0.3353341858322594,42.741935363228336,-1.8400000000000034,37.75605020430749,35.21794979569251,0.6410714285714297,561164.75,15997204.0,35.25,36.58,37.32
2025-02-25,35.61,36.34,35.55,36.11,587780.0,36.4275,36.29058830160576,-0.30965646878596687,47.88990813386075,-0.7100000000000009,37.646660625832055,35.20833937416795,0.66857142857143,565006.4,16584984.0,35.48,36.17,36.82
2025-02-26,36.15,36.27,35.875,36.01,350149.0,36.3815,36.263865606214736,-0.29398695863532964,41.55069570940162,-1.1099999999999994,37.59021005621707,35.17278994378294,0.6625000000000014,556302.45,16234835.0,36.11,35.79,37.12
2025-02-27,36.07,36.47,35.9601,36.31,517340.0,36.3825,36.26825935800381,-0.2544283742308693,47.04724396483046,-0.7100000000000009,37.590924376485546,35.174075623514454,0.6564214285714297,556900.6,16752175.0,36.01,35.38,37.02
2025-02-28,36.54,37.25,36.48,37.2,1047134.0,36.407,36.356996562003445,-0.14953856167203838,48.85931545930983,-0.03999999999999915,37.66233975271123,35.15166024728876,0.6235642857142868,590049.8,17799309.0,36.31,35.25,37.24
2025-03-03,37.07,37.6499,37.06,37.23,831722.0,36.452000000000005,36.440139746574545,-0.06326262805276173,54.27974931943285,0.6499999999999986,37.75917211849423,35.14482788150578,0.6267714285714295,606449.05,18631031.0,37.2,35.48,36.58
2025-03-04,37.25,37.435,36.54,36.54,639742.0,36.469,36.44965024690078,-0.049989316777796944,44.40154428154024,0.36999999999999744,37.771207033422485,35.16679296657752,0.6449857142857154,615484.6,17991289.0,37.23,36.11,36.17
2025-03-05,36.21,37.0,36.21,36.73,507180.0,36.4885,36.47635022338642,-0.023863624846953257,47.24857672457677,0.9399999999999977,37.79424882730189,35.18275117269811,0.6392714285714298,611726.0,18498469.0,36.54,36.01,35.79
2025-03-06,36.51,36.63,36.07,36.15,488343.0,36.452999999999996,36.44526924973057,-0.049390634019680135,40.31971570790831,0.769999999999996,37.75482220469303,35.151177795306964,0.6471285714285732,608300.5,18010126.0,36.73,36.31,35.38
2025-03-07,36.3,36.475,35.83,35.95,839712.0,36.42,36.39810074975623,-0.08478198725735098,43.90715655421663,0.7000000000000028,37.73842010715387,35.10157989284613,0.6274857142857161,620172.15,17170414.0,36.15,37.2,35.25
2025-03-10,35.79,36.32,35.13,35.51,915419.0,36.3295,36.313519725969925,-0.14664379407025763,43.65384603631653,0.030000000000001137,37.6362351843834,35.022764815616604,0.6724857142857158,630334.6,16254995.0,35.95,37.23,35.48
2025-03-11,35.56,35.73,34.74,35.16,886028.0,36.2465,36.20366070444898,-0.22136009520207978,43.90715655421657,-0.9500000000000028,37.630639862114734,34.86236013788526,0.7046285714285726,638100.6,15368967.0,35.51,36.54,36.11
2025-03-12,35.17,35.24,34.86,34.92,514818.0,36.1365,36.08140730402527,-0.29652118474749756,45.39999987287999,-1.0899999999999963,37.576884086204004,34.69611591379599,0.6946285714285726,633721.7,14854149.0,35.16,36.73,36.01
2025-03-13,35.02,35.19,34.33,34.43,515740.0,36.007,35.92413041792762,-0.3911172385537611,42.35074615803908,-1.8800000000000026,37.57315654255561,34.44084345744439,0.7167714285714298,628907.85,14338409.0,34.92,36.15,36.31
2025-03-14,34.67,34.89,34.385,34.81,664403.0,35.88549999999999,35.81802275907737,-0.4304603891022225,43.92014507896882,-2.3900000000000006,37.42571837139388,34.34528162860611,0.7049857142857157,627621.05,15002812.0,34.43,35.95,37.2
2025-03-17,34.7,35.26,34.6409,35.13,493897.0,35.813,35.752496782022384,-0.43085219777577777,40.57692296767753,-2.0999999999999943,37.35207832980113,34.273921670198874,0.692778571428572,612995.95,15496709.0,34.81,35.51,37.23
2025-03-18,35.08,35.495,34.9,35.15,582664.0,35.762,35.69511613611549,-0.4246537322319668,41.60156238624572,-1.3900000000000006,37.31876587835175,34.20523412164825,0.707064285714286,616685.7,16079373.0,35.13,35.16,36.54
2025-03-19,35.16,35.41,34.76,35.14,441574.0,35.7295,35.642247932675915,-0.41575574660953407,37.88819864794305,-1.5899999999999963,37.31075166943961,34.14824833056039,0.7170714285714287,610819.5,15637799.0,35.15,34.92,36.73
2025-03-20,34.99,35.39,34.865,35.26,578300.0,35.7235,35.60584336765916,-0.39447378355367135,26.108374294207408,-0.8900000000000006,37.31123290873307,34.135767091266935,0.6995714285714284,620350.45,16216099.0,35.14,34.43,36.15
2025-03-21,34.95,35.14,34.65,34.93,1198357.0,35.707499999999996,35.54147733264401,-0.39962923946655593,23.623853135152714,-1.0200000000000031,37.32155504373637,34.093444956263625,0.6924357142857142,650925.85,15017742.0,35.26,34.81,35.95
2025-03-24,35.33,35.82,35.15,35.77,655624.0,35.721999999999994,35.56324139620172,-0.3321056879513975,41.4634145054351,0.2600000000000051,37.33265661667606,34.11134338332393,0.6763642857142855,662796.3,15673366.0,34.93,35.13,35.51
2025-03-25,35.89,36.02,35.51,35.65,852159.0,35.699,35.571504120372985,-0.2849905898930629,37.83783771852936,0.490000000000002,37.29943283619094,34.09856716380906,0.656364285714286,676015.25,14821207.0,35.77,35.15,35.16
2025-03-26,35.65,36.01,35.51,35.98,751388.0,35.6975,35.61040848986127,-0.218504509193302,47.97136022157539,1.0599999999999952,37.2967613426534,34.0982386573466,0.6520785714285715,696077.2,15572595.0,35.65,35.14,34.92
2025-03-27,36.06,36.26,35.61,35.69,609175.0,35.6665,35.61798863368401,-0.18705809828388453,46.962616668813816,1.259999999999998,37.23959316483908,34.09340683516092,0.652435714285714,700668.95,14963420.0,35.98,35.26,34.43
2025-03-28,35.92,36.02,35.58,35.96,733584.0,35.6045,35.650561144761724,-0.13875041910090147,55.474452365780486,1.1499999999999986,37.01215538545868,34.19684461454133,0.598864285714286,684991.45,15697004.0,35.69,34.93,34.81
2025-03-31,35.96,36.66,35.935,36.49,796474.0,35.567499999999995,35.730507702403465,-0.057042118668640285,65.50116528740884,1.3599999999999994,36.82628596483415,34.30871403516584,0.5799357142857146,683229.05,16493478.0,35.96,35.77,35.13
2025-04-01,36.5,36.94,36.1,36.86,1077125.0,35.5835,35.83807839741266,0.03714007817906406,71.94570112958371,1.7100000000000009,36.90109389958015,34.265906100419855,0.6127928571428569,705098.2,17570603.0,36.49,35.65,35.15
2025-04-02,36.58,37.405,36.58,37.33,1074457.0,35.6135,35.980166169087646,0.1479991773824878,82.95454519059916,2.1899999999999977,37.06184242825168,34.165157571748324,0.6102928571428572,733462.05,18645060.0,36.86,35.98,35.14
2025-04-03,36.89,37.15,35.98,36.06,1063634.0,35.609,35.9877693910793,0.13185745536372195,61.81474463791941,0.8000000000000043,37.05086867056546,34.16713132943455,0.6577928571428571,762226.6,17581426.0,37.33,35.69,35.26
2025-04-04,35.71,36.09,34.81,34.98,1038505.0,35.5605,35.891791353833646,0.0315543118406012,48.76033046567853,0.04999999999999716,37.01923016154833,34.101769838451666,0.7050000000000003,772166.25,16542921.0,36.06,35.96,34.93
2025-04-07,34.17,35.325,33.04,34.33,1439607.0,35.5015,35.743049320135206,-0.09924221726544147,43.862275357174866,-1.4400000000000048,37.06081530183174,33.94218469816826,0.8257142857142864,798375.65,15103314.0,34.98,36.49,35.77
2025-04-08,34.98,35.11,33.185,33.53,1872179.0,35.42,35.532282718217566,-0.26440482876144955,39.223560836796544,-2.1199999999999974,37.20807747388973,33.63192252611027,0.9167857142857149,847683.2,13231135.0,34.33,36.86,35.65
2025-04-09,33.02,35.14,32.4,34.92,2271157.0,35.42,35.473970078387325,-0.27990938387927855,48.05491983149099,-1.0599999999999952,37.20807747388973,33.63192252611027,1.0750000000000008,935500.15,15502292.0,33.53,37.33,35.98
2025-04-10,34.41,35.11,33.54,34.52,1248445.0,35.4245,35.38311578520758,-0.32077580872795153,47.67309867566138,-1.1699999999999946,37.2025116037749,33.6464883962251,1.1521428571428578,972135.4,14253847.0,34.92,36.06,35.69
2025-04-11,34.32,35.14,33.863,35.05,825267.0,35.4365,35.351390472330664,-0.30685889590309756,45.76470580697574,-0.9100000000000037,37.20023139141223,33.67276860858777,1.1955000000000007,980178.6,15079114.0,34.52,34.98,35.96
2025-04-14,35.08,35.69,34.985,35.5,992330.0,35.455,35.365543760680126,-0.2565609283519592,49.15062279862868,-0.990000000000002,37.212947367633255,33.69705263236674,1.2094285714285715,1005100.25,16071444.0,35.05,34.33,36.49
2025-04-15,35.5,35.785,35.26,35.36,793193.0,35.4655,35.365015783472494,-0.2253980087224221,46.41203696183236,-1.5,37.218277945524214,33.71272205447578,1.2112142857142858,1015626.7,15278251.0,35.5,33.53,36.86
2025-04-16,35.36,35.93,35.25,35.54,796982.0,35.485499999999995,35.381680946951306,-0.18405500321525636,49.120750212463015,-1.7899999999999991,37.23175584428069,33.7392441557193,1.213357142857143,1033397.1,16075233.0,35.36,34.92,37.33
2025-04-17,35.58,36.53,35.58,36.18,652048.0,35.5315,35.457711332955945,-0.09851213561601924,51.23595497558389,0.11999999999999744,37.301058672307065,33.76194132769294,1.2497857142857143,1037084.5,16727281.0,35.54,34.52,36.06
2025-04-21,36.0,36.015,34.95,35.29,666409.0,35.5495,35.44173882505538,-0.10136587597997249,43.520518292733534,0.3100000000000023,37.30052346012126,33.79847653987874,1.2740714285714287,1010487.1,16060872.0,36.18,35.05,34.98
2025-04-22,36.01,36.325,35.69,36.05,728066.0,35.5635,35.49966846076439,-0.04181976514283292,45.80310874184003,1.7199999999999989,37.32638370216776,33.800616297832235,1.2594285714285722,1014109.2,16788938.0,35.29,35.5,34.33
2025-04-23,36.26,36.69,35.56,35.79,536099.0,35.570499999999996,35.52731908354873,-0.015430991522364934,41.84322027692742,2.259999999999998,37.33593985871428,33.80506014128571,1.281214285714286,998306.2,16252839.0,36.05,35.36,33.53
2025-04-24,35.79,35.79,35.17,35.22,1116436.0,35.532500000000006,35.49805059940123,-0.04005026014995394,45.194507936759344,0.29999999999999716,37.29353886803703,33.77146113196298,1.2419285714285715,1016558.6,15136403.0,35.79,35.54,34.92
2025-04-25,34.94,35.29,34.21,35.08,1259650.0,35.501999999999995,35.45823625660111,-0.07005053887356638,50.6410255501315,0.5599999999999952,37.27265673216413,33.73134326783586,1.227642857142857,1049082.35,13876753.0,35.22,36.18,34.52
2025-04-28,34.93,35.15,34.51,35.01,854275.0,35.454499999999996,35.41554708930577,-0.09834077959578735,54.70914116815403,-0.03999999999999915,37.22439413896938,33.68460586103061,1.1101428571428567,1055116.9,13022478.0,35.08,35.29,35.05
2025-04-29,35.0,35.28,34.64,34.95,929580.0,35.3775,35.37120927127665,-0.12417113025170323,60.956789991760054,-0.5499999999999972,37.09080244357445,33.66419755642555,1.0183571428571427,1061772.2,12092898.0,35.01,36.05,35.5
2025-04-30,34.91,35.18,34.3,34.7,1046546.0,35.2695,35.30728457877411,-0.162936548796921,47.940074780681456,-0.6599999999999966,36.857023393942924,33.68197660605708,0.8854999999999998,1060243.25,11046352.0,34.95,35.79,35.36
2025-05-01,34.94,35.255,34.31,34.96,816300.0,35.150999999999996,35.2742098569861,-0.17071074795573793,54.230769084763295,-0.5799999999999983,36.41093984818835,33.891060151811644,0.8408571428571427,1047335.4,11862652.0,34.7,35.22,35.54
2025-05-02,35.39,35.65,35.14,35.55,501593.0,35.1255,35.30047558489218,-0.12779069603794113,54.7528515652966,-0.6300000000000026,36.32727894455645,33.92372105544356,0.7860714285714282,1019233.35,12364245.0,34.96,35.08,36.18
2025-05-05,35.4,35.76,35.16,35.41,772199.0,35.147000000000006,35.31090648156912,-0.1038756616745573,49.09090895206607,0.11999999999999744,36.35319628323274,33.94080371676727,0.7785714285714285,1005918.05,11592046.0,35.55,35.01,35.29
2025-05-06,35.26,35.545,34.935,35.41,681724.0,35.201,35.320343959514915,-0.08395504316565194,50.51975037270756,-0.6400000000000006,36.348462188346296,34.053537811653705,0.7846428571428571,968023.9,11592046.0,35.41,34.95,36.05
2025-05-07,35.66,35.8,35.34,35.51,1110983.0,35.3,35.33840643956111,-0.059413760366190616,49.68287511721769,-0.28000000000000114,36.14122717377352,34.45877282622647,0.768928571428571,929964.1,12703029.0,35.41,34.7,35.79
2025-05-08,35.59,35.79,34.96,35.23,508588.0,35.3155,35.32808201674577,-0.06184536204334279,39.130434657247974,0.00999999999999801,36.138472148918176,34.492527851081825,0.7603571428571421,841835.65,12194441.0,35.51,34.96,35.22
2025-05-09,35.26,35.66,35.13,35.61,991790.0,35.37,35.354931348484264,-0.03273228230843017,54.14507752382616,0.5300000000000011,36.1114920945742,34.62850790542579,0.7221428571428561,829002.9,13186231.0,35.23,35.55,35.08
2025-05-12,36.0,36.53,35.96,36.39,892665.0,35.437,35.453509315295285,0.0526723503307025,54.381443102747426,1.3800000000000026,36.290453664761586,34.58354633523841,0.7174999999999986,832372.8,14078896.0,35.61,35.41,35.01
2025-05-13,36.58,36.58,35.64,35.69,999634.0,35.4465,35.47603223764811,0.063144101255034,48.8425924343064,0.7399999999999949,36.307106273446216,34.585893726553785,0.7039285714285702,832738.0,13079262.0,36.39,35.41,34.95
2025-05-14,35.69,35.69,34.95,35.31,537043.0,35.444,35.460219643586385,0.040315483303949406,51.08958820453897,0.6099999999999994,36.305953717160364,34.58204628283964,0.7124999999999986,819930.5,12542219.0,35.69,35.51,34.7
2025-05-15,35.49,35.94,35.32,35.89,484874.0,35.4615,35.501151106101965,0.06823818452969732,58.862144239809666,0.9299999999999997,36.34558799276295,34.57741200723705,0.6796428571428557,804325.1,13027093.0,35.31,35.23,34.96
2025-05-16,35.73,36.3,35.6132,36.28,585535.0,35.466499999999996,35.57532719123511,0.12044841273187501,62.98568489124758,0.730000000000004,36.36864422933728,34.564355770662715,0.6829857142857126,800999.45,13612628.0,35.89,35.61,35.55
2025-05-19,35.88,36.275,35.86,36.2,444798.0,35.512,35.63481983968891,0.1535994643121228,62.72912405739151,0.7900000000000063,36.46691195515896,34.55708804484104,0.6669142857142839,789918.9,13167830.0,36.28,36.39,35.41
2025-05-20,35.98,36.1,35.325,35.44,571723.0,35.4815,35.616265569242344,0.11719530854949767,56.826568118898116,0.030000000000001137,36.4024211635498,34.56057883645019,0.6594142857142836,782101.75,12596107.0,36.2,35.69,35.41
2025-05-21,35.14,35.16,34.34,34.35,997491.0,35.409499999999994,35.49566884836212,0.00038640806825185336,45.119999898931205,-1.1599999999999966,36.44669205956337,34.37230794043662,0.6504857142857118,805171.35,11598616.0,35.44,35.31,35.51
2025-05-22,34.33,34.35,33.9674,34.14,813982.0,35.3555,35.36655752947049,-0.1078870770161231,37.98977844431743,-1.0899999999999963,36.53669431085671,34.17430568914329,0.6413857142857121,790048.65,10784634.0,34.35,35.89,35.23
2025-05-23,33.96,34.135,33.705,33.94,1700013.0,35.298500000000004,35.23069490761616,-0.20744166416751142,37.60539620126889,-1.6700000000000017,36.635429317503466,33.96157068249654,0.6292428571428549,812066.8,9084621.0,34.14,36.28,35.61
2025-05-27,34.27,34.995,34.17,34.9,913750.0,35.293,35.19920015450986,-0.20649506818450192,46.2989839407568,-1.490000000000002,36.63581871645559,33.95018128354441,0.6445999999999975,815040.55,9998371.0,33.94,36.2,36.39
2025-05-28,34.85,34.97,34.58,34.8,547759.0,35.2855,35.16118109217559,-0.21137742098203205,44.847605133836495,-0.8900000000000006,36.63802551294169,33.93297448705831,0.639599999999998,795949.5,9450612.0,34.9,35.44,35.69
2025-05-29,34.8,35.615,34.8,35.44,794463.0,35.322500000000005,35.18773527387315,-0.1617396356127827,51.44827576272057,0.12999999999999545,36.64779837752635,33.99720162247366,0.6385285714285699,783345.35,10245075.0,34.8,34.35,35.31
2025-05-30,35.44,35.8,35.185,35.46,1100531.0,35.347500000000004,35.21366524779,-0.1194110045045349,48.91146579321328,-0.4299999999999997,36.66283265754344,34.03216734245657,0.6445999999999985,797556.9,11345606.0,35.44,34.14,35.89
2025-06-02,35.14,35.96,34.78,35.95,2142019.0,35.3675,35.28379236704809,-0.04579841882707569,46.666666567676785,-0.3299999999999983,36.70772582543322,34.02727417456678,0.688171428571427,879578.2,13487625.0,35.46,33.94,36.28
2025-06-03,35.76,35.995,35.56,35.6,681993.0,35.376999999999995,35.31390737971018,-0.015523049207118333,49.27999988961283,-0.6000000000000014,36.721182005220335,34.032817994779656,0.6520999999999982,875067.9,12805632.0,35.95,34.9,36.2
2025-06-04,35.67,35.72,35.42,35.61,1491877.0,35.387,35.34210667688064,0.009171591369288024,52.55102028304176,0.1700000000000017,36.735185525262224,34.03881447473778,0.620671428571427,915575.55,14297509.0,35.6,34.8,35.44
2025-06-05,35.6,35.6,35.145,35.35,844747.0,35.379000000000005,35.342858421939624,0.007673983942034113,45.143884778414694,1.0,36.72601072554643,34.03198927445358,0.6088857142857128,902263.75,13452762.0,35.61,35.44,34.35
2025-06-06,35.67,35.76,35.44,35.73,507323.0,35.403999999999996,35.37972904842157,0.03672658229456971,45.04504493141787,1.5899999999999963,36.75790896063379,34.0500910393662,0.5826857142857129,902200.5,13960085.0,35.35,35.46,34.14
2025-06-09,35.95,36.17,35.575,36.07,888771.0,35.427,35.445469139048086,0.08619256012296717,48.88123912489888,2.1300000000000026,36.81093945714865,34.04306054285135,0.5955428571428557,897049.55,14848856.0,35.73,35.95,33.94
2025-06-10,36.07,36.55,36.02,36.24,542376.0,35.4195,35.52113874485303,0.13752695802130432,57.66283509439089,1.3400000000000034,36.78293953603426,34.056060463965736,0.5780428571428554,879535.1,15391232.0,36.07,35.6,34.9
2025-06-11,36.27,36.497,35.58,35.75,1064963.0,35.4225,35.54293505486703,0.13709063776477848,65.15151495408627,0.9500000000000028,36.78870681180846,34.05629318819154,0.5849714285714275,882801.55,14326269.0,36.24,35.61,34.8
2025-06-12,35.49,35.775,35.47,35.72,576323.0,35.443,35.55979838297493,0.13279334254652753,67.79279257903167,0.28000000000000114,36.81439345193138,34.071606548068615,0.5794285714285701,884765.55,13749946.0,35.75,35.35,35.44
2025-06-13,35.58,35.585,35.19,35.45,685259.0,35.421,35.54934139412018,0.10637473982514933,66.74057628949714,-0.00999999999999801,36.77622225794197,34.06577774205803,0.5769285714285702,894784.8,13064687.0,35.72,35.73,35.46
2025-06-16,35.4,35.72,35.015,35.15,627017.0,35.36450000000001,35.511308880394445,0.0605325326807602,53.24675305312868,-0.8000000000000043,36.661922140448745,34.06707785955127,0.5683571428571419,896858.9,12437670.0,35.45,36.07,35.95
2025-06-17,34.76,35.34,34.76,35.08,909862.0,35.308499999999995,35.4702318441664,0.01834239850575159,53.66492126929087,-0.5200000000000031,36.54953988654687,34.06746011345312,0.5819285714285708,920112.1,11527808.0,35.15,36.24,35.6
2025-06-18,35.0,35.5,34.98,35.34,439671.0,35.3035,35.457828811388644,0.005819160636377774,48.54651143033406,-0.269999999999996,36.5431141165278,34.063885883472196,0.5608571428571422,913509.5,11967479.0,35.08,35.75,35.61
2025-06-20,35.9,35.9,35.27,35.4,1096495.0,35.356,35.45232130554211,0.0007275166004134803,49.1379308368014,0.04999999999999716,36.511679795390556,34.20032020460945,0.5619285714285708,918459.7,13063974.0,35.34,35.72,35.35
2025-06-23,35.5,35.95,35.36,35.93,461663.0,35.4455,35.4978145145381,0.039009248291883125,49.71590889317532,0.20000000000000284,36.475031830238365,34.41596816976164,0.5197857142857139,900843.75,13525637.0,35.4,35.45,35.73
2025-06-24,35.95,36.085,35.52,35.57,613291.0,35.527,35.50468932267733,0.039839559465633556,49.57507062491472,-0.5,36.274039067533494,34.77996093246651,0.5290714285714283,846507.65,12912346.0,35.93,35.15,36.07
2025-06-25,35.42,35.605,34.42,34.48,836474.0,35.506,35.407099863374725,-0.0469154908622329,37.744034592534376,-1.7600000000000051,36.34518255965035,34.666817440349654,0.5922857142857139,842643.85,12075872.0,35.57,35.08,36.24
2025-06-26,34.66,35.3999,34.615,35.01,1143978.0,35.5165,35.36928082876761,-0.07207212014061781,46.516393309174255,-0.740000000000002,36.323111495866144,34.70988850413386,0.6158499999999998,872454.8,13219850.0,34.48,35.34,35.75
2025-06-27,35.18,35.39,34.83,34.9,1234587.0,35.4895,35.32458741650402,-0.09973532404657703,40.99783067809774,-0.8200000000000003,36.341753359907685,34.637246640092314,0.632992857142857,894461.0,11985263.0,35.01,35.4,35.72
2025-06-30,34.91,35.055,34.41,35.03,758523.0,35.467999999999996,35.29653147207507,-0.10990181914046815,38.18181806033063,-0.4200000000000017,36.34473076945292,34.59126923054707,0.6365642857142859,877360.6,12743786.0,34.9,35.93,35.45
2025-07-01,34.76,35.77,34.76,35.18,826033.0,35.429500000000004,35.28543323663935,-0.10464876750017282,37.89954325785534,0.030000000000001137,36.28446629665813,34.57453370334188,0.670850000000001,811561.3,13569819.0,35.03,35.57,35.15
2025-07-02,35.15,35.15,34.67,35.07,787489.0,35.403,35.26491578553084,-0.10811547897857565,41.499999854750016,-0.00999999999999801,36.26850502446184,34.53749497553816,0.639635714285715,816836.1,12782330.0,35.18,34.48,35.08
2025-07-03,35.23,35.46,35.0325,35.21,441201.0,35.382999999999996,35.25968571071838,-0.09843138707157806,43.795620288774074,-0.13000000000000256,36.24684940207998,34.51915059792001,0.6483857142857151,764302.3,13223531.0,35.07,35.01,35.34
2025-07-07,35.13,35.42,34.84,34.9,643860.0,35.360499999999995,35.2254299287452,-0.11445175509805239,43.37349382958336,-0.5,36.250998973077955,34.470001026922034,0.6616000000000005,754257.95,12579671.0,35.21,34.9,35.4
2025-07-08,34.925,34.925,34.32,34.35,933207.0,35.2915,35.14205564981709,-0.1695736758584161,40.909090778925666,-1.5799999999999983,36.270871979221624,34.312128020778374,0.6544571428571432,775552.15,11646464.0,34.9,35.03,35.93
2025-07-09,34.26,34.72,34.26,34.57,596292.0,35.2165,35.08757415935832,-0.1932780448204241,44.39560425900256,-1.0,36.1743545104337,34.258645489566305,0.6458857142857143,760928.2,12242756.0,34.35,35.18,35.57
2025-07-10,34.6,34.825,34.4793,34.55,593228.0,35.132,35.03637662037181,-0.21124268665880663,40.83526668870209,0.07000000000000028,36.0040115885277,34.25998841147229,0.6334357142857142,763470.8,11649528.0,34.57,35.07,34.48
2025-07-11,34.3,34.67,34.1765,34.59,526451.0,35.074,34.99386456128878,-0.21971934124261594,40.55944042707884,-0.4199999999999946,35.927041616804416,34.22095838319558,0.6236857142857148,736545.2,12175979.0,34.55,35.21,35.01
2025-07-14,34.56,34.95,34.46,34.8,813245.0,35.028,34.97540126973747,-0.20710453396506523,35.76826183860058,-0.10000000000000142,35.83218903250436,34.22381096749564,0.6165428571428576,748391.3,12989224.0,34.59,34.9,34.9
2025-07-15,34.63,34.75,33.98,34.04,480566.0,34.9575,34.88631543452438,-0.2554877529474382,32.49427907210071,-0.990000000000002,35.84845749795274,34.06654250204727,0.6311857142857151,738156.65,12508658.0,34.8,34.35,35.03
2025-07-16,34.25,34.84,34.24,34.79,1043952.0,34.939499999999995,34.877142535998246,-0.23065423217354208,53.84615365909527,-0.39000000000000057,35.82862671526041,34.05037328473958,0.5894000000000013,759003.4,13552610.0,34.04,34.57,35.18
2025-07-17,34.77,35.18,34.7,35.01,986993.0,34.936,34.889795627807935,-0.19101937422050952,49.999999811827955,-0.060000000000002274,35.82334731822336,34.04865268177664,0.5676214285714296,762859.95,14539603.0,34.79,34.55,35.07
