Date,Open,High,Low,Close,Volume,SMA_20,EMA_20,MACD,RSI_14,Momentum_10,Bollinger_Upper,Bollinger_Lower,ATR_14,Volume_MA_20,OBV,Lag_1,Lag_5,Lag_10
2023-08-15,68.19,68.8,66.48,66.83,75867.0,69.09675,68.84594479487275,-0.20735413493451915,33.48183684244371,-3.710000000000008,72.17152046640113,66.02197953359887,1.923564285714287,134351.4,-906503.0,69.1,67.165,70.54
2023-08-16,66.72,67.3,64.6,65.82,77349.0,68.98875000000001,68.55775957631344,-0.38662758454647417,34.59631724615092,-4.300000000000011,72.36558108222707,65.61191891777295,1.9107071428571447,123484.9,-983852.0,66.83,69.4,70.12
2023-08-17,66.35,66.45,64.49,64.67,97565.0,68.83675,68.1874967595217,-0.5979539135707057,25.180115248377376,-5.049999999999997,72.6952611322756,64.97823886772439,1.9610642857142884,118881.65,-1081417.0,65.82,68.31,69.72
2023-08-18,64.06,64.945,63.08,64.44,90728.0,68.76225,67.83059230623391,-0.7703843708811036,25.965824638668508,-5.140000000000001,72.90419776835603,64.62030223164396,1.9585642857142875,105041.55,-1172145.0,64.67,69.57,69.58
2023-08-21,64.54,64.83,63.47,64.05,73327.0,68.55224999999999,67.47053589611639,-0.922025571043875,25.927299676336574,-4.920000000000002,73.19871155692695,63.90578844307303,1.8846357142857155,101108.1,-1245472.0,64.44,69.1,68.97
2023-08-22,64.01,64.925,62.38,62.73,81957.0,68.26525000000001,67.01905628696245,-1.1208531994238484,24.304589684265295,-4.435000000000009,73.59234210199693,62.938157898003084,1.9528500000000004,97714.7,-1327429.0,64.05,66.83,67.165
2023-08-23,62.65,64.25,62.65,64.16,61851.0,67.89075,66.74676521201364,-1.1620853079985096,31.95976635642849,-5.240000000000009,73.26880704986282,62.51269295013718,1.9485714285714297,91601.45,-1265578.0,62.73,65.82,69.4
2023-08-24,63.77,64.87,63.235,64.07,76016.0,67.58574999999999,66.49183519182186,-1.1870111458696044,32.06380205410848,-4.240000000000009,73.10946468736108,62.0620353126389,1.9703571428571434,87930.3,-1341594.0,64.16,64.67,68.31
2023-08-25,64.48,65.15,63.51,64.0,75458.0,67.20775,66.2545175545055,-1.1976167768814179,33.23211872704117,-5.569999999999993,72.6199102603961,61.795589739603905,1.9653571428571435,87286.0,-1417052.0,64.07,64.44,69.57
2023-08-28,64.35,65.3,63.8549,64.09,42262.0,66.86675,66.04837302550497,-1.1854763668644352,38.26783666266693,-5.009999999999991,72.1547227236736,61.57877727632639,1.966435714285714,82455.3,-1374790.0,64.0,64.05,69.1
2023-08-29,64.26,64.73,63.235,64.49,65750.0,66.56424999999999,65.89995654688545,-1.1331877265115935,28.216503957849866,-2.3400000000000034,71.65601143134027,61.4724885686597,1.8625071428571438,81041.0,-1309040.0,64.09,62.73,66.83
2023-08-30,64.32,64.715,63.75,64.03,51944.0,66.25975,65.72186544718207,-1.1128626648159212,29.88721800578743,-1.789999999999992,71.1817376975402,61.33776230245979,1.7742928571428582,79323.35,-1360984.0,64.49,64.16,65.82
2023-08-31,64.08,64.653,64.02,64.23,77578.0,65.98525,65.57978302364091,-1.0693859685183185,22.12943629333904,-0.4399999999999977,70.70280676617733,61.26769323382265,1.7152214285714307,79651.95,-1283406.0,64.03,64.07,64.67
2023-09-01,64.75,65.98,64.72,64.85,71549.0,65.74875,65.51027987853226,-0.9771383938875289,28.160328839234836,0.4099999999999966,70.17262764535289,61.324872354647106,1.6730785714285734,79971.65,-1211857.0,64.23,64.0,64.44
2023-09-05,64.24,64.25,61.91,63.73,144992.0,65.48675,65.34072941391014,-0.977138049106884,31.93473188262392,-0.3200000000000003,69.72409807210961,61.24940192789039,1.6745071428571454,83400.55,-1356849.0,64.85,64.09,64.05
2023-09-06,63.83,65.54,63.83,64.53,155930.0,65.355,65.26351708877584,-0.906000392531638,42.29390673929336,1.8000000000000043,69.53612299193468,61.17387700806533,1.6037928571428601,82316.5,-1200919.0,63.73,64.49,62.73
2023-09-07,64.45,65.78,63.94,64.98,95251.0,65.134,65.23651546127338,-0.8060832368812072,52.02086040048345,0.8200000000000074,68.8570513801112,61.4109486198888,1.5952214285714312,82315.3,-1105668.0,64.53,64.03,64.16
2023-09-08,65.36,66.065,63.63,65.03,102173.0,64.97,65.21684732210448,-0.7148614619180904,53.93858467888652,0.960000000000008,68.37977542091164,61.560224579088356,1.635935714285717,84271.0,-1003495.0,64.98,64.23,64.07
2023-09-11,65.22,65.47,64.82,65.21,124807.0,64.752,65.21619519618977,-0.6216123700336311,57.96703285555791,1.2099999999999937,67.39469878005531,62.10930121994468,1.5852214285714317,86843.0,-878688.0,65.03,64.85,64.0
2023-09-12,65.32,66.5,65.19,65.75,111113.0,64.5845,65.2670337489336,-0.5003869057382246,73.23076907304153,1.6599999999999966,66.34387159834222,62.825128401657786,1.4970071428571465,87673.35,-767575.0,65.21,63.73,64.09
2023-09-13,65.52,66.4,64.755,65.39,265903.0,64.5125,65.27874482046373,-0.42725943458385984,61.325966692713976,0.9000000000000057,65.97831933258847,63.046680667411536,1.5002214285714328,97175.15,-1033478.0,65.75,64.53,64.49
2023-09-14,65.91,66.63,65.07,66.63,190157.0,64.553,65.40743578994338,-0.2700833518587302,69.45288739022193,2.5999999999999943,66.20399140869344,62.902008591306554,1.4948642857142898,102815.55,-843321.0,65.39,64.98,64.03
2023-09-15,66.76,68.47,66.51,68.05,707344.0,64.72200000000001,65.65910857185354,-0.03478740867080887,75.535939337011,3.819999999999993,66.9973378002538,62.446662199746214,1.5177214285714318,133304.5,-135977.0,66.63,65.03,64.23
2023-09-18,67.9,67.9,65.345,66.37,260878.0,64.8185,65.7268125173913,0.020338725495378185,61.974789824827035,1.5200000000000102,67.2044966471059,62.4325033528941,1.5970000000000037,141812.0,-396855.0,68.05,65.21,64.85
2023-09-19,66.25,66.82,65.04,65.6,140313.0,64.896,65.7147351347826,0.003765729262312334,55.61172894048896,1.8699999999999974,67.27758195987028,62.514418040129726,1.6173571428571454,145161.3,-537168.0,66.37,65.75,63.73
2023-09-20,65.95,66.035,65.15,65.39,124491.0,65.029,65.68380797908902,-0.025521347981893427,57.053941825855276,0.8599999999999994,67.18796563927718,62.87003436072281,1.611642857142859,147288.0,-661659.0,65.6,65.39,64.53
2023-09-21,64.97,64.97,63.715,64.28,139819.0,65.035,65.55011198108055,-0.13433278311228491,50.23696675797936,-0.7000000000000028,67.18444301230771,62.885556987692276,1.6560714285714293,151186.4,-801478.0,65.39,66.63,64.98
2023-09-22,64.42,64.71,63.83,64.26,141694.0,65.0445,65.42724417335859,-0.21956429373895503,47.03517581321689,-0.769999999999996,67.1776022627053,62.9113977372947,1.6289285714285715,154470.3,-943172.0,64.28,68.05,65.03
2023-09-25,64.06,65.22,63.61,65.11,79966.0,65.1,65.39703044256254,-0.21755894074091486,57.128099090930455,-0.09999999999999432,67.17566349569698,63.024336504303015,1.576785714285714,154695.7,-863206.0,64.26,66.37,65.21
2023-09-26,64.63,65.69,63.57,64.11,212791.0,65.101,65.27445611469943,-0.2915695158901883,47.874493859287135,-1.6400000000000006,67.17463296757433,63.02736703242567,1.6060714285714275,163222.15,-1075997.0,65.11,65.6,65.75
2023-09-27,64.35,65.31,63.95,64.81,114077.0,65.117,65.23022219901377,-0.2914662033778228,49.160908125542655,-0.5799999999999983,67.17566691664408,63.05833308335593,1.571785714285713,165638.5,-961920.0,64.11,65.39,65.39
2023-09-28,65.02,65.88,64.965,65.14,116325.0,65.1725,65.2216296086315,-0.2622112714424816,50.52833806845372,-1.4899999999999949,67.16661634565303,63.17838365434697,1.4632142857142842,168857.55,-845595.0,64.81,64.28,66.63
2023-09-29,65.57,66.38,64.38,64.79,145231.0,65.2005,65.18052202685708,-0.2637472204479394,48.01512280980991,-3.259999999999991,67.15421144774587,63.246788552254145,1.559642857142855,172240.2,-990826.0,65.14,64.26,68.05
2023-10-02,64.37,64.41,62.36,62.89,129541.0,65.10249999999999,64.96237707191831,-0.41112261060581545,38.023450541681036,-3.480000000000004,67.31034128910918,62.8946587108908,1.6124999999999976,175139.8,-1120367.0,64.79,65.11,66.37
2023-10-03,62.23,62.23,60.63,60.78,155526.0,64.955,64.56405544602133,-0.6877353516380538,33.162892588438226,-4.819999999999993,67.8394154748544,62.0705845251456,1.6092857142857109,175666.5,-1275893.0,62.89,64.11,65.6
2023-10-04,61.11,61.23,59.98,60.92,131499.0,64.7745,64.21700254640025,-0.8855381049854643,27.323272408059907,-4.469999999999999,68.17630432000131,61.37269567999869,1.5871428571428534,174444.95,-1144394.0,60.78,64.81,65.39
2023-10-05,61.12,62.08,60.76,61.78,125353.0,64.61449999999999,63.9849070657907,-0.9626229459540525,23.940149598074626,-2.5,68.26736030680797,60.96163969319201,1.5414285714285683,175950.05,-1019041.0,60.92,65.14,64.28
2023-10-06,61.11,61.835,60.29,60.77,138821.0,64.4015,63.6787254404773,-1.0916549503787536,25.352112644812507,-3.490000000000002,68.42985358820196,60.37314641179803,1.4692857142857108,177782.45,-1157862.0,61.78,64.79,64.26
2023-10-09,59.93,60.94,59.93,60.69,90880.0,64.1755,63.3940849223366,-1.1865840923894098,26.99156510047966,-4.420000000000002,68.50851390185687,59.84248609814313,1.4142857142857115,176086.1,-1248742.0,60.77,62.89,65.11
2023-10-10,61.04,61.92,60.87,61.0,72279.0,63.938,63.16607683449502,-1.222919945607181,29.61931286771862,-3.1099999999999994,68.42559506569889,59.45040493430111,1.4260714285714269,174144.4,-1176463.0,60.69,60.78,64.11
2023-10-11,61.45,62.065,60.525,61.03,60421.0,63.720000000000006,62.962640945495494,-1.2350563052234307,33.23013411091621,-3.780000000000001,68.33246822838875,59.107531771611264,1.4464285714285698,163870.3,-1116042.0,61.0,60.92,64.81
2023-10-12,61.07,61.07,59.135,59.85,55791.0,63.38099999999999,62.6661989506864,-1.3238009903581869,29.677419316545254,-5.289999999999999,68.08857463534773,58.67342536465226,1.5217857142857132,157152.0,-1171833.0,61.03,61.78,65.14
2023-10-13,60.3,60.4,58.87,59.5,71172.0,62.9535,62.36465619347817,-1.405918012227744,22.89855069366382,-5.290000000000006,67.42265640220495,58.484343597795046,1.5160714285714276,125343.4,-1243005.0,59.85,60.77,64.79
2023-10-16,60.07,61.38,60.02,61.28,80886.0,62.699,62.2613556036231,-1.313247729181846,37.28661271140949,-1.6099999999999994,66.92189947784708,58.47610052215292,1.4617857142857136,116343.8,-1162119.0,59.5,60.69,62.89
2023-10-17,60.9,64.6,60.9,63.37,137754.0,62.5875,62.36694078423042,-1.0600686858243051,44.24920122847531,2.5899999999999963,66.60042582590455,58.57457417409545,1.6289285714285704,116215.85,-1024365.0,61.28,61.0,60.78
2023-10-18,62.57,62.74,59.425,59.5,287049.0,62.293000000000006,62.093898804779904,-1.1564230743565602,32.44084679612878,-1.4200000000000017,66.30445780037779,58.28154219962222,1.8003571428571428,124343.75,-1311414.0,63.37,61.03,60.92
2023-10-19,59.5,59.69,56.9125,57.05,345026.0,61.93150000000001,61.61352749003896,-1.4130287512257453,28.689427290657918,-4.730000000000004,66.45891950435593,57.40408049564409,1.8558928571428568,134604.1,-1656440.0,59.5,59.85,61.78
2023-10-20,60.35,62.13,58.61,60.29,460494.0,61.73299999999999,61.4874772528924,-1.3408641976654394,43.33333330222222,-0.480000000000004,66.17793372160655,57.28806627839344,1.9608928571428572,150544.1,-1195946.0,57.05,59.5,60.77
2023-10-23,60.0,61.1,58.74,59.69,122623.0,61.462,61.31628894309312,-1.3166620535539977,46.97053915188507,-1.0,65.69591619139905,57.228083808600964,2.0151785714285717,152676.95,-1318569.0,60.29,61.28,60.69
2023-10-24,60.0,60.24,57.8,60.12,220865.0,61.2625,61.202356662798536,-1.248541150476754,47.81181615594281,-0.8800000000000026,65.34434104489519,57.18065895510482,2.100178571428572,153080.65,-1097704.0,59.69,63.37,61.0
2023-10-25,59.44,59.78,58.23,59.09,143862.0,60.9765,61.0011798377701,-1.2627509555420744,42.71002706786232,-1.9399999999999977,64.80549890723157,57.14750109276843,2.116607142857144,154569.9,-1241566.0,60.12,59.5,61.03
2023-10-26,59.09,60.51,58.935,59.97,100421.0,60.718,60.90297223417295,-1.189560839714062,47.8165938499218,0.11999999999999744,64.02613097175995,57.409869028240045,2.118750000000001,153774.7,-1141145.0,59.09,57.05,59.85
2023-10-27,59.67,59.82,59.0,59.71,86188.0,60.46400000000001,60.78935583091838,-1.1393218980480029,47.3513513155179,0.21000000000000085,63.18341479772893,57.7445852022711,2.105178571428572,150822.55,-1227333.0,59.97,60.29,59.5
2023-10-30,60.09,61.81,59.5672,61.49,122402.0,60.39399999999999,60.856083847021395,-0.9454567459625238,51.22684022447794,0.21000000000000085,62.91533966061938,57.8726603393806,2.190378571428572,150465.6,-1104931.0,59.71,59.69,61.28
2023-10-31,61.35,62.56,60.51,62.25,99124.0,60.467499999999994,60.98883776635269,-0.7223572031400991,52.946859867572165,-1.1199999999999974,63.11858418735105,57.81641581264894,2.226807142857144,147645.5,-1005807.0,61.49,60.12,63.37
2023-11-01,62.46,62.46,60.33,61.76,72893.0,60.5095,61.062281788604814,-0.5783102475901458,54.77261365483175,2.259999999999998,63.21678821400418,57.80221178599582,2.2407357142857154,144715.2,-1078700.0,62.25,59.09,59.5
2023-11-02,62.72,65.42,62.4701,65.39,131458.0,60.69,61.474445427785305,-0.17006667815987697,62.64491194173342,8.340000000000003,64.1348497026265,57.2451502973735,2.3421571428571437,145020.45,-947242.0,61.76,59.97,57.05
2023-11-03,67.4,69.6,67.04,67.44,198494.0,61.0235,62.042593482281944,0.3148377985180275,63.073005055898896,7.149999999999999,65.60492370425355,56.442076295746446,2.4278714285714287,148004.1,-748748.0,65.39,59.71,60.29
2023-11-06,67.37,67.97,66.595,66.9,98952.0,61.33399999999999,62.50520362682652,0.6481699389841609,58.01908219844313,7.210000000000008,66.60943822075987,56.05856177924011,2.2618000000000005,148407.7,-847700.0,67.44,61.49,59.69
2023-11-07,66.72,66.93,66.075,66.83,84828.0,61.6255,62.91708899570018,0.8963589983846418,70.12630417453222,6.710000000000001,67.43997730374717,55.811022696252834,2.0860857142857148,149035.15,-932528.0,66.9,62.25,60.12
2023-11-08,66.91,66.91,64.25,65.69,122453.0,61.85850000000001,63.181175758014454,0.9898247537124121,75.56213011491896,6.599999999999994,67.93985121758153,55.77714878241848,2.0776928571428575,152136.75,-1054981.0,66.83,61.76,59.09
2023-11-09,65.97,66.155,64.8,65.49,84519.0,62.140499999999996,63.4010637810607,1.0358424346449695,68.7590186895652,5.519999999999996,68.35138509668403,55.92961490331596,1.9230500000000004,153573.15,-1139500.0,65.69,65.39,59.97
2023-11-10,65.8,65.89,64.175,65.01,94589.0,62.41600000000001,63.55429580191206,1.0218617002729573,69.35953413602381,5.300000000000004,68.62254120136264,56.209458798637385,1.876978571428572,154744.0,-1234089.0,65.49,67.44,59.71
2023-11-13,64.24,65.23,64.0464,65.04,46102.0,62.604000000000006,63.6957914398252,1.0016496865251483,68.44077953836805,3.5500000000000043,68.89289547661518,56.31510452338484,1.7872357142857145,153004.8,-1187987.0,65.01,66.9,61.49
2023-11-14,67.54,70.2,67.54,69.88,213349.0,62.9295,64.28476368365138,1.359935109364578,81.45772588102578,7.6299999999999955,70.00946275636956,55.84953724363044,1.8665214285714282,156784.55,-974638.0,65.04,66.83,62.25
2023-11-15,69.94,71.22,69.87,70.6,245659.0,63.484500000000004,64.88621476139886,1.6824958770594236,81.28310764343948,8.839999999999996,71.14866809781597,55.820331902184044,1.8504499999999997,154715.05,-728979.0,69.88,65.69,61.76
2023-11-16,70.8,70.83,68.94,70.37,153060.0,64.1505,65.40848002221801,1.8977078976089956,81.4268867252373,4.980000000000004,71.77523392115566,56.52576607884433,1.926878571428571,145116.75,-882039.0,70.6,65.49,65.39
2023-11-17,70.25,71.45,69.51,69.99,215069.0,64.63550000000001,65.84481525819726,2.014409861288655,77.31362460910086,2.549999999999997,72.4577421741838,56.813257825816216,1.9052499999999992,132845.5,-1097108.0,70.37,65.01,67.44
2023-11-20,69.89,71.43,69.885,70.52,134191.0,65.17699999999999,66.29007094789276,2.1251157945568053,76.97325498515164,3.6199999999999903,73.05696019225854,57.29703980774144,1.8691785714285705,133423.9,-962917.0,69.99,65.04,66.9
2023-11-21,70.33,70.4,69.325,69.82,166024.0,65.662,66.62625466714107,2.1318429062512934,75.93307586466777,2.989999999999995,73.42459750341342,57.89940249658658,1.7938214285714278,130681.85,-1128941.0,70.52,69.88,66.83
2023-11-22,70.67,70.67,68.985,70.37,109251.0,66.226,66.98280184169906,2.1566499165581092,69.9839485570004,4.680000000000007,73.607873674574,58.844126325426004,1.7034714285714279,128951.3,-1019690.0,69.82,70.6,65.69
2023-11-24,69.92,70.88,69.46,69.46,110280.0,66.7005,67.21872547582295,2.078973502189001,58.922261411226856,3.969999999999999,73.5929901160611,59.80800988393891,1.6220428571428573,129444.25,-1129970.0,70.37,70.37,65.49
2023-11-27,69.37,69.37,66.69,67.21,117181.0,67.0755,67.21789447812553,1.8150746243338887,51.18956249296588,2.1999999999999886,73.13199707686755,61.01900292313246,1.7152571428571437,130993.9,-1247151.0,69.46,69.99,65.01
2023-11-28,67.32,67.94,66.61,67.14,123378.0,67.358,67.21047595639929,1.5820511531298962,51.18956249296594,2.0999999999999943,72.81492645321423,61.90107354678578,1.7491857142857146,131042.7,-1370529.0,67.21,70.52,65.04
2023-11-29,67.51,68.49,67.395,68.11,225608.0,67.651,67.29614491293269,1.4587805392533966,59.40902015305395,-1.769999999999996,72.5543303397846,62.747669660215394,1.6374000000000006,137366.9,-1144921.0,67.14,69.82,69.88
2023-11-30,68.78,69.95,67.29,67.87,124477.0,67.95649999999999,67.35079777836768,1.3264424043284038,59.22480613727545,-2.7299999999999898,72.00047030027089,63.91252969972909,1.7306142857142857,139946.1,-1269398.0,68.11,70.37,70.6
2023-12-01,67.5507,70.91,67.355,70.57,159003.0,68.21549999999999,67.65738846614218,1.4229027838893131,68.38624332292275,0.19999999999998863,72.23078382689512,64.20021617310486,1.8620428571428564,141323.35,-1110395.0,67.87,69.46,70.37
2023-12-04,70.22,71.53,68.79,70.7,166684.0,68.3785,67.94716099317625,1.4926246663839322,68.59395525884918,0.710000000000008,72.52380438219582,64.23319561780418,1.9732142857142847,139732.85,-943711.0,70.57,67.21,69.99
2023-12-05,70.86,71.24,69.65,70.68,122844.0,68.56750000000001,68.20743137477852,1.5286437358582816,53.84615377366869,0.1600000000000108,72.77321978944956,64.36178021055046,1.8967857142857127,140927.45,-1066555.0,70.7,67.14,70.52
2023-12-06,71.4,73.58,70.75,71.81,231304.0,68.81649999999999,68.55053314860913,1.6295432491948105,55.59666967822821,1.990000000000009,73.17596049293633,64.45703950706366,2.0024999999999986,148251.25,-835251.0,70.68,68.11,69.82
2023-12-07,71.89,73.5,71.64,72.35,121481.0,69.14949999999999,68.91238713445588,1.7330823055782218,58.90287762368337,1.9799999999999898,73.52084436746249,64.77815563253749,2.0003571428571414,148202.65,-713770.0,71.81,67.87,70.37
2023-12-08,72.12,73.55,71.58,72.21,109139.0,69.4855,69.22644550260294,1.7832870279174813,60.202205804886866,2.75,73.70283003588497,65.26816996411503,2.0024999999999986,149433.65,-822909.0,72.35,70.57,69.46
2023-12-11,72.59,72.91,71.46,72.09,91607.0,69.8395,69.49916497854552,1.7927282854739985,57.49761214852282,4.88000000000001,73.64337323381652,66.03562676618348,1.9957142857142844,149284.55,-914516.0,72.21,70.7,67.21
2023-12-12,72.31,72.615,71.65,72.03,121273.0,70.189,69.74019688535071,1.7749094629089228,61.241098590297575,4.890000000000001,73.36953222954209,67.0084677704579,1.9878571428571408,153043.1,-1035789.0,72.09,70.68,67.14
2023-12-13,72.2,74.73,70.02,74.61,195984.0,70.4255,70.20398765817446,1.946469091186131,67.8752107124576,6.5,74.16381076402418,66.68718923597582,2.2039285714285697,152174.85,-839805.0,72.03,71.81,68.11
2023-12-14,75.65,78.48,75.06,78.09,358520.0,70.8,70.95503645263403,2.336225452076647,79.90297982545806,10.219999999999999,75.87398317529292,65.72601682470707,2.3467857142857125,157817.9,-481285.0,74.61,72.35,67.87
2023-12-15,78.5,78.5,75.81,76.61,438873.0,71.112,71.49360440952603,2.496932989397081,84.40702773194019,6.040000000000006,76.80436829817808,65.41963170182191,2.3474999999999975,172108.55,-920158.0,78.09,72.21,70.57
2023-12-18,77.05,77.49,75.66,77.11,105415.0,71.46799999999999,72.0284992276664,2.6342630448659037,85.37970183141837,6.409999999999997,77.72725706033596,65.20874293966402,2.3832142857142835,166625.85,-814743.0,76.61,72.09,70.7
2023-12-19,77.8,79.09,77.27,77.51,152161.0,71.8175,72.5505469202696,2.743737844770095,84.76331352169487,6.829999999999998,78.61163020652054,65.02336979347945,2.4349999999999983,167524.35,-662582.0,77.11,72.03,70.68
2023-12-20,77.19,78.85,76.5,76.6,137859.0,72.15650000000001,72.93620911833916,2.725662458317913,80.76109928607076,4.789999999999992,79.20288548626525,65.11011451373477,2.412857142857141,166116.1,-800441.0,77.51,74.61,71.81
2023-12-21,77.54,78.16,76.9145,78.12,126211.0,72.544,73.42990348802115,2.8016680478491907,79.01614134464059,5.77000000000001,80.01624309308134,65.07175690691865,2.247892857142855,166964.1,-674230.0,76.6,78.09,72.35
2023-12-22,78.62,79.39,77.97,78.42,135223.0,72.99199999999999,73.90515077487628,2.8532149543318184,79.2867980948395,6.210000000000008,80.75447003553815,65.22952996446183,2.1536071428571413,168211.25,-539007.0,78.12,76.61,72.21
2023-12-26,78.89,79.87,78.305,79.65,125947.0,73.614,74.45227927250711,2.959187669567001,81.16747733590374,7.560000000000002,81.4192004256269,65.80879957437311,2.1518214285714277,168649.55,-413060.0,78.42,77.11,72.09
2023-12-27,80.0,80.24,78.67,80.16,157301.0,74.265,74.99587172274452,3.0491682138396783,80.31953513983485,8.129999999999995,81.96786207915744,66.56213792084256,2.0618214285714274,170345.7,-255759.0,79.65,77.51,72.03
2023-12-28,79.68,80.89,79.655,80.89,74188.0,74.90400000000001,75.55721727295933,3.1431417381442515,80.58739246932494,6.280000000000001,82.57729038047908,67.23070961952094,2.01717857142857,162774.7,-181571.0,80.16,76.6,74.61
2023-12-29,80.6,81.64,79.48,80.18,154997.0,75.51950000000001,75.99748229458226,3.124316896066915,77.42601506648562,2.0900000000000034,82.7809235953822,68.25807640461781,2.0307499999999985,164300.7,-336568.0,80.89,78.12,78.09
2024-01-02,79.47,80.22,78.8,79.24,118152.0,75.953,76.30629350462203,2.998986131067909,73.289902213286,2.6299999999999955,83.00238101052659,68.90361898947342,2.0286071428571413,162258.15,-454720.0,80.18,78.42,76.61
2024-01-03,78.91,78.91,75.215,75.39,174314.0,76.1875,76.2190274565628,2.559528076343142,58.777429424091736,-1.7199999999999989,82.79958741623958,69.57541258376042,2.2236071428571416,162639.65,-629034.0,79.24,79.65,77.11
2024-01-04,75.59,76.2,74.77,75.44,135792.0,76.4255,76.14483436546158,2.1900430764507774,52.49849483835165,-2.0700000000000074,82.52574839873832,70.32525160126168,1.9893214285714274,163287.05,-493242.0,75.39,80.16,77.51
2024-01-05,74.77,76.44,74.46,74.54,89091.0,76.562,75.99199299732238,1.803814893317906,37.348538808062784,-2.059999999999988,82.34111885470749,70.7828811452925,1.8864642857142846,156176.4,-582333.0,75.44,80.89,76.6
2024-01-08,74.32,75.27,74.32,75.27,55971.0,76.708,75.92323175948216,1.5388865679056352,44.954819229716286,-2.8500000000000085,82.17837033288797,71.23762966711203,1.7621785714285707,152900.9,-526362.0,74.54,80.18,78.12
2024-01-09,74.1,76.54,74.1,76.12,156360.0,76.90350000000001,75.94197159191243,1.3815850405547963,46.36830516147058,-2.299999999999997,81.96091467134029,71.84608532865973,1.8057500000000002,155261.95,-370002.0,75.27,79.24,78.42
2024-01-10,75.78,76.64,75.49,76.63,142016.0,77.1305,76.0074981069684,1.2832790714938938,46.79767098579564,-3.0200000000000102,81.6580134339646,72.6029865660354,1.7578928571428574,157782.4,-227986.0,76.12,75.39,79.65
2024-01-11,76.4,76.645,74.9,76.51,138860.0,77.3545,76.05535543011426,1.1820624019778876,49.6525095988313,-3.6499999999999915,81.21342526625216,73.49557473374784,1.7146785714285713,158661.75,-366846.0,76.63,75.44,80.16
2024-01-12,77.54,77.54,74.565,75.01,100165.0,77.3745,75.95579777010337,0.9696405647776487,37.97370452191553,-5.8799999999999955,81.177271703846,73.57172829615399,1.8382142857142867,153870.8,-467011.0,76.51,74.54,80.89
2024-01-16,74.08,74.88,73.03,73.7,102119.0,77.155,75.74095988723639,0.6876682042905458,33.07030125803553,-6.480000000000004,81.27725027969119,73.03274972030881,1.868928571428572,141050.75,-569130.0,75.01,75.27,80.18
2024-01-17,72.41,73.72,72.41,73.57,66319.0,77.003,75.53420180273768,0.4485433266194008,26.32398751023854,-5.670000000000002,81.42327910526181,72.58272089473819,1.8507142857142864,122423.05,-635449.0,73.7,76.12,79.24
2024-01-18,73.57,74.3125,73.1,73.89,60413.0,76.84200000000001,75.3776111548579,0.2816089725095168,25.217391276439244,-1.5,81.47530097174037,72.20869902825966,1.825178571428573,120172.95,-575036.0,73.57,76.63,75.39
2024-01-19,74.38,75.7,73.48,75.55,92345.0,76.744,75.39402914010952,0.2800259602859967,30.338733400239846,0.10999999999999943,81.40066426804171,72.08733573195829,1.8955357142857159,117182.15,-482691.0,73.89,76.51,75.44
2024-01-22,76.11,78.53,76.11,78.33,134184.0,76.8305,75.67364541248004,0.49735084090096393,44.08945682956851,3.789999999999992,81.53987463721856,72.12112536278144,1.9141071428571448,116998.4,-348507.0,75.55,75.01,74.54
2024-01-23,79.32,79.35,76.71,76.91,168801.0,76.77000000000001,75.79139346843432,0.5486800729693471,42.77743331687017,1.6400000000000006,81.44055276791603,72.09944723208399,2.001250000000002,119127.9,-517308.0,78.33,73.7,75.27
2024-01-24,73.88,76.419,72.655,74.11,211207.0,76.55449999999999,75.63126075715486,0.35928931166459677,45.75596812728225,-2.010000000000005,81.30160094356697,71.80739905643301,2.0061785714285736,122927.1,-728515.0,76.91,73.57,76.12
2024-01-25,75.02,75.02,73.735,74.0,130189.0,76.27199999999999,75.47590258980678,0.19803720390861201,45.2443856913196,-2.6299999999999955,80.91478319432075,71.62921680567923,1.99582142857143,123139.2,-858704.0,74.11,73.89,76.63
2024-01-26,74.0,74.6,72.8,73.2,177298.0,75.924,75.25914996220614,0.005627752259869112,45.545212723561626,-3.3100000000000023,80.37931923364398,71.46868076635603,1.9829642857142866,124139.05,-1036002.0,74.0,75.55,76.51
2024-01-29,72.74,74.07,71.81,73.25,210785.0,75.542,75.06780234675793,-0.14119598623364027,42.966573774266585,-1.7600000000000051,79.48521589301694,71.59878410698306,2.0765357142857144,130968.9,-825217.0,73.2,78.33,75.01
2024-01-30,73.19,73.9,72.22,73.57,72596.0,75.21149999999999,74.92515450420956,-0.22909337167077126,40.780911021624476,-0.13000000000000966,78.58478997614377,71.8382100238562,2.0222499999999997,126848.85,-752621.0,73.25,76.91,73.7
2024-01-31,72.75,73.8,70.65,70.65,136720.0,74.782,74.51799693238007,-0.5282763740392227,31.588669923507325,-2.9199999999999875,78.18291999936777,71.38108000063222,2.1651071428571416,127777.25,-889341.0,73.57,74.11,73.57
2024-02-01,70.91,71.495,66.945,69.7,152223.0,74.4975,74.05914008167721,-0.83244028955896,30.05272405268083,-4.189999999999998,78.56994850699182,70.42505149300818,2.365464285714286,126672.7,-1041564.0,70.65,74.0,73.89
2024-02-02,68.38,71.13,68.195,71.06,136798.0,74.2785,73.77350769294605,-0.9527711774079393,38.334317747390386,-4.489999999999995,78.60094704086092,69.95605295913907,2.3626071428571427,126723.0,-904766.0,69.7,73.2,75.55
2024-02-05,70.11,71.73,69.49,71.22,155435.0,74.1125,73.53031648409404,-1.0234263949719633,42.14195180038101,-7.109999999999999,78.64267427339868,69.58232572660131,2.3904642857142866,130040.2,-749331.0,71.06,73.25,78.33
2024-02-06,71.51,72.44,71.49,72.33,107797.0,73.96549999999999,73.41600062846604,-0.9785747290787299,46.30071595177746,-4.579999999999998,78.5282114514802,69.40278854851978,2.364750000000001,132631.5,-641534.0,71.22,73.57,76.91
2024-02-07,72.81,74.51,71.57,74.36,183278.0,73.8775,73.5059053305169,-0.7703482533567154,51.272333474942464,0.25,78.33185269087798,69.42314730912202,2.4881428571428583,133977.4,-458256.0,72.33,70.65,74.11
2024-02-08,74.61,77.62,74.61,77.2,172183.0,73.906,73.85772387046767,-0.37188003385821844,54.19847324382808,3.200000000000003,78.44106757333691,69.3709324266631,2.5445714285714303,135485.75,-286073.0,74.36,69.7,74.0
2024-02-09,77.03,80.17,77.03,79.92,197046.0,74.0765,74.4350835018517,0.16152477362457773,54.0581929169569,6.719999999999999,79.23704780853791,68.91595219146208,2.5960000000000014,138395.05,-89027.0,77.2,71.06,73.2
2024-02-12,78.55,82.22,77.785,81.03,189541.0,74.3775,75.06317078738962,0.666139446654725,60.68464725883897,7.780000000000001,80.39792444735505,68.35707555264494,2.7242142857142873,142863.85,100514.0,79.92,71.22,73.25
2024-02-13,77.97,78.92,75.7,76.76,190037.0,74.53049999999999,75.22477356954299,0.7132791296089493,56.38554213063146,3.190000000000012,80.63339482648621,68.42760517351377,2.685357142857145,147259.75,-89523.0,81.03,72.33,73.57
2024-02-14,77.4,78.02,75.59,77.55,123826.0,74.7295,75.44622370577699,0.8051025417801583,58.28278110984793,6.8999999999999915,80.9587703805244,68.5002296194756,2.7671428571428587,150135.1,34303.0,76.76,74.36,70.65
2024-02-15,77.9,80.81,77.86,79.61,147365.0,75.0155,75.84277382903632,1.0321975974208755,64.12516523147855,9.909999999999997,81.597719990246,68.433280009754,2.8492857142857164,154482.7,181668.0,77.55,77.2,69.7
2024-02-16,79.08,79.08,76.56,77.16,164348.0,75.096,75.96822394055667,1.0029185502640274,57.79194895141143,6.099999999999994,81.74478746365351,68.4472125363465,2.867857142857145,158082.85,17320.0,79.61,79.92,71.06
2024-02-20,76.11,77.58,76.0669,76.76,117912.0,75.01750000000001,76.04363118431317,0.9366413176726809,56.336908987337466,5.540000000000006,81.54141834148083,68.49358165851919,2.855935714285716,157269.25,-100592.0,77.16,81.03,71.22
2024-02-21,76.63,77.03,75.35,76.26,100668.0,74.985,76.06423773818811,0.834155045341646,62.32967029131362,3.930000000000007,81.4756134654506,68.49438653454939,2.750935714285717,153862.6,-201260.0,76.76,76.76,72.33
2024-02-22,75.93,77.4,75.44,76.31,106327.0,75.095,76.08764366788448,0.7483420589897065,65.12585808184157,1.9500000000000028,81.59773302866566,68.59226697133434,2.565935714285717,148618.6,-94933.0,76.26,77.55,74.36
2024-02-23,76.31,76.44,74.43,74.88,147652.0,75.13900000000001,75.9726299852288,0.558508349831726,58.71350361213552,-2.3200000000000074,81.62241657818699,68.65558342181303,2.4998642857142874,149491.75,-242585.0,76.31,79.61,77.2
2024-02-26,74.38,75.47,74.1,75.0,91461.0,75.22900000000001,75.87999855806416,0.4129860559260692,58.638025556630154,-4.920000000000002,81.64874552701063,68.8092544729894,2.4377214285714297,145199.9,-151124.0,74.88,77.16,79.92
2024-02-27,75.53,76.29,75.33,75.96,74883.0,75.36449999999999,75.88761774301042,0.3708471636203541,58.352508015787606,-5.070000000000007,81.72247211960526,69.00652788039473,2.438435714285716,138404.8,-76241.0,75.0,76.76,81.03
2024-02-28,75.25,76.16,73.97,74.37,104710.0,75.40450000000001,75.74308271986658,0.20676935196539148,50.023485171426564,-2.3900000000000006,81.72489131033699,69.08410868966304,2.3848642857142863,140010.5,-180951.0,75.96,76.26,76.76
2024-02-29,75.79,76.29,74.285,75.0,76345.0,75.622,75.67231293702214,0.12611814658734488,44.23480080611701,-2.549999999999997,81.54007436676152,69.70392563323848,2.3130785714285724,136991.75,-104606.0,74.37,76.31,77.55
2024-03-01,74.69,75.25,73.5,75.01,93084.0,75.8875,75.6092355144486,0.06229035613647227,35.00305433781044,-4.599999999999994,81.12414768218768,70.65085231781232,2.2137928571428582,134034.8,-11522.0,75.0,74.88,79.61
2024-03-04,74.63,75.37,73.06,73.68,188935.0,76.0185,75.42549879878683,-0.09452338118964576,27.848101242322258,-3.4799999999999898,80.8630705909316,71.1739294090684,2.062007142857144,136641.65,-200457.0,75.01,75.0,77.16
2024-03-05,73.85,75.19,73.57,75.17,209469.0,76.216,75.40116557985475,-0.09744608565584656,44.24330191025297,-1.5900000000000034,80.52989627281698,71.902103727183,1.94772142857143,139343.35,9012.0,73.68,75.96,76.76
2024-03-06,75.25,76.66,73.83,75.05,100709.0,76.352,75.3677212389162,-0.10819806591101155,40.48706236173372,-1.210000000000008,80.30660344674979,72.39739655325022,1.9762928571428588,138988.95,-91697.0,75.17,74.37,76.26
2024-03-07,75.25,75.9,74.82,75.22,113107.0,76.395,75.3536525494956,-0.10182775325858984,30.488888850947134,-1.0900000000000034,80.27642947080514,72.51357052919485,1.842721428571431,135480.4,21410.0,75.05,75.0,76.31
2024-03-08,75.45,76.1,74.49,74.87,138221.0,76.2785,75.3075904019246,-0.12359646501226962,37.48633874045807,-0.009999999999990905,80.19787844159168,72.3591215584083,1.7777214285714311,133782.3,-116811.0,75.22,75.01,74.88
2024-03-11,74.75,75.25,73.95,74.56,118387.0,76.01050000000001,75.23639131602702,-0.16397247817947402,37.85871958829775,-0.4399999999999977,79.60064718947542,72.42035281052459,1.7625000000000028,129849.35,-235198.0,74.87,73.68,75.0
2024-03-12,74.36,75.275,73.755,74.5,138007.0,75.684,75.16625880973874,-0.19852378242096336,39.79118323003748,-1.4599999999999937,78.44377420891705,72.92422579108295,1.7510714285714317,127272.65,-373205.0,74.56,75.17,75.96
2024-03-13,74.23,75.19,74.22,74.55,80168.0,75.5735,75.10756749452553,-0.21934291857412802,39.79118323003748,0.1799999999999926,78.3288452357943,72.81815476420569,1.6803571428571453,121779.2,-293037.0,74.5,75.05,74.37
2024-03-14,74.23,76.16,74.165,75.51,335342.0,75.47149999999999,75.14589439980881,-0.15657357615695844,53.86503058231779,0.5100000000000051,78.06505699662263,72.87794300337735,1.6792857142857167,132355.0,42305.0,74.55,75.22,75.0
2024-03-15,75.04,76.03,75.04,75.52,240118.0,75.26700000000001,75.18152350458892,-0.10481328416574343,53.233830753075395,0.5099999999999909,76.98316586120093,73.55083413879909,1.652142857142859,136992.65,282423.0,75.51,74.87,75.01
2024-03-18,75.85,75.88,74.96,74.97,319740.0,75.1575,75.16137840891379,-0.10694044127308189,43.512450772061044,1.289999999999992,76.62681957041133,73.68818042958867,1.6492857142857156,144762.25,-37317.0,75.52,74.56,73.68
2024-03-19,74.81,76.99,74.81,75.75,324314.0,75.107,75.21743760806486,-0.0451662299466733,60.11730192937795,0.5799999999999983,76.40370188920485,73.81029811079515,1.6485714285714295,155082.35,286997.0,74.97,74.5,75.17
2024-03-20,75.31,78.3,75.31,77.89,162720.0,75.1885,75.47196735967772,0.1744590035553557,67.34693866232209,2.8400000000000034,76.92174490327551,73.4552550967245,1.7189285714285714,158184.95,449717.0,75.75,74.55,75.05
2024-03-21,78.4,79.69,77.59,79.21,297479.0,75.3335,75.82797046827984,0.4498408710886679,71.78423226089424,3.989999999999995,77.79430239374196,72.87269760625804,1.7439285714285708,167742.55,747196.0,77.89,75.51,75.22
2024-03-22,78.86,79.0,76.975,77.15,233468.0,75.44699999999999,75.95387804272939,0.4961392854913811,66.73095458686277,2.280000000000001,78.0262785609023,72.86772143909768,1.7235714285714283,172033.35,513728.0,79.21,75.52,74.87
2024-03-25,76.85,77.41,76.61,76.77,117318.0,75.53549999999998,76.03160394342183,0.4964456170522169,58.639308766636006,2.2099999999999937,78.17105027710555,72.89994972289442,1.6649999999999991,173326.2,396410.0,77.15,74.97,74.56
2024-03-26,77.23,77.62,75.25,75.31,111185.0,75.50300000000001,75.96287975833404,0.3745610480263366,51.22641502668212,0.8100000000000023,78.13253347873399,72.87346652126604,1.6321428571428567,175141.3,285225.0,76.77,75.75,74.5
2024-03-27,76.1,79.45,75.99,79.34,117004.0,75.7515,76.28451025754032,0.5962799975591224,64.24619634167038,4.790000000000006,78.8310575553698,72.67194244463019,1.8021428571428564,175756.0,402229.0,75.31,77.89,74.55
2024-03-28,79.35,79.72,78.77,79.32,87275.0,75.9675,76.57360451872695,0.761600767848222,65.74663829296153,3.809999999999988,79.40976898854035,72.52523101145965,1.7549999999999994,176302.5,314954.0,79.34,79.21,75.51
2024-04-01,79.64,79.64,76.96,77.43,92697.0,76.0885,76.6551659931339,0.7316773124506142,59.13430930439975,1.9100000000000108,79.55906964837233,72.61793035162766,1.8535714285714289,176283.15,222257.0,79.32,77.15,75.52
2024-04-02,76.17,76.46,75.54,76.12,125207.0,76.2105,76.60419780331164,0.5953934902177167,54.77594335101045,1.1500000000000057,79.49092022340095,72.93007977659904,1.8107142857142844,173096.75,97050.0,77.43,76.77,74.97
2024-04-03,75.41,76.675,75.36,76.13,73207.0,76.2585,76.55903610775815,0.48263102512298417,54.669030687626105,0.37999999999999545,79.50270957853624,73.01429042146376,1.8353571428571414,166283.65,170257.0,76.12,75.31,75.75
2024-04-04,76.52,77.9,76.285,76.6,110492.0,76.33599999999998,76.5629374308288,0.426277139961158,53.317102815189294,-1.2900000000000063,79.53235581972787,73.1396441802721,1.8082142857142856,166772.8,280749.0,76.13,79.34,77.89
2024-04-05,76.52,77.54,76.38,77.04,81071.0,76.427,76.60837196122606,0.4123670623396265,54.50771051227122,-2.1699999999999875,79.59306413473506,73.26093586526495,1.820357142857144,165171.0,361820.0,76.6,79.32,79.21
2024-04-08,77.68,78.6555,77.68,77.9,52883.0,76.57849999999999,76.731384155395,0.4653734491537307,58.53232377289155,0.75,79.72075045066892,73.43624954933107,1.824321428571429,160904.1,414703.0,77.04,77.43,77.15
2024-04-09,78.14,79.62,78.14,79.05,64618.0,76.803,76.95220471202406,0.5933370940659302,59.407069507884906,2.280000000000001,79.97943361748798,73.62656638251201,1.77432142857143,158215.65,479321.0,77.9,76.12,76.77
2024-04-10,77.01,77.2599,76.2175,77.0,284337.0,76.928,76.95675664421223,0.5232991771268445,47.4498566954557,1.6899999999999977,79.91388680294345,73.94211319705654,1.6352071428571446,165532.15,194984.0,79.05,76.13,75.31
2024-04-11,77.51,77.6,76.17,77.1,127306.0,77.05550000000001,76.97039886857297,0.47043984485897283,43.49969189100457,-2.240000000000009,79.82367610483152,74.2873238951685,1.5873500000000018,167889.05,322290.0,77.0,76.6,79.34
2024-04-12,76.61,77.29,74.84,75.64,192192.0,77.062,76.84369421442317,0.3071975292526332,45.1695457049025,-3.6799999999999926,79.8154674789956,74.3085325210044,1.6177071428571443,160731.55,130098.0,77.1,77.04,79.32
2024-04-15,75.92,76.88,74.61,75.58,180865.0,77.065,76.7233423844781,0.1710139798767898,46.11365116619261,-1.8500000000000085,79.81151549575326,74.31848450424674,1.7227071428571443,157768.9,-50767.0,75.64,77.9,77.43
2024-04-16,74.88,75.8227,74.81,75.34,78467.0,77.0835,76.59159549071828,0.04322330019472531,50.106458431405926,-0.7800000000000011,79.77503272709887,74.39196727290113,1.6257571428571436,145705.25,-129234.0,75.58,79.05,76.12
2024-04-17,75.4,76.12,73.95,74.13,304179.0,77.00250000000001,76.35715782493558,-0.1539143486995016,26.885536790026762,-2.0,79.948482992053,74.05651700794702,1.533614285714286,144698.5,-433413.0,75.34,77.0,76.13
2024-04-18,69.79,72.5,66.85,68.1,1677489.0,76.513,75.57076184160839,-0.7876383537370799,17.534722208015808,-8.5,81.4312585707152,71.59474142928481,1.869328571428572,220436.95,-2110902.0,74.13,77.1,76.6
2024-04-19,67.37,69.49,67.25,68.85,281635.0,75.99499999999999,74.93068928526473,-1.2153407895112593,23.4200743291275,-8.190000000000012,81.81656245982788,70.1734375401721,1.8378999999999996,219644.75,-1829267.0,68.1,75.64,77.04
2024-04-22,68.71,69.515,68.43,69.37,135653.0,75.60600000000001,74.40109982952524,-1.4951037838837635,28.013029290411566,-8.530000000000001,82.10313264691221,69.1088673530878,1.8496857142857144,214754.0,-1693614.0,68.85,75.58,77.9
2024-04-23,69.49,71.22,69.49,70.88,153441.0,75.3115,74.06575698861808,-1.5767972926327616,34.42136495656385,-8.170000000000002,82.11329627977587,68.50970372022412,1.879328571428572,216560.15,-1540173.0,69.37,75.34,79.05
2024-04-24,70.63,70.85,70.05,70.73,122931.0,75.0825,73.74806584684492,-1.6347987856641737,32.24440408642339,-6.269999999999996,82.18620363001948,67.97879636998051,1.8211142857142855,217147.45,-1663104.0,70.88,74.13,77.0
2024-04-25,69.95,70.65,68.54,70.58,110660.0,74.64450000000001,73.44634529000255,-1.6735771728363034,30.110837412465983,-6.519999999999996,81.72310668716476,67.56589331283526,1.8889714285714274,216830.25,-1773764.0,70.73,68.1,77.1
2024-04-26,70.45,71.55,69.935,71.07,91452.0,74.232,73.2200266909547,-1.645798685775219,28.481411443053517,-4.570000000000007,81.1224253936356,67.3415746063644,1.9346499999999989,217039.1,-1682312.0,70.58,68.85,75.64
2024-04-29,71.56,71.56,70.78,70.99,124632.0,73.91,73.00764319657806,-1.6116611374509802,22.77027024873078,-4.590000000000003,80.7730206637875,67.04697933621249,1.8846499999999986,218635.85,-1806944.0,71.07,69.37,75.58
2024-04-30,70.69,71.025,69.29,70.36,140717.0,73.62199999999999,72.75548670166586,-1.616805084758198,25.18684601250999,-4.980000000000004,80.57733903218436,66.66666096781562,1.934121428571427,219411.35,-1947661.0,70.99,70.88,75.34
2024-05-01,70.75,73.25,69.04,72.0,155243.0,73.4155,72.68353558722148,-1.47158392938735,32.908847154106994,-2.1299999999999955,80.30221482294914,66.52878517705085,2.132692857142856,223513.15,-1792418.0,70.36,70.73,74.13
2024-05-02,72.3,72.95,71.585,72.04,190276.0,73.1875,72.62224648367658,-1.3378456008579036,36.666666628642,3.940000000000012,79.93074262151583,66.44425737848417,2.055192857142856,227502.35,-1602142.0,72.0,70.58,68.1
2024-05-03,72.98,72.98,71.66,72.08,200112.0,72.9395,72.57060396142167,-1.2146278725962816,37.01780411585687,3.230000000000004,79.44688034445235,66.43211965554764,1.9873357142857142,233454.4,-1402030.0,72.04,71.07,68.85
2024-05-06,72.0,73.94,72.0,73.02,95800.0,72.69550000000001,72.61340358414341,-1.0292621105170667,41.81946399256186,3.6499999999999915,78.77138321498218,66.61961678501784,2.0535714285714284,235600.25,-1306230.0,72.08,70.99,69.37
2024-05-07,72.8,73.79,72.8,73.35,164404.0,72.4105,72.6835556237488,-0.8459782597841041,47.06766912338741,2.469999999999999,77.71743478781325,67.10356521218675,1.9692857142857148,240589.55,-1141826.0,73.02,70.36,70.88
2024-05-08,73.04,73.72,72.57,73.5,239730.0,72.2355,72.76131223101082,-0.6807732131077984,86.38813999872868,2.769999999999996,77.119154692737,67.351845307263,1.6478571428571434,238359.2,-902096.0,73.35,72.0,70.73
2024-05-09,73.62,75.355,73.45,74.75,275045.0,72.118,72.95071106615265,-0.44386587379732134,87.2474745932495,4.170000000000002,76.6059046804773,67.6300953195227,1.6239285714285725,245746.15,-627051.0,73.5,72.04,70.58
2024-05-10,74.69,74.8,73.51,73.59,129315.0,72.0155,73.01159572651906,-0.3457320115024487,74.64953258819008,2.5200000000000102,76.2512698610509,67.7797301389491,1.6385714285714295,242602.3,-756366.0,74.75,72.08,71.07
2024-05-13,74.19,74.475,73.68,74.0,187294.0,71.9365,73.10572946685058,-0.2321999919083595,70.9115280170562,3.010000000000005,75.94520250698045,67.92779749301954,1.571785714285714,242923.75,-569072.0,73.59,73.02,70.99
2024-05-14,74.5,75.46,74.39,75.38,188553.0,71.9385,73.32232666048385,-0.030518791556573888,76.75489055528557,5.019999999999996,75.95438569243879,67.92261430756122,1.591071428571428,248428.05,-380519.0,74.0,73.35,70.36
2024-05-15,76.33,76.84,75.7,76.73,71448.0,72.0685,73.64686697853301,0.23553363455965837,81.0920120186767,4.730000000000004,76.5270259541925,67.6099740458075,1.5217857142857139,236791.5,-309071.0,75.38,73.5,72.0
2024-05-16,76.3,77.21,75.885,76.5,119844.0,72.4885,73.91859393295844,0.42294754657572753,78.1931463037691,4.459999999999994,76.95554553250477,68.02145446749523,1.5010714285714275,158909.25,-428915.0,76.73,74.75,72.04
2024-05-17,76.86,76.86,76.3,76.65,88781.0,72.8785,74.17872784410525,0.5769277038247651,79.17525761768525,4.570000000000007,77.36992469484578,68.38707530515423,1.485357142857142,149266.55,-340134.0,76.5,73.59,72.08
2024-05-20,76.81,77.575,75.71,76.1,134826.0,73.215,74.36170614466666,0.6471181127448631,79.83367971749767,3.0799999999999983,77.60698073047215,68.82301926952786,1.494642857142857,149225.2,-474960.0,76.65,74.0,73.02
2024-05-21,75.73,76.5,75.62,75.82,159509.0,73.462,74.50059127374602,0.6723998520829895,73.12348655887051,2.469999999999999,77.85670303170059,69.06729696829942,1.2567857142857142,149528.6,-634469.0,76.1,75.38,73.35
2024-05-22,75.65,76.16,74.6775,75.01,152240.0,73.676,74.54910639053212,0.6199294257491346,66.4451826212367,1.5100000000000051,77.92496965838669,69.42703034161332,1.2651785714285708,150994.05,-786709.0,75.82,76.73,73.5
2024-05-23,75.17,75.2,73.4272,73.71,113849.0,73.8325,74.46919149619572,0.46805169709978145,57.92031090273228,-1.0400000000000063,77.82410632485562,69.84089367514437,1.2975214285714276,151153.5,-900558.0,75.01,76.5,74.75
2024-05-24,74.07,74.66,73.5,74.49,69798.0,74.0035,74.4711732584628,0.40594747095487094,57.25567613015008,0.8999999999999915,77.78426725713541,70.2227327428646,1.241807142857142,150070.8,-830760.0,73.71,76.65,73.59
2024-05-28,74.56,74.91,73.7,73.82,90441.0,74.145,74.40915675765682,0.29921684103210566,52.24450804857466,-0.18000000000000682,77.6528708492093,70.6371291507907,1.2575214285714265,148361.25,-921201.0,74.49,76.1,74.0
2024-05-29,72.73,73.45,72.02,72.33,133909.0,74.24350000000001,74.21114182835616,0.09332570547537955,45.046570649394404,-3.049999999999997,77.396558832308,71.09044116769202,1.2775214285714267,148020.85,-1055110.0,73.82,75.82,75.38
2024-05-30,72.95,74.115,72.57,73.95,111104.0,74.341,74.18627117803653,0.06018220950167574,46.715927696714054,-2.780000000000001,77.31761694227657,71.36438305772342,1.251807142857141,145813.9,-944006.0,72.33,75.01,76.73
2024-05-31,74.15,74.58,73.46,74.3,177568.0,74.45400000000001,74.19710249441401,0.061449472661294635,53.12225147372806,-2.200000000000003,77.22747890980861,71.6805210901914,1.2396642857142848,145178.5,-766438.0,73.95,73.71,76.5
2024-06-03,75.2,75.79,73.25,73.26,111941.0,74.513,74.10785463780316,-0.021220896037732473,46.91666661193058,-3.3900000000000006,77.11898582215221,71.9070141778478,1.3643071428571432,140769.95,-878379.0,74.3,74.49,76.65
2024-06-04,72.77,73.12,71.78,72.48,135683.0,74.486,73.95282086277429,-0.14797151434608224,37.28070170860271,-3.6199999999999903,77.16722046051605,71.80477953948396,1.3835928571428582,142764.1,-1014062.0,73.26,73.82,76.1
2024-06-05,73.12,75.31,72.355,75.16,160524.0,74.5765,74.06779030441483,-0.031802102414204114,43.83346420945257,-0.6599999999999966,77.21816833250172,71.93483166749827,1.5132357142857151,142570.1,-853538.0,72.48,72.33,75.82
2024-06-06,75.32,76.56,73.975,76.36,167694.0,74.71950000000001,74.28609598970866,0.15530272853207805,49.48905104431776,1.3499999999999943,77.42468002124875,72.01431997875127,1.6032357142857165,138968.3,-685844.0,75.16,73.95,75.01
2024-06-07,75.22,76.25,74.59,75.68,121759.0,74.76599999999999,74.41884875259355,0.2458799880989062,46.59170761403486,1.970000000000013,77.50514623655948,72.0268537634405,1.6818071428571446,131304.0,-807603.0,76.36,74.3,73.71
2024-06-10,75.03,75.03,72.375,72.71,139565.0,74.72200000000001,74.25610125234654,0.07711995554460316,39.81981978633768,-1.7800000000000011,77.56691494646616,71.87708505353386,1.7382357142857157,131816.5,-947168.0,75.68,73.26,74.49
2024-06-11,72.14,73.41,71.57,73.12,129090.0,74.67800000000001,74.14790113307544,-0.023271751113682626,41.95470795069337,-0.6999999999999886,77.59620853480806,71.75979146519197,1.8068071428571446,128906.3,-818078.0,72.71,72.48,73.82
2024-06-12,75.11,76.18,73.445,74.49,114549.0,74.6335,74.18048197754445,0.00762672987927715,48.50057666211023,2.1599999999999966,77.53372340337235,71.73327659662765,1.8962714285714313,125206.1,-703529.0,73.12,75.16,72.33
2024-06-13,74.08,74.24,72.79,73.45,101786.0,74.4695,74.11091226539736,-0.051214934078274155,49.23887583786043,-0.5,77.2385429659656,71.70045703403439,1.8732142857142873,126723.0,-805315.0,74.49,76.36,73.95
2024-06-14,72.89,73.055,70.14,70.37,147853.0,74.163,73.75463490678808,-0.34243030787527573,39.37048500767872,-3.9299999999999926,77.31611775532454,71.00988224467545,1.9985714285714309,128123.45,-953168.0,73.45,75.68,74.3
2024-06-17,70.9,77.32,69.92,77.32,236958.0,74.19649999999999,74.09419348709397,-0.012272216639999556,56.81995320360564,4.059999999999988,77.47270624631851,70.92029375368146,2.440714285714288,135532.3,-716210.0,70.37,72.71,73.26
2024-06-18,77.63,79.2,76.9301,77.6,175544.0,74.2715,74.42807982165645,0.2688746887983058,60.77709607971864,5.11999999999999,77.79083770683238,70.75216229316763,2.500707142857145,137568.2,-540666.0,77.32,73.12,72.48
2024-06-20,76.9,77.78,76.745,77.4,88411.0,74.3505,74.71111983864155,0.4701279660267659,57.49023009965858,2.240000000000009,78.08080533532204,70.62019466467795,2.464278571428573,134013.3,-629077.0,77.6,74.49,75.16
2024-06-21,77.34,77.99,75.66,76.31,291727.0,74.4155,74.86339413972331,0.5354958856481318,54.228018478788734,-0.04999999999999716,78.23834807027643,70.59265192972356,2.5507071428571444,140987.65,-920804.0,77.4,73.45,76.36
2024-06-24,76.16,77.625,76.01,77.22,69431.0,74.591,75.087832793083,0.6532001421011557,58.37563448319548,1.539999999999992,78.59543911572817,70.58656088427182,2.484635714285715,138766.75,-851373.0,76.31,70.37,75.68
2024-06-25,76.67,77.12,75.9837,76.9,123224.0,74.7115,75.26042014612271,0.712447635131511,59.534081068443626,4.190000000000012,78.84606941053372,70.57693058946629,2.470085714285715,141438.05,-974597.0,77.22,77.32,72.71
2024-06-26,76.15,76.45,75.49,75.76,125935.0,74.80850000000001,75.30799917982532,0.6598073798336799,51.386321593373005,2.6400000000000006,78.94603180938576,70.67096819061426,2.3275857142857155,143212.75,-1100532.0,76.9,77.6,73.12
2024-06-27,75.93,78.21,75.64,78.18,101446.0,75.101,75.581523067461,0.8040942732044698,53.98075237289021,3.690000000000012,79.3269593741035,70.8750406258965,2.326514285714286,141589.6,-999086.0,75.76,77.4,74.49
2024-06-28,78.5,82.22,78.5,81.75,1043265.0,75.49100000000001,76.16899706103615,1.1927624145737354,61.78640773339769,8.299999999999997,80.61414418260733,70.3678558173927,2.473657142857143,188197.65,44179.0,78.18,76.31,73.45
2024-07-01,81.24,82.3,79.63,80.12,206482.0,75.782,76.54528305522318,1.3536532681412723,65.17820561603878,9.75,81.26857538667588,70.29542461332412,2.474728571428572,189643.35,-162303.0,81.75,77.22,70.37
2024-07-02,80.34,81.54,79.82,81.04,129791.0,76.17099999999999,76.97335133567812,1.5376714203802635,65.89085068529411,3.720000000000013,81.99737523860637,70.34462476139362,2.4661571428571443,190535.85,-32512.0,80.12,76.9,77.32
2024-07-03,80.32,80.68,79.28,79.62,71167.0,76.52799999999999,77.22541311323258,1.5510455128950866,60.27232675835757,2.0200000000000102,82.27658737796492,70.77941262203507,2.3708000000000005,187310.05,-103679.0,81.04,75.76,77.6
2024-07-05,79.2,81.49,78.634,81.32,85886.0,76.836,77.6153737691152,1.679460592806194,65.35310179809039,3.9199999999999875,82.92592749070933,70.74607250929067,2.4712285714285724,183578.15,-17793.0,79.62,78.18,77.4
2024-07-08,81.94,83.28,80.97,81.66,88273.0,77.101,78.0005762672947,1.7880540530124875,74.66142415704415,5.349999999999994,83.55413762933578,70.64786237066421,2.4280142857142866,179607.1,70480.0,81.32,81.75,76.31
2024-07-09,81.41,82.0,80.5,81.1,134987.0,77.372,78.29575947993331,1.8080853505326786,61.454545402402225,3.8799999999999955,84.02597578025362,70.71802421974638,2.0065857142857157,180268.5,-64507.0,81.66,80.12,77.22
2024-07-10,81.63,84.97,81.3,84.72,115316.0,77.9725,78.90759191041585,2.0919493529393804,67.94354833915277,7.819999999999993,85.01156355912944,70.93343644087055,2.106592857142858,179056.05,50809.0,81.1,81.04,76.9
2024-07-11,85.49,88.26,85.46,86.97,148510.0,78.66499999999999,79.67544029990005,2.4699972244866757,71.85929643645362,11.209999999999994,86.38608664291223,70.94391335708775,2.232664285714288,180027.05,199319.0,84.72,79.62,75.76
2024-07-12,87.57,89.995,87.1,88.76,155817.0,79.3785,80.54063646181433,2.8808324823904172,77.55644085498939,10.579999999999998,88.05355625645274,70.70344374354727,2.2730214285714316,182090.45,355136.0,86.97,81.32,78.18
2024-07-15,89.41,91.96,89.09,90.67,173263.0,80.2395,81.50533775116534,3.3222466298059032,78.50784225946971,8.920000000000002,89.80911523727369,70.66988476272633,2.3626642857142883,185664.3,528399.0,88.76,81.66,81.75
2024-07-16,91.82,94.49,90.94,94.19,392797.0,81.4305,82.71340082248292,3.9110212839410536,82.26950350310663,14.069999999999993,91.72953516175873,71.13146483824126,2.5350714285714306,197911.5,921196.0,90.67,81.1,80.12
2024-07-17,93.54,95.4572,93.02,93.66,310791.0,82.2475,83.75593407748455,4.285462722089051,84.18640178844117,12.61999999999999,93.70127689948349,70.79372310051652,2.640585714285716,201603.15,610405.0,94.19,84.72,81.04
2024-07-18,90.0,90.08,81.44,82.38,439552.0,82.4865,83.62489273677174,3.630162282475709,55.99315066255979,2.759999999999991,93.72949693142284,71.24350306857717,3.0741571428571453,214803.55,170853.0,93.66,86.97,79.62
2024-07-19,80.02,83.03,79.21,81.03,254659.0,82.668,83.37776009517444,2.9676885790544816,48.903107840199766,-0.28999999999999204,93.68008637433309,71.65591362566693,3.081300000000003,223115.95,-83806.0,82.38,88.76,81.32
2024-07-22,81.09,87.68,80.1409,86.97,194513.0,83.20100000000001,83.7198781813483,2.8886828147926167,59.22434686697708,5.310000000000002,93.94603537747271,72.4559646225273,3.42909285714286,218255.25,110707.0,81.03,90.67,81.66
2024-07-23,86.93,90.255,86.8172,89.0,159158.0,83.79,84.2227469259818,2.9558015709353214,60.40794976867909,7.900000000000006,94.44568886854056,73.13431113145946,3.551792857142859,222741.6,269865.0,86.97,94.19,81.1
2024-07-24,88.08,89.98,86.49,86.89,112417.0,84.2895,84.47677102826924,2.8063840547023773,59.33727200537576,2.1700000000000017,94.513110393284,74.06588960671601,3.7010785714285737,222201.25,157448.0,89.0,93.66,84.72
2024-07-25,87.28,92.56,87.28,91.57,218878.0,85.08,85.15231664462455,3.03067079687105,62.22858504244333,4.599999999999994,94.96604545492389,75.19395454507611,3.874221428571431,226848.4,376326.0,86.89,82.38,86.97
2024-07-26,93.49,94.54,91.7,94.18,201081.0,85.88,86.01209601180317,3.3800615967035554,64.16930735857017,5.420000000000002,96.00174314090731,75.75825685909268,3.912078571428574,231830.15,577407.0,91.57,81.03,88.76
2024-07-29,94.63,94.63,89.955,90.64,110580.0,86.3245,86.45284877258382,3.33288844503096,60.114503798948206,-0.030000000000001137,96.46337874004026,76.18562125995975,4.1388642857142885,185195.9,466827.0,94.18,86.97,90.67
2024-07-30,91.18,91.605,90.24,91.13,78958.0,86.875,86.89829174662346,3.297036107367461,57.27912784915039,-3.0600000000000023,96.78853248422406,76.96146751577594,3.9742214285714317,178819.7,545785.0,90.64,89.0,94.19
2024-07-31,92.07,93.75,89.66,90.73,134119.0,87.3595,87.26321634218313,3.1994647761115544,54.45708864954009,-2.9299999999999926,97.0161322450306,77.70286775496939,4.066364285714288,179036.1,411666.0,91.13,86.89,93.66
2024-08-01,91.0,91.46,85.55,86.5,152424.0,87.70349999999999,87.19052907149901,2.749122966965672,47.46750334682776,4.1200000000000045,96.66437701299823,78.74262298700175,4.28172142857143,183098.95,259242.0,90.73,91.57,82.38
2024-08-02,82.78,85.05,81.23,84.84,191982.0,87.87950000000001,86.96666915992768,2.2325403763294247,43.4302456477795,3.8100000000000023,96.44188155507634,79.31711844492368,4.349578571428573,188403.75,67260.0,86.5,94.18,81.03
2024-08-05,80.26,83.9086,78.8,81.29,269892.0,87.861,86.42603400183933,1.5191774880352114,35.472972961787804,-5.679999999999993,96.48136487199298,79.24063512800703,4.460907142857145,197484.7,-202632.0,84.84,90.64,86.97
2024-08-06,82.0,82.915,80.31,80.62,186726.0,87.837,85.87307838261654,0.8895150828875416,35.36147282229321,-8.379999999999995,96.5389080787205,79.13509192127951,4.47289285714286,200071.65,-389358.0,81.29,91.13,89.0
2024-08-07,82.12,82.9054,80.49,80.71,160396.0,87.6365,85.38135663189115,0.39323239984433656,47.4962518541245,-6.180000000000007,96.81266655426185,78.46033344573814,4.028278571428574,202325.65,-228962.0,80.62,90.73,86.89
2024-08-08,82.22,82.44,81.07,82.38,118415.0,87.407,85.09551314313961,0.13314502808856332,52.00475198312839,-9.189999999999998,96.8782064479095,77.93579355209049,3.853278571428574,200820.9,-110547.0,80.71,86.5,91.57
2024-08-09,82.05,82.195,80.29,81.07,76515.0,87.02250000000001,84.71213093903107,-0.17664587591933412,39.841597776935856,-13.110000000000014,96.87897502913572,77.1660249708643,3.4508428571428587,196855.8,-187062.0,82.38,84.84,94.18
2024-08-12,81.67,82.0,80.18,81.35,140141.0,86.5565,84.39192799245669,-0.3950103064172481,35.98387685951724,-9.290000000000006,96.56694564968213,76.54605435031787,3.3352857142857153,195199.7,-46921.0,81.07,81.29,90.64
2024-08-13,82.31,82.86,80.88,82.4,88540.0,85.96700000000001,84.20222056460366,-0.47783132404160256,41.441097957294126,-8.72999999999999,95.45992057549252,76.47407942450751,3.227428571428572,179986.85,41619.0,81.35,80.62,91.13
2024-08-14,82.95,82.95,78.475,81.32,153885.0,85.35,83.92772336797475,-0.6234280605813609,27.35307112757657,-9.41000000000001,94.3277197902116,76.37228020978839,3.169928571428573,172141.55,-112266.0,82.4,80.71,90.73
2024-08-15,83.57,85.62,83.0,83.55,105581.0,85.40849999999999,83.89174971388192,-0.5525032467705415,26.112359534131542,-2.950000000000003,94.31973542737387,76.49726457262611,3.154214285714287,155443.0,-6685.0,81.32,82.38,86.5
2024-08-16,83.48,86.29,83.48,84.48,78086.0,85.58099999999999,83.94777355065507,-0.4164510052691526,34.31771891647415,-0.35999999999999943,94.26606013068775,76.89593986931223,3.0210000000000017,146614.35,71401.0,83.55,81.07,84.84
2024-08-19,84.54,85.655,84.54,85.41,84363.0,85.503,84.08703321249745,-0.23092345422352878,35.75697208662365,4.11999999999999,94.16352168113744,76.84247831886256,3.003142857142858,141106.85,155764.0,84.48,81.35,81.29
2024-08-20,85.24,85.24,83.06,83.24,61492.0,85.215,84.00636338273578,-0.25604091749865177,32.86041187825876,2.6199999999999903,93.76830407072579,76.66169592927422,2.8667142857142855,136223.55,94272.0,85.41,82.4,80.62
2024-08-21,83.32,83.64,81.75,82.76,58452.0,85.0085,83.88766210818952,-0.31109259477240414,39.66850825661001,2.0500000000000114,93.59090372414333,76.42609627585666,2.579571428571429,133525.3,35820.0,83.24,81.32,80.71
2024-08-22,82.97,83.45,81.64,82.81,57839.0,84.57050000000001,83.78502762169528,-0.34669043201370187,43.844754359379834,0.4300000000000068,92.62056825730987,76.52043174269015,2.436000000000001,125473.35,93659.0,82.76,83.55,82.38
2024-08-23,83.65,88.67,82.25,86.25,141198.0,84.174,84.01978689581954,-0.09621363303598685,65.14041508473954,5.180000000000007,90.90415335713134,77.44384664286868,2.529671428571429,122479.2,234857.0,82.81,84.48,81.07
2024-08-26,87.41,87.41,84.67,84.68,93557.0,83.876,84.08266433431291,-0.024116840244090554,61.74768513515813,3.3300000000000125,89.89040166337445,77.86159833662556,2.5393142857142856,121628.05,141300.0,86.25,85.41,81.35
2024-08-27,84.0,84.63,82.95,83.12,70961.0,83.4755,83.9909820167593,-0.09180035763324668,56.426666624534775,0.7199999999999989,88.42928419944971,78.52171580055028,2.486785714285713,121228.2,70339.0,84.68,83.24,82.4
2024-08-28,83.05,84.4,82.47,82.77,103401.0,83.0775,83.87469801516318,-0.17170282443575502,51.11876071625573,1.4500000000000028,86.66891593539846,79.48608406460154,2.526785714285713,119692.3,-33062.0,83.12,82.76,81.32
2024-08-29,82.88,84.53,82.6,83.3,75080.0,82.91749999999999,83.81996487086192,-0.19006854260663886,56.69669664902381,-0.25,86.132293928074,79.70270607192597,2.528571428571429,115825.1,42018.0,82.77,82.81,83.55
2024-08-30,82.99,84.19,82.5001,83.98,117902.0,82.87449999999998,83.83520631173222,-0.1480466005344283,57.712609923285854,-0.5,86.00286580846301,79.74613419153695,2.519278571428572,112121.1,159920.0,83.3,86.25,84.48
2024-09-03,83.43,83.93,81.2,81.79,93856.0,82.8995,83.64042475823392,-0.2881371404480859,48.32325449826688,-3.6199999999999903,85.98220882247936,79.81679117752064,2.5728500000000003,103319.3,66064.0,83.98,84.68,85.41
2024-09-04,81.72,82.66,80.4101,80.54,97286.0,82.8955,83.34514620983069,-0.4943261715152829,47.87581695695748,-2.6999999999999886,85.99084438182358,79.80015561817642,2.4139142857142852,98847.3,-31222.0,81.79,83.12,83.24
2024-09-05,80.98,81.24,79.48,80.18,92016.0,82.869,83.04370371365634,-0.6789548862006427,39.78168583644978,-2.5799999999999983,86.05098812396184,79.68701187603816,2.352485714285713,95428.3,-123238.0,80.54,82.77,82.76
2024-09-06,80.6,80.81,77.55,78.86,173084.0,82.693,82.64525574092717,-0.921168780743784,33.35308054105785,-3.950000000000003,86.34373662357594,79.04226337642406,2.3846285714285704,98161.75,-296322.0,80.18,83.3,82.81
2024-09-09,79.11,80.26,77.985,79.75,162859.0,82.627,82.36951709893411,-1.0294427006342204,33.19477431919677,-6.5,86.44516765091689,78.8088323490831,2.467485714285714,102478.95,-133463.0,78.86,83.98,86.25
2024-09-10,80.13,81.295,76.545,78.39,126218.0,82.47900000000001,81.99051547046419,-1.2110311825697266,34.87211475432257,-6.290000000000006,86.71247014559762,78.2455298544024,2.6510571428571432,101782.8,-259681.0,79.75,81.79,84.68
2024-09-11,77.66,78.45,76.04,77.99,129872.0,82.2585,81.60951399708665,-1.3714092674689056,35.047021912811374,-5.13000000000001,86.94449829278481,77.57250170721518,2.6881999999999997,103849.4,-389553.0,78.39,80.54,83.12
2024-09-12,78.67,79.45,78.09,79.39,75018.0,82.162,81.39813171164982,-1.3697521058847997,40.115606903952695,-3.3799999999999955,87.00619392023323,77.31780607976678,2.6560571428571427,99906.05,-314535.0,77.99,80.18,82.77
2024-09-13,80.48,81.245,79.69,81.18,85307.0,82.04350000000001,81.37735726292127,-1.2100520265365873,33.80191690266928,-2.1199999999999903,86.8606066878457,77.22639331215431,2.308557142857143,98892.35,-229228.0,79.39,78.86,83.3
2024-09-16,81.65,83.73,80.53,82.82,104156.0,81.9605,81.51475180930971,-0.9403149042571926,44.083969426388286,-1.1600000000000108,86.65652508286848,77.26447491713151,2.3414142857142863,100195.85,-125072.0,81.18,79.75,83.98
2024-09-17,83.73,84.65,82.1,82.46,175044.0,81.813,81.60477544651832,-0.7469845103961745,47.72727268125466,0.6699999999999875,86.22984383623272,77.39615616376729,2.403557142857145,104729.9,-300116.0,82.82,78.39,81.79
2024-09-18,82.87,85.93,80.47,81.97,105526.0,81.7495,81.6395587373261,-0.6260905036865125,47.27148699442015,1.4299999999999926,86.11619440194556,77.38280559805443,2.655700000000002,106931.6,-405642.0,82.46,77.99,80.54
2024-09-19,84.17,85.29,82.485,84.01,118010.0,81.812,81.86531504805694,-0.3615029998314583,52.19542357880424,3.8299999999999983,86.27432698322814,77.34967301677186,2.718200000000002,109909.5,-287632.0,81.97,79.39,80.18
2024-09-20,83.62,84.77,81.76,81.8,489371.0,81.7615,81.85909456728962,-0.32638170192208804,43.84180787492737,2.9399999999999977,86.19906346136784,77.32393653863215,2.812492857142859,131486.1,-777003.0,84.01,81.18,78.86
2024-09-23,82.65,83.095,80.94,81.85,95460.0,81.5415,81.85822841802394,-0.2911569619430878,50.192802011394605,2.0999999999999943,85.44642415183213,77.63657584816787,2.77142142857143,129199.2,-681543.0,81.8,82.82,79.75
2024-09-24,81.75,82.22,79.45,80.02,113441.0,81.3085,81.6831590448788,-0.4062241091031211,48.3890953731445,1.6299999999999955,84.97367192818305,77.64332807181694,2.80857142857143,130193.4,-794984.0,81.85,82.46,78.39
2024-09-25,80.19,80.19,77.93,77.95,102015.0,81.05,81.32762008822368,-0.6568753029136047,43.753501366243746,-0.03999999999999204,84.90174191625778,77.19825808374222,2.8442857142857156,131746.1,-896999.0,80.02,81.97,77.99
2024-09-26,79.0,79.41,77.09,77.19,126871.0,80.771,80.93356103220238,-0.9063954655472344,45.17061881825398,-2.200000000000003,84.89678490139941,76.64521509860059,2.777142857142858,132919.6,-1023870.0,77.95,84.01,79.39
2024-09-27,78.31,79.255,77.32,78.42,96122.0,80.527,80.69417426723072,-0.9934395192923233,46.228020383029374,-2.760000000000005,84.599904562954,76.454095437046,2.752857142857143,133971.7,-927748.0,77.19,81.8,81.18
2024-09-30,78.27,80.07,77.21,79.54,99836.0,80.305,80.58425290844684,-0.9609704500753367,53.30649794443411,-3.279999999999987,84.05679676253295,76.55320323746706,2.6178571428571433,133068.4,-827912.0,78.42,81.85,82.82
2024-10-01,79.5,79.5,76.22,76.56,130203.0,80.0435,80.20099072669,-1.1623012881369732,46.41962941162372,-5.8999999999999915,84.07790610642552,76.00909389357447,2.6800000000000006,134885.75,-958115.0,79.54,80.02,82.46
2024-10-02,75.9,77.35,75.6,75.64,131368.0,79.7985,79.76661065748142,-1.3801838388856709,40.379681859142366,-6.329999999999998,84.27667761336318,75.32032238663683,2.7078571428571436,136589.85,-1089483.0,76.56,77.95,81.97
2024-10-03,75.02,75.06,73.49,73.8,133972.0,79.4795,79.19836202343558,-1.6819415770549568,31.115660161943737,-10.210000000000008,84.69199702763879,74.26700297236121,2.7089285714285722,138687.65,-1223455.0,75.64,77.19,84.01
2024-10-04,75.29,76.13,74.42,74.63,105997.0,79.268,78.76327992596552,-1.8329832057997208,28.136679103368238,-7.170000000000002,84.91176358190229,73.62423641809771,2.6025,135333.3,-1117458.0,73.8,78.42,81.8
2024-10-07,75.61,77.595,73.9313,74.64,337361.0,79.0125,78.3705865996831,-1.9296342459180664,28.72687701838001,-7.209999999999994,85.0156180494619,73.0093819505381,2.68205,144058.4,-780097.0,74.63,79.54,81.85
2024-10-08,75.25,76.735,74.85,76.25,121098.0,78.90549999999999,78.16862597114185,-1.8549348130142675,35.333333307965844,-3.769999999999996,85.03038788296841,72.78061211703157,2.4266928571428568,143802.4,-658999.0,74.64,76.56,80.02
2024-10-09,75.98,77.52,75.73,76.0,144703.0,78.806,77.96209016436643,-1.795213777968911,27.385657798791698,-1.9500000000000028,85.05686907641748,72.55513092358251,2.3541928571428556,144543.95,-803702.0,76.25,75.64,77.95
2024-10-10,75.18,76.5,75.0,76.5,85975.0,78.6615,77.82284348204581,-1.6880794766901204,33.43749997074221,-0.6899999999999977,84.9886753904123,72.33432460958771,2.2463357142857134,145091.8,-717727.0,76.0,73.8,77.19
2024-10-11,76.79,79.48,76.4,79.07,95767.0,78.556,77.94162029327954,-1.3798907280976351,42.49460039984209,0.6499999999999915,84.77581350202612,72.33618649797387,2.312407142857142,145614.8,-621960.0,76.5,74.63,78.42
2024-10-14,78.99,79.77,78.38,78.9,92993.0,78.36,78.03289455106244,-1.1362683099338966,46.67852902411039,-0.6400000000000006,84.25249656677545,72.46750343322455,2.2138357142857137,145056.65,-714953.0,79.07,74.64,79.54
2024-10-15,79.1,82.845,79.04,80.83,129789.0,78.2785,78.29928554619936,-0.7784870044263386,58.61244014231014,4.269999999999996,83.97402465121681,72.58297534878318,2.3241928571428567,142793.9,-585164.0,78.9,76.25,76.56
2024-10-16,82.13,83.57,81.03,83.11,222803.0,78.3355,78.7574488275137,-0.3074220271314374,66.22807012460565,7.469999999999999,84.20668736309942,72.46431263690057,2.3399071428571423,148657.75,-362361.0,80.83,76.0,75.64
2024-10-17,82.5,88.49,81.75,87.11,267341.0,78.4905,79.55292989156001,0.3842376790273505,70.68062822515331,13.310000000000002,85.10862336256221,71.87237663743778,2.6831214285714275,156124.3,-95020.0,83.11,76.5,73.8
2024-10-18,86.91,89.49,85.7,89.46,225964.0,78.8735,80.49646037807811,1.1092219196995217,72.30215822786734,14.829999999999998,87.0103719581387,70.73662804186131,2.7495499999999984,142953.95,130944.0,87.11,79.07,74.63
2024-10-21,89.12,89.305,86.96,88.07,235871.0,79.1845,81.2177498658802,1.55370561914917,77.86924934188042,13.429999999999993,88.22560956162178,70.14339043837822,2.682764285714285,149974.5,-104927.0,89.46,78.9,74.64
2024-10-22,87.9,89.4,87.52,89.23,118607.0,79.64500000000001,81.98082130722494,1.9767773994094284,82.5275250763339,12.980000000000004,89.74185412184805,69.54814587815197,2.6920499999999996,150232.8,13680.0,88.07,80.83,76.25
2024-10-23,88.83,90.44,87.28,88.76,138087.0,80.1855,82.62645737320352,2.2482236386519645,88.31967206780357,12.760000000000005,91.02998047820134,69.34101952179867,2.8056214285714276,152036.4,-124407.0,89.23,83.11,76.0
2024-10-24,88.91,90.25,88.6,89.61,122117.0,80.8065,83.29155667099366,2.503080679212175,88.33162736762324,13.11,92.3299173933359,69.2830826066641,2.801335714285714,151798.7,-2290.0,88.76,87.11,76.5
2024-10-25,89.8,90.5,87.69,88.34,101736.0,81.3025,83.7723607975657,2.5729193214849317,82.93269225187228,9.27000000000001,93.23993669037976,69.36506330962023,2.7403571428571425,152079.4,-104026.0,89.61,89.46,79.07
2024-10-28,89.42,92.37,88.96,91.71,141866.0,81.911,84.52832643589277,2.86714709737565,84.26418434487157,12.809999999999988,94.68177733280919,69.14022266719081,2.849285714285714,154180.9,37840.0,88.34,88.07,78.9
2024-10-29,90.98,92.07,90.83,91.16,82377.0,82.64099999999999,85.15991439437917,3.0211187497420724,83.15835515467123,10.329999999999998,95.78748946537208,69.4945105346279,2.81,151789.6,-44537.0,91.71,89.23,80.83
2024-10-30,90.72,93.64,90.72,90.86,99964.0,83.402,85.70277969015258,3.0833914830807316,81.68578988774935,7.75,96.60406459133057,70.19993540866943,2.911428571428572,150219.4,-144501.0,91.16,88.76,83.11
2024-10-31,90.85,90.85,88.29,88.37,152573.0,84.1305,85.95680067204282,2.898409818512647,70.59344548324594,1.2600000000000051,96.69416770954122,71.56683229045878,2.874285714285714,151149.45,-297074.0,90.86,89.61,87.11
2024-11-01,88.98,91.2,87.35,87.61,129170.0,84.77950000000001,86.11424822708636,2.6598240719882966,68.7958566696961,-1.8499999999999943,96.59555237311469,72.96344762688534,3.0500000000000003,152308.1,-426244.0,88.37,88.34,89.46
2024-11-04,87.15,87.58,85.88,87.01,87478.0,85.398,86.1995579197448,2.3947232840054227,64.14835160723095,-1.059999999999988,96.23366741927003,74.56233258072996,2.899642857142858,139813.95,-513722.0,87.61,91.71,88.07
2024-11-05,86.99,89.755,86.98,89.3,88412.0,86.0505,86.49483811786435,2.3424110052819884,64.16475968428804,0.06999999999999318,96.11063597271183,75.99036402728817,2.9164285714285723,138179.65,-425310.0,87.01,91.16,89.23
2024-11-06,96.36,102.49,95.55,98.61,405729.0,87.181,87.64866305902012,3.017409521885014,71.17083943312257,9.849999999999994,97.56213653649971,76.79986346350029,2.930714285714287,151230.95,-19581.0,89.3,90.86,88.76
2024-11-07,98.85,98.85,94.69,95.37,150554.0,88.1245,88.38402848197059,3.2534065417681575,60.534759328075374,5.760000000000005,97.82604729927007,78.42295270072992,2.9571428571428586,154459.9,-170135.0,98.61,88.37,89.61
2024-11-08,95.63,97.155,94.69,95.82,159372.0,88.962,89.09221624559244,3.437126069690322,64.29361855772373,7.47999999999999,98.25578649251179,79.66821350748822,2.9657142857142866,157640.15,-10763.0,95.37,87.61,88.34
2024-11-11,97.82,100.46,97.32,100.08,187226.0,90.02099999999999,90.1386718412503,3.881725402735867,67.95762989237318,8.370000000000005,99.31406679876389,80.72793320123608,3.0557142857142856,162351.8,176463.0,95.82,87.01,91.71
2024-11-12,99.96,103.12,99.28,103.08,166115.0,91.1335,91.37117928494075,4.425138265915422,71.86927302974438,11.920000000000002,101.09685448689594,81.17014551310406,3.104285714285715,164168.1,342578.0,100.08,89.3,91.16
2024-11-13,103.81,105.045,101.125,102.68,185140.0,92.112,92.44820982923211,4.768551326629833,70.2384638902652,11.820000000000007,102.58824802262471,81.63575197737528,3.266428571428572,162284.95,157438.0,103.08,98.61,90.86
2024-11-14,103.28,103.54,100.295,100.68,143020.0,92.7905,93.23218984549572,4.823720518624768,68.68564503447614,12.310000000000002,103.65332211078201,81.92767788921797,3.2975000000000003,156068.9,14418.0,102.68,95.37,88.37
2024-11-15,101.03,101.76,97.85,98.29,114141.0,93.232,93.71388605068661,4.621317799890932,60.268414455563146,10.680000000000007,104.24164285476334,82.22235714523666,3.3332142857142864,150477.75,-99723.0,100.68,95.82,87.61
2024-11-18,98.13,98.875,97.28,97.88,119540.0,93.7225,94.11065880776408,4.377369028234739,60.53291533393541,10.86999999999999,104.63752079463598,82.80747920536402,3.3585714285714294,144661.2,-219263.0,98.29,100.08,87.01
2024-11-19,96.31,100.12,96.31,99.87,101172.0,94.2545,94.65916749273893,4.295102964648862,63.4117296550234,10.570000000000007,105.2841508987064,83.22484910129359,3.422142857142858,143789.45,-118091.0,97.88,103.08,89.3
2024-11-20,99.88,100.55,98.2,98.88,66506.0,94.76050000000001,95.06115154104951,4.102728094721201,66.37581798288372,0.269999999999996,105.65654172454951,83.8644582754505,3.4071428571428584,140210.4,-184597.0,99.87,102.68,98.61
2024-11-21,99.01,102.75,97.41,102.19,127966.0,95.3895,95.74008948952098,4.169297890705977,71.04503461331898,6.819999999999993,106.48425641913624,84.29474358086375,3.5135714285714292,140502.85,-56631.0,98.88,100.68,95.37
2024-11-22,103.17,106.03,102.3,105.06,134046.0,96.2255,96.62770001432851,4.402886216440166,74.45136816466217,9.240000000000009,107.59989317062512,84.85110682937487,3.6585714285714297,142118.35,77415.0,102.19,98.29,95.82
2024-11-25,106.44,110.58,106.185,110.16,223368.0,97.148,97.91649048915437,4.942559278293942,76.25881165489366,10.079999999999998,109.89080246793476,84.40519753206523,3.7742857142857154,146193.45,300783.0,105.06,97.88,100.08
2024-11-26,109.27,110.56,107.17,108.82,133902.0,98.031,98.95491996637776,5.202160004495397,66.07874012834321,5.739999999999995,111.45592560010601,84.606074399894,3.5207142857142872,148769.7,166881.0,110.16,99.87,103.08
2024-11-27,109.86,110.1,107.6031,108.38,89363.0,98.907,99.85254663624654,5.311167297052194,72.46977543991096,5.699999999999989,112.64451697474978,85.16948302525022,3.40192142857143,148239.65,77518.0,108.82,98.88,102.68
2024-11-29,108.72,108.72,105.0,107.09,149480.0,99.843,100.54182790898497,5.2331397650436315,68.91574350571264,6.409999999999997,113.10019840213769,86.58580159786231,3.491564285714287,148085.0,-71962.0,108.38,102.19,100.68
2024-12-02,107.76,107.76,104.75,107.02,119309.0,100.8135,101.15879667955782,5.106786117287129,63.55468746524352,8.72999999999999,113.10687737842524,88.52012262157477,3.482278571428573,147591.95,-191271.0,107.09,105.06,98.29
2024-12-03,107.06,107.06,104.4,104.46,80623.0,101.686,101.47319699579042,4.745377577110403,52.74244830133567,6.579999999999998,112.20304461188485,91.16895538811517,3.397992857142858,147249.2,-271894.0,107.02,110.16,97.88
2024-12-04,104.06,105.41,102.26,104.65,92204.0,102.4535,101.77574966285799,4.423301056150109,53.9478957613118,4.780000000000001,111.26712886013273,93.63987113986728,3.3429928571428573,147438.8,-179690.0,104.46,108.82,99.87
2024-12-05,105.08,105.51,102.55,102.61,69878.0,102.65350000000001,101.85520207591914,3.957818869572961,53.861544587672576,3.730000000000004,111.2794370810521,94.02756291894792,3.3226357142857146,130646.25,-249568.0,104.65,108.38,98.88
2024-12-06,103.64,104.67,102.83,104.22,68422.0,103.096,102.0804209258316,3.6764545482422335,62.247005333686126,2.030000000000001,111.02888531832127,95.16311468167873,3.1747785714285714,126539.65,-181146.0,102.61,107.09,102.19
2024-12-09,104.66,105.26,101.43,101.81,94588.0,103.3955,102.05466655194287,3.221864785966403,57.49713846604502,-3.25,110.5896539863211,96.2013460136789,3.3344214285714284,123300.45,-275734.0,104.22,107.02,105.06
2024-12-10,101.84,103.735,100.5,101.14,122306.0,103.44850000000001,101.96755545175783,2.775541014542796,52.55122536216483,-9.019999999999996,110.55489230403866,96.34210769596136,3.2933499999999998,120054.45,-398040.0,101.81,104.46,110.16
2024-12-11,102.57,103.88,99.7814,101.92,118230.0,103.3905,101.96302636111423,2.456449273233133,56.15883303135238,-6.8999999999999915,110.52842089734781,96.25257910265219,3.4182499999999996,117660.2,-279810.0,101.14,104.65,108.82
2024-12-12,102.04,102.75,100.365,100.56,143278.0,103.28450000000001,101.82940480291288,2.069964868808512,46.414430239779946,-7.819999999999993,110.52901582051119,96.03998417948883,3.207178571428571,115567.1,-423088.0,101.92,102.61,108.38
2024-12-13,100.73,102.29,97.88,98.64,145784.0,103.1825,101.52565196454022,1.5904119608542544,35.26170796631479,-8.450000000000003,110.63585212469461,95.7291478753054,3.25575,115705.3,-568872.0,100.56,104.22,107.09
2024-12-16,98.36,100.865,97.745,99.74,100206.0,103.255,101.35558987267925,1.2843188054956443,20.69741280709991,-7.280000000000001,110.53414540964043,95.97585459035956,3.164678571428571,115008.55,-468666.0,98.64,101.81,107.02
2024-12-17,98.86,99.18,97.11,97.23,102007.0,103.2225,100.9626765514717,0.8296381988132282,19.419525051616205,-7.22999999999999,110.60772244257195,95.83727755742804,3.070392857142857,114131.9,-570673.0,99.74,101.14,104.46
2024-12-18,98.06,98.84,90.49,91.09,126539.0,102.7835,100.02242164180772,-0.02584818190688054,14.929006076713776,-13.560000000000002,111.85834730913771,93.7086526908623,3.4884714285714296,115400.25,-697212.0,97.23,101.92,104.65
2024-12-19,92.6,94.905,90.38,90.97,132943.0,102.388,99.16028624734984,-0.7053791276914723,15.672913108201854,-11.64,112.7739127262773,92.00208727372271,3.54597142857143,118722.1,-830155.0,91.09,100.56,102.61
2024-12-20,89.97,93.56,89.51,91.5,499250.0,101.8535,98.43073517617367,-1.1874574569792458,17.5856307332415,-12.719999999999999,113.32579757192961,90.38120242807038,3.620257142857144,137286.3,-330905.0,90.97,98.64,104.22
2024-12-23,91.45,92.55,90.62,92.24,93159.0,101.2125,97.84114134987142,-1.4925905359713738,22.377938503015784,-9.570000000000007,113.3441009704086,89.08089902959141,3.5681142857142865,135241.95,-237746.0,91.5,99.74,101.81
2024-12-24,92.19,93.74,91.8185,92.7,49996.0,100.3395,97.35150884035986,-1.677950178646455,23.313979440536144,-8.439999999999998,112.27129824978789,88.40770175021211,3.4803642857142867,126573.35,-187750.0,92.24,97.23,101.14
2024-12-26,92.26,92.97,91.33,92.58,95521.0,99.5275,96.89707942699225,-1.8136256801309543,25.50073276223692,-9.340000000000003,111.23760517279214,87.81739482720786,3.386078571428572,124654.3,-283271.0,92.7,91.09,101.92
2024-12-27,91.85,92.4,89.44,90.94,77629.0,98.6555,96.32973852918346,-2.030082261862262,17.609756085534798,-9.620000000000005,110.18598038438542,87.12501961561459,3.466078571428572,124067.6,-360900.0,92.58,90.97,100.56
2024-12-30,90.48,91.93,89.18,91.15,73560.0,97.85849999999999,95.83643009783265,-2.1597837744795214,20.874316923921313,-7.489999999999995,109.13501919978496,86.58198080021502,3.388935714285715,120271.6,-287340.0,90.94,91.5,98.64
2024-12-31,92.19,92.19,90.55,90.88,54192.0,97.0515,95.36438913613429,-2.25832730972688,21.340782106213936,-8.86,107.86816214688999,86.23483785311002,3.275007142857144,117015.75,-341532.0,91.15,92.24,99.74
2025-01-02,91.51,92.25,88.19,88.76,84469.0,96.2665,94.73539969459769,-2.4789146685704395,15.800415788918627,-8.469999999999999,107.09812479914429,85.4348752008557,3.272250000000002,117208.05,-426001.0,90.88,92.7,97.23
2025-01-03,89.27,89.575,87.47,88.99,144439.0,95.4835,94.18821877130267,-2.6051422042049097,18.05632245981286,-2.1000000000000085,106.02356945947187,84.94343054052814,3.2522500000000014,119819.8,-281562.0,88.76,92.58,91.09
2025-01-06,89.1,90.84,87.45,87.98,101382.0,94.752,93.59695984070241,-2.754919991904771,19.011627891502158,-2.989999999999995,105.24014589002712,84.26385410997287,3.179392857142858,121395.0,-382944.0,88.99,90.94,90.97
2025-01-07,88.21,88.21,85.81,86.53,109417.0,93.8675,92.9239160463498,-2.9565416775168103,12.364672354808818,-4.969999999999999,103.97031018747649,83.76468981252353,3.127964285714287,123444.75,-492361.0,87.98,91.15,91.5
2025-01-08,85.85,88.155,85.45,87.77,100333.0,93.1655,92.4330668990784,-2.981897224050286,20.94594592793345,-4.469999999999999,102.88858479314595,83.44241520685404,3.173321428571429,123732.0,-392028.0,86.53,90.88,92.24
2025-01-10,85.84,86.02,83.14,83.35,172002.0,92.276,91.56801290868998,-3.3203735385815207,23.420329647810092,-9.350000000000009,102.1806451622178,82.37135483778219,2.782607142857142,126216.8,-564030.0,87.77,88.76,92.7
2025-01-13,82.51,85.4,82.46,85.0,145530.0,91.42999999999999,90.94248786976712,-3.4160985879883015,31.448104385315517,-7.579999999999998,100.73878023554408,82.1212197644559,2.669392857142857,127581.8,-418500.0,83.35,88.99,92.58
2025-01-14,85.81,87.61,85.63,87.25,86416.0,90.7645,90.59082235836073,-3.2726797681447977,38.068500812298765,-3.6899999999999977,99.18579249987164,82.34320750012836,2.5215357142857147,124738.7,-332084.0,85.0,87.98,90.94
2025-01-15,90.34,91.625,89.35,91.58,122387.0,90.4115,90.68502975280256,-2.7776059945564384,48.45794389353219,0.4299999999999926,97.99278797556161,82.8302120244384,2.5461785714285727,123568.85,-209697.0,87.25,86.53,91.15
2025-01-16,91.56,92.435,90.0001,90.75,100317.0,89.962,90.6912173953928,-2.424284878559206,45.521359639995445,-0.12999999999999545,96.15305160695458,83.77094839304543,2.5828500000000014,123574.4,-310014.0,91.58,87.77,90.88
2025-01-17,91.8,92.41,90.095,90.75,123451.0,89.638,90.69681573868873,-2.1198391622814796,45.77367202582766,1.9899999999999949,94.82423522311215,84.45176477688786,2.631064285714287,124646.6,-310014.0,90.75,83.35,88.76
2025-01-21,92.0,92.28,90.86,91.27,131912.0,89.647,90.75140471595647,-1.8156741234624008,50.803701865014524,2.280000000000001,94.84445727305561,84.4495427269444,2.5210642857142864,124915.25,-178102.0,90.75,85.0,88.99
2025-01-22,90.74,92.08,89.9,91.97,147653.0,89.697,90.8674614096749,-1.5008362825248156,51.95052327653151,3.989999999999995,94.9667831774009,84.4272168225991,2.4803500000000005,125650.75,-30449.0,91.27,87.25,87.98
2025-01-23,88.7,88.7,76.0,78.86,457039.0,89.065,89.72389365637252,-2.2828768768610104,32.25044298725615,-7.670000000000002,96.14516800276272,81.98483199723728,3.2703500000000005,123540.2,-487488.0,91.97,91.58,86.53
2025-01-24,77.84,80.1,77.02,78.56,196525.0,88.381,88.66066568909895,-2.8935026772456496,34.08239698885288,-9.209999999999994,96.7038155661018,80.0581844338982,3.2003500000000003,128708.5,-684013.0,78.86,90.75,87.77
2025-01-27,78.05,79.55,75.79,76.46,157562.0,87.56899999999999,87.49869752823238,-3.5064601826495903,31.52462399170318,-6.890000000000001,97.18585559727953,77.95214440272045,3.318564285714285,134086.8,-841575.0,78.56,90.75,83.35
2025-01-28,76.15,79.86,76.15,78.63,122346.0,86.8715,86.65405966840073,-3.7736324711267883,36.669518092005305,-6.3700000000000045,96.96958793782173,76.77341206217827,3.341421428571427,135428.05,-719229.0,76.46,91.27,85.0
2025-01-29,78.08,79.55,76.13,77.36,117962.0,86.1925,85.76891112855304,-4.041261671829687,36.85869875276521,-9.89,96.94384434678472,75.44115565321528,3.414278571428571,137444.7,-837191.0,78.63,91.97,87.25
2025-01-30,78.57,78.8,76.3,77.27,94034.0,85.4985,84.9594910210718,-4.212067892644441,34.43983401060588,-14.310000000000002,96.68552871985814,74.31147128014187,3.399635714285714,138468.4,-931225.0,77.36,78.86,91.58
2025-01-31,77.65,78.3,76.29,77.06,104128.0,84.80749999999999,84.20715854287448,-4.31464179336659,39.3498137300746,-13.689999999999998,96.2980798946691,73.31692010533088,3.3374928571428564,140965.2,-1035353.0,77.27,78.56,90.75
2025-02-03,75.55,76.465,74.65,75.96,141411.0,84.16749999999999,83.42171487212453,-4.433585541301397,34.40303656032978,-14.790000000000006,96.1466289991774,72.18837100082258,3.2571357142857127,143812.3,-1176764.0,77.06,76.46,90.75
2025-02-04,75.74,78.08,75.03,77.07,112680.0,83.57149999999999,82.81678964620791,-4.387702887503309,31.716954007038865,-14.200000000000003,95.72522115422775,71.41777884577222,3.3335642857142838,142224.35,-1064084.0,75.96,78.63,91.27
2025-02-05,77.35,77.81,76.7,77.8,109218.0,83.0625,82.33900015609287,-4.2435190090289865,21.575907578297745,-14.170000000000002,95.2912854972123,70.8337145027877,3.2503499999999974,142616.15,-954866.0,77.07,77.36,91.97
2025-02-06,78.1,79.075,77.305,78.63,137125.0,82.66749999999999,81.98576204598878,-4.015984414679835,24.99999998556106,-0.23000000000000398,94.93498526540098,70.400014734599,3.20285714285714,144001.55,-817741.0,77.8,77.27,78.86
2025-02-07,78.25,78.88,76.775,76.85,99009.0,82.1215,81.49664185113271,-3.933944667942697,23.289777082011653,-1.710000000000008,94.40481050010926,69.83818949989073,3.1878571428571396,143935.35,-916750.0,78.63,77.06,78.56
2025-02-10,76.86,77.02,75.95,76.15,130692.0,81.7615,80.98743786531054,-3.880677690664953,21.14503815664007,-0.30999999999998806,94.31233352233042,69.21066647766958,3.162857142857139,141869.85,-1047442.0,76.85,75.96,76.46
2025-02-11,75.55,78.4057,75.02,76.47,84676.0,81.33500000000001,80.55720568766192,-3.769192991194757,19.984508122394146,-2.1599999999999966,94.00165992612897,68.66834007387105,3.248978571428568,138827.15,-962766.0,76.15,77.07,78.63
2025-02-12,74.78,75.25,72.815,73.74,353171.0,80.65950000000001,79.90794800312268,-3.8566714404281157,33.41968908886814,-3.6200000000000045,93.43843904664574,67.88056095335428,2.5157642857142823,152164.9,-1315937.0,76.47,77.8,77.36
2025-02-13,73.95,75.77,72.5,73.19,122796.0,79.74,79.26814343139671,-3.9251326591673177,32.88718926319815,-4.079999999999998,91.83878288789475,67.64121711210524,2.5293357142857107,152185.35,-1438733.0,73.74,78.63,77.27
2025-02-14,73.77,76.05,72.55,72.57,99280.0,78.83099999999999,78.63022500935892,-3.98349819910068,36.31245598111369,-4.490000000000009,90.15373706913824,67.50826293086173,2.510764285714283,152133.5,-1538013.0,73.19,76.85,77.06
2025-02-18,72.74,76.08,71.92,72.81,154047.0,77.934,78.07591786561045,-3.9646848962097323,26.302931566104178,-3.1499999999999915,88.06023980713356,67.80776019286644,2.54290714285714,153663.3,-1383966.0,72.57,76.15,75.96
2025-02-19,72.05,72.37,71.25,71.86,108445.0,76.9635,77.48392568793327,-3.98054701051214,27.006688931597537,-5.209999999999994,85.26411069408367,68.66288930591632,2.3786214285714258,152489.95,-1492411.0,72.81,76.47,77.07
2025-02-20,71.39,71.61,70.4,70.47,208436.0,75.8885,76.81593276527295,-4.058495424731831,24.358974333256,-7.329999999999998,80.93843288126332,70.83856711873666,2.2864785714285683,155529.1,-1700847.0,71.86,73.74,77.8
2025-02-21,71.24,71.24,67.165,67.48,240568.0,75.31949999999999,75.92679631143743,-4.311833978040909,20.137157089655872,-11.149999999999991,81.41577142302246,69.22322857697752,2.433978571428568,144705.55,-1941415.0,70.47,73.19,78.63
2025-02-24,68.16,70.1675,67.64,67.8,150604.0,74.78150000000001,75.15281571034815,-4.4356538249008395,23.263433792549918,-9.049999999999997,81.53715501908185,68.02584498091817,2.484871428571426,142409.5,-1790811.0,67.48,72.57,76.85
2025-02-25,68.4,69.75,67.42,68.4,202750.0,74.3785,74.5096904046007,-4.43425166702869,20.610169471963275,-7.75,81.65416462871111,67.10283537128889,2.4334428571428544,144668.9,-1588061.0,67.8,72.81,76.15
2025-02-26,68.17,69.36,67.6183,68.97,214993.0,73.8955,73.98210084225778,-4.337150242290917,19.73954761642537,-7.5,81.26476040708114,66.52623959291886,2.4785642857142824,149301.25,-1373068.0,68.4,71.86,76.47
2025-02-27,69.96,71.33,67.68,68.31,242804.0,73.443,73.44190076204275,-4.264296986530098,14.216366144311422,-5.429999999999993,81.02488172727074,65.86111827272926,2.612849999999997,155543.35,-1615872.0,68.97,70.47,73.74
2025-02-28,68.71,70.3,67.9729,68.85,242988.0,73.022,73.00457687994344,-4.115545324762735,19.650986322070224,-4.340000000000003,80.64410524862126,65.39989475137875,2.6287142857142833,162991.05,-1372884.0,68.31,67.48,73.19
2025-03-03,68.66,69.045,66.06,66.56,158042.0,72.497,72.39080765328217,-4.1347792612724845,17.53554500707527,-6.009999999999991,80.38967241780279,64.60432758219721,2.765499999999998,165686.75,-1530926.0,68.85,67.8,72.57
2025-03-04,67.58,68.2825,62.81,62.94,218942.0,71.846,71.49073073392196,-4.391503521942255,12.562257876266074,-9.870000000000005,80.63313988556176,63.058860114438254,2.9145571428571406,169563.3,-1749868.0,66.56,68.4,72.81
2025-03-05,62.9,63.935,61.6925,63.21,200843.0,71.153,70.70208971164368,-4.521056677487607,16.2716207413323,-8.649999999999999,80.38054480660513,61.92545519339488,2.9008071428571403,173971.45,-1549025.0,62.94,68.97,71.86
2025-03-06,62.36,63.78,61.81,62.99,160579.0,70.4125,69.96760497720142,-4.588586281661449,16.62303663398413,-7.479999999999997,79.77014449668438,61.05485550331561,2.8079499999999977,176539.5,-1709604.0,63.21,68.31,70.47
2025-03-07,62.84,63.22,61.02,62.4,143197.0,69.601,69.24688069365843,-4.6362680367074915,16.65573768962753,-5.080000000000005,78.77118486871062,60.430815131289386,2.7150928571428543,176843.1,-1852801.0,62.99,68.85,67.48
2025-03-10,61.66,62.64,59.51,59.71,239802.0,68.744,68.33860634188143,-4.835377468305296,12.994350272207825,-8.089999999999996,78.2589000050068,59.22909999499321,2.6415214285714264,183882.75,-2092603.0,62.4,66.56,67.8
2025-03-11,60.3,60.7921,58.22,58.56,152847.0,67.86449999999999,67.40731049979749,-5.028008761228875,12.849162001123517,-9.840000000000003,77.74193728749708,57.98706271250291,2.7452428571428547,184990.5,-2245450.0,59.71,62.94,68.4
2025-03-12,59.04,61.05,58.54,59.75,279854.0,67.0285,66.67804283315012,-5.02670269430314,19.71751410869797,-9.219999999999999,76.6665873293636,57.390412670636394,2.8380999999999976,194749.4,-1965596.0,58.56,63.21,68.97
2025-03-13,59.86,62.33,59.31,59.8,224386.0,66.33149999999999,66.02299113475486,-4.964406457317992,23.98373981464951,-8.510000000000005,75.9421438253044,56.720856174695584,2.762742857142855,188310.15,-1741210.0,59.75,62.99,68.31
2025-03-14,60.42,65.095,59.55,61.09,221251.0,65.7265,65.5531824552544,-4.756118448770444,28.671328645810647,-7.759999999999991,75.03801019466144,56.414989805338564,2.9782785714285693,193232.9,-1519959.0,59.8,62.4,68.85
2025-03-17,61.17,63.005,60.555,60.81,269149.0,65.1385,65.10145079284922,-4.561065240378255,25.37313430530665,-5.75,74.10943147777694,56.16756852222305,2.9868499999999982,201726.35,-1789108.0,61.09,59.71,66.56
2025-03-18,60.29,62.9,60.29,61.26,163483.0,64.561,64.73559833638738,-4.3203703877589845,24.787442750358096,-1.6799999999999997,72.91865492165697,56.203345078343055,3.0488714285714273,202198.15,-1625625.0,60.81,58.56,62.94
2025-03-19,61.25,65.64,60.68,62.17,159672.0,64.0765,64.49125563768382,-4.009964216758021,30.2445302172829,-1.0399999999999991,71.74785553794096,56.40514446205902,3.1424428571428566,204759.5,-1465953.0,61.26,59.75,63.21
2025-03-20,61.34,62.81,61.34,61.44,109145.0,63.625,64.20065986266631,-3.7793045190591883,26.44628096819787,-1.5500000000000043,70.75585659577435,56.49414340422565,3.081221428571428,199794.95,-1575098.0,62.17,59.8,62.99
2025-03-21,61.02,62.04,60.76,61.59,452133.0,63.33050000000001,63.952025590031425,-3.543553422354286,31.71449592023528,-0.8099999999999952,70.27507599782011,56.3859240021799,2.9594357142857137,210373.2,-1122965.0,61.44,61.09,62.4
2025-03-24,62.66,65.38,62.39,64.78,183725.0,63.1795,64.03088029574272,-3.0639928375016794,56.99088139833797,5.07,69.84042288532424,56.51857711467575,2.782114285714285,212029.25,-939240.0,61.59,60.81,59.71
2025-03-25,65.12,65.635,63.61,64.22,189018.0,62.9705,64.04889169614817,-2.6980237999390795,53.7546467841959,5.659999999999997,69.18936594840544,56.75163405159456,2.766578571428571,211342.65,-1128258.0,64.78,61.26,58.56
2025-03-26,64.24,65.5,62.28,62.95,228539.0,62.669500000000006,63.944235344134064,-2.4818597528465673,49.86206891737456,3.200000000000003,68.21163135896532,57.127368641034685,2.8558642857142855,212019.95,-1356797.0,64.22,62.17,59.75
2025-03-27,62.92,63.53,61.26,61.28,130866.0,62.318000000000005,63.690498644692724,-2.4174365278840995,46.40564822530944,1.480000000000004,67.20712262067823,57.42887737932178,2.860864285714286,206423.05,-1487663.0,62.95,61.44,59.8
2025-03-28,60.87,61.265,58.07,58.8,179809.0,61.8155,63.2247368690077,-2.5372481148464487,47.03968766047132,-2.2900000000000063,65.87300493725122,57.75799506274878,2.865507142857143,203264.1,-1667472.0,61.28,61.59,61.09
2025-03-31,57.55,58.94,56.88,57.8,251107.0,61.3775,62.708095262435535,-2.681975163152032,47.503285107421405,-3.010000000000005,65.1605084101953,57.5944915898047,2.828928571428571,207917.35,-1918579.0,58.8,64.78,60.81
2025-04-01,57.4,58.05,56.5,57.51,211356.0,61.105999999999995,62.213038570775005,-2.787935384324186,42.17877090848445,-3.75,65.18469638617,57.027303613829986,2.7603571428571425,207538.05,-2129935.0,57.8,64.22,61.26
2025-04-02,56.51,59.53,56.51,58.61,219182.0,60.876,61.869892040225004,-2.7514320204639233,46.128822339245076,-3.5600000000000023,64.97388340745354,56.778116592546446,2.760357142857143,208455.0,-1910753.0,57.51,62.95,62.17
2025-04-03,55.01,55.79,51.4,51.5,346865.0,60.3015,60.88228327448929,-3.2586566553829286,27.371401586446453,-9.939999999999998,66.04339506586459,54.55960493413541,2.677857142857143,217769.3,-2257618.0,58.61,61.28,61.44
2025-04-04,49.5,51.71,47.185,51.53,427392.0,59.758,59.99158962929983,-3.6165260228507137,27.841451748339054,-10.060000000000002,66.6133800616382,52.90261993836181,2.8260714285714283,231979.05,-1830226.0,51.5,58.8,61.59
2025-04-07,49.51,54.2,48.535,50.46,550264.0,59.295500000000004,59.08381918841413,-3.9410501594952763,24.953617794557047,-14.32,67.31395890167983,51.277041098320176,3.0442857142857145,247502.15,-2380490.0,51.53,57.8,64.78
2025-04-08,52.53,55.42,48.075,48.81,336142.0,58.80800000000001,58.105360218088975,-4.282018640803749,20.04484303674316,-15.409999999999997,68.09926494136084,49.51673505863917,3.214642857142857,256666.9,-2716632.0,50.46,57.51,64.22
2025-04-09,49.95,54.37,46.81,53.54,410983.0,58.4975,57.670564006842405,-4.1230393182869705,34.98098857453485,-9.410000000000004,68.06710511752175,48.92789488247825,3.649642857142857,263223.35,-2305649.0,48.81,58.61,62.95
2025-04-10,51.93,52.38,48.03,49.39,188224.0,57.97700000000001,56.8819388633336,-4.28255079701843,29.867986784879477,-11.89,68.3472410264856,47.606758973514424,3.8689285714285715,261415.25,-2493873.0,53.54,51.5,61.28
2025-04-11,48.81,49.516,47.05,49.0,196931.0,57.3725,56.13127801920659,-4.389831291215231,21.309090898242644,-9.799999999999997,68.36925909194856,46.375740908051434,3.8315000000000006,260199.25,-2690804.0,49.39,51.53,58.8
2025-04-14,49.67,51.06,48.63,50.87,260145.0,56.8755,55.630203922139295,-4.2746826038626935,26.830961458672903,-6.93,68.11394243750402,45.63705756249598,3.8604285714285713,259749.05,-2430659.0,49.0,50.46,57.8
2025-04-15,50.77,52.695,50.5625,51.2,177613.0,56.3725,55.20827973907841,-4.109427277830221,28.91998563312235,-6.309999999999995,67.68494842966031,45.060051570339695,3.78275,260455.55,-2253046.0,50.87,48.81,57.51
2025-04-16,50.55,51.144,48.84,49.95,208549.0,55.7615,54.70749119249951,-4.032837751419244,29.362477216354293,-8.659999999999997,67.075540229548,44.447459770452,3.785178571428571,262899.4,-2461595.0,51.2,53.54,58.61
2025-04-17,48.16,48.71,42.9,48.62,1033324.0,55.12049999999999,54.12773012654718,-4.032970313331795,30.646387816385953,-2.8800000000000026,66.5321625016986,43.70883749830139,3.9719642857142854,309108.35,-3494919.0,49.95,49.39,51.5
2025-04-21,49.12,49.85,43.74,46.72,554679.0,54.376999999999995,53.42223201925697,-4.1386813482965366,29.632352925924522,-4.810000000000002,65.95039799076639,42.80360200923361,4.2612499999999995,314235.65,-4049598.0,48.62,49.0,51.53
2025-04-22,46.81,48.64,46.45,48.44,377309.0,53.56,52.94773373170869,-4.03713094721995,34.159972040578424,-2.020000000000003,64.31964781266922,42.800352187330795,4.306964285714286,323914.85,-3672289.0,46.72,50.87,50.46
2025-04-23,50.41,52.26,49.21,49.5,366796.0,52.824,52.619378138212625,-3.8270030723340795,34.06785587698671,0.6899999999999977,62.46952451440262,43.178475485597374,4.309107142857142,332803.75,-3305493.0,48.44,51.2,48.81
2025-04-24,49.64,52.02,49.225,51.94,182488.0,52.2735,52.55467545838285,-3.424116525658995,50.91973241166905,-1.6000000000000014,60.6602847800821,43.886715219917896,4.195178571428571,330501.2,-3123005.0,49.5,49.95,53.54
2025-04-25,52.0,53.725,51.26,52.65,275028.0,51.842,52.563753986155916,-3.0128052252650264,52.27642273447683,3.259999999999998,59.08815498766846,44.59584501233154,4.048035714285715,337709.3,-2847977.0,51.94,48.62,49.39
2025-04-28,52.65,53.81,52.312907,53.69,300843.0,51.5865,52.671015511283926,-2.573255856292377,56.57305654082121,4.689999999999998,58.125498072298505,45.0475019277015,3.7503280714285707,343761.0,-2547134.0,52.65,46.72,49.0
2025-04-29,53.44,54.5799,52.87,54.37,240107.0,51.415,52.83282355782831,-2.1453097027520656,61.77966098030019,3.5,57.42647849403629,45.40352150596371,3.3478209285714287,343211.0,-2307027.0,53.69,48.44,50.87
2025-04-30,52.94,54.165,52.5,53.42,243592.0,51.2105,52.88874512374942,-1.8613597567845659,49.6972754442098,2.219999999999999,56.59448199340543,45.826518006594576,2.9267495,344822.8,-2550619.0,54.37,49.5,51.2
2025-05-01,53.68,55.215,52.825,54.38,178539.0,50.999,53.03076939767805,-1.5410985768181789,65.0030065598291,4.43,55.40206065799075,46.59593934200925,2.7867495,342790.65,-2372080.0,53.42,51.94,49.95
2025-05-02,54.55,55.925,54.285,54.5,200592.0,51.149,53.17069612170871,-1.2630466714106845,66.80929089637345,5.880000000000003,55.82016530035159,46.47783469964841,2.7277495000000003,335477.0,-2171488.0,54.38,52.65,48.62
2025-05-05,53.9,55.55,53.78,54.3,189894.0,51.2875,53.27824887202217,-1.04676045866794,61.674608518485734,7.579999999999998,56.16589436484976,46.40910563515024,2.6806066428571427,323602.1,-2361382.0,54.5,53.69,46.72
2025-05-06,53.8,54.665,52.585,54.21,166151.0,51.475,53.366987074686726,-0.8725560417479201,60.415224854961025,5.770000000000003,56.50537301118209,46.444626988817916,2.6768566428571425,304396.45,-2527533.0,54.3,54.37,48.44
2025-05-07,55.04,55.76,53.945,55.05,177001.0,51.787,53.52727401995465,-0.659118894112602,68.16239309442494,5.549999999999997,56.89486019674806,46.679139803251935,2.641928071428571,296439.4,-2350532.0,54.21,53.42,49.5
2025-05-08,55.63,57.21,54.72,56.6,204565.0,51.94,53.81991458948278,-0.36073800757083774,77.98036457982296,4.660000000000004,57.43741374600693,46.44258625399306,2.404785214285714,286118.5,-2145967.0,55.05,54.38,51.94
2025-05-09,56.42,58.21,56.42,57.44,260573.0,52.342499999999994,54.16468462857966,-0.055844287259517955,90.6060605099633,4.789999999999999,58.21948051724252,46.465519482757465,2.0962137857142857,289735.95,-1885394.0,56.6,54.5,52.65
2025-05-12,60.89,63.31,59.82,60.0,398525.0,52.8925,54.72042894966731,0.38788548548877344,91.16809107718285,6.310000000000002,59.469569816298744,46.31543018370125,2.1890709285714287,299815.65,-1486869.0,57.44,54.3,53.69
2025-05-13,60.48,62.93,60.425,62.44,646755.0,53.471000000000004,55.45562619255614,0.9257605440751675,91.95849537695081,8.07,61.228451833393116,45.71354816660689,2.1501423571428577,319146.15,-840114.0,60.0,54.21,54.37
2025-05-14,61.89,62.4,60.02,60.96,386925.0,53.959,55.979852269455556,1.218559971240289,81.1894881648235,7.539999999999999,62.3194404316143,45.59855956838571,2.1204995,329611.75,-1227039.0,62.44,55.05,53.42
2025-05-15,61.03,62.355,59.92,60.39,140918.0,54.480999999999995,56.39986633903122,1.3886044230506798,77.0251395895006,6.009999999999998,63.08756518075415,45.87443481924584,2.1183566428571425,326230.2,-1367957.0,60.96,56.6,54.38
2025-05-16,60.43,61.55,60.0,61.34,204371.0,55.117,56.870355259123485,1.581789057112374,76.87983126659753,6.840000000000003,63.779699469871105,46.45430053012889,2.122135714285714,284782.55,-1163586.0,60.39,57.44,54.5
2025-05-19,59.91,61.79,59.91,61.68,142663.0,55.864999999999995,57.32841666301648,1.7422409606409133,76.31389481149071,7.380000000000003,64.04487903655499,47.685120963444994,2.1342857142857135,264181.75,-1020923.0,61.34,60.0,54.3
2025-05-20,61.4,62.37,59.81,61.86,177381.0,56.536,57.75999602844349,1.862455517985019,82.1646340586658,7.649999999999999,64.34461979852608,48.72738020147392,2.198214285714285,254185.35,-843542.0,61.68,62.44,54.21
2025-05-21,61.1,61.795,58.24,58.3,191042.0,56.976,57.81142497811554,1.6514275441892607,62.46819332859066,3.25,64.07475422725602,49.87724577274398,2.2814285714285703,245397.65,-1034584.0,61.86,60.96,55.05
2025-05-22,57.8,59.02,52.77,58.02,168940.0,57.279999999999994,57.83128926591406,1.4449363676348739,61.08312337184109,1.4200000000000017,63.980256083089984,50.579743916910004,2.6107142857142844,244720.25,-1203524.0,58.3,60.39,56.6
2025-05-23,56.37,58.47,56.235,58.17,162225.0,57.556000000000004,57.8635474310651,1.2786548319568283,62.22362597150155,0.730000000000004,63.89842988468472,51.21357011531529,2.6439285714285705,239080.1,-1041299.0,58.02,61.34,57.44
2025-05-27,59.26,61.1125,58.495,59.09,158594.0,57.826,57.98035243763033,1.2071960238676809,64.64585828901309,-0.9099999999999966,63.930781215100694,51.72121878489931,2.6823214285714276,231967.65,-882705.0,58.17,61.68,60.0
2025-05-28,58.85,59.4541,57.75,57.95,140185.0,58.00500000000001,57.977461729284585,1.046512387628411,58.54952825355584,-4.489999999999995,63.88906053853018,52.12093946146984,2.674399999999999,226971.55,-1022890.0,59.09,61.86,62.44
2025-05-29,58.41,58.73,57.494,58.23,87546.0,58.24550000000001,58.001512993162244,0.9310307650748086,55.19439128280933,-2.730000000000004,63.71939777417702,52.771602225822996,2.58482857142857,219169.25,-935344.0,57.95,58.3,60.96
2025-05-30,57.83,58.235,56.615,57.77,194940.0,58.415,57.9794641366706,0.7932485164635779,51.07772692912555,-2.6199999999999974,63.586506957412,53.243493042588,2.5726857142857127,219989.3,-1130284.0,58.23,58.02,60.39
2025-06-02,57.46,59.135,56.1401,57.29,149597.0,58.5545,57.91380088555911,0.6379689938597579,39.75812543033907,-4.050000000000004,63.42299149878258,53.686008501217415,2.537321428571427,217439.55,-1279881.0,57.77,58.17,61.34
2025-06-03,56.95,58.8,56.95,58.36,128693.0,58.75749999999999,57.95629603931539,0.5943970716617741,32.79932542502608,-3.3200000000000003,63.19889321432409,54.3161067856759,2.4905357142857123,214379.5,-1151188.0,57.29,59.09,61.68
2025-06-04,58.25,58.62,57.525,57.84,127299.0,58.939,57.94522022604726,0.5120042884962785,35.68807334865751,-4.019999999999996,62.86466668827113,55.01333331172887,2.3987499999999984,212436.9,-1278487.0,58.36,57.95,61.86
2025-06-05,57.78,57.88,56.715,56.99,127124.0,59.036,57.854246871185616,0.37381046364015447,34.79427544837925,-1.3099999999999952,62.63973139954034,55.432268600459665,2.3080357142857126,209943.05,-1405611.0,57.84,58.23,58.3
2025-06-06,57.9,58.93,57.52,58.8,160672.0,59.146,57.94431859773937,0.40566646452337096,39.451827196650655,0.779999999999994,62.5662886920368,55.7257113079632,2.298035714285713,207748.4,-1244939.0,56.99,57.77,58.02
2025-06-09,59.46,61.175,59.185,60.12,146161.0,59.279999999999994,58.151526350335615,0.5313010354202063,44.009216542539995,1.9499999999999957,62.62809922509548,55.931900774904506,2.305892857142855,202027.8,-1098778.0,58.8,57.29,58.17
2025-06-10,60.65,62.14,60.34,61.05,176216.0,59.3325,58.42757145982746,0.6978660008189266,47.05882348156691,1.9599999999999937,62.76012077986445,55.904879220135555,2.2516071428571407,190912.35,-922562.0,60.12,58.36,59.09
2025-06-11,61.06,61.63,59.42,59.57,172449.0,59.189,58.53637417793913,0.7023500506233944,55.431993090158464,1.6199999999999974,62.29396308987825,56.08403691012175,2.1555357142857123,167197.05,-1095011.0,61.05,57.84,57.95
2025-06-12,59.38,59.6899,58.55,59.18,104825.0,59.1,58.59767187527826,0.6667480947650901,54.91525417213444,0.9500000000000028,62.091180017111924,56.10881998288808,1.79052857142857,153092.05,-1199836.0,59.57,56.99,58.23
2025-06-13,58.37,59.32,57.11,57.31,147040.0,58.946000000000005,58.475036458585095,0.48208276644573544,46.819526578737175,-0.46000000000000085,61.97445035933901,55.917549640661,1.7887428571428556,153398.15,-1346876.0,59.18,58.8,57.77
2025-06-16,58.16,58.9299,57.73,58.26,147405.0,58.79200000000001,58.45455679586271,0.407691608743157,46.93726932419763,0.9699999999999989,61.61408284410309,55.96991715589693,1.6874857142857134,150549.85,-1199471.0,57.31,60.12,57.29
2025-06-17,57.6,58.3262,55.63,55.68,258389.0,58.492000000000004,58.19031329149483,0.13894991414720437,42.42828548405628,-2.6799999999999997,61.29702256300759,55.68697743699242,1.758349999999999,156336.15,-1457860.0,58.26,61.05,58.36
2025-06-18,55.57,56.26,54.41,54.5,297531.0,58.124,57.838854882781035,-0.16731722451512354,38.263058493663756,-3.3400000000000034,60.99885944737137,55.24914055262863,1.8022071428571422,162343.65,-1755391.0,55.68,59.57,57.84
2025-06-20,55.21,55.6,54.08,54.43,417275.0,57.930499999999995,57.51420203680189,-0.4109474075182007,39.22580641618312,-2.5600000000000023,61.2431136921953,54.61788630780469,1.7950642857142856,173655.3,-2172666.0,54.5,59.18,56.99
2025-06-23,54.04,55.66,53.015,55.62,219045.0,57.810500000000005,57.333801842820755,-0.502213819756868,44.84885869044514,-3.1799999999999997,61.279645048633306,54.341354951366704,1.770071428571428,176160.55,-1953621.0,54.43,57.31,58.8
2025-06-24,56.09,58.06,56.085,57.23,111871.0,57.7635,57.323915953028305,-0.4395625607443492,46.62686563267007,-2.8900000000000006,61.237604352587525,54.289395647412476,1.779,173642.85,-1841750.0,55.62,58.26,60.12
2025-06-25,57.41,57.41,56.05,56.58,150467.0,57.638,57.253066814644654,-0.43731940840412875,46.26777247347458,-4.469999999999999,61.09162418338131,54.18437581661868,1.7979285714285713,173236.5,-1992217.0,57.23,55.68,61.05
2025-06-26,56.91,57.72,56.38,56.95,149760.0,57.588,57.22420330848802,-0.4010625863893793,49.87804873790899,-2.6199999999999974,61.051546098868,54.124453901132,1.8104285714285713,173715.25,-1842457.0,56.58,54.5,59.57
2025-06-27,57.4,57.545,56.03,56.4,661665.0,57.49649999999999,57.14570775529869,-0.41196037442466604,42.07397618302275,-2.780000000000001,60.985232389313786,54.007767610686194,1.8179285714285716,202421.2,-2504122.0,56.95,54.43,59.18
2025-06-30,57.0,57.7625,55.005,55.11,300453.0,57.3635,56.95183082622262,-0.5187098052280987,33.42157508485094,-2.200000000000003,61.0076807974149,53.719319202585105,1.8727500000000004,207696.85,-2804575.0,56.4,55.62,57.31
2025-07-01,55.0,61.55,54.88,61.17,475723.0,57.557500000000005,57.35356122372523,-0.1130153728920078,50.29644265295701,2.9100000000000037,61.57880052281266,53.53619947718735,2.2206071428571432,224003.15,-2328852.0,55.11,57.23,58.26
2025-07-02,61.47,63.165,60.47,62.84,308036.0,57.78150000000001,57.87607920241807,0.3393436880310503,58.00293681781493,7.160000000000004,62.439687020271464,53.12331297972855,2.25525,232970.3,-2020816.0,61.17,56.58,55.68
2025-07-03,63.19,64.58,62.3214,63.72,162420.0,58.0755,58.432643087902065,0.7600883233635827,60.85086037992772,9.219999999999999,63.438187758954015,52.71281224104598,2.3351571428571427,234726.35,-1858396.0,62.84,56.95,54.5
2025-07-07,63.06,64.91,63.06,63.63,301848.0,58.40749999999999,58.92762946048282,1.0738900937994629,66.5099268061056,9.200000000000003,64.2847026106261,52.530297389373885,2.3094428571428565,243462.55,-2160244.0,63.72,56.4,54.43
2025-07-08,64.09,65.62,63.72,64.44,207763.0,58.689499999999995,59.452617130913026,1.3721235026161764,66.26315784591137,8.82,65.15753793563982,52.22146206436017,2.3594499999999994,245817.1,-1952481.0,63.63,55.11,55.62
2025-07-09,64.97,65.465,63.62,65.3,164952.0,58.9485,60.00951073749274,1.6587494097789346,77.83564808508686,8.07,66.04229944221353,51.85470055778647,2.29865,246756.65,-1787529.0,64.44,61.17,57.23
2025-07-10,65.0,67.26,64.75,65.9,213074.0,59.190999999999995,60.57050971487438,1.9122739876440278,84.13173645641652,9.320000000000007,66.89281632713185,51.48918367286814,2.3457928571428575,248599.55,-1574455.0,65.3,62.84,56.58
2025-07-11,65.3,65.76,64.55,64.55,133812.0,59.44,60.94950878964825,1.9814197510694456,78.14238036184685,7.599999999999994,67.5067687393881,51.3732312606119,2.3236500000000007,246667.7,-1708267.0,65.9,63.72,56.95
2025-07-14,64.12,66.7,64.12,65.45,352808.0,59.753499999999995,61.37812700015794,2.084808371974603,77.78405872871808,9.050000000000004,68.25343752299204,51.25356247700795,2.3190071428571435,259066.85,-1355459.0,64.55,63.63,56.4
2025-07-15,65.52,65.6,62.03,62.15,403798.0,59.99549999999999,61.45163871442861,1.8788044895273686,62.69349840672295,7.039999999999999,68.47809760364088,51.51290239635911,2.4329357142857146,271904.75,-1759257.0,65.45,64.44,55.11
2025-07-16,62.71,64.45,62.22,63.58,354278.0,60.2615,61.654339789244936,1.8100686330285143,67.36111106433253,2.4099999999999966,68.84796738218304,51.675032617816946,2.495078571428572,282248.4,-1404979.0,62.15,65.3,61.17
2025-07-17,61.74,64.065,60.6531,61.99,736286.0,60.577,61.686307428364465,1.608750584398031,61.78671651707137,-0.8500000000000014,68.91476468845394,52.239235311546054,2.643071428571429,306143.25,-2141265.0,63.58,65.9,62.84
