Date,Open,High,Low,Close,Volume,SMA_20,EMA_20,MACD,RSI_14,Momentum_10,Bollinger_Upper,Bollinger_Lower,ATR_14,Volume_MA_20,OBV,Lag_1,Lag_5,Lag_10
2023-08-15,6.194,6.194,5.55,5.825,3285.2,6.0912500000000005,6.044694604003624,-0.06651610654813922,40.186915677526436,-0.6749999999999998,6.541768706895904,5.640731293104097,0.44067857142857136,3743.06,1958.6000000000008,5.8,5.85,6.5
2023-08-16,5.7,6.05,5.3935,5.75,3244.2,6.063750000000001,6.016628451241374,-0.07408149627323901,45.74468057854233,-0.25,6.527565696155271,5.59993430384473,0.4518571428571428,3820.4,-1285.599999999999,5.825,5.75,6.0
2023-08-17,5.7,5.725,5.535,5.6,1397.2,6.02375,5.976949551123147,-0.08911743551290208,30.48780466983939,-0.5500000000000007,6.503189091131773,5.544310908868226,0.43328571428571416,3839.3100000000004,-2682.7999999999993,5.75,5.95,6.15
2023-08-18,5.3505,5.6,5.3505,5.45,295452.2,5.98375,5.926763879587609,-0.10991271171136496,29.76190456349208,-0.5499999999999998,6.514458315168955,5.453041684831044,0.4046785714285712,18291.670000000002,-298135.0,5.6,6.0,6.0
2023-08-21,6.55,7.375,6.25,7.2,2319050.2,6.04375,6.048024462484028,-0.004459537181720208,59.58904086732971,1.25,6.803922245024285,5.283577754975715,0.45942857142857124,133807.13,2020915.2000000002,5.45,5.8,5.95
2023-08-22,7.75,8.8,6.55,7.75,316984.0,6.126250000000001,6.210117370818883,0.11582516267647414,73.64864836997808,1.9000000000000004,7.203951623583117,5.048548376416885,0.5772857142857142,149437.8,2337899.2,7.2,5.825,5.85
2023-08-23,7.05,7.3,6.65,6.85,32190.4,6.151249999999999,6.271058573598037,0.14490846757616183,57.865168357278115,1.0999999999999996,7.273099389459912,5.029400610540087,0.6004999999999999,150599.7,2305708.8000000003,7.75,5.75,5.75
2023-08-24,6.6,10.7,6.6,7.5,701297.2,6.22875,6.388100614207747,0.21194853604047292,65.15151496724823,1.5499999999999998,7.496702659750522,4.960797340249478,0.868892857142857,185598.53,3007006.0,6.85,5.6,5.95
2023-08-25,7.05,7.497,6.6,7.25,34405.0,6.27125,6.470186269997486,0.24387518295054988,62.621359053068154,1.25,7.617910098559631,4.92458990144037,0.8865357142857142,186856.55,2972601.0,7.5,5.45,6.0
2023-08-28,7.05,7.55,7.05,7.1505,14595.0,6.313775000000001,6.534978053807249,0.2587766795699782,62.62743938697269,1.3505000000000003,7.7167928179083916,4.91075718209161,0.9008214285714286,187442.77000000002,2958006.0,7.25,7.2,5.8
2023-08-29,7.1,7.434,7.0105,7.15,8146.4,6.346275,6.593551572492273,0.26736994174019113,63.8613859615724,1.3250000000000002,7.796766585454286,4.895783414545715,0.9132142857142858,187648.9,2949859.6,7.1505,7.75,5.825
2023-08-30,7.25,7.45,7.0175,7.35,7257.8,6.413774999999999,6.665594279873961,0.28561120859726685,63.86138596157239,1.5999999999999996,7.9209564222162125,4.906593577783786,0.9155357142857141,187852.84,2957117.4,7.15,6.85,5.75
2023-08-31,7.15,7.55,7.15,7.35,5030.6,6.473775000000001,6.730775777028822,0.2965599294119352,63.4999998222,1.75,8.031439935087135,4.916110064912867,0.9262499999999998,188043.57,2957117.4,7.35,7.5,5.6
2023-09-01,7.15,8.236,7.15,7.65,13899.0,6.556274999999999,6.818320941121315,0.32390706057198937,68.13725471491733,2.2,8.181596845860561,4.930953154139437,0.9717142857142856,188662.71000000002,2971016.4,7.35,7.25,5.45
2023-09-05,7.25,7.35,7.1,7.35,5819.8,6.626275,6.868957041966904,0.31921250154889247,64.18604634444564,0.14999999999999947,8.262211412192372,4.990338587807628,0.9435714285714284,188854.44,2965196.6,7.65,7.1505,7.2
2023-09-06,7.25,7.3255,6.85,6.95,6516.8,6.681274999999999,6.876675418922437,0.28192433170742515,60.526315640812555,-0.7999999999999998,8.280884342933458,5.081665657066541,0.9306428571428571,189019.2,2958679.8000000003,7.35,7.15,7.75
2023-09-07,7.1995,7.1995,5.75,6.15,17172.6,6.701275,6.807468236167919,0.189350447898339,54.330708541633086,-0.6999999999999993,8.261372347671143,5.141177652328857,1.0206071428571428,189746.7,2941507.2,6.95,7.35,6.85
2023-09-08,6.15,6.15,5.6,5.6,6737.2,6.683775,6.692471261294783,0.07320294644606573,51.111111005102885,-1.9000000000000004,8.286621825101154,5.080928174898845,1.0420714285714285,189945.4,2934770.0,6.15,7.35,7.5
2023-09-11,5.6515,5.9,5.65,5.65,4272.0,6.666275000000001,6.593188284028614,-0.014731888860874065,34.65346525046566,-1.5999999999999996,8.30773312826344,5.024816871736561,0.9795714285714286,190024.68,2939042.0,5.6,7.65,7.25
2023-09-12,6.0,6.05,5.65,5.95,12984.2,6.673775000000001,6.531932256978269,-0.06054396523640726,31.24999990885418,-1.2005,8.29986622793863,5.047683772061372,0.8474285714285712,190486.85,2952026.2,5.65,7.35,7.1505
2023-09-13,5.9,7.25,5.9,6.55,71595.2,6.710025,6.53365299440891,-0.04987200266704139,46.66666652148149,-0.6000000000000005,8.288061103749484,5.131988896250515,0.8974285714285715,193902.35000000003,3023621.4000000004,5.95,6.95,7.15
2023-09-14,6.8,6.9995,6.25,6.75,41453.0,6.760025000000001,6.554257471131871,-0.025618374118984377,40.74074059990855,-0.5999999999999996,8.271969738442936,5.248080261557066,0.6581071428571429,195812.79,3065074.4000000004,6.55,6.15,7.35
2023-09-15,7.5,7.75,6.8,7.4,71315.6,6.8500250000000005,6.634804378643121,0.04362623038253055,51.68539309582124,0.05000000000000071,8.283482376415503,5.416567623584498,0.6618928571428572,199308.71,3136390.0000000005,6.75,5.6,7.35
2023-09-18,7.3,8.15,7.2,7.4,93136.2,6.947524999999999,6.707680152105681,0.09734019838193042,52.86748632567641,-0.25,8.238186008736879,5.656863991263118,0.6940357142857143,189192.91,3136390.0000000005,7.4,5.65,7.65
2023-09-19,7.3,7.615,6.05,6.3,45883.4,6.902525,6.668853470952759,0.05327801850975522,42.20183475397694,-1.0499999999999998,8.218629518125972,5.586420481874028,0.7755714285714286,75534.56999999999,3090506.6000000006,7.4,5.95,7.35
2023-09-20,6.0,6.4525,5.75,6.0,18650.4,6.815025,6.60515314038583,-0.0050725687929800145,37.83783774239105,-0.9500000000000002,8.12657974131799,5.503470258682011,0.7948571428571428,60617.89,3071856.2000000007,6.3,6.55,6.95
2023-09-21,6.3275,6.3275,5.7505,5.95,5455.6,6.7700249999999995,6.542757603206227,-0.05458947981773754,37.49999990625001,-0.20000000000000018,8.137110277246146,5.402939722753853,0.8075000000000001,59281.15,3066400.6000000006,6.0,6.75,6.15
2023-09-22,5.9,6.1,5.65,5.75,6565.4,6.682525,6.467256879091348,-0.10830023517139953,32.72727264396694,0.15000000000000036,8.076636128810646,5.288413871189354,0.7620714285714286,24544.56,3059835.2000000007,5.95,7.4,5.6
2023-09-25,5.75,6.05,5.5,5.9,13624.4,6.615025,6.413232414415981,-0.13743539972049046,36.44859803546162,0.25,8.024096006951597,5.205953993048403,0.7835000000000001,23505.530000000002,3073459.6000000006,5.75,7.4,5.65
2023-09-26,5.7,5.801,5.4795,5.6,3767.6,6.5375,6.335781708281126,-0.18210280946133217,37.142857043809535,-0.35000000000000053,7.992391929428367,5.0826080705716326,0.7725000000000001,22964.16,3069692.0000000005,5.9,6.3,5.95
2023-09-27,5.4,5.75,5.2,5.4,6622.8,6.45,6.246659640825781,-0.23064407516943763,41.935483744710375,-1.1499999999999995,7.95926960376273,4.94073039623727,0.7082499999999999,22887.98,3063069.2000000007,5.6,6.0,6.55
2023-09-28,5.25,5.5795,5.25,5.35,1118.4,6.35,6.161263484556659,-0.26994290096807294,46.987951648715345,-1.4000000000000004,7.873154621172782,4.826845378827217,0.6925,22581.010000000002,3061950.8000000007,5.4,5.95,6.75
2023-09-29,5.4255,5.6,5.25,5.25,2481.0,6.245,6.074476486027454,-0.3054813666111036,45.23809508730159,-2.1500000000000004,7.767428807427201,4.722571192572799,0.699642857142857,22453.530000000002,3059469.8000000007,5.35,5.75,7.4
2023-10-02,5.5,5.5,5.05,5.25,10220.2,6.125,5.995954915929601,-0.32982790341826895,41.0256408783695,-2.1500000000000004,7.556782106327634,4.693217893672366,0.7032142857142858,22269.590000000004,3059469.8000000007,5.25,5.9,7.4
2023-10-03,5.4345,5.4345,5.15,5.4,618.2,6.0275,5.939197304888687,-0.3333392907370474,33.33333319806765,-0.8999999999999995,7.37089514898476,4.68410485101524,0.6271071428571429,22009.510000000002,3060088.000000001,5.25,5.6,6.3
2023-10-04,5.2,5.35,5.05,5.15,1203.2,5.9375,5.86403565680405,-0.3519571140279094,27.14285703428574,-0.8499999999999996,7.261717743265412,4.613282256734588,0.5949999999999999,21743.829999999998,3058884.8000000007,5.4,5.4,6.0
2023-10-05,5.2,5.25,5.0,5.1985,7005.4,5.889925,5.800651308536997,-0.3587013685262317,12.023460352482871,-0.7515000000000001,7.24988414315564,4.52996585684436,0.5449999999999999,21235.47,3065890.2000000007,5.15,5.35,5.95
2023-10-06,5.3,5.3495,5.0,5.196,6350.0,5.869725,5.743065469628712,-0.36008619121119256,12.013098873428703,-0.5540000000000003,7.259491109629126,4.479958890370874,0.5021071428571428,21216.11,3059540.2000000007,5.1985,5.25,5.75
2023-10-09,5.1925,5.25,3.65,4.0295,59636.2,5.7887,5.579868758235501,-0.44911870267147425,11.743892109717123,-1.8705000000000007,7.403189308207329,4.174210691792672,0.5046071428571428,23984.32,2999904.0000000005,5.196,5.25,5.9
2023-10-10,3.9085,4.35,3.9085,4.25,6328.6,5.7036999999999995,5.453214590784501,-0.4963217410162306,19.702215970972645,-1.3499999999999996,7.455590089078226,3.9518099109217735,0.48596428571428557,23651.54,3006232.6000000006,4.0295,5.4,5.6
2023-10-11,4.325,4.325,3.9296,4.0855,45407.8,5.580475000000001,5.322956058328835,-0.5406369680563063,18.950874183076706,-1.3145000000000007,7.425923126294016,3.7350268737059853,0.47299285714285705,22342.17,2960824.8000000007,4.25,5.15,5.4
2023-10-12,4.3,5.9995,4.3,5.225,328547.4,5.504225,5.3136269099165645,-0.47905526750439353,43.34094352948422,-0.125,7.270533475025626,3.7379165249743735,0.5622428571428572,36696.89,3289372.2000000007,4.0855,5.1985,5.35
2023-10-13,4.25,6.0,4.2,5.05,122279.6,5.386725,5.288519585162606,-0.43919691618107226,39.2866144315572,-0.20000000000000018,6.9192151811310705,3.85423481886893,0.6515285714285713,39245.09,3167092.6000000006,5.225,5.196,5.25
2023-10-16,4.5995,5.75,4.25,5.1,41172.8,5.271725,5.270565338956644,-0.3990015572108083,43.27414565352756,-0.15000000000000036,6.478716408638146,4.064733591361854,0.7357071428571428,36646.92,3208265.4000000004,5.05,4.0295,5.25
2023-10-17,5.3,5.3,4.95,4.95,7320.6,5.204224999999999,5.2400353066750585,-0.37484556054048834,43.86419399670064,-0.4500000000000002,6.316355883768432,4.092094116231566,0.7214214285714285,34718.78,3200944.8000000003,5.1,4.25,5.4
2023-10-18,4.75,5.0,4.705,4.8,5163.4,5.1442250000000005,5.198127182229815,-0.36353659391302084,42.69976092439696,-0.35000000000000053,6.203828375399434,4.084621624600567,0.7189571428571427,34044.43,3195781.4000000004,4.95,4.0855,5.15
2023-10-19,4.7,4.75,4.5,4.603,5771.8,5.076874999999999,5.141448402969832,-0.36615448585675026,41.62784664006474,-0.5955000000000004,6.091093645325696,4.062656354674303,0.7118142857142856,34060.24,3190009.6000000006,4.8,5.225,5.1985
2023-10-20,4.603,4.75,4.3,4.4005,7867.2,5.009399999999999,5.070881888401277,-0.3800964333776644,39.55489965479685,-0.7954999999999997,6.01458296841917,4.004217031580829,0.7118142857142856,34125.33,3182142.4000000004,4.603,5.05,5.196
2023-10-23,4.2995,4.65,4.2985,4.2985,4030.0,4.929325,4.997321708553536,-0.3947802404097507,36.29463717602964,0.26900000000000013,5.889953756541627,3.9686962434583744,0.7165999999999999,33645.61,3178112.4000000004,4.4005,5.1,4.0295
2023-10-24,4.2895,4.5055,4.25,4.4,4315.0,4.869325,4.9404339267865325,-0.393721995352589,40.31007737355528,0.15000000000000036,5.803102403599839,3.9355475964001605,0.7134214285714285,33672.98,3182427.4000000004,4.2985,4.95,4.25
2023-10-25,4.513,4.8,4.296,4.425,2634.2,4.820575,4.891344981378292,-0.38641717765417116,39.945404768169595,0.33950000000000014,5.73938356920366,3.9017664307963393,0.7315642857142857,33473.55,3185061.6000000006,4.4,4.8,4.0855
2023-10-26,4.1915,4.474,4.1915,4.21,3212.0,4.7635749999999994,4.826454983151788,-0.39337141412750487,37.8541511382217,-1.0149999999999997,5.685532258685063,3.841617741314936,0.7267785714285714,33578.229999999996,3181849.6000000006,4.425,4.603,5.225
2023-10-27,4.2005,4.4,3.906,4.4,2794.0,4.721075,4.7858402228516175,-0.37923266887018325,56.009732105714114,-0.6499999999999995,5.626843314456658,3.8153066855433417,0.6477785714285714,33593.88,3184643.6000000006,4.21,4.4005,5.05
2023-10-30,4.15,4.5,4.15,4.3335,1572.8,4.67525,4.742760201627654,-0.3691186549359031,51.425644282069655,-0.7664999999999997,5.560857879249866,3.7896421207501345,0.6412428571428571,33161.51,3183070.8000000007,4.4,4.2985,5.1
2023-10-31,4.25,4.4995,4.165,4.4,2393.0,4.62525,4.7101163729012105,-0.3516980308865767,55.555555280770974,-0.5499999999999998,5.449351584182801,3.8011484158171998,0.6368928571428573,33250.25,3185463.8000000007,4.3335,4.4,4.95
2023-11-01,4.45,4.45,4.0995,4.1,1889.0,4.57275,4.652010051672524,-0.3579024839609293,21.74786524135105,-0.7000000000000002,5.38984772011094,3.7556522798890604,0.5405357142857143,33284.54,3183574.8000000007,4.4,4.425,4.8
2023-11-02,4.5,4.5,3.956,4.395,3394.6,4.532575,4.627532903894188,-0.3352131959697937,34.48602535158487,-0.20800000000000018,5.297473705023964,3.7676762949760354,0.4508214285714286,33104.0,3186969.400000001,4.1,4.21,4.603
2023-11-03,4.3,4.3945,4.042,4.33,3360.6,4.489275,4.599196436856647,-0.318787973975291,31.890874672402532,-0.07050000000000001,5.191525328361745,3.7870246716382545,0.3688571428571429,32954.53,3183608.8000000007,4.395,4.4,4.4005
2023-11-06,4.33,4.3495,4.0115,4.1975,7800.0,4.497675,4.56093963334649,-0.3128308702234932,32.15556061172501,-0.10099999999999998,5.180519998594288,3.8148300014057126,0.36800000000000005,30362.72,3175808.8000000007,4.33,4.3335,4.2985
2023-11-07,4.195,4.195,3.72,3.905,18885.8,4.480425,4.498469192075396,-0.32788122710725,30.119946503030107,-0.49500000000000055,5.205725175607873,3.7551248243921274,0.3808571428571429,30990.580000000005,3156923.000000001,4.1975,4.4,4.4
2023-11-08,4.0995,4.0995,3.75,3.95,5019.4,4.47365,4.446234030925358,-0.3323521062366339,34.44497356730368,-0.47499999999999964,5.216794605889814,3.7305053941101862,0.3879642857142858,28971.160000000003,3161942.400000001,3.905,4.1,4.425
2023-11-09,3.9495,4.0,3.7,3.8,2365.2,4.4024,4.384687932741991,-0.3440102429639582,35.32860957996556,-0.41000000000000014,5.114845720924146,3.6899542790758537,0.3772500000000001,12662.05,3159577.2000000007,3.95,4.395,4.21
2023-11-10,4.0,4.0,3.25,3.6,16927.6,4.3299,4.309955748671325,-0.3651499815085808,33.714152262999264,-0.8000000000000003,5.059764414229015,3.6000355857709856,0.4057142857142857,7394.45,3142649.6000000006,3.8,4.33,4.4
2023-11-13,3.492,3.65,3.25,3.4,3702.6,4.2448999999999995,4.223293296416913,-0.393479292539201,27.708426041944747,-0.9335,4.992879003364166,3.496920996635833,0.41603571428571434,5520.9400000000005,3138947.0000000005,3.6,4.1975,4.3335
2023-11-14,3.6,3.6,3.2505,3.6,3825.6,4.1774000000000004,4.163932030091493,-0.395257722294732,32.94044645940191,-0.8000000000000003,4.9007110708838395,3.454088929116162,0.4050000000000001,5346.19,3142772.6000000006,3.4,3.905,4.4
2023-11-15,3.8,3.9745,3.7,3.86,5589.2,4.1304,4.134986122463731,-0.37143275993096125,42.894843442741454,-0.23999999999999977,4.80380951801065,3.45699048198935,0.4044285714285714,5367.48,3148361.8000000007,3.6,3.95,4.1
2023-11-16,3.81,3.925,3.5,3.718,4050.8,4.08615,4.095273158419566,-0.35984666387309927,35.87991697626549,-0.6769999999999996,4.744951711243079,3.427348288756921,0.3994999999999999,5281.429999999999,3144311.000000001,3.86,3.8,4.395
2023-11-17,3.726,3.8,3.5365,3.65,3978.0,4.048625,4.052866190951036,-0.3520860657573053,35.85764514711069,-0.6800000000000002,4.717456178053782,3.379793821946219,0.39332142857142854,5086.969999999999,3140333.000000001,3.718,3.6,4.33
2023-11-20,3.75,3.77,3.2445,3.5955,9946.6,4.013475000000001,4.009307506098557,-0.34633579591350916,33.27095010780067,-0.6019999999999999,4.700653248154589,3.3262967518454123,0.4069642857142856,5382.8,3130386.400000001,3.65,3.4,4.1975
2023-11-21,3.5,3.631,3.5,3.631,6543.2,3.9750249999999996,3.973278219803456,-0.335054059045059,39.04205581935104,-0.274,4.657178515288911,3.292871484711088,0.3912857142857143,5494.21,3136929.600000001,3.5955,3.6,3.905
2023-11-22,3.5,3.743,3.35,3.6995,2910.2,3.9387499999999998,3.9472041036316985,-0.3169369461794944,31.826495716973653,-0.25050000000000017,4.596889762792363,3.2806102372076364,0.3804999999999999,5508.01,3139839.800000001,3.631,3.86,3.95
2023-11-24,3.6985,3.737,3.5,3.682,3986.4,3.91235,3.921946569952489,-0.3005253046899852,32.63665570369069,-0.11799999999999988,4.567026706072281,3.2576732939277195,0.3722499999999999,5546.7300000000005,3135853.4000000013,3.6995,3.718,3.8
2023-11-27,3.55,3.8,3.3995,3.569,4280.4,3.8708,3.8883326109093947,-0.2932492876808266,32.98131575318797,-0.03100000000000014,4.500154924547825,3.241445075452175,0.3767142857142856,5621.05,3131573.0000000014,3.682,3.65,3.6
2023-11-28,3.6985,3.795,3.51,3.6583,4224.4,3.8370399999999996,3.866424743203738,-0.27708800182854,42.493762188941375,0.2583000000000002,4.433465564773808,3.240614435226191,0.363142857142857,5753.629999999999,3135797.4000000013,3.569,3.5955,3.4
2023-11-29,3.5793,3.7995,3.5195,3.685,2703.0,3.8012899999999994,3.8491461962319535,-0.25913960743949493,41.84615348563314,0.08499999999999996,4.338400663496892,3.2641793365031067,0.35817857142857135,5769.129999999999,3138500.4000000013,3.6583,3.631,3.6
2023-11-30,3.6525,3.85,3.4525,3.7475,7410.8,3.783665,3.839465606114625,-0.2371414716160274,48.29268248709103,-0.11249999999999982,4.302321208109469,3.2650087918905304,0.3651428571428571,6045.219999999999,3145911.200000001,3.685,3.6995,3.86
2023-12-01,3.7495,3.7495,3.485,3.7475,750.2,3.75129,3.830706976960851,-0.2172038750015033,55.514018110507465,0.02950000000000008,4.182783089046284,3.319796910953716,0.3304642857142856,5912.999999999999,3145911.200000001,3.7475,3.682,3.718
2023-12-04,3.75,3.75,3.5,3.679,3767.8,3.7187400000000004,3.81625869344077,-0.20456936856672536,61.56716346439445,0.028999999999999915,4.0538803124850835,3.3835996875149172,0.3197499999999999,5933.36,3142143.4000000013,3.7475,3.569,3.65
2023-12-05,3.55,3.739,3.45,3.725,588.2,3.695115,3.807567389303554,-0.188671432335358,55.941063894320436,0.12950000000000017,3.943554604224721,3.4466753957752787,0.31542857142857134,5572.7699999999995,3142731.6000000015,3.679,3.6583,3.5955
2023-12-06,3.465,3.7245,3.46,3.6995,466.0,3.68484,3.7972752569889296,-0.17609885766516076,40.18348555037457,0.06850000000000023,3.912891992225156,3.456788007774844,0.3147142857142856,4651.78,3142265.6000000015,3.725,3.685,3.631
2023-12-07,3.74,3.9,3.4665,3.5,11873.8,3.6623399999999995,3.7689633277518886,-0.18014945242034708,37.54285654217146,-0.1995,3.8679290781452154,3.4567509218547836,0.3153214285714285,4994.5,3130391.8000000017,3.6995,3.7475,3.6995
2023-12-08,3.749,3.749,3.43,3.52,4169.8,3.6483399999999997,3.745252534632661,-0.17967504545398283,42.140265308387306,-0.16199999999999992,3.8525885730156157,3.4440914269843836,0.31928571428571423,5084.73,3134561.6000000015,3.5,3.7475,3.682
2023-12-11,3.52,3.72,3.4,3.72,6324.0,3.65434,3.7428475313343124,-0.16130702040455702,56.40102746569216,0.15100000000000025,3.859656919599073,3.4490230804009268,0.30460714285714285,4554.55,3140885.6000000015,3.52,3.679,3.569
2023-12-12,3.6975,3.6975,3.408,3.5,5740.4,3.6593399999999994,3.7197191950167587,-0.16262179931983,44.33880672364454,-0.1583000000000001,3.8422224344820277,3.476457565517971,0.3159285714285714,4656.44,3135145.2000000016,3.72,3.725,3.6583
2023-12-13,3.4075,3.5,3.25,3.4005,8800.2,3.6493650000000004,3.6893173669199246,-0.16973341791947094,37.41582447489771,-0.2845,3.8647497600042158,3.433980239995785,0.30571428571428566,4905.17,3126345.0000000014,3.5,3.6995,3.685
2023-12-14,3.5,3.5,3.4,3.4,1564.6,3.626365,3.6617633319751697,-0.1734106781302014,37.959008939858144,-0.34750000000000014,3.845257487668862,3.407472512331138,0.2959285714285714,4703.9400000000005,3124780.4000000013,3.4005,3.5,3.7475
2023-12-15,3.645,3.662,3.4,3.405,3347.6,3.610715,3.637309681310868,-0.17391668251588355,42.28598250987417,-0.34250000000000025,3.8461532992140626,3.3752767007859372,0.2860357142857143,4668.780000000001,3128128.0000000014,3.4,3.52,3.7475
2023-12-18,3.405,3.5745,3.4,3.405,3497.6,3.5984649999999996,3.615184949757452,-0.17233108743878267,36.99291309653817,-0.274,3.8502260669703983,3.346703933029601,0.27814285714285714,4644.76,3128128.0000000014,3.405,3.72,3.679
2023-12-19,3.55,3.675,3.3505,3.59,10437.0,3.5981899999999998,3.612786383113885,-0.15437038714629114,45.80388635931589,-0.13500000000000023,3.849976717596189,3.3464032824038106,0.28132142857142856,4669.28,3138565.0000000014,3.405,3.5,3.725
2023-12-20,3.35,3.6,3.3,3.5,9093.0,3.5916399999999995,3.6020448228173243,-0.1457173559264171,39.32729577353848,-0.1995,3.8466282754785937,3.3366517245214053,0.27435714285714285,4796.7699999999995,3129472.0000000014,3.59,3.4005,3.6995
2023-12-21,3.6,3.6,3.2575,3.3005,2360.0,3.5716900000000003,3.5733262682632936,-0.15318870116594985,33.55408353954587,-0.1995,3.8522942420056183,3.291085757994382,0.27992857142857147,4769.26,3127112.0000000014,3.5,3.4,3.5
2023-12-22,3.6,3.6,3.25,3.492,6208.4,3.56219,3.565580909381075,-0.14202292639744885,43.69095775190729,-0.028000000000000025,3.8399199779129862,3.284460022087014,0.2870714285714286,4880.36,3133320.4000000013,3.3005,3.405,3.52
2023-12-26,3.45,3.599,3.25,3.3835,5557.0,3.552915,3.5482398703924014,-0.14031011193518728,38.944641926044035,-0.3365,3.841851141369408,3.2639788586305922,0.2913571428571429,4944.1900000000005,3127763.4000000013,3.492,3.405,3.72
2023-12-27,3.492,3.492,3.0,3.15,9190.6,3.5275000000000007,3.510312263688363,-0.15599303916641372,34.32239630213208,-0.3500000000000001,3.8630640969440324,3.191935903055969,0.30760714285714297,5192.5,3118572.800000001,3.3835,3.59,3.5
2023-12-28,3.3,4.6495,3.15,3.7505,81902.2,3.5307749999999998,3.533187286194233,-0.11860622089941142,55.8161129410608,0.3500000000000001,3.8740023260805287,3.187547673919471,0.38375000000000004,9152.460000000001,3200475.0000000014,3.15,3.5,3.4005
2023-12-29,3.9255,3.975,3.255,3.45,272118.2,3.5159,3.525264687509068,-0.11193125767583378,48.562037518542105,0.050000000000000266,3.845078658897646,3.1867213411023534,0.4123928571428572,22387.829999999998,2928356.800000001,3.7505,3.3005,3.4
2024-01-02,3.199,3.622,3.199,3.251,22795.2,3.491075,3.499144241079633,-0.1212986862990113,40.36169315040538,-0.15399999999999991,3.8215964819039283,3.1605535180960715,0.41975000000000007,23490.08,2905561.600000001,3.45,3.492,3.405
2024-01-03,3.485,3.485,3.1505,3.4135,13634.2,3.4778,3.4909876466910963,-0.114293997988685,48.17933038328325,0.008500000000000174,3.7976975822944956,3.157902417705504,0.42296428571428585,23983.4,2919195.800000001,3.251,3.3835,3.405
2024-01-04,3.325,3.4135,3.0075,3.15,29138.8,3.4490499999999997,3.458512632720516,-0.12852120617893625,45.06792650878087,-0.43999999999999995,3.7786118941947504,3.119488105805249,0.43410714285714297,25410.93,2890057.0000000014,3.4135,3.15,3.59
2024-01-05,3.297,3.297,3.11,3.15,3356.4,3.421575,3.4291304772233238,-0.138203212563492,45.076801641955406,-0.3500000000000001,3.7548239625679285,3.088326037432071,0.44032142857142864,25555.45,2890057.0000000014,3.15,3.7505,3.5
2024-01-08,3.15,3.374,2.7,2.9895,124544.2,3.3960500000000002,3.3872609079639595,-0.157016091693587,42.289849474092456,-0.31099999999999994,3.778567546897106,3.0135324531028944,0.46975000000000006,31188.97,2765512.800000001,3.15,3.45,3.3005
2024-01-09,2.986,2.9995,2.772,2.85,13234.4,3.36255,3.3360932024435823,-0.1810934010585541,40.20818611047474,-0.6419999999999999,3.8110282339375665,2.914071766062434,0.47353571428571445,31642.200000000004,2752278.4000000013,2.9895,3.251,3.492
2024-01-10,2.77,2.95,2.77,2.9035,6534.2,3.321725,3.294893849829908,-0.19362612731594053,37.29879721658348,-0.48,3.7817028570185056,2.861747142981494,0.4632142857142858,31652.710000000003,2758812.6000000015,2.85,3.4135,3.3835
2024-01-11,2.8975,2.9925,2.8,2.8925,11459.6,3.29135,3.2565706260365834,-0.20211604400820304,38.42195519805323,-0.25749999999999984,3.781033582046901,2.801666417953099,0.4555357142857144,31938.670000000006,2747353.0000000014,2.9035,3.15,3.15
2024-01-12,3.0,3.0,2.786,2.995,1491.4,3.2710749999999997,3.231659137842623,-0.19828824678503976,43.954086437618365,-0.7555000000000001,3.7750989421004664,2.767051057899533,0.44635714285714295,31573.23,2748844.4000000013,2.8925,3.15,3.7505
2024-01-16,2.895,2.9465,2.75,2.898,9126.2,3.245975,3.199882077095707,-0.20076695971799374,37.787828729839816,-0.552,3.772463613861956,2.719486386138044,0.43539285714285725,31951.310000000005,2739718.200000001,2.995,2.9895,3.45
2024-01-17,2.844,2.844,2.7075,2.8,4085.0,3.215725,3.1617980697532584,-0.20823822361557642,37.95168262179494,-0.45100000000000007,3.772398813117246,2.659051186882754,0.42021428571428576,31988.180000000004,2735633.200000001,2.898,2.85,3.251
2024-01-18,2.9305,2.9305,2.7075,2.8,1133.4,3.185475,3.1273411107291387,-0.21171866830417851,42.00182788481463,-0.6135000000000002,3.764159213039392,2.6067907869606075,0.4010000000000001,31869.97000000001,2735633.200000001,2.8,2.9035,3.4135
2024-01-19,2.8,2.8,2.5505,2.747,2721.6,3.143325,3.091118147802554,-0.21626045644037584,19.414812391461524,-0.403,3.720750436061224,2.565899563938776,0.3117142857142858,31484.200000000004,2732911.600000001,2.8,2.8925,3.15
2024-01-22,2.7425,2.8,2.55,2.7125,4670.2,3.10395,3.055059276583263,-0.22010632258877827,23.172062332187068,-0.4375,3.6863463110785157,2.5215536889214847,0.27814285714285714,31263.060000000005,2728241.400000001,2.747,2.995,3.15
2024-01-23,2.768,2.8,2.56,2.607,1956.0,3.069275,3.012386964527714,-0.22902671397966445,24.863387706411075,-0.38249999999999984,3.6840768486942466,2.454473151305754,0.26507142857142857,31242.860000000004,2726285.400000001,2.7125,2.898,2.9895
2024-01-24,2.8,2.8,2.6085,2.722,738.4,3.0307749999999998,2.984731063144122,-0.2242321806676424,21.970003804150736,-0.1280000000000001,3.6303660426457527,2.431183957354247,0.25485714285714284,30969.360000000004,2727023.8000000007,2.607,2.8,2.85
2024-01-25,2.8,2.8,2.6675,2.6675,1589.8,2.9949749999999997,2.95451858093992,-0.22226783620078283,26.45192740817278,-0.2360000000000002,3.5913836796466523,2.398566320353347,0.23532142857142854,30771.000000000007,2725434.000000001,2.722,2.8,2.9035
2024-01-26,2.695,2.7333,2.695,2.7333,925.2,2.97414,2.9334501446599277,-0.2129470119542578,30.89058017750331,-0.15920000000000023,3.5768269394199086,2.371453060580091,0.22469999999999996,30357.730000000003,2726359.200000001,2.6675,2.747,2.8925
2024-01-29,2.8,2.9,2.7,2.755,4129.2,2.924365,2.9164548927875535,-0.2014866152835162,37.67735099581406,-0.2400000000000002,3.4101820167763184,2.4385479832236814,0.1908428571428571,26469.079999999998,2730488.4000000013,2.7333,2.7125,2.995
2024-01-30,2.9,2.9,2.7368,2.8985,1468.4,2.89679,2.9147449029982626,-0.1787645542960692,52.53793748243733,0.0004999999999997229,3.314869709851413,2.4787102901485873,0.18624999999999994,12936.590000000004,2731956.800000001,2.755,2.607,2.898
2024-01-31,2.8995,2.8995,2.7,2.7,5144.8,2.86924,2.8942930074746185,-0.17475950345243518,40.754202116711646,-0.09999999999999964,3.2608190134691104,2.4776609865308896,0.18764285714285706,12054.070000000003,2726812.0000000014,2.8985,2.722,2.8
2024-02-01,2.865,2.865,2.65,2.825,4309.0,2.839815,2.8876936734294167,-0.15965880897262874,47.221078088847186,0.025000000000000355,3.1360221485330384,2.543607851466962,0.18924999999999992,11587.810000000003,2731121.0000000014,2.7,2.6675,2.8
2024-02-02,2.8475,2.8475,2.5575,2.7585,3723.4,2.82024,2.8753895140551866,-0.1513130267756888,39.96605807422587,0.011500000000000288,3.0795883688420282,2.560891631157972,0.19467857142857134,10317.040000000003,2727397.6000000015,2.825,2.7333,2.747
2024-02-05,2.693,2.693,2.6025,2.615,4060.8,2.7934900000000003,2.8505905127165976,-0.15449699266242822,38.448979152419824,-0.0974999999999997,3.0175966653931843,2.5693833346068162,0.18710714285714278,10352.260000000004,2723336.8000000017,2.7585,2.755,2.7125
2024-02-06,2.5975,2.642,2.5575,2.6245,2978.2,2.77524,2.8290580829340644,-0.1544730770983027,42.27892600800266,0.017499999999999627,2.991446279669184,2.559033720330816,0.18339285714285708,4273.960000000003,2726315.000000002,2.615,2.8985,2.607
2024-02-07,2.645,2.75,2.5755,2.7495,34877.0,2.770215,2.8214811226546295,-0.14272262715879336,47.998414053128975,0.027499999999999858,2.9837604915172333,2.5566695084827664,0.17992857142857138,5356.090000000004,2761192.000000002,2.6245,2.7,2.722
2024-02-08,3.0,3.25,2.625,3.1155,58739.8,2.780815,2.8494829204970458,-0.10269386827085869,61.70212711093696,0.44799999999999995,3.0386675100660003,2.5229624899339997,0.20674999999999996,7966.370000000003,2819931.8000000017,2.7495,2.825,2.6675
2024-02-09,2.9,3.15,2.9,3.125,10385.4,2.79244,2.87572264235447,-0.06940418484537236,63.310744829719006,0.39170000000000016,3.0894796280490993,2.495400371950901,0.20674999999999996,7912.660000000002,2830317.2000000016,3.1155,2.7585,2.7333
2024-02-12,2.89,2.89,2.6435,2.8465,7571.8,2.785015,2.872939533558806,-0.06474780309077932,56.952104036383474,0.09149999999999991,3.067818217989526,2.502211782010474,0.2072142857142857,8216.680000000004,2822745.400000002,3.125,2.615,2.755
2024-02-13,2.9,2.9005,2.65,2.65,5208.4,2.772615,2.851707197029396,-0.07603677946419207,48.00443421726049,-0.24849999999999994,3.056305760289532,2.4889242397104683,0.21142857142857144,8020.790000000004,2817537.000000002,2.8465,2.6245,2.8985
2024-02-14,3.104,3.25,2.6575,3.1185,503818.8,2.78854,2.877116035407549,-0.046642138178411674,60.166816572436694,0.41849999999999987,3.1117139007179127,2.465366099282087,0.24428571428571427,33007.48,3321355.8000000017,2.65,2.7495,2.7
2024-02-15,2.95,3.13,2.657,2.995,78861.6,2.79829,2.888343079654449,-0.03293235680642592,55.74987881509061,0.16999999999999993,3.134425830314206,2.4621541696857943,0.2753357142857143,36893.89,3242494.2000000016,3.1185,3.1155,2.825
2024-02-16,3.4255,4.54,2.85,4.25,1572821.6,2.87344,3.0180246911159303,0.07829713070650435,71.30236506177455,1.4914999999999998,3.603049912790439,2.143830087209561,0.38176428571428567,115398.89000000001,4815315.800000002,2.995,3.125,2.7585
2024-02-20,3.3325,3.67,3.0,3.2465,87732.8,2.90014,3.0397842443429846,0.08449994919257531,53.9826045420562,0.6315,3.6438978479727253,2.1563821520272746,0.4179642857142857,119552.01999999999,4727583.000000002,4.25,2.8465,2.615
2024-02-21,3.08,3.099,2.875,2.98,36617.6,2.91879,3.03409050678651,0.06713767497746082,53.15528493482668,0.35550000000000015,3.650201736301768,2.187378263698232,0.41971428571428565,121285.1,4690965.400000002,3.2465,2.65,2.6245
2024-02-22,2.9,2.95,2.801,2.945,13236.2,2.9299399999999998,3.025605696616366,0.0499776527893534,51.38026208435158,0.1955,3.6554959128949394,2.20438408710506,0.41500000000000004,121909.99000000002,4677729.200000002,2.98,3.1185,2.7495
2024-02-23,2.8175,2.944,2.7,2.7065,18222.0,2.93189,2.995214677890998,0.016938151478287367,49.424651318445434,-0.4089999999999998,3.654680454892825,2.209099545107175,0.41171428571428564,122741.60000000002,4659507.200000002,2.945,2.995,3.1155
2024-02-26,2.8,2.825,2.7,2.7,14076.8,2.930225,2.9670989942823316,-0.009659037690354033,50.969876605755765,-0.4249999999999998,3.655092064037457,2.2053579359625433,0.41417857142857134,123399.18000000001,4645430.400000002,2.7065,4.25,3.125
2024-02-27,2.7505,2.825,2.65,2.75,14531.2,2.9299749999999998,2.946422899588776,-0.026398637289564153,51.41888056079947,-0.09649999999999981,3.655099923901478,2.2048500760985217,0.42064285714285715,123919.28000000003,4659961.600000002,2.7,3.2465,2.8465
2024-02-28,2.75,2.925,2.655,2.784,7846.2,2.92425,2.9309540520088926,-0.03650063358211364,50.39824524862624,0.1339999999999999,3.6522236475854837,2.196276352414516,0.42746428571428574,124238.17,4667807.800000003,2.75,2.98,2.65
2024-02-29,2.7845,2.8245,2.695,2.7935,11369.8,2.928925,2.917863189912808,-0.043241509975857184,45.94968537275582,-0.3250000000000002,3.6520195395713215,2.2058304604286785,0.3920714285714286,124549.42000000001,4679177.600000002,2.784,2.945,3.1185
2024-03-01,2.725,2.85,2.65,2.6585,14757.2,2.9206000000000003,2.8931619337306356,-0.05879921607954497,44.31166915733121,-0.3365,3.6525124624103253,2.1886875375896753,0.3885,125071.83,4664420.400000002,2.7935,2.7065,2.995
2024-03-04,2.75,2.8635,2.65,2.6505,9059.4,2.9152,2.870051273375337,-0.07095639775216434,47.441253090293074,-1.5995,3.6537119747452116,2.1766880252547884,0.3861428571428572,125338.63000000003,4655361.000000002,2.6585,2.7,4.25
2024-03-05,2.763,2.763,2.5515,2.559,16181.2,2.9124,2.840427342577686,-0.08697174655322648,48.77852330660421,-0.6875,3.6561106539791344,2.1686893460208654,0.38335714285714284,125944.65,4639179.800000002,2.6505,2.75,3.2465
2024-03-06,2.715,2.715,2.6,2.6505,8919.6,2.9137,2.8223390242369537,-0.09122913726159299,43.010752508318234,-0.3294999999999999,3.6553798429738067,2.172020157026193,0.34925,126241.72000000002,4648099.400000001,2.559,2.784,2.98
2024-03-07,2.75,2.8995,2.65,2.8235,33978.4,2.9173999999999998,2.822449593357244,-0.0797245341423336,47.476085161246445,-0.12149999999999972,3.6563641825947055,2.178435817405294,0.3332857142857143,126196.79000000001,4682077.800000002,2.6505,2.7935,2.945
2024-03-08,2.8,3.0,2.706,2.706,16927.6,2.896925,2.811359155894649,-0.07917560026329706,15.84070786647348,-0.000500000000000167,3.6354705318607956,2.1583794681392043,0.23357142857142862,124106.18000000001,4665150.200000002,2.8235,2.6585,2.7065
2024-03-11,2.805,2.95,2.75,2.803,7193.4,2.8808249999999997,2.8105630458094444,-0.07010537122069005,33.616549338284656,0.10299999999999976,3.6124424780652062,2.1492075219347933,0.2000000000000001,123946.58,4672343.600000002,2.706,2.6505,2.7
2024-03-12,2.803,2.999,2.75,2.815,5635.6,2.87925,2.8109856128752115,-0.061242882666751264,42.49317507288038,0.06499999999999995,3.6113140969923534,2.1471859030076463,0.20178571428571437,123849.77000000002,4677979.200000002,2.803,2.559,2.75
2024-03-13,2.799,2.85,2.655,2.7,7525.0,2.88175,2.8004155545061438,-0.06277517599422389,39.609838376134235,-0.08399999999999963,3.6108532343336273,2.1526467656663724,0.20507142857142865,123965.60000000002,4670454.200000002,2.815,2.6505,2.784
2024-03-14,2.7005,2.793,2.584,2.61,9122.2,2.856325,2.7822807397912728,-0.07043977205926355,45.31780627418796,-0.1835,3.5861308339470335,2.1265191660529665,0.20257142857142868,99230.77,4661332.000000002,2.7,2.8235,2.7935
2024-03-15,2.6655,2.77,2.585,2.671,3919.2,2.8401249999999996,2.771682574096866,-0.07077597948282088,48.663593842128726,0.012499999999999734,3.5713524377985553,2.108897562201444,0.206857142857143,95483.65000000001,4665251.200000002,2.61,2.706,2.6585
2024-03-18,2.75,2.75,2.55,2.65,6813.8,2.760125,2.760093757516212,-0.07190803558680958,45.265150915045346,-0.000500000000000167,3.0713854046030455,2.4488645953969543,0.20864285714285727,17183.260000000013,4658437.400000002,2.671,2.803,2.6505
2024-03-19,2.5585,2.7475,2.55,2.5525,7103.6,2.725425,2.740322923467049,-0.07975327059154314,39.6605622552498,-0.00649999999999995,2.951447885427139,2.499402114572861,0.20346428571428585,13151.800000000012,4651333.800000003,2.65,2.815,2.559
2024-03-20,2.553,2.6375,2.553,2.5555,2658.4,2.7042,2.722720740279711,-0.08475163683465992,39.30817560618647,-0.0950000000000002,2.908220741979492,2.500179258020508,0.20025000000000012,11453.840000000013,4653992.200000003,2.5525,2.7,2.6505
2024-03-21,2.6357,2.705,2.5665,2.57,3151.0,2.6854500000000003,2.7081759078721195,-0.0865452116623473,45.54156107044648,-0.2535000000000003,2.863574704985815,2.5073252950141858,0.19585714285714298,10949.580000000013,4657143.200000003,2.5555,2.61,2.8235
2024-03-22,2.6,2.6505,2.5375,2.5375,5015.0,2.677,2.691921059503346,-0.0895567518912519,44.444443832623186,-0.16849999999999987,2.8665856978837616,2.4874143021162385,0.18867857142857153,10289.230000000012,4652128.200000003,2.57,2.671,2.706
2024-03-25,2.65,2.6505,2.5025,2.503,1231.8,2.6671500000000004,2.6739285776458845,-0.0936477631975765,47.08333264670139,-0.2999999999999998,2.871592528277237,2.4627074717227635,0.18414285714285725,9646.980000000012,4650896.400000003,2.5375,2.65,2.803
2024-03-26,2.5,2.5445,2.003,2.245,51909.8,2.6419,2.6330782369177053,-0.11636692757278855,32.00177501284965,-0.5699999999999998,2.916099236054004,2.3677007639459964,0.214607142857143,11515.910000000013,4598986.600000003,2.503,2.5525,2.815
2024-03-27,2.152,2.3525,2.102,2.28,8806.4,2.6167000000000002,2.599451738163638,-0.13004870413668268,22.508851476859917,-0.4200000000000004,2.926269548345967,2.3071304516540336,0.21467857142857155,11563.920000000013,4607793.000000004,2.245,2.5555,2.7
2024-03-28,2.15,2.352,2.15,2.15,5329.0,2.584525,2.556646810719482,-0.14965636552203287,22.227771916894255,-0.45999999999999996,2.946116289339613,2.2229337106603873,0.208107142857143,11261.880000000012,4602464.000000004,2.28,2.57,2.61
2024-04-01,2.3,2.35,2.055,2.151,6392.0,2.55915,2.5180137811271504,-0.16323323521200983,13.977900336253398,-0.52,2.9671355647600772,2.1511644352399224,0.21489285714285725,10843.620000000014,4608856.000000004,2.15,2.5375,2.671
2024-04-02,2.245,2.245,2.1125,2.236,6397.8,2.5384249999999997,2.4911553257817074,-0.16522955585282517,20.398772714127972,-0.4139999999999997,2.9683916174312035,2.108458382568796,0.20657142857142868,10710.540000000012,4615253.800000004,2.151,2.503,2.65
2024-04-03,2.245,2.245,2.051,2.15,5133.8,2.517975,2.458664342373926,-0.171771058746637,21.022128246248855,-0.4025000000000003,2.9814232285285853,2.0545267714714144,0.2065000000000001,10158.170000000013,4610120.000000004,2.236,2.245,2.5525
2024-04-04,2.0885,2.2455,2.057,2.245,10594.0,2.4977,2.438315357385933,-0.16736032176302418,30.87002051134141,-0.3104999999999998,2.9720874055308424,2.0233125944691577,0.20503571428571438,10241.890000000012,4620714.000000004,2.15,2.28,2.5555
2024-04-05,2.24,2.2495,2.1772,2.2485,8952.2,2.4689500000000004,2.4202377043015586,-0.1617181737468112,26.436140133735663,-0.3214999999999999,2.9296999493102978,2.008200050689703,0.19698571428571435,8990.580000000013,4629666.200000004,2.245,2.15,2.57
2024-04-08,2.1795,2.367,2.17,2.2715,23905.2,2.447225,2.406072208653791,-0.1536199886442926,28.937116967034342,-0.266,2.9018467021934073,1.9926032978065926,0.19677142857142862,9339.460000000012,4653571.400000004,2.2485,2.151,2.5375
2024-04-09,2.2,2.52,2.2,2.441,36937.2,2.429125,2.4093986649724775,-0.1320032435202121,44.25553774386651,-0.06200000000000028,2.8518093882913482,2.0064406117086517,0.2055214285714286,10826.650000000012,4690508.600000004,2.2715,2.236,2.503
2024-04-10,2.4425,2.65,2.405,2.639,35179.2,2.4203249999999996,2.4312654587846225,-0.0977678753034743,53.58215293852411,0.3939999999999997,2.8156247896333593,2.02502521036664,0.2169857142857143,12303.830000000013,4725687.8000000045,2.441,2.15,2.245
2024-04-11,2.359,2.5,2.359,2.38,7649.4,2.404325,2.426383034138468,-0.09049208573270118,43.26241091796188,0.10000000000000009,2.777231687213288,2.031418312786712,0.21716428571428573,12310.050000000012,4718038.400000004,2.639,2.245,2.28
2024-04-12,2.297,2.639,2.2835,2.5195,11330.6,2.3998,2.435251316601471,-0.07263223304923239,49.40672334100584,0.36949999999999994,2.76429985921587,2.03530014078413,0.23448571428571427,12420.470000000012,4729369.000000004,2.38,2.2485,2.15
2024-04-15,2.497,2.55,2.354,2.354,13837.4,2.38395,2.4275130959727593,-0.07101402555680147,45.47936854568497,0.2030000000000003,2.725651454797158,2.042248545202842,0.2379142857142857,12916.380000000012,4715531.600000003,2.5195,2.2715,2.151
2024-04-16,2.2015,2.3535,2.15,2.255,10787.4,2.3642,2.411083277308687,-0.07683435455473742,50.33579536286021,0.018999999999999684,2.686250568111625,2.0421494318883746,0.21377142857142853,13115.060000000012,4704744.200000003,2.354,2.441,2.236
2024-04-17,2.2875,2.4414,2.15,2.4238,2311329.4,2.357765,2.412294393755479,-0.06705331506522638,54.43061328442903,0.27380000000000004,2.6689328462281794,2.046597153771821,0.21669285714285708,128326.35,7016073.600000003,2.255,2.639,2.15
2024-04-18,7.35,7.4,3.5,4.0,11733185.6,2.42999,2.5635044514930523,0.06711073291043235,80.1401104196932,1.755,3.226486068381594,1.6334939316184063,0.4808357142857143,714852.71,18749259.200000003,2.4238,2.38,2.245
2024-04-19,3.5,3.75,3.03,3.75,432438.0,2.4889900000000003,2.6765040275413328,0.15151720796863133,74.09584055535208,1.5015,3.4801755780353303,1.4978044219646702,0.5111928571428571,736317.0599999999,18316821.200000003,4.0,2.5195,2.2485
2024-04-22,3.2,3.555,3.071,3.45,122240.2,2.5346149999999996,2.7501703106326345,0.19198932947865854,67.18086585323178,1.1785,3.615178812431644,1.454051187568355,0.5363,742178.32,18194581.000000004,3.75,2.354,2.2715
2024-04-23,3.0145,3.2,2.2765,2.55,199868.2,2.536965,2.7311064715247646,0.14971549556426744,54.60087399024333,0.10899999999999999,3.617443740432353,1.4564862595676469,0.5884071428571429,752110.1399999999,17994712.800000004,3.45,2.255,2.441
2024-04-24,2.4,2.6645,2.325,2.5,51677.0,2.549715,2.709096331379549,0.11090020819688817,52.96373762401387,-0.1389999999999998,3.621671849632322,1.477758150367678,0.5991928571428572,752098.5,17943035.800000004,2.55,2.4238,2.639
2024-04-25,2.5,2.587,2.35,2.36,67491.6,2.553715,2.6758490617243536,0.06805746251404665,51.256054811854284,-0.020000000000000018,3.6220250442434994,1.4854049557565008,0.6109571428571429,755032.76,17875544.200000003,2.5,4.0,2.38
2024-04-26,2.3605,2.5575,2.3605,2.5005,42135.4,2.57124,2.659149151083939,0.044923599518734925,52.51316928551704,-0.018999999999999684,3.623036827288762,1.5194431727112383,0.6109571428571429,756873.08,17917679.6,2.36,3.75,2.5195
2024-04-29,2.495,2.824,2.462,2.702,64645.4,2.59879,2.66323018431404,0.04236089845701807,52.84437647344785,0.34799999999999986,3.6329568559254377,1.5646231440745626,0.6139571428571429,759785.75,17982325.0,2.5005,3.45,2.354
2024-04-30,2.7,2.7065,2.55,2.65,14550.0,2.61949,2.6619701667603217,0.03572219172187374,50.12381794197806,0.395,3.6395587528944047,1.5994212471055949,0.6076357142857143,760193.36,17967775.0,2.702,2.55,2.255
2024-05-01,2.74,2.74,2.5525,2.581,14875.8,2.64104,2.654258722306958,0.024609562894112536,52.36359343059965,0.1572,3.6372791181998156,1.644800881800184,0.6109571428571429,760680.46,17952899.2,2.65,2.5,2.4238
2024-05-02,2.7,2.744,2.505,2.651,33873.4,2.66134,2.6539483678015334,0.021206680983127946,51.57202612743374,-1.3490000000000002,3.639990900394044,1.6826890996059563,0.6026357142857144,761844.4299999999,17986772.599999998,2.581,2.36,4.0
2024-05-03,2.6435,2.699,2.5,2.59,37293.4,2.6784149999999998,2.6478580470585302,0.013432837831381494,52.8935751004144,-1.1600000000000001,3.6384774919901215,1.7183525080098778,0.6028500000000001,763261.49,17949479.2,2.651,2.5005,3.75
2024-05-06,2.534,2.645,2.5,2.55,11730.8,2.69234,2.638538233052956,0.00399825654748609,53.67006699393359,-0.9000000000000004,3.635481718211821,1.7491982817881793,0.5986714285714286,762652.7699999999,17937748.4,2.59,2.702,3.45
2024-05-07,2.56,2.565,2.45,2.4658,27110.2,2.69358,2.6220869727621983,-0.010155881672921474,50.53375337853993,-0.08419999999999961,3.6353946260781385,1.7517653739218613,0.5860714285714287,762161.42,17910638.2,2.55,2.65,2.55
2024-05-08,2.45,2.55,2.45,2.5035,19103.0,2.686805,2.6107929753562744,-0.01812216265501343,18.769564563306517,0.0034999999999998366,3.63221537255061,1.7413946274493903,0.31464285714285717,761357.61,17929741.2,2.4658,2.581,2.5
2024-05-09,2.485,2.5985,2.4,2.5195,37681.6,2.69378,2.6020984062747243,-0.02288067739201516,21.541236735474655,0.15949999999999998,3.6316883461000744,1.755871653899925,0.2773928571428571,762859.22,17967422.8,2.5035,2.651,2.36
2024-05-10,2.55,2.8695,2.4845,2.8,92376.8,2.7078049999999996,2.620946177105703,-0.003972044312230416,34.83009685977345,0.29949999999999966,3.643125656470827,1.7724843435291722,0.27032142857142855,766911.53,18059799.6,2.5195,2.59,2.5005
2024-05-13,3.2,3.3455,2.9025,3.1745,268550.8,2.74883,2.673665588809922,0.04076231777545258,69.31164514171377,0.47250000000000014,3.690763364723277,1.8068966352767228,0.23599999999999996,779647.2,18328350.400000002,2.8,2.55,2.702
2024-05-14,3.7,4.25,2.84,3.19,1057450.0,2.7955799999999997,2.7228402946375483,0.07658254637550987,71.80232494613718,0.54,3.727068266106827,1.8640917338931726,0.3124642857142857,831980.33,19385800.400000002,3.1745,2.4658,2.65
2024-05-15,3.05,3.77,2.82,3.48,900204.0,2.8483899999999998,2.7949507427673055,0.1269079933353363,82.32509746447047,0.899,3.8103908532658255,1.886389146734174,0.3633928571428572,761424.0599999999,20286004.400000002,3.19,2.5035,2.581
2024-05-16,3.27,3.4254,2.54,2.78,330142.0,2.78739,2.7935268625037524,0.10905006643887871,56.09756063293954,0.129,3.5820986057165647,1.992681394283435,0.4125642857142857,191271.88,19955862.400000002,3.48,2.5195,2.651
2024-05-17,2.76,3.15,2.72,2.92,321716.0,2.74589,2.8055719232176806,0.1049841676198442,54.88701543740216,0.33000000000000007,3.4038678908459405,2.08791210915406,0.41742142857142855,185735.78,20277578.400000002,2.78,2.8,2.59
2024-05-20,3.03,3.58,2.93,3.18,663000.0,2.73239,2.841231740054092,0.12134297273497818,60.86778180276045,0.6300000000000003,3.338581978970679,2.126198021029321,0.45267142857142856,212773.77000000002,20940578.400000002,2.92,3.1745,2.55
2024-05-21,3.08,3.39,2.87,3.21,520240.0,2.7653899999999996,2.876352526715607,0.13517003668576377,63.107443159329755,0.7441999999999998,3.400924022941145,2.1298559770588543,0.47642142857142844,228792.36000000002,21460818.400000002,3.18,3.19,2.4658
2024-05-22,3.08,3.39,2.99,2.99,177238.0,2.7898899999999998,2.887176095599835,0.126912950740385,56.648622894374874,0.4865000000000004,3.420103731163749,2.1596762688362503,0.4879214285714285,235070.41,21283580.400000002,3.21,3.48,2.5035
2024-05-23,2.98,3.08,2.6301,2.69,147644.0,2.8063899999999995,2.868397419828422,0.0950657999340816,51.79314276104433,0.1705000000000001,3.4057373640025523,2.2070426359974467,0.5058428571428571,239078.02999999997,21135936.400000002,2.99,2.78,2.5195
2024-05-24,3.39,3.83,2.72,3.18,12697466.0,2.8403650000000003,2.8980738560352393,0.10811927447244862,59.727025433492365,0.38000000000000034,3.4437260641974174,2.237003935802583,0.5747714285714285,871844.5599999999,33833402.400000006,2.69,2.92,2.8
2024-05-28,3.04,3.29,2.99,3.11,315902.0,2.860765,2.9182572983175974,0.11153018186768149,59.990074796891925,-0.06450000000000022,3.471966867849832,2.2495631321501675,0.5879857142857142,884407.39,33517500.400000006,3.18,3.18,3.1745
2024-05-29,2.84,3.35,2.77,3.29,766716.0,2.892765,2.9536613651444927,0.1272905196457672,61.68127109355776,0.10000000000000009,3.5241857014427795,2.26134429855722,0.6222714285714286,922015.6900000001,34284216.400000006,3.11,3.21,3.19
2024-05-30,3.31,3.49,2.72,2.92,699121.0,2.909715,2.950455520845017,0.10867209020085555,55.38234087478759,-0.56,3.523861522119555,2.295568477880445,0.6630928571428572,956227.95,33585095.400000006,3.29,2.99,3.48
2024-05-31,2.87,2.89,2.59,2.6,219428.0,2.907165,2.917078804574063,0.06731950874948156,47.340425355647355,-0.17999999999999972,3.526238270980157,2.288091729019843,0.6570214285714285,965505.6799999999,33365667.400000006,2.92,2.69,2.78
2024-06-03,2.62,2.77,2.5189,2.56,170730.0,2.905665,2.883071299376533,0.030962705651337075,41.03050632771067,-0.3599999999999999,3.528110186003485,2.283219813996515,0.6433142857142856,972177.51,33194937.400000006,2.6,3.18,2.92
2024-06-04,2.52,2.54,2.28,2.48,104400.0,2.9021649999999997,2.844683556578768,-0.0042565866325317,39.82808006945756,-0.7000000000000002,3.533750914562421,2.2705790854375785,0.5611714285714285,976810.97,33090537.400000006,2.56,3.11,3.18
2024-06-05,2.41,2.495,2.32,2.37,59737.0,2.897375,2.7994755988093614,-0.04057646961444217,33.23262825823058,-0.8399999999999999,3.544165446419018,2.2505845535809814,0.5058142857142858,978442.3099999999,33030800.400000006,2.48,3.29,3.21
2024-06-06,2.3575,2.63,2.18,2.56,119866.0,2.9002000000000003,2.7766683989227556,-0.05341311376776359,46.07142834107144,-0.43000000000000016,3.5402048848497527,2.260195115150248,0.47471428571428564,983480.46,33150666.400000006,2.37,2.92,2.99
2024-06-07,2.51,2.5322,2.34,2.4,37316.0,2.894225,2.7407952180729693,-0.0756251495492326,40.78014164151703,-0.29000000000000004,3.5512010449850333,2.237248955014967,0.45772857142857143,983462.1799999999,33113350.400000006,2.56,2.6,2.69
2024-06-10,2.31,2.4548,2.29,2.29,31219.0,2.8687250000000004,2.697862340161258,-0.10094084515735302,33.33333315855181,-0.8900000000000001,3.5785637863674014,2.1588862136325995,0.4230714285714286,980404.29,33082131.400000006,2.4,2.56,3.18
2024-06-11,2.28,2.41,2.28,2.34,10584.0,2.827,2.6637802125268526,-0.1156361526829146,33.82899610646619,-0.77,3.558921767461644,2.095078232538356,0.3952142857142858,967505.95,33092715.400000006,2.29,2.48,3.11
2024-06-12,2.46,2.59,2.35,2.38,80251.0,2.7864999999999998,2.6367535256195334,-0.12264089621812735,37.84860536658148,-0.9100000000000001,3.5234717555110366,2.049528244488963,0.38378571428571434,918646.0,33172966.400000006,2.34,2.37,3.29
2024-06-13,2.33,2.73,2.3201,2.63,222453.0,2.744,2.6361103327033875,-0.10678830655805616,48.78048752726552,-0.29000000000000004,3.4068931802492917,2.0811068197507088,0.3809285714285715,884758.45,33395419.400000006,2.38,2.56,2.92
2024-06-14,2.55,2.6499,2.34,2.42,49698.0,2.726,2.6155283962554456,-0.10990336212749385,32.56880713029206,-0.18000000000000016,3.404152288439519,2.047847711560481,0.3237785714285715,870736.25,33345721.400000006,2.63,2.4,2.6
2024-06-17,2.455,2.6044,2.23,2.33,46048.0,2.6965,2.588335215659689,-0.11827095981161229,32.272727067355376,-0.22999999999999998,3.3902700210482073,2.0027299789517925,0.32909285714285724,856952.85,33299673.400000006,2.42,2.29,2.56
2024-06-18,2.35,2.52,2.19,2.29,83252.0,2.652,2.559922337977814,-0.12666983589087843,25.728155164954288,-0.18999999999999995,3.3291643662710966,1.9748356337289035,0.3112357142857144,827965.45,33216421.400000006,2.33,2.34,2.48
2024-06-20,2.27,2.4,2.25,2.29,20650.0,2.6060000000000003,2.5342154486465938,-0.13180662100919127,31.360946485767315,-0.08000000000000007,3.2476229422331846,1.9643770577668163,0.2669500000000001,802985.95,33216421.400000006,2.29,2.38,2.37
2024-06-21,2.4,2.4,2.26,2.33,12653.0,2.573,2.514766358299299,-0.13113821484889154,40.425531513505355,-0.22999999999999998,3.1991696423914204,1.9468303576085793,0.2555214285714286,794756.7,33229074.400000006,2.29,2.63,2.56
2024-06-24,2.28,2.44,2.23,2.29,61992.0,2.553,2.4933600384612706,-0.13231096536429554,40.425531513505355,-0.10999999999999988,3.188911281465194,1.917088718534806,0.25258571428571436,790474.1,33167082.400000006,2.33,2.42,2.4
2024-06-25,2.35,2.52,2.15,2.23,294849.0,2.5055,2.4682781300363876,-0.1365082944497713,41.00719383158222,-0.06000000000000005,3.083499271534753,1.927500728465247,0.2604428571428572,170343.25,32872233.400000006,2.29,2.33,2.29
2024-06-26,2.16,2.2921,2.14,2.2,33707.0,2.46,2.442727831937684,-0.1406343124275531,43.51144991667153,-0.13999999999999968,2.9777684912451554,1.9422315087548445,0.2588071428571429,156233.5,32838526.400000006,2.23,2.29,2.34
2024-06-27,2.25,2.2999,2.15,2.2,50756.0,2.4055,2.4196108955626667,-0.14226427736510905,33.9285710044643,-0.17999999999999972,2.7587391466652744,2.0522608533347255,0.23737142857142862,120435.5,32838526.400000006,2.2,2.29,2.38
2024-06-28,2.2101,2.22,2.11,2.2,24238.0,2.3695,2.398695572175746,-0.14192007009281937,39.5833327560764,-0.4299999999999997,2.638726963535799,2.100273036464201,0.23150000000000007,86691.35,32838526.400000006,2.2,2.33,2.63
2024-07-01,2.2,2.2,2.12,2.19,32014.0,2.349,2.3788198033971035,-0.14083079008275945,44.18604579232018,-0.22999999999999998,2.606510347262665,2.0914896527373354,0.22544285714285722,77320.65,32806512.400000006,2.2,2.29,2.42
2024-07-02,2.13,2.22,2.11,2.13,23571.0,2.3274999999999997,2.355122679264046,-0.14315878102988933,37.931033872374165,-0.20000000000000018,2.5826263876673288,2.0723736123326706,0.22401428571428578,69962.7,32782941.400000006,2.19,2.23,2.33
2024-07-03,2.16,2.178,2.11,2.12,16570.0,2.3095000000000003,2.332730043143661,-0.1441489872505457,34.52380894841272,-0.16999999999999993,2.5700641652462908,2.04893583475371,0.21172857142857152,65571.2,32766371.400000006,2.13,2.2,2.29
2024-07-05,2.19,2.39,2.13,2.2,26426.0,2.3009999999999997,2.3200890866537884,-0.13690030000467912,17.910447386945904,-0.08999999999999986,2.564330890506045,2.0376691094939545,0.20102142857142868,63905.65,32792797.400000006,2.12,2.2,2.29
2024-07-08,2.2101,2.3,2.16,2.19,14801.0,2.2824999999999998,2.307699649829618,-0.13045873249795337,25.53191413309193,-0.14000000000000012,2.5199314305446863,2.0450685694553132,0.18888571428571435,58652.4,32777996.400000006,2.2,2.2,2.33
2024-07-09,2.17,2.26,2.17,2.2,16872.0,2.2725,2.2974425403220353,-0.12312749035256632,33.33333213675222,-0.08999999999999986,2.505907256460443,2.0390927435395567,0.16857142857142862,57630.2,32794868.400000006,2.19,2.19,2.29
2024-07-10,2.21,2.21,2.16,2.2,19008.0,2.268,2.2881622983866032,-0.1159804773847819,37.14285565714296,-0.029999999999999805,2.5034480610955505,2.032551938904449,0.1485714285714286,57019.65,32794868.400000006,2.2,2.13,2.23
2024-07-11,2.31,2.31,2.17,2.21,42653.0,2.2615000000000003,2.2807182699688315,-0.10826153016399997,38.888887376543266,0.009999999999999787,2.4957535738085452,2.0272464261914553,0.1478571428571429,58623.1,32837521.400000006,2.2,2.12,2.2
2024-07-12,2.38,2.41,1.91,2.28,2078329.0,2.2565,2.280649863305133,-0.09539612675311027,43.589742024983586,0.07999999999999963,2.4842833689228976,2.0287166310771023,0.17357142857142863,158527.0,34915850.400000006,2.21,2.2,2.2
2024-07-15,2.03,2.1174,2.0,2.04,86453.0,2.227,2.257730828704644,-0.10337455844891608,28.813558638322334,-0.16000000000000014,2.3964697613144312,2.0575302386855685,0.1669571428571429,151727.0,34829397.400000006,2.28,2.19,2.2
2024-07-16,2.02,2.1099,2.02,2.09,34058.0,2.2105,2.2417564640661065,-0.10445880485314962,37.931033567181935,-0.10000000000000009,2.364393332846837,2.0566066671531633,0.14695000000000005,150945.0,34863455.400000006,2.04,2.2,2.19
2024-07-17,2.0996,2.17,2.04,2.07,43030.0,2.1975,2.22539870558362,-0.10571331351228697,38.59649028008617,-0.06000000000000005,2.3528095381216154,2.042190461878384,0.14537142857142862,150794.1,34820425.400000006,2.09,2.2,2.13
2024-07-18,2.03,2.1,2.03,2.0301,11768.0,2.184505,2.2067988288613707,-0.10867438651239292,36.07148630103161,-0.08990000000000009,2.3503610628343687,2.0186489371656315,0.13966428571428577,147219.9,34808657.400000006,2.07,2.21,2.12
2024-07-19,2.04,2.11,1.98,2.05,11595.0,2.172505,2.1918656070650497,-0.1081683965708673,38.09145675884341,-0.15000000000000036,2.340932094644826,2.004077905355174,0.1410928571428572,146767.15,34820252.400000006,2.0301,2.28,2.2
2024-07-22,2.01,2.1363,2.0,2.11,24331.0,2.161505,2.184068882582664,-0.10175295265247009,44.11591553747746,-0.08000000000000007,2.314667252804604,2.008342747195396,0.14511428571428572,147351.05,34844583.400000006,2.05,2.04,2.19
2024-07-23,2.1,2.44,2.07,2.32,426516.0,2.163005,2.197014703289077,-0.07881489318832013,61.44854078057416,0.11999999999999966,2.3219445181225344,2.0040654818774657,0.16368571428571427,165577.25,35271099.400000006,2.11,2.09,2.2
2024-07-24,2.47,4.15,1.82,1.91,22411987.0,2.1470049999999996,2.169679969642498,-0.09265185627973382,41.46202587374502,-0.29000000000000026,2.3386167837821605,1.955393216217839,0.3252571428571428,1271434.15,12859112.400000006,2.32,2.07,2.2
2024-07-25,1.89,2.39,1.89,2.18,723728.0,2.146005,2.1706628296765462,-0.0808984586808883,49.29567496116393,-0.029999999999999805,2.336658617851776,1.9553513821482242,0.34240000000000004,1305935.2,13582840.400000006,1.91,2.0301,2.21
2024-07-26,2.01,2.1,1.7,1.86,283299.0,2.1290050000000003,2.141075893516875,-0.09629510200215474,40.461324681200985,-0.4199999999999997,2.356467066010259,1.9015429339897416,0.36097142857142867,1317562.35,13299541.400000006,2.18,2.05,2.28
2024-07-29,1.86,1.9,1.68,1.79,82960.0,2.108505,2.1076400941343154,-0.11284466468331278,38.54620597851889,-0.25,2.378880687750003,1.8381293122499973,0.37025714285714295,1320498.45,13216581.400000006,1.86,2.11,2.04
2024-07-30,1.76,1.858,1.76,1.81,41675.0,2.089505,2.079293418502476,-0.12292942559326869,39.2253284621756,-0.2799999999999998,2.3877394925160185,1.7912705074839814,0.37368571428571434,1320981.5,13258256.400000006,1.79,2.32,2.09
2024-07-31,1.89,1.89,1.75,1.81,32768.0,2.073505,2.053646426264145,-0.1294296864128146,38.88765388130506,-0.2599999999999998,2.3959451403442733,1.7510648596557266,0.3736857142857143,1321441.35,13258256.400000006,1.81,1.91,2.07
2024-08-01,1.78,1.84,1.76,1.81,13043.0,2.058005,2.0304420047151788,-0.1330475011693637,36.414614111570934,-0.22009999999999996,2.4002312746379992,1.715778725362001,0.3436857142857143,1321265.0,13258256.400000006,1.81,2.18,2.0301
2024-08-02,1.7,1.8,1.6751,1.72,41291.0,2.034005,2.000876099504209,-0.14154524774894273,39.87213536003931,-0.32999999999999985,2.4007486246351095,1.6672613753648906,0.3442214285714286,1322008.25,13216965.400000006,1.81,1.86,2.05
2024-08-05,1.58,1.675,1.54,1.54,37134.0,2.001505,1.9569831376466655,-0.16094894949024452,33.91624723661981,-0.5699999999999998,2.4213948876961027,1.581615112303897,0.34744285714285716,1323124.9,13179831.400000006,1.72,1.79,2.11
2024-08-06,1.61,1.68,1.54,1.62,287528.0,1.972505,1.9248895054898403,-0.16793533747759737,37.28669876708455,-0.6999999999999997,2.414220914778258,1.5307890852217418,0.3481571428571429,1336657.7,13467359.400000006,1.54,1.81,2.32
2024-08-07,1.67,1.6899,1.57,1.6,40680.0,1.942505,1.8939476478241413,-0.17309065185304506,37.710726025515655,-0.30999999999999983,2.400370185743317,1.484639814256683,0.3517214285714286,1337741.3,13426679.400000006,1.62,1.81,1.91
2024-08-08,1.53,1.8,1.53,1.77,139069.0,1.920505,1.8821431099361279,-0.16159591923468075,42.63157863324101,-0.41000000000000014,2.3663789282518204,1.4746310717481794,0.3617214285714286,1342562.1,13565748.400000006,1.6,1.81,2.18
2024-08-09,1.79,1.85,1.7,1.85,107243.0,1.899005,1.8790818613707825,-0.1443667592780964,43.229166351454005,-0.010000000000000009,2.3121587777937367,1.4858512222062634,0.36269999999999997,1244007.8,13672991.400000006,1.77,1.72,1.86
2024-08-12,1.85,1.85,1.7,1.71,21642.0,1.8825049999999997,1.8629788269545176,-0.14039101560595957,33.51351325989775,-0.08000000000000007,2.2982996126331,1.4667103873668992,0.3469857142857143,1240767.25,13651349.400000006,1.85,1.54,1.79
2024-08-13,1.72,1.8,1.7101,1.73,9380.0,1.864505,1.850314176768373,-0.13408077750955583,43.835616018014655,-0.08000000000000007,2.273593359905901,1.4554166400940993,0.18697857142857144,1239533.35,13660729.400000006,1.71,1.62,1.81
2024-08-14,1.75,1.76,1.55,1.6,22498.0,1.8410050000000002,1.8264747313618614,-0.13797924306636378,28.03030273301195,-0.20999999999999996,2.254365505204757,1.4276444947952434,0.16626428571428573,1238506.75,13638231.400000006,1.73,1.6,1.81
2024-08-15,1.61,1.74,1.61,1.71,12801.0,1.825,1.8153818998035889,-0.13068625462789152,43.243242697832976,-0.10000000000000009,2.2322759312929015,1.4177240687070982,0.1469785714285714,1238558.4,13651032.400000006,1.6,1.77,1.81
2024-08-16,1.67,1.76,1.65,1.67,16566.0,1.8059999999999998,1.8015360045841995,-0.1266739559386807,44.44444386831277,-0.050000000000000044,2.2044390595944385,1.4075609404055611,0.13912142857142856,1238806.95,13634466.400000006,1.71,1.85,1.72
2024-08-19,1.68,1.78,1.68,1.76,21526.0,1.7885000000000002,1.7975801946237995,-0.11490735205917701,47.82608637429112,0.21999999999999997,2.1605936497852403,1.4164063502147601,0.1392642857142857,1238666.7,13655992.400000006,1.67,1.71,1.54
2024-08-20,1.73,1.9099,1.73,1.86,168802.0,1.7655,1.8035249379929614,-0.09640180939978404,51.99999941760001,0.24,2.0444812293251364,1.4865187706748637,0.1421142857142857,1225781.0,13824794.400000006,1.76,1.73,1.62
2024-08-21,1.81,1.96,1.7799,1.93,222817.0,1.7665000000000002,1.8155701819936318,-0.07522052316660455,54.545453966942155,0.32999999999999985,2.0477958734518293,1.485204126548171,0.14926428571428568,116322.5,14047611.400000006,1.86,1.6,1.6
2024-08-22,1.98,2.0619,1.8672,1.96,127106.0,1.7555000000000003,1.8293254027561432,-0.05537512200892136,59.523808862433874,0.18999999999999995,1.9802314186452148,1.5307685813547858,0.15424999999999997,86491.4,14174717.400000006,1.93,1.71,1.77
2024-08-23,1.91,1.96,1.85,1.87,42462.0,1.7559999999999998,1.8331991739222249,-0.046375162443174744,64.10256333552488,0.020000000000000018,1.981752542679569,1.5302474573204305,0.15246428571428572,74449.55,14132255.400000006,1.96,1.67,1.85
2024-08-26,1.96,1.96,1.73,1.81,34977.0,1.7570000000000001,1.830989728786775,-0.043581744975682124,58.26086885595464,0.10000000000000009,1.9835624115244284,1.5304375884755719,0.15889285714285714,72050.4,14097278.400000006,1.87,1.76,1.71
2024-08-27,1.76,1.86,1.76,1.81,113071.0,1.7570000000000001,1.8289907069975582,-0.04089651197434141,59.29203466363851,0.08000000000000007,1.9835624115244284,1.5304375884755719,0.15747142857142857,75620.2,14097278.400000006,1.81,1.86,1.73
2024-08-28,1.84,1.9,1.75,1.81,50828.0,1.7570000000000001,1.827182068235886,-0.03832663982826556,52.08333257378473,0.20999999999999996,1.9835624115244284,1.5304375884755719,0.1489,76523.2,14097278.400000006,1.81,1.93,1.6
2024-08-29,1.76,1.8597,1.75,1.75,31650.0,1.754,1.8198313950705634,-0.040662761195573216,44.68085039837031,0.040000000000000036,1.9791923154713396,1.5288076845286604,0.14602142857142855,77453.55,14065628.400000006,1.81,1.96,1.71
2024-08-30,1.81,1.8594,1.7,1.73,21308.0,1.7545000000000002,1.811276024111462,-0.043625104019035854,51.21951132064249,0.06000000000000005,1.9794186987615894,1.529581301238411,0.1466928571428571,76454.4,14044320.400000006,1.75,1.87,1.67
2024-09-03,1.7327,1.76,1.72,1.73,6988.0,1.764,1.8035354503865608,-0.04544887570098566,49.99999912500001,-0.030000000000000027,1.965614535816757,1.562385464183243,0.14312857142857136,74947.1,14044320.400000006,1.73,1.81,1.76
2024-09-04,1.73,1.84,1.73,1.83,23751.0,1.7745000000000002,1.806055883683079,-0.03838261276792876,64.9350637544274,-0.030000000000000027,1.966165827610607,1.5828341723893933,0.13598571428571424,61758.25,14068071.400000006,1.73,1.81,1.86
2024-09-05,1.82,1.825,1.73,1.74,10981.0,1.7815,1.7997648471418333,-0.03958844536534212,51.99999902933335,-0.18999999999999995,1.955768395540285,1.6072316044597152,0.13348571428571426,60273.3,14057090.400000006,1.83,1.81,1.93
2024-09-06,1.75,1.76,1.68,1.73,17474.0,1.7794999999999999,1.7931205759854683,-0.04087975642731867,54.166665613425955,-0.22999999999999998,1.9552360460881928,1.603763953911807,0.13134285714285712,54193.55,14039616.400000006,1.74,1.75,1.96
2024-09-09,1.78,1.78,1.69,1.69,6967.0,1.7715,1.783299568748757,-0.0446164843933623,44.77611846736468,-0.18000000000000016,1.9482871155104382,1.594712884489562,0.1306285714285714,49179.75,14032649.400000006,1.73,1.73,1.87
2024-09-10,1.7,1.7893,1.7,1.761,17774.0,1.7740499999999997,1.7811758002964944,-0.04137185263690735,42.277690184262596,-0.049000000000000155,1.9485586033167235,1.5995413966832759,0.12415714285714283,48986.35,14050423.400000006,1.69,1.73,1.81
2024-09-11,1.85,2.05,1.84,1.9,184599.0,1.7825499999999999,1.7924923907444472,-0.02726996903906498,47.8873229994049,0.08999999999999986,1.964429630525176,1.6006703694748237,0.1262928571428571,57747.3,14235022.400000006,1.761,1.83,1.81
2024-09-12,1.9002,2.0299,1.65,1.66,100299.0,1.78555,1.7798740678164047,-0.03505601500280009,33.69565166115312,-0.15000000000000013,1.956396160408393,1.614703839591607,0.13952142857142852,61637.35,14134723.400000006,1.9,1.74,1.81
2024-09-13,1.72,1.77,1.71,1.77,32567.0,1.78855,1.7789336804053184,-0.03198176594440971,44.68085039837031,0.020000000000000018,1.955881344784362,1.6212186552156382,0.13594999999999996,62625.65,14167290.400000006,1.66,1.73,1.75
2024-09-16,1.77,1.79,1.72,1.77,21211.0,1.7935500000000002,1.77808285370005,-0.0292087016856164,47.72727196797522,0.040000000000000036,1.9516898115591852,1.6354101884408152,0.12452142857142855,62857.9,14167290.400000006,1.77,1.69,1.73
2024-09-17,1.78,1.96,1.78,1.92,50267.0,1.80155,1.7915987723952833,-0.01473739833139831,55.33980507305119,0.18999999999999995,1.9684870823803347,1.6346129176196653,0.13023571428571426,64294.95,14217557.400000006,1.77,1.761,1.73
2024-09-18,1.9,1.95,1.86,1.94,14638.0,1.8055499999999998,1.8057322226433516,-0.0016360934434829222,56.19047544126985,0.10999999999999988,1.9819496359943005,1.629150364005699,0.12594999999999995,56586.75,14232195.400000006,1.92,1.9,1.83
2024-09-19,1.8601,1.91,1.85,1.85,6793.0,1.80155,1.809948201439223,0.0014676194290081934,54.629628921467784,0.1100000000000001,1.9694929414382212,1.6336070585617788,0.12239999999999995,45785.55,14225402.400000006,1.94,1.66,1.74
2024-09-20,1.8,1.8361,1.79,1.8361,6265.0,1.795355,1.8124388489212018,0.002773746387014997,54.93993782553392,0.10610000000000008,1.9470421361161927,1.6436678638838074,0.11430714285714282,39743.5,14219137.400000006,1.85,1.77,1.73
2024-09-23,1.82,1.8255,1.78,1.8,8930.0,1.791855,1.811254196642992,0.0008856835038411059,53.153152482753036,0.1100000000000001,1.939465718124524,1.6442442818754759,0.11469999999999994,38066.9,14210207.400000006,1.8361,1.77,1.69
2024-09-24,1.78,1.8769,1.7317,1.81,20708.0,1.791855,1.8111347493436594,0.00019405949553918944,49.01960717031912,0.049000000000000155,1.939465718124524,1.6442442818754759,0.11721428571428565,37353.45,14230915.400000006,1.8,1.92,1.761
2024-09-25,1.8,1.94,1.8,1.9,63693.0,1.7963550000000001,1.8195981065490252,0.006829464508403049,57.84313646097656,0.0,1.9515855514556901,1.6411244485443102,0.12042857142857136,34884.55,14294608.400000006,1.81,1.94,1.9
2024-09-26,1.98,2.0862,1.8404,1.93,97002.0,1.802355,1.8301125725919751,0.014343477387131598,59.61538381286984,0.27,1.9686858620917504,1.6360241379082494,0.13227142857142848,37193.25,14391610.400000006,1.9,1.85,1.66
2024-09-27,2.0,2.125,1.92,2.05,141997.0,1.8173549999999998,1.8510542323451202,0.029639715654504517,66.07142774553571,0.2799999999999998,2.0149725410389725,1.6197374589610272,0.14048571428571419,42710.6,14533607.400000006,1.93,1.8361,1.77
2024-09-30,2.0247,2.1999,2.01,2.13,94753.0,1.8373549999999998,1.8776204959312992,0.04766793975920325,66.34189466006508,0.3599999999999999,2.074716057196959,1.5999939428030403,0.1476714285714285,46382.85,14628360.400000006,2.05,1.8,1.77
2024-10-01,2.18,2.18,1.83,1.92,44143.0,1.8468550000000001,1.8816566391759373,0.044497255628508814,50.83333274027778,0.0,2.0813158101019407,1.6123941898980596,0.15767142857142852,48240.6,14584217.400000006,2.13,1.81,1.92
2024-10-02,1.93,2.14,1.88,2.12,93497.0,1.861355,1.904356006873467,0.057460426116290764,69.82758536414984,0.18000000000000016,2.1254265570884754,1.597283442911525,0.14910714285714283,51727.9,14677714.400000006,1.92,1.9,1.94
2024-10-03,2.0,2.0,1.95,1.95,25662.0,1.871855,1.9087030538378988,0.05340068303917356,57.377048521902715,0.09999999999999987,2.132284357832458,1.6114256421675421,0.14839285714285713,52461.95,14652052.400000006,2.12,1.93,1.85
2024-10-04,1.94,2.0,1.89,1.93,48142.0,1.8818550000000003,1.9107313344247656,0.04801597626328635,56.45161226586889,0.09389999999999987,2.1345955116131963,1.6291144883868045,0.15124999999999994,53995.35,14603910.400000006,1.95,2.05,1.8361
2024-10-07,2.020503,2.020503,1.86,1.91,55159.0,1.8928549999999997,1.9106616835271688,0.04165455669520579,49.54954892460029,0.10999999999999988,2.129045462617677,1.6566645373823223,0.1498573571428571,56404.95,14548751.400000006,1.93,2.13,1.8
2024-10-08,1.8644,1.905,1.85,1.86,15106.0,1.897805,1.9058367612864862,0.032207238723860776,46.49122749923055,0.050000000000000044,2.126387289455253,1.669222710544747,0.1473573571428571,56271.55,14533645.400000006,1.91,1.92,1.81
2024-10-09,1.79,1.92,1.79,1.83,12435.0,1.8943050000000003,1.8986142125925352,0.022045297421920962,49.07407343792868,-0.06999999999999984,2.1248807322784926,1.6637292677215079,0.1523573571428571,47663.35,14521210.400000006,1.86,2.12,1.9
2024-10-10,1.8513,1.86,1.79,1.79,14546.0,1.900805,1.8882700018694365,0.010641550847338754,47.91610101182044,-0.1399999999999999,2.1098984062238437,1.6917115937761564,0.1540645,43375.7,14506664.400000006,1.83,1.95,1.93
2024-10-11,1.8,1.95,1.78,1.95,17748.0,1.9098049999999998,1.8941490493104425,0.014349253093625114,56.09756033710094,-0.09999999999999987,2.1105197488876337,1.7090902511123656,0.16295735714285714,42634.75,14524412.400000006,1.79,1.93,2.05
2024-10-14,1.92,1.92,1.84,1.84,9452.0,1.913305,1.8889919969951623,0.008315694989500466,51.12781901068461,-0.2899999999999998,2.106037566007858,1.720572433992142,0.15830021428571425,42046.8,14514960.400000006,1.95,1.91,2.13
2024-10-15,1.8001,1.81,1.73,1.73,46171.0,1.9038049999999997,1.873849902043242,-0.0052811462028079514,43.70370325048011,-0.18999999999999995,2.113161733830019,1.6944482661699807,0.15401449999999997,41842.0,14468789.400000006,1.84,1.86,1.92
2024-10-16,1.88,1.98,1.76,1.93,364186.0,1.903305,1.879197530420076,8.065794754474886e-05,49.99999953947369,-0.19000000000000017,2.1123452879828992,1.6942647120171008,0.15217164285714288,59319.4,14832975.400000006,1.73,1.83,2.12
2024-10-17,1.96,1.96,1.818,1.87,55814.0,1.9043050000000001,1.8783215751419735,-0.0005057423100074399,43.835616018014655,-0.07999999999999985,2.1124610899648317,1.6961489100351685,0.14767164285714282,61770.45,14777161.400000006,1.93,1.79,1.95
2024-10-18,1.82,1.9499,1.82,1.91,25593.0,1.908,1.881338567985595,0.002231473924712679,42.25352071017656,-0.020000000000000018,2.1136670789611074,1.7023329210388924,0.14338592857142854,62736.85,14802754.400000006,1.87,1.95,1.93
2024-10-21,1.94,1.98,1.875,1.94,29250.0,1.9149999999999998,1.886925371034586,0.006743749049586079,50.80645103928202,0.030000000000000027,2.114631238985587,1.7153687610144124,0.12588592857142852,63752.85,14832004.400000006,1.91,1.84,1.91
2024-10-22,1.9399,2.25,1.8601,2.07,208883.0,1.9279999999999997,1.904361049983673,0.02057252586744318,47.86324729052524,0.20999999999999974,2.132640892142346,1.7233591078576536,0.13516449999999994,73161.6,15040887.400000006,1.94,1.73,1.86
2024-10-23,2.07,2.2207,2.011,2.14,112863.0,1.94,1.9268028547471328,0.03675663846403321,58.87850390252426,0.31000000000000005,2.1648742338566267,1.7151257661433734,0.1465716428571428,75620.1,15153750.400000006,2.07,1.93,1.83
2024-10-24,2.1,2.158,1.95,2.01,48793.0,1.9440000000000002,1.934726392390263,0.038647249319496924,53.389829875035915,0.21999999999999975,2.170961624393512,1.7170383756064882,0.15357164285714278,73209.65,15104957.400000006,2.14,1.87,1.79
2024-10-25,2.1157,2.13,2.03,2.03,17754.0,1.943,1.943800069305476,0.04128351424247412,55.08474510916403,0.07999999999999985,2.1681642675212793,1.7178357324787208,0.1492499999999999,66997.5,15122711.400000006,2.01,1.91,1.95
2024-10-28,1.9601,2.0899,1.96,2.08,27310.0,1.9405000000000001,1.9567714912763832,0.046867100558221964,59.32203319448435,0.24,2.1578984941602197,1.7231015058397805,0.1545999999999999,63625.35,15150021.400000006,2.03,1.94,1.84
2024-10-29,2.01,2.19,1.975,1.98,17136.0,1.9434999999999998,1.958983730202442,0.04273039923239774,55.999999372800005,0.25,2.161362825021363,1.725637174978637,0.1606714285714285,62275.0,15132885.400000006,2.08,2.07,1.73
2024-10-30,1.94,2.03528,1.8685,1.95,19393.0,1.935,1.9581281368498284,0.036609275410401265,56.45161226586888,0.020000000000000018,2.1365205357172385,1.7334794642827618,0.16758428571428566,58569.8,15113492.400000006,1.98,2.14,1.93
2024-10-31,1.92,1.92,1.835,1.85,22852.0,1.9299999999999997,1.9478302190546066,0.023419115431319693,45.76271132145936,-0.020000000000000018,2.1348876457192922,1.7251123542807072,0.16151285714285707,58429.3,15090640.400000006,1.95,2.01,1.87
2024-11-01,1.8888,1.8901,1.82,1.83,14235.0,1.925,1.9366082934303583,0.011222618405774654,49.54128376735966,-0.07999999999999985,2.1347115813883306,1.7152884186116695,0.16080571428571425,56733.95,15076405.400000006,1.85,2.03,1.91
2024-11-04,1.83,1.84,1.73,1.74,28329.0,1.9164999999999999,1.9178836940560384,-0.00564042192363301,50.467289059306495,-0.19999999999999996,2.141960931380407,1.6910390686195924,0.1629485714285714,55392.45,15048076.400000006,1.83,2.08,1.94
2024-11-05,1.8,1.85,1.77,1.83,11507.0,1.9150000000000003,1.9095138184316538,-0.01160844016555762,44.791666013454886,-0.23999999999999977,2.1424342010108575,1.6875657989891428,0.15294857142857138,55212.5,15059583.400000006,1.74,1.98,2.07
2024-11-06,1.91,1.91,1.7803,1.8,10012.0,1.9134999999999998,1.8990839309619725,-0.018545110410171706,46.23655844375073,-0.3400000000000001,2.143673847341468,1.6833261526585317,0.15206999999999996,55091.35,15049571.400000006,1.83,1.95,2.14
2024-11-07,1.83,1.8568,1.74,1.74,16255.0,1.911,1.8839330803941656,-0.02855480806149502,41.052630973961236,-0.2699999999999998,2.147812161849795,1.674187838150205,0.15113428571428567,55176.8,15033316.400000006,1.8,1.85,2.01
2024-11-08,1.78,1.78,1.7,1.7,11487.0,1.8984999999999999,1.86641564416615,-0.03926263604399938,37.49999945312502,-0.32999999999999985,2.1524187603192777,1.644581239680722,0.14934857142857139,54863.75,15021829.400000006,1.74,1.83,2.03
2024-11-11,1.79,1.8,1.7,1.8,27325.0,1.8965,1.8600903447217547,-0.03922731453696704,35.48387043357617,-0.28,2.1529761197460178,1.6400238802539824,0.12864142857142855,55757.4,15049154.400000006,1.7,1.74,2.08
2024-11-12,1.7446,1.7761,1.71,1.71,16100.0,1.8955000000000002,1.8457960261768256,-0.045932093247514016,27.36842064930751,-0.27,2.1548493883993785,1.6361506116006221,0.1183842857142857,54253.85,15033054.400000006,1.8,1.83,1.98
2024-11-13,1.73,1.8088,1.7106,1.764,34342.0,1.8872,1.8380059284456993,-0.046353990035032266,35.92677287989153,-0.18599999999999994,2.1524582455685004,1.6219417544314996,0.11054142857142857,37761.65,15067396.400000006,1.71,1.8,1.95
2024-11-14,1.76,1.85,1.6,1.634,35679.0,1.8753999999999997,1.8185767924032517,-0.0565266557228028,29.878048355393645,-0.2160000000000002,2.1638619102831154,1.586938089716884,0.12125571428571427,36754.9,15031717.400000006,1.764,1.74,1.85
2024-11-15,1.65,1.68,1.61,1.61,7668.0,1.8603999999999998,1.7987123359838944,-0.06576704444428949,25.469728229043653,-0.21999999999999997,2.1715908536065847,1.549209146393415,0.11697714285714282,35858.65,15024049.400000006,1.634,1.7,1.83
2024-11-18,1.61,1.65,1.58,1.58,10072.0,1.8424000000000003,1.777882589699714,-0.07465034564265816,27.477477044274025,-0.15999999999999992,2.1751071732888683,1.5096928267111323,0.10661999999999996,34899.75,15013977.400000006,1.61,1.8,1.74
2024-11-19,1.64,1.8,1.585,1.64,125620.0,1.8209,1.7647509144902174,-0.07597315603293642,33.115467904557136,-0.19000000000000017,2.147192022903565,1.4946079770964351,0.11006428571428568,30736.6,15139597.400000006,1.58,1.71,1.83
2024-11-20,1.65,1.89,1.65,1.75,124445.0,1.8014,1.763346065491149,-0.06736882621301321,44.61206829249034,-0.050000000000000044,2.092066312570157,1.510733687429843,0.12113571428571425,31315.7,15264042.400000006,1.64,1.764,1.8
2024-11-21,1.77,1.83,1.69,1.74,16050.0,1.7878999999999998,1.761122630682468,-0.06065752705252336,45.09803852791662,0.0,2.0624038778366214,1.5133961221633783,0.12612857142857142,29678.55,15247992.400000006,1.75,1.634,1.74
2024-11-22,1.76,1.78,1.73,1.78,4111.0,1.7754,1.762920475379376,-0.05151724962420112,52.30414662182251,0.08000000000000007,2.025136197658704,1.5256638023412963,0.12184285714285713,28996.4,15252103.400000006,1.74,1.61,1.7
2024-11-25,1.81,1.81,1.73,1.74,7629.0,1.7584,1.7607375729622925,-0.04695985563192484,44.498776744519716,-0.06000000000000005,1.9630515909642168,1.5537484090357832,0.12184285714285713,28012.35,15244474.400000006,1.78,1.58,1.8
2024-11-26,1.74,1.74,1.67,1.69,1192.0,1.7439,1.754000661251598,-0.046842696741874024,43.43675345093729,-0.020000000000000018,1.9217868948753556,1.5660131051246444,0.11757857142857142,27215.15,15243282.400000006,1.74,1.64,1.71
2024-11-27,1.7,1.7999,1.66,1.7,5923.0,1.7314,1.748857741132398,-0.04541936488509135,47.46192809077793,-0.06400000000000006,1.881229938684799,1.581570061315201,0.11922857142857143,26541.65,15249205.400000006,1.69,1.75,1.764
2024-11-29,1.7762,1.7762,1.7174,1.7174,1178.0,1.7247700000000001,1.7458617657864552,-0.04239858505559124,51.13665963429157,0.08340000000000014,1.8638524836675445,1.5856875163324557,0.1177142857142857,25457.95,15250383.400000006,1.7,1.74,1.634
2024-12-02,1.79,1.79,1.67,1.7,12775.0,1.71827,1.7414939785686976,-0.040936736641528526,42.67721060708707,0.08999999999999986,1.8485158420387997,1.5880241579612002,0.11914285714285713,25384.95,15237608.400000006,1.7174,1.78,1.61
2024-12-03,1.69,1.74,1.66,1.74,4004.0,1.71827,1.7413516948954884,-0.03613401510183922,52.370416034788526,0.15999999999999992,1.8485158420387997,1.5880241579612002,0.12013571428571428,24168.7,15241612.400000006,1.7,1.74,1.58
2024-12-04,1.6901,1.74,1.6901,1.73,3274.0,1.71327,1.740270581095918,-0.03275713623054988,47.11277061892189,0.09000000000000008,1.8326833925310075,1.5938566074689926,0.11668571428571428,23757.05,15238338.400000006,1.74,1.69,1.64
2024-12-05,1.6831,1.7,1.68,1.7,2387.0,1.70827,1.7364352876582116,-0.03213129510653756,56.75122587046408,-0.050000000000000044,1.820554321443736,1.5959856785562638,0.10025714285714285,23375.8,15235951.400000006,1.73,1.7,1.75
2024-12-06,1.66,1.66,1.43,1.57,128372.0,1.6997699999999998,1.720584307881239,-0.04164516550672048,46.63752412083837,-0.16999999999999993,1.826721048999527,1.5728189510004726,0.11168571428571429,28981.65,15107579.400000006,1.7,1.7174,1.74
2024-12-09,1.59,1.85,1.42,1.63,175414.0,1.6962700000000002,1.7119572309401687,-0.043838139005369925,54.00127919971524,-0.15000000000000013,1.8269979231637679,1.5655420768362325,0.13740000000000002,37178.0,15282993.400000006,1.57,1.7,1.78
2024-12-10,1.641,1.73,1.55,1.6,61364.0,1.68627,1.7012946375172955,-0.047449863096839406,46.637524120838385,-0.1399999999999999,1.814155229795998,1.558384770204002,0.13490000000000002,38879.95,15221629.400000006,1.63,1.74,1.74
2024-12-11,1.62,1.66,1.49,1.57,37593.0,1.67927,1.688790386325172,-0.052131984671669684,32.51748163316873,-0.11999999999999988,1.8166592679482052,1.5418807320517949,0.12990000000000002,39954.6,15184036.400000006,1.6,1.73,1.69
2024-12-12,1.57,1.61,1.51,1.5122,6452.0,1.66668,1.6719722542942033,-0.05981704306024427,29.754709533299092,-0.18779999999999997,1.8169241185466842,1.5164358814533156,0.12704285714285715,38560.1,15177584.400000006,1.57,1.7,1.7
2024-12-13,1.52,1.62,1.5064,1.58,16514.0,1.66398,1.6632129919804697,-0.05974787748935895,33.06232983930789,-0.13739999999999997,1.8185747449232028,1.5093852550767972,0.1315857142857143,37601.85,15194098.400000006,1.5122,1.57,1.7174
2024-12-16,1.5484,1.57,1.52,1.57,15819.0,1.6619799999999998,1.654335564172806,-0.059810521244483494,34.83226179933679,-0.1299999999999999,1.8205002573804856,1.503459742619514,0.12944285714285717,38009.4,15178279.400000006,1.58,1.63,1.7
2024-12-17,1.55,1.565,1.5,1.53,16219.0,1.6594799999999998,1.642494081870634,-0.06236888291878584,35.46511537697745,-0.20999999999999996,1.8248721604454623,1.4940878395545374,0.1290857142857143,38316.75,15162060.400000006,1.57,1.6,1.74
2024-12-18,1.52,1.52,1.5,1.5,4808.0,1.65248,1.6289232169305736,-0.0660557032286353,32.46844240084468,-0.22999999999999998,1.832543492895311,1.4724165071046889,0.12052142857142857,32276.15,15157252.400000006,1.53,1.57,1.73
2024-12-19,1.5,1.5,1.38,1.46,62128.0,1.63798,1.6128352915086142,-0.07138234930354437,28.296795284729953,-0.24,1.8312030737011034,1.4447569262988966,0.12489285714285715,29160.3,15095124.400000006,1.5,1.5122,1.7
2024-12-20,1.48,1.52,1.45,1.46,57318.0,1.6239800000000002,1.5982795494601747,-0.07474217344424461,29.152188311100346,-0.1100000000000001,1.8264337852396706,1.4215262147603298,0.12132142857142858,31223.7,15095124.400000006,1.46,1.58,1.57
2024-12-23,1.47,1.85,1.46,1.7698,163637.0,1.62347,1.6146148304639676,-0.051809361321515146,51.76247844254235,0.13980000000000015,1.8243139153068006,1.4226260846931993,0.14346428571428574,39200.0,15258761.400000006,1.46,1.57,1.63
2024-12-24,1.7,2.65,1.59,2.02,2186195.0,1.63747,1.6532229418483517,-0.013292663945355887,63.356668306012025,0.41999999999999993,1.901584656920012,1.3733553430799879,0.21561428571428573,148128.3,17444956.400000006,1.7698,1.53,1.6
2024-12-26,1.83,1.97,1.68,1.76,3152637.0,1.64097,1.663392185481842,-0.0037050216825929017,52.2803278109421,0.18999999999999995,1.9098283356185086,1.3721116643814915,0.23489999999999997,305700.55,14292319.400000006,2.02,1.5,1.57
2024-12-27,1.81,1.81,1.45,1.69,263500.0,1.64047,1.665926263055,-0.0017351592638141788,54.778591297467116,0.17779999999999996,1.9089029660513657,1.3720370339486345,0.24418571428571428,318579.4,14028819.400000006,1.76,1.46,1.5122
2024-12-30,1.66,1.79,1.55,1.73,75241.0,1.6411000000000002,1.6720285237164285,0.0030188373237034494,54.046616415787774,0.1499999999999999,1.910351078285437,1.3718489217145635,0.23061428571428572,322282.55,14104060.400000006,1.69,1.46,1.58
2024-12-31,1.83,1.83,1.6401,1.71,108282.0,1.6416,1.6756448547910543,0.00511363422476574,54.4875972888166,0.1399999999999999,1.911348295931356,1.371851704068644,0.2313214285714286,327057.9,13995778.400000006,1.73,1.7698,1.57
2025-01-02,1.65,1.8,1.65,1.76,21463.0,1.6425999999999998,1.6836786781442872,0.010685185822749688,57.62684585197829,0.22999999999999998,1.9140272918054073,1.3711727081945924,0.22989285714285718,327930.85,14017241.400000006,1.71,2.02,1.53
2025-01-03,1.68,1.88,1.68,1.88,42063.0,1.6501000000000001,1.7023759468924502,0.024501242649396904,64.06178246148879,0.3799999999999999,1.9393970354787924,1.3608029645212079,0.2370357142857143,329870.3,14059304.400000006,1.76,1.76,1.5
2025-01-06,1.81,1.89,1.8,1.82,29623.0,1.6561,1.7135782376645978,0.03026024736942845,59.230768592899416,0.3600000000000001,1.9545862440627912,1.3576137559372086,0.23535,331232.1,14029681.400000006,1.88,1.69,1.46
2025-01-07,1.8,1.84,1.76,1.77,16878.0,1.6660999999999997,1.718951738839398,0.03043883799202507,57.46268596680776,0.31000000000000005,1.9658390724929309,1.3663609275070685,0.23749285714285717,325657.4,14012803.400000006,1.82,1.73,1.46
2025-01-08,1.72,1.77,1.67,1.7096,21817.0,1.67008,1.7180610970451695,0.025413644457114914,56.60099912348281,-0.06020000000000003,1.9699146604029005,1.3702453395970995,0.23999285714285712,317977.55,13990986.400000006,1.77,1.71,1.7698
2025-01-10,1.69,1.75,1.65,1.67,3037489.0,1.67358,1.7134838497075342,0.018027938474412863,56.20437898769247,-0.3500000000000001,1.9715989721971554,1.3755610278028447,0.2457071428571429,466783.8,10953497.400000006,1.7096,1.76,2.02
2025-01-13,1.68,1.69,1.4,1.64,502653.0,1.6770800000000001,1.706485387830626,0.009642807707631151,56.61764647599481,-0.1200000000000001,1.9716006674902844,1.3825593325097159,0.25785,490036.8,10450844.400000006,1.67,1.88,1.76
2025-01-14,1.54,1.668,1.54,1.615,49827.0,1.6822200000000003,1.6977724937515188,0.0009690692697523762,55.595667308058246,-0.07499999999999996,1.968085861808198,1.3963541381918025,0.26199285714285714,492205.55,10401017.400000006,1.64,1.82,1.69
2025-01-15,1.62,1.73,1.56,1.64,34706.0,1.68522,1.6922703514894695,-0.0038433362786687297,44.10107197108252,-0.09000000000000008,1.9678096157811598,1.4026303842188401,0.2462785714285714,493115.15,10435723.400000006,1.615,1.77,1.73
2025-01-16,1.64,1.66,1.5647,1.66,6820.0,1.68972,1.6891969846809485,-0.005974499186649274,29.31034435592548,-0.050000000000000044,1.9674080612637068,1.4120319387362934,0.17737142857142857,492665.2,10442543.400000006,1.64,1.7096,1.71
2025-01-17,1.66,1.68,1.6,1.67,39778.0,1.6967200000000002,1.68736870042562,-0.006778407457156854,42.74193451873051,-0.09000000000000008,1.9643308848387628,1.4291091151612376,0.16237142857142858,493843.15,10482321.400000006,1.66,1.67,1.76
2025-01-21,1.68,1.68,1.459,1.5,67632.0,1.6967200000000002,1.6695240622898466,-0.020892256871857473,36.80555483989199,-0.3799999999999999,1.9643308848387628,1.4291091151612376,0.1524428571428571,496984.35,10414689.400000006,1.67,1.64,1.88
2025-01-22,1.54,1.67,1.54,1.63,30224.0,1.70522,1.6657598658812898,-0.02134165733213056,43.82715973632069,-0.19000000000000017,1.951088699234231,1.459351300765769,0.14458571428571426,495389.15,10444913.400000006,1.5,1.615,1.82
2025-01-23,1.69,1.71,1.5249,1.66,60817.0,1.71522,1.665211307225929,-0.019057379546508768,46.95121871058895,-0.1100000000000001,1.9338551115442684,1.4965848884557316,0.1442428571428571,495564.1,10505730.400000006,1.63,1.64,1.77
2025-01-24,1.62,1.6994,1.57,1.664,12776.0,1.70993,1.6650959446329834,-0.01673143678516409,43.79844882018309,-0.045600000000000085,1.9281240526951955,1.4917359473048044,0.1427714285714285,488021.05,10518506.400000006,1.66,1.66,1.7096
2025-01-27,1.66,1.84,1.5517,1.78,73053.0,1.69793,1.6760391880012706,-0.005464884060064401,43.50649271546638,0.1100000000000001,1.8646490905621478,1.531210909437852,0.14907857142857137,382363.95,10591559.400000006,1.664,1.67,1.67
2025-01-28,1.8298,1.88,1.74,1.815,222852.0,1.7006800000000002,1.6892735510487686,0.006216487836353091,49.66442859691006,0.17500000000000004,1.8734158262902791,1.5279441737097212,0.15264999999999995,235874.7,10814411.400000006,1.78,1.5,1.64
2025-01-29,1.7233,1.8,1.66,1.75,23560.0,1.7036799999999999,1.6950570223774573,0.01011253148355995,48.6842096295014,0.135,1.8777140632114,1.5296459367885997,0.1569357142857142,223877.7,10790851.400000006,1.815,1.63,1.615
2025-01-30,1.6835,1.85,1.6835,1.73,10700.0,1.7036799999999999,1.6983849250081755,0.011454303213040529,51.41745314084999,0.09000000000000008,1.8777140632114,1.5296459367885997,0.16168571428571424,220650.65,10780151.400000006,1.75,1.66,1.64
2025-01-31,1.68,1.85,1.6302,1.82,30073.0,1.70918,1.709967313102635,0.019554502679578256,59.74025865407323,0.16000000000000014,1.890840592719894,1.527519407280106,0.17024285714285708,216740.2,10810224.400000006,1.73,1.664,1.66
2025-02-03,1.75,1.83,1.67,1.72,86806.0,1.70718,1.7109228070928602,0.01770076149034705,54.76190384920637,0.050000000000000044,1.8873595081519248,1.527000491848075,0.1609571428571428,220007.35,10723418.400000006,1.82,1.78,1.67
2025-02-04,1.69,1.83,1.68,1.8,32272.0,1.7031800000000001,1.7194063492744924,0.022428448461856654,60.335194586935515,0.30000000000000004,1.870282812348302,1.5360771876516983,0.16252857142857138,219517.8,10755690.400000006,1.72,1.815,1.5
2025-02-05,1.75,1.8192,1.7401,1.79,7168.0,1.70168,1.726129554105493,0.0250791610639014,58.52272634168391,0.16000000000000014,1.8648600503801864,1.5384999496198137,0.15603571428571422,218395.05,10748522.400000006,1.8,1.75,1.63
2025-02-06,1.75,1.8,1.71,1.7701,9620.0,1.7016850000000001,1.7303172156192557,0.025282663403806582,56.25639187681613,0.11010000000000009,1.864873870556969,1.5384961294430313,0.1556571428571428,218032.15,10738902.400000006,1.79,1.73,1.66
2025-02-07,1.76,1.76,1.7,1.73,10365.0,1.702705,1.730287004607898,0.021955120639871373,53.29670247675403,0.06600000000000006,1.866356535763859,1.5390534642361409,0.1542285714285714,217459.55,10728537.400000006,1.7701,1.82,1.664
2025-02-10,1.78,1.79,1.68,1.705,12309.0,1.704455,1.7278787184547648,0.01710356866653351,63.39869165022002,-0.07499999999999996,1.8673809240784505,1.5415290759215496,0.1463,66200.55,10716228.400000006,1.73,1.72,1.78
2025-02-11,1.7012,1.79,1.7,1.76,3931.0,1.710455,1.7309378881257396,0.017495047107176642,59.42028864944343,-0.05499999999999994,1.8722208278271602,1.54868917217284,0.14344285714285718,41264.45,10720159.400000006,1.705,1.8,1.815
2025-02-12,1.74,1.79,1.71,1.79,5700.0,1.7192049999999999,1.7365628511613833,0.019995549622128905,59.42028864944343,0.040000000000000036,1.8781378686484227,1.560272131351577,0.1359357142857143,39058.1,10725859.400000006,1.76,1.79,1.75
2025-02-13,1.7,1.77,1.69,1.726,10494.0,1.723505,1.7355568653364897,0.016621350172338012,54.13333232284447,-0.0040000000000000036,1.8780067863973575,1.5690032136026426,0.1324071428571429,37847.5,10715365.400000006,1.79,1.7701,1.73
2025-02-14,1.72,1.76,1.6856,1.73,6432.0,1.7270050000000001,1.7350276400663478,0.014107417837916802,46.08150369100148,-0.09000000000000008,1.8785935077576306,1.5754164922423697,0.11712857142857146,37828.1,10721797.400000006,1.726,1.73,1.82
2025-02-18,1.73,1.74,1.6,1.74,25933.0,1.7305049999999997,1.735501198155267,0.012774765235872731,43.882543859126244,0.020000000000000018,1.8797662753387965,1.581243724661203,0.11712857142857146,37135.85,10747730.400000006,1.73,1.705,1.72
2025-02-19,1.67,1.67,1.6,1.64,21255.0,1.7375049999999999,1.7264058459500036,0.0036078748469676736,41.512344782140694,-0.16000000000000014,1.8498048893938426,1.6252051106061571,0.11212857142857144,34817.0,10726475.400000006,1.74,1.76,1.8
2025-02-20,1.64,1.67,1.63,1.64,3090.0,1.738005,1.718176717764289,-0.003615277165387454,42.83439394955172,-0.15000000000000013,1.8483617511586417,1.6276482488413584,0.10309285714285714,33460.3,10726475.400000006,1.64,1.79,1.79
2025-02-21,1.61,1.65,1.58,1.6,34857.0,1.735005,1.7069217922629283,-0.012424125298538646,30.968857381377163,-0.17009999999999992,1.8569445963494602,1.6130654036505396,0.09239285714285714,32162.3,10691618.400000006,1.64,1.726,1.7701
2025-02-24,1.62,1.62,1.55,1.55,17008.0,1.7293049999999996,1.6919768596664588,-0.023172663006294503,33.90151425261136,-0.17999999999999994,1.8737927335896347,1.5848172664103646,0.0859642857142857,32373.9,10674610.400000006,1.6,1.73,1.73
2025-02-25,1.58,1.63,1.52,1.535,15977.0,1.7170550000000002,1.6770266825553675,-0.03252638727298307,21.38228877029796,-0.17000000000000015,1.8833442530628044,1.550765746937196,0.08310714285714282,29520.1,10658633.400000006,1.55,1.74,1.705
2025-02-26,1.51,1.65,1.51,1.54,9985.0,1.7033049999999998,1.663976522311999,-0.039085272242349145,22.707422886672674,-0.21999999999999997,1.8806073284793108,1.526002671520689,0.08745714285714282,18876.75,10668618.400000006,1.535,1.64,1.76
2025-02-27,1.53,1.6,1.53,1.6,8377.0,1.695805,1.6578835201870468,-0.03899225878823609,32.92511451324715,-0.18999999999999995,1.8774281201952239,1.5141818798047761,0.08602857142857138,18117.6,10676995.400000006,1.54,1.64,1.79
2025-02-28,1.525,1.6,1.52,1.55,9668.0,1.686805,1.6476088992168518,-0.04246363276249787,32.28346367722739,-0.17599999999999993,1.8788345204827042,1.494775479517296,0.08745714285714282,18066.0,10667327.400000006,1.6,1.6,1.726
2025-03-03,1.59,1.62,1.55,1.55,12207.0,1.6733049999999998,1.6383128135771516,-0.04469945416384258,33.95445036156873,-0.17999999999999994,1.8638651435656592,1.4827448564343404,0.08459999999999997,17172.7,10667327.400000006,1.55,1.55,1.73
2025-03-04,1.58,1.58,1.45,1.504,15621.0,1.6625050000000001,1.6255211170459942,-0.049611286268442134,22.995779911517076,-0.236,1.865968954909325,1.4590410450906752,0.08745714285714282,13613.45,10651706.400000006,1.55,1.535,1.74
2025-03-05,1.5001,1.5389,1.5001,1.52,3485.0,1.648505,1.6154714868511377,-0.05161786371485544,20.652173284499085,-0.11999999999999988,1.850662473532983,1.4463475264670171,0.08451428571428567,12174.1,10655191.400000006,1.504,1.54,1.64
2025-03-06,1.5936,1.6,1.54,1.59,19903.0,1.6385049999999999,1.6130456309605532,-0.04701768520461114,35.40772425813705,-0.04999999999999982,1.8307347471365607,1.446275252863439,0.08308571428571424,12810.85,10675094.400000006,1.52,1.6,1.64
2025-03-07,1.55,1.65,1.5,1.65,30212.0,1.6324999999999998,1.6165650946785957,-0.03809141787943848,42.33716361547837,0.04999999999999982,1.814660715621577,1.4503392843784226,0.08848571428571424,13840.45,10705306.400000006,1.59,1.55,1.6
2025-03-10,1.56,1.6,1.4964,1.4964,9213.0,1.6208199999999997,1.6051207999473007,-0.042916804814081555,31.700720487064174,-0.05360000000000009,1.806579047098447,1.4350609529015523,0.08588571428571425,13782.85,10696093.400000006,1.65,1.55,1.55
2025-03-11,1.53,1.53,1.49,1.5,4360.0,1.6105699999999998,1.5951092951904149,-0.04592111873935378,37.70203702068076,-0.03499999999999992,1.7993697892504874,1.4217702107495123,0.08374285714285712,13385.4,10700453.400000006,1.4964,1.504,1.535
2025-03-12,1.47,1.58,1.47,1.58,2774.0,1.60157,1.5936703146960898,-0.041369841971526045,45.37892693267873,0.040000000000000036,1.777069684809965,1.426070315190035,0.08874285714285712,13327.55,10703227.400000006,1.5,1.52,1.54
2025-03-13,1.5005,1.57,1.5,1.57,6675.0,1.59057,1.591415999010748,-0.03813029644719923,47.57751830412588,-0.030000000000000027,1.742311790378737,1.438828209621263,0.08874285714285714,13376.3,10696552.400000006,1.58,1.59,1.6
2025-03-14,1.515,1.52,1.48,1.52,1772.0,1.58027,1.5846144752954385,-0.039146261675180094,47.57751830412588,-0.030000000000000027,1.72086160864372,1.43967839135628,0.0866,12940.2,10694780.400000006,1.57,1.65,1.55
2025-03-17,1.51,1.51,1.4,1.41,14984.0,1.56427,1.5679845252673015,-0.048271063358923616,41.24894906540846,-0.14000000000000012,1.7059451673816133,1.4225948326183868,0.08660000000000001,13367.8,10679796.400000006,1.52,1.4964,1.55
2025-03-18,1.41,1.4841,1.38,1.45,10153.0,1.54977,1.5567479038132728,-0.051679143728136756,43.99359234395315,-0.05400000000000005,1.6740048387444983,1.4255351612555018,0.08403571428571431,12578.8,10689949.400000006,1.41,1.5,1.504
2025-03-19,1.45,1.63,1.33,1.34,291652.0,1.5347700000000002,1.5361052463072469,-0.06253528482962123,33.73373314280248,-0.17999999999999994,1.6832180430105472,1.3863219569894532,0.10046428571428571,26098.65,10398297.400000006,1.45,1.58,1.52
2025-03-20,1.35,1.4244,1.34,1.38,6631.0,1.52177,1.521238079992271,-0.06713727247517598,39.22959889861329,-0.2100000000000002,1.676808400676051,1.366731599323949,0.10077857142857143,26275.7,10404928.400000006,1.34,1.57,1.59
2025-03-21,1.41,1.63,1.36,1.52,548921.0,1.51777,1.5211201676120547,-0.0588096300610077,48.38570740701689,-0.1299999999999999,1.668374747251586,1.3671652527484142,0.1150642857142857,51978.9,10953849.400000006,1.38,1.52,1.65
2025-03-24,1.41,1.6,1.4015,1.59,730607.0,1.5197699999999998,1.527680151649002,-0.046030883097645026,54.511119635799766,0.09360000000000013,1.6732125330452596,1.36632746695474,0.11995714285714285,87658.85,11684456.400000006,1.52,1.41,1.4964
2025-03-25,1.51,1.53,1.4,1.41,79651.0,1.51352,1.5164725181586207,-0.049853450199310645,45.07697759481052,-0.09000000000000008,1.6743554189846792,1.3526845810153207,0.12647142857142857,90842.55,11604805.400000006,1.59,1.45,1.5
2025-03-26,1.38,1.5,1.3001,1.34,85564.0,1.50352,1.4996656116673235,-0.05786425405162077,38.81131351292661,-0.24,1.681391125433937,1.3256488745660628,0.1364642857142857,94621.5,11519241.400000006,1.41,1.34,1.58
2025-03-27,1.32,1.41,1.3,1.4,4717.0,1.49352,1.490173648651388,-0.058694778391161107,38.81131351292661,-0.17000000000000015,1.6710404373704282,1.3159995626295717,0.13360714285714284,94438.5,11523958.400000006,1.34,1.38,1.57
2025-03-28,1.3255,1.37,1.27,1.27,16466.0,1.4795200000000002,1.4692047297322082,-0.06904695810571648,39.648865622637054,-0.25,1.68085258789214,1.2781874121078602,0.13335,94778.4,11507492.400000006,1.4,1.52,1.52
2025-03-31,1.28,1.295,1.1601,1.19,16688.0,1.46152,1.4426138030910456,-0.08275254667859389,36.7521363123676,-0.21999999999999997,1.6976799600627086,1.2253600399372913,0.1401285714285714,95002.45,11490804.400000006,1.27,1.59,1.41
2025-04-01,1.31,1.3839,1.2214,1.26,244872.0,1.44932,1.4252220123204697,-0.08696344887468177,36.20689611474435,-0.18999999999999995,1.7009436588323696,1.1976963411676302,0.14387857142857138,106465.0,11735676.400000006,1.19,1.41,1.45
2025-04-02,1.32,1.3457,1.2,1.25,42052.0,1.43582,1.4085342016232822,-0.0900692731152104,36.20689611474435,-0.09000000000000008,1.7001290344354294,1.1715109655645708,0.14928571428571424,108393.35,11693624.400000006,1.26,1.34,1.34
2025-04-03,1.21,1.231,1.18,1.216,20402.0,1.41712,1.3901976109924934,-0.0941884314447956,36.71328626399824,-0.16399999999999992,1.6883305695812947,1.1459094304187052,0.15007142857142855,108418.3,11673222.400000006,1.25,1.4,1.38
2025-04-04,1.1812,1.2199,1.1569,1.2,6283.0,1.3946200000000002,1.3720835528027322,-0.09761867308256411,39.99999946666668,-0.32000000000000006,1.6590638342515538,1.1301761657484466,0.14671428571428566,107221.85,11666939.400000006,1.216,1.27,1.52
2025-04-07,1.15,1.33,1.15,1.185,76728.0,1.3790499999999999,1.3542660715834243,-0.10039030202289512,37.07317022534207,-0.405,1.6546939159876954,1.1034060840123043,0.15213571428571424,110597.6,11590211.400000006,1.2,1.19,1.59
2025-04-08,1.26,1.26,1.134,1.134,8907.0,1.36075,1.333288350480241,-0.10548613322089895,39.3374735499745,-0.276,1.6508047135319208,1.070695286468079,0.13970714285714284,110824.95,11581304.400000006,1.185,1.26,1.41
2025-04-09,1.15,1.18,1.07,1.13,30903.0,1.33825,1.3139275551964087,-0.10859556070399745,36.5591392345936,-0.2100000000000002,1.6265027217198949,1.049997278280105,0.14153571428571426,112231.4,11550401.400000006,1.134,1.25,1.34
2025-04-10,1.18,1.2,1.142,1.19,23822.0,1.31925,1.3021249308919889,-0.10500784080381509,30.588234790311432,-0.20999999999999996,1.5929097003194432,1.0455902996805568,0.12639285714285714,113088.75,11574223.400000006,1.13,1.216,1.4
2025-04-11,1.21,1.21,1.1,1.21,11429.0,1.30375,1.2933511279498946,-0.09940483699821567,26.249999540625012,-0.06000000000000005,1.5643387059797311,1.0431612940202688,0.12007142857142854,113571.6,11585652.400000006,1.19,1.2,1.27
2025-04-14,1.215,1.23,1.215,1.23,754.0,1.29475,1.2873176871927619,-0.09228675895111405,35.93749921386721,0.040000000000000036,1.5523035713307887,1.0371964286692115,0.11185714285714281,112860.1,11586406.400000006,1.21,1.185,1.19
2025-04-15,1.23,1.2493,1.22,1.24,1339.0,1.2842500000000001,1.282811240793451,-0.08486049542189056,41.37930934601666,-0.020000000000000018,1.5320936476575324,1.0364063523424678,0.09967142857142854,112419.4,11587745.400000006,1.23,1.134,1.26
2025-04-16,1.25,1.3105,1.2114,1.23,6670.0,1.27875,1.2777815988131225,-0.07887284740985634,33.96226325382703,-0.020000000000000018,1.5262664003071984,1.0312335996928017,0.09889285714285712,98170.3,11581075.400000006,1.24,1.13,1.25
2025-04-17,1.24,1.36,1.24,1.34,10077.0,1.27675,1.2837071608309203,-0.06450790554960295,56.86274353710116,0.12400000000000011,1.5214520744970066,1.0320479255029935,0.10032142857142855,98342.6,11591152.400000006,1.23,1.19,1.216
2025-04-21,1.35,1.38,1.26,1.37,15252.0,1.26925,1.2919255264660707,-0.05012502625111881,69.56521527410214,0.17000000000000015,1.4906454547148649,1.047854545285135,0.09925714285714282,71659.15,11606404.400000006,1.34,1.21,1.2
2025-04-22,1.2902,1.32,1.2901,1.31,5220.0,1.25525,1.2936469048978736,-0.043071488040042905,55.555553827160544,0.125,1.4192049039409822,1.0912950960590178,0.08978571428571426,35389.8,11601184.400000006,1.37,1.23,1.185
2025-04-23,1.2939,1.3101,1.2939,1.3101,2392.0,1.250255,1.2952138663361714,-0.03704639128731935,56.82799183005707,0.17610000000000015,1.3998141483062343,1.1006958516937655,0.08053571428571427,31526.85,11603576.400000006,1.31,1.24,1.134
2025-04-24,1.345,1.4,1.33,1.39,6973.0,1.252755,1.304241117161298,-0.025529903617380834,67.90123261189864,0.26,1.4100995495183701,1.09541045048163,0.0818928571428571,27597.3,11610549.400000006,1.3101,1.23,1.13
2025-04-25,1.3899,1.45,1.38,1.434,19296.0,1.254455,1.316599106003079,-0.01270610383475268,72.76264393253498,0.244,1.4190649501372607,1.0898450498627394,0.08239285714285711,28326.25,11629845.400000006,1.39,1.34,1.19
2025-04-28,1.43,1.5014,1.43,1.5,29220.0,1.265955,1.3340658578123097,0.0027507889161357824,77.87610426501686,0.29000000000000004,1.4638990481815684,1.0680109518184315,0.07463571428571425,28963.95,11659065.400000006,1.434,1.37,1.21
2025-04-29,1.5246,1.5246,1.4614,1.485,37259.0,1.280705,1.3484405380206612,0.013632960855821663,83.17580120139658,0.2550000000000001,1.497851115977678,1.063558884022322,0.07014999999999995,29992.5,11621806.400000006,1.5,1.31,1.23
2025-04-30,1.4062,1.49,1.4062,1.4606,2263.0,1.290735,1.359122391542503,0.020057078918472193,80.08736599704562,0.2205999999999999,1.521931232668226,1.059538767331774,0.0682785714285714,17862.05,11619543.400000006,1.485,1.3101,1.24
2025-05-01,1.45,1.46,1.38,1.394,23817.0,1.297935,1.3624440685384551,0.019548828638002114,68.34532202008181,0.16399999999999992,1.5327308062478107,1.0631391937521895,0.06984999999999997,16950.3,11595726.400000006,1.4606,1.39,1.23
2025-05-02,1.48,1.48,1.43,1.446,3057.0,1.3094350000000001,1.3704017762966976,0.02307599632551982,70.06802554259802,0.10599999999999987,1.5497978772019974,1.069072122798003,0.0655642857142857,16083.05,11598783.400000006,1.394,1.434,1.34
2025-05-05,1.52,1.52,1.44,1.47,6328.0,1.3229349999999998,1.3798873214112979,0.027491002390378272,70.27026860847337,0.09999999999999987,1.5677068961765726,1.078163103823427,0.07020714285714284,16085.3,11605111.400000006,1.446,1.5,1.37
2025-05-06,1.46,1.46,1.4116,1.4388,1640.0,1.3356249999999998,1.38549805270546,0.028147876060676147,66.21004415045562,0.12880000000000003,1.576573126105318,1.0946768738946817,0.07157142857142855,12330.9,11603471.400000006,1.47,1.485,1.31
2025-05-07,1.42,1.4376,1.36,1.4376,12607.0,1.3508049999999998,1.3904601429239876,0.028246020662069826,67.17405535996562,0.12749999999999995,1.5760083511482477,1.125601648851752,0.07003571428571427,12515.9,11590864.400000006,1.4388,1.4606,1.3101
2025-05-08,1.44,1.44,1.4,1.4,12982.0,1.364305,1.3913687007407507,0.02500159240775357,55.639096280174144,0.010000000000000009,1.5647906784489551,1.163819321551045,0.06432142857142854,11619.85,11577882.400000006,1.4376,1.394,1.39
2025-05-09,1.42,1.4399,1.42,1.42,3104.0,1.375805,1.3940954911463934,0.023770184602716737,54.78927056120728,-0.014000000000000012,1.5599094380378782,1.1917005619621217,0.057171428571428554,10583.95,11580986.400000006,1.4,1.446,1.434
2025-05-12,1.4628,1.49,1.42,1.455,27907.0,1.388055,1.3998959205610226,0.025326543905292098,64.58752333153858,-0.04499999999999993,1.5577469248768212,1.2183630751231789,0.06003571428571427,11407.85,11608893.400000006,1.42,1.47,1.5
2025-05-13,1.46,1.52,1.4,1.44,9912.0,1.398555,1.403715356698068,0.02506071094969964,62.68802329042326,-0.04500000000000015,1.5523079183291049,1.2448020816708951,0.06745,11865.75,11598981.400000006,1.455,1.4388,1.485
2025-05-14,1.4,1.4118,1.39,1.4118,9934.0,1.4071449999999999,1.4044853227268235,0.022317272469395633,52.368533826250605,-0.048799999999999955,1.5415832382163508,1.272706761783649,0.06400714285714286,12295.5,11589047.400000006,1.44,1.4376,1.4606
2025-05-15,1.38,1.4859,1.3614,1.4859,48510.0,1.41994,1.412239101514745,0.02582463807634383,55.29267637344999,0.09190000000000009,1.5298658582671465,1.3100141417328535,0.0679,14387.5,11637557.400000006,1.4118,1.4,1.394
2025-05-16,1.458,1.46,1.42,1.441,5294.0,1.42499,1.414978234703817,0.02469650984160121,43.71270116799273,-0.004999999999999893,1.5285483923762735,1.3214316076237265,0.06565714285714286,14148.35,11632263.400000006,1.4859,1.42,1.446
2025-05-19,1.43,1.43,1.36,1.41,11810.0,1.42699,1.414504117112977,0.021058272508494236,42.271227139742,-0.06000000000000005,1.5275792303536375,1.3264007696463624,0.06614285714285714,13976.25,11620453.400000006,1.441,1.455,1.47
2025-05-20,1.38,1.44,1.34,1.37,78052.0,1.4299899999999999,1.410265629768884,0.014776938159096753,40.95447169855713,-0.06879999999999997,1.5187743253115766,1.341205674688423,0.06729999999999998,17617.85,11542401.400000006,1.41,1.44,1.4388
2025-05-21,1.45,1.45,1.33,1.37,10953.0,1.432985,1.4064308078861332,0.00968726665277031,47.23629511444468,-0.06759999999999988,1.5076610096753424,1.3583089903246575,0.07015714285714282,18045.9,11542401.400000006,1.37,1.4118,1.4376
2025-05-22,1.37,1.45,1.36,1.3805,5054.0,1.4325100000000002,1.4039612071350729,0.006426842918152431,41.66029899861426,-0.01949999999999985,1.5084474507145973,1.356572549285403,0.07301428571428567,17949.95,11547455.400000006,1.37,1.4859,1.4
2025-05-23,1.41,1.41,1.36,1.36,1002.0,1.42881,1.3997744255031612,0.002163811867746279,35.868446808432054,-0.05999999999999983,1.511364655579646,1.3462553444203538,0.0708714285714285,17035.25,11546453.400000006,1.3805,1.441,1.42
2025-05-27,1.43,1.5794,1.43,1.5094,73485.0,1.4292799999999999,1.410214956407622,0.010717120168792782,56.957034297598575,0.054400000000000004,1.5136287147749732,1.3449312852250266,0.07808571428571422,19248.5,11619938.400000006,1.36,1.41,1.455
2025-05-28,1.5286,1.6,1.48,1.575,45185.0,1.43378,1.4259087700830866,0.022529346100737646,62.01468893283378,0.135,1.5379250931202804,1.3296349068797197,0.08111428571428567,19644.8,11665123.400000006,1.5094,1.37,1.44
2025-05-29,1.65,1.87,1.65,1.83,247335.0,1.45225,1.4643936491227927,0.051869074724332664,77.24277612595178,0.4182000000000001,1.6579414449516432,1.2465585550483569,0.09397142857142853,31898.4,11912458.400000006,1.575,1.37,1.4118
2025-05-30,2.04,2.15,1.92,2.0,21682711.0,1.4825500000000003,1.515403777777765,0.0878261945892651,80.8773412134979,0.5141,1.800186936073048,1.1649130639269525,0.10897857142857138,1114843.1,33595169.400000006,1.83,1.3805,1.4859
2025-06-02,1.51,1.67,1.25,1.61,1013817.0,1.49075,1.52441294179893,0.08388574782145719,55.98825468719242,0.16900000000000004,1.8128502165066998,1.1686497834933003,0.13397857142857136,1165381.1,32581352.400000006,2.0,1.36,1.441
2025-06-03,1.6,1.6,1.45,1.45,150629.0,1.4897500000000001,1.5173259949609368,0.06707900750113494,50.347414740922865,0.040000000000000036,1.8122454051079926,1.1672545948920077,0.13612142857142853,1172596.15,32430723.400000006,1.61,1.5094,1.41
2025-06-04,1.45,1.59,1.38,1.38,175548.0,1.48681,1.5042473287741809,0.0475628547430349,48.92640061784631,0.009999999999999787,1.8123191228408357,1.1613008771591642,0.14956428571428568,1181291.55,32255175.400000006,1.45,1.575,1.37
2025-06-05,1.35,1.375,1.28,1.28,206152.0,1.47893,1.482890440319497,0.023753186858563202,43.16809303579978,-0.09000000000000008,1.816848944500912,1.1410110554990882,0.1474571428571428,1190968.8,32049023.400000006,1.38,1.83,1.37
2025-06-06,1.2701,1.3202,1.25,1.29,50031.0,1.47343,1.4645199221938305,0.005625917868067543,44.870923486281974,-0.09050000000000002,1.8202223273600042,1.1266376726399958,0.14961428571428567,1192821.25,32099054.400000006,1.28,2.0,1.3805
2025-06-09,1.33,1.33,1.255,1.33,78431.0,1.46893,1.4517085010325133,-0.005449588239791581,47.299121767597775,-0.030000000000000027,1.8209380028994255,1.1169219971005746,0.14997142857142856,1196587.6,32177485.400000006,1.29,1.61,1.36
2025-06-10,1.31,1.38,1.28,1.37,74036.0,1.46468,1.4439267390294168,-0.01087399230447006,49.99999952734639,-0.13939999999999997,1.8194379195362143,1.1099220804637857,0.14997142857142856,1198894.05,32251521.400000006,1.33,1.45,1.5094
2025-06-11,1.38,1.45,1.33,1.37,115196.0,1.4611800000000001,1.4368860972170914,-0.014999961388711291,49.99999952734639,-0.20499999999999985,1.8183362571200161,1.1040237428799842,0.14997142857142856,1204158.25,32251521.400000006,1.37,1.38,1.575
2025-06-12,1.31,1.35,1.31,1.31,36480.0,1.45609,1.4248017070059398,-0.02284794330498352,47.696830664648395,-0.52,1.8190635840757854,1.0931164159242148,0.1464,1205485.55,32215041.400000006,1.37,1.28,1.83
2025-06-13,1.29,1.35,1.28,1.29,20871.0,1.446295,1.4119634491958504,-0.03033171325870132,47.71241786406938,-0.71,1.8163846248492137,1.0762053751507865,0.14782857142857145,1204103.6,32194170.400000006,1.31,1.29,2.0
2025-06-16,1.28,1.33,1.27,1.29,51120.0,1.4387450000000002,1.4003478826057694,-0.035849405236586085,42.05417891586375,-0.32000000000000006,1.815392289844687,1.0620977101553133,0.14144285714285715,1206394.9,32194170.400000006,1.29,1.33,1.61
2025-06-17,1.28,1.3,1.25,1.26,18248.0,1.431245,1.386981417595696,-0.04215700544448331,38.28996242672159,-0.18999999999999995,1.8161848065042874,1.0463051934957128,0.13644285714285714,1206716.8,32175922.400000006,1.29,1.37,1.45
2025-06-18,1.2999,1.3,1.18,1.27,187025.0,1.4262450000000002,1.3758403302056297,-0.045820714947029995,24.545454233057853,-0.10999999999999988,1.817086900867427,1.0354030991325733,0.1293,1212165.45,32362947.400000006,1.26,1.37,1.38
2025-06-20,1.24,1.28,1.233,1.26,16423.0,1.420745,1.3648079178050936,-0.04896669002797638,10.6382977138977,-0.020000000000000018,1.8179633568927938,1.023526643107206,0.11622857142857143,1212438.95,32346524.400000006,1.27,1.31,1.28
2025-06-23,1.23,1.24,1.2,1.218,27487.0,1.41262,1.3508262113474656,-0.05422388771215969,16.891891492421493,-0.07200000000000006,1.819826677641427,1.005413322358573,0.0890857142857143,1213560.6,32319037.400000006,1.26,1.29,1.29
2025-06-24,1.2374,1.29,1.2246,1.28,51939.0,1.40862,1.3440808578858021,-0.052778969798489506,32.79352133783544,-0.050000000000000044,1.8195576369641306,0.9976823630358693,0.08304285714285715,1216107.45,32370976.400000006,1.218,1.29,1.33
2025-06-25,1.2698,1.3,1.2598,1.2735,20050.0,1.396825,1.3373588714204876,-0.05156396038124367,37.63066079714462,-0.09650000000000003,1.8091227047818732,0.9845272952181268,0.07091428571428571,1213435.7,32350926.400000006,1.28,1.26,1.37
2025-06-26,1.262,1.31,1.23,1.26,51006.0,1.381075,1.3299913598566315,-0.05110132952293189,47.09302133923751,-0.1100000000000001,1.7887547343374497,0.9733952656625504,0.06984285714285714,1213726.75,32299920.400000006,1.2735,1.27,1.37
2025-06-27,1.27,1.2899,1.23,1.23,14149.0,1.351075,1.320468373203619,-0.05254968050832365,41.7582401521556,-0.08000000000000007,1.7043314708685553,0.9978185291314448,0.06910714285714285,1202067.45,32285771.400000006,1.26,1.26,1.31
2025-06-30,1.22,1.46,1.15,1.18,455487.0,1.3100749999999999,1.3070904328985125,-0.05707417566202544,29.94652294317828,-0.1100000000000001,1.4977455610202752,1.1224044389797245,0.08589285714285713,140706.25,31830284.400000006,1.23,1.218,1.29
2025-07-01,1.17,1.1819,1.14,1.15,51382.0,1.287075,1.2921294392891303,-0.06236175248430453,19.780219019442114,-0.14000000000000012,1.426536473646165,1.147613526353835,0.08174285714285714,92584.5,31778902.400000006,1.18,1.28,1.29
2025-07-02,1.1533,1.19,1.1502,1.17,35097.0,1.273075,1.280498064118737,-0.06419832404040005,23.958332459852457,-0.09000000000000008,1.399255436802066,1.146894563197934,0.07601428571428573,86807.9,31813999.400000006,1.15,1.2735,1.26
2025-07-03,1.19,1.19,1.17,1.19,35219.0,1.263575,1.2718792008693334,-0.06331018695141033,32.55813820984321,-0.08000000000000007,1.3843537341859498,1.14279626581405,0.0745857142857143,79791.45,31849218.400000006,1.17,1.26,1.27
2025-07-07,1.2,1.29,1.15,1.2216,125091.0,1.260655,1.2670907055484444,-0.05937207171700054,40.38245060361557,-0.03839999999999999,1.3825801103189872,1.138729889681013,0.0795857142857143,75738.4,31974309.400000006,1.19,1.23,1.26
2025-07-08,1.19,1.245,1.19,1.195,18220.0,1.255905,1.2602249240676402,-0.05773198631434906,37.57195048140423,-0.02299999999999991,1.3803916760994819,1.1314183239005182,0.07922857142857145,74147.85,31956089.400000006,1.2216,1.18,1.218
2025-07-09,1.2001,1.2001,1.1897,1.1902,20858.0,1.2489149999999998,1.2535558836802458,-0.05617201072749278,40.22408805843913,-0.0898000000000001,1.3715701052426552,1.1262598947573443,0.07640000000000002,71269.2,31935231.400000006,1.195,1.15,1.28
2025-07-10,1.2,1.21,1.17,1.205,37134.0,1.2406650000000001,1.2489315138059367,-0.05312904397736329,41.01713495234969,-0.0685,1.3505606495474476,1.1307693504525527,0.07068571428571431,69424.1,31972365.400000006,1.1902,1.17,1.2735
2025-07-11,1.2,1.22,1.17,1.21,29915.0,1.2326650000000001,1.2452237505863237,-0.0497406336292292,42.99327185564517,-0.050000000000000044,1.3247734092394035,1.1405565907605968,0.07090000000000003,65160.05,32002280.400000006,1.205,1.19,1.26
2025-07-14,1.195,1.2099,1.14,1.2,115677.0,1.2271649999999998,1.2409167267209595,-0.0473167721470249,47.22906200367344,-0.030000000000000027,1.3127344307195397,1.14159556928046,0.07303571428571431,69119.9,31886603.400000006,1.21,1.2216,1.23
2025-07-15,1.19,1.2,1.15,1.155,94022.0,1.220415,1.2327341813189634,-0.048468256488351624,29.694605536957525,-0.02499999999999991,1.3064118242986662,1.1344181757013339,0.07193571428571431,72777.45,31792581.400000006,1.2,1.195,1.18
2025-07-16,1.15,1.16,1.11,1.1499,94234.0,1.21341,1.2248452116695383,-0.049224909388384086,29.83028584326371,-9.999999999998899e-05,1.2983586507434932,1.128461349256507,0.07263571428571429,74933.15,31698347.400000006,1.155,1.1902,1.15
2025-07-17,1.12,1.18,1.12,1.16,65046.0,1.20841,1.2186694772248203,-0.048451062978000614,33.49834828720503,-0.010000000000000009,1.2935838754114999,1.1232361245885,0.07120714285714284,77273.05,31763393.400000006,1.1499,1.205,1.17
