Date,Open,High,Low,Close,Volume,SMA_20,EMA_20,MACD,RSI_14,Momentum_10,Bollinger_Upper,Bollinger_Lower,ATR_14,Volume_MA_20,OBV,Lag_1,Lag_5,Lag_10
2023-08-15,1.54,1.58,1.54,1.55,184912.0,1.543,1.5300673306391308,-0.008284483300994294,50.70422435231107,-0.1299999999999999,1.6612504033597215,1.4247495966402783,0.07862857142857142,328740.4,1901606.0,1.51,1.46,1.68
2023-08-16,1.51,1.54,1.48,1.54,88659.0,1.545,1.5310132991496899,-0.006769600939470211,53.73134216083764,-0.07000000000000006,1.6615287405253358,1.428471259474664,0.07577142857142857,309074.65,1812947.0,1.55,1.44,1.61
2023-08-17,1.57,1.59,1.515,1.53,139836.0,1.544,1.530916794468767,-0.006186863390046593,46.6666655777778,-0.09999999999999987,1.6606912254853088,1.4273087745146913,0.07327142857142857,294745.6,1673111.0,1.54,1.53,1.63
2023-08-18,1.49,1.58,1.48,1.57,215917.0,1.5470000000000002,1.5346390045193605,-0.0029440578713135768,47.54098251545286,0.0,1.6630943355071304,1.43090566449287,0.07684285714285717,295483.25,1889028.0,1.53,1.49,1.57
2023-08-21,1.54,1.59,1.515,1.53,362268.0,1.5470000000000002,1.5341971945651358,-0.0031405693532158274,36.84210435826411,0.020000000000000018,1.6630943355071304,1.43090566449287,0.07112857142857146,294940.95,1526760.0,1.57,1.51,1.51
2023-08-22,1.58,1.7,1.56,1.58,460078.0,1.5465,1.5385593665113133,0.00021882375803894405,47.272726069421516,0.1200000000000001,1.6618986226315684,1.4311013773684316,0.07541428571428575,300229.65,1986838.0,1.53,1.55,1.46
2023-08-23,1.57,1.57,1.48,1.54,302639.0,1.5465000000000002,1.538696569700712,2.2716108837306237e-05,42.10526212373042,0.10000000000000009,1.6618986226315686,1.4311013773684318,0.07755714285714291,283113.6,1684199.0,1.58,1.54,1.44
2023-08-24,1.78,1.84,1.48,1.52,803990.0,1.548,1.5369159440149298,-0.0015479865025909145,45.28301767176934,-0.010000000000000009,1.661062628196663,1.4349373718033371,0.09892857142857149,315002.05,880209.0,1.54,1.53,1.53
2023-08-25,1.52,1.58,1.435,1.51,389621.0,1.545,1.5343525207754127,-0.0034697148517213172,49.999998541666706,0.020000000000000018,1.6587865036858618,1.431213496314138,0.10250000000000006,279196.65,490588.0,1.52,1.57,1.49
2023-08-28,1.51,1.62,1.49,1.55,712592.0,1.5425,1.53584275689204,-0.002045297279946956,59.57446631054782,0.040000000000000036,1.6533578986099347,1.4316421013900653,0.10607142857142864,283235.55,1203180.0,1.51,1.53,1.51
2023-08-29,1.55,1.67,1.53,1.65,803392.0,1.541,1.5467148752832744,0.006353432914864898,69.09090733223144,0.09999999999999987,1.6445984149441841,1.4374015850558157,0.11178571428571435,302459.9,2006572.0,1.55,1.58,1.55
2023-08-30,1.66,1.75,1.63,1.74,654322.0,1.5474999999999999,1.565122982399153,0.019421829758420994,69.09090733223144,0.19999999999999996,1.6812515371284027,1.413748462871597,0.11392857142857149,325167.65,2660894.0,1.65,1.54,1.54
2023-08-31,1.74,1.85,1.7048,1.84,851639.0,1.558,1.5913017459801861,0.03676910558063984,78.68852278419783,0.31000000000000005,1.7424023061849168,1.3735976938150833,0.12072857142857149,362118.75,3512533.0,1.74,1.52,1.53
2023-09-01,1.81,1.91,1.8,1.9,289903.0,1.5745,1.6207015796963589,0.05434630446387634,79.9999982769231,0.32999999999999985,1.8141905900267432,1.3348094099732568,0.12358571428571433,371268.2,3802436.0,1.84,1.51,1.57
2023-09-05,1.86,1.87,1.7201,1.74,286213.0,1.586,1.6320633340109914,0.055548025110317756,62.33766120425032,0.20999999999999996,1.8345664159895592,1.337433584010441,0.13143571428571435,373402.0,3516223.0,1.9,1.55,1.53
2023-09-06,1.75,1.7899,1.74,1.77,196379.0,1.6015000000000001,1.645200159343278,0.05809295013834492,64.55696088126905,0.18999999999999995,1.8555845279988943,1.347415472001106,0.13071428571428576,365194.1,3712602.0,1.74,1.65,1.58
2023-09-07,1.73,1.76,1.63,1.75,275565.0,1.6169999999999998,1.65518109654868,0.05791075478098828,63.74999888437502,0.20999999999999996,1.867397578599356,1.3666024214006436,0.1346428571428572,371786.4,3437037.0,1.77,1.74,1.54
2023-09-08,1.73,1.735,1.675,1.72,148874.0,1.6265,1.6613543254488057,0.054836076870677486,59.49366983175775,0.19999999999999996,1.877416215833933,1.3755837841660672,0.13178571428571434,367771.1,3288163.0,1.75,1.84,1.52
2023-09-11,1.76,1.76,1.67,1.71,294080.0,1.6375,1.6659872468346337,0.051041431590303166,61.842104123961235,0.19999999999999996,1.8824382306666416,1.3925617693333583,0.1328571428571429,381055.35,2994083.0,1.72,1.9,1.51
2023-09-12,1.68,1.695,1.55,1.58,350488.0,1.641,1.6577979852313354,0.03758915081100023,49.99999916666668,0.030000000000000027,1.8802004224604607,1.4017995775395393,0.13321428571428576,390568.35,2643595.0,1.71,1.74,1.55
2023-09-13,1.62,1.62,1.52,1.53,246345.0,1.6400000000000001,1.6456267485426368,0.02280889954075893,49.411763892041535,-0.11999999999999988,1.880962980340833,1.3990370196591673,0.13392857142857148,393640.0,2397250.0,1.58,1.77,1.65
2023-09-14,1.54,1.6,1.54,1.55,278264.0,1.6405,1.6365194391576239,0.012510088749961623,51.764705029757806,-0.18999999999999995,1.8806293511071848,1.4003706488928154,0.11250000000000004,403120.25,2675514.0,1.53,1.75,1.74
2023-09-15,1.55,1.6047,1.5,1.56,1499309.0,1.6420000000000001,1.6292318735235645,0.005072700169108879,52.941175598615935,-0.28,1.879584334057348,1.4044156659426523,0.10962142857142862,471093.9,4174823.0,1.55,1.72,1.84
2023-09-18,1.56,1.58,1.53,1.55,176458.0,1.641,1.6216859808070345,-0.0015792131702305756,49.99999914634147,-0.34999999999999987,1.8800243326085173,1.4019756673914827,0.10390714285714289,469120.95,3998365.0,1.56,1.71,1.9
2023-09-19,1.57,1.58,1.53,1.54,159511.0,1.6415,1.613906363587317,-0.007542279542648522,42.46575261024585,-0.19999999999999996,1.8795866715250864,1.4034133284749135,0.09747857142857148,458983.1,3838854.0,1.55,1.58,1.74
2023-09-20,1.52,1.56,1.5,1.5,216812.0,1.6375,1.603058138483763,-0.015223645461932556,32.352940510380634,-0.27,1.8825241663698968,1.392475833630103,0.09319285714285719,446819.8,3622042.0,1.54,1.53,1.77
2023-09-21,1.48,1.49,1.4,1.4,202838.0,1.6305,1.583719268151976,-0.0288275525940882,17.647058460207603,-0.3500000000000001,1.8945155497812876,1.3664844502187126,0.08925000000000005,441829.75,3419204.0,1.5,1.55,1.75
2023-09-22,1.49,1.505,1.43,1.45,88344.0,1.627,1.5709840997565498,-0.035261865722296504,16.41791010470041,-0.27,1.8989210411711066,1.3550789588288934,0.08675000000000006,406047.45,3507548.0,1.4,1.56,1.72
2023-09-25,1.45,1.465,1.43,1.46,34786.0,1.6245,1.5604141854940212,-0.03911826176872646,23.07692245562133,-0.25,1.9018160841464402,1.34718391585356,0.0785428571428572,388305.7,3542334.0,1.45,1.55,1.71
2023-09-26,1.45,1.54,1.45,1.52,259465.0,1.623,1.5565652154469716,-0.03700706644308771,27.272726578512433,-0.06000000000000005,1.902330025521594,1.343669974478406,0.08140714285714291,365649.35,3801799.0,1.46,1.54,1.58
2023-09-27,1.53,1.53,1.48,1.51,93445.0,1.616,1.5521304330234504,-0.03571240447613144,27.777777057613207,-0.020000000000000018,1.8994672542120625,1.3325327457879377,0.0756928571428572,330152.0,3708354.0,1.52,1.5,1.53
2023-09-28,1.49,1.5,1.45,1.45,82675.0,1.6015000000000001,1.542403725116455,-0.03898884548891357,26.315788827331517,-0.10000000000000009,1.887913392806529,1.3150866071934713,0.07497857142857148,301569.65,3625679.0,1.51,1.4,1.55
2023-09-29,1.49,1.565,1.48,1.55,186688.0,1.587,1.543127179867269,-0.033267743104870684,37.87878707529847,-0.010000000000000009,1.8510653826532153,1.3229346173467846,0.07462142857142862,268322.1,3812367.0,1.45,1.45,1.56
2023-10-02,1.52,1.53,1.45,1.46,259789.0,1.565,1.5352103055941957,-0.035473114812789364,40.322579734651434,-0.09000000000000008,1.7896400629779476,1.3403599370220523,0.06997857142857147,266816.4,3552578.0,1.55,1.46,1.55
2023-10-03,1.44,1.47,1.43,1.43,60844.0,1.5494999999999999,1.5251902764899865,-0.03915372048224852,41.66666569444447,-0.1100000000000001,1.7659279386576008,1.333072061342399,0.06569285714285719,255547.95,3491734.0,1.46,1.52,1.54
2023-10-04,1.43,1.46,1.42,1.44,66279.0,1.533,1.5170769168242735,-0.04080265768828206,40.677965136455065,-0.06000000000000005,1.7278926830200048,1.338107316979995,0.06426428571428576,249042.95,3558013.0,1.43,1.51,1.5
2023-10-05,1.43,1.465,1.42,1.45,199326.0,1.518,1.5106886390314855,-0.0408406310634839,40.677965136455065,0.050000000000000044,1.6870344094524736,1.3489655905475264,0.06000000000000005,245231.0,3757339.0,1.44,1.45,1.4
2023-10-06,1.46,1.5,1.45,1.49,81696.0,1.5065,1.5087182924570584,-0.03725008463240553,45.16128930280959,0.040000000000000036,1.6464661613240448,1.3665338386759551,0.06000000000000005,241872.1,3839035.0,1.45,1.55,1.45
2023-10-09,1.46,1.57,1.46,1.53,112301.0,1.4975,1.5107451217468624,-0.0308554526203193,49.23076817041422,0.07000000000000006,1.6006860863733656,1.3943139136266345,0.06428571428571435,232783.15,3951336.0,1.49,1.46,1.46
2023-10-10,1.56,1.63,1.54,1.56,167106.0,1.4965,1.5154360625328755,-0.023124498820424888,54.68749880371096,0.040000000000000036,1.5966630250089642,1.3963369749910357,0.06642857142857148,223614.05,4118442.0,1.53,1.43,1.52
2023-10-11,1.56,1.61,1.56,1.57,65120.0,1.4985,1.520632628005935,-0.016013966783634537,65.45454378842979,0.06000000000000005,1.6029836930112167,1.3940163069887832,0.06357142857142861,214552.8,4183562.0,1.56,1.44,1.51
2023-10-12,1.54,1.54,1.49,1.49,79185.0,1.4955,1.5177152348625127,-0.01658850679626367,53.4482745719382,0.040000000000000036,1.5971650848309449,1.3938349151690552,0.06178571428571433,204598.85,4104377.0,1.57,1.45,1.45
2023-10-13,1.5,1.51,1.4753,1.51,24262.0,1.4929999999999999,1.5169804505898925,-0.015266424716260385,54.23728684860676,-0.040000000000000036,1.5903544797985232,1.3956455202014766,0.06176428571428575,130846.5,4128639.0,1.49,1.49,1.55
2023-10-16,1.5,1.66,1.5,1.57,207647.0,1.494,1.5220299314860932,-0.009305077173816123,54.23728684860676,0.1100000000000001,1.594189294522125,1.393810705477875,0.06676428571428573,132405.95,4336286.0,1.51,1.53,1.46
2023-10-17,1.56,1.75,1.5401,1.74,437703.0,1.504,1.5427889856302748,0.008940981012426352,65.3333321137778,0.31000000000000005,1.6520256023374589,1.3559743976625411,0.0781857142857143,146315.55,4773989.0,1.57,1.56,1.43
2023-10-18,1.71,1.75,1.65,1.68,173714.0,1.5130000000000001,1.5558567012845343,0.01837666922818726,65.3333321137778,0.24,1.6805960054793394,1.3454039945206608,0.08175714285714288,144160.65,4600275.0,1.74,1.57,1.44
2023-10-19,1.66,1.66,1.58,1.65,106055.0,1.5254999999999999,1.5648227297336263,0.023179777984587258,57.35293999567475,0.19999999999999996,1.6948921019720977,1.356107898027902,0.08140000000000001,139321.5,4494220.0,1.68,1.49,1.45
2023-10-20,1.62,1.64,1.6,1.64,61409.0,1.535,1.5719824697589952,0.025884788402362746,64.99999848333336,0.1499999999999999,1.7078400538374297,1.3621599461625702,0.07854285714285714,137974.75,4432811.0,1.65,1.51,1.49
2023-10-23,1.58,1.61,1.55,1.55,84164.0,1.5394999999999999,1.5698889012105195,0.02056484980958251,59.0909078374656,0.020000000000000018,1.708767772914302,1.3702322270856977,0.07997142857142857,140443.65,4348647.0,1.64,1.57,1.53
2023-10-24,1.56,1.64,1.56,1.63,60765.0,1.545,1.5756137677618987,0.022515001788606215,63.01369742165512,0.06999999999999984,1.718690589994481,1.3713094100055188,0.0828285714285714,130508.65,4409412.0,1.55,1.74,1.56
2023-10-25,1.64,1.64,1.6,1.6,102851.0,1.5495,1.5779362660702894,0.02140306526558966,59.999998880000035,0.030000000000000027,1.7240339659297221,1.374966034070278,0.08247142857142853,130978.95,4306561.0,1.63,1.68,1.57
2023-10-26,1.6,1.71,1.585,1.7,192698.0,1.5619999999999998,1.5895613835874047,0.028233680282951257,62.962961874714246,0.20999999999999996,1.7422454466904256,1.381754553309574,0.08782857142857138,136480.1,4499259.0,1.6,1.65,1.49
2023-10-27,1.71,1.71,1.66,1.68,72827.0,1.5685,1.598174585150509,0.031673472787333345,59.49366983175775,0.16999999999999993,1.756147485854109,1.380852514145891,0.0835428571428571,130787.05,4426432.0,1.7,1.64,1.51
2023-10-30,1.71,1.71,1.665,1.7,79840.0,1.5805,1.6078722437076034,0.035597255400686034,58.974357915844855,0.1299999999999999,1.7696226279984824,1.3913773720015177,0.08032857142857139,121789.6,4506272.0,1.68,1.55,1.57
2023-10-31,1.68,1.74,1.67,1.71,181805.0,1.5945,1.6175986966878317,0.03906067305767835,58.974357915844855,-0.030000000000000027,1.7780870652478427,1.4109129347521574,0.08175714285714282,127837.65,4688077.0,1.7,1.63,1.74
2023-11-01,1.68,1.68,1.61,1.64,62551.0,1.6044999999999998,1.6197321541461336,0.035760837500564024,59.74025865407322,-0.040000000000000036,1.7738921019720997,1.4351078980279,0.08318571428571422,127651.25,4625526.0,1.71,1.6,1.68
2023-11-02,1.68,1.71,1.63,1.71,103816.0,1.6175000000000002,1.6283290918465019,0.038336969226907325,62.19512088935159,0.06000000000000005,1.776559737205869,1.4584402627941313,0.08642142857142852,122875.75,4729342.0,1.64,1.7,1.65
2023-11-03,1.68,1.79,1.61,1.68,251916.0,1.627,1.6332501307182636,0.037530949042996475,56.9620243070021,0.040000000000000036,1.7763987951758653,1.4776012048241347,0.08784999999999996,131386.75,4477426.0,1.71,1.68,1.64
2023-11-06,1.67,1.75,1.67,1.75,76409.0,1.638,1.644369165887953,0.04204283173908796,50.72463665196389,0.19999999999999996,1.7897060870304995,1.4862939129695003,0.07857142857142853,129592.15,4553835.0,1.68,1.7,1.55
2023-11-07,1.711,1.75,1.71,1.71,40244.0,1.6454999999999997,1.6506197215176717,0.04191429921046552,52.23880487859215,0.08000000000000007,1.7957944478436638,1.4952055521563357,0.07428571428571425,123249.05,4513591.0,1.75,1.71,1.63
2023-11-08,1.7,1.74,1.698,1.72,66409.0,1.653,1.6572273670874171,0.04213194212463556,55.384614191716004,0.11999999999999988,1.802398795175866,1.503601204824134,0.07157142857142854,123313.5,4580000.0,1.71,1.64,1.6
2023-11-09,1.71,1.75,1.71,1.72,99426.0,1.6644999999999999,1.6632057130790916,0.041822178260645826,56.249998769531295,0.020000000000000018,1.7953233038953904,1.5336766961046093,0.07157142857142855,124325.55,4580000.0,1.72,1.71,1.7
2023-11-10,1.71,1.79,1.71,1.74,139738.0,1.6760000000000002,1.6705194546906066,0.04269550386737775,66.66666502923981,0.06000000000000005,1.7888389630355932,1.5631610369644071,0.07299999999999998,130099.35,4719738.0,1.72,1.68,1.68
2023-11-13,1.72,1.72,1.68,1.68,75943.0,1.6815000000000002,1.6714223637676917,0.03811419231077329,54.545453157024845,-0.020000000000000018,1.7827084872663232,1.5802915127336772,0.07014285714285715,123514.15,4643795.0,1.74,1.75,1.7
2023-11-14,1.59,1.77,1.59,1.74,194636.0,1.6814999999999998,1.6779535672183878,0.03886986186089891,62.06896401902499,0.030000000000000027,1.7827084872663228,1.5802915127336767,0.08014285714285715,111360.8,4838431.0,1.68,1.71,1.71
2023-11-15,1.75,1.8,1.7409,1.8,94227.0,1.6875,1.6895770370071128,0.043798755379432786,59.25925772290813,0.16000000000000014,1.8017250778990905,1.5732749221009095,0.0754357142857143,107386.45,4932658.0,1.74,1.72,1.64
2023-11-16,1.76,1.79,1.7,1.71,101566.0,1.6905000000000001,1.6915220811016736,0.0399905480671523,52.45901518946523,0.0,1.8037254388377484,1.5772745611622518,0.07829285714285716,107162.0,4831092.0,1.8,1.72,1.71
2023-11-17,1.71,1.775,1.71,1.77,23756.0,1.6969999999999998,1.6989961686158,0.0413319648536683,55.384614191716004,0.09000000000000008,1.812912852927037,1.5810871470729626,0.0797214285714286,105279.35,4854848.0,1.71,1.74,1.68
2023-11-20,1.78,1.8297,1.76,1.8,178371.0,1.7095000000000002,1.7086155811285808,0.04430243448276383,56.7164167253286,0.050000000000000044,1.8117844331418953,1.6072155668581052,0.07970000000000002,109989.7,5033219.0,1.77,1.68,1.75
2023-11-21,1.79,1.8,1.73,1.78,69679.0,1.717,1.715414097211573,0.04453087307937875,61.29032119667016,0.07000000000000006,1.8167048275239466,1.6172951724760536,0.07970000000000003,110435.4,4963540.0,1.8,1.74,1.71
2023-11-22,1.81,1.84,1.7511,1.82,156554.0,1.7280000000000002,1.7253746593818995,0.04739027181436617,59.32203249066364,0.10000000000000009,1.8217185034811054,1.634281496518895,0.08033571428571432,113120.55,5120094.0,1.78,1.8,1.72
2023-11-24,1.84,1.915,1.8299,1.88,125885.0,1.737,1.7401008822979092,0.0538726672352523,66.12903076482833,0.15999999999999992,1.8516344303932293,1.622365569606771,0.07355714285714289,109779.9,5245979.0,1.82,1.71,1.72
2023-11-27,1.88,1.97,1.8799,1.93,253311.0,1.7495,1.7581865125552512,0.062322890309481016,64.99999848333336,0.18999999999999995,1.8896465398487605,1.6093534601512396,0.07427857142857146,118804.1,5499290.0,1.88,1.77,1.74
2023-11-28,1.99,1.99,1.89,1.91,171039.0,1.7600000000000002,1.7726449399309414,0.06663876992992002,67.24137768727707,0.22999999999999998,1.915190884159854,1.6048091158401465,0.07856428571428575,123364.05,5328251.0,1.93,1.8,1.68
2023-11-29,2.03,2.14,1.984,2.04,639683.0,1.7765,1.7981073266041852,0.07962405034403264,72.85714140000002,0.30000000000000004,1.9737735210444236,1.5792264789555763,0.0867071428571429,146257.95,5967934.0,1.91,1.78,1.74
2023-11-30,2.03,2.22,1.9637,2.22,3266619.0,1.8054999999999999,1.8382875812133104,0.10324019851618127,78.40908966167356,0.42000000000000015,2.0754298154394206,1.5355701845605794,0.10215714285714292,306461.35,9234553.0,2.04,1.82,1.8
2023-12-01,2.17,2.3,2.15,2.28,522579.0,1.834,1.8803554306215664,0.1253496788526538,79.34782487948961,0.5699999999999998,2.173001630177732,1.4949983698222682,0.10715714285714291,327399.5,9757132.0,2.22,1.88,1.71
2023-12-04,2.27,2.5,2.21,2.36,820909.0,1.8679999999999999,1.9260358658004648,0.1476215630900508,86.1702114825713,0.5899999999999999,2.2721156686942647,1.4638843313057353,0.12501428571428577,355849.15,10578041.0,2.28,1.93,1.77
2023-12-05,2.34,2.37,2.245,2.34,421432.0,1.8974999999999997,1.9654610214385158,0.16179384521378815,83.33333203703705,0.5399999999999998,2.3487380629708516,1.4462619370291478,0.12108571428571434,373100.3,10156609.0,2.36,1.91,1.8
2023-12-06,2.35,2.35,2.26,2.28,237895.0,1.9259999999999997,1.9954171146348476,0.16626933544116285,76.66666547407408,0.4999999999999998,2.398859164523314,1.4531408354766855,0.1232928571428572,382982.85,9918714.0,2.34,2.04,1.78
2023-12-07,2.3,2.3,2.08,2.2,390994.0,1.95,2.0149011989553385,0.16150174500956105,77.52808866809751,0.3800000000000001,2.427537543302263,1.4724624566977371,0.13257857142857146,399212.1,9527720.0,2.28,2.22,1.82
2023-12-08,2.19,2.29,2.175,2.29,261598.0,1.9785,2.0411010847691156,0.16310256015043834,78.26086837429115,0.41000000000000014,2.4661700782938816,1.490829921706118,0.13615000000000005,407320.7,9789318.0,2.2,2.28,1.88
2023-12-11,2.25,2.29,2.18,2.21,192290.0,2.002,2.0571866957434857,0.15611846962613107,71.13401959188013,0.28,2.486566002239446,1.5174339977605538,0.13902857142857147,409948.3,9597028.0,2.29,2.36,1.93
2023-12-12,2.19,2.19,2.13,2.15,222309.0,2.0255,2.06602605805363,0.14408268222811582,68.31683073620235,0.24,2.4894634740614405,1.5615365259385594,0.13831428571428575,417266.6,9374719.0,2.21,2.34,1.91
2023-12-13,2.12,2.195,2.07,2.18,214549.0,2.0475000000000003,2.0768807191913794,0.135403341375675,67.99999904800002,0.14000000000000012,2.4959300097944093,1.5990699902055912,0.14089285714285718,418262.25,9589268.0,2.15,2.28,2.04
2023-12-14,2.18,2.2,2.08,2.14,294656.0,2.0645,2.0828920792683907,0.12387021695975475,63.265305218658916,-0.08000000000000007,2.4989857819731798,1.6300142180268198,0.1433857142857143,428283.7,9294612.0,2.18,2.2,2.22
2023-12-15,2.13,2.19,2.03,2.03,885509.0,2.0805,2.0778547383856867,0.1046500428595567,54.807691569896456,-0.25,2.4823627678829303,1.6786372321170693,0.1483785714285715,467480.85,8409103.0,2.14,2.29,2.28
2023-12-18,2.03,2.1,1.9963,2.06,276983.0,2.0949999999999998,2.0761542871108594,0.09079148225229039,57.142856380952395,-0.2999999999999998,2.4696998799039087,1.7203001200960908,0.14864285714285722,480142.2,8686086.0,2.03,2.21,2.36
2023-12-19,2.04,2.13,1.94,2.03,513959.0,2.1064999999999996,2.071758640719349,0.07650635219901547,49.473683481440446,-0.31000000000000005,2.456373661408475,1.7566263385915244,0.1510714285714286,496921.6,8172127.0,2.06,2.15,2.34
2023-12-20,2.05,2.06,1.965,2.04,616684.0,2.1194999999999995,2.0687340082698875,0.06523998465498426,38.46153777120317,-0.23999999999999977,2.4360255456556947,1.8029744543443043,0.13955000000000004,524271.85,8788811.0,2.03,2.18,2.28
2023-12-21,2.05,2.07,2.015,2.06,509294.0,2.1315,2.0679021979584697,0.05726471136182942,35.13513447041642,-0.14000000000000012,2.416882476502572,1.846117523497428,0.13276428571428572,541908.85,9298105.0,2.04,2.14,2.2
2023-12-22,2.04,2.065,2.03,2.05,440733.0,2.1399999999999997,2.06619722672433,0.049566107718266306,26.86567108041885,-0.2400000000000002,2.403098940764844,1.8769010592351552,0.11455000000000003,557651.25,8857372.0,2.06,2.03,2.29
2023-12-26,2.04,2.3,2.04,2.28,827721.0,2.1574999999999998,2.086559395607727,0.061314082466521036,46.59090834969009,0.06999999999999984,2.4080467705050905,1.906953229494909,0.12419285714285715,586371.75,9685093.0,2.05,2.06,2.21
2023-12-27,2.29,2.3,2.22,2.24,497959.0,2.174,2.101172786502229,0.06662917602055307,47.67441782855602,0.0900000000000003,2.3979736826645492,1.9500263173354508,0.1234785714285714,602717.75,9187134.0,2.28,2.03,2.15
2023-12-28,2.28,2.3,2.24,2.3,714005.0,2.187,2.120108711597255,0.07481972752589083,55.952380019841264,0.11999999999999966,2.4083927208426457,1.965607279157354,0.11204999999999996,606433.85,9901139.0,2.24,2.04,2.18
2023-12-29,2.28,2.305,2.23,2.3,700683.0,2.191,2.1372412152546594,0.08038415018934408,50.666665720888886,0.1599999999999997,2.4177296094238203,1.9642703905761796,0.10919285714285709,478137.05,9901139.0,2.3,2.06,2.14
2024-01-02,2.26,2.2975,2.255,2.28,309434.0,2.191,2.1508372899923107,0.08223241150399518,55.07246265070364,0.25,2.4177296094238203,1.9642703905761796,0.10437142857142853,467479.8,9591705.0,2.3,2.05,2.03
2024-01-03,2.27,2.3,2.23,2.27,236200.0,2.1864999999999997,2.1621861195168526,0.08194570862810213,59.374998701171904,0.20999999999999996,2.4024215257058965,1.9705784742941028,0.10508571428571423,438244.35,9355505.0,2.28,2.28,2.06
2024-01-04,2.25,2.26,2.13,2.19,334864.0,2.179,2.1648350605152475,0.07440612167790661,50.72463665196387,0.16000000000000014,2.3825371426080677,1.975462857391932,0.10544285714285707,433915.95,9020641.0,2.27,2.24,2.03
2024-01-05,2.17,2.275,2.111,2.24,295097.0,2.177,2.171993626180462,0.071639312730845,57.14285600000002,0.20000000000000018,2.3771157559750806,1.9768842440249195,0.10858571428571419,436776.05,9315738.0,2.19,2.3,2.04
2024-01-08,2.29,2.315,2.19,2.29,1396167.0,2.1814999999999998,2.1832323284489896,0.0726434157470055,70.31249846191412,0.22999999999999998,2.387747169039593,1.9752528309604067,0.10608571428571419,487034.7,10711905.0,2.24,2.3,2.06
2024-01-09,2.27,2.29,2.1803,2.21,360834.0,2.1774999999999998,2.185781630501467,0.06622101757951526,60.869563982356674,0.16000000000000014,2.377907479637715,1.9770925203622847,0.1065142857142856,491996.5,10351071.0,2.29,2.28,2.05
2024-01-10,2.22,2.3,2.22,2.3,222561.0,2.182,2.196659570453708,0.06761349391502369,67.9999987306667,0.020000000000000018,2.3893999441709415,1.9746000558290584,0.09865714285714274,493510.05,10573632.0,2.21,2.27,2.28
2024-01-11,2.24,2.3,2.21,2.27,346492.0,2.1879999999999997,2.203644373267641,0.06554094087236484,64.93506375442743,0.029999999999999805,2.398423132608671,1.9775768673913283,0.09829999999999986,499719.2,10227140.0,2.3,2.19,2.24
2024-01-12,2.26,2.3,2.215,2.24,211736.0,2.191,2.207106813908818,0.06077723067319507,61.53846043392509,-0.05999999999999961,2.4026501582179627,1.9793498417820372,0.10044285714285703,499578.55,10015404.0,2.27,2.24,2.3
2024-01-16,2.22,2.22,1.892,1.97,572135.0,2.1825,2.1845252125841688,0.03481522321509267,46.15384553254439,-0.32999999999999985,2.415365445675133,1.9496345543248677,0.12137142857142846,513452.5,9443269.0,2.24,2.29,2.3
2024-01-17,1.92,1.97,1.88,1.97,311856.0,2.1795,2.1640942399571053,0.01407787585297493,30.864196997408925,-0.30999999999999983,2.421984942560204,1.937015057439796,0.10922857142857134,484769.85,9443269.0,1.97,2.21,2.28
2024-01-18,1.95,1.9897,1.91,1.93,354244.0,2.173,2.141799550437381,-0.005520469999526156,30.86419699740891,-0.3400000000000001,2.4351449980449833,1.9108550019550168,0.10920714285714281,488632.9,9089025.0,1.97,2.3,2.27
2024-01-19,1.98,1.98,1.92,1.94,133978.0,2.1685000000000003,2.122580545633821,-0.02001469596558003,26.315788988919678,-0.25,2.443743432925157,1.8932565670748434,0.10920714285714284,469633.85,9223003.0,1.93,2.27,2.19
2024-01-22,1.91,1.93,1.84,1.84,213647.0,2.1585,2.0956681127163144,-0.03911932146590935,23.25581357490536,-0.40000000000000013,2.4660386154615455,1.850961384538455,0.11027857142857138,449482.0,9009356.0,1.94,2.24,2.24
2024-01-23,1.96,1.96,1.8,1.87,243550.0,2.149,2.074175911505237,-0.05124845542659706,26.43678118377595,-0.41999999999999993,2.4801797095234006,1.8178202904765994,0.11867142857142852,436194.8,9252906.0,1.84,1.97,2.29
2024-01-24,1.92,1.96,1.87,1.92,161632.0,2.1425,2.059492491361881,-0.05617885260537925,30.76923029585798,-0.29000000000000004,2.4867077096295565,1.7982922903704437,0.12009999999999996,422239.75,9414538.0,1.87,1.97,2.21
2024-01-25,1.92,1.96,1.9,1.91,136423.0,2.124,2.045255111232178,-0.06019917109422135,33.33333277777777,-0.3899999999999999,2.4767575580151986,1.7712424419848019,0.11509999999999997,387674.85,9278115.0,1.92,1.93,2.3
2024-01-26,1.96,1.99,1.89,1.89,91603.0,2.1065,2.030468910162447,-0.064258346203945,28.39506123761619,-0.3800000000000001,2.4696021314929735,1.7433978685070266,0.11052857142857142,367357.05,9186512.0,1.91,1.94,2.27
2024-01-29,1.87,1.92,1.865,1.91,79382.0,2.087,2.0189956806231666,-0.0651109253968487,25.64102518080209,-0.3300000000000003,2.4482318106875907,1.72576818931241,0.10552857142857142,335625.9,9265894.0,1.89,1.84,2.24
2024-01-30,1.89,1.92,1.79,1.81,483051.0,2.0625,1.999091330087627,-0.07301387221968936,24.999999562499994,-0.15999999999999992,2.4293285129249638,1.6956714870750365,0.1069785714285714,324744.3,8782843.0,1.91,1.87,1.97
2024-01-31,1.8,1.89,1.8,1.83,237843.0,2.04,1.9829873938888054,-0.07677816761341627,17.808218836554715,-0.1399999999999999,2.4058587590573044,1.674141240942696,0.10769285714285713,321164.75,9020686.0,1.81,1.92,1.97
2024-02-01,1.86,1.86,1.81,1.83,189137.0,2.018,1.9684171658993954,-0.07885243258955876,18.571428199999986,-0.09999999999999987,2.3785025731713447,1.6574974268286549,0.10483571428571428,318811.6,9020686.0,1.83,1.91,1.93
2024-02-02,1.78,1.84,1.78,1.81,136055.0,1.999,1.9533298167661197,-0.0811743673811054,18.84057932787229,-0.1299999999999999,2.3613839197083126,1.6366160802916876,0.10305,308871.15,8884631.0,1.83,1.89,1.94
2024-02-05,1.76,1.78,1.69,1.69,151149.0,1.9715,1.928250786597918,-0.09164092806768487,24.07407344993142,-0.15000000000000013,2.340297476872295,1.6027025231277048,0.08604999999999999,301673.75,8733482.0,1.81,1.91,1.84
2024-02-06,1.74,1.76,1.685,1.73,245039.0,1.9435000000000002,1.9093697593028782,-0.09560605726523241,29.310344120095138,-0.14000000000000012,2.29511432220396,1.5918856777960406,0.08497857142857142,244117.35,8978521.0,1.69,1.81,1.87
2024-02-07,1.76,1.76,1.68,1.68,290770.0,1.9170000000000003,1.8875250203216518,-0.10161164055337402,28.813558638322334,-0.24,2.263902079312854,1.5700979206871468,0.08499999999999998,240614.15,8687751.0,1.73,1.83,1.92
2024-02-08,1.73,1.75,1.69,1.72,147446.0,1.888,1.8715702564814944,-0.10196806800949831,32.25806378772114,-0.18999999999999995,2.194738359278121,1.5812616407218787,0.08499999999999998,236858.4,8835197.0,1.68,1.83,1.91
2024-02-09,1.69,1.7172,1.67,1.69,104918.0,1.859,1.8542778511023046,-0.1034784135248521,36.363635438016544,-0.19999999999999996,2.1199214441168106,1.5980785558831894,0.08194285714285714,224779.7,8730279.0,1.72,1.81,1.89
2024-02-12,1.68,1.76,1.68,1.71,100667.0,1.8325,1.8405371033782756,-0.10188706970551054,35.185184272976684,-0.19999999999999996,2.030582917247462,1.634417082752538,0.07622857142857144,219226.25,8830946.0,1.69,1.69,1.91
2024-02-13,1.67,1.7,1.62,1.62,119243.0,1.815,1.8195335697232018,-0.10665857409903934,24.137930451843076,-0.18999999999999995,2.023503439325417,1.6064965606745827,0.07551428571428573,196581.65,8711703.0,1.71,1.73,1.81
2024-02-14,1.63,1.68,1.63,1.68,94315.0,1.8005,1.8062446583209921,-0.10439518071335807,31.74603104056439,-0.15000000000000013,2.0038896959559507,1.597110304044049,0.0748,185704.6,8806018.0,1.62,1.68,1.83
2024-02-15,1.68,1.765,1.68,1.73,149717.0,1.7905000000000002,1.7989832622904214,-0.09744361743416197,37.87878707529846,-0.10000000000000009,1.986617580199123,1.5943824198008774,0.07372857142857143,175478.25,8955735.0,1.68,1.72,1.83
2024-02-16,1.7,1.79,1.7,1.78,112758.0,1.7825,1.7971753325484765,-0.08689820410125448,40.57970932157112,-0.030000000000000027,1.965558805622103,1.599441194377897,0.07622857142857144,174417.25,9068493.0,1.73,1.69,1.81
2024-02-20,1.83,1.83,1.64,1.66,221185.0,1.7734999999999999,1.7841110151629074,-0.08721839120577646,39.43661894068638,-0.030000000000000027,1.9622660763456947,1.584733923654305,0.08051428571428575,174794.15,8847308.0,1.78,1.71,1.69
2024-02-21,1.67,1.745,1.67,1.73,321138.0,1.7665000000000002,1.7789575851473924,-0.08089131145385986,43.42105183171746,0.0,1.9505223098602915,1.5824776901397088,0.07944285714285719,178673.55,9168446.0,1.66,1.62,1.73
2024-02-22,1.79,1.799,1.74,1.78,152316.0,1.7594999999999998,1.7790568627524026,-0.07102378791787256,46.913579436061596,0.10000000000000009,1.929016339842758,1.5899836601572417,0.08008571428571433,178207.75,9320762.0,1.73,1.68,1.68
2024-02-23,1.79,1.79,1.74,1.77,121939.0,1.7525,1.778194304395031,-0.06328114869015478,47.49999916875002,0.050000000000000044,1.9067213037369255,1.5982786962630744,0.07937142857142862,177483.55,9198823.0,1.78,1.73,1.72
2024-02-26,1.77,1.79,1.75,1.78,198210.0,1.7469999999999999,1.778366275405028,-0.055696110290392564,56.52173798361691,0.09000000000000008,1.8878395877361385,1.6061604122638613,0.07580000000000005,182813.9,9397033.0,1.77,1.78,1.69
2024-02-27,1.79,2.0,1.79,1.95,510374.0,1.7489999999999999,1.794712344414073,-0.03555753886053559,63.4146330636526,0.24,1.9003309374568866,1.5976690625431131,0.08544285714285718,204363.5,9907407.0,1.78,1.66,1.71
2024-02-28,2.0,2.18,1.9616,2.06,1145425.0,1.7614999999999998,1.8199778354222564,-0.010599367544581906,71.59090795196283,0.43999999999999995,1.9660045360454363,1.5569954639545633,0.09532857142857147,237482.2,11052832.0,1.95,1.73,1.62
2024-02-29,2.07,2.08,1.97,1.97,1171773.0,1.7685,1.8342656606201369,0.001896097999757318,63.440859260030074,0.29000000000000004,1.9916143204727148,1.5453856795272851,0.09890000000000006,284178.7,9881059.0,2.06,1.78,1.68
2024-03-01,2.0,2.05,1.88,1.88,784211.0,1.7710000000000001,1.8386213119896477,0.004484934537325458,59.595958753188455,0.1499999999999999,1.9981007195983902,1.54389928040161,0.10767142857142861,313932.4,9096848.0,1.97,1.77,1.73
2024-03-04,1.9,1.95,1.865,1.94,243907.0,1.7774999999999999,1.8482764251334909,0.011248416250201787,61.16504771231973,0.15999999999999992,2.0164340362615,1.5385659637384999,0.10802857142857146,319325.0,9340755.0,1.88,1.78,1.78
2024-03-05,1.94,1.95,1.86,1.86,231817.0,1.786,1.8493929560731583,0.010037515250297613,61.76470503460208,0.20000000000000018,2.023920818318774,1.548079181681226,0.10874285714285717,323358.4,9108938.0,1.94,1.95,1.66
2024-03-06,1.89,1.92,1.87,1.88,90974.0,1.7934999999999999,1.8523079126376194,0.010569850920630897,60.204080772594764,0.1499999999999999,2.033436395080471,1.553563604919529,0.10874285714285715,315655.15,9199912.0,1.86,2.06,1.73
2024-03-07,1.92,1.92,1.83,1.87,330165.0,1.8029999999999997,1.8539928733387985,0.010068751070162918,57.44680765504755,0.09000000000000008,2.039028544214914,1.5669714557850851,0.1091,317624.9,8869747.0,1.88,1.97,1.78
2024-03-08,1.85,1.91,1.83,1.84,160570.0,1.809,1.8526602187351033,0.0071682539819766244,53.26086875472591,0.07000000000000006,2.0422290493778283,1.5757709506221715,0.10838571428571428,318281.1,8709177.0,1.87,1.88,1.77
2024-03-11,1.87,1.925,1.82,1.85,265372.0,1.8170000000000002,1.8524068645698555,0.005611813461071868,61.72839399481789,0.07000000000000006,2.043933795121887,1.5900662048781136,0.10231428571428569,326303.8,8974549.0,1.84,1.94,1.78
2024-03-12,1.89,1.9499,1.87,1.94,193838.0,1.8285,1.860749067944155,0.011507892911089668,62.65060135288143,-0.010000000000000009,2.0559133727494157,1.6010866272505846,0.10266428571428567,330962.35,9168387.0,1.85,1.86,1.95
2024-03-13,1.95,2.02,1.9157,2.0,253753.0,1.8475000000000001,1.874011061473283,0.020782495273559576,63.09523704365082,-0.06000000000000005,2.0648403830521715,1.6301596169478287,0.10589999999999997,337687.85,9422140.0,1.94,1.88,2.06
2024-03-14,1.98,1.98,1.86,1.88,155916.0,1.8575000000000004,1.8745814365710656,0.01823945929788584,55.78947286204988,-0.09000000000000008,2.0603092181025557,1.654690781897445,0.11089999999999996,340767.9,9266224.0,2.0,1.87,1.97
2024-03-15,1.89,1.95,1.86,1.94,545726.0,1.8679999999999999,1.8808117759452498,0.020825508232889867,57.99999918800001,0.06000000000000005,2.064666964019999,1.671333035980001,0.11447142857142852,360568.35,9811950.0,1.88,1.84,1.88
2024-03-18,1.98,1.99,1.81,1.84,384206.0,1.8709999999999998,1.8769249401409402,0.01463709706231242,44.08602084171582,-0.09999999999999987,2.0638075124109707,1.6781924875890288,0.11232857142857136,374140.75,9427744.0,1.94,1.85,1.94
2024-03-19,1.82,1.85,1.74,1.83,380021.0,1.8795000000000002,1.8724558982227555,0.008824103188123544,36.144577703585426,-0.030000000000000027,2.0463879233119338,1.7126120766880664,0.10458571428571421,382082.55,9047723.0,1.84,1.94,1.86
2024-03-20,1.78,1.88,1.76,1.87,299899.0,1.8864999999999998,1.8722220031539216,0.007360080790131729,43.58974280736359,-0.009999999999999787,2.0380221019139535,1.7349778980860462,0.10529999999999992,381020.6,9347622.0,1.83,2.0,1.88
2024-03-21,1.89,1.89,1.83,1.86,238782.0,1.8905,1.8710580028535482,0.00533145976113758,48.571427600000035,-0.010000000000000009,2.0342065723875216,1.7467934276124788,0.09744285714285705,385343.9,9108840.0,1.87,1.88,1.87
2024-03-22,1.84,1.9,1.82,1.86,62352.0,1.895,1.8700048597246388,0.0036813269527997683,43.74999904296878,0.020000000000000018,2.0280611256449315,1.7619388743550686,0.09708571428571419,382364.55,9108840.0,1.86,1.94,1.84
2024-03-25,1.86,1.88,1.84,1.86,58060.0,1.8989999999999998,1.86905201594134,0.0023465354294087692,49.99999875000003,0.010000000000000009,2.0219291623146023,1.7760708376853973,0.09351428571428562,375357.05,9108840.0,1.86,1.84,1.85
2024-03-26,1.89,1.95,1.84,1.84,496127.0,1.8935000000000002,1.86628515728026,-0.00032142186746542123,46.42857026785719,-0.09999999999999987,2.0166644172811776,1.7703355827188227,0.0977999999999999,374644.7,8612713.0,1.86,1.83,1.94
2024-03-27,1.9,1.9,1.81,1.82,204572.0,1.8815000000000002,1.8618770470630923,-0.004003478335752542,45.6140339673746,-0.17999999999999994,1.980818732001155,1.7821812679988454,0.0977999999999999,327602.05,8408141.0,1.84,1.87,2.0
2024-03-28,1.85,1.89,1.75,1.75,281352.0,1.8705000000000003,1.8512220901999408,-0.012426695461592807,42.62294984144049,-0.1299999999999999,1.9770190865031951,1.7639809134968054,0.1020857142857142,283081.0,8126789.0,1.82,1.86,1.88
2024-04-01,1.8,1.88,1.76,1.85,149865.0,1.8690000000000002,1.8511057006570892,-0.010907268223296018,49.99999900000002,-0.08999999999999986,1.9758003548190508,1.7621996451809496,0.10315714285714275,251363.7,8276654.0,1.75,1.86,1.94
2024-04-02,1.8,1.84,1.73,1.74,421672.0,1.859,1.8405242053564141,-0.018367454039929232,36.111110408950644,-0.10000000000000009,1.9748765223030706,1.7431234776969293,0.10530714285714278,260251.95,7854982.0,1.85,1.86,1.84
2024-04-03,1.73,1.8,1.72,1.77,127769.0,1.8545000000000003,1.833807614370089,-0.021609853063865536,33.333332657004846,-0.06000000000000005,1.977013157188165,1.7319868428118355,0.1035714285714285,255049.55,7982751.0,1.74,1.84,1.83
2024-04-04,1.76,1.781,1.72,1.72,103868.0,1.8465,1.82296879395389,-0.027892528403273165,37.09677335587932,-0.15000000000000013,1.9821892735162578,1.7108107264837422,0.09935714285714278,255694.25,7878883.0,1.77,1.82,1.87
2024-04-05,1.72,1.7768,1.71,1.73,96193.0,1.8395000000000004,1.8141146231011387,-0.03169926858240357,31.57894659279782,-0.13000000000000012,1.9842284208076466,1.694771579192354,0.09769999999999993,243995.65,7975076.0,1.72,1.75,1.86
2024-04-08,1.71,1.77,1.71,1.77,65891.0,1.8359999999999999,1.8099132304248398,-0.031129631281658687,43.13725371780088,-0.09000000000000008,1.9840256023374667,1.687974397662533,0.08912857142857136,239261.7,8040967.0,1.73,1.85,1.86
2024-04-09,1.74,1.79,1.74,1.75,75772.0,1.831,1.804207208479617,-0.03192402104403169,42.30769116863909,-0.1100000000000001,1.9837157662560068,1.6782842337439932,0.08484285714285708,229781.7,7965195.0,1.77,1.74,1.86
2024-04-10,1.75,1.83,1.75,1.83,169309.0,1.8255,1.8066636648148917,-0.025800837447276237,46.428570267857175,-0.010000000000000009,1.9693529951392315,1.6816470048607683,0.08198571428571423,228555.25,8134504.0,1.75,1.77,1.84
2024-04-11,1.88,1.88,1.769,1.79,104740.0,1.815,1.8050766491182353,-0.023900326001291328,44.06779556449298,-0.030000000000000027,1.9336769165689658,1.696323083431034,0.08562857142857139,221104.6,8029764.0,1.83,1.72,1.82
2024-04-12,1.77,1.7803,1.71,1.71,89817.0,1.8064999999999998,1.7960217301545938,-0.02852071569036596,38.80596933838274,-0.040000000000000036,1.9298352299522317,1.6831647700477679,0.08493571428571425,217799.65,7939947.0,1.79,1.73,1.75
2024-04-15,1.76,1.76,1.62,1.64,243021.0,1.7914999999999999,1.781162517758918,-0.037399699338465764,35.135134470416375,-0.2100000000000002,1.9193609442035882,1.6636390557964116,0.09207857142857141,202664.4,7696926.0,1.71,1.77,1.85
2024-04-16,1.65,1.675,1.6301,1.64,95613.0,1.7815,1.767718468448545,-0.0439299605313197,36.11111040895064,-0.10000000000000009,1.9238524166507804,1.6391475833492197,0.08742857142857141,188234.75,7696926.0,1.64,1.75,1.74
2024-04-17,1.63,1.692,1.63,1.66,92745.0,1.7730000000000001,1.7574595666915407,-0.04695019475686579,38.88888813271606,-0.1100000000000001,1.9232419101946892,1.622758089805311,0.08542857142857142,173870.95,7789671.0,1.64,1.83,1.77
2024-04-18,1.66,1.75,1.62,1.63,179282.0,1.761,1.7453205603399653,-0.05117459153127912,41.17646974048444,-0.09000000000000008,1.9168541828626717,1.605145817137328,0.08471428571428571,167840.1,7610389.0,1.66,1.79,1.72
2024-04-19,1.63,1.6406,1.54,1.57,226971.0,1.7465,1.7286233641171114,-0.05868744077279575,28.12499938476566,-0.15999999999999992,1.9168587545832605,1.5761412454167394,0.08332857142857143,167249.55,7383418.0,1.63,1.71,1.73
2024-04-22,1.55,1.7,1.55,1.67,165563.0,1.737,1.7230401865821483,-0.055927568264740435,44.44444345679014,-0.10000000000000009,1.9018092996865152,1.572190700313485,0.08618571428571428,172410.1,7548981.0,1.57,1.64,1.77
2024-04-23,1.63,1.7367,1.63,1.73,112449.0,1.7305,1.723703025955277,-0.04834160054677472,46.96969597337009,-0.020000000000000018,1.884803187537433,1.576196812462567,0.08809285714285713,175129.55,7661430.0,1.67,1.64,1.75
2024-04-24,1.76,1.76,1.64,1.65,147064.0,1.721,1.7166836901500124,-0.04822904154947216,44.927535320310874,-0.18000000000000016,1.870229600563066,1.571770399436934,0.09230714285714285,157676.4,7514366.0,1.73,1.66,1.83
2024-04-25,1.65,1.665,1.6,1.61,131040.0,1.7105000000000001,1.7065233387071541,-0.05078211786000053,41.66666585648151,-0.17999999999999994,1.859951629210544,1.5610483707894562,0.09217857142857143,153999.8,7383326.0,1.65,1.63,1.79
2024-04-26,1.68,1.75,1.66,1.74,322156.0,1.7099999999999997,1.7097115921636157,-0.04183331003440438,48.14814731595795,0.030000000000000027,1.858961316066327,1.5610386839336725,0.09432142857142857,156040.0,7705482.0,1.61,1.57,1.71
2024-04-29,1.71,1.75,1.67,1.73,185079.0,1.704,1.7116438214813665,-0.035143123542389354,48.74999914687501,0.09000000000000008,1.8381483860271375,1.5698516139728624,0.09646428571428571,157800.7,7520403.0,1.74,1.67,1.64
2024-04-30,1.72,1.75,1.69,1.75,146697.0,1.7045000000000001,1.7152967908640935,-0.027905591764926907,44.594593750913084,0.1100000000000001,1.8392863806957305,1.5697136193042698,0.09503571428571429,144051.95,7667100.0,1.73,1.73,1.64
2024-05-01,1.72,1.769,1.7,1.74,130884.0,1.703,1.7176494774484656,-0.022714869080362465,46.47887232295181,0.08000000000000007,1.8353631368622008,1.5706368631377994,0.09203571428571429,144207.7,7536216.0,1.75,1.65,1.66
2024-05-02,1.77,1.81,1.76,1.81,169043.0,1.7075,1.7264447653105166,-0.012805160140956007,57.14285600000003,0.18000000000000016,1.848156356153277,1.566843643846723,0.09058571428571428,147466.45,7705259.0,1.74,1.61,1.63
2024-05-03,1.82,1.83,1.79,1.81,210018.0,1.7114999999999998,1.734402406709515,-0.004895215428512456,63.4920620811288,0.24,1.859223069502226,1.5637769304977736,0.08344285714285715,153157.7,7705259.0,1.81,1.74,1.57
2024-05-06,1.84,1.85,1.82,1.84,77992.0,1.7149999999999999,1.7444593203562277,0.00375098262076512,65.15151376951337,0.17000000000000015,1.8716087985697971,1.5583912014302026,0.08237857142857144,153762.75,7783251.0,1.81,1.73,1.67
2024-05-07,1.84,1.84,1.77,1.81,145420.0,1.718,1.7507012898461107,0.008089161127686983,61.19402857206509,0.08000000000000007,1.8796493931810172,1.5563506068189827,0.08295000000000001,157245.15,7637831.0,1.84,1.75,1.73
2024-05-08,1.8,1.81,1.78,1.81,46394.0,1.717,1.756348786051243,0.011395834751485312,64.06249859863286,0.16000000000000014,1.8759571276195388,1.5580428723804614,0.07580714285714288,151099.4,7637831.0,1.81,1.74,1.65
2024-05-09,1.82,1.84,1.77,1.83,80307.0,1.719,1.763363187379696,0.015452107776790402,71.66666499444449,0.21999999999999997,1.8827584871243772,1.555241512875623,0.0736214285714286,149877.75,7718138.0,1.81,1.81,1.61
2024-05-10,1.86,1.875,1.83,1.86,126846.0,1.7265000000000001,1.7725666933435344,0.020847169162245383,67.92452650765404,0.1200000000000001,1.9018522770101183,1.551147722989882,0.0661214285714286,151729.2,7844984.0,1.83,1.81,1.74
2024-05-13,1.88,1.93,1.86,1.91,205273.0,1.7400000000000002,1.7856555796917692,0.028825098062258636,67.30769049556218,0.17999999999999994,1.9284004693256014,1.551599530674399,0.06350000000000001,149841.8,8050257.0,1.86,1.84,1.73
2024-05-14,1.92,2.0,1.88,1.98,293991.0,1.7570000000000001,1.804164572102077,0.04033116600281339,82.3529389158017,0.22999999999999998,1.967473151181861,1.5465268488181392,0.06350000000000001,159760.7,8344248.0,1.91,1.81,1.75
2024-05-15,2.04,2.04,1.895,1.96,235154.0,1.7719999999999998,1.8190060414256886,0.04729083570911108,85.71428326530618,0.21999999999999997,1.9957103390312458,1.5482896609687538,0.06921428571428574,166881.15,8109094.0,1.98,1.81,1.74
2024-05-16,1.97,2.01,1.93,2.01,236906.0,1.791,1.8371959422422897,0.05619324510226109,82.92682643664493,0.19999999999999973,2.0280787122233352,1.5539212877766648,0.0685,169762.35,8346000.0,1.96,1.83,1.81
2024-05-17,1.98,2.11,1.97,2.09,565254.0,1.8170000000000002,1.8612725191715953,0.06890945425527706,87.49999744791673,0.2799999999999998,2.065794990641738,1.5682050093582627,0.07278571428571427,186676.5,8911254.0,2.01,1.86,1.81
2024-05-20,2.18,2.18,2.08,2.15,459637.0,1.841,1.8887703744885862,0.08287332766021493,88.46153607988171,0.30999999999999983,2.1207668201989143,1.5612331798010857,0.07564285714285714,201380.2,9370891.0,2.09,1.91,1.84
2024-05-21,2.16,2.16,1.96,2.04,689191.0,1.8565,1.9031731959658638,0.08409433075335149,74.19354671175863,0.22999999999999998,2.1445990326807434,1.5684009673192567,0.085,230217.3,8681700.0,2.15,1.98,1.81
2024-05-22,2.11,2.11,1.935,1.94,604549.0,1.8709999999999998,1.9066805106357816,0.07611540968970809,59.99999870769233,0.1299999999999999,2.144141567304346,1.5978584326956535,0.09392857142857143,253091.55,8077151.0,2.04,1.96,1.81
2024-05-23,1.95,1.98,1.9,1.94,312932.0,1.8875,1.9098537953371357,0.06899670617821929,59.99999870769233,0.10999999999999988,2.132695947420792,1.6423040525792079,0.09678571428571428,262186.15,8077151.0,1.94,2.01,1.83
2024-05-24,1.94,2.0,1.91,1.99,285802.0,1.9,1.9174867672097895,0.06662169087941527,61.19402857206507,0.1299999999999999,2.1389450498380453,1.6610549501619543,0.10107142857142858,260368.45,8362953.0,1.94,2.09,1.86
2024-05-28,2.13,2.1499,2.04,2.1,1179071.0,1.9184999999999999,1.9348689798564762,0.07277663067360418,69.33333203911114,0.19000000000000017,2.1593122221063337,1.677687777893666,0.10392142857142858,310068.05,9542024.0,1.99,2.15,1.91
2024-05-29,2.11,2.12,2.06,2.11,436201.0,1.9364999999999999,1.9515481246320499,0.07756723438847968,69.73684082063714,0.1299999999999999,2.1780977518194473,1.6949022481805527,0.10606428571428572,324543.25,9978225.0,2.1,2.04,1.98
2024-05-30,2.11,2.12,2.015,2.06,465331.0,1.9525,1.9618768746670927,0.07644799548042558,64.55696088126905,0.10000000000000009,2.181352975096517,1.7236470249034832,0.10856428571428571,341265.6,9512894.0,2.11,1.94,1.96
2024-05-31,2.06,2.08,1.94,2.02,639054.0,1.9630000000000003,1.967412410413084,0.07150901360745388,59.99999895000002,0.010000000000000231,2.1834397518836544,1.7425602481163465,0.11535000000000002,364766.15,8873840.0,2.06,1.94,2.01
2024-06-03,2.05,2.05,1.88,1.93,373989.0,1.969,1.963849323707076,0.05964503647202779,51.1904753373016,-0.15999999999999992,2.1781486502340797,1.7598513497659205,0.12249285714285717,372964.7,8499851.0,2.02,1.99,2.09
2024-06-04,1.92,1.93,1.89,1.9,213113.0,1.9720000000000002,1.9577684357349734,0.04727701986703803,44.999999212500015,-0.25,2.1749882029240033,1.7690117970759969,0.11677857142857144,379720.75,8286738.0,1.93,2.1,2.15
2024-06-05,1.9,1.94,1.81,1.92,234656.0,1.9775000000000003,1.954171441855452,0.038643650454786016,47.49999916875001,-0.1200000000000001,2.1675553935871843,1.7874446064128162,0.11570714285714287,384182.55,8521394.0,1.9,2.11,2.04
2024-06-06,1.9,1.93,1.9,1.92,151710.0,1.9829999999999999,1.9509170188215994,0.03143923111001712,43.99999917866669,-0.020000000000000018,2.158451297785845,1.8075487022141545,0.11213571428571431,389448.35,8521394.0,1.92,2.06,1.94
2024-06-07,1.93,1.93,1.85,1.9,141185.0,1.9865,1.946067778933828,0.023841019633063842,36.23188332283135,-0.040000000000000036,2.1515868989669586,1.8214131010330412,0.10785000000000002,392492.25,8380209.0,1.92,2.02,1.94
2024-06-10,1.86,1.88,1.85,1.85,58006.0,1.986,1.936918466654416,0.013627708527456539,27.94117589532874,-0.1399999999999999,2.1527522587237553,1.819247741276245,0.10285,389050.25,8322203.0,1.9,1.93,1.99
2024-06-11,1.85,1.87,1.82,1.82,175550.0,1.9814999999999998,1.9257833745920907,0.003077362751655821,31.6666659277778,-0.28,2.161239577693601,1.8017604223063983,0.09213571428571428,387564.1,8146653.0,1.85,1.9,2.1
2024-06-12,1.83,1.85,1.78,1.78,272197.0,1.9715,1.9118992436785582,-0.008414530449603719,35.18518427297671,-0.32999999999999985,2.172578670124277,1.7704213298757228,0.08463571428571429,386474.4,7874456.0,1.82,1.92,2.11
2024-06-13,1.78,1.79,1.76,1.77,201560.0,1.9620000000000002,1.8983850299948861,-0.018119979172734446,34.54545366611573,-0.29000000000000004,2.182391995269674,1.7416080047303264,0.08106428571428571,384794.7,7672896.0,1.78,1.92,2.06
2024-06-14,1.75,1.82,1.75,1.79,165621.0,1.951,1.8880626461858494,-0.023922026158375242,30.769229940828424,-0.22999999999999998,2.182961884346274,1.719038115653726,0.07963571428571428,381230.45,7838517.0,1.77,1.9,2.02
2024-06-17,1.8,1.8,1.72,1.74,421207.0,1.9335,1.873961441787197,-0.032183777699840155,10.86956488657843,-0.18999999999999995,2.1739622740954565,1.6930377259045433,0.0775,374028.1,7417310.0,1.79,1.85,1.93
2024-06-18,1.77,1.77,1.71,1.73,142863.0,1.9125,1.8602508282836545,-0.03908761404655747,8.695651909262779,-0.16999999999999993,2.1466277204298647,1.6783722795701352,0.0775,358189.4,7274447.0,1.74,1.82,1.9
2024-06-20,1.73,1.76,1.66,1.7,272389.0,1.8955000000000002,1.8449888446375922,-0.04644432209693883,9.090908801652915,-0.21999999999999997,2.1398013669522498,1.6511986330477508,0.07714285714285715,337349.3,7002058.0,1.73,1.78,1.92
2024-06-21,1.75,1.75,1.66,1.72,478606.0,1.8845000000000003,1.8330851451482977,-0.050083403101275126,14.285713809523841,-0.19999999999999996,2.1399232813029774,1.6290767186970232,0.07357142857142858,331052.15,7480664.0,1.7,1.77,1.92
2024-06-24,1.69,1.71,1.69,1.69,137274.0,1.8719999999999999,1.8194579884675075,-0.05475694627019756,16.666666018518555,-0.20999999999999996,2.14013979072197,1.6038602092780299,0.06285714285714286,322269.25,7343390.0,1.72,1.79,1.9
2024-06-25,1.66,1.69,1.66,1.66,165052.0,1.8555,1.804271513375364,-0.06018770574497667,16.666666018518555,-0.19000000000000017,2.1334984854180643,1.5775015145819355,0.06214285714285715,316231.75,7178338.0,1.69,1.74,1.85
2024-06-26,1.66,1.765,1.66,1.76,526643.0,1.8385000000000002,1.8000551787681864,-0.055779466608471884,31.818180805785175,-0.06000000000000005,2.094236295100207,1.5827637048997936,0.06035714285714287,283610.35,7704981.0,1.66,1.73,1.82
2024-06-27,1.72,1.73,1.66,1.68,417568.0,1.8170000000000002,1.7886213522188352,-0.058071820875528424,26.923076198224877,-0.10000000000000009,2.0477060102335782,1.5862939897664219,0.06321428571428574,282678.7,7287413.0,1.76,1.7,1.78
2024-06-28,1.7,1.7201,1.67,1.71,285637.0,1.7995,1.78113360438847,-0.056812875426844434,32.07547085083664,-0.06000000000000005,2.0042308888324047,1.5947691111675952,0.06107857142857146,273694.0,7573050.0,1.68,1.72,1.77
2024-07-01,1.77,1.77,1.665,1.68,226374.0,1.7825,1.7715018325419492,-0.05757224435048358,33.333332418300685,-0.1100000000000001,1.9654437647273961,1.5995562352726038,0.06643571428571433,253060.0,7346676.0,1.71,1.69,1.79
2024-07-02,1.68,1.69,1.66,1.66,231740.0,1.7689999999999997,1.7608826103950967,-0.059106539141620784,33.99999904800002,-0.08000000000000007,1.9458615277554767,1.5921384722445227,0.0650071428571429,245947.55,7114936.0,1.68,1.66,1.74
2024-07-03,1.66,1.705,1.66,1.66,124456.0,1.7570000000000001,1.7512747427384208,-0.05963504316060275,36.95652061436677,-0.07000000000000006,1.9289363407286528,1.5850636592713474,0.06322142857142862,241514.7,7114936.0,1.66,1.76,1.73
2024-07-05,1.67,1.68,1.585,1.6,672639.0,1.7409999999999997,1.7368676243823806,-0.06415583638143274,33.333332418300685,-0.09999999999999987,1.9085708805252315,1.5734291194747678,0.06786428571428575,263413.85,6442297.0,1.66,1.68,1.7
2024-07-08,1.64,1.65,1.56,1.59,455917.0,1.7245000000000001,1.7228802315840588,-0.06776436854099854,29.99999916000003,-0.1299999999999999,1.882577262921121,1.5664227370788792,0.06929285714285717,278624.2,5986380.0,1.6,1.71,1.72
2024-07-09,1.62,1.64,1.6,1.63,313612.0,1.7110000000000003,1.7140344952427198,-0.0666284394130956,38.77550909620993,-0.06000000000000005,1.8510601374598243,1.5709398625401763,0.06643571428571429,287245.55,6299992.0,1.59,1.68,1.69
2024-07-10,1.64,1.66,1.62,1.66,289201.0,1.7015,1.7088883528386511,-0.06258600561432304,43.137253717800874,0.0,1.8268668301635838,1.5761331698364163,0.06500714285714285,298805.3,6589193.0,1.63,1.66,1.66
2024-07-11,1.7,1.7,1.67,1.7,552683.0,1.6955000000000002,1.708041843044494,-0.05551474261864553,49.99999865384619,-0.06000000000000005,1.8077919128174966,1.5832080871825038,0.06000714285714285,317661.95,7141876.0,1.66,1.66,1.76
2024-07-12,1.67,1.7099,1.67,1.69,318684.0,1.691,1.7063235722783516,-0.05013965345718141,47.05882223760095,0.010000000000000009,1.7960112775898587,1.5859887224101414,0.05642857142857142,319986.3,6823192.0,1.7,1.6,1.68
2024-07-15,1.71,1.71,1.64,1.66,167213.0,1.6854999999999998,1.7019118034899372,-0.04775017158537942,47.05882223760095,-0.050000000000000044,1.784436449565533,1.5865635504344666,0.05999999999999999,318268.95,6655979.0,1.69,1.59,1.71
2024-07-16,1.65,1.66,1.62,1.62,244645.0,1.677,1.6941106793480385,-0.04852479208178462,46.15384491124266,-0.05999999999999983,1.7669356495091535,1.5870643504908466,0.060714285714285686,322220.15,6411334.0,1.66,1.63,1.68
2024-07-17,1.6,1.63,1.6,1.63,215412.0,1.6715,1.688004900362511,-0.04778097860347841,34.88371979448351,-0.030000000000000027,1.7586236266221236,1.5843763733778764,0.05535714285714282,311930.4,6626746.0,1.62,1.66,1.66
2024-07-18,1.61,1.68,1.61,1.63,323739.0,1.6664999999999999,1.68248062413751,-0.04665370617884035,42.857141142857195,-0.030000000000000027,1.7509237432305291,1.5820762567694706,0.055357142857142806,320974.2,6626746.0,1.63,1.7,1.66
2024-07-19,1.62,1.6293,1.58,1.58,92626.0,1.6605,1.6727205646958425,-0.04922745334088097,32.432431205259334,-0.020000000000000018,1.7516851788510994,1.5693148211489008,0.05529999999999994,311986.05,6534120.0,1.63,1.69,1.6
2024-07-22,1.59,1.61,1.58,1.59,85145.0,1.654,1.6648424156771908,-0.04988520450018408,37.1428556571429,0.0,1.7458580140044613,1.5621419859955386,0.04994285714285708,292313.0,6619265.0,1.58,1.66,1.59
2024-07-23,1.61,1.63,1.57,1.57,125351.0,1.6480000000000001,1.6558098046603156,-0.051427485836796905,37.1428556571429,-0.05999999999999983,1.7454625434124453,1.550537456587555,0.052085714285714214,291716.85,6493914.0,1.59,1.62,1.63
2024-07-24,1.58,1.58,1.54,1.55,191163.0,1.6425,1.6457326804069523,-0.053645199291716406,35.135133805697635,-0.10999999999999988,1.7490981139361226,1.5359018860638776,0.051728571428571346,293022.4,6302751.0,1.57,1.63,1.66
2024-07-25,1.54,1.59,1.535,1.55,204557.0,1.6320000000000001,1.636615282272957,-0.05477138277557225,41.935481977107244,-0.1499999999999999,1.7309630446708673,1.533036955329133,0.0488714285714285,276918.1,6302751.0,1.55,1.63,1.7
2024-07-26,1.56,1.59,1.56,1.56,122953.0,1.626,1.6293185887231516,-0.054231824164429954,45.16128828303858,-0.1299999999999999,1.7272344854910286,1.5247655145089711,0.04458571428571423,262187.35,6425704.0,1.55,1.58,1.69
2024-07-29,1.59,1.59,1.51,1.51,198220.0,1.616,1.6179549136066609,-0.05717967055287532,31.24999863281255,-0.1499999999999999,1.7217106278578793,1.510289372142121,0.047442857142857106,257816.5,6227484.0,1.56,1.59,1.66
2024-07-30,1.54,1.54,1.51,1.51,67938.0,1.6075,1.6076734932631693,-0.058837616634129564,24.13792986920336,-0.1100000000000001,1.7187370631153487,1.4962629368846512,0.046728571428571404,249894.7,6227484.0,1.51,1.57,1.62
2024-07-31,1.53,1.54,1.5,1.5,257752.0,1.5995000000000001,1.5974188748571532,-0.06026378388552356,11.538460917159739,-0.1299999999999999,1.717639079500667,1.4813609204993332,0.04744285714285712,251195.3,5969732.0,1.51,1.55,1.63
2024-08-01,1.54,1.55,1.46,1.47,205881.0,1.59,1.5852837439183767,-0.06308754701131924,10.714285178571402,-0.15999999999999992,1.71781565672978,1.4621843432702202,0.05102142857142855,255266.55,5763851.0,1.5,1.55,1.63
2024-08-02,1.45,1.49,1.42,1.49,232915.0,1.5844999999999998,1.576209101640436,-0.06298550904070344,18.518517558299052,-0.09000000000000008,1.719754146740601,1.4492458532593986,0.05102142857142855,233280.35,5996766.0,1.47,1.56,1.58
2024-08-05,1.4,1.48,1.4,1.48,374594.0,1.579,1.5670463300556325,-0.06298550197936748,20.833332118055566,-0.1100000000000001,1.7220347767797148,1.435965223220285,0.05387857142857143,229214.2,5622172.0,1.49,1.51,1.59
2024-08-06,1.48,1.48,1.41,1.41,251090.0,1.568,1.552089536717001,-0.06785175852533376,13.333332711111154,-0.16000000000000014,1.727420001386611,1.4085799986133891,0.0567357142857143,226088.1,5371082.0,1.48,1.51,1.57
2024-08-07,1.47,1.5099,1.46,1.46,296992.0,1.558,1.5433191046487151,-0.06690250928783414,25.714284685714347,-0.09000000000000008,1.718210387993583,1.397789612006417,0.05530000000000003,226477.65,5668074.0,1.41,1.5,1.55
2024-08-08,1.47,1.47,1.42,1.42,274927.0,1.544,1.5315744280155041,-0.06858725692673251,26.470587145328764,-0.13000000000000012,1.70086400412292,1.3871359958770801,0.055350000000000045,212589.85,5393147.0,1.46,1.47,1.55
2024-08-09,1.42,1.438,1.4,1.4,311116.0,1.5295,1.5190435301092657,-0.0707210363351789,22.85714194285717,-0.16000000000000014,1.683119488895201,1.3758805111047991,0.055921428571428615,212211.45,5082031.0,1.42,1.49,1.56
2024-08-12,1.41,1.4508,1.385,1.39,200838.0,1.516,1.5067536700988595,-0.07238458388978186,23.529410795847795,-0.1200000000000001,1.6687846782067448,1.3632153217932552,0.05633571428571434,213892.7,4881193.0,1.4,1.48,1.51
2024-08-13,1.39,1.46,1.39,1.46,414606.0,1.5079999999999998,1.5023009396132538,-0.06727899199129328,38.4615370808679,-0.050000000000000044,1.6544815418585728,1.3615184581414268,0.05847857142857149,222390.75,5295799.0,1.39,1.41,1.51
2024-08-14,1.45,1.475,1.43,1.45,90456.0,1.499,1.4973198977453248,-0.06330989301608558,37.49999868750004,-0.050000000000000044,1.6357132997033985,1.3622867002966017,0.057764285714285775,216142.95,5205343.0,1.46,1.46,1.5
2024-08-15,1.45,1.47,1.43,1.46,430556.0,1.4905,1.4937656217695796,-0.05868099902732182,37.49999868750004,-0.010000000000000009,1.6133563560037822,1.3676436439962176,0.05847857142857149,221483.8,5635899.0,1.45,1.42,1.47
2024-08-16,1.48,1.6,1.47,1.59,776524.0,1.491,1.5029308006486672,-0.04401527298601704,58.333331631944496,0.10000000000000009,1.6154609429330795,1.3665390570669207,0.06205000000000006,255678.7,6412423.0,1.46,1.4,1.49
2024-08-19,1.59,1.59,1.53,1.56,238082.0,1.4895,1.5083659624916512,-0.03441659562467958,54.90195927720112,0.08000000000000007,1.609583304418232,1.3694166955817682,0.0641928571428572,263325.55,6174341.0,1.59,1.39,1.48
2024-08-20,1.53,1.57,1.53,1.54,128868.0,1.488,1.5113787279686368,-0.02809949403723233,53.846152396449746,0.13000000000000012,1.604546805596458,1.371453194403542,0.0641928571428572,263501.4,6045473.0,1.56,1.46,1.41
2024-08-21,1.53,1.6,1.51,1.6,208957.0,1.4905000000000002,1.5198188491144808,-0.018043650983770476,61.81818024462814,0.14000000000000012,1.6145500747788302,1.3664499252211701,0.0641928571428572,264391.1,6254430.0,1.54,1.45,1.46
2024-08-22,1.64,1.67,1.6,1.6,303738.0,1.4929999999999999,1.527455149198816,-0.009959515816748477,60.377356895692465,0.18000000000000016,1.6239238428689773,1.3620761571310225,0.06419285714285719,269350.15,6254430.0,1.6,1.46,1.42
2024-08-23,1.61,1.68,1.5,1.64,1032232.0,1.4969999999999999,1.5381737064179763,-0.0003214097379558023,64.28571267857146,0.24,1.6407981040794481,1.3532018959205516,0.07133571428571432,314814.1,7286662.0,1.6,1.59,1.4
2024-08-26,1.69,1.8,1.67,1.77,1608024.0,1.51,1.5602524010448358,0.017603846128158684,79.0322562799168,0.3800000000000001,1.6987354037576965,1.3212645962423035,0.07562142857142862,385304.3,8894686.0,1.64,1.56,1.39
2024-08-27,1.93,1.97,1.59,1.59,4821277.0,1.5139999999999998,1.5630855057072324,0.017088262027552537,58.666665571555576,0.13000000000000012,1.7060964669940095,1.32190353300599,0.09920000000000004,622971.25,4073409.0,1.77,1.54,1.46
2024-08-28,1.61,1.61,1.47,1.56,1033601.0,1.517,1.5627916480208293,0.014096413949307385,59.45945833455079,0.1100000000000001,1.7100475807179523,1.3239524192820475,0.10562857142857147,661763.7,3039808.0,1.59,1.6,1.45
2024-08-29,1.53,1.545,1.49,1.5,890924.0,1.5185,1.5568114910664645,0.006805405753499638,56.410255397764644,0.040000000000000036,1.7104731340852881,1.3265268659147118,0.10684285714285717,696015.85,2148884.0,1.56,1.6,1.46
2024-08-30,1.51,1.55,1.49,1.55,639230.0,1.5215,1.5561627776315632,0.005004126900775896,59.756096540749574,-0.040000000000000036,1.7134731340852882,1.329526865914712,0.10642857142857146,716331.6,2788114.0,1.5,1.64,1.59
2024-09-03,1.56,1.56,1.47,1.48,550639.0,1.5215,1.5489091797618906,-0.002048204129182274,51.21951132064249,-0.08000000000000007,1.7134731340852882,1.329526865914712,0.10785714285714289,725133.85,2237475.0,1.55,1.77,1.56
2024-09-04,1.47,1.51,1.47,1.5,362406.0,1.526,1.5442511626417106,-0.0059547517555906815,53.01204729859197,-0.040000000000000036,1.711063289316475,1.340936710683525,0.10750000000000003,730699.65,2599881.0,1.48,1.59,1.54
2024-09-05,1.5,1.505,1.45,1.45,577849.0,1.5255,1.535274861437738,-0.012936180786578655,49.4252865609724,-0.15000000000000013,1.7113663923076883,1.3396336076923119,0.10857142857142858,744742.5,2022032.0,1.5,1.56,1.6
2024-09-06,1.46,1.47,1.395,1.4,678664.0,1.5245,1.5223915413008107,-0.022247144490382453,37.97468287133473,-0.20000000000000018,1.7129535402748035,1.3360464597251964,0.10464285714285715,764929.35,1343368.0,1.45,1.5,1.6
2024-09-09,1.43,1.44,1.4,1.42,408323.0,1.5254999999999999,1.5126399659388288,-0.027693088765872842,41.02564028928337,-0.21999999999999997,1.711366392307688,1.3396336076923117,0.10321428571428572,769789.7,1751691.0,1.4,1.55,1.64
2024-09-10,1.44,1.44,1.36,1.38,820747.0,1.525,1.500007588230369,-0.03483514665892384,39.999999300000006,-0.3900000000000001,1.712448238469357,1.337551761530643,0.10607142857142857,800785.15,930944.0,1.42,1.48,1.77
2024-09-11,1.36,1.36,1.3,1.32,565870.0,1.518,1.4828640083989053,-0.04482011911940176,32.499999431250004,-0.27,1.7250951980433957,1.3109048019566043,0.10392857142857141,808348.35,365074.0,1.38,1.5,1.59
2024-09-12,1.31,1.35,1.3,1.32,531768.0,1.5115,1.4673531504561523,-0.052132332652571334,32.499999431250004,-0.24,1.7350856129445527,1.2879143870554475,0.10250000000000001,830413.95,365074.0,1.32,1.45,1.56
2024-09-13,1.38,1.39,1.32,1.37,864450.0,1.5070000000000001,1.4580814218412808,-0.05327857023441651,33.333332757201674,-0.1299999999999999,1.7384348834189862,1.275565116581014,0.09464285714285714,852108.65,1229524.0,1.32,1.4,1.5
2024-09-16,1.42,1.42,1.29,1.32,885452.0,1.4934999999999998,1.4449308102373493,-0.0575580604163386,19.178081823982012,-0.22999999999999998,1.7357938624676146,1.251206137532385,0.09464285714285713,857555.05,344072.0,1.37,1.42,1.55
2024-09-17,1.35,1.4,1.33,1.38,853317.0,1.4845000000000002,1.4387469235480779,-0.055468680241376855,32.786884493415755,-0.10000000000000009,1.7297474582732215,1.2392525417267788,0.07249999999999998,888316.8,1197389.0,1.32,1.38,1.48
2024-09-18,1.38,1.425,1.32,1.38,870900.0,1.4765000000000001,1.433151978448261,-0.053199579759656945,34.482757788347215,-0.1200000000000001,1.724547109277763,1.2284528907222374,0.06999999999999997,925418.4,1197389.0,1.38,1.32,1.5
2024-09-19,1.43,1.49,1.4,1.48,999111.0,1.4705,1.4376136947865217,-0.042838323488482155,48.38709568158171,0.030000000000000027,1.7116791210305202,1.2293208789694796,0.07249999999999998,964926.1,2196500.0,1.38,1.32,1.45
2024-09-20,1.44,1.45,1.3,1.3,13365831.0,1.4555,1.4245076286163767,-0.048591318448368614,33.333332711111126,-0.09999999999999987,1.7000597548334808,1.2109402451665192,0.07892857142857139,1618030.75,-11169331.0,1.48,1.37,1.4
2024-09-23,1.28,1.42,1.28,1.39,1558553.0,1.443,1.4212211877957694,-0.04536541628434154,44.15584335301064,-0.030000000000000027,1.6729748269977247,1.2130251730022754,0.08249999999999995,1644346.8,-9610778.0,1.3,1.32,1.42
2024-09-24,1.44,1.54,1.39,1.51,1427191.0,1.4300000000000002,1.4296763127676009,-0.03274836568625039,50.57471182983223,0.13000000000000012,1.604958641729385,1.2550413582706152,0.09035714285714282,1635305.15,-8183587.0,1.39,1.38,1.38
2024-09-25,1.45,1.585,1.45,1.57,964635.0,1.429,1.4430404734564009,-0.01770368654929455,56.81818091425622,0.25,1.6002984468544261,1.257701553145574,0.09607142857142854,1442473.05,-7218952.0,1.51,1.38,1.32
2024-09-26,1.61,1.7,1.58,1.67,1925359.0,1.4344999999999999,1.4646556664605532,0.0022624146148946256,64.51612806104754,0.34999999999999987,1.6290007103220736,1.2399992896779262,0.09928571428571424,1487060.95,-5293593.0,1.57,1.48,1.32
2024-09-27,1.68,1.75,1.66,1.7,2043492.0,1.4445000000000001,1.487069412511929,0.020272751257698562,64.89361605477595,0.32999999999999985,1.6710972545938618,1.2179027454061384,0.10285714285714283,1544689.35,-3250101.0,1.67,1.3,1.37
2024-09-30,1.8,1.805,1.63,1.65,1840863.0,1.4495,1.5025866113203168,0.030163781376877807,64.21052536952911,0.32999999999999985,1.6898922233613918,1.2091077766386082,0.10964285714285713,1604771.0,-5090964.0,1.7,1.39,1.32
2024-10-01,1.67,1.77,1.655,1.77,1319425.0,1.464,1.5280545530993341,0.04714206672459231,72.27722672090974,0.3900000000000001,1.743879673393673,1.184120326606327,0.11357142857142855,1643210.3,-3771539.0,1.65,1.51,1.38
2024-10-02,1.87,1.87,1.78,1.84,2521492.0,1.481,1.5577636432803499,0.06549095619354195,74.07407311385461,0.4600000000000002,1.8075062262644856,1.1544937737355145,0.11642857142857141,1751164.6,-1250047.0,1.77,1.57,1.38
2024-10-03,1.75,1.82,1.75,1.76,1044285.0,1.4965,1.5770242486822212,0.0727387646815878,67.56756671536402,0.28,1.8454699127432073,1.1475300872567926,0.11642857142857142,1774486.4,-2294332.0,1.84,1.67,1.48
2024-10-04,1.83,1.845,1.78,1.84,1050710.0,1.5185,1.6020695583315334,0.08397008170542963,72.80701664973839,0.54,1.8961534195041263,1.1408465804958736,0.11178571428571428,1793088.7,-1243622.0,1.76,1.7,1.3
2024-10-07,1.9,1.94,1.79,1.81,2402943.0,1.538,1.621872457538054,0.08941946020904745,69.3693684944404,0.42000000000000015,1.9340648538068663,1.1419351461931337,0.11750000000000001,1892819.7,-3646565.0,1.84,1.65,1.39
2024-10-08,1.7,1.75,1.67,1.71,1734750.0,1.5545,1.630265556820144,0.0846926831371888,63.63636290007514,0.19999999999999996,1.9503455307446682,1.1586544692553318,0.11571428571428573,1938519.85,-5381315.0,1.81,1.77,1.51
2024-10-09,1.68,1.74,1.67,1.71,647848.0,1.574,1.6378593133134636,0.08002420898530405,60.360359599058526,0.1399999999999999,1.959494897228842,1.1885051027711582,0.1142857142857143,1942618.75,-5381315.0,1.71,1.84,1.57
2024-10-10,1.7,1.705,1.655,1.67,762920.0,1.5915,1.6409203310931337,0.07226373255319873,69.07216395153577,0.0,1.9598405175134919,1.223159482486508,0.10714285714285716,1954176.35,-6144235.0,1.71,1.76,1.67
2024-10-11,1.67,1.68,1.64,1.67,751733.0,1.6065,1.6436898233699782,0.06536006888071366,65.9090898605372,-0.030000000000000027,1.9610360199947052,1.2519639800052949,0.10000000000000002,1948540.5,-6144235.0,1.67,1.84,1.7
2024-10-14,1.66,1.6606,1.62,1.63,786115.0,1.6219999999999999,1.6423860306680755,0.05601548829546865,57.49999899375001,-0.020000000000000018,1.94990242451071,1.2940975754892898,0.0921857142857143,1943573.65,-6930350.0,1.67,1.81,1.65
2024-10-15,1.62,1.62,1.52,1.54,968472.0,1.6300000000000001,1.632634980128259,0.04087639537794874,48.19277027144725,-0.22999999999999998,1.940381768319702,1.3196182316802982,0.0896857142857143,1949331.4,-7898822.0,1.63,1.71,1.77
2024-10-16,1.55,1.605,1.545,1.59,375112.0,1.6405,1.6285745058303296,0.03253805881422367,44.87179406640371,-0.25,1.9286867084849169,1.3523132915150833,0.08540000000000003,1924542.0,-7523710.0,1.54,1.71,1.84
2024-10-17,1.58,1.6,1.525,1.54,337986.0,1.6435,1.6201388386083935,0.021645765964521724,39.99999930000003,-0.21999999999999997,1.9258417115930007,1.3611582884069993,0.08432857142857146,1891485.75,-7861696.0,1.59,1.67,1.76
2024-10-18,1.61,1.6213,1.58,1.58,377060.0,1.6575,1.6163160920742607,0.016056126085456368,45.569619445601695,-0.26,1.891807490277204,1.423192509722796,0.07477857142857146,1242047.2,-7484636.0,1.54,1.67,1.84
2024-10-21,1.57,1.59,1.535,1.58,600194.0,1.6670000000000003,1.612857416638617,0.011493802806012976,35.820894773891766,-0.22999999999999998,1.8687919720900763,1.4652080279099242,0.07049285714285718,1194129.25,-7484636.0,1.58,1.63,1.81
2024-10-22,1.57,1.62,1.55,1.61,457951.0,1.672,1.6125852817206534,0.010181511885535066,31.746031040564404,-0.09999999999999987,1.862024929112505,1.4819750708874948,0.06906428571428576,1145667.25,-7026685.0,1.58,1.54,1.71
2024-10-23,1.63,1.63,1.56,1.58,626706.0,1.6725,1.6094819215567817,0.006644172709871832,34.48275778834723,-0.1299999999999999,1.8614444362769174,1.4835555637230828,0.06906428571428573,1128770.8,-7653391.0,1.61,1.59,1.71
2024-10-24,1.57,1.58,1.56,1.57,239992.0,1.6675,1.605721738551374,0.002999315262173674,23.529411118800482,-0.09999999999999987,1.861935755862693,1.473064244137307,0.06585000000000003,1044502.45,-7893383.0,1.58,1.54,1.67
2024-10-25,1.57,1.61,1.57,1.59,315974.0,1.6620000000000001,1.6042244301179098,0.0017049190821896154,27.999999216000035,-0.07999999999999985,1.8587739820199867,1.4652260179800136,0.05799285714285718,958126.55,-7577409.0,1.57,1.58,1.67
2024-10-28,1.63,1.6899,1.62,1.64,790772.0,1.6614999999999998,1.6076316272495375,0.004659965732203508,42.22222090864201,0.010000000000000009,1.8584531068955028,1.4645468931044967,0.05727142857142859,905622.0,-6786637.0,1.59,1.58,1.63
2024-10-29,1.65,1.65,1.62,1.62,240252.0,1.654,1.6088095675114862,0.005326626603521012,40.42553071072888,0.08000000000000007,1.8448871256445651,1.4631128743554347,0.054414285714285714,851663.35,-7026889.0,1.64,1.61,1.54
2024-10-30,1.61,1.63,1.59,1.59,389131.0,1.6415,1.6070181801294399,0.003395074561381106,41.30434656899816,0.0,1.812844528271033,1.4701554717289669,0.053699999999999984,745045.3,-7416020.0,1.62,1.58,1.59
2024-10-31,1.57,1.59,1.48,1.52,1176729.0,1.6294999999999997,1.5987307344028265,-0.003740985580529932,35.8490556568174,-0.020000000000000018,1.7995123834499047,1.4594876165500947,0.05869999999999999,751667.5,-8592749.0,1.59,1.57,1.54
2024-11-01,1.54,1.58,1.51,1.51,388588.0,1.613,1.590280188269224,-0.010087004374547126,37.99999893600003,-0.07000000000000006,1.7594096631841143,1.4665903368158857,0.0608,718561.4,-8981337.0,1.52,1.59,1.58
2024-11-04,1.58,1.58,1.52,1.53,322910.0,1.599,1.5845392179578692,-0.013348563208911868,48.83720771227696,-0.050000000000000044,1.7168580770070125,1.4811419229929874,0.057942857142857136,614559.75,-8658427.0,1.51,1.64,1.58
2024-11-05,1.55,1.58,1.52,1.56,599985.0,1.5915,1.5822021495809293,-0.013358632800428483,46.341461832242764,-0.050000000000000044,1.698177082824763,1.4848229171752367,0.057942857142857136,557821.5,-8058442.0,1.53,1.62,1.61
2024-11-06,1.51,1.53,1.49,1.51,500892.0,1.5815,1.5753257543827455,-0.017202890938471382,46.341461832242764,-0.07000000000000006,1.6784590255292422,1.4845409744707576,0.05544285714285713,550473.7,-8559334.0,1.56,1.59,1.58
2024-11-07,1.55,1.5799,1.54,1.57,541301.0,1.5765,1.5748185396796268,-0.015232404967591817,48.83720771227696,0.0,1.664105575405373,1.488894424594627,0.05534285714285714,539392.75,-8018033.0,1.51,1.52,1.57
2024-11-08,1.54,1.54,1.49,1.51,296007.0,1.5684999999999998,1.5686453454244242,-0.018301313053418422,42.8571416326531,-0.08000000000000007,1.6490964606771623,1.4879035393228373,0.05498571428571427,516606.45,-8314040.0,1.57,1.51,1.59
2024-11-11,1.54,1.54,1.5,1.52,267887.0,1.5630000000000002,1.564012455384003,-0.019699445450542585,40.425530710728864,-0.11999999999999988,1.6408933143540176,1.4851066856459827,0.05284285714285713,490695.05,-8046153.0,1.51,1.53,1.64
2024-11-12,1.51,1.515,1.48,1.48,359838.0,1.56,1.556011269156955,-0.02376123641179495,39.583332178819475,-0.14000000000000012,1.645839507527902,1.4741604924720981,0.050342857142857134,460263.35,-8405991.0,1.52,1.56,1.62
2024-11-13,1.49,1.505,1.46,1.48,556694.0,1.5545,1.5487721006658164,-0.026672767946544385,40.425530710728864,-0.1100000000000001,1.6461457711431475,1.4628542288568525,0.05212857142857141,469342.45,-8405991.0,1.48,1.51,1.59
2024-11-14,1.49,1.5699,1.4875,1.54,571937.0,1.5545000000000002,1.5479366625071673,-0.023863594443065628,45.09803797770092,0.020000000000000018,1.6461457711431478,1.4628542288568527,0.05515714285714284,481040.0,-7834054.0,1.48,1.57,1.52
2024-11-15,1.55,1.64,1.545,1.61,541948.0,1.556,1.5538474565541038,-0.015806679653267874,47.16981007475976,0.10000000000000009,1.6503453900918326,1.4616546099081675,0.056949999999999994,489284.4,-7292106.0,1.54,1.51,1.51
2024-11-18,1.82,1.84,1.65,1.73,3905328.0,1.5635000000000001,1.5706238892632367,0.000258500648132598,58.73015742504411,0.19999999999999996,1.685634524624548,1.4413654753754521,0.06837857142857144,654541.1,-3386778.0,1.61,1.52,1.53
2024-11-19,1.73,1.73,1.57,1.59,1584718.0,1.5625,1.5724692331429284,0.001674143327076827,49.99999905405407,0.030000000000000027,1.6833522368758473,1.4416477631241527,0.07695000000000003,710879.45,-4971496.0,1.73,1.48,1.56
2024-11-20,1.6,1.67,1.56,1.57,1124955.0,1.562,1.572234068081697,0.0011687449322153043,53.62318731779041,0.06000000000000005,1.682629925588013,1.441370074411987,0.07695,735791.9,-6096451.0,1.59,1.48,1.51
2024-11-21,1.57,1.62,1.55,1.61,574340.0,1.564,1.5758308235024878,0.003950341689138659,56.94444333719138,0.040000000000000036,1.6865002685281745,1.4414997314718256,0.07695,752509.3,-5522111.0,1.57,1.54,1.57
2024-11-22,1.61,1.61,1.52,1.55,624512.0,1.562,1.5733707450736796,0.0012983124623664466,51.31578852839337,0.040000000000000036,1.6840181177228724,1.4399818822771278,0.07909285714285716,767936.2,-6146623.0,1.61,1.61,1.51
2024-11-25,1.55,1.665,1.55,1.61,1272651.0,1.5605,1.576859245542853,0.00399204098881345,53.16455601986863,0.09000000000000008,1.6791724816237446,1.4418275183762554,0.08302142857142858,792030.15,-4873972.0,1.55,1.73,1.52
2024-11-26,1.66,1.665,1.58,1.6,643983.0,1.5594999999999999,1.5790631269197242,0.005259297914222305,55.99999895466668,0.1200000000000001,1.6763850087186505,1.4426149912813493,0.08623571428571429,812216.7,-5517955.0,1.61,1.59,1.48
2024-11-27,1.61,1.69,1.6,1.66,1283520.0,1.563,1.586771400546417,0.01097855279406823,55.99999895466668,0.17999999999999994,1.6876637582923766,1.4383362417076233,0.08981428571428571,856936.15,-4234435.0,1.6,1.57,1.48
2024-11-29,1.66,1.73,1.6343,1.73,506995.0,1.5735,1.6004122195419963,0.02091838436323168,64.47368302285321,0.18999999999999995,1.7168839160032334,1.4301160839967664,0.09307857142857141,823449.45,-3727440.0,1.66,1.61,1.54
2024-12-02,1.73,1.76,1.725,1.74,1351591.0,1.5850000000000002,1.61370629387133,0.029265336340628334,64.47368302285321,0.1299999999999999,1.743080592370512,1.4269194076294884,0.09272142857142854,871599.6,-2375849.0,1.73,1.55,1.61
2024-12-03,1.75,1.83,1.725,1.83,1632204.0,1.6,1.634305694455013,0.042650950153779066,71.60493703398875,0.10000000000000009,1.789847584296349,1.4101524157036511,0.09772142857142854,937064.3,-743645.0,1.74,1.61,1.73
2024-12-04,1.84,1.84,1.79,1.82,817838.0,1.6130000000000002,1.6519908664116785,0.05185448291161898,70.73170610945868,0.22999999999999998,1.8255633032645533,1.4004366967354471,0.09807857142857142,947956.95,-1561483.0,1.83,1.6,1.59
2024-12-05,1.85,1.875,1.82,1.87,1478185.0,1.6309999999999998,1.6727536410391377,0.062462897660213734,70.37036915409239,0.30000000000000004,1.866564272154737,1.3954357278452625,0.09612142857142855,996821.6,-83298.0,1.82,1.66,1.57
2024-12-06,1.87,1.87,1.8,1.85,711094.0,1.645,1.689634246654458,0.06846706422780224,65.7894724722992,0.24,1.897940600474544,1.392059399525456,0.09433571428571427,1005311.25,-794392.0,1.87,1.73,1.61
2024-12-09,1.93,1.97,1.88,1.9,1500373.0,1.6644999999999999,1.7096690803064145,0.0763795358778685,62.318839315269926,0.34999999999999987,1.9332573744398307,1.395742625560169,0.08719285714285711,1065529.55,705981.0,1.85,1.74,1.55
2024-12-10,1.86,1.87,1.83,1.84,658093.0,1.6804999999999999,1.7220815488486607,0.07692201895552997,70.4918016608439,0.22999999999999998,1.951130841981436,1.4098691580185638,0.07862142857142855,1085039.85,47888.0,1.9,1.83,1.61
2024-12-11,1.82,1.855,1.77,1.79,935788.0,1.6960000000000002,1.728549972767836,0.07248183311660306,67.18749853027347,0.18999999999999995,1.9534694667641035,1.4385305332358969,0.07683571428571427,1113837.35,-887900.0,1.84,1.82,1.6
2024-12-12,1.8,1.83,1.8,1.83,384027.0,1.7134999999999998,1.7382118801232802,0.0713679344323499,67.18749853027347,0.17000000000000015,1.9563146358200496,1.47068536417995,0.07397857142857142,1105204.0,-503873.0,1.79,1.87,1.66
2024-12-13,1.8,1.84,1.78,1.81,483244.0,1.7269999999999999,1.745048843921063,0.06808647039845139,71.66666499444449,0.08000000000000007,1.9589800354386293,1.4950199645613704,0.07183571428571427,1100769.35,-987117.0,1.83,1.85,1.73
2024-12-16,1.81,1.835,1.7635,1.81,937323.0,1.737,1.7512346683095332,0.06473960860096994,68.51851674211252,0.07000000000000006,1.964951980169422,1.5090480198305782,0.0687285714285714,1120538.1,-987117.0,1.81,1.9,1.74
2024-12-17,1.84,1.85,1.77,1.83,1252489.0,1.7420000000000002,1.75873612847053,0.06297509171005267,70.90908910413228,0.0,1.9736621859973167,1.5103378140026837,0.06837142857142856,987896.15,265372.0,1.81,1.84,1.83
2024-12-18,1.99,2.0,1.8811,1.9,4346404.0,1.7574999999999998,1.7721898305209558,0.06645901617773298,71.42856964285718,0.07999999999999985,1.9878201433245806,1.5271798566754191,0.07043571428571428,1125980.45,4611776.0,1.83,1.79,1.82
2024-12-19,1.94,1.94,1.8,1.82,783792.0,1.77,1.7767431799951505,0.062049452542129124,57.894735420129315,-0.050000000000000044,1.984033937299187,1.555966062700813,0.0736,1108922.3,3827984.0,1.9,1.83,1.87
2024-12-20,1.81,1.83,1.788,1.8,601065.0,1.7795,1.7789581152337077,0.05629210835421139,55.17241246135558,-0.050000000000000044,1.9800754878238926,1.5789245121761075,0.07410000000000001,1110258.55,3226919.0,1.82,1.81,1.85
2024-12-23,1.78,1.81,1.76,1.79,556320.0,1.7915000000000003,1.780009723306688,0.050342142299812265,45.99999871200003,-0.10999999999999988,1.9604939270163997,1.622506072983601,0.07017142857142858,1106848.95,2670599.0,1.8,1.81,1.9
2024-12-24,1.79,1.81,1.78,1.81,379223.0,1.8015,1.7828659401346225,0.04670222995177986,49.019606497501,-0.030000000000000027,1.9473586193617247,1.6556413806382755,0.06874285714285715,1062177.55,3049822.0,1.79,1.83,1.84
2024-12-26,1.81,1.848,1.79,1.81,489341.0,1.812,1.7854501363122774,0.043318227628372785,43.478259546313836,0.020000000000000018,1.9228056620252114,1.7011943379747887,0.06895714285714287,1054445.45,3049822.0,1.81,1.9,1.79
2024-12-27,1.78,1.8,1.76,1.78,189073.0,1.818,1.784931075711108,0.03778012634788808,42.553190221819854,-0.050000000000000044,1.9044748214039522,1.731525178596048,0.06681428571428573,999723.1,2860749.0,1.81,1.82,1.83
2024-12-30,1.8,1.8,1.73,1.77,708326.0,1.8199999999999998,1.7835090685005264,0.03221289456006882,34.88371979448354,-0.040000000000000036,1.8994719414239234,1.7405280585760763,0.0653857142857143,1009789.65,2152423.0,1.78,1.8,1.81
2024-12-31,1.76,1.8,1.76,1.79,332635.0,1.8225000000000002,1.7841272524528573,0.02907944635525106,43.589742024983614,-0.020000000000000018,1.8941350399411614,1.750864960058839,0.0653857142857143,958841.85,2485058.0,1.77,1.79,1.81
2025-01-02,1.78,1.79,1.72,1.74,393171.0,1.818,1.7799246569811566,0.022304471877344634,43.589742024983614,-0.09000000000000008,1.8984199503920263,1.7375800496079739,0.06431428571428574,896890.2,2091887.0,1.79,1.81,1.83
2025-01-03,1.77,1.77,1.695,1.74,761162.0,1.814,1.7761223086972369,0.01674226142454205,37.1428556571429,-0.15999999999999992,1.9016356092008453,1.7263643907991548,0.06752857142857145,894056.4,2091887.0,1.74,1.81,1.9
2025-01-06,1.8,1.8,1.7,1.7,716786.0,1.8055000000000003,1.7688725650117858,0.00900272603930441,35.13513380569762,-0.1200000000000001,1.9027192313658758,1.7082807686341248,0.0703857142857143,855986.45,1375101.0,1.74,1.78,1.82
2025-01-07,1.71,1.73,1.65,1.66,621809.0,1.796,1.7585037492963775,-0.0003544908698041027,31.707315990481874,-0.14000000000000012,1.9105058031165738,1.6814941968834263,0.07099285714285718,851522.2,753292.0,1.7,1.77,1.8
2025-01-08,1.65,1.685,1.64,1.67,423101.0,1.7845000000000002,1.7500748207919605,-0.00688388313910826,29.99999895000002,-0.1200000000000001,1.9012047556871747,1.6677952443128257,0.06849285714285717,797658.6,1176393.0,1.66,1.79,1.79
2025-01-10,1.75,1.77,1.62,1.62,533949.0,1.7734999999999999,1.7376867426212976,-0.015909659040822532,13.157894252077597,-0.18999999999999995,1.908255138560368,1.6387448614396316,0.07071428571428574,791451.4,642444.0,1.67,1.74,1.81
2025-01-13,1.62,1.63,1.57,1.6,264082.0,1.764,1.7245737195145074,-0.0243952708266002,15.624999316406289,-0.20999999999999996,1.91910946898376,1.60889053101624,0.06500000000000003,757866.1,378362.0,1.62,1.74,1.81
2025-01-14,1.62,1.7394,1.62,1.72,404588.0,1.7585000000000002,1.7241381271797924,-0.021192883811738117,40.47618912698417,-0.06000000000000005,1.9115428216649213,1.605457178335079,0.07052857142857145,758894.15,782950.0,1.6,1.7,1.78
2025-01-15,1.77,1.85,1.75,1.8,1113572.0,1.7580000000000002,1.7313630674483835,-0.012060610409078576,51.0204067055394,0.030000000000000027,1.9103983699318918,1.6056016300681086,0.07410000000000003,790410.55,1896522.0,1.72,1.66,1.77
2025-01-16,1.8,1.815,1.75,1.77,550103.0,1.7559999999999998,1.7350427753104423,-0.00716141488951183,45.999998712000036,-0.020000000000000018,1.9065638525151816,1.605436147484818,0.07660000000000002,771049.55,1346419.0,1.8,1.67,1.79
2025-01-17,1.78,1.8799,1.77,1.87,1334952.0,1.7580000000000002,1.7478958443284953,0.004735805701480134,54.999998716666695,0.13000000000000012,1.9136784810874232,1.6023215189125772,0.08030714285714287,775172.7,2681371.0,1.77,1.62,1.74
2025-01-21,1.89,2.07,1.88,2.01,4031046.0,1.7635,1.7728581448686387,0.025171111797537504,66.19718179329499,0.2699999999999998,1.9457981941187303,1.5812018058812698,0.09102142857142857,759404.8,6712417.0,1.87,1.6,1.74
2025-01-22,2.01,2.115,1.99,2.1,1944469.0,1.7775000000000003,1.8040145120240065,0.04807431615430424,70.88607469315818,0.40000000000000013,2.0132407139433695,1.5417592860566312,0.09495,817438.65,8656886.0,2.01,1.72,1.7
2025-01-23,2.11,2.2,2.11,2.19,1259110.0,1.797,1.8407750346883869,0.07265005385656398,73.25581276095188,0.53,2.096480251523593,1.4975197484764067,0.09852142857142861,850340.9,9915996.0,2.1,1.8,1.66
2025-01-24,2.3,2.3,2.18,2.28,1759149.0,1.8215,1.8826059837656834,0.09825611554515312,79.99999875555557,0.6099999999999999,2.1906398251697032,1.4523601748302966,0.10209285714285714,910482.35,11675145.0,2.19,1.77,1.67
2025-01-27,2.265,2.4,2.25,2.33,2901250.0,1.8475000000000001,1.9252149376927612,0.1211867209644728,81.05263038448756,0.71,2.280889335112757,1.4141106648872437,0.10745,1036583.7,14576395.0,2.28,1.87,1.62
2025-01-28,2.33,2.405,2.245,2.4,1726634.0,1.877,1.970432562674403,0.14335529534183666,85.71428448979594,0.7999999999999998,2.375127018255177,1.3788729817448233,0.11173571428571426,1098448.35,16303029.0,2.33,2.01,1.6
2025-01-29,2.4,2.53,2.4,2.43,3283903.0,1.9095,2.0142008900387456,0.1614833203344508,89.6907203549793,0.7100000000000002,2.462747826832371,1.3562521731676294,0.11530714285714282,1253189.85,19586932.0,2.4,2.1,1.72
2025-01-30,2.43,2.53,2.4,2.52,1980836.0,1.9470000000000003,2.062372233844579,0.18102541033909647,90.4761892698413,0.72,2.5589889919890667,1.3350110080109339,0.12137857142857136,1316815.35,21567768.0,2.43,2.19,1.8
2025-01-31,2.53,2.595,2.4501,2.48,1601511.0,1.9814999999999998,2.102146306811762,0.19108231378616614,91.3461526164941,0.71,2.6327587003156627,1.330241299684337,0.12101428571428567,1380259.15,19966257.0,2.52,2.28,1.77
2025-02-03,2.41,2.56,2.36,2.48,2395984.0,2.0185000000000004,2.1381323728296895,0.1967840778682155,93.13725362360631,0.6099999999999999,2.6955609861359413,1.3414390138640593,0.1310142857142857,1480399.8,19966257.0,2.48,2.33,1.87
2025-02-04,2.58,3.0,2.57,2.98,5195019.0,2.0805,2.2183102420840046,0.2388947582416896,94.99999905,0.9700000000000002,2.8682342592257237,1.2927657407742759,0.1532,1702092.65,25161276.0,2.48,2.4,2.01
2025-02-05,2.95,2.95,2.61,2.7,4645004.0,2.1305,2.2641854571236233,0.2468288268164458,78.12499931640626,0.6000000000000001,2.943097524511434,1.317902475488566,0.17034285714285716,1898503.55,20516272.0,2.98,2.43,2.1
2025-02-06,2.84,3.43,2.825,3.4,8676542.0,2.2175000000000002,2.3723582707308974,0.3060725691263908,85.90308317064178,1.21,3.1772559996933465,1.257744000306654,0.20891428571428575,2301240.2,29192814.0,2.7,2.52,2.19
2025-02-07,3.53,3.6573,3.41,3.52,9991976.0,2.3099999999999996,2.4816574830422407,0.35857324963559023,86.02620034743808,1.2400000000000002,3.3958903695755147,1.2241096304244845,0.21872857142857147,2779683.95,39184790.0,3.4,2.48,2.28
2025-02-10,3.64,3.7,3.19,3.19,10981752.0,2.3885,2.549118675133456,0.36929517026660985,73.79032216408689,0.8599999999999999,3.491229150311796,1.285770849688204,0.24158571428571432,3302074.1,28203038.0,3.52,2.48,2.33
2025-02-11,3.14,3.305,2.89,3.13,7556030.0,2.465,2.6044407060731265,0.368700718678189,71.0204077574344,0.73,3.5495421056590546,1.3804578943409453,0.26230000000000003,3666671.5,20647008.0,3.19,2.98,2.4
2025-02-12,3.03,3.39,3.03,3.19,4248690.0,2.5385,2.660208257875686,0.36881958744876187,70.66115661600983,0.7599999999999998,3.609618942729374,1.467381057270626,0.28158571428571433,3858876.6,24895698.0,3.13,2.7,2.43
2025-02-13,3.12,3.125,2.94,3.08,3586743.0,2.6025,2.7001884237922873,0.3559347172553511,66.39344224200485,0.56,3.6402683546412202,1.56473164535878,0.2862285714285715,3982535.15,21308955.0,3.19,3.4,2.52
2025-02-14,3.24,3.25,2.87,2.98,5616308.0,2.663,2.726837145335879,0.33380628941429924,63.052208480830956,0.5,3.635443476912402,1.6905565230875976,0.30265714285714296,4235845.4,15692647.0,3.08,3.52,2.48
2025-02-18,3.01,3.05,2.9149,3.0,8581156.0,2.7194999999999996,2.7528526553038906,0.3142605833916594,62.29508160978232,0.52,3.6270931154200667,1.8119068845799324,0.3008785714285715,4598155.6,24273803.0,2.98,3.19,2.48
2025-02-19,3.08,3.48,3.04,3.06,10852079.0,2.772,2.782104783370187,0.3001520036486607,62.75303608156174,0.08000000000000007,3.6267231007451346,1.917276899254865,0.3230214285714287,4939207.25,35125882.0,3.0,3.13,2.98
2025-02-20,3.26,3.94,3.26,3.88,14363924.0,2.8609999999999998,2.886666232573026,0.351090842839771,71.24999968828125,1.1799999999999997,3.788677348628231,1.9333226513717685,0.36230714285714294,5560180.0,49489806.0,3.06,3.19,2.7
2025-02-21,4.275,4.6295,3.9201,4.06,16658853.0,2.9545,2.9984123056613092,0.4013581288973098,73.65269430205457,0.6599999999999997,3.9701973233358396,1.93880267666416,0.4026285714285715,6330167.15,66148659.0,3.88,3.08,3.4
2025-02-24,3.98,3.99,3.4,3.72,9053557.0,3.0264999999999995,3.067134943217375,0.40904494129113944,66.84782583264416,0.20000000000000018,4.0450288668621965,2.0079711331378025,0.4304857142857144,6694887.55,57095102.0,4.06,2.98,3.52
2025-02-25,3.68,3.6894,3.43,3.53,4012089.0,3.0865,3.111217329577625,0.3952491966846967,58.16023714710881,0.33999999999999986,4.073153567954785,2.099846432045215,0.41830000000000006,6750429.5,53083013.0,3.72,3.0,3.19
2025-02-26,3.59,3.81,3.22,3.57,8003202.0,3.145,3.154910917236899,0.38312718371173204,63.89776329247006,0.43999999999999995,4.098453556399335,2.1915464436006653,0.43615714285714297,7064257.9,61086215.0,3.53,3.06,3.13
2025-02-27,3.56,3.825,3.35,3.68,6819199.0,3.2075000000000005,3.204919401309575,0.3780386871236634,55.51181071765144,0.4900000000000002,4.126879081085086,2.288120918914915,0.4268714285714286,7241022.7,67905414.0,3.57,3.88,3.19
2025-02-28,3.41,3.495,3.31,3.4,4269586.0,3.2515,3.2234985059467585,0.3474076577498355,47.77777753004115,0.31999999999999984,4.114866117375238,2.388133882624762,0.42242142857142867,7355460.2,63635828.0,3.68,4.06,3.08
2025-03-03,3.35,3.47,3.18,3.22,3556383.0,3.2885,3.22316531490421,0.30509095202675374,50.58823501637833,0.2400000000000002,4.07242467414724,2.50457532585276,0.40670714285714293,7453203.8,60079445.0,3.4,3.72,2.98
2025-03-04,3.13,3.3,3.04,3.27,3943838.0,3.3280000000000003,3.227625761103809,0.272448621878735,52.755905221030446,0.27,4.013875544948141,2.642124455051859,0.39563571428571426,7530596.5,64023283.0,3.22,3.53,3.0
2025-03-05,3.4,3.52,3.329,3.52,2950616.0,3.3549999999999995,3.2554709267129702,0.26371233903480285,56.04395575655115,0.45999999999999996,4.025537883069699,2.6844621169303,0.3835642857142857,7418376.35,66973899.0,3.27,3.57,3.06
2025-03-06,3.7,3.7,3.4012,3.44,6850075.0,3.3920000000000003,3.2730451241688776,0.24748063778631124,56.666666372839515,-0.43999999999999995,3.987866463316471,2.79613353668353,0.3916928571428571,7528629.9,60123824.0,3.52,3.68,3.88
2025-03-07,3.51,4.06,3.5,4.03,9544214.0,3.4234999999999998,3.3451360647242225,0.27900872783052577,66.4576799591199,-0.02999999999999936,4.084226075895629,2.7627739241043705,0.40454999999999997,7572013.5,69668038.0,3.44,3.4,4.06
2025-03-10,3.89,3.93,3.6,3.79,4712784.0,3.437,3.387504058560011,0.2813853370921695,61.58357745977417,0.06999999999999984,4.116786344143677,2.7572136558563223,0.41847142857142855,7308053.9,64955254.0,4.03,3.22,3.72
2025-03-11,3.91,4.02,3.85,3.92,3076904.0,3.4735,3.438217957744772,0.29041105275764956,62.35632158822169,0.3900000000000001,4.1754754081762595,2.7715245918237406,0.39918571428571425,6912811.5,68032158.0,3.79,3.27,3.53
2025-03-12,3.9,4.1,3.89,4.0,3682895.0,3.5170000000000003,3.491721009388127,0.3005547211251032,52.1897807552347,0.43000000000000016,4.236944442300944,2.797055557699057,0.3656142857142856,6719154.75,71715053.0,3.92,3.52,3.57
2025-03-13,3.86,4.035,3.62,3.93,4722439.0,3.554,3.533461865636877,0.2994928690355003,47.52851685726266,0.25,4.279226643340234,2.8287733566597657,0.34458571428571416,6742842.2,66992614.0,4.0,3.44,3.68
2025-03-14,4.05,4.1699,3.735,3.79,4256300.0,3.5895,3.557894068909555,0.2840798183210196,51.44032892174296,0.3900000000000001,4.285971558341735,2.8930284416582657,0.3335071428571427,6776320.05,62736314.0,3.93,4.03,3.4
2025-03-17,3.81,3.96,3.67,3.95,4736016.0,3.6380000000000003,3.595237490918169,0.28153022225330915,58.749999657291674,0.73,4.289398495546326,2.9866015044536742,0.3356928571428571,6732305.45,67472330.0,3.79,3.79,3.22
2025-03-18,3.95,3.98,3.68,3.71,3409021.0,3.6734999999999998,3.606167253687867,0.25717905471019353,52.69230740857988,0.43999999999999995,4.251783303362102,3.095216696637897,0.3149785714285714,6473698.7,64063309.0,3.95,3.92,3.27
2025-03-19,3.71,3.92,3.695,3.84,2989029.0,3.7125,3.6284370390509273,0.24554005957287917,53.05343483101218,0.31999999999999984,4.217084247829748,3.207915752170252,0.2971214285714285,6080546.2,67052338.0,3.71,4.0,3.52
2025-03-20,3.76,3.76,3.535,3.57,3005631.0,3.697,3.622871606760363,0.21208454988326952,53.25670469517476,0.1299999999999999,4.198958270440059,3.195041729559941,0.2999785714285713,5512631.55,64046707.0,3.84,3.93,3.44
2025-03-21,3.5,3.52,3.37,3.49,2018894.0,3.6685000000000003,3.6102171680212805,0.1770742838884667,55.37848574689291,-0.54,4.147897648370511,3.18910235162949,0.2899785714285713,4780633.6,62027813.0,3.57,3.79,4.03
2025-03-24,3.5,3.605,3.49,3.5,1436846.0,3.6575,3.5997202948763967,0.14842436854908048,54.65587013555377,-0.29000000000000004,4.141991051462652,3.1730089485373485,0.27962142857142847,4399798.05,63464659.0,3.49,3.95,3.79
2025-03-25,3.36,3.5,3.35,3.41,1259187.0,3.6515,3.581651695364359,0.11710692070712181,47.61904733044734,-0.5099999999999998,4.145517898674272,3.1574821013257277,0.276692857142857,4262152.95,62205472.0,3.5,3.71,3.92
2025-03-26,3.4,3.45,3.315,3.33,1160882.0,3.6394999999999995,3.55768486723442,0.08485414053798435,47.61904733044734,-0.6699999999999999,4.153123864013567,3.125876135986432,0.26499285714285703,3920036.95,61044590.0,3.41,3.84,4.0
2025-03-27,3.37,3.46,3.34,3.43,1838244.0,3.6270000000000002,3.5455244036882845,0.06659507755033589,33.51648325866441,-0.5,4.148580593762355,3.1054194062376457,0.23356428571428564,3670989.2,62882834.0,3.33,3.57,3.93
2025-03-28,3.4,3.4,3.12,3.17,2141197.0,3.6155,3.509760174765591,0.030789884867131523,33.15217366079867,-0.6200000000000001,4.167414371695671,3.0635856283043292,0.22999285714285705,3564569.75,60741637.0,3.43,3.49,3.79
2025-03-31,3.05,3.06,2.89,3.03,2468949.0,3.6060000000000003,3.4640687295498203,-0.008781589569761827,25.945945749598238,-0.9200000000000004,4.192062687503843,3.0199373124961575,0.22999285714285708,3510198.05,58272688.0,3.17,3.5,3.95
2025-04-01,3.0,3.05,2.925,2.98,1636844.0,3.5915,3.4179669457831707,-0.043673410401291246,21.978021808960264,-0.73,4.2249957317182805,2.9580042682817194,0.22392142857142855,3394848.35,56635844.0,3.03,3.41,3.71
2025-04-02,2.96,3.09,2.96,3.07,1405725.0,3.5690000000000004,3.384827236660964,-0.06333311720204726,26.630434579985817,-0.77,4.243806794961589,2.8941932050384116,0.20356428571428567,3317603.8,58041569.0,2.98,3.33,3.84
2025-04-03,2.84,2.965,2.765,2.79,2312741.0,3.5364999999999993,3.328177023645634,-0.10035045880147653,24.747474572492607,-0.7799999999999998,4.294899283810464,2.778100716189534,0.1867857142857142,3090737.1,55728828.0,3.07,3.43,3.57
2025-04-04,2.5,2.55,2.34,2.47,5496122.0,3.4584999999999995,3.246445878536526,-0.153736120068249,15.420560646781368,-1.02,4.317416698368856,2.599583301631143,0.1810714285714285,2888332.5,50232706.0,2.79,3.17,3.49
2025-04-07,2.11,2.455,2.01,2.27,3615688.0,3.3825000000000003,3.1534510329616188,-0.20976493023374587,15.714285609523799,-1.23,4.376309788006163,2.3886902119938367,0.19142857142857136,2833477.7,46617018.0,2.47,3.03,3.5
2025-04-08,2.38,2.3869,2.05,2.07,3193440.0,3.29,3.0502652202986074,-0.267226078594363,9.216589802289263,-1.3400000000000003,4.409586389793365,2.170413610206636,0.1994214285714285,2839304.5,43423578.0,2.27,2.98,3.41
2025-04-09,2.06,2.245,1.93,2.17,5402189.0,3.1985,2.9664304374130257,-0.30122297741143544,14.999999895000002,-1.1600000000000001,4.371606985743419,2.0253930142565806,0.20585,2925269.2,48825767.0,2.07,3.07,3.33
2025-04-10,2.14,2.175,1.96,2.02,2157961.0,3.103,2.8762942052784517,-0.33639179583037926,14.492753525169775,-1.4100000000000001,4.334876617198335,1.8711233828016662,0.2104928571428571,2797045.3,46667806.0,2.17,2.79,3.43
2025-04-11,2.06,2.08,1.91,2.02,3296622.0,3.0145,2.7947423762043133,-0.36011218865627104,14.077669807239133,-1.15,4.2920383401394755,1.7369616598605249,0.21442142857142857,2749061.4,46667806.0,2.02,2.47,3.17
2025-04-14,2.11,2.13,1.98,2.02,4223642.0,2.918,2.7209573879943787,-0.37459269940411977,14.720812078126201,-1.0099999999999998,4.189560996736319,1.646439003263681,0.21442142857142857,2723442.7,46667806.0,2.02,2.27,3.03
2025-04-15,2.04,2.085,2.03,2.06,1215567.0,2.8354999999999997,2.6580090653282475,-0.3784780830452652,17.098445471824746,-0.9199999999999999,4.104805238890036,1.5661947611099634,0.20870714285714284,2613770.0,47883373.0,2.02,2.07,2.98
2025-04-16,2.0,2.04,1.925,1.95,3593829.0,2.741,2.590579630535081,-0.38598397526502026,11.855670017536397,-1.1199999999999999,3.976388709337228,1.5056112906627723,0.20835,2644010.0,44289544.0,2.06,2.17,3.07
2025-04-17,2.01,2.01,1.94,1.95,811902.0,2.66,2.529572046674597,-0.38746598227177875,13.69047607638889,-0.8400000000000001,3.8788519188154096,1.4411480811845905,0.19335,2534323.55,44289544.0,1.95,2.02,2.79
2025-04-21,1.95,1.95,1.865,1.89,1032482.0,2.58,2.4686604231817784,-0.3889978569093051,14.374999874218744,-0.5800000000000003,3.7793507015311087,1.3806492984688912,0.18727857142857143,2485002.95,43257062.0,1.95,2.02,2.47
2025-04-22,1.94,2.01,1.9307,1.99,975389.0,2.5044999999999997,2.4230737162120852,-0.37778781160355734,19.99999983030304,-0.28,3.648849504947543,1.3601504950524563,0.18401428571428569,2461930.1,44232451.0,1.89,2.02,2.27
2025-04-23,2.11,2.34,2.08,2.18,2498506.0,2.443,2.399923838477601,-0.34954304321183427,24.571428374857163,0.11000000000000032,3.512187591240733,1.373812408759267,0.19329999999999997,2523896.05,46730957.0,1.99,2.06,2.07
2025-04-24,2.23,2.27,2.18,2.25,1158727.0,2.3890000000000002,2.3856453776702105,-0.31784650907915246,32.4675321723731,0.08000000000000007,3.375453509454851,1.4025464905451492,0.1854428571428571,2523788.3,47889684.0,2.18,1.95,2.17
2025-04-25,2.23,2.2699,2.18,2.22,878690.0,2.3284999999999996,2.3698696274159046,-0.29178402211959664,39.99999955200001,0.20000000000000018,3.186141195986196,1.4708588040138033,0.17686428571428567,2475810.6,47010994.0,2.25,1.95,2.02
2025-04-28,2.22,2.27,2.19,2.22,739353.0,2.281,2.355596329566771,-0.2680395206883821,47.619046984127,0.20000000000000018,3.04221509512925,1.5197849048707504,0.1507928571428571,2405718.4,47010994.0,2.22,1.89,2.02
2025-04-29,2.29,2.3178,2.18,2.2,938269.0,2.2395,2.340777631512793,-0.24797713898941476,57.47126344299119,0.18000000000000016,2.9143871250653315,1.5646128749346686,0.1365714285714285,2329184.4,46072725.0,2.22,1.99,2.02
2025-04-30,2.2,2.37,2.1,2.35,2628200.0,2.2079999999999997,2.3416559523210982,-0.21746698650174068,59.782607785916845,0.29000000000000004,2.7897432966162095,1.6262567033837898,0.13335714285714279,2378752.2,48700925.0,2.2,2.18,2.06
2025-05-01,2.37,2.375,2.24,2.31,1177277.0,2.1700000000000004,2.338641099719089,-0.1942756478119474,67.90123339429968,0.3600000000000001,2.5920251925630695,1.7479748074369312,0.12764285714285706,2367329.8,47523648.0,2.35,2.25,1.95
2025-05-02,2.4,2.49,2.3705,2.39,1591302.0,2.15,2.343532423555366,-0.16751006168391092,70.78651574043684,0.44000000000000017,2.4750910803549004,1.8249089196450994,0.12403571428571422,2331257.85,49114950.0,2.31,2.22,1.95
2025-05-05,2.36,2.37,2.29,2.34,1752433.0,2.1435,2.3431960022643787,-0.1486195305387663,67.02127559755544,0.44999999999999996,2.4460696961902038,1.8409303038097964,0.11903571428571423,2144073.4,47362517.0,2.39,2.22,1.89
2025-05-06,2.36,2.36,2.28,2.32,1445168.0,2.146,2.3409868591915806,-0.13372102858130264,64.13043380671077,0.32999999999999985,2.4537524637551567,1.8382475362448434,0.12082142857142851,2035547.4,45917349.0,2.34,2.2,1.99
2025-05-07,2.34,2.38,2.21,2.29,1520457.0,2.157,2.3361309678400013,-0.12291768911512646,70.23809406746034,0.10999999999999988,2.469012145512589,1.844987854487411,0.12474999999999993,1951898.25,44396892.0,2.32,2.35,2.18
2025-05-08,2.34,2.46,2.285,2.41,1601596.0,2.169,2.343166113760001,-0.1034801133041321,73.95833225477432,0.16000000000000014,2.500941656255878,1.8370583437441221,0.13224999999999992,1761868.6,45998488.0,2.29,2.31,2.25
2025-05-09,2.41,2.44,2.28,2.32,893297.0,2.184,2.3409598172114294,-0.0942514699957564,71.71717070298949,0.09999999999999964,2.51470260132983,1.85329739867017,0.1376071428571428,1698635.4,45105191.0,2.41,2.39,2.22
2025-05-12,2.56,2.69,2.54,2.57,4045166.0,2.2115,2.3627731679531983,-0.06600394068012605,75.43859556478917,0.34999999999999964,2.574660106781975,1.8483398932180248,0.14265714285714282,1736062.6,49150357.0,2.32,2.34,2.22
2025-05-13,2.66,2.74,2.62,2.71,2879424.0,2.246,2.3958423900528936,-0.031952412690043897,74.31192565103947,0.5099999999999998,2.6600887268257996,1.8319112731742007,0.13265714285714283,1668851.7,52029781.0,2.57,2.32,2.2
2025-05-14,2.84,2.87,2.755,2.82,3620157.0,2.2840000000000003,2.436238352904999,0.0038651937146085835,75.22123800610854,0.46999999999999975,2.760937599360977,1.8070624006390235,0.13444285714285714,1789081.2,55649938.0,2.71,2.29,2.35
2025-05-15,2.75,2.76,2.6048,2.64,2033709.0,2.3185,2.4556442240569036,0.01752439880412693,66.40624927368165,0.33000000000000007,2.7935301929462244,1.8434698070537752,0.13910714285714287,1711075.2,53616229.0,2.82,2.41,2.31
2025-05-16,2.7,2.755,2.62,2.73,2184058.0,2.3575,2.4817733455752937,0.03520583414430023,68.61313798497522,0.33999999999999986,2.8332210593570464,1.8817789406429533,0.1430357142857143,1779683.0,55800287.0,2.64,2.32,2.39
2025-05-19,2.73,2.735,2.6,2.64,2062376.0,2.395,2.496842550758599,0.04147811728381745,65.27777714313272,0.30000000000000027,2.832240148394932,1.957759851605068,0.14283571428571426,1831177.7,53737911.0,2.73,2.57,2.34
2025-05-20,2.68,2.7137,2.545,2.58,2978968.0,2.4245,2.5047623078292087,0.04113328934715632,58.51851791165981,0.26000000000000023,2.824735457015783,2.024264542984217,0.13559999999999997,1931356.65,50758943.0,2.64,2.71,2.32
2025-05-21,2.66,2.69,2.4,2.49,4962442.0,2.4400000000000004,2.5033563737502367,0.03321488239567394,56.42857086428573,0.20000000000000018,2.8240504352843603,2.0559495647156405,0.14667142857142856,2054553.45,45796501.0,2.58,2.82,2.29
2025-05-22,2.46,2.55,2.42,2.51,1794213.0,2.4530000000000003,2.503989100059738,0.028227926722624197,54.47761137112943,0.09999999999999964,2.82745258290217,2.0785474170978304,0.14742142857142854,2086327.75,47590714.0,2.49,2.64,2.41
2025-05-23,2.41,2.475,2.35,2.42,2508967.0,2.463,2.4959901381492866,0.016819594765419055,52.89855018798573,0.10000000000000009,2.8215996154634406,2.1044003845365595,0.15063571428571423,2167841.6,45081747.0,2.51,2.73,2.32
2025-05-27,2.43,2.705,2.42,2.64,4805227.0,2.484,2.5097053630874497,0.02523962420333037,60.12658174571384,0.07000000000000028,2.831708286688109,2.136291713311891,0.16527857142857139,2371135.3,49886974.0,2.42,2.64,2.57
2025-05-28,2.61,2.63,2.53,2.56,2421729.0,2.502,2.5144953285076928,0.02516711593726839,58.28220808837368,-0.1499999999999999,2.824137597276301,2.1798624027236984,0.1602785714285714,2445308.3,47465245.0,2.64,2.58,2.71
2025-05-29,2.63,2.655,2.575,2.6,1371374.0,2.5145,2.5226386305545794,0.028014385917564777,56.12903175109261,-0.21999999999999975,2.8311585409853155,2.1978414590146844,0.1534928571428571,2382467.0,48836619.0,2.56,2.49,2.82
2025-05-30,2.54,2.545,2.41,2.42,3583896.0,2.52,2.5128635228827148,0.015566926376000989,53.048780034949445,-0.2200000000000002,2.825321228596343,2.214678771403657,0.1517071428571428,2502797.95,45252723.0,2.6,2.51,2.64
2025-06-02,2.42,2.44,2.36,2.42,1307055.0,2.5215,2.504019377846266,0.0056372423890094225,44.604316097510484,-0.31000000000000005,2.8244173936379724,2.2185826063620278,0.14670714285714279,2488585.6,45252723.0,2.42,2.42,2.73
2025-06-03,2.44,2.53,2.42,2.49,2959092.0,2.529,2.5026841990037645,0.003377378953172805,41.66666622474748,-0.1499999999999999,2.820197165978114,2.2378028340218856,0.14599285714285706,2548918.55,48211815.0,2.42,2.64,2.64
2025-06-04,2.52,2.675,2.52,2.64,2713180.0,2.545,2.5157618943367392,0.013534153994005038,43.38235249459344,0.06000000000000005,2.8226972982830145,2.2673027017169853,0.1488499999999999,2612319.15,50924995.0,2.49,2.56,2.58
2025-06-05,2.72,2.75,2.66,2.67,3240500.0,2.564,2.5304512377332404,0.02373066829671977,51.23966882863192,0.17999999999999972,2.81933466171612,2.30866533828388,0.14419285714285704,2698321.3,54165495.0,2.64,2.6,2.49
2025-06-06,2.67,2.75,2.6565,2.74,1919793.0,2.5805,2.550408262711027,0.03703300094646256,50.42016747404846,0.23000000000000043,2.836581812585047,2.3244181874149525,0.14122857142857134,2714231.15,56085288.0,2.67,2.42,2.51
2025-06-09,2.8,2.945,2.79,2.85,2172680.0,2.607,2.578940809119501,0.05580795671538974,58.67768527149786,0.43000000000000016,2.8592404867540027,2.3547595132459977,0.1426571428571428,2778200.3,58257968.0,2.74,2.42,2.42
2025-06-10,2.85,2.86,2.74,2.78,1710364.0,2.6175,2.5980893034890724,0.06429764620141087,58.19672064364418,0.13999999999999968,2.8805089051924435,2.354491094807557,0.13917857142857135,2661460.2,56547604.0,2.85,2.49,2.64
2025-06-11,2.83,2.885,2.68,2.69,1685449.0,2.6165,2.60684270315678,0.06303688843460176,58.19672064364418,0.1299999999999999,2.8781767793330286,2.354823220666971,0.13310714285714273,2601761.45,54862155.0,2.78,2.64,2.56
2025-06-12,2.68,2.77,2.63,2.73,2605777.0,2.612,2.618571969522801,0.06452162934739114,58.87096707726327,0.1299999999999999,2.861766206470648,2.3622337935293523,0.13382142857142848,2551042.45,57467932.0,2.69,2.67,2.6
2025-06-13,2.62,2.64,2.5,2.5,1351615.0,2.605,2.60727940099682,0.04660202032638727,52.89855018798572,0.08000000000000007,2.8592688175513246,2.3507311824486754,0.13489285714285706,2516937.75,56116317.0,2.73,2.74,2.42
2025-06-16,2.61,2.74,2.595,2.61,2293971.0,2.5989999999999998,2.6075385056637894,0.04080629222928822,48.8188970996342,0.18999999999999995,2.846420375283169,2.3515796247168304,0.12489285714285704,2522433.4,58410288.0,2.5,2.85,2.42
2025-06-17,2.56,2.64,2.52,2.55,1843099.0,2.5945,2.6020586479815235,0.031014125860002295,49.59999944448,0.05999999999999961,2.842054353415039,2.346945646584961,0.12632142857142847,2511469.55,56567189.0,2.61,2.78,2.49
2025-06-18,2.58,2.58,2.49,2.52,1704631.0,2.5915,2.59424353864995,0.0205956009170003,46.77419302029137,-0.1200000000000001,2.841238810928962,2.341761189071038,0.1270357142857142,2447752.7,54862558.0,2.55,2.69,2.64
2025-06-20,2.58,2.58,2.32,2.34,3935614.0,2.584,2.5700298683023357,-0.002160743137111787,46.77419302029137,-0.33000000000000007,2.8547027890510206,2.3132972109489796,0.13596428571428568,2396411.3,50926944.0,2.52,2.73,2.67
2025-06-23,2.37,2.37,2.24,2.3,2106523.0,2.5735,2.5443127379878274,-0.023156046961420707,45.31249950439454,-0.4400000000000004,2.8712300083880327,2.2757699916119676,0.13953571428571424,2412026.8,48820421.0,2.34,2.5,2.74
2025-06-24,2.35,2.4599,2.35,2.44,1116600.0,2.5744999999999996,2.534378191512796,-0.028173381331333402,48.14814764883401,-0.41000000000000014,2.870186533876317,2.2788134661236823,0.1395285714285714,2342408.45,49937021.0,2.3,2.61,2.85
2025-06-25,2.44,2.45,2.32,2.34,1917338.0,2.5595,2.515865982797292,-0.039760485110253097,38.46153804733728,-0.43999999999999995,2.8711999231717327,2.247800076828267,0.13774285714285714,2198014.0,48019683.0,2.44,2.55,2.78
2025-06-26,2.36,2.37,2.3,2.34,1605132.0,2.5484999999999998,2.499116841578502,-0.04838558938022919,37.007873607787225,-0.3500000000000001,2.875288197944464,2.2217118020555353,0.13631428571428575,2157184.15,48019683.0,2.34,2.52,2.69
2025-06-27,2.36,2.37,2.305,2.33,1329889.0,2.535,2.4830104757138827,-0.055389467775450285,33.05785085718189,-0.3999999999999999,2.8748761384294066,2.1951238615705937,0.13427857142857144,2155109.9,46689794.0,2.34,2.34,2.73
2025-06-30,2.34,2.35,2.2993,2.31,1272709.0,2.5294999999999996,2.466533287550656,-0.061841059477968585,25.89285681919644,-0.18999999999999995,2.8805870337439967,2.1784129662560026,0.12682857142857146,2039550.55,45417085.0,2.33,2.3,2.5
2025-07-01,2.31,2.37,2.3,2.33,1286491.0,2.525,2.453530117307736,-0.06459554232777132,28.97196223775005,-0.2799999999999998,2.8842096587612436,2.1657903412387562,0.12325714285714293,2038522.35,46703576.0,2.31,2.44,2.61
2025-07-02,2.32,2.47,2.32,2.47,2742815.0,2.524,2.455098677564142,-0.05484939023200086,40.1785709263393,-0.07999999999999963,2.883730893571117,2.164269106428883,0.11932857142857155,2027708.5,49446391.0,2.33,2.34,2.55
2025-07-03,2.46,2.5,2.425,2.45,1769051.0,2.5145000000000004,2.4546130892247002,-0.04818389340218676,37.27272679834712,-0.06999999999999984,2.871356155599808,2.1576438444001926,0.1146857142857144,1980502.05,47677340.0,2.47,2.34,2.52
2025-07-07,2.43,2.435,2.37,2.41,1515920.0,2.5015,2.4503642235842524,-0.04560341704376025,45.054944361792074,0.07000000000000028,2.853413565943027,2.1495864340569732,0.10932857142857154,1894273.05,46161420.0,2.45,2.33,2.34
2025-07-08,2.45,2.6,2.45,2.48,2756098.0,2.4884999999999997,2.45318667848099,-0.037477933662728,42.52873494781347,0.18000000000000016,2.8220471244225114,2.154952875577488,0.10968571428571439,1936088.3,48917518.0,2.41,2.31,2.3
2025-07-09,2.48,2.53,2.42,2.53,1675750.0,2.4724999999999997,2.460502232911372,-0.026696111256931054,48.837208507301256,0.08999999999999986,2.7606428739175644,2.184357126082435,0.10897142857142865,1911241.8,50593268.0,2.48,2.33,2.44
2025-07-10,2.55,2.585,2.49,2.51,1596633.0,2.4589999999999996,2.4652163059674317,-0.019540026907581165,49.41176389204152,0.16999999999999993,2.709296666083732,2.2087033339162674,0.10932857142857151,1905555.25,48996635.0,2.53,2.47,2.34
2025-07-11,2.5,2.525,2.42,2.46,1498089.0,2.4475,2.464719514922914,-0.017699333734642053,58.33333219907411,0.1200000000000001,2.673016949998978,2.2219830500010214,0.09825714285714292,1896187.25,47498546.0,2.51,2.45,2.34
2025-07-14,2.46,2.55,2.4425,2.52,1000417.0,2.4370000000000003,2.4699843230254936,-0.011269168613568858,64.8648636376918,0.18999999999999995,2.623276534669347,2.2507234653306534,0.09665000000000006,1815919.25,48498963.0,2.46,2.41,2.33
2025-07-15,2.56,2.745,2.53,2.71,3505616.0,2.4475000000000002,2.492842958927828,0.009053828773181838,67.08860640602471,0.3999999999999999,2.6690614444893566,2.225938555510644,0.10415714285714293,1923619.3,52004579.0,2.52,2.48,2.31
2025-07-16,2.7,2.705,2.52,2.55,2749541.0,2.4445,2.498286486648987,0.012109694773933644,62.352940149480986,0.21999999999999975,2.6582854310431734,2.230714568956827,0.10808571428571434,1946397.8,49255038.0,2.71,2.53,2.33
2025-07-17,2.55,2.61,2.475,2.49,1841812.0,2.4415,2.4974972974443217,0.00957956477709887,58.24175734573124,0.020000000000000018,2.6506863938415224,2.2323136061584776,0.11272857142857144,1946333.45,47413226.0,2.55,2.51,2.47
