Date,Open,High,Low,Close,Volume,SMA_20,EMA_20,MACD,RSI_14,Momentum_10,Bollinger_Upper,Bollinger_Lower,ATR_14,Volume_MA_20,OBV,Lag_1,Lag_5,Lag_10
2023-08-15,42.34,42.4742,41.7677,41.88,27376,41.638999999999996,41.64739411006096,0.03736372942467625,49.82078840546759,1.1000000000000014,42.90673565233866,40.37126434766133,0.7623000000000008,38473.55,-37590,42.46,41.41,40.78
2023-08-16,41.84,41.93,41.38,41.58,48590,41.619,41.640975623388485,0.030550749594659976,54.1910329905118,0.5700000000000003,42.87666533913564,40.36133466086436,0.7287285714285717,38528.0,-86180,41.88,41.36,41.01
2023-08-17,41.77,41.92,41.2706,41.3,39553,41.541999999999994,41.60850175449434,0.006130685902334676,51.296296163305904,0.6899999999999977,42.666419850411756,40.41758014958823,0.7372571428571432,38437.35,-125733,41.58,41.24,40.61
2023-08-18,41.41,42.06,41.41,41.87,33020,41.501999999999995,41.6334063493044,0.025843733964528326,54.655172281866825,0.8999999999999986,42.50816206709613,40.49583793290386,0.7425642857142866,38700.2,-92713,41.3,41.86,40.97
2023-08-21,41.9,42.3161,40.92,41.11,51337,41.443,41.583558125561126,-0.01139826385519882,52.74542416997736,-0.6499999999999986,42.39133038879695,40.494669611203044,0.7851428571428575,40271.75,-144050,41.87,42.46,41.76
2023-08-22,41.2,41.75,41.2,41.36,30659,41.405,41.56226687550769,-0.02284855888483861,52.90215576440629,-0.04999999999999716,42.2984262847688,40.5115737152312,0.7801428571428569,40526.3,-113391,41.11,41.88,41.41
2023-08-23,41.57,41.67,41.35,41.54,40809,41.387,41.56014622069743,-0.01885529374033723,58.00344220102441,0.17999999999999972,42.25250502446168,40.52149497553832,0.7508571428571423,41551.4,-72582,41.36,41.58,41.36
2023-08-24,41.31,41.77,41.2,41.33,26069,41.396,41.53822753301196,-0.030408886774132782,53.18021188259311,0.0899999999999963,42.25484622727544,40.53715377272456,0.7194285714285711,40202.85,-98651,41.54,41.3,41.24
2023-08-25,41.59,41.75,41.155,41.43,21935,41.409499999999994,41.527920148915584,-0.03191267701066636,46.680080351404214,-0.4299999999999997,42.261185017140164,40.557814982859824,0.6997857142857141,40016.2,-76716,41.33,41.87,41.86
2023-08-28,41.6,41.7284,40.96,40.99,26783,41.3925,41.47668965854267,-0.06443294705593416,45.8498022446844,-1.4699999999999989,42.26420431973957,40.52079568026043,0.688957142857143,39168.6,-103499,41.43,41.11,42.46
2023-08-29,41.02,41.26,40.5301,41.14,70434,41.4105,41.4446239767767,-0.07817795268896077,47.86821692438857,-0.740000000000002,42.2429339708286,40.578066029171396,0.6853785714285715,41161.8,-33065,40.99,41.36,41.88
2023-08-30,41.23,41.23,40.52,40.65,31006,41.3925,41.36894550279796,-0.12384468000059456,44.66546100808018,-0.9299999999999997,42.275434699856405,40.50956530014359,0.7010928571428566,40918.75,-64071,41.14,41.54,41.58
2023-08-31,40.64,40.955,40.57,40.74,41732,41.398999999999994,41.30904593110292,-0.15146854548790856,38.79999989136004,-0.5599999999999952,42.25930349601936,40.538696503980624,0.6771642857142852,40187.35,-22339,40.65,41.33,41.3
2023-09-01,40.87,41.02,40.32,40.38,29232,41.3695,41.22056536623598,-0.1979684188452424,28.15126042140389,-1.4899999999999949,42.32674330075593,40.412256699244075,0.6628785714285712,39666.9,-51571,40.74,41.43,41.87
2023-09-05,40.35,40.38,39.63,40.26,57766,41.294500000000006,41.12908295040398,-0.24097549924560724,31.162790596214165,-0.8500000000000014,42.35265082001327,40.236349179986746,0.6659857142857136,40225.25,-109337,40.38,40.99,41.11
2023-09-06,40.46,40.5,40.01,40.12,37311,41.23,41.03297981227027,-0.28230997952685044,32.367149649,-1.240000000000002,42.40888439681447,40.05111560318552,0.6616999999999997,39831.75,-146648,40.26,41.14,41.36
2023-09-07,40.25,40.7,40.25,40.32,65680,41.178,40.96507697300643,-0.29635208388239676,37.93103435196202,-1.2199999999999989,42.42265340768551,39.933346592314486,0.6474571428571428,41229.9,-80968,40.12,40.65,41.54
2023-09-08,40.55,40.55,40.2101,40.36,32160,41.134,40.90745059462487,-0.30090777420883796,28.61189790352229,-0.9699999999999989,42.43056063247509,39.83743936752491,0.6253071428571424,41038.3,-48808,40.32,40.74,41.33
2023-09-11,40.37,40.7,40.145,40.23,36383,41.0525,40.84293149037488,-0.31087285445925517,34.8275860387634,-1.2000000000000028,42.36176857845376,39.74323142154624,0.5652285714285712,39943.45,-85191,40.36,40.38,41.43
2023-09-12,40.31,40.49,40.07,40.28,23433,40.9435,40.78931896748203,-0.31129458778186603,29.999999844444602,-0.7100000000000009,42.11513448584491,39.77186551415509,0.5559428571428572,38563.4,-61758,40.23,40.26,40.99
2023-09-13,40.16,40.65,40.14,40.39,29586,40.869,40.751288589626604,-0.29964837220045126,28.13688197949965,-0.75,41.97770051957473,39.76029948042527,0.5695142857142856,38673.9,-32172,40.28,40.12,41.14
2023-09-14,40.45,41.05,40.45,40.86,36076,40.833,40.761642057281215,-0.25107446656342347,41.86851190790346,0.21000000000000085,41.890048522513226,39.77595147748677,0.5716571428571423,38048.2,3904,40.39,40.32,40.65
2023-09-15,41.06,41.45,40.64,40.79,148415,40.8075,40.76434281373062,-0.21554934762286138,38.81118862120402,0.04999999999999716,41.84146783010122,39.77353216989877,0.5870142857142854,43491.3,-144511,40.86,40.36,40.74
2023-09-18,40.73,40.9678,40.31,40.34,28476,40.731,40.723929212422945,-0.2199510702562364,38.67595799949017,-0.03999999999999915,41.65446943071968,39.807530569280324,0.579114285714285,43264.1,-172987,40.79,40.23,40.38
2023-09-19,40.26,40.41,39.78,39.82,42417,40.6665,40.63784071600171,-0.26106201076058255,29.629629501600476,-0.4399999999999977,41.656327736208915,39.67667226379108,0.5719785714285704,42818.1,-215404,40.34,40.28,40.26
2023-09-20,39.92,40.0674,39.15,39.16,28449,40.5565,40.4970939811444,-0.34138792080217684,28.152492553039707,-0.9600000000000009,41.69902306207292,39.41397693792708,0.5867928571428566,42707.6,-243853,39.82,40.39,40.12
2023-09-21,39.15,39.45,38.71,39.21,31401,40.44,40.37451360198779,-0.3965008064621003,27.299703150683825,-1.1099999999999994,41.63426700708451,39.245732992915485,0.6121499999999997,42237.2,-212452,39.16,40.86,40.32
2023-09-22,39.21,39.31,38.48,38.48,29694,40.2975,40.19408373513181,-0.4919090041518501,24.598930389201954,-1.8800000000000026,41.70560996879172,38.88939003120828,0.6214357142857142,42418.45,-242146,39.21,40.79,40.36
2023-09-25,38.45,38.91,38.24,38.85,66899,40.1685,40.06607576035736,-0.5321664386003491,32.33082695422782,-1.3799999999999955,41.61203768659904,38.724962313400965,0.6157214285714281,44666.65,-175247,38.48,40.34,40.23
2023-09-26,38.88,39.14,38.35,38.43,37155,40.0405,39.91025902127571,-0.5903990027237498,30.210772734672076,-1.8500000000000014,41.62449195904396,38.456508040956045,0.6371499999999993,45185.25,-212402,38.85,39.82,40.28
2023-09-27,38.45,38.64,37.65,38.37,72404,39.902,39.763567685916115,-0.6339496067339354,26.392251726515468,-2.020000000000003,41.563699827222,38.240300172778,0.6757214285714278,45283.75,-284806,38.43,39.16,40.39
2023-09-28,38.3,38.3,37.0279,37.49,50295,39.744,39.54703743011458,-0.7297279491309894,21.126760503868425,-3.3699999999999974,41.683879540481605,37.804120459518394,0.7423071428571417,46248.2,-335101,38.37,39.21,40.86
2023-09-29,37.56,37.62,37.07,37.49,45460,39.5815,39.351129103436996,-0.796408735652335,21.69421481328135,-3.299999999999997,41.70580818459989,37.45719181540011,0.7419499999999987,46434.6,-335101,37.49,38.48,40.79
2023-10-02,37.35,37.35,36.58,36.89,47945,39.407000000000004,39.11673585549062,-0.8866509304158114,18.55287564754363,-3.450000000000003,41.81019173731852,37.00380826268149,0.7669499999999988,47370.25,-383046,37.49,38.85,40.34
2023-10-03,36.76,36.76,36.26,36.37,41253,39.2125,38.85514196449151,-0.988087471407681,15.344827549167746,-3.450000000000003,41.93364430263992,36.49135569736008,0.7662357142857132,46544.6,-424299,36.89,38.43,39.82
2023-10-04,36.48,36.7899,36.1192,36.59,65205,39.036,38.63941415834946,-1.0389461553893753,11.531531502443187,-2.569999999999993,41.959691970239405,36.1123080297606,0.7712857142857139,47939.3,-359094,36.37,38.37,39.16
2023-10-05,36.6,37.12,36.59,37.04,41558,38.872,38.487089000411416,-1.0314721583100308,18.381112941427503,-2.1700000000000017,41.859705333177125,35.884294666822875,0.7512857142857133,46733.2,-317536,36.59,37.49,39.21
2023-10-06,36.89,37.66,36.6788,37.62,24392,38.735,38.40450909561033,-0.9681078563282526,27.557755711912804,-0.8599999999999994,41.68647777437539,35.78352222562461,0.7743857142857132,46344.8,-293144,37.04,37.49,38.48
2023-10-09,37.57,37.96,37.38,37.85,29311,38.616,38.3516987055522,-0.8892684976839647,32.928942727728824,-1.0,41.50493642785903,35.72706357214097,0.7708142857142849,45991.2,-263833,37.62,36.89,38.85
2023-10-10,37.89,38.12,37.715,37.76,41822,38.489999999999995,38.29534644788056,-0.8244667574302937,36.53846144008884,-0.6700000000000017,41.29186404118107,35.68813595881892,0.7342142857142845,46910.65,-305655,37.85,36.37,38.43
2023-10-11,37.93,37.93,37.43,37.64,27771,38.3525,38.23293250046336,-0.7737781917335127,35.104364233119384,-0.7299999999999969,41.02886733376859,35.67613266623141,0.7170714285714271,46819.9,-333426,37.76,36.59,38.37
2023-10-12,37.65,37.65,36.87,37.14,38037,38.1665,38.12884369089542,-0.7647868417561483,36.70634910438719,-0.3500000000000014,40.61661943854955,35.71638056145045,0.7134999999999982,46917.95,-371463,37.64,37.04,37.49
2023-10-13,37.14,37.18,36.67,36.74,22113,37.964,37.9965728631911,-0.7806743592851362,29.191321418406645,-0.75,40.157131862980776,35.77086813701922,0.7020714285714271,40602.85,-393576,37.14,37.62,37.49
2023-10-16,37.01,37.01,36.65,36.74,30318,37.784,37.8768992571729,-0.7842135889006983,31.827956893421245,-0.14999999999999858,39.73343878563752,35.83456121436248,0.6713571428571414,40694.95,-393576,36.74,37.85,36.89
2023-10-17,36.51,37.11,36.5,36.81,44510,37.6335,37.775289804108816,-0.7724932607097728,33.261802475179195,0.44000000000000483,39.374755143189745,35.89224485681025,0.6442142857142841,40799.6,-349066,36.74,37.76,36.37
2023-10-18,36.97,36.97,36.0,36.14,33097,37.4825,37.619547918003214,-0.8076127234434196,34.83146056457521,-0.45000000000000284,39.1898324838844,35.7751675161156,0.622635714285713,41032.0,-382163,36.81,37.64,36.59
2023-10-19,36.09,36.675,35.95,36.02,29839,37.323,37.467210021050526,-0.8354309461542897,33.916848911414505,-1.019999999999996,38.944696317862565,35.701303682137436,0.6351357142857127,40953.9,-412002,36.14,37.14,37.04
2023-10-20,36.1,36.34,35.54,35.63,38726,37.1805,37.29223763809333,-0.8786399744473385,35.55045860144352,-1.9899999999999949,38.8734261494138,35.4875738505862,0.6372785714285699,41405.5,-450728,36.02,36.74,37.62
2023-10-23,35.59,35.7,35.25,35.32,50167,37.004000000000005,37.104405482084445,-0.927076658523653,37.34939746436353,-2.530000000000001,38.70010575638513,35.30789424361488,0.6337071428571416,40568.9,-500895,35.63,36.74,37.85
2023-10-24,35.52,35.83,35.35,35.62,33191,36.8635,36.963033531409735,-0.930628733884582,38.534278832274175,-2.1400000000000006,38.52747463290401,35.199525367095994,0.6200857142857126,40370.7,-467704,35.32,36.81,37.76
2023-10-25,35.47,35.725,35.34,35.6,32631,36.72500000000001,36.833220814132616,-0.9243874824840077,31.052631464542955,-2.039999999999999,38.320724550825105,35.12927544917491,0.60972857142857,38382.05,-500335,35.62,36.14,37.64
2023-10-26,35.63,36.33,35.63,36.17,28334,36.659000000000006,36.77005692707237,-0.8636657533473908,30.870712287021163,-0.9699999999999989,38.23050815929716,35.08749184070285,0.5896428571428558,37284.0,-472001,35.6,36.02,37.14
2023-10-27,36.17,36.17,35.625,35.81,27327,36.575,36.67862293401786,-0.8348592338223,23.979591751093267,-0.9299999999999997,38.139063533505855,35.01093646649415,0.5871428571428561,36377.35,-499328,36.17,35.63,36.74
2023-10-30,35.67,35.995,35.44,35.52,41704,36.5065,36.56827789268282,-0.8258276374859364,22.815533903054003,-1.2199999999999989,38.13129828707595,34.881701712924055,0.5978571428571422,36065.3,-541032,35.81,35.32,36.74
2023-10-31,35.62,36.105,35.24,36.07,48185,36.4915,36.52082285528446,-0.7655984509116536,32.74725264649193,-0.740000000000002,38.12710740367244,34.855892596327564,0.6239285714285704,36411.9,-492847,35.52,35.62,36.81
2023-11-01,36.03,36.32,35.71,36.17,44914,36.4705,36.48741115478118,-0.701729185629226,38.31325288279865,0.030000000000001137,38.111558387620526,34.829441612379476,0.6117857142857132,35397.35,-447933,36.07,35.6,36.14
2023-11-02,36.23,36.65,36.14,36.61,54212,36.449,36.49908628289726,-0.6086848730405237,48.44868718895423,0.5899999999999963,38.06978473521176,34.828215264788234,0.6117857142857132,36030.05,-393721,36.17,36.17,36.02
2023-11-03,37.09,38.62,36.31,37.86,49718,36.461,36.62869711309752,-0.4293821503507331,60.294117491890134,2.229999999999997,38.121360138486345,34.80063986151365,0.7510714285714271,37296.35,-344003,36.61,35.81,35.63
2023-11-06,38.05,38.9331,37.58,37.88,36290,36.4625,36.74786881661205,-0.28242023995927923,59.925788341565685,2.5600000000000023,38.12818936258604,34.796810637413955,0.8041499999999989,37645.3,-307713,37.86,35.52,35.32
2023-11-07,38.05,38.05,37.3963,37.64,32076,36.456500000000005,36.83283369122042,-0.18316739825507256,65.12096755812632,2.020000000000003,38.103267487502556,34.809732512497455,0.7815571428571418,37158.0,-339789,37.88,36.07,35.62
2023-11-08,37.43,37.43,36.805,37.27,54835,36.438,36.874468577770855,-0.1327767410913907,61.996161061814554,1.6700000000000017,38.03638866230658,34.83961133769343,0.7744142857142852,38511.2,-394624,37.64,36.17,35.6
2023-11-09,37.34,37.34,36.285,36.77,46625,36.4195,36.86451918941172,-0.13159759462246967,60.7142855545113,0.6000000000000014,37.9920336579113,34.8469663420887,0.792628571428571,38940.6,-441249,37.27,36.61,36.17
2023-11-10,36.9,36.9,36.43,36.53,26926,36.409000000000006,36.832660218991556,-0.14828667231103054,61.52380935974605,0.7199999999999989,37.97531515280147,34.84268484719854,0.7940571428571422,39181.25,-468175,36.77,37.86,35.81
2023-11-13,36.33,36.703,36.17,36.41,23734,36.3925,36.79240686480188,-0.16922927834163204,57.790926862115775,0.8899999999999935,37.95106715573892,34.83393284426108,0.7978428571428567,38852.05,-491909,36.53,37.88,35.52
2023-11-14,37.02,38.82,36.56,38.82,65232,36.493,36.98551097291599,0.008264549186009162,71.58176930266153,2.75,38.387858417152415,34.59814158284759,0.9317714285714283,39888.15,-426677,36.41,37.64,36.07
2023-11-15,38.8,39.42,38.09,38.22,38762,36.597,37.1030813564478,0.09943088902901565,63.68491309858624,2.049999999999997,38.63332382907111,34.56067617092889,0.9767714285714284,40171.4,-465439,38.82,37.27,36.17
2023-11-16,38.42,38.48,38.06,38.29,38039,36.7105,37.2161212272623,0.17530012213461532,67.2222220915123,1.6799999999999997,38.861245036150734,34.55975496384927,0.9678428571428564,40581.4,-427400,38.22,36.77,36.61
2023-11-17,38.51,38.51,37.9,38.06,40437,36.83200000000001,37.2964906341897,0.21441633363629364,67.78711471302245,0.20000000000000284,39.000216341895765,34.66378365810425,0.9717714285714278,40666.95,-467837,38.29,36.53,37.86
2023-11-20,37.94,37.9747,37.11,37.28,22902,36.93,37.294920097600205,0.18046254364224978,58.208955113307276,-0.6000000000000014,38.98467374795293,34.87532625204707,0.9717499999999996,39303.7,-490739,38.06,36.41,37.88
2023-11-21,37.18,37.35,36.98,37.21,18598,37.0095,37.28683246925733,0.14622548513210631,57.08446855596967,-0.4299999999999997,38.97171652327442,35.04728347672559,0.9546071428571429,38574.05,-509337,37.28,38.82,37.64
2023-11-22,37.61,37.77,37.39,37.67,21272,37.113,37.323324615042345,0.15439696828916283,57.201086847715324,0.3999999999999986,38.97814963418362,35.247850365816376,0.9453214285714289,38006.1,-488065,37.21,38.22,37.27
2023-11-24,37.87,38.26,37.74,38.25,13502,37.217,37.41157941360974,0.2052680570326686,52.91479809554452,1.4799999999999969,39.09268485738171,35.341315142618285,0.8174642857142861,37264.5,-474563,37.67,38.29,36.77
2023-11-27,38.26,38.26,37.85,38.12,25727,37.332499999999996,37.479048040885004,0.23242211655167466,51.7647057757785,1.5899999999999963,39.12607772416811,35.53892227583188,0.7500999999999998,37184.5,-500290,38.25,38.06,36.53
2023-11-28,38.18,38.18,37.6,37.67,29274,37.44,37.4972339417531,0.215176008701512,50.21397992824598,1.2600000000000051,39.021338540271444,35.85866145972855,0.7448357142857139,36563.0,-529564,38.12,37.28,36.41
2023-11-29,37.94,38.44,37.67,37.88,36507,37.5305,37.53368785206233,0.2159527159670347,54.45255463323565,-0.9399999999999977,38.9836921305944,36.07730786940561,0.7551928571428564,35979.1,-493057,37.67,37.21,38.82
2023-11-30,38.08,38.46,37.6938,38.08,63565,37.626,37.58571758043735,0.23004451237373758,59.99999987175568,-0.14000000000000057,38.947839229017205,36.30416077098279,0.7345642857142843,36911.65,-429492,37.88,37.67,38.22
2023-12-01,37.86,38.8,37.72,38.73,53213,37.732000000000006,37.694696858490936,0.29028524210876583,65.80459756878382,0.4399999999999977,39.050796899889534,36.41320310011048,0.7781357142857129,36861.7,-376279,38.08,38.25,38.29
2023-12-04,38.88,39.54,38.6368,39.54,34111,37.816,37.870440014825135,0.3987547040335997,70.45751621092744,1.4799999999999969,39.36333591086517,36.26866408913484,0.8045785714285698,36081.35,-342168,38.73,38.12,38.06
2023-12-05,39.54,39.54,39.035,39.13,22015,37.8785,37.99039810865131,0.4465023316268528,52.74336270116691,1.8500000000000014,39.53392521171427,36.223074788285736,0.6792214285714273,35367.6,-364183,39.54,37.67,37.28
2023-12-06,39.16,39.63,39.16,39.42,28569,37.967499999999994,38.12655066973214,0.5019458501186307,61.23595489563612,2.210000000000001,39.75505787539731,36.179942124602675,0.6177928571428565,35192.25,-335614,39.13,37.88,37.21
2023-12-07,39.26,39.56,39.135,39.42,34320,38.075,38.24973632023384,0.5396636913091015,60.721062457287545,1.75,39.942737161718256,36.20726283828175,0.61815,34166.5,-335614,39.42,38.08,37.67
2023-12-08,39.48,39.63,39.0868,39.22,20522,38.197500000000005,38.34214238497348,0.5471159720736267,61.06870212691566,0.9699999999999989,40.02581386226423,36.36918613773578,0.6133785714285719,32861.35,-356136,39.42,38.73,38.25
2023-12-11,39.07,39.13,38.27,38.5,35024,38.29600000000001,38.35717644354743,0.48930421142168967,61.77606160909945,0.38000000000000256,39.95001457385552,36.641985426144494,0.6130428571428576,33266.25,-391160,39.22,39.54,38.12
2023-12-12,38.62,38.75,38.0,38.68,28396,38.4095,38.38792154416196,0.4527880364971608,63.89413971748244,1.009999999999998,39.81082981954926,37.00817018045074,0.6401857142857145,33499.35,-362764,38.5,39.13,37.67
2023-12-13,38.63,40.32,38.4168,40.08,91555,38.472500000000004,38.54907187328939,0.530664629960981,69.3418939051707,2.1999999999999957,40.05333089411535,36.89166910588466,0.7489857142857141,34815.5,-271209,38.68,39.42,37.88
2023-12-14,40.5,40.95,39.7,39.96,69350,38.5595,38.68344598059517,0.576061184228088,64.8180241061608,1.8800000000000026,40.268171074872306,36.85082892512769,0.8011285714285715,36344.9,-340559,40.08,39.42,38.08
2023-12-15,40.35,40.35,38.4,38.42,153221,38.566,38.658355887205154,0.48224675822855545,52.08913638868417,-0.30999999999999517,40.271340219181475,36.86065978081853,0.911128571428572,42104.0,-493780,39.96,39.22,38.73
2023-12-18,38.42,38.575,38.065,38.54,90109,38.589999999999996,38.64708389794752,0.41282004505716685,56.35036484833501,-1.0,40.27878654660676,36.90121345339323,0.9061285714285725,44587.6,-403671,38.42,38.5,39.54
2023-12-19,38.6,39.24,38.52,39.19,62789,38.685500000000005,38.698790193381086,0.4055614068232387,58.98491072348575,0.05999999999999517,40.27550132406432,37.09549867593569,0.9025571428571441,46581.95,-340882,38.54,38.68,39.13
2023-12-20,39.34,39.57,38.36,38.43,68462,38.7465,38.67319112734479,0.33463853706503244,52.22929926990954,-0.990000000000002,40.18449970719562,37.308500292804375,0.9342571428571443,49075.15,-409344,39.19,40.08,39.42
2023-12-21,38.57,39.045,38.07,38.46,36421,38.786,38.652887210454814,0.27765135625627124,48.13277998978441,-0.9600000000000009,40.140468627601926,37.43153137239808,0.9267571428571445,49832.6,-372923,38.43,39.96,39.42
2023-12-22,38.61,39.07,38.318,38.67,30399,38.807,38.65451699993531,0.24658827786537785,43.43891393542311,-0.5499999999999972,40.1393204925005,37.4746795074995,0.9159571428571448,50677.45,-342524,38.46,38.42,39.22
2023-12-26,38.84,39.71,38.5,39.51,40236,38.8765,38.73599157137004,0.28643827507735153,52.69121802582475,1.009999999999998,40.202932095986476,37.550067904013524,0.9663142857142876,51402.9,-302288,38.67,38.54,38.5
2023-12-27,39.5,39.88,39.02,39.56,46379,38.971000000000004,38.8144685645729,0.3183833681020545,51.026392857130574,0.8800000000000026,40.20133414374431,37.740665856255696,0.9941714285714299,52258.15,-255909,39.51,39.19,38.68
2023-12-28,39.25,39.3618,38.95,39.11,36702,39.0325,38.842614415565954,0.3038908661061299,47.86795038925015,-0.9699999999999989,40.15110580517369,37.913894194826305,0.9932285714285725,52267.9,-292611,39.56,38.43,40.08
2023-12-29,39.09,39.0931,38.28,38.62,43301,39.0595,38.82141304265491,0.24999002543845705,46.03174594650204,-1.3400000000000034,40.10498100236955,38.01401899763045,1.0125071428571435,51254.7,-335912,39.11,38.46,39.96
2024-01-02,38.5,39.0799,38.21,38.36,41999,39.041,38.77746894335444,0.18417295856208682,49.01408441039476,-0.060000000000002274,40.12347085775765,37.95852914224234,1.0132142857142863,50694.0,-377911,38.62,38.67,38.42
2024-01-03,38.36,38.7,37.61,37.77,47155,38.9525,38.68151952017783,0.08344792397782896,43.941411369483404,-0.769999999999996,40.146835313932044,37.75816468606796,1.037500000000001,51346.2,-425066,38.36,39.51,38.54
2024-01-04,38.0,38.07,37.26,37.38,61617,38.864999999999995,38.557565280160894,-0.027526406971183803,29.230769167810664,-1.8099999999999952,40.246357074916176,37.483642925083814,0.9594142857142869,53326.3,-486683,37.77,39.56,39.19
2024-01-05,37.17,37.59,36.93,37.02,57386,38.745000000000005,38.41113049157414,-0.14287344028682725,28.189910920673782,-1.4099999999999966,40.32591911973949,37.16408088026052,0.9172714285714301,54767.15,-544069,37.38,39.11,38.43
2024-01-08,37.3,37.4799,36.81,37.28,54983,38.638,38.30340377809089,-0.21087786720042345,39.560439459002524,-1.1799999999999997,40.313414795458755,36.96258520454124,0.8258357142857154,55800.3,-489086,37.02,38.62,38.46
2024-01-09,37.13,37.18,36.545,36.87,51341,38.5205,38.166889132558424,-0.2944582410316272,35.478260783183345,-1.8000000000000043,40.34687374396142,36.69412625603858,0.8347642857142864,57341.25,-540427,37.28,38.36,38.67
2024-01-10,36.88,37.99,36.8,37.76,86521,38.4835,38.128137786600476,-0.28559404353023154,38.06343897614555,-1.75,40.34133433627778,36.625665663722216,0.8683357142857153,59916.1,-453906,36.87,37.77,39.51
2024-01-11,37.58,37.8793,36.25,36.65,145145,38.382,37.98736275930519,-0.36393513709578684,35.962145030998414,-2.9100000000000037,40.40876407891473,36.35523592108527,0.8982857142857154,65753.55,-599051,37.76,37.38,39.56
2024-01-12,37.01,37.25,36.615,36.88,45367,38.221999999999994,37.88189963937136,-0.402819622561978,37.92048921546075,-2.229999999999997,40.18870817678469,36.2552918232153,0.8740000000000008,63444.15,-553684,36.65,37.02,39.11
2024-01-16,36.99,37.23,36.33,36.36,54979,38.042,37.736956816574086,-0.4701729922111184,33.138686063658156,-2.259999999999998,39.99788827578895,36.08611172421105,0.8845714285714291,62725.6,-608663,36.88,37.28,38.62
2024-01-17,36.02,36.49,35.6079,35.92,58136,37.916999999999994,37.563913310233694,-0.5526822521742218,22.170542587536886,-2.4399999999999977,40.079776967356224,35.754223032643765,0.8611500000000005,57971.35,-666799,36.36,36.87,38.36
2024-01-18,35.99,35.99,35.31,35.73,54260,37.7765,37.38925489973525,-0.6261836813890298,20.940819378881415,-2.0400000000000063,40.12590776411963,35.427092235880366,0.8482928571428577,56178.9,-721059,35.92,37.76,37.77
2024-01-19,35.96,35.96,35.36,35.86,47760,37.61,37.24361157595094,-0.6662643182517058,24.08293455547674,-1.5200000000000031,40.00908754584571,35.21091245415429,0.861735714285715,55427.45,-673299,35.73,36.65,37.38
2024-01-22,36.06,36.58,35.95,36.56,40979,37.5165,37.178505711574665,-0.6342357703342927,34.104938197921484,-0.46000000000000085,39.92676117824789,35.106238821752115,0.8486571428571433,54053.3,-632320,35.86,36.88,37.02
2024-01-23,36.79,37.1,36.23,36.36,35165,37.411500000000004,37.100552786662796,-0.617868131552207,34.423675937393895,-0.9200000000000017,39.831645928614634,34.99135407138537,0.8486642857142864,53990.5,-667485,36.56,36.36,37.28
2024-01-24,36.49,36.49,35.43,35.45,43431,37.2505,36.9433572831711,-0.6705929854406136,32.789317439310054,-1.4199999999999946,39.74539985032635,34.755600149673654,0.8465214285714292,54642.1,-710916,36.36,35.92,36.87
2024-01-25,35.9,35.9,35.2964,35.67,47398,37.0585,36.822085160964335,-0.6867102558014793,36.986301291049,-2.0899999999999963,39.40805113294357,34.708948867056435,0.8317785714285719,55000.2,-663518,35.45,35.73,37.76
2024-01-26,35.87,36.0688,35.46,35.61,43648,36.861,36.70664847896773,-0.696298106344571,38.755980774707545,-1.0399999999999991,38.977719408101194,34.7442805918988,0.828121428571429,54863.65,-707166,35.67,35.86,36.65
2024-01-29,35.44,36.01,35.34,36.0,64172,36.7055,36.63934862382794,-0.6647647391879659,39.999999912500016,-0.8800000000000026,38.56827071504865,34.84272928495135,0.8281285714285715,56237.15,-642994,35.61,36.56,36.88
2024-01-30,36.08,36.0842,35.511,35.66,49111,36.557500000000005,36.54607732632052,-0.6596051497992335,40.442337983223915,-0.7000000000000028,38.241591196430754,34.873408803569255,0.823714285714286,56527.65,-692105,36.0,36.36,36.36
2024-01-31,35.88,36.6,35.7,35.88,74592,36.4335,36.482641390480474,-0.630496444046905,33.3922260658144,-0.03999999999999915,37.911354419153454,34.95564558084655,0.8029999999999998,58157.3,-617513,35.66,35.45,35.92
2024-02-01,36.05,36.62,35.9558,36.61,55498,36.3755,36.49477078186329,-0.5422731191310461,49.62121198964073,0.8800000000000026,37.71728945716879,35.033710542831216,0.7340642857142851,58574.45,-562015,35.88,35.67,35.73
2024-02-02,36.47,36.47,35.7601,36.0,54640,36.30650000000001,36.447649755019164,-0.5156323932659816,42.226148305447694,0.14000000000000057,37.57046660515549,35.042533394844526,0.739414285714285,58225.6,-616655,36.61,35.61,35.86
2024-02-05,35.8,35.9425,35.41,35.49,68934,36.23,36.35644501644591,-0.5295667695882713,42.3008848509359,-1.0700000000000003,37.49733869522791,34.962661304772084,0.7131642857142856,58803.0,-685589,36.0,36.0,36.56
2024-02-06,35.4,36.01,35.4,35.87,49142,36.159499999999994,36.31011691964154,-0.5041362438728783,49.55277268448318,-0.490000000000002,37.33440380345344,34.98459619654655,0.6937285714285711,58510.95,-636447,35.49,35.66,36.36
2024-02-07,35.77,35.87,35.515,35.64,63780,36.098,36.24629626062806,-0.49681413650004913,49.2007103572274,0.18999999999999773,37.2447409196689,34.9512590803311,0.6705142857142852,59132.9,-700227,35.87,35.88,35.45
2024-02-08,35.71,36.12,35.54,36.12,35171,36.016,36.23426804533015,-0.4471257685861616,52.17391292133196,0.44999999999999574,36.855809502209276,35.17619049779072,0.6690857142857135,56565.4,-665056,35.64,36.61,35.67
2024-02-09,36.07,36.82,35.8701,36.61,58335,36.013999999999996,36.27005204101299,-0.36401296411510486,50.43327544088977,1.0,36.84761988055957,35.18038011944042,0.6919357142857139,52224.9,-606721,36.12,36.0,35.61
2024-02-12,36.65,37.41,36.6002,37.23,50360,36.0315,36.36147565615461,-0.24528981802637873,57.02746352207034,1.2299999999999969,36.951849475957765,35.11115052404224,0.6876357142857132,52474.55,-556361,36.61,35.49,36.0
2024-02-13,36.69,36.7,35.4001,35.55,68929,35.991,36.284192260330364,-0.2834931143107511,50.71839070257791,-0.10999999999999943,36.921713365339755,35.060286634660244,0.7047714285714274,53172.05,-625290,37.23,35.87,35.66
2024-02-14,35.91,36.315,35.46,35.83,41137,35.9865,36.24093585458461,-0.2878578609709521,51.13960103761331,-0.05000000000000426,36.919526202599826,35.05347379740017,0.72272857142857,52322.1,-584153,35.55,35.64,35.88
2024-02-15,35.95,37.1,35.93,36.98,66183,36.049,36.311322916052745,-0.19626024460933422,58.44636241451922,0.36999999999999744,37.0727372195724,35.025262780427596,0.7628142857142842,52918.25,-517970,35.83,36.12,36.61
2024-02-16,36.92,36.9727,36.33,36.64,43395,36.088,36.34262549547629,-0.14938137477410862,53.97022323131724,0.6400000000000006,37.14044777342652,35.03555222657348,0.760864285714285,52700.0,-561365,36.98,36.61,36.0
2024-02-20,36.31,37.09,36.31,36.62,37915,36.090999999999994,36.36904211495474,-0.11254599169865287,56.201550285940364,1.1299999999999955,37.14943777630844,35.03256222369155,0.7756357142857137,52546.8,-599280,36.64,37.23,35.49
2024-02-21,36.53,36.8,36.2701,36.38,78875,36.092,36.37008572305429,-0.10154891401883503,53.22164938851765,0.5100000000000051,37.15154508609811,35.03245491390189,0.7491999999999993,54732.3,-678155,36.62,35.55,35.87
2024-02-22,36.2,36.2,35.4,35.86,47792,36.1125,36.32150613038245,-0.1332568525430844,45.03311249927633,0.21999999999999886,37.13496091161982,35.09003908838017,0.7589,54950.35,-725947,36.38,35.83,35.64
2024-02-23,35.83,35.8492,35.4101,35.63,45357,36.110499999999995,36.25564840367936,-0.17492809027191214,47.419804649389505,-0.4899999999999949,37.13675481600301,35.08424518399698,0.7395571428571434,54848.3,-771304,35.86,36.98,36.12
2024-02-26,35.57,35.7567,34.98,35.55,56733,36.1075,36.188443793805135,-0.21196472881016604,50.44510375278461,-1.0600000000000023,37.14024544680464,35.07475455319536,0.7570000000000005,55502.55,-828037,35.63,36.64,36.61
2024-02-27,35.65,35.8,35.4,35.42,40048,36.078500000000005,36.1152586705856,-0.24893678239681094,46.533127788680495,-1.8099999999999952,37.15557742965614,35.00142257034387,0.7420000000000003,54296.35,-868085,35.55,36.62,37.23
2024-02-28,35.13,35.295,34.89,34.96,42565,36.043499999999995,36.00523403529173,-0.311761531412067,44.94047609685019,-0.5899999999999963,37.21884810073259,34.868151899267396,0.7455714285714292,53969.05,-910650,35.42,36.38,35.55
2024-02-29,35.41,35.62,35.23,35.4,85419,36.0195,35.947592698597276,-0.32233083995026135,44.61077834961813,-0.4299999999999997,37.228039353278184,34.81096064672182,0.7320000000000009,54510.4,-825231,34.96,35.86,35.83
2024-03-01,35.45,36.12,34.99,35.87,83061,35.9825,35.940202917778485,-0.28944566700251784,44.444444351017665,-1.1099999999999994,37.159827482054595,34.80517251794541,0.7448642857142863,55888.55,-742170,35.4,35.63,36.98
2024-03-04,35.85,35.98,35.6,35.77,77950,35.971,35.9239931160853,-0.26835957244942676,38.1107490987703,-0.8699999999999974,37.15209494248299,34.789905057517004,0.7141642857142863,57054.05,-820120,35.87,35.55,36.64
2024-03-05,35.63,36.2,35.05,35.05,121826,35.949,35.84075567645813,-0.3062165368172387,45.17374505165396,-1.5700000000000003,37.1830246521469,34.7149753478531,0.7034571428571438,59698.65,-941946,35.77,35.42,36.62
2024-03-06,35.68,35.68,35.08,35.26,67408,35.9185,35.78544561203355,-0.3156348335916448,44.422700465378114,-1.1200000000000045,37.19032049378915,34.64667950621085,0.6852428571428584,60611.95,-874538,35.05,34.96,36.38
2024-03-07,35.41,35.67,35.055,35.23,51461,35.897999999999996,35.732546029935115,-0.3218100133951083,28.070175340104612,-0.6300000000000026,37.20154334916754,34.594456650832456,0.6456000000000012,59996.0,-925999,35.26,35.4,35.86
2024-03-08,35.4,35.5928,35.24,35.47,39230,35.8655,35.70754164613177,-0.3038355335688294,34.961439462863694,-0.1600000000000037,37.17811851595278,34.55288148404721,0.6248928571428577,60198.95,-886769,35.23,35.87,35.63
2024-03-11,35.33,36.14,35.33,35.98,46734,35.834,35.73349006078589,-0.24560682339425455,42.69406379047558,0.4299999999999997,37.10083027567606,34.567169724323946,0.6270357142857149,59618.9,-840035,35.47,35.77,35.55
2024-03-12,36.01,36.01,35.21,35.54,63051,35.7495,35.715062435949136,-0.23228670888254754,40.82969419833714,0.11999999999999744,36.83702689017016,34.66197310982984,0.6463285714285719,60253.45,-903086,35.98,35.05,35.42
2024-03-13,35.83,36.46,35.75,36.21,78920,35.7825,35.76219934681112,-0.1657564371051592,53.69978842456724,1.25,36.88449579710776,34.68050420289224,0.6399000000000002,60753.0,-824166,35.54,35.26,34.96
2024-03-14,36.22,36.22,35.29,35.65,76744,35.7735,35.75151369473387,-0.15641486634513768,50.19762831961127,0.25,36.876801743333694,34.6701982566663,0.6749642857142858,62533.35,-900910,36.21,35.23,35.4
2024-03-15,35.5,36.31,35.45,35.66,227290,35.707499999999996,35.74279810475922,-0.14651574694356384,51.102204265444705,-0.21000000000000085,36.653647312443034,34.76135268755696,0.6809142857142854,70588.7,-673620,35.65,35.47,35.87
2024-03-18,35.5,35.7599,35.22,35.23,54204,35.637,35.69396019002024,-0.17139224815124976,48.20415866259764,-0.5400000000000063,36.496769859048,34.777230140952,0.6909071428571428,71129.15,-727824,35.66,35.98,35.77
2024-03-19,35.23,35.58,35.1,35.26,51253,35.569,35.65263064811355,-0.18653603781513084,53.08641960016254,0.21000000000000085,36.308071964305356,34.82992803569465,0.6962642857142853,71796.05,-676571,35.23,35.54,35.05
2024-03-20,35.18,35.615,35.0484,35.48,48828,35.524,35.6361896340075,-0.17872523884440028,50.86206881205408,0.21999999999999886,36.15716747597512,34.89083252402488,0.7088785714285711,70293.7,-627743,35.26,36.21,35.26
2024-03-21,35.66,36.2,35.6101,35.9,101544,35.525999999999996,35.66131443076869,-0.137064698090974,50.32679723211872,0.6700000000000017,36.163871460406504,34.88812853959349,0.6703,72981.3,-526199,35.48,35.65,35.23
2024-03-22,36.09,36.3,35.43,35.44,44304,35.51649999999999,35.64023686593358,-0.13955777865219687,46.66666653468009,-0.030000000000001137,36.153508634165284,34.8794913658347,0.7053000000000001,72928.65,-570503,35.9,35.66,35.47
2024-03-25,35.59,35.66,35.36,35.4,32930,35.509,35.6173571644161,-0.1431115227252917,54.09836047836605,-0.5799999999999983,36.14787730475221,34.870122695247794,0.6445857142857138,71738.5,-603433,35.44,35.23,35.98
2024-03-26,35.41,35.5623,35.22,35.31,39753,35.503499999999995,35.58808505351933,-0.15144437116376253,50.60240946784736,-0.22999999999999687,36.14747695284117,34.859523047158824,0.6261785714285709,71723.75,-643186,35.4,35.26,35.54
2024-03-27,35.46,35.97,35.46,35.97,53970,35.553999999999995,35.62445790556511,-0.10359759040326821,57.74058560494393,-0.240000000000002,36.176571915102826,34.93142808489716,0.6186785714285706,72294.0,-589216,35.31,35.48,36.21
2024-03-28,35.9,36.48,35.9,36.27,64673,35.5975,35.6859381050351,-0.04099860258956056,58.264462641383844,0.6200000000000045,36.292167660033094,34.9028323399669,0.6349071428571423,71256.7,-524543,35.97,35.9,35.65
2024-04-01,36.5,36.57,35.47,35.8,71538,35.593999999999994,35.696801142650806,-0.02897942690955091,48.12499985963543,0.14000000000000057,36.28357347610569,34.9044265238943,0.655621428571428,70680.55,-596081,36.27,35.44,35.66
2024-04-02,35.41,35.85,35.27,35.27,60085,35.569,35.656153414779304,-0.06151160219113194,47.23926366843569,0.04000000000000625,36.26789838128983,34.87010161871017,0.6399071428571423,69787.3,-656166,35.8,35.4,35.23
2024-04-03,35.35,35.6725,34.86,34.92,60287,35.5625,35.5860435657527,-0.11421898730699098,35.88621433207726,-0.3399999999999963,36.28378175383977,34.84121824616023,0.6472285714285709,66710.35,-716453,35.27,35.31,35.26
2024-04-04,35.09,35.22,34.89,35.1,52320,35.554500000000004,35.53975370234768,-0.13985334408682348,43.436754031476276,-0.37999999999999545,36.29324644891911,34.815753551080896,0.6043714285714279,65955.95,-664133,34.92,35.97,35.48
2024-04-05,35.0,35.015,34.45,34.65,71669,35.5255,35.45501525450504,-0.19424087728209116,39.09287245198702,-1.25,36.3575292251959,34.693470774804105,0.5832999999999993,66966.35,-735802,35.1,36.27,35.9
2024-04-08,34.66,35.1317,34.66,35.07,44877,35.5055,35.41834713502837,-0.20113437269679935,48.26839812213043,-0.36999999999999744,36.362016199497205,34.64898380050279,0.5784285714285708,67248.7,-690925,34.65,35.8,35.44
2024-04-09,35.15,35.5,35.02,35.41,38922,35.477,35.41755216978757,-0.17712064163382024,51.52129802813423,0.00999999999999801,36.304478096387534,34.64952190361246,0.5784285714285708,66858.1,-652003,35.07,35.27,35.4
2024-04-10,34.97,34.98,34.31,34.57,94523,35.4285,35.33683291552209,-0.22329649892514425,41.80180169635584,-0.740000000000002,36.348918097217435,34.508081902782564,0.5858142857142846,68431.7,-746526,35.41,34.92,35.31
2024-04-11,34.77,34.8397,34.3,34.47,67569,35.341499999999996,35.25427739975808,-0.26490667802906387,36.328871795677976,-1.5,36.27965664722797,34.403343352772026,0.5822285714285707,67864.15,-814095,34.57,35.1,35.97
2024-04-12,34.31,34.5,33.8,34.04,73037,35.260999999999996,35.13863193311445,-0.3287903406324091,36.53846144008875,-2.230000000000004,36.35160871462787,34.17039128537212,0.5700857142857139,67678.8,-887132,34.47,34.65,36.27
2024-04-15,34.18,34.18,33.705,34.01,63116,35.1785,35.03114317757974,-0.3774879052576665,36.60886309970634,-1.7899999999999991,36.38544961304203,33.97155038695797,0.5825857142857142,59470.1,-950248,34.04,35.07,35.8
2024-04-16,33.9,33.9,33.32,33.33,54630,35.0835,34.86912954161977,-0.4655843988385726,32.871972238718385,-1.9400000000000048,36.54552851149433,33.62147148850567,0.5995642857142853,59491.4,-1004878,34.01,35.41,35.27
2024-04-17,33.52,33.83,33.33,33.8,54969,35.0105,34.76730768051313,-0.4918072015459245,30.59033981605282,-1.1200000000000045,36.577454471511786,33.443545528488215,0.5988499999999998,59677.2,-949909,33.33,34.57,34.92
2024-04-18,34.0,34.4,33.88,34.26,62530,34.9495,34.7189926633214,-0.47005234998604095,32.52173905125137,-0.8400000000000034,36.53438219718334,33.36461780281666,0.5945642857142853,60362.3,-887379,33.8,34.47,35.1
2024-04-19,34.25,35.13,34.25,35.07,58911,34.908,34.752421933481266,-0.3830358685998476,44.00656804333468,0.4200000000000017,36.43031955978586,33.385680440214145,0.5788499999999998,58230.65,-828468,34.26,34.04,34.65
2024-04-22,35.32,35.49,35.1,35.42,65629,34.907000000000004,34.816000796959244,-0.28257526360653884,51.26903541154542,0.3500000000000014,36.427873710110944,33.38612628988906,0.5652785714285713,59296.9,-762839,35.07,34.01,35.07
2024-04-23,35.42,35.89,35.35,35.55,56217,34.9145,34.885905482963125,-0.19027621468184464,55.536027982863864,0.14000000000000057,36.44704483921739,33.3819551607826,0.5458142857142855,60461.25,-706622,35.42,33.33,35.41
2024-04-24,35.5,35.695,35.12,35.53,39427,34.9255,34.94724781791902,-0.1173891963898015,53.887884131206086,0.9600000000000009,36.47308181486006,33.37791818513994,0.5633142857142859,60444.95,-746049,35.55,33.8,34.57
2024-04-25,35.33,35.5582,35.1,35.37,44741,34.8955,34.98750993049816,-0.07170974332171198,56.87022885569022,0.8999999999999986,36.37979639542614,33.411203604573856,0.5556857142857144,59983.5,-790790,35.53,34.26,34.47
2024-04-26,35.58,35.58,35.27,35.37,35404,34.8505,35.023937556165,-0.03510379307545719,53.11203304075342,1.3299999999999983,36.208539996310975,33.49246000368902,0.5441357142857137,58520.05,-790790,35.37,35.07,34.04
2024-04-29,35.39,35.66,35.35,35.52,38640,34.8365,35.071181598435004,0.005941934698142859,51.18790481282282,1.5100000000000051,36.158623889410045,33.51437611058996,0.5319928571428564,56875.15,-752150,35.37,35.42,34.01
2024-04-30,35.14,35.65,35.1201,35.51,53806,34.848499999999994,35.11297382715548,0.0372348333528123,62.36842082285312,2.1799999999999997,36.19138417026123,33.50561582973876,0.5219857142857138,56561.2,-805956,35.52,35.55,33.33
2024-05-01,35.69,36.44,35.68,36.1,56270,34.9075,35.20697631980734,0.10839325028901214,68.99766877250175,2.3000000000000043,36.36260896680094,33.452391033199056,0.5377214285714277,56360.35,-749686,35.51,35.53,33.8
2024-05-02,36.35,36.79,35.9814,36.75,55614,34.989999999999995,35.353930956016164,0.21476073775694715,80.04434564952967,2.490000000000002,36.66199848904528,33.31800151095471,0.5454785714285703,56525.05,-694072,36.1,35.37,34.26
2024-05-03,37.07,37.07,36.625,36.9,40992,35.1025,35.50117562687177,0.3076154820979653,81.20950299418287,1.8299999999999983,36.96957623952847,33.23542376047153,0.543335714285713,54991.2,-653080,36.75,35.37,35.07
2024-05-06,37.07,37.07,36.71,36.76,36067,35.187,35.62106366240779,0.3656912465494955,91.93154002761808,1.3399999999999963,37.195498784769924,33.17850121523007,0.5276214285714274,54550.7,-689147,36.9,35.52,35.42
2024-05-07,36.99,37.24,36.79,36.87,52616,35.26,35.74000998027372,0.4157997072352728,91.15281467127618,1.3200000000000003,37.404172027662824,33.11582797233717,0.524049999999999,55235.4,-636531,36.76,35.51,35.55
2024-05-08,36.53,37.44,36.53,37.39,43376,35.400999999999996,35.897151886914315,0.49180148997705686,91.29287565221618,1.8599999999999994,37.71803894522412,33.08396105477587,0.5519071428571419,52678.05,-593155,36.87,36.1,35.53
2024-05-09,37.38,38.41,37.38,38.34,61872,35.5945,36.12980408816057,0.6215259365371608,91.60305310879309,2.970000000000006,38.211179092606734,32.97782090739326,0.562621428571427,52393.2,-531283,37.39,36.75,35.37
2024-05-10,38.28,38.565,38.0372,38.45,43746,35.815000000000005,36.35077512738337,0.7248539096998883,91.0569102236322,3.0800000000000054,38.61681520108903,33.01318479891098,0.5724642857142841,50928.65,-487537,38.34,36.9,35.37
2024-05-13,38.47,38.73,38.1701,38.28,54482,36.028499999999994,36.53451082953734,0.7839871787012385,86.59517393771236,2.759999999999998,38.901050856130034,33.155949143869954,0.5738857142857127,50496.95,-542019,38.45,36.76,35.52
2024-05-14,38.71,39.03,38.33,38.48,41079,36.286,36.719795512438544,0.8373367502253757,87.72378485213967,2.969999999999999,39.06170967691633,33.51029032308367,0.5828142857142841,49819.4,-500940,38.28,36.87,35.51
2024-05-15,38.64,38.78,38.3196,38.45,37950,36.5185,36.884576892206304,0.8671993860603209,90.74074040466391,2.3500000000000014,39.19464235322738,33.842357646772626,0.582971428571427,48968.45,-538890,38.48,37.39,36.1
2024-05-16,38.09,38.61,37.98,38.58,53640,36.7345,37.046045759615225,0.8910837932598241,91.0485930243784,1.8299999999999983,39.33951924429711,34.129480755702886,0.6058285714285704,48523.95,-485250,38.45,38.34,36.75
2024-05-17,38.69,38.69,38.2001,38.38,36514,36.9,37.17308902060425,0.8836874320427768,86.11111080667794,1.480000000000004,39.480224388447084,34.31977561155291,0.6186785714285706,47404.1,-521764,38.58,38.45,36.9
2024-05-20,38.35,38.35,38.02,38.04,37634,37.03099999999999,37.25565197102289,0.8406995449222734,79.48717922778084,1.2800000000000011,39.5603802028415,34.50161979715848,0.6043999999999993,46004.35,-559398,38.38,38.28,36.76
2024-05-21,38.08,38.51,37.895,38.51,34256,37.178999999999995,37.37511368806833,0.8349318295541721,78.89688222912322,1.6400000000000006,39.68983462743286,34.66816537256713,0.5940428571428562,44906.3,-525142,38.04,38.48,36.87
2024-05-22,38.35,38.52,37.67,37.67,43212,37.286,37.40319809872849,0.7538895288645762,60.55045852116831,0.28000000000000114,39.6806554526366,34.8913445473634,0.5969999999999993,45095.55,-568354,38.51,38.45,37.39
2024-05-23,37.6,37.6,36.35,36.47,44852,37.341,37.31432208932578,0.5860770252045242,46.02587788459107,-1.8700000000000045,39.59687327005007,35.085126729949934,0.6544999999999993,45101.1,-613206,37.67,38.58,38.34
2024-05-24,36.57,36.57,36.0377,36.32,32224,37.3885,37.21962474748523,0.43595524070374836,45.940959290927424,-2.1300000000000026,39.50535243003058,35.271647569969424,0.6668071428571422,44942.1,-645430,36.47,38.38,38.45
2024-05-28,36.32,36.61,36.07,36.28,57330,37.4265,37.13013667629616,0.3101794240961837,44.48598119199932,-2.0,39.42616602474671,35.42683397525328,0.6732357142857133,45876.6,-702760,36.32,38.04,38.28
2024-05-29,36.02,36.02,35.59,35.63,42099,37.432500000000005,36.98726651664891,0.15625046005766308,33.94160575270389,-2.8499999999999943,39.40853403976647,35.45646596023354,0.6389499999999992,45291.25,-744859,36.28,38.51,38.48
2024-05-30,36.0,36.23,35.8798,36.13,33195,37.434000000000005,36.90562208649187,0.07375625050408985,28.031809067108185,-2.3200000000000003,39.40581615455611,35.462183845443896,0.5903928571428564,44137.5,-711664,35.63,37.67,38.45
2024-05-31,36.16,37.13,36.16,37.04,55428,37.4485,36.91841998301645,0.08087609760359271,37.9073755521949,-1.5399999999999991,39.40332964663636,35.49367035336365,0.6219785714285712,44128.2,-656236,36.13,36.47,38.58
2024-06-03,37.34,37.53,36.87,36.91,54808,37.449,36.91761807987203,0.07516229047460143,38.16925724794989,-1.470000000000006,39.403243964730144,35.49475603526985,0.6291285714285715,44819.0,-711044,37.04,36.32,38.38
2024-06-04,36.83,37.2,36.68,37.16,33432,37.469,36.94070207226517,0.08977212987500849,38.69863004421558,-0.8800000000000026,39.40162188966726,35.53637811033274,0.6162714285714286,44687.25,-677612,36.91,36.28,38.04
2024-06-05,37.34,37.34,36.99,36.99,35089,37.475,36.94539711300182,0.08663428790222838,37.792642051990434,-1.519999999999996,39.40052385216677,35.54947614783323,0.6083857142857144,43810.9,-712701,37.16,35.63,38.51
2024-06-06,36.92,37.1,36.61,36.64,31273,37.4375,36.91631167366831,0.05526835229274951,34.35483863210197,-1.0300000000000011,39.39887304216366,35.47612695783634,0.5983857142857144,43205.75,-743974,36.99,36.13,37.67
2024-06-07,36.43,36.57,36.09,36.25,34423,37.333,36.85285341903323,-0.0010470476891768499,33.333333260302524,-0.21999999999999886,39.314515634691375,35.35148436530862,0.5976785714285714,41833.3,-778397,36.64,37.04,36.47
2024-06-10,36.18,36.36,35.92,36.17,30763,37.219,36.78781976007769,-0.051538633845581217,34.74714510824468,-0.14999999999999858,39.19226232684011,35.245737673159894,0.6055357142857142,41184.15,-809160,36.25,36.91,36.32
2024-06-11,36.04,36.51,35.64,36.42,35041,37.126,36.75278930673696,-0.07056721453113113,32.31810483038012,0.14000000000000057,39.063718680358605,35.18828131964139,0.6237500000000001,40212.1,-774119,36.17,37.16,36.28
2024-06-12,37.05,37.05,36.1,36.1,50778,37.007,36.690618896571536,-0.11019852686320775,35.43599248680816,0.46999999999999886,38.88603782769133,35.12796217230866,0.6308928571428568,40697.05,-824897,36.42,36.99,35.63
2024-06-13,35.95,36.43,35.68,36.37,35931,36.903000000000006,36.66008376356472,-0.11845441556737768,48.87892361338453,0.23999999999999488,38.672830202976755,35.13316979702326,0.5951785714285711,40596.1,-788966,36.1,36.64,36.13
2024-06-14,36.13,36.285,35.68,35.88,38742,36.768,36.58579007179665,-0.16266111490554636,45.4166665342014,-1.1599999999999966,38.40623525076299,35.12976474923701,0.6003714285714281,39851.2,-827708,36.37,36.25,37.04
2024-06-17,35.82,36.33,35.41,36.08,31814,36.653000000000006,36.5376195887684,-0.17948788969923157,47.98387083230355,-0.8299999999999983,38.1297261086608,35.176273891339214,0.6275142857142855,39616.2,-795894,35.88,36.17,36.91
2024-06-18,35.88,36.265,35.73,35.79,47068,36.5405,36.46641772317141,-0.2137597169750336,51.73913027731567,-1.3699999999999974,37.91134645383811,35.169653546161896,0.6350142857142858,40087.9,-842962,36.08,36.42,37.16
2024-06-20,35.87,36.405,35.87,36.07,40077,36.418499999999995,36.42866365429794,-0.21583867352106978,49.31506833552258,-0.9200000000000017,37.44150434736976,35.39549565263023,0.6482142857142864,40378.95,-802885,35.79,36.1,36.99
2024-06-21,36.15,36.39,35.84,35.86,137747,36.327999999999996,36.37450521103147,-0.23175992215804087,33.96739117512401,-0.7800000000000011,37.19286019557809,35.4631398044219,0.6182142857142858,45105.7,-940632,36.07,36.37,36.64
2024-06-24,36.06,37.34,36.06,36.95,60785,36.352,36.42931423855228,-0.15464113036300375,50.43103433059609,0.7000000000000028,37.25906234916007,35.444937650839925,0.6624999999999999,45902.35,-879847,35.86,35.88,36.25
2024-06-25,36.92,36.92,36.62,36.82,28297,36.377,36.4665224063092,-0.10282850270854027,46.238937909879425,0.6499999999999986,37.3076047835459,35.44639521645411,0.6467857142857143,45706.0,-908144,36.95,36.08,36.17
2024-06-26,36.48,37.07,36.43,36.98,78244,36.412,36.51542503427975,-0.048299196256571975,49.88913510012236,0.5599999999999952,37.37917929541232,35.44482070458768,0.6674999999999999,46751.7,-829900,36.82,35.79,36.42
2024-06-27,37.19,37.62,36.96,37.49,59787,36.504999999999995,36.60824169768168,0.035657373289019745,59.10064222111159,1.3900000000000006,37.51243551445737,35.49756448554262,0.6796428571428567,47636.1,-770113,36.98,36.07,36.1
2024-06-28,37.59,37.59,36.815,37.09,823258,36.553,36.65412344075961,0.0691201289460821,58.974358797940006,0.720000000000006,37.57655623608161,35.52944376391839,0.7007142857142858,87139.25,-1593371,37.49,35.86,36.37
2024-07-01,37.17,37.25,36.38,36.82,39114,36.542,36.66992120830631,0.07301123252223363,56.67351113071269,0.9399999999999977,37.54809929404318,35.53590070595682,0.7314285714285715,86323.55,-1632485,37.09,36.95,35.88
2024-07-02,36.8,37.41,36.8,37.18,36259,36.5555,36.71850014084857,0.10394572958891501,57.63052192633988,1.1000000000000014,37.58925605388693,35.52174394611308,0.7128571428571432,85396.1,-1596226,36.82,36.82,36.08
2024-07-03,37.18,37.21,36.36,36.42,41368,36.5185,36.69007155600585,0.06637081202418926,52.95202938351875,0.6300000000000026,37.51339803762179,35.523601962378216,0.7057142857142864,85792.9,-1637594,37.18,36.98,35.79
2024-07-05,36.32,36.89,36.08,36.85,79107,36.5115,36.705302836386245,0.07047740557923277,54.30107513257799,0.7800000000000011,37.494326750273494,35.5286732497265,0.7100000000000009,87993.8,-1558487,36.42,37.49,36.07
2024-07-08,36.98,37.25,36.89,36.89,31089,36.524,36.722893042444696,0.07608254403408665,59.84405441757955,1.0300000000000011,37.51997928534816,35.528020714651845,0.692500000000001,87984.6,-1527398,36.85,37.09,35.86
2024-07-09,36.83,37.1,36.53,36.94,28484,36.5585,36.7435698955452,0.08359560070107364,58.63453798777438,-0.010000000000005116,37.562288088351465,35.55471191164854,0.667500000000001,87687.65,-1498914,36.89,36.82,36.95
2024-07-10,36.97,37.72,36.8319,37.68,31863,36.634,36.832753715017084,0.14756058094275204,67.40331474334319,0.8599999999999994,37.73699878322232,35.53100121677768,0.6927214285714294,87742.65,-1467051,36.94,37.18,36.82
2024-07-11,38.12,39.235,38.12,39.02,56307,36.763999999999996,37.04106288501546,0.3028885782294495,72.72727257038801,2.0400000000000063,38.29185229377033,35.23614770622966,0.7341500000000006,88805.95,-1410744,37.68,36.42,36.98
2024-07-12,39.39,39.94,39.29,39.49,48689,36.933499999999995,37.274294991204464,0.45862545821383804,76.88888872941563,2.0,38.853130172715616,35.013869827284374,0.7412928571428579,88701.5,-1362055,39.02,36.85,37.49
2024-07-15,39.62,39.73,38.9901,39.33,52714,37.0815,37.470076420613566,0.5626514986094406,70.44673522572944,2.239999999999995,39.257505756571355,34.90549424342864,0.7027142857142863,89540.65,-1414769,39.49,36.89,37.09
2024-07-16,39.3,40.4,39.3,40.23,66960,37.299,37.732926285317035,0.7095362707126327,75.87253398145437,3.4099999999999966,39.81273406456776,34.785265935432236,0.7598571428571432,90951.55,-1347809,39.33,36.94,36.82
2024-07-17,40.04,41.41,40.04,41.14,65220,37.552,38.057409496239224,0.8891236414968162,78.33787450998224,3.960000000000001,40.525628653416696,34.5783713465833,0.8120000000000002,92621.85,-1282589,40.23,37.68,37.18
2024-07-18,40.99,41.5,40.58,40.8,37748,37.802499999999995,38.318608591835485,0.9925710273337529,73.08228716552964,4.3799999999999955,40.98771502207333,34.61728497792666,0.8305714285714291,92155.85,-1320337,41.14,39.02,36.42
2024-07-19,40.83,41.48,40.0501,40.24,34963,38.011,38.501598249755915,1.0176358337253149,71.48703942690058,3.3900000000000006,41.26391707144274,34.758082928557265,0.8773499999999999,91900.15,-1355300,40.8,39.49,36.85
2024-07-22,40.24,40.75,39.7469,40.74,28671,38.255,38.71477936882678,1.0655625527521266,75.92592578532236,3.8500000000000014,41.5602398591199,34.9497601408801,0.8868571428571431,86446.35,-1326629,40.24,39.33,36.89
2024-07-23,40.53,41.3,40.33,40.74,52848,38.4445,38.907657524176614,1.090968813489873,74.72222207692901,3.8000000000000043,41.86720730024595,35.021792699754045,0.9125714285714288,86049.5,-1326629,40.74,40.23,36.94
2024-07-24,40.65,41.46,40.09,41.18,44836,38.6625,39.12407109330265,1.1335410254986726,84.59302308367697,3.5,42.20292444675165,35.12207555324835,0.9497142857142856,86876.45,-1281793,40.74,41.14,37.68
2024-07-25,41.14,41.96,40.6208,40.7,69536,38.8485,39.27415956060716,1.1156868780068763,77.77777762065097,1.6799999999999997,42.40756714566712,35.28943285433288,0.9875142857142853,86441.05,-1351329,41.18,40.8,39.02
2024-07-26,41.04,41.31,40.8,41.14,32220,39.031,39.45185865007314,1.1240839204542539,78.99045005376995,1.6499999999999986,42.67018382983973,35.39181617016027,0.9982285714285715,85062.7,-1319109,40.7,40.24,39.49
2024-07-29,41.42,41.77,40.29,40.82,39990,39.2175,39.582157826256655,1.0923256612177568,75.52631565034628,1.490000000000002,42.81997794835991,35.61502205164009,1.0632285714285719,45899.3,-1359099,41.14,40.74,39.33
2024-07-30,40.78,41.27,40.61,41.23,34330,39.438,39.73909517613697,1.0877022311385502,74.41540563386303,1.0,42.96159027428713,35.91440972571287,1.0469357142857147,45660.1,-1324769,40.82,40.74,40.23
2024-07-31,41.47,41.82,40.79,41.31,47685,39.6445,39.88870515936202,1.0780661849804858,69.051580537983,0.1700000000000017,43.094213794382945,36.194786205617056,1.0408642857142862,46231.4,-1277084,41.23,41.18,41.14
2024-08-01,41.59,41.9,40.67,41.16,34594,39.8815,40.0097808584704,1.0462651096880222,64.67486803067689,0.35999999999999943,43.03722845873359,36.72577154126642,1.0822928571428574,45892.7,-1311678,41.31,40.7,40.8
2024-08-02,40.11,41.79,39.65,41.08,68307,40.093,40.11170649099703,1.0030447218200393,65.59714778638858,0.8399999999999963,42.94570767037727,37.24029232962274,1.1823000000000004,45352.7,-1379985,41.16,41.14,40.24
2024-08-05,40.01,40.0906,38.49,38.75,79099,40.186,39.982020158521124,0.7718829398804559,39.488636285107845,-1.990000000000002,42.70024070362945,37.67175929637055,1.2180571428571432,47753.2,-1459084,41.08,40.82,40.74
2024-08-06,38.71,38.97,38.18,38.46,64754,40.262,39.83706585770959,0.5588429917835427,29.127725793179394,-2.280000000000001,42.431342369426055,38.092657630573946,1.1766285714285718,49566.7,-1523838,38.75,41.23,40.74
2024-08-07,38.81,38.875,37.985,38.19,40168,40.2875,39.68020244268963,0.36402430892235316,29.44881883271124,-2.990000000000002,42.33777212571191,38.237227874288095,1.1744857142857146,49981.95,-1564006,38.46,41.31,41.18
2024-08-08,38.35,38.47,37.98,38.09,30679,40.241,39.5287545910049,0.19926295559212548,31.748726579884163,-2.6099999999999994,42.448469615931494,38.033530384068506,1.1073500000000007,48700.55,-1594685,38.19,41.16,40.7
2024-08-09,38.16,38.23,37.6157,38.15,29848,40.174,39.39744462995681,0.07269194707523496,26.238532042689926,-2.990000000000002,42.55218506650007,37.795814933499926,1.079578571428572,47758.5,-1564837,38.09,41.08,41.14
2024-08-12,38.15,38.16,37.5919,37.91,34809,40.102999999999994,39.255783236627586,-0.04644707037117968,25.13181013148578,-2.9100000000000037,42.664965528343174,37.541034471656815,1.0508714285714287,46863.25,-1599646,38.15,38.75,40.82
2024-08-13,38.12,38.22,37.8478,38.1,29150,39.9965,39.14570864266305,-0.12410359891973854,21.69117641476535,-3.1299999999999955,42.70890638936174,37.28409361063825,0.9796000000000004,44972.75,-1570496,37.91,38.46,41.23
2024-08-14,37.81,38.49,37.81,38.32,28172,39.8555,39.06706972431419,-0.16598146490233745,27.02702695398098,-2.990000000000002,42.61047234678986,37.100527653210136,0.9325142857142862,43120.35,-1542324,38.1,38.19,41.31
2024-08-15,38.7,39.05,38.304,38.67,32598,39.749,39.029253560093785,-0.16898000419801917,25.736738632551237,-2.489999999999995,42.51489682800279,36.983103171997215,0.9493714285714283,42862.85,-1509726,38.32,38.09,41.16
2024-08-16,38.56,38.97,38.27,38.7,27114,39.672000000000004,38.99789607818009,-0.16701042667671118,27.916666585243107,-2.3799999999999955,42.465945333451224,36.878054666548785,0.893657142857142,42470.4,-1482612,38.67,38.15,41.08
2024-08-19,38.54,39.085,38.54,38.94,23775,39.582,38.992382165972465,-0.1444187585263066,25.26997832531758,0.18999999999999773,42.34690487130508,36.81709512869492,0.8854428571428562,42225.6,-1458837,38.7,37.91,38.75
2024-08-20,38.7,38.74,38.46,38.57,38007,39.4735,38.952155293022706,-0.15458860530218033,22.15447148167422,0.10999999999999943,42.21729894153656,36.72970105846344,0.8318714285714276,41483.55,-1496844,38.94,38.1,38.46
2024-08-21,38.8,39.14,38.4525,38.9,37179,39.3595,38.94718812225864,-0.13446995415458218,27.843137178469775,0.7100000000000009,41.99196512447501,36.727034875524986,0.7931214285714278,41100.7,-1459665,38.57,38.32,38.19
2024-08-22,39.01,39.0854,38.025,38.06,32175,39.227500000000006,38.86269401537686,-0.1841836040284761,24.23208185337043,-0.030000000000001137,41.84163868274619,36.61336131725382,0.7160071428571422,39232.65,-1491840,38.9,38.67,38.09
2024-08-23,38.26,39.02,37.8401,38.16,110948,39.078500000000005,38.79577077581716,-0.21305687838857068,41.87327807541977,0.00999999999999801,41.57051060232572,36.58648939767429,0.6859571428571424,43169.05,-1380892,38.06,38.7,38.15
2024-08-26,38.53,38.69,37.94,38.01,61052,38.938,38.72093546383457,-0.24521620298549607,43.55300842127725,0.10000000000000142,41.331505247209556,36.54449475279045,0.6830999999999996,44222.15,-1441944,38.16,38.94,37.91
2024-08-27,38.21,38.679,37.78,38.41,43094,38.797,38.691322562516994,-0.23570893648024338,53.038673828027235,0.30999999999999517,40.94127119258903,36.652728807410966,0.6837428571428568,44660.35,-1398850,38.01,38.57,38.1
2024-08-28,38.59,39.17,38.2001,38.55,42067,38.659000000000006,38.67786327084871,-0.2144059905160347,56.28415279016985,0.22999999999999687,40.44814740059379,36.86985259940622,0.7180214285714283,44379.45,-1356783,38.41,38.9,38.32
2024-08-29,38.76,38.945,38.3747,38.75,38961,38.5385,38.684733435529786,-0.17931785917617304,57.8947366288089,0.0799999999999983,39.889355869049815,37.18764413095018,0.7148785714285714,44597.8,-1317822,38.55,38.06,38.67
2024-08-30,38.71,39.005,38.32,38.98,60350,38.433499999999995,38.712854060717426,-0.13143607127565815,64.11609474996699,0.27999999999999403,39.111431063099225,37.755568936900765,0.7232285714285719,44199.95,-1257472,38.75,38.16,38.7
2024-09-03,38.98,39.155,38.49,38.5,31307,38.421,38.692582245411,-0.13071460129919643,54.901960595924656,-0.4399999999999977,39.08340073734951,37.75859926265049,0.7441428571428576,41810.35,-1288779,38.98,38.01,38.94
2024-09-04,38.38,38.725,38.2893,38.51,23919,38.4235,38.67519346013376,-0.12786200116053692,52.4547801719982,-0.060000000000002274,39.08689715817356,37.76010284182644,0.7266928571428579,39768.6,-1264860,38.5,38.41,38.57
2024-09-05,38.79,38.875,38.28,38.33,24571,38.4305,38.64231789250198,-0.13852891556485503,45.405405233601094,-0.5700000000000003,39.08643565152874,37.774564348471266,0.7159071428571439,38988.75,-1289431,38.51,38.55,38.9
2024-09-06,38.45,38.6,37.89,37.94,25862,38.423,38.575430474168456,-0.17641861868823838,40.64039394853054,-0.12000000000000455,39.09846786903918,37.74753213096082,0.71662142857143,38747.9,-1315293,38.33,38.75,38.06
2024-09-09,37.84,38.15,37.6,38.13,27237,38.422000000000004,38.53300852424765,-0.1889371197859333,39.900249237256006,-0.02999999999999403,39.099226542209294,37.744773457790714,0.7169785714285725,38617.35,-1288056,37.94,38.98,38.16
2024-09-10,38.26,39.03,38.19,38.92,35620,38.4725,38.56986485527168,-0.1335719896639631,53.95033842995382,0.9100000000000037,39.13952402702647,37.805475972973525,0.7569785714285727,38657.9,-1252436,38.13,38.5,38.01
2024-09-11,38.78,38.78,37.95,38.07,27053,38.471000000000004,38.52225867857914,-0.15647883084156433,41.61616149845934,-0.3399999999999963,39.14167601402504,37.80032398597497,0.767157142857144,38553.05,-1279489,38.92,38.51,38.41
2024-09-12,38.3,38.395,38.02,38.31,27094,38.4705,38.50204356633351,-0.15349725249858892,52.873563048223026,-0.23999999999999488,39.14166473779706,37.799335262202945,0.7182000000000011,38499.15,-1252395,38.07,38.33,38.55
2024-09-13,38.67,39.14,38.32,39.13,24341,38.4935,38.56184894096842,-0.08399889622901924,59.566074786208134,0.38000000000000256,39.222487040531014,37.76451295946898,0.6924928571428579,38086.3,-1228054,38.31,37.94,38.75
2024-09-16,39.31,39.45,39.08,39.37,23153,38.527,38.63881570849524,-0.00944606557940375,63.17829440222944,0.39000000000000057,39.3512917214823,37.702708278517704,0.6653500000000011,37888.25,-1204901,39.13,38.13,38.98
2024-09-17,39.5,39.79,39.17,39.26,45328,38.543,38.697976117209976,0.04029699052131264,58.72689921515884,0.759999999999998,39.412242864735575,37.673757135264424,0.6454214285714295,38965.9,-1250229,39.37,38.92,38.5
2024-09-18,39.47,39.73,38.85,39.01,35360,38.565,38.727692677475694,0.058867225468553386,54.61847374203643,0.5,39.45903873694424,37.67096126305576,0.6390000000000003,38833.55,-1285589,39.26,38.07,38.51
2024-09-19,39.3,39.3,38.54,38.99,35548,38.5695,38.752674327239916,0.0711502616755908,52.49999984687503,0.6600000000000037,39.47150886913541,37.66749113086458,0.65255,38752.0,-1321137,39.01,38.31,38.33
2024-09-20,38.83,38.83,37.9,37.93,177608,38.563,38.674324391312304,-0.004595510650659662,40.67495549388112,-0.00999999999999801,39.48217812259191,37.643821877408094,0.6700499999999998,46023.65,-1498745,38.99,39.13,37.94
2024-09-23,38.08,38.2417,37.8735,37.92,31669,38.551,38.602483973092085,-0.0646858392747589,44.37984484082989,-0.21000000000000085,39.49817085659237,37.60382914340764,0.64885,42059.7,-1530414,37.93,39.37,38.13
2024-09-24,37.89,38.06,37.695,37.77,51457,38.539,38.523199785178555,-0.12299380797592363,43.0188678108936,-1.1499999999999986,39.52048973772635,37.55751026227365,0.6437999999999998,41579.95,-1581871,37.92,39.26,38.92
2024-09-25,37.77,37.77,37.2744,37.43,64547,38.49,38.419085519923456,-0.19439755771968237,41.758241651169364,-0.6400000000000006,39.58937781446889,37.390622185531114,0.6367000000000002,42652.6,-1646418,37.77,39.01,38.07
2024-09-26,37.58,37.58,37.13,37.14,40588,38.4195,38.297267851359315,-0.27125921284210364,42.53731332173093,-1.1700000000000017,39.672747990748384,37.166252009251615,0.6181285714285712,42578.65,-1687006,37.43,38.99,38.31
2024-09-27,37.38,37.73,37.1001,37.52,41128,38.358,38.22324234170605,-0.29807379491634123,44.50450439224089,-1.6099999999999994,39.662624971318806,37.05337502868119,0.6238357142857142,42687.0,-1645878,37.14,37.93,39.13
2024-09-30,37.4,37.54,37.11,37.46,38481,38.282000000000004,38.1505525948769,-0.320471843037744,34.85477168299444,-1.9099999999999966,39.61092675335726,36.953073246642745,0.5945499999999997,41593.55,-1684359,37.52,37.92,39.37
2024-10-01,37.46,37.57,37.06,37.28,27210,38.221000000000004,38.06764282393624,-0.34872704492063633,40.48192757427784,-1.9799999999999969,39.61804801560075,36.82395198439926,0.5716928571428568,41388.7,-1711569,37.46,37.77,39.26
2024-10-02,37.23,37.42,36.96,37.02,20623,38.1465,37.96786731689469,-0.38763095471454534,34.53237398478339,-1.9899999999999949,39.63460405691599,36.65839594308402,0.5777642857142854,41223.9,-1732192,37.28,37.43,39.01
2024-10-03,36.88,36.93,36.42,36.47,26881,38.0535,37.825213286714245,-0.45756842301539535,15.897435840368118,-2.520000000000003,39.71562641231817,36.39137358768183,0.5556214285714282,41339.4,-1759073,37.02,37.14,38.99
2024-10-04,36.57,36.76,36.0902,36.48,33032,37.9805,37.697097735598604,-0.5063505600258154,10.62670295673739,-1.4500000000000028,39.78570271496159,36.17529728503841,0.5770357142857131,41697.9,-1726041,36.47,37.52,37.93
2024-10-07,36.31,36.31,35.69,35.82,32347,37.864999999999995,37.518326522684454,-0.5914493789342643,9.241706130477766,-2.1000000000000014,39.90964383721276,35.82035616278723,0.5770357142857137,41953.4,-1758388,36.48,37.46,37.92
2024-10-08,35.82,35.825,35.37,35.6,36060,37.699,37.335628758619265,-0.6689319364379358,9.307875863887773,-2.1700000000000017,39.914912785667305,35.48308721433269,0.5466785714285715,41975.4,-1794448,35.82,37.28,37.77
2024-10-09,35.57,36.33,35.44,35.78,39699,37.5845,37.18747363875077,-0.707655513554549,13.10344823369006,-1.6499999999999986,39.95122080491569,35.217779195084304,0.555964285714286,42607.7,-1754749,35.6,37.02,37.43
2024-10-10,35.56,35.97,35.46,35.68,38072,37.453,37.043904720774506,-0.7379072561549052,16.814159222596388,-1.4600000000000009,39.939232406463084,34.96676759353692,0.5259642857142859,43156.6,-1792821,35.78,36.47,37.14
2024-10-11,35.59,36.26,35.59,36.26,28269,37.3095,36.96924712831979,-0.7069317581236234,29.040403937735917,-1.2600000000000051,39.71827758908625,34.90072241091375,0.5475214285714282,43353.0,-1764552,35.68,36.48,37.52
2024-10-14,36.32,36.7611,36.21,36.61,27040,37.1715,36.93503311609886,-0.6466867752438716,36.057692186344276,-0.8500000000000014,39.392133148214135,34.95086685178587,0.560814285714285,43547.35,-1737512,36.26,35.82,37.46
2024-10-15,36.83,37.56,36.83,37.27,44615,37.072,36.96693472408944,-0.5394670675733124,48.214285563616116,-0.00999999999999801,39.065310919313085,35.07868908068692,0.5775571428571423,43511.7,-1692897,36.61,35.6,37.28
2024-10-16,37.54,38.1,37.54,38.04,44047,37.0235,37.069131417033304,-0.3878907488294274,59.07258047842416,1.019999999999996,38.859241926593384,35.18775807340661,0.5854142857142856,43946.05,-1648850,37.27,35.78,37.02
2024-10-17,38.18,38.18,37.61,37.8,22419,36.964,37.13873794874442,-0.2838592654959555,52.90456416168793,1.3299999999999983,38.59735495868254,35.33064504131746,0.5811357142857142,43289.6,-1671269,38.04,35.68,36.47
2024-10-18,37.86,38.055,37.49,37.92,35466,36.963499999999996,37.21314385838781,-0.18954560458824687,54.71311459713451,1.4400000000000048,38.5956155144878,35.331384485512196,0.5907785714285713,36182.5,-1635803,37.8,36.26,36.48
2024-10-21,37.75,37.905,37.25,37.44,26700,36.939499999999995,37.23474920520802,-0.1517836696359396,51.544401405092316,1.6199999999999974,38.52586924088349,35.3531307591165,0.6011357142857143,35934.05,-1662503,37.92,36.61,35.82
2024-10-22,37.31,37.4466,37.08,37.21,26372,36.911500000000004,37.23239213804535,-0.13881595798192592,51.844660053237796,1.6099999999999994,38.45534721087502,35.36765278912499,0.5944642857142856,34679.8,-1688875,37.44,37.27,35.6
2024-10-23,37.02,37.225,36.71,36.97,18436,36.8885,37.20740241061246,-0.14621942083973494,55.16528909662932,1.1899999999999977,38.41341276713413,35.36358723286587,0.5948214285714286,32374.25,-1707311,37.21,38.04,35.78
2024-10-24,36.89,36.965,36.0,36.06,20380,36.8345,37.09812599055413,-0.22294612910781808,46.341463301606225,0.38000000000000256,38.3979169730367,35.2710830269633,0.6159071428571435,31363.85,-1727691,36.97,37.8,35.68
2024-10-25,36.09,36.23,35.5,35.55,34395,36.736000000000004,36.95068542002517,-0.32120271103674725,47.584973047193245,-0.7100000000000009,38.36444969865606,35.10755030134395,0.6237642857142858,31027.2,-1762086,36.06,37.92,36.26
2024-10-28,35.55,36.23,35.51,35.86,38430,36.65599999999999,36.846810618118006,-0.369794589060767,52.28873226548549,-0.75,38.29187929036099,35.020120709638995,0.6426928571428567,31024.65,-1723656,35.55,37.44,36.61
2024-10-29,35.69,35.7,35.39,35.57,31069,36.570499999999996,36.725209606868674,-0.42678486854864417,48.18652838089613,-1.7000000000000028,38.247294874942085,34.893705125057906,0.6012642857142855,31217.6,-1754725,35.86,37.21,37.27
2024-10-30,35.6,35.95,35.455,35.51,26467,36.495,36.60947535859547,-0.47135805198153236,48.52173901229488,-2.530000000000001,38.22181026294467,34.76818973705532,0.6001928571428573,31509.8,-1781192,35.57,36.97,38.04
2024-10-31,35.37,35.715,35.17,35.17,36151,36.42999999999999,36.47238246730066,-0.5280309671838097,40.10889282005005,-2.6299999999999955,38.25580335598809,34.60419664401189,0.5912642857142865,31973.3,-1817343,35.51,36.06,37.8
2024-11-01,35.48,35.6909,35.2,35.28,39727,36.37,36.358822232319646,-0.5576404481294475,37.38140407526767,-2.6400000000000006,38.266389922152804,34.47361007784719,0.5869642857142863,32308.05,-1777616,35.17,35.55,37.92
2024-11-04,35.41,35.4413,35.17,35.44,31315,36.351,36.27131535305111,-0.5617203497464658,30.817609972443037,-2.0,38.277959972817996,34.424040027182,0.5542,32256.45,-1746301,35.28,35.86,37.44
2024-11-05,35.44,36.74,35.34,36.74,50363,36.408,36.31595198609386,-0.45481177865253386,37.73584895692423,-0.46999999999999886,38.30868796409161,34.50731203590839,0.6141999999999997,32971.6,-1695938,35.44,35.57,37.21
2024-11-06,37.35,38.5,37.17,38.15,80494,36.5265,36.49062322551349,-0.2533898294642185,52.704791230623336,1.1799999999999997,38.55364499780005,34.49935500219995,0.6684857142857139,35011.35,-1615444,36.74,35.51,36.97
2024-11-07,37.83,38.22,37.17,37.3,52635,36.6075,36.56770672784554,-0.16049924443620966,45.69444435559411,1.2399999999999949,38.621648638219774,34.59335136178023,0.703128571428571,35739.5,-1668079,38.15,35.17,36.06
2024-11-08,37.6,37.68,37.26,37.49,32350,36.669,36.65554418233644,-0.0707359741786533,50.36179439868815,1.9400000000000048,38.71335963465088,34.624640365349116,0.6863428571428568,35943.55,-1635729,37.3,35.28,35.55
2024-11-11,37.45,37.62,36.87,36.92,34138,36.6845,36.68073045068535,-0.045072603188195615,47.99999990731035,1.0600000000000023,38.731674946886145,34.637325053113855,0.7137285714285712,36298.45,-1669867,37.49,35.44,35.86
2024-11-12,36.78,36.795,36.02,36.06,52149,36.624,36.6216132649058,-0.09305631419878324,44.21855138258455,0.490000000000002,38.669836851035065,34.57816314896494,0.7322999999999996,36675.15,-1722016,36.92,36.74,35.57
2024-11-13,36.25,36.25,35.65,35.71,33238,36.5075,36.53479295396239,-0.15751014687985787,47.60601906067245,0.20000000000000284,38.477793859995856,34.537206140004145,0.7062285714285709,36134.7,-1755254,36.06,38.15,35.51
2024-11-14,35.58,35.65,35.34,35.41,43280,36.388,36.42766981548978,-0.23014480044033547,49.01408441039476,0.23999999999999488,38.317718823259675,34.45828117674032,0.6762285714285708,37177.75,-1798534,35.71,37.3,35.17
2024-11-15,35.59,35.9,35.0,35.87,35625,36.2855,36.37455840449075,-0.2477344030825961,50.06896542055646,0.5899999999999963,38.08604348520272,34.484956514797275,0.6890857142857136,37185.7,-1762909,35.41,37.49,35.28
2024-11-18,35.94,36.06,35.655,35.7,36744,36.1985,36.3103147469202,-0.2722535002742461,50.911640853749944,0.2600000000000051,37.931028119313304,34.4659718806867,0.6958714285714278,37687.9,-1799653,35.87,36.92,35.44
2024-11-19,35.71,35.77,35.36,35.77,39634,36.1265,36.25885619959447,-0.2827769695808371,51.82072818970729,-0.9699999999999989,37.80074169795126,34.45225830204874,0.6897999999999992,38351.0,-1760019,35.7,36.06,36.74
2024-11-20,35.62,35.75,35.4,35.5,25754,36.053,36.18658418058547,-0.30933778491120023,52.333804705421024,-2.6499999999999986,37.7001742949353,34.40582570506469,0.6758714285714278,38716.9,-1785773,35.77,35.71,38.15
2024-11-21,35.71,35.735,35.3,35.47,50658,36.0235,36.11833806814876,-0.3290154859829997,51.35908430342957,-1.8299999999999983,37.69115230504659,34.355847694953404,0.671878571428571,40230.8,-1836431,35.5,35.41,37.3
2024-11-22,35.5,36.187,35.5,36.18,50355,36.05499999999999,36.124210633086975,-0.2840448473815158,54.90716170176389,-1.3100000000000023,37.708735802739966,34.40126419726002,0.7015714285714283,41028.8,-1786076,35.47,35.87,37.49
2024-11-25,36.34,36.6,35.89,36.07,66947,36.0655,36.11904771565012,-0.2543493915269792,44.7244093502139,-0.8500000000000014,37.71668745150296,34.41431254849704,0.6522857142857141,42454.65,-1853023,36.18,35.7,36.92
2024-11-26,35.94,36.03,35.56,35.92,53965,36.083,36.10009079035011,-0.2401509643870412,28.09430247675445,-0.14000000000000057,37.719428717472674,34.44657128252732,0.5908571428571427,43599.45,-1906988,36.07,35.77,36.06
2024-11-27,35.78,36.44,35.67,35.98,51736,36.1065,36.088653572221524,-0.22150375264622113,34.65116267787995,0.269999999999996,37.72164249004808,34.49135750995191,0.5708571428571426,44862.9,-1855252,35.92,35.5,35.71
2024-11-29,35.9,36.24,35.76,35.84,28204,36.14,36.064972279628996,-0.2155379456965889,30.588235193356383,0.4300000000000068,37.700215909485394,34.57978409051461,0.5751428571428571,44465.55,-1883456,35.98,35.47,35.41
2024-12-02,35.8,35.84,35.2351,35.7,56461,36.161,36.03021301490242,-0.2195756987052988,34.03141348784297,-0.1699999999999946,37.68332370857351,34.63867629142649,0.5647785714285715,45302.25,-1939917,35.84,36.18,35.87
2024-12-03,35.53,35.65,35.07,35.08,45899,36.143,35.93971653729267,-0.26969558270112515,36.31284902000556,-0.6200000000000045,37.70910277272523,34.57689722727477,0.55085,46031.45,-1985816,35.7,36.07,35.7
2024-12-04,35.1,35.1,34.84,34.98,66918,36.055,35.848314962312415,-0.31386705212573673,39.03903887491089,-0.7900000000000063,37.67666256468017,34.43333743531983,0.5265642857142855,46859.2,-2052734,35.08,35.92,35.77
2024-12-05,34.82,34.96,34.6543,34.79,48451,35.887,35.7475230611398,-0.3600541913942763,40.37267063192008,-0.7100000000000009,37.27402407674657,34.49997592325343,0.5262571428571431,45257.05,-2101185,34.98,35.98,35.5
2024-12-06,34.77,34.84,34.36,34.59,72657,35.7515,35.63728276960268,-0.40809193080526995,28.378378244156323,-0.8799999999999955,37.085796976333874,34.417203023666126,0.49625714285714345,46258.15,-2173842,34.79,35.84,35.47
2024-12-09,34.79,34.9927,34.4567,34.59,71633,35.6065,35.53754155345004,-0.44107771603263046,30.107526730643187,-1.5899999999999963,36.76388862144649,34.4491113785535,0.5056142857142863,48222.3,-2173842,34.59,35.7,36.18
2024-12-10,34.62,35.06,34.14,34.91,79850,35.506,35.477775691216706,-0.4363676877517335,35.85526299277164,-1.1600000000000037,36.523807757673424,34.488192242326576,0.5420428571428576,50507.9,-2093992,34.59,35.08,36.07
2024-12-11,34.77,35.15,34.445,35.04,82889,35.455,35.436082768243686,-0.41733427314134275,42.068965314149764,-0.8800000000000026,36.45803749208472,34.451962507915276,0.5674000000000002,52044.9,-2011103,34.91,34.98,35.92
2024-12-12,34.94,35.24,34.63,34.74,42329,35.4065,35.369789171268096,-0.4215977315161794,38.4858042464349,-1.2399999999999949,36.45058660661201,34.36241339338799,0.5799000000000001,52499.45,-2053432,35.04,34.79,35.98
2024-12-13,34.68,34.87,34.59,34.82,39674,35.377,35.31742829781399,-0.4137517489720679,23.228346328662425,-1.0200000000000031,36.45350702200329,34.30049297799671,0.5508285714285712,52319.15,-2013758,34.74,34.59,35.84
2024-12-16,34.87,35.3,34.8,34.82,47717,35.3245,35.27005417421266,-0.40288949200477475,24.279835251062437,-0.8800000000000026,36.402187094515654,34.24681290548435,0.5358285714285712,52923.75,-2013758,34.82,34.59,35.7
2024-12-17,34.61,35.35,34.61,35.06,85508,35.292500000000004,35.25004901476384,-0.37064254432951316,32.93650775352722,-0.01999999999999602,36.36121048711266,34.22378951288735,0.5551142857142857,55361.95,-1928250,34.82,34.91,35.08
2024-12-18,35.23,35.265,33.6,33.66,104198,35.187,35.09861577526252,-0.45283490675670635,19.948186456146402,-1.3200000000000003,36.45520386871869,33.918796131281304,0.6190428571428573,58590.15,-2032448,35.06,35.04,34.98
2024-12-19,33.71,34.2599,33.37,33.41,84034,35.082499999999996,34.93779522523752,-0.5320131404901787,19.39546592656501,-1.3800000000000026,36.56793631725938,33.59706368274061,0.6483214285714288,61504.15,-2116482,33.66,34.74,34.79
2024-12-20,33.22,33.915,33.22,33.43,310501,34.9805,34.7941956799768,-0.5863890997914396,20.5194804448642,-1.1600000000000037,36.62549208124843,33.33550791875157,0.654757142857143,74496.3,-1805981,33.41,34.82,34.59
2024-12-23,33.2,33.23,32.7596,33.11,78770,34.827000000000005,34.63379609140758,-0.647835915770564,22.25352103900019,-1.480000000000004,36.57069359935248,33.08330640064753,0.6469285714285716,75917.05,-1884751,33.43,34.82,34.59
2024-12-24,32.95,33.1317,32.75,33.0,29139,34.673500000000004,34.47819646365448,-0.6973701913579617,22.19101114868704,-1.9099999999999966,36.49523168051481,32.851768319485195,0.655621428571429,74026.65,-1913890,33.11,35.06,34.91
2024-12-26,32.8,33.3775,32.7137,33.33,53349,34.544,34.36884441949691,-0.701907071759976,30.27027015573408,-1.7100000000000009,36.36086137697949,32.7271386230205,0.6811999999999999,73995.85,-1860541,33.0,33.66,35.04
2024-12-27,33.16,33.33,32.8,32.95,51973,34.3925,34.23371637954482,-0.7277760570121288,28.86597927728768,-1.7899999999999991,36.21050208441833,32.57449791558167,0.6847714285714284,74007.7,-1912514,33.33,33.41,34.74
2024-12-30,32.78,33.23,32.7,33.13,79499,34.257,34.128600533873886,-0.7253910619018669,32.01970432308474,-1.6899999999999977,36.023996857591705,32.49000314240829,0.6843428571428564,76572.45,-1833015,32.95,33.43,34.82
2024-12-31,33.04,33.2136,32.5822,32.72,62948,34.108,33.994448102076376,-0.7479624638878022,23.61445775166213,-2.1000000000000014,35.86520591610123,32.35079408389876,0.6637285714285704,76896.8,-1895963,33.13,33.11,34.82
2025-01-02,33.0,33.43,32.4,32.49,49930,33.978500000000004,33.85116733045005,-0.7754704003281958,19.99999993411768,-2.5700000000000003,35.81409283410944,32.14290716589057,0.6869428571428564,77098.35,-1945893,32.72,33.0,35.06
2025-01-03,32.6,32.69,32.3,32.38,53037,33.8485,33.71105615612148,-0.7969598616381504,20.93596051894005,-1.279999999999994,35.75244908158427,31.944550918415736,0.6712285714285707,76404.3,-1998930,32.49,33.33,33.66
2025-01-06,32.32,32.35,31.35,31.37,68718,33.6775,33.488098426967056,-0.8852839710788132,15.430861680153939,-2.0399999999999956,35.82425152387641,31.530748476123595,0.7226571428571427,77417.65,-2067648,32.38,32.95,33.41
2025-01-07,31.365,31.54,30.84,31.28,75778,33.512,33.27780333868448,-0.9515745528790021,15.157480273188085,-2.1499999999999986,35.86317529400947,31.160824705990528,0.7369428571428569,77573.7,-2143426,31.37,33.13,33.43
2025-01-08,31.07,31.13,30.7587,31.09,47313,33.337,33.06944111595262,-1.007824159099897,10.53677929472866,-2.0199999999999996,35.864725001698815,30.809274998301188,0.7106071428571423,76357.7,-2190739,31.28,32.72,33.11
2025-01-10,30.77,30.92,30.31,30.52,83546,33.1175,32.82663720014761,-1.0858792732718072,12.619047576984158,-2.4800000000000004,35.82605078749208,30.408949212507924,0.6352499999999998,76542.5,-2274285,31.09,32.49,33.0
2025-01-13,30.31,30.49,30.02,30.39,71676,32.885000000000005,32.594576514419266,-1.1450292427994029,12.990196033857202,-2.9399999999999977,35.6951058230688,30.07489417693121,0.6052571428571422,75981.85,-2345961,30.52,32.38,33.33
2025-01-14,30.61,30.81,30.44,30.79,48101,32.6875,32.422712084474576,-1.1464142133090718,20.403587379899008,-2.1600000000000037,35.50388719676617,29.871112803233824,0.5820428571428563,76270.45,-2297860,30.39,31.37,32.95
2025-01-15,31.25,31.32,30.84,30.85,47874,32.489,32.27292998119128,-1.1296484299384844,23.095238018253966,-2.280000000000001,35.231184300306126,29.74681569969387,0.5827285714285707,76680.45,-2249986,30.79,31.28,33.13
2025-01-16,30.85,31.52,30.85,31.5,47582,32.323,32.199317602030206,-1.0517875064437234,34.17721508892804,-1.2199999999999989,34.865746960526465,29.78025303947354,0.6033214285714276,76673.7,-2202404,30.85,31.09,32.72
2025-01-17,31.7,31.74,31.27,31.31,39932,32.1355,32.11462068755114,-0.9939558711535952,28.043478175519837,-1.1800000000000033,34.36181605076599,29.909183949234013,0.5894785714285707,74394.9,-2242336,31.5,30.52,32.49
2025-01-21,31.5,32.005,31.44,31.46,55291,32.0255,32.05227586016532,-0.9253532409843572,32.95194497452465,-0.9200000000000017,34.14972097175546,29.90127902824454,0.5919785714285707,71949.55,-2187045,31.31,30.39,32.38
2025-01-22,31.25,31.25,30.02,30.03,94679,31.856500000000004,31.85967815919719,-0.9751334795584832,22.41992876977241,-1.3399999999999999,34.0535053781415,29.659494621858506,0.6419785714285712,72481.8,-2281724,31.46,30.79,31.37
2025-01-23,30.01,30.27,29.86,30.11,106326,31.690499999999997,31.693042144035555,-0.9966406923495086,25.33081278740427,-1.1700000000000017,33.888618573499095,29.492381426500895,0.6261642857142855,62273.05,-2175398,30.03,30.85,31.28
2025-01-24,30.0,30.37,29.96,30.2,49042,31.544999999999998,31.550847654127406,-0.9949538568741119,27.766990215779046,-0.8900000000000006,33.73271209498193,29.357287905018065,0.5818785714285711,60786.65,-2126356,30.11,31.5,31.09
2025-01-27,30.25,31.56,30.25,31.33,113402,31.4615,31.52981454421051,-0.8921513064945472,41.491085805368655,0.8099999999999987,33.540146067441064,29.38285393255894,0.6475928571428567,64999.8,-2012954,30.2,31.31,30.52
2025-01-28,31.34,31.51,31.19,31.34,61200,31.362000000000002,31.511736968571412,-0.8006433105391118,49.70986446887076,0.9499999999999993,33.24539670752043,29.478603292479576,0.5990214285714283,65392.35,-1951754,31.33,31.46,30.39
2025-01-29,31.21,31.5,30.8354,31.01,48240,31.264999999999997,31.463952495374134,-0.7461496577473632,47.504620949156255,0.22000000000000242,32.997846760316946,29.532153239683048,0.5964928571428568,65205.7,-1999994,31.34,30.03,30.79
2025-01-30,31.23,31.4995,30.755,30.885,35345,31.152750000000005,31.40881416248136,-0.7049235804005818,48.08231979922312,0.03500000000000014,32.65203219667524,29.653467803324766,0.62315,62998.0,-2035339,31.01,30.11,30.85
2025-01-31,30.76,31.08,30.7,30.93,59604,31.06325,31.363212813673613,-0.6610008864063772,54.253111875613364,-0.5700000000000003,32.36994641704568,29.756553582954318,0.6067214285714283,62830.8,-1975735,30.885,30.2,31.5
2025-02-03,30.63,31.67,30.46,31.67,73936,31.022249999999996,31.39243064094279,-0.5600244066513014,61.78637184806462,0.360000000000003,32.18385721235438,29.86064278764561,0.6595785714285712,64031.1,-1901799,30.93,31.33,31.31
2025-02-04,31.67,31.67,31.2,31.58,46789,30.98225,31.41029438942443,-0.4817092227218147,57.71484359218596,0.11999999999999744,31.9921925465702,29.9723074534298,0.6667214285714288,63718.7,-1948588,31.67,31.34,31.46
2025-02-05,31.7,32.03,31.54,31.73,42932,31.00025,31.44074254281258,-0.4028957968770932,58.44529734774775,1.6999999999999993,32.05128695663606,29.94921304336394,0.6674357142857146,62429.4,-1905656,31.58,31.01,30.03
2025-02-06,31.86,31.86,31.455,31.6,36806,31.016250000000003,31.45590991968757,-0.3469263515927459,51.06609792858735,1.490000000000002,32.0946058391337,29.93789416086631,0.6485071428571434,60480.8,-1942462,31.73,30.885,30.11
2025-02-07,31.49,31.54,31.2,31.3,34699,31.02675,31.441061355907802,-0.3230536938731845,49.89583318780384,1.1000000000000014,32.11219570035783,29.94130429964217,0.6392214285714292,59850.1,-1977161,31.6,30.93,30.2
2025-02-10,31.39,31.595,31.2,31.58,40695,31.07975,31.454293607726107,-0.27833233874961394,51.21703839410981,0.25,32.16452732374413,29.99497267625587,0.6270785714285719,57707.55,-1936466,31.3,31.67,31.33
2025-02-11,31.53,32.24,31.33,32.19,34169,31.16975,31.524360883180762,-0.19146139284084285,76.27737200294808,0.8499999999999979,32.31079511189198,30.028704888108024,0.6042214285714292,55832.2,-1902297,31.58,31.58,31.34
2025-02-12,31.8,32.32,31.8,32.09,45711,31.234750000000002,31.578231275258783,-0.12919542219618307,73.97094405917846,1.0800000000000018,32.43146249240484,30.038037507595163,0.6120785714285721,55712.7,-1948008,32.19,31.73,31.01
2025-02-13,32.16,32.92,32.045,32.9,57483,31.33725,31.704114010948423,-0.014323844942438768,77.8350513217133,2.014999999999997,32.73027576770056,29.944224232299444,0.6452928571428578,56193.15,-1890525,32.09,31.6,30.885
2025-02-14,33.0,33.13,32.525,32.79,51487,31.40175,31.80753172419143,0.06706355997081204,69.06005196688237,1.8599999999999994,32.93854528137163,29.864954718628372,0.5949357142857153,56388.4,-1942012,32.9,31.3,30.93
2025-02-18,32.9,33.23,32.79,33.23,74310,31.497749999999996,31.943004893316058,0.1651640788063098,72.18309835432788,1.5599999999999952,33.23695875839189,29.7585412416081,0.6035071428571437,58107.3,-1867702,32.79,31.58,31.67
2025-02-19,33.0,33.53,33.0,33.41,29886,31.59525,32.08271871300024,0.25450022229502167,79.19708002219974,1.8299999999999983,33.5328651239152,29.6576348760848,0.5938928571428581,56837.05,-1837816,33.23,32.19,31.58
2025-02-20,33.19,33.74,33.19,33.53,67567,31.770249999999997,32.22055502604783,0.3311652894466306,82.21680848939461,1.8000000000000007,33.74450129046392,29.79599870953607,0.5800000000000011,55481.45,-1770249,33.41,32.09,31.73
2025-02-21,33.82,33.82,33.11,33.11,55355,31.920250000000003,32.30526407118614,0.3539522760816922,74.33035691057479,1.509999999999998,33.81775105748628,30.02274894251373,0.6035714285714298,52932.9,-1825604,33.53,32.9,31.6
2025-02-24,33.32,33.4663,32.52,32.72,85061,32.04625,32.344762731073175,0.3366605730056662,62.71186419419705,1.4199999999999982,33.79133294177892,30.301167058221083,0.584735714285715,54733.85,-1910665,33.11,32.79,31.3
2025-02-25,32.77,33.97,32.77,33.6,67930,32.159749999999995,32.464309137637635,0.3894757848634214,70.52845508386217,2.020000000000003,34.001301048209456,30.318198951790535,0.6368785714285716,52460.25,-1842735,32.72,33.23,31.58
2025-02-26,33.42,33.53,33.15,33.29,32913,32.25725,32.54294636262453,0.4016874091409903,65.35433052855106,1.1000000000000014,34.12239138027776,30.392108619722233,0.6290214285714288,51045.9,-1875648,33.6,33.41,32.19
2025-02-27,33.25,33.25,31.25,32.32,168644,32.32275,32.521713375707904,0.32929836936824586,56.08108094845689,0.22999999999999687,34.09306509238303,30.55243490761697,0.7429500000000002,57066.1,-2044292,33.29,33.53,32.09
2025-02-28,32.3,32.58,31.93,32.05,94167,32.38099999999999,32.47678829230715,0.2472921602087652,56.36672312578365,-0.8500000000000014,34.024230451212716,30.737769548787266,0.7650928571428572,60007.2,-2138459,32.32,33.11,32.9
2025-03-03,32.2,33.48,32.2,33.42,110605,32.5055,32.56661797875409,0.28951188624952806,63.18051563258924,0.6300000000000026,34.060802982837835,30.95019701716216,0.8283071428571426,62557.25,-2027854,32.05,32.72,32.79
2025-03-04,33.55,34.075,32.8661,33.56,119126,32.6,32.661225790301316,0.33045882960055906,60.52227329534383,0.3300000000000054,34.17114775344684,31.02885224655316,0.8496571428571423,64816.75,-1908728,33.42,33.6,33.23
2025-03-05,33.56,33.85,33.28,33.43,72862,32.6925,32.73444238170119,0.3484034851650435,60.24464818907869,0.020000000000003126,34.22823400931656,31.156765990683443,0.8532285714285709,66120.4,-1981590,33.56,33.29,33.41
2025-03-06,33.3,33.65,32.755,33.54,62201,32.783,32.811162154872505,0.367267206930201,55.479451921795814,0.00999999999999801,34.293024050001186,31.272975949998816,0.854657142857142,67083.85,-1919389,33.43,32.32,33.53
2025-03-07,33.71,34.845,33.71,34.48,89915,32.927,32.970099092503695,0.4528468498296263,62.66866553562794,1.3699999999999974,34.509564208393186,31.344435791606816,0.8925142857142845,69739.3,-1829474,33.54,32.05,33.11
2025-03-10,34.47,35.4,34.47,35.0,100220,33.112,33.16342298845572,0.5562172612200058,63.11111098021397,2.280000000000001,34.75754390304389,31.46645609695611,0.9275142857142846,73015.35,-1729254,34.48,33.42,32.72
2025-03-11,35.0,35.0,34.46,34.63,89852,33.2645,33.30309698955518,0.6013511475090993,58.78962524163478,1.0300000000000011,34.8772319090689,31.651768090931096,0.9282285714285702,75473.2,-1819106,35.0,33.56,33.6
2025-03-12,34.54,34.5748,33.46,33.83,73680,33.346500000000006,33.35327822864516,0.5660417860830762,51.96850384152766,0.5399999999999991,34.894677536399875,31.798322463600133,0.9685714285714272,77448.75,-1892786,34.63,33.43,33.29
2025-03-13,33.8,34.71,33.8,34.54,53074,33.469,33.466299349726576,0.5885653144691503,59.03919079310381,2.219999999999999,34.98596233863754,31.95203766136246,0.9828571428571417,77816.9,-1839712,33.83,33.54,32.32
2025-03-14,34.47,34.76,34.06,34.66,49846,33.557,33.57998512594309,0.6090773060597314,62.69633496364542,2.6099999999999994,35.13783389053885,31.976166109461154,0.9652642857142847,77435.05,-1789866,34.54,34.48,32.05
2025-03-17,34.66,34.89,34.4,34.47,44977,33.641000000000005,33.664748447281845,0.6030502076642037,56.2589926924279,1.0499999999999972,35.228754455364175,32.053245544635836,0.9145499999999994,77109.55,-1834843,34.66,35.0,33.42
2025-03-18,34.3,34.6,34.205,34.54,76053,33.7065,33.74810573801691,0.5970398005718209,59.31445591201155,0.9799999999999969,35.33053363978715,32.08246636021285,0.915621428571428,77196.7,-1758790,34.47,34.63,33.56
2025-03-19,34.5,34.655,34.2435,34.46,70265,33.759,33.81590519153911,0.5791451534131511,68.38487956058619,1.0300000000000011,35.41033311377019,32.10766688622981,0.8021571428571426,79215.65,-1829055,34.54,33.83,33.43
2025-03-20,34.32,34.5199,33.5412,34.04,104888,33.784499999999994,33.83724755424967,0.5250209124379737,66.66666651032943,0.5,35.43669439406863,32.13230560593136,0.8256357142857139,81081.7,-1933943,34.46,34.54,33.54
2025-03-21,34.05,34.44,33.31,33.46,168524,33.802,33.8013192157497,0.4303649297658225,50.38610024992173,-1.019999999999996,35.43136991373715,32.17263008626285,0.8149214285714282,86740.15,-2102467,34.04,34.66,34.48
2025-03-24,33.5,33.8,33.2774,33.42,66648,33.837,33.76500309996401,0.3481089327461504,48.62204711009671,-1.5799999999999983,35.39710930791208,32.276890692087925,0.7658999999999995,85819.5,-2169115,33.46,34.47,35.0
2025-03-25,33.24,33.24,32.6094,33.03,52166,33.8085,33.69500280472934,0.2485851865598363,46.254681526673124,-1.6000000000000014,35.40718729044611,32.209812709553894,0.7702285714285709,85031.3,-2221281,33.42,34.54,34.63
2025-03-26,32.91,33.52,32.77,33.47,49159,33.8175,33.67357396618369,0.2028775770228748,49.38271592745008,-0.35999999999999943,35.4058904464988,32.2291095535012,0.7598714285714284,85843.6,-2172122,33.03,34.46,33.83
2025-03-27,33.46,33.835,33.37,33.79,42657,33.891000000000005,33.68466215988048,0.19028184217741284,43.16831671200864,-0.75,35.315180650871966,32.466819349128045,0.7120142857142859,79544.25,-2129465,33.47,34.04,34.54
2025-03-28,33.97,34.94,33.97,34.66,91370,34.0215,33.7775514779871,0.24764664431071282,46.85185173038405,0.0,35.19092225951742,32.852077740482585,0.7148714285714287,79404.4,-2038095,33.79,33.46,34.66
2025-03-31,34.79,35.31,34.4,34.68,93376,34.0845,33.86349895627404,0.2913638352207286,50.495049364964196,0.21000000000000085,35.25324156343796,32.91575843656204,0.7413000000000005,78542.95,-1944719,34.66,33.42,34.47
2025-04-01,34.44,35.09,34.43,34.8,45830,34.1465,33.95268953186699,0.33186745960639996,61.09839797359783,0.259999999999998,35.329560704943354,32.96343929505665,0.7088142857142863,74878.15,-1898889,34.68,33.03,34.54
2025-04-02,34.68,34.68,34.2118,34.39,42686,34.1945,33.99433814787965,0.32711255039738774,48.1572479915967,-0.07000000000000028,35.332188792893625,33.05681120710637,0.6772571428571433,73369.35,-1941575,34.8,33.47,34.46
2025-04-03,34.3,35.53,34.28,35.29,53394,34.282,34.11773451474826,0.39145428762225976,56.49484519774688,1.25,35.47555462027549,33.088445379724504,0.7165428571428579,72929.0,-1888181,34.39,33.79,34.04
2025-04-04,35.2,35.975,34.12,34.6,85388,34.288,34.16366456096271,0.3823607280392096,51.214953137007626,1.1400000000000006,35.486939882607665,33.08906011739233,0.8140428571428581,72702.65,-1973569,35.29,34.66,33.46
2025-04-07,33.94,34.54,32.985,33.66,75912,34.221,34.115696507537685,0.29589300212042247,42.92604491945903,0.23999999999999488,35.40204146725273,33.039958532747264,0.8969000000000007,71487.25,-2049481,34.6,34.68,33.42
2025-04-08,34.02,34.2459,33.25,33.63,82342,34.171,34.069439697296,0.22238247039350512,43.273905898568124,0.6000000000000014,35.36374826390765,32.978251736092346,0.9386428571428576,71111.75,-2131823,33.66,34.8,33.03
2025-04-09,33.35,34.64,32.45,33.03,136545,34.13099999999999,33.970445440410664,0.11439122792491219,42.04724400178559,-0.4399999999999977,35.4215470076481,32.840452992351885,1.0251642857142862,74255.0,-2268368,33.63,34.39,33.47
2025-04-10,32.75,33.92,32.75,33.84,63179,34.096,33.958022065133456,0.09309448550165911,52.887537881394316,0.05000000000000426,35.37778165477918,32.814218345220816,1.0280214285714295,74760.25,-2205189,33.03,35.29,33.79
2025-04-11,33.84,34.42,33.28,34.27,63757,34.076499999999996,33.98773424940646,0.10965009203042797,56.09756086293175,-0.38999999999999346,35.33378655193888,32.81921344806111,1.0721214285714298,75455.8,-2141432,33.84,34.6,34.66
2025-04-14,34.2,35.05,34.06,35.05,72194,34.1055,34.08890241612965,0.18359365735034316,63.72282596574462,0.36999999999999744,35.42616131759494,32.78483868240506,1.097792857142858,76816.65,-2069238,34.27,33.66,34.68
2025-04-15,35.05,35.38,34.8,35.11,60808,34.134,34.18614980506968,0.24422073949727974,61.74785087901579,0.3100000000000023,35.517259308948105,32.750740691051895,1.0856500000000011,76054.4,-2008430,35.05,33.63,34.8
2025-04-16,35.23,35.5672,35.03,35.45,77191,34.183499999999995,34.30651649030114,0.3160599549742642,61.85714273342861,1.0600000000000023,35.68193813422755,32.68506186577244,1.0908071428571435,76400.7,-1931239,35.11,33.03,34.39
2025-04-17,35.26,35.76,35.02,35.62,68146,34.2625,34.43161015789151,0.3823036713169188,57.619047491005304,0.3299999999999983,35.89011530434849,32.634884695651515,1.0743785714285718,74563.6,-1863093,35.45,33.84,35.29
2025-04-21,35.65,35.85,35.3245,35.68,45920,34.3735,34.55050442856851,0.4346336066700829,57.886435203405355,1.0799999999999983,36.071936122778794,32.675063877221206,1.046914285714286,68433.4,-1817173,35.62,34.27,34.6
2025-04-22,35.9,36.37,35.68,36.28,93674,34.5165,34.715218292514365,0.5185430020986814,60.85043975778506,2.6200000000000045,36.35290696097507,32.68009303902493,1.0490571428571427,69784.7,-1723499,35.68,35.05,33.66
2025-04-23,36.23,36.48,35.07,35.66,72392,34.647999999999996,34.80519750275109,0.5289159700031547,59.03271680989214,2.029999999999994,36.411424897301515,32.88457510269848,1.116328571428571,70796.0,-1795891,36.28,35.11,33.63
2025-04-24,35.57,35.57,35.045,35.15,52334,34.732,34.83803583582242,0.4903316460536402,48.945783029331174,2.1199999999999974,36.417487279223074,33.046512720776924,1.0645428571428563,70954.75,-1848225,35.66,35.45,33.03
2025-04-25,34.86,34.875,34.245,34.78,51169,34.7815,34.83250861336314,0.4249982680754911,51.424050518997355,0.9399999999999977,36.40760642495037,33.15539357504963,0.9770428571428563,71380.35,-1899394,35.15,35.62,33.84
2025-04-28,34.66,34.7224,34.18,34.58,36228,34.777499999999996,34.80846017399522,0.35301344751623986,58.24372745243511,0.30999999999999517,36.40525757926167,33.14974242073832,0.904714285714285,68623.25,-1935622,34.78,35.68,34.27
2025-04-29,34.41,35.5,34.41,35.4,57461,34.8135,34.86479730028139,0.35800524397248523,63.89324946711056,0.3500000000000014,36.46386869883883,33.163131301161165,0.9114357142857139,66827.5,-1878161,34.58,36.28,35.05
2025-04-30,35.43,35.43,34.7901,35.2,62531,34.8335,34.896721366921255,0.3418819478174342,68.17420419523638,0.09000000000000341,36.4928502215917,33.1741497784083,0.8007142857142853,67662.55,-1940692,35.4,35.66,35.11
2025-05-01,35.29,35.29,34.36,34.95,54031,34.8615,34.901795522452566,0.3054106252137103,60.25877988103088,-0.5,36.50819078041916,33.214809219580836,0.783571428571428,68229.8,-1994723,35.2,35.15,35.45
2025-05-02,35.17,35.2,34.62,35.1,65978,34.852,34.92067213936185,0.2853215761627723,58.08966845745508,-0.519999999999996,36.49045369977838,33.213546300221616,0.7435714285714283,68859.0,-1928745,34.95,34.78,35.62
2025-05-05,34.86,34.86,34.36,34.58,43498,34.851,34.88822717370834,0.22484928330334242,45.174537857814485,-1.1000000000000014,36.4901255691925,33.2118744308075,0.7085714285714287,66764.5,-1972243,35.1,34.58,35.68
2025-05-06,34.36,35.26,34.1982,35.07,57032,34.9215,34.9055388714504,0.21399664037013366,49.6226413783553,-1.2100000000000009,36.46334134619738,33.37965865380262,0.7429857142857139,65820.5,-1915211,34.58,35.4,36.28
2025-05-07,34.82,35.1,33.127,33.18,81655,34.899,34.741201836074175,0.05228591852365838,33.43065686598112,-2.479999999999997,36.53071075868294,33.26728924131706,0.8455428571428568,65786.15,-1996866,35.07,35.2,35.66
2025-05-08,33.16,33.34,32.42,32.69,72653,34.882000000000005,34.545849280257585,-0.11409468598311179,29.567642899031128,-2.460000000000001,36.60047668161801,33.163523318382,0.8584000000000002,62591.55,-2069519,33.18,34.95,35.15
2025-05-09,32.61,32.88,32.39,32.79,61733,34.8295,34.37862553928067,-0.23517242813532846,29.958391065268046,-1.990000000000002,36.73589339840323,32.92310660159678,0.8558642857142859,62519.25,-2007786,32.69,35.1,34.78
2025-05-12,32.69,32.75,31.955,32.1,84171,34.721000000000004,34.161613583158704,-0.38239661440119477,21.369862972715353,-2.479999999999997,36.97650927847015,32.46549072152986,0.8633642857142861,63539.95,-2091957,32.79,34.58,34.58
2025-05-13,32.25,32.3875,31.97,32.28,107829,34.582499999999996,33.98241228952454,-0.47902642854793953,25.364431435116344,-3.1199999999999974,37.08013572414556,32.08486427585443,0.7924714285714296,65321.7,-1984128,32.1,35.07,35.4
2025-05-14,32.28,32.3,31.2118,31.67,88326,34.4105,33.76218254766506,-0.5979355259159291,24.999999949712674,-3.530000000000001,37.21065394313689,31.610346056863108,0.8327000000000009,66697.6,-2072454,32.28,33.18,35.2
2025-05-15,31.98,32.65,31.87,32.63,79042,34.2695,33.654355638363626,-0.6077026474900933,35.76158933766065,-2.3200000000000003,37.132553026330626,31.406446973669375,0.8434142857142862,66790.15,-1993412,31.67,32.69,34.95
2025-05-16,32.63,33.1188,32.63,32.89,86536,34.133,33.58155986328138,-0.5876888236807929,38.896189153147624,-2.210000000000001,36.98524270023691,31.280757299763096,0.8395857142857146,67709.65,-1906876,32.63,32.79,35.1
2025-05-19,32.86,33.58,32.7,33.46,53166,34.022,33.56998273344506,-0.5198410833893945,36.820652103873776,-1.1199999999999974,36.79236649675055,31.251633503249444,0.824585714285714,68071.95,-1853710,32.89,32.1,34.58
2025-05-20,33.34,33.705,33.32,33.42,34104,33.879000000000005,33.55569866359315,-0.4639507901879938,37.63888881570216,-1.6499999999999986,36.44643902710405,31.31156097289596,0.8063785714285713,65093.45,-1887814,33.46,32.28,35.07
2025-05-21,33.15,33.53,32.67,33.1,51659,33.751,33.51229879086999,-0.4404019759682285,37.27647860772067,-0.0799999999999983,36.19696251638925,31.305037483610747,0.8013785714285712,64056.8,-1939473,33.42,31.67,33.18
2025-05-22,32.85,32.91,32.34,32.47,51220,33.617000000000004,33.413032239358564,-0.467189634616922,33.03225800484495,-0.21999999999999886,36.03372331452108,31.20027668547893,0.8006642857142846,64001.1,-1990693,33.1,32.63,32.69
2025-05-23,32.47,32.84,32.2184,32.63,44402,33.509499999999996,33.338457740372036,-0.4700894853004627,36.806495194142,-0.1599999999999966,35.89952730660514,31.119472693394858,0.809349999999999,63662.75,-1946291,32.47,32.89,32.79
2025-05-27,32.7,33.04,32.56,32.9,44227,33.4255,33.2966998603366,-0.4454658414166275,34.86750341866875,0.7999999999999972,35.774855790760824,31.076144209239175,0.7677928571428561,64062.7,-1902064,32.63,33.46,32.1
2025-05-28,32.76,32.77,32.16,32.26,53729,33.2685,33.19796654030454,-0.47215140998152094,42.22972962986211,-0.020000000000003126,35.47777494655515,31.05922505344486,0.6704357142857137,63876.1,-1955793,32.9,33.42,32.28
2025-05-29,32.17,32.7192,32.16,32.5,66954,33.1335,33.13149353646602,-0.46853296472630035,48.324514871861886,0.8299999999999983,35.16895701579781,31.09804298420219,0.6446642857142854,64097.25,-1888839,32.26,33.1,31.67
2025-05-30,32.55,32.8926,31.9801,32.66,149640,33.019,33.08658939013592,-0.4475950607260444,48.86561942685536,0.02999999999999403,34.87383606879636,31.164163931203635,0.6748428571428567,68877.7,-1739199,32.5,32.47,32.63
2025-06-02,32.64,33.06,32.3,32.45,62349,32.8865,33.0259618291706,-0.44284205832440904,53.33333319111113,-0.4399999999999977,34.474882494039505,31.29811750596049,0.6723428571428569,68696.25,-1801548,32.66,32.63,32.89
2025-06-03,32.41,32.52,32.12,32.39,50581,32.777,32.965394035916255,-0.4388578876869502,51.07212461695716,-1.0700000000000003,34.16285485683506,31.39114514316494,0.671092857142857,69050.4,-1852129,32.45,32.9,33.46
2025-06-04,32.49,32.49,31.8182,32.07,101152,32.626999999999995,32.88011841344804,-0.4562622225130255,54.132231248377835,-1.3500000000000014,33.53483954065783,31.719160459342163,0.6413500000000002,71256.4,-1953281,32.39,32.26,33.42
2025-06-05,31.98,32.18,31.6601,31.79,73004,32.5575,32.77629761216727,-0.48703471022561473,39.90384601955431,-1.3100000000000023,33.499276037742554,31.615723962257444,0.622771428571429,70823.85,-2026285,32.07,32.5,33.1
2025-06-06,31.91,32.2122,31.7704,31.89,71490,32.5175,32.691888315770385,-0.497616748060544,37.499999868749995,-0.5799999999999983,33.502543413418266,31.53245658658173,0.6194142857142866,70765.7,-1954795,31.79,32.66,32.47
2025-06-09,31.8,32.23,31.5657,32.19,64787,32.4875,32.64408942855416,-0.47630504838065946,32.97587118990285,-0.44000000000000483,33.4741450329554,31.500854967044592,0.6040071428571439,70918.4,-1890008,31.89,32.45,32.63
2025-06-10,32.37,32.885,32.37,32.68,61319,32.51649999999999,32.647509482977576,-0.41509155092911953,41.1483252210343,-0.21999999999999886,33.48918537673195,31.543814623268037,0.6132928571428583,69775.8,-1828689,32.19,32.39,32.9
2025-06-11,32.86,33.12,32.62,32.64,47971,32.5345,32.64679429412257,-0.3655927532000973,44.102563944247194,0.38000000000000256,33.502068303044055,31.566931696955947,0.5875785714285726,66782.9,-1876660,32.68,32.07,32.26
2025-06-12,32.64,32.7397,32.3,32.67,48858,32.584500000000006,32.64900436134899,-0.3202521822933093,53.03030280532603,0.1700000000000017,33.46324252261714,31.705757477382868,0.5782714285714304,64809.5,-1827802,32.64,31.79,32.5
2025-06-13,32.51,32.595,32.22,32.28,53365,32.567,32.61386108883956,-0.312190456570967,45.042492739208214,-0.37999999999999545,33.45580996725827,31.678190032741732,0.5606571428571446,63525.65,-1881167,32.67,31.89,32.66
2025-06-16,32.31,32.46,31.87,32.02,56357,32.5235,32.55730288990246,-0.32305730443442116,37.499999850852326,-0.4299999999999997,33.430717260581865,31.616282739418132,0.5685142857142876,62016.7,-1937524,32.28,32.19,32.45
2025-06-17,31.84,32.215,31.45,32.09,112863,32.455,32.51279785276889,-0.32230560627121463,47.11864384418279,-0.29999999999999716,33.26630174800671,31.643698251993285,0.579585714285716,65001.55,-1824661,32.02,32.68,32.39
2025-06-18,32.04,32.46,31.87,32.07,99858,32.3875,32.47062662869566,-0.31963911219723684,42.12454190851883,0.0,33.076110347387626,31.698889652612376,0.5817857142857158,68289.25,-1924519,32.09,32.64,32.07
2025-06-20,32.27,32.52,31.6395,31.72,225009,32.3185,32.39913837834369,-0.3418275956185042,33.904109426487196,-0.07000000000000028,32.98262665247628,31.654373347523727,0.5795000000000015,76956.75,-2149528,32.07,32.67,31.79
2025-06-23,31.75,32.8,31.75,32.8,109544,32.335,32.43731567564429,-0.26916241772213567,54.61741404626804,0.9099999999999966,33.030625428549826,31.63937457145018,0.6002142857142866,79872.95,-2039984,31.72,32.28,31.89
2025-06-24,32.9,32.945,32.44,32.61,98816,32.334,32.45376180177341,-0.22432032771532562,52.806122260386275,0.4200000000000017,33.027895183957064,31.64010481604294,0.6077142857142864,82593.65,-2138800,32.8,32.02,32.19
2025-06-25,32.46,32.46,31.6287,31.76,55856,32.277,32.38768924922356,-0.2544375469098128,46.51685378623913,-0.9199999999999982,32.962368897980376,31.591631102019626,0.6191071428571436,83175.1,-2194656,32.61,32.09,32.68
2025-06-26,31.66,32.1,31.5,32.08,97468,32.268,32.35838551120227,-0.24960702010310598,53.2293984977257,-0.5600000000000023,32.95901298639857,31.576987013601432,0.6248285714285723,85362.05,-2097188,31.76,32.07,32.64
2025-06-27,32.0,32.505,31.68,31.84,202676,32.235,32.30901546251634,-0.2621231940282982,49.460043046989064,-0.8300000000000018,32.94221097872142,31.527789021278576,0.6522000000000008,92148.15,-2299864,32.08,31.72,32.67
2025-06-30,31.75,31.815,31.12,31.6,146342,32.182,32.241490180371926,-0.2880874534394522,43.54485763465474,-0.6799999999999997,32.913562135363655,31.450437864636353,0.6543928571428582,91983.25,-2446206,31.84,32.8,32.28
2025-07-01,31.58,32.71,31.48,32.32,83178,32.1755,32.24896730605079,-0.24771087658563573,46.249999865104165,0.29999999999999716,32.89930500427506,31.451694995724942,0.7054642857142868,93024.7,-2363028,31.6,32.61,32.02
2025-07-02,32.41,32.53,32.04,32.12,75327,32.162,32.236684705474524,-0.22920830638294376,44.75806438979575,0.02999999999999403,32.878999596273054,31.44500040372694,0.7047500000000012,94262.0,-2438355,32.32,31.76,32.09
2025-07-03,32.15,32.4,32.02,32.34,35139,32.1755,32.246524257334094,-0.19455007267561797,46.796116377641646,0.2700000000000031,32.895367677901504,31.4556323220985,0.7004857142857149,90961.35,-2403216,32.12,32.08,32.07
2025-07-07,32.06,32.36,31.87,31.9,68967,32.181,32.2135219471118,-0.20027880612229865,46.34615372137572,0.17999999999999972,32.89006610188697,31.47193389811302,0.7087000000000006,90759.5,-2472183,32.34,31.84,31.72
2025-07-08,32.0,32.24,31.5,31.98,123395,32.185500000000005,32.191281761672585,-0.19610298410903937,49.601593487166845,-0.8199999999999967,32.88790114494792,31.48309885505209,0.7194142857142865,93354.75,-2348788,31.9,31.6,32.8
2025-07-09,31.97,32.45,31.8913,32.4,60551,32.196,32.21115968913234,-0.15709226333957815,52.88640582115271,-0.21000000000000085,32.90493248138379,31.48706751861621,0.704678571428572,93142.95,-2288237,31.98,32.32,32.61
2025-07-10,32.22,32.65,32.13,32.21,66612,32.1725,32.211049242548306,-0.1398947782542237,51.26353777659034,0.4499999999999993,32.84405357979048,31.50094642020952,0.6996785714285717,93407.6,-2354849,32.4,32.12,31.76
2025-07-11,31.97,32.5415,31.72,31.81,65965,32.131,32.17285407659132,-0.15673555457476596,50.80500881730409,-0.2699999999999996,32.78321565694255,31.478784343057445,0.695464285714286,94307.3,-2420814,32.21,32.34,32.08
2025-07-14,31.81,32.38,31.81,32.35,73838,32.114999999999995,32.18972511691596,-0.1250668117538254,45.54455432918346,0.5100000000000016,32.725935434613405,31.50406456538658,0.6611785714285722,95556.3,-2346976,31.81,31.9,31.84
2025-07-15,32.27,32.448,31.2,31.21,78903,32.0615,32.096417962923965,-0.18977002678865418,38.33333324388891,-0.39000000000000057,32.78805713000496,31.334942869995043,0.7142500000000006,96833.2,-2425879,32.35,31.98,31.6
2025-07-16,31.27,31.68,31.015,31.1,107457,32.0155,32.001521014074065,-0.2470757362684921,43.72623562506326,-1.2199999999999989,32.860035998424436,31.170964001575573,0.702371428571429,99388.2,-2533336,31.21,32.4,32.32
2025-07-17,31.16,31.646,31.16,31.24,115084,31.973000000000003,31.92899520320987,-0.2779896028265618,41.73228334955672,-0.879999999999999,32.88463473756765,31.061365262432354,0.6942285714285718,99499.25,-2418252,31.1,32.21,32.12
