Date,Open,High,Low,Close,Volume,SMA_20,EMA_20,MACD,RSI_14,Momentum_10,Bollinger_Upper,Bollinger_Lower,ATR_14,Volume_MA_20,OBV,Lag_1,Lag_5,Lag_10
2023-08-10,0.1143,0.1166,0.1141,0.1156,291.37142,0.11271500000000001,0.11328204323525765,0.00032718423485417203,54.22220535309167,0.005699999999999997,0.11976706949841863,0.10566293050158139,0.004700000000000003,6189.314459004,60090.47425128001,0.1137,0.1109,0.1099
2023-08-11,0.1164,0.1174,0.1143,0.1143,1751.35128642,0.11257499999999998,0.11337899149856644,0.0003854513312445962,51.333317362967925,0.0034000000000000002,0.11936690694871475,0.1057830930512852,0.004850000000000003,6213.780921097,58339.122964860006,0.1156,0.1144,0.1109
2023-08-12,0.1168,0.1168,0.1125,0.1125,344.19194316,0.112175,0.11329527802251249,0.0003052322383690076,47.21602091259927,0.005500000000000005,0.11785261069094163,0.10649738930905836,0.0048857142857142875,6177.3026311175,57994.9310217,0.1143,0.1111,0.107
2023-08-13,0.1113,0.1352,0.1113,0.1194,47586.12955907999,0.11264999999999999,0.11387668011560655,0.0007081719501838973,63.14604754955808,0.008500000000000008,0.11906757455413605,0.10623242544586392,0.00602857142857143,8309.8983785225,105581.06058078,0.1125,0.1172,0.1109
2023-08-14,0.1183,0.1211,0.1166,0.1166,17325.08695682,0.11267,0.1141360439141202,0.0008202762728985319,57.427920088893984,0.008300000000000002,0.1191364640952175,0.10620353590478251,0.005600000000000001,8807.7883634435,88255.97362396,0.1194,0.1137,0.1083
2023-08-15,0.1167,0.1167,0.1056,0.1076,10323.20058536,0.112395,0.11351356354134685,0.0002722572292266773,46.89264300382295,-0.0032999999999999974,0.11924112068408473,0.10554887931591526,0.005742857142857144,9057.2416692115,77932.7730386,0.1166,0.1156,0.1109
2023-08-16,0.1068,0.1068,0.0974,0.1031,282485.95602213,0.11195999999999999,0.1125217955850281,-0.00047351282398049033,46.36870299512399,-0.011300000000000004,0.11997167569041714,0.10394832430958284,0.006114285714285716,23090.4029448925,-204553.18298353,0.1076,0.1143,0.1144
2023-08-17,0.1055,0.1055,0.0797,0.0917,762294.5193506101,0.11089,0.11053876743407305,-0.0018570955396374211,34.31371764065284,-0.0194,0.12295262605606347,0.09882737394393654,0.007400000000000002,61198.653023188,-966847.7023341401,0.1031,0.1125,0.1111
2023-08-18,0.0924,0.0924,0.0853,0.0878,591231.1237115801,0.10952999999999999,0.10837317053558991,-0.003193139636388259,33.59999247360169,-0.029399999999999996,0.12522728102503575,0.09383271897496424,0.007700000000000001,90704.11131523001,-1558078.8260457201,0.0917,0.1194,0.1172
2023-08-19,0.0872,0.0897,0.0872,0.0897,1618.90351719,0.10863,0.10659477334172421,-0.004061466403685807,32.8478889988601,-0.023999999999999994,0.12665981157037307,0.09060018842962696,0.0076928571428571445,90533.21988381351,-1556459.9225285302,0.0878,0.1166,0.1137
2023-08-20,0.0912,0.0915,0.09,0.0915,5231.804785130001,0.10771,0.10515717588060762,-0.004561463288810519,30.948412091884038,-0.024099999999999996,0.12727903031242022,0.08814096968757978,0.007592857142857144,90630.08106684902,-1551228.1177434002,0.0897,0.1076,0.1156
2023-08-21,0.0906,0.0914,0.0877,0.0899,819273.4524051,0.10666,0.10370411151102595,-0.005016145676641132,31.849307433385192,-0.024400000000000005,0.12770615479319078,0.08561384520680922,0.007507142857142858,131494.413232969,-2370501.5701485,0.0915,0.1031,0.1143
2023-08-22,0.0899,0.0901,0.0851,0.0893,4951.64857842,0.105775,0.10233229136711872,-0.005357547927148182,23.62948334947511,-0.0232,0.12820410468213356,0.08334589531786643,0.007714285714285715,131688.53541789,-2375453.21872692,0.0899,0.0917,0.1125
2023-08-23,0.0894,0.0914,0.089,0.0914,870.1667471800001,0.1048,0.10129112076072645,-0.005406993879957217,28.34950685644472,-0.02800000000000001,0.12797403265453997,0.08162596734546004,0.007628571428571429,131283.1472997975,-2374583.05197974,0.0893,0.0878,0.1194
2023-08-24,0.0903,0.0903,0.0851,0.0851,3344.86308339,0.10364,0.09974910925970489,-0.005852377582949889,22.719135633847955,-0.0315,0.12834818317459773,0.07893181682540228,0.007821428571428573,131206.518763822,-2377927.91506313,0.0914,0.0897,0.1166
2023-08-25,0.0852,0.0852,0.0827,0.0833,951.43014629,0.10225999999999999,0.09818252742544728,-0.006267958148121949,22.517724906947706,-0.024300000000000002,0.12830760015211018,0.0762123998478898,0.007778571428571429,131250.27695338402,-2378879.34520942,0.0851,0.0915,0.1076
2023-08-26,0.0848,0.0872,0.0848,0.0861,7826.684879779999,0.100845,0.09703181052778563,-0.006310303722889932,27.00347773434339,-0.017,0.12718883778938986,0.07450116221061015,0.007642857142857144,128476.54955343001,-2371052.6603296404,0.0833,0.0899,0.1031
2023-08-27,0.0875,0.0878,0.0873,0.0878,592.44088302,0.09968,0.09615259047752034,-0.006142437863526237,19.731795474231077,-0.0039000000000000007,0.12617469460298164,0.07318530539701837,0.005971428571428573,128235.7378636945,-2370460.2194466204,0.0861,0.0893,0.0917
2023-08-28,0.091,0.0919,0.0901,0.0906,25488.819615980003,0.09835,0.09562377233680412,-0.005728128390668066,25.095778709944398,0.002799999999999997,0.12379124293554197,0.07290875706445804,0.00577857142857143,129325.84584115601,-2344971.3998306403,0.0878,0.0914,0.0878
2023-08-29,0.0896,0.0948,0.0883,0.0945,13588.68647329,0.09739,0.09551674639996563,-0.005041201589743069,36.09340753062196,0.004799999999999999,0.1218213775814283,0.0729586224185717,0.005450000000000001,129868.5915974965,-2331382.7133573503,0.0906,0.0851,0.0897
2023-08-30,0.0936,0.0936,0.091,0.0915,2433.8997951,0.09618499999999999,0.09513419912377842,-0.004674842832219764,37.28069030855999,0.0,0.11916913869560808,0.0732008613043919,0.0049642857142857145,129975.71801625153,-2333816.6131524504,0.0945,0.0833,0.0915
2023-08-31,0.0905,0.0916,0.0877,0.0879,4395.87853132,0.094865,0.09444522777865667,-0.004610324657444237,44.97352831668263,-0.001999999999999988,0.11645898308008877,0.07327101691991124,0.0034000000000000002,130107.94437849653,-2338212.4916837704,0.0915,0.0861,0.0899
2023-09-01,0.0877,0.0877,0.084,0.0859,451.07247176,0.093535,0.09363139656164175,-0.004660687381479761,47.35374197904213,-0.0034000000000000002,0.11379086594700803,0.07327913405299195,0.0031571428571428575,130113.2884049265,-2338663.5641555307,0.0879,0.0878,0.0893
2023-09-02,0.0853,0.0875,0.0853,0.0868,606.845626,0.09190499999999999,0.09298078736529491,-0.004577333361756225,45.8452538156575,-0.004599999999999993,0.10827023593989475,0.07553976406010522,0.0031357142857142855,127764.32420827253,-2338056.718529531,0.0859,0.0906,0.0914
2023-09-03,0.0861,0.0864,0.0856,0.0856,3726.9623286,0.09035499999999999,0.09227785523526683,-0.004552365842909301,41.39940001190669,0.0005000000000000004,0.1020889767566805,0.07862102324331949,0.003085714285714286,127084.41797686151,-2341783.680858131,0.0868,0.0945,0.0851
2023-09-04,0.0875,0.0929,0.0869,0.0873,59967.98789635,0.08934,0.09180377378428903,-0.004349005832219005,46.22091142172211,0.0040000000000000036,0.09786671344101969,0.08081328655898032,0.00325,129566.65734241102,-2281815.692961781,0.0856,0.0915,0.0833
2023-09-05,0.0874,0.0887,0.0874,0.0887,1274.41222272,0.08862,0.09150817628102341,-0.004031295540157825,49.147707725343516,0.002600000000000005,0.0941650689331772,0.0830749310668228,0.002985714285714285,115506.08015244051,-2280541.2807390606,0.0873,0.0879,0.0861
2023-09-06,0.089,0.089,0.089,0.089,7100.0,0.088485,0.09126930234949737,-0.0037130249219641392,46.40716617663693,0.0011999999999999927,0.0938426408791068,0.08312735912089318,0.0028142857142857136,77746.35418491,-2273441.2807390606,0.0887,0.0859,0.0878
2023-09-07,0.0878,0.0971,0.0878,0.0955,13258.61906533,0.08887,0.09167222593525953,-0.002914727308120049,65.47616319445581,0.004900000000000002,0.09506204923141065,0.08267795076858936,0.003107142857142856,48847.72895259751,-2260182.6616737307,0.089,0.0868,0.0906
2023-09-08,0.0934,0.1025,0.0922,0.0931,19407.40862276,0.08904,0.09180820441761577,-0.002443543450830324,64.32745904723899,-0.0013999999999999985,0.09550851483808524,0.08257148516191475,0.0036642857142857124,49737.154207876,-2279590.0702964906,0.0955,0.0856,0.0945
2023-09-09,0.0966,0.1319,0.0966,0.1102,285140.9103943102,0.089975,0.09355980399689046,-0.0007094409262325962,74.84533921990209,0.01870000000000001,0.10142702808975003,0.07852297191024997,0.006014285714285711,63732.609488335016,-1994449.1599021803,0.0931,0.0873,0.0915
2023-09-10,0.11,0.1195,0.0975,0.1005,54326.7332077,0.09050499999999999,0.09422077504480565,-0.00010272904699948349,61.23892287885097,0.0126,0.10288588084614007,0.0781241191538599,0.007549999999999996,25485.27352846502,-2048775.8931098804,0.1102,0.0887,0.0879
2023-09-11,0.0988,0.107,0.0961,0.1012,67069.14611296999,0.0911,0.09488546313577655,0.00042855251646763126,59.742631683881555,0.015299999999999994,0.10435030287637954,0.07784969712362046,0.008199999999999995,28591.148405192518,-1981706.7469969103,0.1005,0.089,0.0859
2023-09-12,0.1041,0.1041,0.0918,0.097,21016.95381661,0.09138,0.09508684759903592,0.0005100207424557496,52.28517857417734,0.0102,0.10489110264696574,0.07786889735303426,0.00861428571428571,29598.487758664014,-2002723.7008135202,0.1012,0.0955,0.0868
2023-09-13,0.0972,0.1027,0.0972,0.1026,4857.083517590001,0.092255,0.09580238592293726,0.001008232303645773,59.685849291415536,0.017,0.10630940182029525,0.07820059817970476,0.008821428571428567,29674.09878037402,-1997866.6172959302,0.097,0.0931,0.0856
2023-09-14,0.1015,0.1176,0.1015,0.1053,18394.540376750003,0.093355,0.09670692059694323,0.0015994561137203378,65.42551567451738,0.018000000000000002,0.10789372867822183,0.07881627132177815,0.009692857142857138,30546.254291897018,-1979472.07691918,0.1026,0.1102,0.0873
2023-09-15,0.1069,0.1069,0.1053,0.1059,3301.52067139,0.094345,0.09758245196866293,0.002091580576954702,68.1818008264507,0.017199999999999993,0.10948761675224153,0.07920238324775847,0.00954285714285714,30319.996081477515,-1976170.55624779,0.1053,0.1005,0.0887
2023-09-16,0.1065,0.1084,0.1029,0.1084,14097.22423079,0.095375,0.09861269463831408,0.002650327527207494,69.08125499756943,0.0194,0.11141873955620607,0.07933126044379393,0.009778571428571423,30995.235248866018,-1962073.332017,0.1059,0.1012,0.089
2023-09-17,0.1076,0.1076,0.0985,0.1009,20390.93864369,0.09589,0.09883053324418893,0.00246588041389903,62.1621483263899,0.005400000000000002,0.11194961263215088,0.07983038736784913,0.010371428571428563,30740.341200251518,-1982464.27066069,0.1084,0.097,0.0955
2023-09-18,0.1026,0.1055,0.1026,0.104,5708.15014957,0.096365,0.09932286341140903,0.002538088275302705,62.98598939651864,0.010899999999999993,0.11280887904038278,0.07992112095961723,0.010149999999999994,30346.31438406552,-1976756.12051112,0.1009,0.1026,0.0931
2023-09-19,0.1038,0.1042,0.0971,0.0998,28288.73580499,0.09678,0.09936830499127483,0.002233718958742595,58.27122480183089,-0.010400000000000006,0.11312555790292574,0.08043444209707427,0.010564285714285708,31639.056184560013,-2005044.85631611,0.104,0.1053,0.1102
2023-09-20,0.0996,0.101,0.0986,0.0993,5313.65075191,0.09735,0.09936179975401056,0.0019302444907290384,57.65229112730944,-0.0012000000000000066,0.11317862164428408,0.08152137835571593,0.01073571428571428,31684.944795589523,-2010358.5070680198,0.0998,0.1059,0.1005
2023-09-21,0.1005,0.1009,0.0948,0.0973,537064.72425115,0.09792000000000001,0.09916543787267622,0.001512192279328986,51.43310955312844,-0.0039000000000000007,0.1128054715463736,0.08303452845362641,0.010507142857142854,58515.62738455902,-2547423.23131917,0.0993,0.1084,0.1012
2023-09-22,0.0973,0.0979,0.0949,0.0976,511156.1220681298,0.09845999999999999,0.09901634855146896,0.0011911960880751082,53.70674214342026,0.0006000000000000033,0.1124005353669001,0.08451946463309988,0.009985714285714284,84043.09120666551,-2036267.1092510403,0.0973,0.1009,0.097
2023-09-23,0.0986,0.1048,0.0929,0.0961,10969.829285939995,0.098985,0.09873860107037667,0.0008072864562222726,34.368060284859325,-0.006499999999999992,0.11161566860754757,0.08635433139245244,0.008314285714285713,84405.23455453252,-2047236.9385369802,0.0976,0.104,0.1026
2023-09-24,0.0946,0.0955,0.0939,0.0939,9968.391526350002,0.099315,0.09827778192081699,0.00032291711678454627,41.223388906184965,-0.011400000000000007,0.11096720105704015,0.08766279894295985,0.006857142857142856,81905.2547360325,-2057205.3300633302,0.0961,0.0998,0.1053
2023-09-25,0.0932,0.0948,0.0932,0.0948,190.15631381,0.09962,0.09794656459502489,1.1151894800873197e-05,41.53437615128925,-0.011099999999999999,0.11038810103964498,0.08885189896035502,0.0061928571428571414,81851.041940587,-2057015.1737495202,0.0939,0.0993,0.1059
2023-09-26,0.0948,0.0948,0.0933,0.0933,418.4770714600001,0.09983500000000001,0.09750403463359394,-0.00035223522183409905,44.72932688858756,-0.015100000000000002,0.10985608829051613,0.08981391170948388,0.005421428571428571,81516.96579416,-2057433.6508209803,0.0948,0.0973,0.1084
2023-09-27,0.0941,0.0958,0.0941,0.0945,3728.48531912,0.099785,0.09721793609706118,-0.0005376519006411729,36.807800804260225,-0.006400000000000003,0.10990663394340133,0.08966336605659866,0.005149999999999999,81040.4591068495,-2053705.1655018602,0.0933,0.0976,0.1009
2023-09-28,0.0939,0.0965,0.0939,0.0965,9965.92484231,0.09995499999999999,0.0971495612306744,-0.0005179690695786415,35.33331684445214,-0.007499999999999993,0.10971150390360482,0.09019849609639516,0.004185714285714286,80568.384917827,-2043739.2406595503,0.0945,0.0961,0.104
2023-09-29,0.0948,0.0966,0.0942,0.0966,10097.04056507,0.09927499999999999,0.09709722206584827,-0.0004886988151043409,34.23727188739642,-0.0031999999999999945,0.1078491042189781,0.09070089578102188,0.004242857142857144,66816.191426365,-2033642.2000944803,0.0965,0.0939,0.0998
2023-09-30,0.0975,0.0995,0.0975,0.0995,2663.7541495600003,0.099225,0.097326058059577,-0.00022976629988033515,35.11704041342591,0.00020000000000000573,0.10778066909623168,0.0906693309037683,0.003992857142857144,64233.042473458,-2030978.4459449204,0.0966,0.0948,0.0993
2023-10-01,0.0995,0.1176,0.0995,0.1135,69226.38990752,0.09984,0.09886643348247443,0.0010884499777886192,67.3076664201283,0.016200000000000006,0.11050235877922168,0.08917764122077831,0.004635714285714286,64340.904663185494,-1961752.0560374004,0.0995,0.0933,0.0973
2023-10-02,0.1101,0.1101,0.0977,0.1073,27515.03639076999,0.100355,0.09966963029366734,0.0016158652399227008,54.177195987829286,0.0097,0.11142691325642945,0.08928308674357055,0.005314285714285716,64665.8087918935,-1989267.0924281704,0.1135,0.0945,0.0976
2023-10-03,0.1027,0.1027,0.1001,0.1015,2133.09261893,0.10029999999999999,0.09984395121807997,0.0015494089571626152,52.06810878458583,0.005400000000000002,0.11133582682376875,0.08926417317623123,0.004992857142857145,64529.60924696049,-1991400.1850471003,0.1073,0.0965,0.0961
2023-10-04,0.0981,0.0981,0.0954,0.0971,1873.53205592,0.09989,0.09958262253064379,0.0011296970131162432,47.55554076049844,0.0032000000000000084,0.11075159821524794,0.08902840178475208,0.005014285714285716,63703.55883091899,-1993273.7171030203,0.1015,0.0966,0.0939
2023-10-05,0.0949,0.0949,0.0947,0.0947,224.27297318,0.09933,0.09911761086105866,0.0005970547914692509,47.1365493411522,-9.999999999998899e-05,0.11004076192680218,0.08861923807319783,0.004592857142857143,63549.69644600849,-1993497.9900762003,0.0971,0.0995,0.0948
2023-10-06,0.0945,0.0975,0.0945,0.0975,667.24624166,0.098785,0.09896355268381499,0.00039575731863726593,49.895601283122794,0.004200000000000009,0.10862653924631943,0.08894346075368056,0.004592857142857143,62878.19754655201,-1992830.7438345402,0.0947,0.1135,0.0933
2023-10-07,0.0976,0.0978,0.0948,0.0948,3223.50536208,0.09848,0.098567023856785,1.864866971849899e-05,48.676157200281025,0.0002999999999999947,0.10842312245778608,0.08853687754221391,0.003957142857142858,62019.825882471494,-1996054.2491966202,0.0975,0.1073,0.0945
2023-10-08,0.0965,0.0965,0.0924,0.0939,3964.94786842,0.097975,0.09812254539423404,-0.0003486533401251407,49.999985355652825,-0.002600000000000005,0.10776239791235345,0.08818760208764656,0.004135714285714286,61932.665768414,-2000019.1970650402,0.0948,0.1015,0.0965
2023-10-09,0.0943,0.0943,0.088,0.089,11328.268026569998,0.09743500000000001,0.09725373154716413,-0.001022557251531983,44.40153240113025,-0.0076000000000000095,0.10796221285651239,0.08690778714348762,0.004471428571428572,61084.64237949299,-2011347.4650916103,0.0939,0.0971,0.0966
2023-10-10,0.0882,0.089,0.0875,0.0889,2266.54995647,0.096915,0.09645813806648183,-0.001546838120727756,45.63490795855733,-0.010599999999999998,0.10806342920254752,0.08576657079745248,0.004471428571428572,60932.28733972099,-2013614.0150480804,0.089,0.0947,0.0995
2023-10-11,0.0873,0.0873,0.0871,0.0872,779.304578,0.09641,0.0955764106315788,-0.002075341419720503,42.829064840728726,-0.026300000000000004,0.10837044357565051,0.08444955642434948,0.004364285714285716,34118.0163560635,-2014393.3196260803,0.0889,0.0975,0.1135
2023-10-12,0.0865,0.0903,0.0853,0.0872,6959.23214062,0.09589,0.09477865723809512,-0.0024657458480917965,40.4907859535582,-0.020100000000000007,0.10851827237423625,0.08326172762576375,0.004535714285714288,8908.171859688005,-2014393.3196260803,0.0872,0.0948,0.1073
2023-10-13,0.0884,0.0948,0.0884,0.0897,3971.00049963,0.09557,0.09429497559637177,-0.0025443645461598885,43.27484199127119,-0.011800000000000005,0.10849669209121407,0.08264330790878593,0.004821428571428573,8558.230420372503,-2010422.3191264502,0.0872,0.0939,0.1015
2023-10-14,0.0898,0.0898,0.0898,0.0898,1694.75203908,0.095365,0.09386688268243161,-0.0025689908851265486,39.99998845361157,-0.007300000000000001,0.10853102885419433,0.08219897114580568,0.0046785714285714295,8144.548446009006,-2008727.5670873702,0.0897,0.089,0.0971
2023-10-15,0.0903,0.0918,0.0903,0.0918,5092.38783985,0.095215,0.09367003671267622,-0.0023996563145804173,20.27396482642446,-0.0029,0.10847614625513208,0.08195385374486791,0.0034928571428571448,8389.660022311004,-2003635.1792475202,0.0898,0.0889,0.0947
2023-10-16,0.0931,0.0952,0.0896,0.0933,22751.98026125,0.09521500000000001,0.09363479512099278,-0.002120116479922815,27.987409062146938,-0.004200000000000009,0.1084761462551321,0.08195385374486791,0.003007142857142859,9506.335181800507,-1980883.1989862702,0.0918,0.0872,0.0975
2023-10-17,0.0935,0.1028,0.087,0.0873,35523.64961872001,0.094855,0.09303148129994585,-0.002355065300542636,27.812487832036553,-0.007499999999999993,0.1085806540444298,0.08112934595557018,0.003950000000000002,11096.093396780507,-2016406.8486049902,0.0933,0.0872,0.0948
2023-10-18,0.0869,0.0924,0.0868,0.0872,15616.097493819998,0.09439,0.09247610212852243,-0.00252026635313643,32.12994765995424,-0.006699999999999998,0.1085055979421051,0.0802744020578949,0.004157142857142858,11378.602029356005,-2032022.94609881,0.0873,0.0897,0.0939
2023-10-19,0.0871,0.0893,0.0853,0.0859,3122.7066998399996,0.09385500000000001,0.09184980668771077,-0.0027245797600910227,33.4586290067366,-0.0030999999999999917,0.10842179352789126,0.07928820647210875,0.00442857142857143,11029.885336094505,-2035145.65279865,0.0872,0.0898,0.089
2023-10-20,0.087,0.1027,0.087,0.0895,59256.606124279984,0.093355,0.09162601557459546,-0.0025666619263555873,35.40144176568667,0.0005999999999999894,0.1077918643628588,0.07891813563714119,0.005335714285714288,13859.527934830505,-1975889.04667437,0.0859,0.0918,0.0889
2023-10-21,0.0892,0.0943,0.0887,0.0926,2307.59293401,0.09231,0.09171877599606255,-0.0021665848015561817,46.04314228043196,0.005400000000000002,0.10319618632173741,0.0814238136782626,0.005521428571428573,10513.588086155007,-1973581.45374036,0.0895,0.0933,0.0872
2023-10-22,0.0927,0.0955,0.0883,0.0928,10782.93211359,0.091585,0.09182174971072327,-0.0018125008304566148,47.970454923012205,0.005599999999999994,0.09989410090772405,0.08327589909227595,0.005742857142857144,9676.982872296005,-1962798.52162677,0.0926,0.0873,0.0872
2023-10-23,0.0927,0.1028,0.0927,0.0991,43846.588498740006,0.09146499999999999,0.0925149164049401,-0.0010122021543288312,67.7192649800102,0.009399999999999992,0.09922217664319227,0.08370782335680771,0.006014285714285715,11762.657666286506,-1918951.93312803,0.0928,0.0872,0.0897
2023-10-24,0.1009,0.106,0.0988,0.1051,8300.977094590002,0.091865,0.0937134957949458,0.00010467915772549574,73.54648169619931,0.015299999999999994,0.10145430873969896,0.08227569126030104,0.006421428571428572,12084.029918220007,-1910650.95603344,0.0991,0.0859,0.0898
2023-10-25,0.1054,0.109,0.1037,0.1048,32968.288503610005,0.09237,0.09476935333828429,0.0009546111393596152,76.66663414142796,0.012999999999999998,0.10352405991698012,0.08121594008301987,0.0067857142857142855,13721.230694741505,-1943619.2445370501,0.1051,0.0895,0.0918
2023-10-26,0.1076,0.1173,0.1053,0.1076,12684.18616181,0.09287500000000001,0.09599131968701911,0.0018328709597851128,78.4915894166969,0.014300000000000007,0.10578356508801745,0.07996643491198258,0.007285714285714285,14322.077690749007,-1930935.05837524,0.1048,0.0926,0.0933
2023-10-27,0.1073,0.1176,0.1055,0.1141,161500.62238616002,0.09384,0.097715955907303,0.003018335904825614,80.6532379611726,0.02679999999999999,0.10986411340843293,0.07781588659156709,0.007692857142857143,22235.933541953007,-1769434.43598908,0.1076,0.0928,0.0873
2023-10-28,0.1141,0.1198,0.1132,0.1176,51674.520085240016,0.095025,0.09960967439232177,0.004191788876069039,82.17589929484747,0.030399999999999996,0.11425281702035946,0.07579718297964054,0.008164285714285716,24621.412152794008,-1717759.91590384,0.1141,0.0991,0.0872
2023-10-29,0.1174,0.1426,0.1153,0.1168,21239.52266624,0.096415,0.10124684825971969,0.004999592120764118,79.76187817461206,0.030899999999999997,0.11771647264491611,0.07511352735508389,0.010007142857142857,25116.974884777508,-1738999.43857008,0.1176,0.1051,0.0859
2023-10-30,0.1186,0.1229,0.1148,0.1175,14804.371158520002,0.097845,0.10279476747307972,0.00563132276504856,79.36890506881869,0.027999999999999997,0.12079817659474344,0.07489182340525656,0.010185714285714286,25743.86594488001,-1724195.06741156,0.1168,0.1048,0.0895
2023-10-31,0.1187,0.1187,0.1093,0.1143,14834.856611690002,0.0992,0.10389050390421499,0.005806909434604046,85.15621895346187,0.021699999999999997,0.12270032474579658,0.07569967525420342,0.009728571428571428,26446.643546564505,-1739029.9240232501,0.1175,0.1076,0.0926
2023-11-01,0.1167,0.1201,0.1129,0.12,18774.53997057,0.10084,0.10542474162762308,0.006332845982101626,87.2726995041411,0.027200000000000002,0.12536971559901228,0.07631028440098774,0.009842857142857141,27037.408938062006,-1720255.38405268,0.1143,0.1141,0.0928
2023-11-02,0.12,0.12,0.1122,0.1123,7461.757621319999,0.10197,0.10607952813927803,0.006058675631749444,76.19045502646092,0.013200000000000003,0.12642103377429234,0.07751896622570768,0.010114285714285715,27211.94679414651,-1727717.141674,0.12,0.1176,0.0991
2023-11-03,0.1115,0.1147,0.1097,0.1137,4848.10743939,0.10316499999999999,0.10680528736410869,0.00588647146335998,75.10371262547767,0.008599999999999997,0.12744722438436473,0.07888277561563527,0.009349999999999999,27369.614564162002,-1722869.0342346102,0.1123,0.1168,0.1051
2023-11-04,0.1132,0.1162,0.1118,0.1149,9857.01677337,0.10432,0.10757621237705071,0.005780169962725512,74.08205103350511,0.010099999999999998,0.12852348822185075,0.08011651177814923,0.009264285714285713,27607.846010838013,-1713012.01746124,0.1137,0.1175,0.1048
2023-11-05,0.1144,0.1202,0.1086,0.1171,26385.215887420003,0.10550999999999999,0.10848323976971255,0.005806467397954609,75.15525771897293,0.009499999999999995,0.12977241624622882,0.08124758375377115,0.009578571428571428,27789.50779214651,-1686626.80157382,0.1149,0.1143,0.1076
2023-11-06,0.1181,0.1343,0.1181,0.1232,28583.54462727999,0.10730500000000001,0.10988483598212088,0.006247396410843431,75.05195320733174,0.00910000000000001,0.13120412792947644,0.08340587207052359,0.010014285714285713,27442.502542574504,-1658043.25694654,0.1171,0.12,0.1141
2023-11-07,0.1232,0.1247,0.1192,0.1194,52034.403381309974,0.10891499999999998,0.11079104207906175,0.006218584929736107,65.57732204613274,0.00180000000000001,0.1314084399793644,0.08642156002063556,0.009892857142857144,29263.417836949007,-1710077.66032785,0.1232,0.1123,0.1176
2023-11-08,0.1196,0.1206,0.1163,0.1183,30043.977100360004,0.11053500000000001,0.11150618092867491,0.006037410439267005,64.45394213372185,0.0015000000000000013,0.13058328644731743,0.09048671355268259,0.009821428571428573,30609.481356975004,-1740121.63742821,0.1194,0.1137,0.1168
2023-11-09,0.119,0.1248,0.088,0.1137,80594.94945945003,0.11174500000000001,0.11171511607832492,0.005459775394791089,56.288643545546186,-0.003799999999999998,0.12920140886684095,0.09428859113315906,0.011592857142857143,31676.398523733507,-1820716.58688766,0.1183,0.1149,0.1175
2023-11-10,0.1148,0.1264,0.1108,0.1211,142225.38715722004,0.11316999999999999,0.11260891454705588,0.005535206379883709,57.08500406497862,0.0068000000000000005,0.12857896526462187,0.09776103473537812,0.011842857142857145,38672.288234894004,-1678491.19973044,0.1137,0.1171,0.1143
2023-11-11,0.1205,0.1278,0.1185,0.1242,49884.29740265999,0.11474,0.11371282744733627,0.005778478800816583,56.734677667643126,0.004200000000000009,0.12759750241769607,0.10188249758230392,0.012035714285714287,40627.35649934751,-1628606.9023277801,0.1211,0.1232,0.12
2023-11-12,0.1225,0.1311,0.1216,0.1256,37859.624048599995,0.116065,0.11484493911901852,0.006014888201826926,58.87095112513476,0.013299999999999992,0.12752169650190884,0.10460830349809117,0.010764285714285714,40328.00827684051,-1590747.2782791802,0.1242,0.1194,0.1123
2023-11-13,0.1272,0.1272,0.1178,0.1204,82387.60079158995,0.11682999999999999,0.11537399253625485,0.005716802089574688,52.68020817887405,0.006699999999999998,0.12719514401860021,0.10646485598139976,0.010857142857142859,44032.339461690506,-1673134.8790707702,0.1256,0.1183,0.1137
2023-11-14,0.1174,0.1188,0.1071,0.1152,84266.38678953,0.11735,0.1153574218185163,0.005003345464727818,50.802126359540665,0.0002999999999999947,0.1260901071895154,0.1086098928104846,0.011021428571428571,46597.244375986505,-1757401.2658603003,0.1204,0.1137,0.1149
2023-11-15,0.1152,0.1296,0.1152,0.1204,92755.37116735,0.11799,0.11583766735960999,0.004802118553219409,50.35969954971593,0.0032999999999999974,0.1255139687175829,0.11046603128241708,0.011535714285714288,50600.80362626351,-1664645.8946929502,0.1152,0.1211,0.1171
2023-11-16,0.1208,0.1235,0.1114,0.1123,44062.51042557998,0.1179,0.11550074665869475,0.00394365083383634,49.99998750000312,-0.010900000000000007,0.12565927289051507,0.11014072710948494,0.011842857142857143,44728.8980282345,-1708708.4051185302,0.1204,0.1242,0.1232
2023-11-17,0.1158,0.1158,0.1091,0.1129,35435.533439579995,0.11766499999999999,0.11525305650072383,0.003273978982791581,49.275349821469256,-0.006500000000000006,0.1257407662175182,0.10958923378248178,0.011964285714285715,43916.948695951505,-1673272.8716789503,0.1123,0.1256,0.1194
2023-11-18,0.1128,0.1141,0.1021,0.1139,380655.07416576,0.11752,0.11512419397684537,0.0027917619267240484,49.090896595044505,-0.004400000000000001,0.12576355569680486,0.10927644430319512,0.012507142857142859,61887.7262709275,-1292617.7975131902,0.1129,0.1204,0.1183
2023-11-19,0.1125,0.1211,0.112,0.1198,212545.19690660993,0.117635,0.11556950883619342,0.0028527573693646335,52.29981716869779,0.006100000000000008,0.1259413133883373,0.1093286866116627,0.01232857142857143,71774.767558332,-1080072.6006065803,0.1139,0.1152,0.1137
2023-11-20,0.1188,0.1521,0.1152,0.1347,377501.6054293998,0.118655,0.11739146037560357,0.004056547000439226,58.51850638134681,0.013599999999999987,0.12977169678314693,0.10753830321685307,0.01380714285714286,89908.10499921748,-702570.9951771805,0.1198,0.1204,0.1211
2023-11-21,0.135,0.1405,0.116,0.116,716898.8483727899,0.118455,0.1172589403398318,0.003461826503031201,47.936885059267105,-0.008199999999999999,0.12961365960635662,0.10729634039364339,0.015164285714285717,124814.32041932848,-1419469.8435499705,0.1347,0.1123,0.1242
2023-11-22,0.1174,0.1401,0.1134,0.1287,461771.78375934,0.11927499999999999,0.11834856506937162,0.003969464326842406,55.531906622907535,0.0031000000000000194,0.13092857410727252,0.10762142589272747,0.016764285714285714,147529.82172622948,-957698.0597906306,0.116,0.1129,0.1256
2023-11-23,0.1314,0.1441,0.1309,0.1363,71435.8721607,0.12040500000000001,0.12005822553895527,0.004928179869465588,61.649475638220025,0.01590000000000001,0.13400306100728715,0.10680693899271286,0.01507857142857143,150859.209962295,-886262.1876299306,0.1287,0.1139,0.1204
2023-11-24,0.1333,0.1408,0.1275,0.1328,75824.45880639998,0.1213,0.12127172786857858,0.005343961260691005,56.28355759430928,0.017600000000000005,0.1357048237534664,0.10689517624653361,0.014914285714285717,154157.58206394647,-962086.6464363305,0.1363,0.1198,0.1152
2023-11-25,0.1325,0.154,0.1228,0.1338,89060.05323122999,0.122135,0.12246489664299967,0.005688583183464338,55.2747167709227,0.013400000000000009,0.13742369895672887,0.10684630104327113,0.01647857142857143,157291.32393113698,-873026.5932051005,0.1328,0.1347,0.1204
2023-11-26,0.1339,0.1362,0.1205,0.1282,89939.83202957998,0.122385,0.12301109696271399,0.005447056478337556,51.36553866473172,0.01590000000000001,0.13790873734165326,0.10686126265834672,0.01692142857142857,160359.13830125198,-962966.4252346805,0.1338,0.116,0.1123
2023-11-27,0.1308,0.1308,0.1207,0.1262,26880.302944049996,0.122725,0.12331480201388409,0.005036214158371327,53.15216582467042,0.013300000000000006,0.13827131450655913,0.10717868549344087,0.016971428571428575,159101.433279389,-989846.7281787305,0.1282,0.1287,0.1129
2023-11-28,0.128,0.1332,0.1252,0.1298,191231.98369114997,0.1233,0.1239324399173237,0.0049441036193479115,58.07521224498927,0.015899999999999997,0.1390070550692158,0.10759294493078422,0.01670714285714286,167160.8336089285,-798614.7444875805,0.1262,0.1363,0.1139
2023-11-29,0.1294,0.141,0.1262,0.1368,96675.77482456998,0.12445500000000001,0.12515792182995952,0.005373976729406621,58.893700384904506,0.017,0.14058140528352275,0.10832859471647727,0.016735714285714288,167964.87487718448,-701938.9696630106,0.1298,0.1328,0.1198
2023-11-30,0.137,0.163,0.1321,0.1356,70049.09903874998,0.12518,0.12615240546520148,0.005553806431112335,63.65766833285632,0.0009000000000000119,0.14196176955728132,0.10839823044271871,0.018078571428571426,164356.06047126098,-771988.0687017605,0.1368,0.1338,0.1347
2023-12-01,0.1334,0.157,0.1324,0.1358,97144.21620739998,0.12576,0.12707122399232515,0.0056473608859869545,63.48644418362523,0.019799999999999998,0.14318851867365395,0.10833148132634605,0.019357142857142857,166719.05641149796,-674843.8524943605,0.1356,0.1282,0.116
2023-12-02,0.1358,0.1628,0.1353,0.1388,85378.88471826,0.12642,0.12818825027877037,0.005895609653830902,64.32680206472695,0.010099999999999998,0.14479694207424104,0.10804305792575898,0.020464285714285716,169095.01944498098,-589464.9677761005,0.1358,0.1262,0.1287
2023-12-03,0.1404,0.1408,0.1321,0.1372,114080.6103459,0.12725999999999998,0.1290465121569827,0.005895288048176933,60.53267739155588,0.0008999999999999841,0.14601037122439556,0.10850962877560441,0.020435714285714286,170679.66992269648,-703545.5781220004,0.1388,0.1298,0.1363
2023-12-04,0.1386,0.1587,0.1385,0.1525,115958.60550998,0.129125,0.1312801776658415,0.007048333573944826,60.72288132385135,0.019699999999999995,0.1501113991043826,0.10813860089561739,0.019242857142857145,172264.28085871896,-587586.9726120204,0.1372,0.1368,0.1328
2023-12-05,0.1522,0.1586,0.1449,0.1487,59636.72220027001,0.13054000000000002,0.1329392083643328,0.007568266838728105,74.00879535795688,0.014899999999999997,0.1528254590307343,0.10825454096926573,0.018471428571428573,170608.348410365,-647223.6948122905,0.1525,0.1356,0.1338
2023-12-06,0.1494,0.1583,0.14,0.1492,103785.8673584001,0.132385,0.13448785518677728,0.00792925860230903,68.33629773330645,0.02099999999999999,0.15442069114438067,0.11034930885561933,0.01787142857142857,173594.516257006,-543437.8274538903,0.1487,0.1358,0.1282
2023-12-07,0.1492,0.1535,0.1425,0.1491,64172.925334680025,0.134195,0.1358794880261318,0.008113747558532197,63.22312220818779,0.022900000000000004,0.15542392515314674,0.11296607484685328,0.017714285714285714,175031.38585176098,-607610.7527885704,0.1492,0.1388,0.1262
2023-12-08,0.1514,0.16,0.1486,0.1532,66076.98750312005,0.13616,0.13752906059507164,0.008492884670672968,70.81630629738187,0.023400000000000004,0.15674485902435678,0.11557514097564323,0.017578571428571426,159302.481518629,-541533.7652854503,0.1491,0.1372,0.1298
2023-12-09,0.1564,0.1606,0.1528,0.1528,182745.11399416,0.13781,0.13898343577649339,0.008661235794701905,69.62807903320027,0.015999999999999986,0.1581623592321824,0.11745764076781759,0.015907142857142852,157812.4773730065,-724278.8792796102,0.1532,0.1525,0.1368
2023-12-10,0.1569,0.1616,0.1509,0.1597,36415.898713129995,0.13906000000000002,0.14095644189301781,0.009244849165799957,81.69011783376959,0.02410000000000001,0.1615651479490924,0.11655485205090763,0.015549999999999996,140758.192037193,-687862.9805664802,0.1528,0.1487,0.1356
2023-12-11,0.1606,0.1607,0.1436,0.1468,63971.53523551002,0.1406,0.14151297123653994,0.00856769738965052,66.99668419218517,0.01100000000000001,0.1605288207061244,0.1206711792938756,0.01605,108111.82638032902,-751834.5158019902,0.1597,0.1492,0.1358
2023-12-12,0.1487,0.1788,0.1472,0.1686,74652.13156921002,0.142595,0.14409268826163138,0.009678534167285396,74.61927608286972,0.029799999999999993,0.16530270562467403,0.11988729437532597,0.017735714285714282,88755.84377082251,-677182.3842327802,0.1468,0.1491,0.1388
2023-12-13,0.1686,0.1899,0.1528,0.1757,104620.82808780992,0.144565,0.1471029084271903,0.011004925084648481,74.65144429505423,0.038500000000000006,0.1714291239926923,0.11770087600730769,0.019328571428571428,90415.091567178,-572561.5561449702,0.1686,0.1532,0.1372
2023-12-14,0.1748,0.1819,0.1676,0.1746,81513.59438465002,0.146655,0.14972167905317216,0.01183095936646969,74.74617961362291,0.02210000000000001,0.17604998525079996,0.11726001474920006,0.018142857142857145,90699.54834609051,-654075.1505296202,0.1757,0.1528,0.1525
2023-12-15,0.1738,0.1742,0.16,0.1639,63989.72585469999,0.14816000000000001,0.15107199533382243,0.011489759553757639,65.73347233741754,0.015199999999999991,0.17786432539830574,0.11845567460169429,0.0174,89446.031977264,-718064.8763843202,0.1746,0.1597,0.1487
2023-12-16,0.1617,0.1718,0.158,0.1622,23075.888592739997,0.14986000000000002,0.15213180530202983,0.010955889032865762,63.29544447572475,0.013000000000000012,0.178631579544295,0.12108842045570503,0.01642142857142857,86102.83480542201,-741140.7649770603,0.1639,0.1468,0.1492
2023-12-17,0.1622,0.1747,0.1501,0.1563,175265.93073604006,0.15136500000000003,0.15252877622564603,0.00994211013135643,60.34668640461962,0.007199999999999984,0.17799480324847786,0.12473519675152218,0.017557142857142854,93522.11619502152,-916406.6957131003,0.1622,0.1686,0.1491
2023-12-18,0.1561,0.1777,0.1418,0.1581,189876.0006955401,0.15277999999999997,0.1530593689660607,0.009178126890089566,53.55328997784188,0.004899999999999988,0.1775259172602803,0.12803408273971964,0.018678571428571426,93454.31704524103,-726530.6950175602,0.1563,0.1757,0.1532
2023-12-19,0.158,0.1638,0.1534,0.1542,24692.099924029993,0.15365,0.15316800049310253,0.008163861887436535,53.485415097644974,0.0014000000000000123,0.1772262145972769,0.13007378540272313,0.018442857142857143,89855.13330021403,-751222.7949415902,0.1581,0.1746,0.1528
2023-12-20,0.1533,0.1637,0.1514,0.1584,55361.694920120026,0.15479,0.1536662861604261,0.007611214469420785,55.56899784544832,-0.0012999999999999956,0.17684733199498187,0.13273266800501815,0.018014285714285712,89120.7630942825,-695861.1000214701,0.1542,0.1639,0.1597
2023-12-21,0.1612,0.1807,0.1553,0.1647,55617.14600316002,0.15623499999999998,0.15471711604990934,0.0075940515649787765,58.78377451607159,0.0179,0.17678955129520896,0.135680448704791,0.019042857142857143,87044.40958407053,-640243.9540183101,0.1584,0.1622,0.1468
2023-12-22,0.1638,0.1663,0.1583,0.1641,29888.23528752,0.15750000000000003,0.15561072404515608,0.007446199923374086,56.38920528195926,-0.004500000000000004,0.17659918708658645,0.1384008129134136,0.0188,84269.87711253352,-670132.18930583,0.1647,0.1563,0.1686
2023-12-23,0.1654,0.1696,0.1583,0.1696,11085.81680306,0.15912,0.1569430360408555,0.007684248439186414,59.29202621583665,-0.006099999999999994,0.1763767728885306,0.14186322711146943,0.01905,79120.13743539152,-659046.37250277,0.1641,0.1581,0.1757
2023-12-24,0.1668,0.1807,0.166,0.1719,102817.7997557,0.16009,0.15836750879886927,0.007966658551905204,57.10954779098287,-0.002700000000000008,0.17795038250312414,0.14222961749687588,0.019335714285714286,78463.09714767753,-556228.57274707,0.1696,0.1542,0.1746
2023-12-25,0.1719,0.2361,0.1708,0.1754,124796.18624537005,0.16142499999999999,0.15998965081802458,0.008376332624634497,68.71726489474203,0.01150000000000001,0.17968763081296157,0.1431623691870384,0.02277857142857143,81721.07034993252,-431432.3865016999,0.1719,0.1584,0.1639
2023-12-26,0.1762,0.1817,0.1324,0.174,154351.49705089006,0.162665,0.16132396978773653,0.008490165093009566,54.82141486607484,0.011799999999999977,0.18079996477439172,0.14453003522560828,0.024042857142857144,84249.35183455702,-585783.8835525899,0.1754,0.1647,0.1622
2023-12-27,0.1749,0.1835,0.1675,0.1779,43641.36588986,0.164105,0.1629026393317616,0.008793705691303999,52.08331952336226,0.021600000000000008,0.18227837265573504,0.14593162734426496,0.02253571428571428,83222.77386231601,-542142.51766273,0.174,0.1641,0.1563
2023-12-28,0.1791,0.1851,0.1743,0.175,54523.92439434,0.16519499999999998,0.1640547689192129,0.008699971081115615,50.36628745186768,0.0169,0.18322894168315917,0.1471610583168408,0.02228571428571428,82645.12070687702,-596666.44205707,0.1779,0.1696,0.1581
2023-12-29,0.1737,0.1887,0.173,0.1856,49300.63386736002,0.166835,0.16610669568881167,0.009372968037258567,69.9082389226542,0.031399999999999983,0.18604982706004342,0.1476201729399566,0.02239285714285714,75972.89670053702,-547365.8081897099,0.175,0.1719,0.1542
2023-12-30,0.1846,0.195,0.1805,0.1862,28243.997879699993,0.16816,0.16802034371844865,0.009841293394136308,72.47189111223824,0.02779999999999999,0.18889759870380385,0.14742240129619616,0.022442857142857143,75564.30165886552,-519121.8103100099,0.1856,0.1754,0.1584
2023-12-31,0.1893,0.2156,0.185,0.1954,156562.02594975012,0.17059,0.17062793003097734,0.010829964107152895,84.47969695386668,0.030699999999999977,0.19216190180230822,0.14901809819769177,0.022871428571428574,80193.82619457753,-362559.7843602598,0.1862,0.174,0.1647
2024-01-01,0.1943,0.2118,0.1863,0.2065,57930.95235479,0.172485,0.17404431764707473,0.01236661255380514,86.66664828283214,0.04239999999999999,0.19933407329577899,0.145635926704221,0.02212857142857143,79357.76723385652,-304628.83200546977,0.1954,0.1779,0.1641
2024-01-02,0.2094,0.2215,0.1944,0.2119,87989.16657431005,0.174295,0.1776496207283057,0.013860377240683813,92.74072150562807,0.042300000000000004,0.20641919812638387,0.14217080187361614,0.023321428571428573,78526.18415818152,-216639.66543115972,0.2065,0.175,0.1696
2024-01-03,0.2155,0.29,0.2111,0.2633,602812.9871105407,0.17873,0.1858067997065623,0.01897302670281828,95.72797436624546,0.09139999999999998,0.22988557694554512,0.12757442305445488,0.02807857142857143,104591.15379447606,386173.321679381,0.2119,0.1856,0.1719
2024-01-04,0.2629,0.2935,0.2464,0.2563,441332.6440804003,0.18334999999999999,0.19252043782974684,0.02220404350429972,89.68803071375707,0.08089999999999997,0.24456666439785824,0.12213333560214172,0.029628571428571424,123458.29970576109,-55159.32240101928,0.2633,0.1862,0.1754
2024-01-05,0.2592,0.2658,0.2227,0.2307,376327.8290066597,0.18677499999999997,0.1961565866078662,0.022440268581524314,73.71794136715684,0.0567,0.2506179281415273,0.12293207185847267,0.03213571428571428,141120.89672645705,-431487.15140767896,0.2563,0.1954,0.174
2024-01-06,0.2295,0.2493,0.2151,0.2278,113242.71269118,0.19035,0.19917024502616465,0.02213827701159901,71.1175544583036,0.0499,0.2550099689061739,0.1256900310938261,0.03377142857142857,138019.73582421406,-544729.864098859,0.2307,0.2065,0.1779
2024-01-07,0.2282,0.2499,0.2228,0.2228,118087.28148865,0.193585,0.20142069788081562,0.021250526170484063,68.11387221641131,0.04780000000000001,0.25792450329471417,0.12924549670528584,0.03465714285714285,134430.29986386953,-662817.145587509,0.2278,0.2119,0.175
2024-01-08,0.2217,0.2444,0.202,0.2444,173249.04003652005,0.198095,0.20551396474930939,0.022035897434227403,71.75283099281441,0.05880000000000002,0.2634477263555643,0.1327422736444357,0.03302142857142857,141858.14686949406,-489568.105550989,0.2228,0.2633,0.1856
2024-01-09,0.2393,0.2856,0.2384,0.2587,535979.8039952607,0.20310999999999998,0.21057930143985135,0.023540834233282598,74.69387145356151,0.07249999999999998,0.2709820436983408,0.13523795630165922,0.032871428571428565,165889.0523232511,46411.69844427175,0.2444,0.2563,0.1862
2024-01-10,0.2596,0.296,0.2596,0.2794,303782.1277688899,0.208845,0.21713365368367502,0.026102923585246518,76.95166714113999,0.08399999999999999,0.28221278225954644,0.13547721774045357,0.034328571428571424,178297.3014115376,350193.82621316164,0.2587,0.2307,0.1954
2024-01-11,0.2782,0.2938,0.2679,0.275,186155.4753047201,0.21439,0.22264473428522977,0.027461792574127203,76.34351386296528,0.06850000000000003,0.2902400987058304,0.1385399012941696,0.03540714285714285,186110.66341239758,164038.35090844153,0.2794,0.2278,0.2065
2024-01-12,0.275,0.2815,0.2499,0.2572,192264.32879763996,0.21877,0.22593571197235074,0.02679353737951254,68.17258398773515,0.04529999999999998,0.29384293576389914,0.14369706423610085,0.036542857142857134,195169.58901212658,-28225.97788919843,0.275,0.2228,0.2119
2024-01-13,0.2573,0.261,0.2487,0.2567,66788.22567674996,0.22300999999999999,0.22886564416546018,0.02592475011640369,67.90248374487165,-0.006599999999999995,0.29649910123276785,0.14952089876723212,0.03638571428571428,193368.1103081791,-95014.2035659484,0.2572,0.2444,0.2633
2024-01-14,0.2546,0.2546,0.2384,0.2426,39431.87746955999,0.22637000000000002,0.23017367805446398,0.02382385248524077,61.694742994418235,-0.013699999999999962,0.29677386054008237,0.15596613945991766,0.035357142857142844,189099.89486938858,-134446.0810355084,0.2567,0.2587,0.2563
2024-01-15,0.2438,0.2628,0.2391,0.2489,240480.56977347017,0.230115,0.2319571372873722,0.022408916727723188,60.76141700172672,0.01820000000000002,0.2966516151670998,0.1635783848329002,0.03522857142857142,193406.3485055176,106034.48873796177,0.2426,0.2794,0.2307
2024-01-16,0.2482,0.2561,0.2475,0.2538,83060.68339526,0.23391,0.23403740992667008,0.021435859343177266,60.661573286198355,0.026000000000000023,0.29644480378325755,0.17137519621674246,0.033907142857142844,195377.3143807876,189095.17213322176,0.2489,0.275,0.2278
2024-01-17,0.2537,0.2642,0.2511,0.2597,67030.98409276998,0.23814499999999997,0.23648146612413007,0.020899863972053928,48.80794249462785,0.03689999999999999,0.29510553943416945,0.18118446056583049,0.029207142857142848,196002.6673657091,256126.15622599173,0.2538,0.2572,0.2228
2024-01-18,0.2614,0.2666,0.242,0.2471,284670.64507168985,0.24122,0.23749275506468912,0.019236622090375827,47.062575613818275,0.00269999999999998,0.29260398685644345,0.18983601314355653,0.027599999999999993,207771.16792592558,-28544.488845698128,0.2597,0.2567,0.2444
2024-01-19,0.246,0.2544,0.2228,0.2321,250185.16834627,0.243515,0.23697915934424255,0.01651771129605692,50.4794472142996,-0.026599999999999985,0.288217821057807,0.198812178942193,0.026778571428571426,218868.22644925406,-278729.6571919681,0.2471,0.2426,0.2587
2024-01-20,0.2341,0.259,0.228,0.2485,77786.36897767999,0.24617,0.23807638226383848,0.01550753568242258,56.489023254881964,-0.030899999999999983,0.2847253382200592,0.2076146617799408,0.026549999999999994,214929.4436006506,-200943.28821428813,0.2321,0.2489,0.2794
2024-01-21,0.2471,0.2643,0.211,0.2539,68309.28972615,0.24853999999999998,0.23958339347680624,0.014970132434134809,59.72482278832071,-0.021100000000000008,0.2823650856769444,0.2147149143230556,0.028421428571428566,215448.36046921858,-132633.99848813814,0.2485,0.2538,0.275
2024-01-22,0.2527,0.2597,0.2308,0.2308,107875.97841752996,0.249485,0.2387468798123485,0.01253575626871234,45.786860960247495,-0.02639999999999998,0.27988238735310544,0.21908761264689458,0.02745714285714285,216442.70106137957,-240509.9769056681,0.2539,0.2597,0.2572
2024-01-23,0.2302,0.2417,0.2131,0.2417,78655.68894411999,0.248405,0.2390281293540296,0.011355139054258445,44.62024921086399,-0.014999999999999986,0.2782658333510813,0.21854416664891865,0.026128571428571418,190234.8361530585,-161854.2879615481,0.2308,0.2471,0.2567
2024-01-24,0.2364,0.2485,0.2323,0.2427,180448.61626639,0.24772500000000003,0.23937783132031248,0.010380522796538671,36.73173887025058,9.999999999998899e-05,0.2774479222194447,0.2180020777805554,0.024685714285714276,177190.634762358,18594.32830484188,0.2417,0.2321,0.2426
2024-01-25,0.2415,0.255,0.2343,0.2474,325622.97912816,0.24855999999999998,0.24014184738504463,0.009873566593593064,40.043285998513674,-0.0015000000000000013,0.27718721561179516,0.21993278438820482,0.024314285714285705,174655.39226843306,344217.3074330019,0.2427,0.2485,0.2489
2024-01-26,0.2475,0.2872,0.2474,0.2738,82635.98989556002,0.25085999999999997,0.2433473857293261,0.011469841365692623,55.63858166480881,0.019999999999999962,0.2798536036503153,0.22186639634968466,0.024899999999999995,173125.056128652,426853.2973285619,0.2474,0.2539,0.2538
2024-01-27,0.275,0.284,0.2716,0.2736,56170.39662950999,0.25339999999999996,0.2462285870884379,0.012573819125556968,55.75220707603202,0.013900000000000023,0.28090578886439416,0.2258942111356058,0.02490714285714285,170029.21188569505,370682.9006990519,0.2738,0.2308,0.2597
2024-01-28,0.2712,0.2849,0.258,0.2612,51909.81790197002,0.25424,0.2476544359371581,0.012306294156840897,56.40495323919183,0.014100000000000001,0.28161431758341926,0.2268656824165808,0.025671428571428564,163962.25077896751,318773.0827970819,0.2736,0.2417,0.2471
2024-01-29,0.2612,0.2702,0.2481,0.2639,48114.25563830999,0.2545,0.2492016325145716,0.01217183668565408,55.29660470231309,0.03180000000000002,0.2821500690015319,0.22684993099846812,0.02555714285714285,139568.97336112,366887.3384353919,0.2612,0.2427,0.2321
2024-01-30,0.2627,0.2661,0.2521,0.2554,28137.5245882,0.25329999999999997,0.24979195322746955,0.011249719661439506,50.550959313268386,0.006900000000000017,0.2783620283129258,0.2282379716870742,0.025942857142857136,125786.74320208549,338749.81384719186,0.2639,0.2474,0.2485
2024-01-31,0.2532,0.2609,0.2413,0.2496,21640.48549253,0.25203,0.24977367196771055,0.009936383444690389,46.51963713800882,-0.004300000000000026,0.2749442199012798,0.22911578009872013,0.026407142857142855,117560.99371147601,317109.3283546619,0.2554,0.2738,0.2539
2024-02-01,0.2418,0.2536,0.2386,0.246,37251.177834860006,0.25146999999999997,0.24941427463745242,0.008507001776706158,49.595880276691226,0.015199999999999991,0.2743996498469833,0.22854035015301669,0.025721428571428565,109810.336163337,279858.1505198019,0.2496,0.2736,0.2308
2024-02-02,0.2462,0.2633,0.2443,0.2624,148766.60893256,0.251755,0.25065101038626647,0.00859843173170216,61.01817560542212,0.020700000000000024,0.2750963547615656,0.2284136452384344,0.024821428571428567,113909.25532612749,428624.75945236185,0.246,0.2612,0.2417
2024-02-03,0.2606,0.2726,0.2542,0.2656,277512.21079228993,0.252905,0.25207472368281253,0.008827347650798206,56.878513304109525,0.022900000000000004,0.2766106932979578,0.2291993067020422,0.02392142857142857,125813.271992264,706136.9702446518,0.2624,0.2639,0.2427
2024-02-04,0.2659,0.2744,0.2607,0.2657,28343.114895019993,0.253745,0.2533723690463542,0.008914078377433104,54.957976727632975,0.018299999999999983,0.27803651682118025,0.22945348317881975,0.02109285714285714,115206.39924834148,734480.0851396718,0.2656,0.2554,0.2474
2024-02-05,0.2646,0.2771,0.2637,0.2733,80011.81000345999,0.25472,0.25527023866098714,0.009486712539664321,70.5313914257055,-0.0005000000000000004,0.280538198396113,0.228901801603887,0.019985714285714284,115053.95557875147,814491.8951431318,0.2657,0.2496,0.2738
2024-02-06,0.2723,0.3856,0.2721,0.3286,803687.8637023993,0.25816500000000003,0.26225402545517884,0.014238642014714309,79.37795056598168,0.05499999999999999,0.3001232386364548,0.21620676136354527,0.02605,151886.79955923295,1618179.7588455311,0.2733,0.246,0.2736
2024-02-07,0.3306,0.3509,0.2485,0.2984,387400.29819208995,0.26073,0.2656964992213523,0.01539028356214256,65.72557357335951,0.03720000000000001,0.30598293128045617,0.21547706871954386,0.03220714285714286,157023.28221525296,1230779.4606534413,0.3286,0.2624,0.2612
2024-02-08,0.3081,0.3406,0.3052,0.3204,156947.30568820995,0.265145,0.27090635643836636,0.01787216443854983,68.77571521162544,0.056499999999999995,0.31557091125915127,0.21471908874084877,0.03325714285714286,152361.38908234995,1387726.7663416513,0.2984,0.2656,0.2639
2024-02-09,0.32,0.368,0.3145,0.3282,390108.2973759499,0.26913,0.2763628939204267,0.020235208731586907,65.47212220358526,0.07279999999999998,0.3261792714100808,0.21208072858991917,0.034235714285714286,167977.48550226347,1777835.0637176014,0.3204,0.2657,0.2554
2024-02-10,0.3321,0.3668,0.2902,0.3344,352998.99851237965,0.273155,0.28189023735657653,0.02235058285727126,66.72166702913454,0.08479999999999999,0.33667234035927357,0.2096376596407264,0.03882142857142857,182211.97094157492,2130834.062229981,0.3282,0.2733,0.2496
2024-02-11,0.3364,0.372,0.3272,0.3504,386286.36949724023,0.279135,0.2884149766559502,0.025029572862199312,74.05608933772788,0.10439999999999999,0.3481449695314877,0.21012503046851233,0.040100000000000004,196132.49049556046,2517120.4317272212,0.3344,0.3286,0.246
2024-02-12,0.3505,0.369,0.3436,0.3512,249311.8143596001,0.28461,0.2943945026887168,0.02690707700482331,73.78746031049349,0.08879999999999999,0.3583288942430709,0.21089110575692904,0.04033571428571429,204665.29676633445,2766432.2460868214,0.3504,0.2984,0.2624
2024-02-13,0.3519,0.3794,0.3427,0.3744,187166.1592105099,0.291195,0.30201407386122,0.02992213471350641,80.02017598242954,0.10880000000000001,0.37230870771298397,0.210081292287016,0.04195714285714285,205001.17391354044,2953598.4052973315,0.3512,0.3204,0.2656
2024-02-14,0.3763,0.4144,0.3405,0.3535,260987.4411487201,0.2965,0.30691749539824664,0.030276130122507572,74.35536314592083,0.08779999999999999,0.379411950760716,0.21358804923928396,0.04583571428571428,201769.39701456844,2692610.9641486113,0.3744,0.3282,0.2657
2024-02-15,0.3523,0.4655,0.3503,0.434,900963.542289778,0.30451,0.3190205910746041,0.03663010162847308,82.39145019476118,0.1607,0.4068624540111535,0.20215754598884647,0.05299285714285714,242685.77463427937,3593574.5064383894,0.3535,0.3344,0.2733
2024-02-16,0.4316,0.4981,0.4202,0.4569,615470.3365025611,0.31367500000000004,0.33215196335321323,0.04301762782928148,82.77721213723973,0.12829999999999997,0.43537217161441105,0.19197782838558902,0.057199999999999994,270650.771627932,4209044.842940951,0.434,0.3504,0.3286
2024-02-17,0.4568,0.4814,0.4434,0.4703,199617.6199996003,0.32413,0.34530891922433576,0.04860081631597829,83.3496214829107,0.1719,0.4617336122536876,0.1865263877463124,0.05859999999999999,278036.1617328134,4408662.462940551,0.4569,0.3512,0.2984
2024-02-18,0.4703,0.54,0.4628,0.4784,445334.4928636504,0.334855,0.3579842602505895,0.053067407618976215,83.77262250613936,0.15799999999999997,0.4855105146858661,0.18419948531413394,0.06313571428571428,297897.17359408044,4853996.955804202,0.4703,0.3744,0.3204
2024-02-19,0.4786,0.5145,0.4241,0.4372,697379.5856736104,0.34394500000000006,0.3655286164172,0.052675507492687734,73.51506160915103,0.10899999999999999,0.4963433626794215,0.1915466373205786,0.06863571428571429,331359.27664835093,4156617.370130591,0.4784,0.3535,0.3282
2024-02-20,0.4418,0.4456,0.3998,0.4094,408443.7333456309,0.351935,0.36970684342508575,0.04955050887161083,62.5856670523385,0.07500000000000001,0.5002068452885213,0.2036631547114786,0.0638,350699.43904100603,3748173.63678496,0.4372,0.434,0.3344
2024-02-21,0.411,0.4241,0.38,0.4225,527351.8771451608,0.36075999999999997,0.3747347630988871,0.04758248414298222,70.41789738120906,0.0721,0.503386599718876,0.21813340028112396,0.059635714285714285,375204.47400652105,4275525.5139301205,0.4094,0.4569,0.3504
2024-02-22,0.4194,0.4279,0.4028,0.4053,216764.11037583047,0.36790500000000004,0.3776457380418502,0.04412625419622368,64.1925747285321,0.05409999999999998,0.5039500772818761,0.23185992271812392,0.0589,378604.3490786846,4058761.40355429,0.4225,0.4703,0.3512
2024-02-23,0.4052,0.4124,0.3881,0.404,147612.56281463007,0.374825,0.3801556677521502,0.040811814734384944,62.95283362494986,0.029600000000000015,0.5027995513353095,0.24685044866469055,0.05681428571428571,372109.36667980155,3911148.84073966,0.4053,0.4784,0.3744
2024-02-24,0.4038,0.4271,0.39,0.4207,90510.19546764,0.382575,0.3840170327281359,0.039082133440637046,64.23622270106527,0.06720000000000004,0.5011525850833984,0.2639974149166015,0.053992857142857134,375217.72070843255,4001659.0362073,0.404,0.4372,0.3535
2024-02-25,0.4199,0.4439,0.41,0.4379,109987.85093408996,0.39080499999999996,0.38914874389688486,0.038653669304412164,64.37725632178248,0.0039000000000000146,0.49991935768326573,0.2816906423167342,0.05321428571428571,376716.52275496407,4111646.8871413902,0.4207,0.4094,0.434
2024-02-26,0.4344,0.4595,0.4143,0.429,245367.559767,0.395825,0.3929441016209911,0.03716750889018272,62.45198183633884,-0.02789999999999998,0.5020904248865353,0.2895595751134647,0.05462857142857142,348800.5075581941,3866279.3273743903,0.4379,0.4225,0.4569
2024-02-27,0.4309,0.458,0.4251,0.4306,233264.76446383,0.402435,0.39653037765708715,0.03570721216111544,59.662995752125376,-0.03970000000000001,0.499206511140527,0.305663488859473,0.05435714285714286,341093.7308717811,4099544.09183822,0.429,0.4053,0.4703
2024-02-28,0.4282,0.4366,0.3829,0.4055,563565.5454109387,0.40668999999999994,0.39738462740403124,0.03215390610707486,58.813556530882074,-0.07289999999999996,0.49542378043041874,0.31795621956958114,0.05291428571428571,361424.6428579175,3535978.5464272816,0.4306,0.404,0.4784
2024-02-29,0.4047,0.4214,0.3877,0.3985,153656.21513072003,0.41020500000000004,0.39749085336555207,0.028445146041113367,41.98645332817,-0.03869999999999996,0.4910678331773861,0.32934216682261397,0.047092857142857145,349602.038745656,3382322.3312965618,0.4055,0.4207,0.4372
2024-03-01,0.3982,0.4109,0.397,0.4055,83064.73758906995,0.41376,0.3982536292354995,0.02577366567531847,37.499997446498234,-0.003899999999999959,0.4864268939317231,0.3410931060682769,0.042521428571428564,336105.32569949055,3465387.068885632,0.3985,0.4379,0.4094
2024-03-02,0.4053,0.4102,0.3826,0.4081,196845.50620174015,0.41664500000000004,0.3991913788321186,0.023594315915953068,34.03490515149552,-0.014399999999999968,0.4830303970943047,0.3502596029056954,0.041778571428571436,326633.2825347156,3662232.575087372,0.4055,0.429,0.4225
2024-03-03,0.4086,0.4159,0.3786,0.3881,166365.23576588987,0.41849,0.3981350570385835,0.020022525508098965,28.156747004380932,-0.017199999999999993,0.47900887569832706,0.3579711243016729,0.03892857142857143,322485.9536050301,3495867.3393214825,0.4081,0.4306,0.4053
2024-03-04,0.388,0.4047,0.3646,0.3864,215424.0865339999,0.41909,0.3970174325587184,0.016860324758655287,34.8086095255949,-0.017600000000000005,0.47798451408640513,0.3601954859135949,0.03533571428571429,323898.8499712046,3280443.2527874825,0.3881,0.4055,0.404
2024-03-05,0.3849,0.4215,0.3023,0.3451,407754.0157757208,0.41867,0.3920729151721738,0.010896089774604656,32.20807719472562,-0.0756,0.4796179881797421,0.35772201182025787,0.04057857142857142,331237.1787025546,2872689.2370117614,0.3864,0.3985,0.4207
2024-03-06,0.345,0.3685,0.3108,0.357,235112.12871712985,0.41482,0.38873263753672865,0.0070483718649735905,31.75487217510745,-0.08090000000000003,0.4811784397519704,0.34846156024802966,0.04155,297944.6080239222,3107801.3657288915,0.3451,0.4055,0.4379
2024-03-07,0.3617,0.3711,0.3504,0.3665,119379.58485425996,0.4103,0.38661524348561166,0.004711289478918079,38.70779661286873,-0.0625,0.4769046307857446,0.3436953692142554,0.041235714285714285,273140.07044150715,3227180.9505831515,0.357,0.4081,0.429
2024-03-08,0.3665,0.3687,0.3237,0.3607,305285.9107523188,0.40482000000000007,0.38414712505841053,0.0023638740626229504,37.7197928072768,-0.06989999999999996,0.46861472342476457,0.34102527657523557,0.04271428571428572,278423.4849791431,2921895.0398308327,0.3665,0.3881,0.4306
2024-03-09,0.3621,0.4487,0.3579,0.4248,376904.34580257995,0.40214,0.3880188274338,0.005611182424551164,50.91640271421709,0.019299999999999984,0.4567639353744269,0.3475160646255731,0.04655,275001.97762608953,3298799.3856334127,0.3607,0.3864,0.4055
2024-03-10,0.4238,0.4625,0.4105,0.4193,306538.0144778703,0.401245,0.39099798672581904,0.007652678355980158,45.613204534977065,0.020799999999999985,0.4540049718686339,0.3484850281313661,0.047842857142857145,255459.89906630252,2992261.3711555423,0.4248,0.3451,0.3985
2024-03-11,0.4207,0.4503,0.4,0.4262,146589.47297425,0.402085,0.3943505594185982,0.009715358312784472,49.33333004444467,0.020699999999999996,0.4559157396040207,0.34825426039597934,0.04820714285714285,242367.18604773347,3138850.8441297924,0.4193,0.357,0.4055
2024-03-12,0.4249,0.4497,0.3975,0.4453,294499.43324732035,0.40322500000000006,0.39920288709301743,0.012744348477316425,53.23076595502979,0.037199999999999955,0.45977321417441835,0.34667678582558176,0.04958571428571428,230724.56385284144,3433350.277377113,0.4262,0.3665,0.4081
2024-03-13,0.4446,0.4796,0.4353,0.4501,321588.06153458974,0.40546499999999996,0.4040502311793967,0.015355160156779069,60.76254415697095,0.062,0.4657829042983711,0.3451470957016288,0.04891428571428571,235965.7614107794,3754938.3389117024,0.4453,0.3607,0.3881
2024-03-14,0.4494,0.4806,0.397,0.4187,258943.7100061798,0.4062,0.4054454472575494,0.014720837025133604,54.360963898732756,0.032299999999999995,0.46680033003210536,0.34559966996789465,0.05247857142857143,241532.31877035688,3495994.6289055226,0.4501,0.4248,0.3864
2024-03-15,0.4205,0.4277,0.3676,0.4072,278798.25966566044,0.405525,0.40561254751873516,0.013138722477951392,50.360013955780616,0.06209999999999999,0.46574483848673554,0.3453051615132645,0.055778571428571434,250946.72198025795,3217196.369239862,0.4187,0.4193,0.3451
2024-03-16,0.4083,0.4211,0.3318,0.36,395618.09037421976,0.40163000000000004,0.4012684953740937,0.007984202883060287,41.432131884396696,0.0030000000000000027,0.46309715340219126,0.3401628465978088,0.06018571428571429,265228.2339522644,2821578.2788656424,0.4072,0.4262,0.357
2024-03-17,0.36,0.3863,0.3461,0.3801,316462.4580559201,0.399185,0.39925244819560857,0.005458192327558176,48.57549615364336,0.013600000000000001,0.45995439239972435,0.33841560760027567,0.060392857142857144,268782.97886671044,3138040.7369215623,0.36,0.4453,0.3665
2024-03-18,0.3801,0.3893,0.3563,0.361,186700.85742704003,0.395705,0.3956093578912649,0.001893275895494706,45.741111199277135,0.00029999999999996696,0.45686974646825906,0.3345402535317409,0.05988571428571428,266454.7835148709,2951339.879494522,0.3801,0.4501,0.3607
2024-03-19,0.3643,0.3643,0.3065,0.3183,295330.7575462099,0.391345,0.3882465619016206,-0.004327593373045724,45.52736769898816,-0.10649999999999998,0.4613611627956836,0.3213288372043164,0.0555,253043.0441216345,2656009.1219483125,0.361,0.4187,0.4248
2024-03-20,0.3266,0.3831,0.3181,0.3799,269217.0615556,0.39041500000000007,0.3874516512443234,-0.004238216413713691,53.27798240511952,-0.03939999999999999,0.4605250570907146,0.3203049429092855,0.05602142857142857,258821.08644287847,2925226.1835039128,0.3183,0.4072,0.4193
2024-03-21,0.3782,0.4414,0.3654,0.4092,244296.20103927015,0.3906,0.38952292255438786,-0.0017825710457350374,55.78433817127951,-0.017000000000000015,0.4608969341249568,0.3203030658750432,0.05997142857142857,266882.6596153885,3169522.384543183,0.3799,0.36,0.4262
2024-03-22,0.4119,0.4289,0.3976,0.4069,129003.13245266004,0.39054,0.39117788231111283,-2.17939496716113e-05,56.31837858737062,-0.03839999999999999,0.46077606510978075,0.32030393489021924,0.05899285714285714,263490.5409279345,3040519.2520905226,0.4092,0.3801,0.4453
2024-03-23,0.4075,0.4422,0.3976,0.4291,96704.48574833,0.39259,0.3947895125671973,0.0031289207902742144,50.664193051286055,-0.02100000000000002,0.4648892582039553,0.32029074179604466,0.05569285714285714,260007.5034270565,3137223.7378388527,0.4069,0.361,0.4501
2024-03-24,0.4302,0.4462,0.4209,0.4437,99717.44489138006,0.395455,0.3994476542274642,0.006726444631152406,53.665863127037,0.024999999999999967,0.47118147385231507,0.31972852614768493,0.05378571428571428,254222.1713449255,3236941.182730233,0.4291,0.3183,0.4187
2024-03-25,0.4436,0.5661,0.4383,0.4882,692956.005901869,0.40261,0.40790025858675333,0.013018220333967545,58.3693282473796,0.08100000000000002,0.4850478528283425,0.32017214717165754,0.059321428571428574,268482.2708512329,3929897.1886321018,0.4437,0.3799,0.4072
2024-03-26,0.4901,0.5168,0.4517,0.4714,220202.21932376965,0.40833,0.41394785300706255,0.016459147510262784,53.54523023734522,0.1114,0.49328004352404375,0.3233799564759563,0.06024285714285715,267736.7753815649,3709694.969308332,0.4882,0.4092,0.36
2024-03-27,0.4685,0.4969,0.4657,0.4698,218294.5482928303,0.413495,0.419267105101628,0.01883982666561601,52.69936766842657,0.0897,0.5002780804513856,0.32671191954861445,0.05930714285714286,272682.5235534934,3491400.421015502,0.4714,0.4069,0.3801
2024-03-28,0.4744,0.4915,0.44,0.4801,105822.88170417992,0.41946500000000003,0.4250607141395682,0.021311984670995487,58.929607838817596,0.11910000000000004,0.5073761818526911,0.33155381814730894,0.05701428571428572,262709.37210108654,3597223.302719682,0.4698,0.4291,0.361
2024-03-29,0.4744,0.4818,0.4541,0.4606,46289.18894595002,0.42125500000000005,0.42844540803103787,0.021450433430627247,57.58953721929073,0.14229999999999998,0.5110610242968148,0.3314489757031853,0.054700000000000006,246178.61425825502,3550934.113773732,0.4801,0.4437,0.3183
2024-03-30,0.4599,0.4712,0.4376,0.4378,90909.30683143008,0.42218,0.4293363215518914,0.01949565188419594,61.881487885336504,0.05790000000000001,0.5122818511405145,0.33207814885948544,0.05072142857142858,235397.178875933,3460024.806942302,0.4606,0.4882,0.3799
2024-03-31,0.44,0.4518,0.4282,0.4432,329707.1775481302,0.4230300000000001,0.43065667188028267,0.018172724438961618,60.089540002387075,0.033999999999999975,0.513611004166379,0.3324489958336212,0.04953571428571429,244553.06410462697,3789731.984490432,0.4378,0.4714,0.4092
2024-04-01,0.4432,0.4514,0.4,0.4074,72537.76702550001,0.42113500000000004,0.4284417507488272,0.014073305799577496,57.04310625803434,0.0005000000000000004,0.5113393125354885,0.3309306874645116,0.050850000000000006,233454.980793536,3717194.217464932,0.4432,0.4698,0.4069
2024-04-02,0.4078,0.4085,0.3654,0.3921,122856.23657009004,0.41823499999999997,0.42498063162989125,0.009480618198693946,62.21854016205442,-0.03699999999999998,0.5082475669588774,0.32822243304112253,0.049800000000000004,223518.389545311,3594337.9808948417,0.4074,0.4801,0.4291
2024-04-03,0.3916,0.4179,0.3799,0.3934,62613.06068193,0.41696999999999995,0.42197295242704447,0.005878021152824764,52.79271518784438,-0.050299999999999956,0.5076635870767178,0.3262764129232822,0.04787142857142857,213701.85707909852,3656951.0415767715,0.3921,0.4606,0.4437
2024-04-04,0.3952,0.4175,0.3861,0.4075,92749.21501528998,0.41698500000000005,0.42059457600542116,0.004113273936078521,49.624720994498475,-0.08070000000000005,0.507671882356706,0.3262981176432941,0.04468571428571428,204399.40484657994,3749700.2565920614,0.3934,0.4378,0.4882
2024-04-05,0.4056,0.4457,0.3804,0.4142,156792.4070409501,0.41969500000000004,0.41998556876680965,0.0032182352445513374,51.58076776903097,-0.05719999999999997,0.5063620695672151,0.33302793043278495,0.04711428571428571,192458.12067991646,3906492.6636330113,0.4075,0.4432,0.4714
2024-04-06,0.4107,0.4362,0.4063,0.4197,62263.62321531002,0.4216749999999999,0.4199583717413992,0.0029190654968649365,47.80578585769842,-0.05009999999999998,0.5063190690246676,0.3370309309753322,0.04606428571428571,179748.17893788597,3968756.286848321,0.4142,0.4074,0.4698
2024-04-07,0.4209,0.4609,0.4209,0.4459,66116.69334279998,0.42591999999999997,0.4224290030041231,0.004741436027093038,50.487153645614924,-0.03420000000000001,0.5061524675060248,0.3456875324939751,0.04711428571428571,173718.97073367395,4034872.980191121,0.4197,0.3921,0.4801
2024-04-08,0.4459,0.4793,0.4339,0.4694,33790.01289585,0.43347499999999994,0.4269024312894447,0.007989829618601896,45.410153145790304,0.008799999999999975,0.49794664615468404,0.36900335384531585,0.04122857142857143,160641.933501156,4068662.993086971,0.4459,0.3934,0.4606
2024-04-09,0.4733,0.4806,0.3976,0.4022,110498.92595339003,0.43459000000000003,0.4245498187856881,0.005083131390669848,36.44200427042296,-0.03560000000000002,0.4958518160460757,0.37332818395392436,0.04250714285714285,152706.02672104546,3958164.067133581,0.4694,0.4075,0.4378
2024-04-10,0.3976,0.4058,0.3654,0.394,98655.69107530004,0.43383000000000005,0.4216403122346702,0.0020937452427660652,35.523298329540964,-0.049199999999999966,0.49677214887706983,0.37088785112293027,0.043164285714285704,145424.00122284697,3859508.376058281,0.4022,0.4142,0.4432
2024-04-11,0.3979,0.41,0.3866,0.3915,32383.54550254,0.43306000000000006,0.4187698063075587,-0.0004716569553601113,32.559053323516736,-0.01589999999999997,0.49774203687838614,0.36837796312161397,0.041157142857142844,140593.02187534096,3827124.8305557407,0.394,0.4197,0.4074
2024-04-12,0.3913,0.403,0.3085,0.3425,160816.03266153,0.42873,0.4115060152306484,-0.006385044348560687,29.17107439719561,-0.04959999999999998,0.5050718103007786,0.35238818969922137,0.045928571428571416,143798.59922100097,3666308.7978942106,0.3915,0.4459,0.3921
2024-04-13,0.3331,0.3628,0.247,0.3261,148696.86781852995,0.42285000000000006,0.4033721090182057,-0.012253538238019557,29.844819856270377,-0.06730000000000003,0.5114658712171755,0.3342341287828246,0.05179999999999999,146247.57036735845,3517611.930075681,0.3425,0.4694,0.3934
2024-04-14,0.3121,0.3402,0.306,0.3397,30572.464141940003,0.41542500000000004,0.3973080986355194,-0.01562681934061,31.86119717470467,-0.06779999999999997,0.5058524731192735,0.32499752688072653,0.05255714285714285,113128.39327936203,3548184.394217621,0.3261,0.4022,0.4075
2024-04-15,0.335,0.3595,0.3057,0.3185,65719.64051492995,0.40778,0.3898025654321366,-0.019782788073561652,33.57960668594572,-0.09570000000000001,0.5039527524602971,0.31160724753970287,0.052728571428571416,105404.26433892004,3482464.7537026913,0.3397,0.394,0.4142
2024-04-16,0.3101,0.3162,0.2898,0.309,26310.527961049993,0.39974,0.3821070830100283,-0.023571278811480578,34.31483397354596,-0.11070000000000002,0.5008411666339067,0.2986388333660933,0.051535714285714275,95805.06332233103,3456154.225741641,0.3185,0.3915,0.4197
2024-04-17,0.3036,0.312,0.283,0.3015,47323.41313342002,0.39081,0.3744302179614542,-0.02686914159634546,33.05053315120816,-0.14440000000000003,0.4935619629726702,0.2880580370273298,0.050892857142857136,92880.08989379302,3408830.812608221,0.309,0.3425,0.4459
2024-04-18,0.301,0.3077,0.2901,0.3028,14487.8879776,0.38292000000000004,0.3676082924413157,-0.029043032477991504,29.7328671457215,-0.16659999999999997,0.4873285215316318,0.27851147846836827,0.04990714285714285,91290.02484537552,3423318.700585821,0.3015,0.3261,0.4694
2024-04-19,0.3006,0.3176,0.2719,0.3072,44821.25135430001,0.37639,0.36185512173261897,-0.030064251459780422,29.101560908508375,-0.09500000000000003,0.4826660041243166,0.2701139958756834,0.04850714285714286,88985.62207151901,3468139.951940121,0.3028,0.3397,0.4022
2024-04-20,0.3054,0.3365,0.3026,0.3265,10955.4018577,0.370555,0.35848796728189336,-0.028982138110739075,32.72794492886868,-0.0675,0.4741674250829945,0.26694257491700557,0.048792857142857145,73048.0332869975,3479095.3537978213,0.3072,0.3185,0.394
2024-04-21,0.3255,0.3319,0.3099,0.3176,14267.78984667,0.366065,0.3545938751598083,-0.028514019240120314,24.594058042309655,-0.07390000000000002,0.47073215716725036,0.2613978428327496,0.04750714285714285,70134.53442805601,3464827.5639511514,0.3265,0.309,0.3915
2024-04-22,0.3177,0.45,0.3174,0.3338,432983.4660562896,0.36315,0.3526135060969694,-0.026530005661376532,22.3491014971965,-0.008700000000000041,0.46801134203142636,0.2582886579685736,0.05373571428571428,85640.89590236598,3897811.030007441,0.3176,0.3015,0.3425
2024-04-23,0.3352,0.3372,0.3224,0.3276,71042.95660163998,0.35986,0.3502312674210675,-0.02516782971580911,29.750269182932854,0.0015000000000000013,0.464854022887522,0.25486597711247805,0.04886428571428571,86062.39069835149,3826768.0734058013,0.3338,0.3028,0.3261
2024-04-24,0.3292,0.3419,0.3062,0.3141,54387.76751158996,0.35519,0.3467901943333468,-0.024890708051766297,28.91820366831213,-0.02560000000000001,0.4595688827200932,0.2508111172799068,0.04852857142857142,84144.31832316649,3772380.3058942114,0.3276,0.3072,0.3397
2024-04-25,0.3145,0.3279,0.2923,0.3187,61547.20081444998,0.35041500000000003,0.3441149377301709,-0.02402298357949001,31.00208541738415,0.00019999999999997797,0.4521311639072191,0.24869883609278098,0.0494,79382.05801184147,3833927.5067086616,0.3141,0.3265,0.3185
2024-04-26,0.3174,0.3185,0.3081,0.3102,3863.269506810002,0.34493999999999997,0.34088494366063077,-0.023747438951866595,39.31171045424256,0.0011999999999999789,0.4426632052385999,0.24721679476140002,0.043392857142857136,76462.04032641646,3830064.2372018513,0.3187,0.3176,0.309
2024-04-27,0.3081,0.3184,0.2963,0.3128,8138.49909855,0.338285,0.33821018712152306,-0.023053522916590297,45.15658680122204,0.011300000000000032,0.4245110743321713,0.2520589256678287,0.036699999999999997,73563.13061420397,3838202.7363004014,0.3102,0.3338,0.3015
2024-04-28,0.3162,0.3233,0.3117,0.3117,10151.850590219998,0.3304,0.3356854073956637,-0.022334887585016394,38.78204693150115,0.008899999999999963,0.39125029083527174,0.2695497091647283,0.03508571428571428,72381.22249892246,3828050.885710181,0.3128,0.3276,0.3028
2024-04-29,0.3099,0.3099,0.292,0.3017,22903.930280349996,0.325375,0.33244870192941,-0.02231504636958298,42.60562855212326,-0.005499999999999949,0.3771874908735977,0.27356250912640234,0.03252142857142857,68001.47271527049,3805146.955429831,0.3117,0.3141,0.3072
2024-04-30,0.299,0.3046,0.2609,0.2664,166612.72455827997,0.31899500000000003,0.3261583493647043,-0.02486115315014642,34.72022606827001,-0.06009999999999999,0.36647044406821305,0.271519555931787,0.033757142857142854,71399.32438941947,3638534.230871551,0.3017,0.3187,0.3265
2024-05-01,0.2655,0.2744,0.2483,0.2675,67657.77646619001,0.31279500000000005,0.3205718399013991,-0.02648489888249933,37.21804119509343,-0.05009999999999998,0.35208359349668467,0.2735064065033154,0.03354999999999999,73163.03593760198,3706192.007337741,0.2664,0.3102,0.3176
2024-05-02,0.2639,0.2765,0.2577,0.2703,15529.000057079998,0.309185,0.3157840456250754,-0.027231880309511347,37.91821166650584,-0.0635,0.3502109622549885,0.2681590377450115,0.03363571428571428,65898.68430737946,3721721.007394821,0.2675,0.3128,0.3338
2024-05-03,0.2687,0.2843,0.2645,0.2843,34021.72063309001,0.307095,0.31278556508935396,-0.026389978233381406,42.0541249912717,-0.043300000000000005,0.34874681363335513,0.2654431863666449,0.031785714285714285,60164.92694810747,3755742.728027911,0.2703,0.3117,0.3276
2024-05-04,0.2818,0.2842,0.2768,0.2775,17530.959361839996,0.303985,0.30942503508084407,-0.025972077994309617,31.38297538478986,-0.036599999999999966,0.3446634192106094,0.2633065807893906,0.02989285714285714,59512.85170910247,3738211.768666071,0.2843,0.3017,0.3141
2024-05-05,0.2769,0.2835,0.264,0.2765,13806.189758719998,0.30188499999999996,0.30628931745409704,-0.025428457260033788,33.38722338382274,-0.04219999999999996,0.34372812934861113,0.2600418706513888,0.02971428571428571,56917.17917129198,3724405.578907351,0.2775,0.2664,0.3187
2024-05-06,0.2751,0.2877,0.2675,0.272,18107.8288091,0.300035,0.30302366817275445,-0.025071734949513924,22.41071148437537,-0.038199999999999956,0.34378203719291506,0.25628796280708493,0.021685714285714284,56507.04421369448,3706297.750098251,0.2765,0.2675,0.3102
2024-05-07,0.2737,0.2861,0.2721,0.2735,21960.88895775,0.298635,0.3002118902515397,-0.02438687576094889,24.790304314405773,-0.0393,0.3439487030511845,0.25332129694881544,0.021628571428571424,55238.918004910985,3728258.639056001,0.272,0.2703,0.3128
2024-05-08,0.2719,0.2792,0.2655,0.2704,5674.907783929998,0.297015,0.29737266260853595,-0.023819685504779753,27.45097642607152,-0.0413,0.3439880168904434,0.25004198310955655,0.02005714285714286,54798.26899522748,3722583.7312720707,0.2735,0.2843,0.3117
2024-05-09,0.2729,0.2843,0.2704,0.2843,22286.616555870005,0.29586999999999997,0.29612764712200873,-0.02199502435831402,33.804138669887564,-0.017400000000000027,0.342914037599728,0.24882596240027197,0.018507142857142857,53671.537255305986,3744870.3478279407,0.2704,0.2775,0.3017
2024-05-10,0.2827,0.2884,0.247,0.2633,85773.59229319995,0.29270999999999997,0.2930012045389603,-0.021990004663744844,30.244309827966845,-0.003100000000000047,0.3395811964070899,0.24583880359291002,0.020721428571428575,57412.44677708098,3659096.7555347406,0.2843,0.2765,0.2664
2024-05-11,0.2646,0.2711,0.2636,0.265,4041.768372919999,0.29008,0.2903344231542974,-0.021599860975262675,29.711371681161268,-0.0025000000000000022,0.3369736355237255,0.2431863644762745,0.019678571428571427,56901.14570339348,3663138.5239076605,0.2633,0.272,0.2675
2024-05-12,0.2677,0.2695,0.2547,0.259,16662.49906898,0.28634,0.28735019237769766,-0.021526673060005996,28.52485412104356,-0.011299999999999977,0.33039758910670414,0.24228241089329583,0.019907142857142863,36085.09735402799,3646476.0248386804,0.265,0.2735,0.2703
2024-05-13,0.26,0.3083,0.2435,0.2852,91391.9258599101,0.28422000000000003,0.2871454121512503,-0.019133985399446107,44.06047072104686,0.0009000000000000119,0.3237677379751082,0.24467226202489184,0.023257142857142858,37102.5458169415,3737867.9506985904,0.259,0.2704,0.2843
2024-05-14,0.2855,0.3031,0.2748,0.2824,48743.26802314003,0.282635,0.2866934681368455,-0.017264683267650904,57.51878942421941,0.00489999999999996,0.31959690214973746,0.24567309785026256,0.022157142857142858,36820.32084251901,3689124.68267545,0.2852,0.2843,0.2775
2024-05-15,0.2855,0.3314,0.2636,0.3279,74745.41253329,0.283095,0.29061789974286023,-0.011973752158834117,70.02651869780328,0.0514,0.3221182575726245,0.24407174242737545,0.025135714285714286,37480.231428461004,3763870.0952087403,0.2824,0.2633,0.2765
2024-05-16,0.3315,0.3438,0.3218,0.335,241207.29916175007,0.284335,0.2948447664340164,-0.007125600980652791,70.85750488713688,0.063,0.32825374195303514,0.24041625804696484,0.02536428571428571,49347.432911208,4005077.39437049,0.3279,0.265,0.272
2024-05-17,0.3371,0.3606,0.3348,0.35,152914.38364818995,0.28619500000000003,0.3000976458212529,-0.0020494073114576405,71.04419606266016,0.07649999999999996,0.33768748182221336,0.2347025181777867,0.02579285714285715,56586.227138689996,4157991.7780186804,0.335,0.259,0.2735
2024-05-18,0.3547,0.3613,0.3396,0.3396,19056.892176710007,0.28759,0.3038597747906574,0.0011213929400951117,69.4426989843595,0.06920000000000004,0.34332844558103426,0.23185155441896577,0.02681428571428571,57031.4792180145,4138934.8858419703,0.35,0.2852,0.2704
2024-05-19,0.3396,0.3431,0.3251,0.3251,8587.84667317,0.28876,0.30588265338202336,0.002436163588083462,64.03001791905166,0.0408,0.3466850114144906,0.23083498858550944,0.026707142857142856,56315.6750376555,4130347.0391688,0.3396,0.2824,0.2843
2024-05-20,0.3299,0.3716,0.3212,0.3698,79229.49206317005,0.29392999999999997,0.31197001972659255,0.00700430396917695,72.91470936829458,0.10650000000000004,0.36116195042459476,0.22669804957540518,0.028864285714285714,51946.513412900014,4209576.5312319705,0.3251,0.3279,0.2633
2024-05-21,0.3709,0.3776,0.345,0.3529,64108.366778820026,0.2982,0.3158681130859647,0.009155362057356009,67.35139448024682,0.08789999999999998,0.3691112120894886,0.22728878791051144,0.03019285714285715,51769.04292853151,4145468.1644531507,0.3698,0.335,0.265
2024-05-22,0.3541,0.3604,0.3429,0.348,46252.659695189985,0.302085,0.3189282927920633,0.010345446177089879,66.82566810251797,0.08899999999999997,0.3750444920053905,0.2291255079946095,0.03046428571428572,53305.225910437,4099215.504757961,0.3529,0.35,0.259
2024-05-23,0.3501,0.3564,0.3155,0.3378,87795.87576295003,0.30476000000000003,0.3207255982404382,0.010346276229034168,61.78933069611885,0.05259999999999998,0.37888763956426,0.23063236043574004,0.032392857142857154,55993.93366693001,4011419.6289950106,0.348,0.3396,0.2852
2024-05-24,0.3398,0.3585,0.3275,0.3585,25696.491719360005,0.30881,0.32432316031277747,0.01188030232402254,71.00617390076594,0.0761,0.3854741863824604,0.23214581361753955,0.031650000000000005,56402.21028480601,4037116.1207143706,0.3378,0.3251,0.2824
2024-05-25,0.3585,0.3764,0.3585,0.365,22373.13671009,0.313235,0.3281971450448939,0.013465305078487422,71.60760154491606,0.037099999999999966,0.3922278784265118,0.23424212157348817,0.03239285714285715,56830.557632374504,4059489.2574244607,0.3585,0.3698,0.3279
2024-05-26,0.3642,0.3659,0.3465,0.3501,27307.56338215999,0.31714000000000003,0.3302831312310945,0.013365061594670213,68.95546830887825,0.015100000000000002,0.39526692507102174,0.23901307492897833,0.032721428571428575,57290.54436102752,4032181.694042301,0.365,0.3529,0.335
2024-05-27,0.3486,0.3607,0.3421,0.3421,37038.45648672001,0.32056999999999997,0.33140854730432356,0.012496038220253303,62.809541290708786,-0.007899999999999963,0.3966259101824744,0.24451408981752554,0.029421428571428574,58044.42273747601,3995143.2375555807,0.3501,0.348,0.35
2024-05-28,0.344,0.3442,0.3236,0.3368,65207.84371050001,0.32389,0.3319220189896261,0.011249982434382355,62.11041465028582,-0.0028000000000000247,0.3964409882409416,0.25133901175905843,0.02887142857142858,61021.06953380451,3929935.393845081,0.3421,0.3378,0.3396
2024-05-29,0.3397,0.343,0.329,0.329,2736.9091733000005,0.32612500000000005,0.33164373146680454,0.009523300751062835,50.294271246015,0.0039000000000000146,0.39625444047297853,0.2559955595270216,0.025028571428571438,60043.58416467601,3927198.484671781,0.3368,0.3585,0.3251
2024-05-30,0.3318,0.3354,0.3175,0.3257,127576.41327639998,0.329245,0.33107766180329934,0.007798711959284055,47.460400521869964,-0.04410000000000003,0.3928551109142777,0.2656348890857223,0.024735714285714288,62133.725213836005,3799622.071395381,0.329,0.365,0.3698
2024-05-31,0.325,0.3319,0.3193,0.3287,7693.6747498,0.33243,0.33085121782203275,0.006597980433419193,43.77556626032772,-0.0242,0.3884180851986467,0.27644191480135333,0.023792857142857147,62316.32053268001,3807315.746145181,0.3257,0.3501,0.3529
2024-06-01,0.328,0.3331,0.3194,0.3279,137934.18434920002,0.33587500000000003,0.33057014945802965,0.005518228036422157,46.377704957969854,-0.02009999999999995,0.38007754219886564,0.29167245780113443,0.023221428571428577,68379.904796691,3669381.5617959807,0.3287,0.3421,0.348
2024-06-02,0.3251,0.33,0.3155,0.3155,76547.27368748,0.33738999999999997,0.3291348971286935,0.003620208602485797,46.988703526713614,-0.022299999999999986,0.3760031638311731,0.29877683616882683,0.02297142857142858,67637.67218806951,3592834.2881085007,0.3279,0.3368,0.3378
2024-06-03,0.3181,0.3671,0.318,0.3607,141063.1404649401,0.34130499999999997,0.33214109740215125,0.005697598406559867,47.154467416119175,0.0022000000000000353,0.3713752668323513,0.31123473316764866,0.022878571428571432,72253.66581015951,3733897.4285734408,0.3155,0.329,0.3585
2024-06-04,0.3612,0.3762,0.3491,0.3548,50049.62928923999,0.34265,0.33429908812575587,0.006789597843874007,50.63800732752114,-0.010199999999999987,0.37260185610627344,0.3126981438937266,0.022485714285714282,71018.87664795702,3683847.7992842006,0.3607,0.3257,0.365
2024-06-05,0.3559,0.3898,0.3457,0.3499,90323.6093239901,0.343395,0.33578488925663624,0.007176895433299302,50.63800732752114,-0.00020000000000003348,0.3732868383509677,0.3135031616490323,0.02438571428571428,63474.69215606902,3593524.1899602106,0.3548,0.3287,0.3501
2024-06-06,0.3522,0.3535,0.3368,0.3369,30327.48263841,0.34274,0.33589109027981373,0.00636150869644736,49.703357311489754,-0.005200000000000038,0.37259652710089874,0.31288347289910123,0.02265714285714285,57345.34710558002,3563196.7073218008,0.3499,0.3279,0.3421
2024-06-07,0.3419,0.3477,0.2705,0.3231,90772.98302933991,0.34191499999999997,0.3346728912055458,0.004549322407518874,37.77623944152381,-0.01369999999999999,0.37302250628656697,0.31080749371343297,0.025957142857142852,60931.15164821151,3472423.724292461,0.3369,0.3155,0.3368
2024-06-08,0.3241,0.3376,0.3044,0.3072,69560.49641513004,0.34102,0.3320564253764462,0.0018092981366392702,31.258103517422512,-0.02180000000000004,0.375056611866765,0.306983388133235,0.027049999999999994,63979.784135309514,3402863.227877331,0.3231,0.3607,0.329
2024-06-09,0.309,0.3241,0.3074,0.3208,3276.8803656799996,0.33857,0.3309843848644037,0.0007268369769709571,40.41857053067372,-0.0049000000000000155,0.37089513117163714,0.3062448688283628,0.02685714285714285,60182.15355043501,3406140.108243011,0.3072,0.3548,0.3257
2024-06-10,0.3208,0.3208,0.2994,0.301,17914.534045070002,0.335975,0.3281287291630319,-0.0017090153501218008,37.522765480760675,-0.027700000000000002,0.37161890403333,0.30033109596667007,0.027057142857142853,57872.46191374752,3388225.574197941,0.3208,0.3499,0.3287
2024-06-11,0.3025,0.3025,0.2784,0.2851,74518.68984699003,0.33283,0.3240307549570288,-0.004866346770476926,35.253847726446864,-0.042800000000000005,0.3745828114401688,0.2910771885598312,0.027307142857142846,59285.76342133751,3313706.884350951,0.301,0.3369,0.3279
2024-06-12,0.2834,0.3109,0.2784,0.2939,28775.85129447,0.33063499999999996,0.3211611592468356,-0.006582588233492004,40.045374017951005,-0.021600000000000008,0.37576672649968645,0.28550327350031346,0.028628571428571416,56334.76219791351,3342482.735645421,0.2851,0.3231,0.3155
2024-06-13,0.2922,0.2922,0.2753,0.2768,30350.618297209992,0.32655,0.31693628693761317,-0.009216309171925674,37.138345502699444,-0.08390000000000003,0.37567529630284696,0.27742470369715305,0.028557142857142854,56567.468526806006,3312132.117348211,0.2939,0.3072,0.3607
2024-06-14,0.2775,0.2877,0.2619,0.2696,155640.9101676701,0.32178,0.312428069134031,-0.01174909555762238,34.79155693730418,-0.0852,0.37363605989051646,0.26992394010948356,0.029499999999999995,63230.85719968502,3156491.207180541,0.2768,0.3208,0.3548
2024-06-15,0.2711,0.2782,0.2669,0.268,8274.22561226,0.317675,0.30819682445459945,-0.013727214856299186,34.648895514687155,-0.08189999999999997,0.3729755900796574,0.26237440992034256,0.029328571428571426,62279.19031119001,3148216.981568281,0.2696,0.301,0.3499
2024-06-16,0.2671,0.276,0.2644,0.276,3087.9998902,0.31437000000000004,0.30513046022082807,-0.014482411288528785,39.643416072323944,-0.060899999999999954,0.37139815924934666,0.2573418407506534,0.02912142857142856,60581.66748136402,3151304.981458481,0.268,0.2851,0.3369
2024-06-17,0.2719,0.2775,0.2448,0.2556,52614.74915572,0.31031,0.30041327353313013,-0.01653639810820029,18.324290195659657,-0.0675,0.3719868113040225,0.24863318869597745,0.02795,59952.012753625015,3098690.2323027607,0.276,0.2939,0.3231
2024-06-18,0.255,0.2553,0.2296,0.2401,50182.57856655003,0.305865,0.2946691522442606,-0.01919366529615968,17.32193594013046,-0.06709999999999997,0.3743126065476777,0.23741739345232232,0.027850000000000003,62324.296223287514,3048507.653736211,0.2556,0.2768,0.3072
2024-06-19,0.2416,0.2517,0.2408,0.2425,22533.155792420013,0.301705,0.289700661554331,-0.020865385568252237,18.95953603795661,-0.07829999999999998,0.3750171509279645,0.22839284907203553,0.025478571428571434,57072.13334908852,3071040.8095286307,0.2401,0.2696,0.3208
2024-06-20,0.2459,0.2641,0.2459,0.251,15542.354761650004,0.29782,0.28601488426344235,-0.021259293068405294,24.51038372020551,-0.04999999999999999,0.37331150109013955,0.2223284989098604,0.02558571428571429,57464.56734968103,3086583.1642902805,0.2425,0.268,0.301
2024-06-21,0.2496,0.2579,0.2393,0.2394,488596.71185076976,0.29339499999999996,0.28157537147644784,-0.02225099503497685,24.834634108930373,-0.04570000000000002,0.371782122331215,0.21500787766878496,0.021400000000000002,74997.6937247595,2597986.4524395107,0.251,0.276,0.2851
2024-06-22,0.238,0.2397,0.2218,0.2301,50714.251771700016,0.28912499999999997,0.27667295514535756,-0.023516277259096108,25.860987087953546,-0.0638,0.3716375668259749,0.20661243317402506,0.020307142857142864,73706.0426289705,2547272.2006678106,0.2394,0.2556,0.2939
2024-06-23,0.2313,0.2368,0.2147,0.2194,151917.17294282003,0.28206000000000003,0.27121838798865683,-0.025093164730876527,17.665814749225717,-0.05739999999999998,0.36294959076875905,0.20117040923124102,0.020692857142857148,74248.7442528645,2395355.0277249906,0.2301,0.2401,0.2768
2024-06-24,0.2193,0.221,0.2038,0.2119,102435.67869615003,0.274915,0.26556901770402286,-0.026640946485335437,19.16954831575309,-0.0577,0.3539754638701854,0.1958545361298146,0.02039285714285715,76868.04672320999,2292919.3490288407,0.2194,0.2425,0.2696
2024-06-25,0.2144,0.225,0.2123,0.2222,148251.37292281984,0.26853,0.2614386350655445,-0.026728343056662912,27.35780861764347,-0.04580000000000001,0.3425583046863652,0.19450169531363476,0.019578571428571435,79764.4349031515,2441170.7219516607,0.2119,0.251,0.268
2024-06-26,0.2223,0.2289,0.2209,0.2288,33596.22448396001,0.26312499999999994,0.25833019363073073,-0.02596572392529259,26.18873177291701,-0.04720000000000002,0.33172089906416813,0.19452910093583178,0.017828571428571433,79927.87199542898,2474766.9464356205,0.2222,0.2394,0.276
2024-06-27,0.2256,0.2414,0.2209,0.2313,378176.2208232299,0.258535,0.25575588947542305,-0.02487289441866064,31.3677277711041,-0.02429999999999999,0.3223523470889709,0.1947176529110291,0.018085714285714285,94298.03388512348,2852943.1672588503,0.2288,0.2301,0.2556
2024-06-28,0.2328,0.2401,0.2199,0.2199,46621.72035908001,0.25417,0.2523410428587161,-0.024642638885898543,30.324620549923296,-0.020199999999999996,0.3158797143252646,0.19246028567473536,0.017685714285714287,93151.095082321,2806321.4468997703,0.2313,0.2194,0.2401
2024-06-29,0.219,0.2216,0.2081,0.2138,13976.298542810002,0.24881999999999999,0.2486704673483622,-0.024668021145004743,29.28134243166059,-0.028700000000000003,0.30446199852629774,0.19317800147370226,0.017842857142857143,93686.06599117749,2792345.14835696,0.2199,0.2119,0.2425
2024-06-30,0.2157,0.2325,0.2123,0.231,10278.255753220004,0.24532000000000004,0.24698756569613722,-0.02303471070818275,33.92856803571462,-0.01999999999999999,0.29569951129075456,0.19494048870924552,0.018457142857142863,93304.25207658499,2802623.40411018,0.2138,0.2222,0.251
2024-07-01,0.2324,0.2387,0.2297,0.2313,103525.02775027,0.24262999999999998,0.24549351182031462,-0.021468616084368536,39.866550807909,-0.008099999999999996,0.2897029378059702,0.1955570621940298,0.016764285714285714,94754.56897174899,2906148.43186045,0.231,0.2288,0.2394
2024-07-02,0.2324,0.2666,0.2277,0.2548,180124.3626474699,0.24067500000000003,0.2463798440279037,-0.018122318403784893,55.74667098941835,0.024700000000000027,0.2816329951709259,0.1997170048290742,0.017707142857142855,102321.99453939898,3086272.7945079203,0.2313,0.2313,0.2301
2024-07-03,0.2548,0.2578,0.2261,0.2445,36788.51527692,0.23906,0.24620081126334142,-0.016115705481345388,50.73637179448303,0.025099999999999983,0.27640856581478845,0.20171143418521154,0.01919285714285714,102643.88938838449,3049484.279231,0.2548,0.2199,0.2194
2024-07-04,0.2447,0.2533,0.2164,0.2422,244033.99243565009,0.23769,0.24581978161921367,-0.01454339386995962,46.604933237121415,0.030299999999999994,0.27222595532958155,0.20315404467041848,0.020528571428571427,107063.54350178348,2805450.2867953503,0.2445,0.2138,0.2119
2024-07-05,0.2422,0.27,0.16,0.2607,351014.02680455,0.237325,0.24723694527452664,-0.011670005640301656,57.80219187376785,0.03849999999999998,0.2706450666581836,0.2040049333418164,0.02705714285714286,124200.533561398,3156464.3135999003,0.2422,0.231,0.2222
2024-07-06,0.2587,0.2726,0.2555,0.2697,114438.90943668009,0.23701,0.2493762838198098,-0.008567835310624439,64.53743830011646,0.04089999999999999,0.26887807675072356,0.2051419232492764,0.027,129768.079038722,3270903.2230365803,0.2607,0.2313,0.2288
2024-07-07,0.2706,0.2728,0.2456,0.254,89700.67210531016,0.23693,0.24981663774173268,-0.007292142484685904,62.25211847358597,0.022699999999999998,0.2686090550098377,0.20525094499016228,0.02736428571428571,131622.37518620148,3181202.5509312702,0.2697,0.2548,0.2313
2024-07-08,0.254,0.2649,0.236,0.2518,115726.14641484997,0.237515,0.2500055293853772,-0.006385065285050784,64.67990503665438,0.03190000000000001,0.26986553241244965,0.20516446758755036,0.028200000000000003,134899.5535786165,3065476.4045164203,0.254,0.2445,0.2199
2024-07-09,0.2525,0.2831,0.248,0.2725,325955.7726410799,0.23901499999999998,0.2521478599201032,-0.003950345937361099,67.19069760307747,0.05870000000000003,0.27492496196630656,0.2031050380336934,0.0298,150070.6844210495,3391432.1771575003,0.2518,0.2422,0.2138
2024-07-10,0.2712,0.287,0.2558,0.2633,242944.13131718003,0.23963,0.25320996849914096,-0.0027316872354681276,61.5849505561497,0.03229999999999997,0.2768032841249211,0.2024567158750789,0.03145714285714286,161440.77324882598,3148488.04584032,0.2725,0.2607,0.231
2024-07-11,0.2617,0.2688,0.2357,0.2357,55544.02078154001,0.23944500000000005,0.2515423524516037,-0.003947476717054088,51.26436369137303,0.004399999999999987,0.27665990787871964,0.20223009212128046,0.032357142857142855,139788.1386953645,3092944.0250587803,0.2633,0.2697,0.2313
2024-07-12,0.2352,0.2401,0.2259,0.233,578969.6077699699,0.23959000000000003,0.24977641412287957,-0.005070417459412557,53.96248786766588,-0.021800000000000014,0.27667396731175725,0.2025060326882428,0.03192857142857143,166200.906495278,2513974.4172888105,0.2357,0.254,0.2548
2024-07-13,0.2309,0.2485,0.23,0.2425,178409.30885781994,0.240745,0.24908342230165295,-0.005134597044344741,58.50621921110215,-0.0020000000000000018,0.27659982276891076,0.2048901772310892,0.032285714285714286,167525.51329102798,2692383.7261466305,0.233,0.2518,0.2445
2024-07-14,0.2422,0.2503,0.2346,0.2466,44012.135539799994,0.24247999999999997,0.24884690589197173,-0.004799300741436141,55.01284852069487,0.004400000000000015,0.2757207232805042,0.20923927671949577,0.031964285714285716,164604.3361332105,2736395.8616864304,0.2425,0.2725,0.2422
2024-07-15,0.2488,0.272,0.2481,0.2714,46349.57953697,0.24494,0.25099481961654585,-0.0025035637435300573,61.13269930117828,0.010699999999999987,0.2791300200889782,0.21074997991102176,0.03302857142857143,159509.24646391798,2782745.4412234,0.2466,0.2633,0.2607
2024-07-16,0.272,0.2728,0.2558,0.2637,852321.9334434201,0.246685,0.2522048367959224,-0.0012906237737339565,52.708455642614844,-0.006000000000000005,0.28096890906902466,0.2124010909309753,0.031464285714285715,200445.531911891,1930423.50777998,0.2714,0.2357,0.2697
2024-07-17,0.2647,0.27,0.2481,0.2627,77741.30525735003,0.24825500000000003,0.25320437614869173,-0.0004053787971273759,55.870962695525954,0.008699999999999986,0.2824481649064007,0.21406183509359938,0.03076428571428572,185423.78613359702,1852682.20252263,0.2637,0.233,0.254
2024-07-18,0.2625,0.2815,0.2507,0.2611,75535.62246268996,0.250315,0.2539563403250068,0.00016517357824397116,56.12442783057686,0.009299999999999975,0.2822019235696603,0.2184280764303397,0.03032857142857143,186869.48123877752,1777146.5800599402,0.2627,0.2425,0.2518
2024-07-19,0.2602,0.2705,0.2553,0.2705,17590.607391669997,0.25315000000000004,0.25553192696072047,0.0013601627774291192,53.37465050106677,-0.0020000000000000018,0.2812214501903622,0.22507854980963787,0.023557142857142856,187050.1966812205,1794737.1874516103,0.2611,0.2466,0.2725
2024-07-20,0.268,0.2707,0.2617,0.2633,45123.48845474001,0.254765,0.25627174344065184,0.0017065484716350943,47.76847511325905,0.0,0.28113589903264546,0.22839410096735455,0.022978571428571428,188792.4583162965,1749613.6989968703,0.2705,0.2714,0.2633
2024-07-21,0.2617,0.2769,0.249,0.2728,25999.30559964001,0.25684,0.2578458631129707,0.002716320186791632,56.85130615219907,0.037099999999999994,0.28193689852929993,0.23174310147070007,0.02302857142857143,184916.172208765,1775613.0045965104,0.2633,0.2637,0.2357
2024-07-22,0.2744,0.2771,0.2422,0.2453,66446.60655015003,0.256365,0.2566510190069735,0.001282764462920638,47.99999586461573,0.012299999999999978,0.28197875247381726,0.23075124752618278,0.02345714285714286,179232.28440389902,1709166.3980463604,0.2728,0.2627,0.233
2024-07-23,0.2459,0.2478,0.2233,0.2262,120961.1515252299,0.25545,0.2537509219586903,-0.0013786568530791965,35.612178380543824,-0.01629999999999998,0.28398883780321826,0.22691116219678173,0.022699999999999998,183440.91621631448,1588205.2465211304,0.2453,0.2611,0.2425
2024-07-24,0.2276,0.2376,0.2245,0.2283,50117.69213130001,0.254755,0.25132702462929124,-0.003280583447061197,38.621582960324055,-0.01830000000000001,0.28526163258341464,0.22424836741658538,0.021407142857142857,173745.101201097,1638322.9386524304,0.2262,0.2705,0.2466
2024-07-25,0.2286,0.2286,0.2098,0.2192,27879.13011181002,0.25268,0.24826730799793018,-0.005459237234971992,43.902434481640185,-0.05219999999999997,0.286903143908003,0.21845685609199705,0.02038571428571429,157588.35636646,1610443.8085406204,0.2283,0.2633,0.2714
2024-07-26,0.2192,0.2295,0.2192,0.2295,14534.29751617,0.25067,0.24647994533146064,-0.0062822937669825,48.775362611231095,-0.03419999999999998,0.2854024874463526,0.2159375125536474,0.020107142857142858,152593.1257704345,1624978.1060567903,0.2192,0.2728,0.2637
2024-07-27,0.2293,0.2359,0.2254,0.231,81181.80779383,0.24952000000000002,0.24500566482370248,-0.006735887417224584,45.73757864843513,-0.03169999999999998,0.2852956518201753,0.2137443481798247,0.019535714285714288,152167.1825548605,1706159.9138506204,0.2295,0.2453,0.2627
2024-07-28,0.2296,0.2296,0.2216,0.2216,4437.784814069999,0.24801,0.24277655388811176,-0.007764362357816024,41.08416137533338,-0.03950000000000001,0.2858691239090185,0.21015087609098151,0.01898571428571429,146602.7644748215,1701722.1290365504,0.231,0.2262,0.2611
2024-07-29,0.2234,0.2352,0.2234,0.2254,23789.30847445,0.245655,0.24112164399400587,-0.008178530902634845,30.704694380321143,-0.04510000000000003,0.28295540073159225,0.20835459926840777,0.018121428571428573,131494.44126649,1725511.4375110003,0.2216,0.2283,0.2705
2024-07-30,0.2276,0.2316,0.2145,0.217,7478.920991129998,0.24334000000000003,0.23882434456600532,-0.009079904766494007,30.52543430061651,-0.04629999999999998,0.28175969889468716,0.2049203011053129,0.01812857142857143,119721.18075018749,1718032.5165198704,0.2254,0.2192,0.2633
2024-07-31,0.2183,0.2223,0.2098,0.2098,39933.42850058,0.24204499999999998,0.2360601212740048,-0.010256993636850814,29.024580441363,-0.063,0.2831977820892433,0.2008922179107567,0.01745714285714286,118940.6511361395,1678099.0880192905,0.217,0.2295,0.2728
2024-08-01,0.2081,0.217,0.1937,0.2168,34015.72580535001,0.241235,0.23422582400981387,-0.01050392088699545,33.155890006217035,-0.028499999999999998,0.28375247752086635,0.19871752247913366,0.016921428571428573,91692.9570379085,1712114.8138246406,0.2098,0.231,0.2453
2024-08-02,0.2172,0.2172,0.1992,0.1999,12558.398652520003,0.23910499999999998,0.23095669791364112,-0.011925827753780871,24.60431406863023,-0.026300000000000018,0.2854514970572126,0.19275850294278732,0.017121428571428576,83400.4115276435,1699556.4151721206,0.2168,0.2216,0.2262
2024-08-03,0.2,0.2004,0.1825,0.1877,26305.60621171999,0.23616,0.22683701239805626,-0.013877169854495414,23.74999769097245,-0.0406,0.2876960435954704,0.1846239564045296,0.01775714285714286,82515.08506123952,1673250.8089604005,0.1999,0.2254,0.2283
2024-08-04,0.1884,0.1887,0.1553,0.1621,202406.78210217008,0.230695,0.22067158264586043,-0.01729001999204069,15.427856239912643,-0.05710000000000001,0.28920551097655356,0.17218448902344646,0.018150000000000006,90317.9451894995,1470844.0268582304,0.1877,0.217,0.2192
2024-08-05,0.1606,0.1606,0.1274,0.1512,116046.13318224008,0.22507000000000002,0.21405524144149277,-0.020636383832088323,17.212541874734598,-0.07830000000000001,0.29133714991528836,0.1588028500847117,0.018028571428571432,53504.15517644051,1354797.8936759902,0.1621,0.2098,0.2295
2024-08-06,0.1543,0.1634,0.1502,0.1607,67391.17666797996,0.21997,0.2089737898756363,-0.022265171640307058,25.541446171917514,-0.0703,0.2896551898484254,0.15028481015157458,0.017221428571428575,52986.64874697201,1422189.07034397,0.1512,0.2168,0.231
2024-08-07,0.1592,0.1732,0.1527,0.1549,18053.968152930003,0.21466,0.20382390512557572,-0.023750231357397983,23.32848599855521,-0.06669999999999998,0.2872723492469323,0.1420476507530677,0.017750000000000002,50112.566031484006,1404135.10219104,0.1607,0.1999,0.2216
2024-08-08,0.155,0.1731,0.1479,0.1722,33163.76004540998,0.209745,0.20081210463742566,-0.023263024795490445,33.88202692490826,-0.0532,0.2797017227122037,0.13978827728779625,0.01820714285714286,50891.223664171004,1437298.86223645,0.1549,0.1877,0.2254
2024-08-09,0.1723,0.1759,0.1659,0.1699,50840.59905795001,0.20507499999999998,0.19786809467195654,-0.022799680340486045,28.374452850200726,-0.0471,0.27239909828974246,0.1377509017102575,0.018185714285714288,51177.079194331505,1386458.2631784999,0.1722,0.1621,0.217
2024-08-10,0.17,0.1717,0.1689,0.1716,6938.149989990001,0.200015,0.19536637136986545,-0.022041223227984214,28.47825798046658,-0.038199999999999984,0.2608017116711381,0.13922828832886192,0.017635714285714286,50224.021413849005,1393396.41316849,0.1699,0.1512,0.2098
2024-08-11,0.1734,0.175,0.1553,0.1567,9016.22639603,0.195585,0.19168385981083064,-0.02238441240504979,27.386756910002816,-0.06009999999999999,0.2553817179173307,0.1357882820826693,0.018471428571428573,47352.502406143,1384380.18677246,0.1716,0.1607,0.2168
2024-08-12,0.1585,0.1691,0.1571,0.1662,54816.543755329985,0.192585,0.18925682554313247,-0.021640365037736004,30.16085507874014,-0.03370000000000001,0.2519332594078163,0.13323674059218368,0.01848571428571429,44045.272017648,1439196.7305277898,0.1567,0.1549,0.1999
2024-08-13,0.1629,0.1719,0.1618,0.1706,11608.89310212,0.1897,0.1874799850152151,-0.02045981094610569,34.02203528713159,-0.017100000000000004,0.24732280250405803,0.132077197495942,0.01798571428571429,42119.832066189,1450805.6236299097,0.1662,0.1722,0.1877
2024-08-14,0.1681,0.1681,0.1609,0.1626,9323.65814044,0.18687,0.18511046263281367,-0.019939891803704646,33.83561319384532,0.0005000000000000004,0.24394948659084376,0.12979051340915626,0.017607142857142856,41192.0584676205,1441481.9654894697,0.1706,0.1699,0.1621
2024-08-15,0.1601,0.1643,0.1539,0.1563,51010.37369148999,0.18321,0.18236660904873617,-0.019807876614601733,29.181002005959883,0.005099999999999993,0.23812643028994246,0.12829356971005756,0.016685714285714286,43015.862276386506,1390471.5917979798,0.1626,0.1716,0.1512
2024-08-16,0.1571,0.1588,0.1538,0.1583,3556.4947281899995,0.17957499999999998,0.18007455104409462,-0.01931917096371366,34.04907609902557,-0.0024000000000000132,0.2306631127382734,0.12848688726172658,0.015757142857142855,39134.59662310451,1394028.0865261697,0.1563,0.1567,0.1607
2024-08-17,0.1557,0.1618,0.1557,0.1618,6747.508538059999,0.17658500000000002,0.1783341176113237,-0.01843691814932885,39.359075176441635,0.0068999999999999895,0.2241986325016339,0.12897136749836613,0.014914285714285713,39250.08280930401,1400775.5950642296,0.1583,0.1662,0.1549
2024-08-18,0.1626,0.1872,0.1626,0.1747,48340.930647620014,0.17404999999999998,0.17798801117215002,-0.016506527275958194,55.77980934938229,0.0025000000000000022,0.21575232859837642,0.13234767140162354,0.014285714285714285,40477.663917962505,1449116.5257118496,0.1618,0.1706,0.1722
2024-08-19,0.1738,0.1813,0.1732,0.178,7167.782857749999,0.1721,0.1779891529652786,-0.014542756337836305,63.214981410160355,0.008099999999999996,0.2086786823163527,0.1355213176836473,0.012492857142857142,40462.107011293505,1456284.3085695996,0.1747,0.1626,0.1699
2024-08-20,0.1788,0.1817,0.174,0.1788,9893.19361705,0.17055,0.17806637649239493,-0.01277464228275127,59.76266627101048,0.007199999999999984,0.20276980430533897,0.13833019569466104,0.012100000000000001,38960.095267117,1466177.5021866497,0.178,0.1563,0.1716
2024-08-21,0.1778,0.1921,0.1767,0.1898,57441.723470189994,0.1692,0.17918386444550016,-0.010366294891641925,67.82430082185687,0.03309999999999999,0.19485397270970195,0.14354602729029803,0.011735714285714289,40131.39515035901,1523619.2256568398,0.1788,0.1583,0.1567
2024-08-22,0.1884,0.1929,0.1839,0.192,13292.156373070002,0.168805,0.18040444878402395,-0.008185780042292562,61.956511263391825,0.025800000000000017,0.19264803716084197,0.14496196283915805,0.010578571428571429,40168.08303638651,1536911.3820299099,0.1898,0.1618,0.1662
2024-08-23,0.1916,0.2338,0.1916,0.2289,84040.46538609015,0.170865,0.185023072709355,-0.003440524476081175,75.12775935444097,0.05829999999999999,0.20601833479727175,0.13571166520272823,0.01287857142857143,43054.82599510501,1620951.847416,0.192,0.1747,0.1706
2024-08-24,0.23,0.2651,0.2254,0.2495,125625.57275142,0.17523499999999997,0.1911637324513212,0.0019597814458915674,78.57666104128207,0.0869,0.22464104160797613,0.12582895839202382,0.015514285714285717,39215.76552756751,1746577.42016742,0.2289,0.178,0.1626
2024-08-25,0.2466,0.2599,0.2393,0.251,32770.31349025999,0.180225,0.19686242459881442,0.006288114787085131,88.36451393732143,0.0947,0.23873131544858267,0.12171868455141734,0.015578571428571431,35051.974542968506,1779347.73365768,0.2495,0.1788,0.1563
2024-08-26,0.2503,0.2533,0.2303,0.2311,125284.20052920002,0.183745,0.200123146065594,0.008020135327483746,74.3435780884464,0.0728,0.24567608138976663,0.12181391861023336,0.016364285714285717,37946.625736029506,1654063.53312848,0.251,0.1898,0.1583
2024-08-27,0.231,0.235,0.1899,0.1967,311711.72155072005,0.18583500000000003,0.19979713215458506,0.0065415743796196635,57.99142185009243,0.034900000000000014,0.24647520813046322,0.12519479186953683,0.018864285714285715,52629.513405919,1342351.81157776,0.2311,0.192,0.1618
2024-08-28,0.1948,0.2021,0.1859,0.1959,206500.80257055,0.18702000000000002,0.19942597671129125,0.0052447921625795035,60.666234149088545,0.021199999999999997,0.24746427098358847,0.12657572901641156,0.01950714285714286,61296.36553217601,1135851.00900721,0.1967,0.2289,0.1747
2024-08-29,0.1987,0.226,0.1978,0.2069,111908.39594295,0.18887,0.20013778845307303,0.005046517865324868,65.7338251226769,0.02890000000000001,0.24937287857441248,0.12836712142558754,0.02077857142857143,64349.755376426,1247759.4049501598,0.1959,0.2495,0.178
2024-08-30,0.2087,0.2144,0.1959,0.2025,80275.75794323998,0.190415,0.2003627609813518,0.004482667428839626,63.54166121578887,0.023700000000000027,0.250638488161318,0.130191511838682,0.021742857142857144,68016.6357740885,1167483.6470069198,0.2069,0.251,0.1788
2024-08-31,0.201,0.2035,0.1955,0.1992,116978.95444110002,0.19254,0.2002520218402707,0.0037265718739997733,61.47238735819985,0.009399999999999992,0.2507190123127303,0.13436098768726965,0.02187857142857143,73414.77217634201,1050504.6925658197,0.2025,0.2311,0.1898
2024-09-01,0.1984,0.2044,0.1822,0.1822,22468.88685749001,0.19334,0.19853278166500682,0.001735595905119569,52.24416079342758,-0.009800000000000003,0.2504237021629834,0.13625629783701662,0.02170714285714286,71797.38933145002,1028035.8057083297,0.1992,0.1967,0.192
2024-09-02,0.1822,0.1938,0.1821,0.189,3227.51079893,0.19426000000000002,0.19762489769691094,0.0006983857197561949,53.22391122429803,-0.03989999999999999,0.25038562600753295,0.13813437399246709,0.021964285714285714,71378.3202162905,1031263.3165072596,0.1822,0.1959,0.2289
2024-09-03,0.1904,0.1922,0.1743,0.1743,32267.20111248,0.194845,0.1954034788686337,-0.001294851727121099,48.78048410337791,-0.07519999999999999,0.24981314292699652,0.13987685707300346,0.022692857142857143,72525.49736489251,998996.1153947796,0.189,0.2069,0.2495
2024-09-04,0.1752,0.1833,0.1643,0.1797,62881.75627209997,0.196015,0.19390790945257336,-0.002410979621658954,47.17719027120926,-0.0713,0.2484672549813846,0.14356274501861538,0.022949999999999998,73119.066493923,1061877.8716668796,0.1743,0.2025,0.251
2024-09-05,0.1742,0.1761,0.17,0.17,13325.628822819996,0.19660000000000002,0.19163096569518542,-0.004031752420836365,44.098709134217124,-0.06109999999999999,0.24751975110536373,0.14568024889463632,0.022742857142857145,73607.5231986545,1048552.2428440596,0.1797,0.1992,0.2311
2024-09-06,0.1744,0.1795,0.1624,0.1676,30237.992635,0.19688999999999998,0.18934230229564394,-0.005447095754427367,29.822248732643303,-0.029100000000000015,0.24703542640634626,0.1467445735936537,0.02095,74782.0474035015,1018314.2502090596,0.17,0.1822,0.1967
2024-09-07,0.1692,0.1765,0.1692,0.1714,82098.07061040998,0.196725,0.1876335116008207,-0.0061907739131732975,21.0954826399944,-0.024499999999999994,0.2471985000819928,0.14625149991800723,0.01863571428571428,76469.90440164102,1100412.3208194696,0.1676,0.189,0.1959
2024-09-08,0.1723,0.1875,0.1723,0.1829,19201.332639099994,0.19697,0.1871827009721711,-0.00578549869380704,26.533422663901334,-0.023999999999999994,0.24710724742093423,0.14683275257906578,0.018249999999999995,77071.5818907085,1119613.6534585697,0.1714,0.1743,0.2069
2024-09-09,0.1817,0.1905,0.1812,0.1884,26803.06794604,0.19745,0.1872986342129167,-0.004963297325998067,33.664877801772846,-0.014100000000000001,0.24703558788918806,0.14786441211081192,0.017271428571428566,77917.075607158,1146416.7214046097,0.1829,0.1797,0.2025
2024-09-10,0.188,0.1934,0.1865,0.1914,95617.91151142,0.19753,0.1876892404783532,-0.004023244432973944,47.33131256154706,-0.007800000000000001,0.2470687610069718,0.1479912389930282,0.014542857142857139,79825.8850092195,1242034.6329160298,0.1884,0.17,0.1992
2024-09-11,0.1898,0.1898,0.1811,0.1835,5727.145890620001,0.197105,0.18729026519470052,-0.0038710862468955,44.172926518599894,0.0012999999999999956,0.24698816771269883,0.14722183228730118,0.014007142857142853,79447.634485097,1236307.4870254097,0.1914,0.1676,0.1822
2024-09-12,0.186,0.1888,0.139,0.1877,70772.56004953,0.195045,0.18732928755710998,-0.0033727163148181416,40.36144010983774,-0.0012999999999999956,0.24275515449677224,0.14733484550322776,0.015549999999999994,78784.239218269,1307080.0470749396,0.1835,0.1714,0.189
2024-09-13,0.1859,0.1927,0.1834,0.1923,22341.241670240004,0.192185,0.18780268874214712,-0.002576868461312304,44.88977326195564,0.017999999999999988,0.232423304610102,0.151946695389898,0.014892857142857137,73620.02266421,1329421.2887451795,0.1877,0.1829,0.1743
2024-09-14,0.1915,0.1915,0.1856,0.1856,6149.517105129999,0.188915,0.18759290886194263,-0.0024584478528811016,43.41084682410992,0.005899999999999989,0.21815493484045942,0.15967506515954058,0.01474285714285714,72288.98284495351,1323271.7716400495,0.1923,0.1884,0.1797
2024-09-15,0.189,0.2015,0.1865,0.1865,30456.14967302,0.18668500000000002,0.18748882230366237,-0.002265856802367988,52.46841866179264,0.016499999999999987,0.20814696390681608,0.16522303609318395,0.014228571428571425,67547.5803021445,1353727.9213130695,0.1856,0.1914,0.17
2024-09-16,0.185,0.1858,0.1701,0.1797,104588.66119980995,0.185835,0.18674702970331358,-0.002631594790685421,44.66130166178848,0.0121,0.2069709783059125,0.1646990216940875,0.014514285714285712,57191.427284599005,1249139.2601132595,0.1865,0.1835,0.1676
2024-09-17,0.1807,0.1971,0.1807,0.1903,85761.65688320996,0.185555,0.18708540782680752,-0.0020425679178208977,59.63854415735399,0.0189,0.2062738167717582,0.16483618322824178,0.014407142857142854,51154.470000231995,1334900.9169964695,0.1797,0.1877,0.1714
2024-09-18,0.1898,0.1963,0.1809,0.1963,134426.76297212002,0.185025,0.18796298803377823,-0.0010791700212139654,59.92821962924552,0.013399999999999995,0.20390555251200376,0.16614444748799623,0.014149999999999998,52280.38835169049,1469327.6799685895,0.1903,0.1923,0.1829
2024-09-19,0.2001,0.2072,0.1959,0.1974,63952.54021368,0.18477000000000002,0.1888617510781803,-0.00022432357776167033,68.26665392355791,0.00899999999999998,0.20277422172715717,0.16676577827284286,0.01452142857142857,51464.22746521249,1533280.2201822693,0.1963,0.1856,0.1884
2024-09-20,0.2004,0.207,0.1959,0.2018,252868.09061511,0.1849,0.19009396526121075,0.0007989814543193363,72.20777907910511,0.01040000000000002,0.20337433497131133,0.1664256650286887,0.014092857142857141,58258.68427391299,1786148.3107973794,0.1974,0.1865,0.1914
2024-09-21,0.2007,0.2089,0.1968,0.2073,153190.9286228,0.18615500000000001,0.19173263523633355,0.0020303574030515192,72.80811919550612,0.023800000000000016,0.20710179726808156,0.16520820273191847,0.014435714285714284,64794.78636217849,1939339.2394201793,0.2018,0.1797,0.1835
2024-09-22,0.2041,0.2041,0.1906,0.195,41830.370804229984,0.18645499999999998,0.19204381283287322,0.001990776081937984,57.61005274791523,0.007300000000000001,0.20774245368077543,0.16516754631922453,0.014314285714285713,66724.9293624435,1897508.8686159493,0.2073,0.1903,0.1877
2024-09-23,0.1913,0.2125,0.1913,0.2068,82739.17674927991,0.18808,0.19344916399164722,0.0028783887097613703,60.72260081449404,0.014500000000000013,0.21039757391079478,0.16576242608920522,0.015164285714285713,69248.52814428348,1980248.0453652292,0.195,0.1963,0.1923
2024-09-24,0.2072,0.2225,0.2031,0.2195,30044.449962049996,0.19007000000000002,0.1959301959924427,0.004554114971335149,64.71203239823609,0.03390000000000001,0.2160401934411172,0.16409980655888284,0.016057142857142857,67606.66282878099,2010292.4953272792,0.2068,0.1974,0.1856
2024-09-25,0.2195,0.2276,0.2123,0.2126,31489.15286077998,0.19219999999999998,0.19751779637411485,0.005264679820473184,65.39681570840827,0.026100000000000012,0.218227111370961,0.16617288862903895,0.01652857142857143,68514.839030679,1978803.3424664992,0.2195,0.2018,0.1865
2024-09-26,0.2113,0.2232,0.2058,0.219,91927.61533864011,0.19477,0.19956372052896104,0.00627193513167279,66.18406487510953,0.0393,0.22072008163460605,0.16881991836539395,0.014214285714285717,71599.320165861,2070730.9578051392,0.2126,0.2073,0.1797
2024-09-27,0.221,0.2304,0.2174,0.2289,73427.44254408001,0.19764500000000002,0.20235765190715524,0.007779363821283081,67.94116714533,0.038599999999999995,0.22537326602661462,0.16991673397338541,0.01447857142857143,71165.78876254449,2144158.4003492193,0.219,0.195,0.1903
2024-09-28,0.2271,0.2271,0.2063,0.2145,49359.31725086,0.19922499999999999,0.2035140660112357,0.0077230260274303575,63.17227999624504,0.018199999999999994,0.2270167727318634,0.17143322726813656,0.015542857142857141,72673.6879931325,2094799.0830983594,0.2289,0.2068,0.1963
2024-09-29,0.2157,0.2208,0.2016,0.2151,59448.900988229994,0.20056000000000002,0.20461748829587992,0.007638738285495245,63.071289917750846,0.01770000000000002,0.22872495769756918,0.17239504230243086,0.01584285714285714,74305.97964524201,2154247.9840865894,0.2145,0.2195,0.1974
2024-09-30,0.2141,0.2145,0.1955,0.1955,61150.367404589975,0.200765,0.20374915607722469,0.005922116968759772,56.464805314997754,-0.0063,0.228708045458115,0.172821954541885,0.016078571428571425,72582.6024399005,2093097.6166819995,0.2151,0.2126,0.2018
2024-10-01,0.198,0.2004,0.168,0.1721,163051.51602020004,0.20019499999999998,0.20073495073653663,0.002643030558568127,43.259254773114314,-0.03520000000000001,0.23002246703081375,0.17036753296918622,0.017221428571428568,80448.82094637949,1930046.1006617995,0.1955,0.219,0.2073
2024-10-02,0.1759,0.1803,0.1637,0.1691,92018.76999402998,0.199265,0.1977220982854379,-0.00019549048142328274,39.69696548668548,-0.025900000000000006,0.2317723125376684,0.1667576874623316,0.01730714285714285,81511.1314436045,1838027.3306677695,0.1721,0.2289,0.195
2024-10-03,0.171,0.1727,0.1592,0.1658,159786.30476193,0.19794,0.19468189844872955,-0.0026804230286368025,38.226523582926006,-0.04100000000000001,0.23364560327544912,0.1622343967245509,0.017464285714285707,88383.38459818899,1678241.0259058396,0.1691,0.2145,0.2068
2024-10-04,0.1664,0.1817,0.1664,0.1757,47357.23019098001,0.197445,0.1928740985964696,-0.0038070177818253226,40.658549969794564,-0.043800000000000006,0.23413192438803282,0.1607580756119672,0.017764285714285708,90443.77025248148,1725598.2560968196,0.1658,0.2151,0.2195
2024-10-05,0.176,0.1813,0.1748,0.1768,72373.52261935,0.19696,0.19134323206347248,-0.004558543382963631,38.72874691646373,-0.0358,0.23450264382357433,0.15941735617642566,0.017364285714285707,92539.638899798,1797971.7787161698,0.1757,0.1955,0.2126
2024-10-06,0.1771,0.183,0.1757,0.1823,5439.537118930001,0.19709000000000002,0.1904819718669513,-0.0046566498410296475,45.058360849672745,-0.03670000000000001,0.23439826915536324,0.1597817308446368,0.016921428571428563,87582.18269575399,1803411.3158350997,0.1768,0.1721,0.219
2024-10-07,0.1858,0.189,0.1814,0.1814,39305.25950804999,0.19664500000000001,0.18961702216533688,-0.00475224151226622,39.20067560536174,-0.04749999999999999,0.23450254322388045,0.15878745677611958,0.015949999999999992,85259.36282699599,1764106.0563270496,0.1823,0.1691,0.2289
2024-10-08,0.1822,0.1953,0.1717,0.1723,27375.01822452999,0.195445,0.18796778195911432,-0.005498904599277599,29.29824201600536,-0.04219999999999999,0.23483890682247005,0.15605109317752996,0.016249999999999994,79906.77558961649,1736731.0381025197,0.1814,0.1658,0.2145
2024-10-09,0.1733,0.1784,0.167,0.1674,142834.94117324997,0.19394499999999998,0.1860089455820558,-0.006412114657770529,29.82142484375045,-0.04770000000000002,0.23526309722016914,0.15262690277983082,0.015971428571428564,83850.89563759501,1593896.0969292698,0.1723,0.1757,0.2151
2024-10-10,0.1696,0.1715,0.163,0.17,129231.95500556998,0.192355,0.18448428409805048,-0.0068471126847063635,27.356743225560038,-0.025499999999999995,0.23483156815358183,0.14987843184641816,0.015335714285714277,77669.08885711801,1723128.05193484,0.1674,0.1768,0.1955
2024-10-11,0.1706,0.1811,0.1691,0.1794,28846.20223094,0.19096,0.1840000665649028,-0.006360035780628076,27.019495094958856,0.007300000000000001,0.23320187994222386,0.14871812005777613,0.015264285714285708,71451.85253752499,1751974.25416578,0.17,0.1823,0.1721
2024-10-12,0.1798,0.183,0.1785,0.1824,19150.564461279995,0.19033,0.1838476792730073,-0.005666627542041086,33.333328487366586,0.013300000000000006,0.23269384257707698,0.14796615742292302,0.014099999999999996,70317.8622203775,1771124.81862706,0.1794,0.1814,0.1691
2024-10-13,0.1833,0.1833,0.1741,0.1817,3890.49885576,0.18907500000000002,0.18364313838986374,-0.0051146224828399756,32.67634380219073,0.015899999999999997,0.23086776567970257,0.14728223432029747,0.01338571428571428,66375.4283257015,1767234.3197712998,0.1824,0.1723,0.1658
2024-10-14,0.1785,0.1953,0.176,0.1915,172788.38149720008,0.187675,0.18439141092416242,-0.003842087208732692,47.6905234680447,0.01580000000000001,0.22697818722847324,0.14837181277152678,0.013407142857142854,73512.624902459,1940022.7012685,0.1817,0.1674,0.1757
2024-10-15,0.191,0.1928,0.1828,0.1841,26898.560704590003,0.18625,0.1843636575028136,-0.0033916155585491103,58.49857196912171,0.007300000000000001,0.22377453232641847,0.14872546767358152,0.011807142857142855,73283.09529464951,1913124.14056391,0.1915,0.17,0.1768
2024-10-16,0.1889,0.191,0.1852,0.1862,4088.44814761,0.18461,0.1845385472644504,-0.002832509672410388,62.26684545572689,0.0039000000000000146,0.2188293481743052,0.1503906518256948,0.011035714285714286,68891.13693509801,1917212.58871152,0.1841,0.1794,0.1823
2024-10-17,0.1875,0.1875,0.175,0.1796,14250.56717252,0.182145,0.18406820942974084,-0.0028886801642115656,59.4520433927588,-0.001799999999999996,0.20930553444944694,0.15498446555055306,0.010964285714285716,65932.29316652,1902962.0215389999,0.1862,0.1824,0.1814
2024-10-18,0.1834,0.1853,0.1815,0.1833,1601.311224,0.18058500000000002,0.18399504662690838,-0.0026046122570562436,55.688611083225226,0.010999999999999982,0.2031092115347865,0.15806078846521354,0.010142857142857144,63544.392865177,1904563.332763,0.1796,0.1817,0.1723
2024-10-19,0.191,0.1952,0.1829,0.1829,12739.344764079997,0.17897500000000002,0.18389075647196473,-0.0023842785718826143,54.61420931015235,0.015500000000000014,0.1946835126101012,0.16326648738989885,0.01055714285714286,61208.9150539695,1891823.98799892,0.1833,0.1915,0.1674
2024-10-20,0.1844,0.2,0.1844,0.1988,36609.032677799994,0.17914000000000002,0.1853106844270157,-0.0009161051311125656,60.78430260156556,0.028799999999999992,0.19562928200539023,0.1626507179946098,0.011150000000000004,59981.84831763001,1928433.02067672,0.1829,0.1841,0.17
2024-10-21,0.1948,0.1948,0.1848,0.1867,18064.95478272999,0.17987000000000003,0.18544300019587134,-0.000720629015055041,53.021656302130125,0.007300000000000001,0.19633969785299882,0.16340030214700124,0.011321428571428576,52732.520255756506,1910368.06589399,0.1988,0.1862,0.1794
2024-10-22,0.1852,0.1892,0.1833,0.1866,9795.314225890004,0.180745,0.18555319065340742,-0.0005672431233853803,59.08512290734788,0.0041999999999999815,0.19665546990607846,0.16483453009392152,0.010057142857142862,48621.34746734951,1900572.7516681,0.1867,0.1796,0.1824
2024-10-23,0.1864,0.1864,0.1695,0.1763,46875.73104536998,0.18127,0.18467193440070195,-0.0012622571042893715,55.29131065305175,-0.005399999999999988,0.19573099654426623,0.16680900345573374,0.010450000000000004,42975.8187815215,1853697.02062273,0.1866,0.1833,0.1817
2024-10-24,0.182,0.1869,0.1763,0.1795,16947.47066635,0.18146,0.18417936921968273,-0.0015371283758888743,55.60801914389294,-0.01200000000000001,0.19571119016269448,0.16720880983730554,0.010600000000000004,41455.33080529,1870644.4912890801,0.1763,0.1829,0.1915
2024-10-25,0.1811,0.1811,0.1581,0.161,11495.20868545,0.18067,0.18197181024637962,-0.0032107497040549937,40.19189165579441,-0.02310000000000001,0.19752306156789254,0.16381693843210746,0.01138571428571429,38411.415108595,1859149.28260363,0.1795,0.1988,0.1841
2024-10-26,0.1587,0.1661,0.1583,0.1651,11628.22645581,0.17981,0.18036497117529585,-0.004158336218099079,40.885136223478305,-0.021100000000000008,0.19801409439198311,0.16160590560801688,0.011621428571428576,38720.849575438995,1870777.50905944,0.161,0.1867,0.1862
2024-10-27,0.1648,0.1658,0.1626,0.1642,9690.335971250002,0.17895,0.17882545011098197,-0.004925153729465864,40.79915277404691,-0.015399999999999997,0.19841900370496168,0.1594809962950383,0.011192857142857148,37240.10339859901,1861087.1730881901,0.1651,0.1866,0.1796
2024-10-28,0.1627,0.1652,0.157,0.16,27213.35604706999,0.178335,0.17703255010041227,-0.005804852306981523,32.40222956836631,-0.023299999999999987,0.1994001395738033,0.1572698604261967,0.010400000000000006,37232.020289725995,1833873.8170411203,0.1642,0.1763,0.1833
2024-10-29,0.1697,0.1749,0.1689,0.1744,13367.873502619996,0.178685,0.17678183104323014,-0.005279204727462683,44.97408673951072,-0.008500000000000008,0.19921085276132522,0.1581591472386748,0.01011428571428572,30758.6669061945,1847241.6905437403,0.16,0.1795,0.1829
2024-10-30,0.1755,0.1764,0.1697,0.1712,6536.002128770001,0.178745,0.17625022808673202,-0.005062481356301579,42.31556770063576,-0.027600000000000013,0.19917072938852579,0.1583192706114742,0.010178571428571436,24623.869262354503,1840705.6884149702,0.1744,0.161,0.1988
2024-10-31,0.1713,0.1713,0.163,0.1639,12179.42877848,0.17797000000000002,0.17507401588799565,-0.005417327930391291,42.01423613225526,-0.022800000000000015,0.19944057717461697,0.15649942282538307,0.009878571428571434,23790.530589731505,1828526.2596364901,0.1712,0.1651,0.1867
2024-11-01,0.1628,0.166,0.1593,0.1612,17260.084447830002,0.17691,0.17375268104151986,-0.005848990312593894,38.643365457275266,-0.025399999999999978,0.19952260943066538,0.15429739056933464,0.010085714285714293,23696.006589059,1811266.1751886602,0.1639,0.1642,0.1866
2024-11-02,0.1617,0.1617,0.1504,0.1575,66155.11241472002,0.1757,0.1722048066566132,-0.0064156888705863,37.37574032544369,-0.01880000000000001,0.1997759325118769,0.1516240674881231,0.010014285714285722,26809.237267007004,1745111.0627739402,0.1612,0.16,0.1763
2024-11-03,0.1565,0.1633,0.1431,0.1524,192772.1476467199,0.17374499999999998,0.17031863459407862,-0.007193407810659136,24.1648069230813,-0.027099999999999985,0.19875089193729373,0.14873910806270624,0.01034285714285715,27808.425574482993,1552338.9151272203,0.1575,0.1744,0.1795
2024-11-04,0.1464,0.151,0.1432,0.1433,14870.117381160002,0.171705,0.16774543129940447,-0.008446681535096173,24.999995967742564,-0.017699999999999994,0.1996394703114202,0.14377052968857978,0.010185714285714293,27207.003408311495,1537468.7977460604,0.1524,0.1712,0.161
2024-11-05,0.1468,0.155,0.1463,0.1526,5637.532066160001,0.170025,0.16630300927088976,-0.008590452327346287,32.29166195746596,-0.012499999999999983,0.19832801267208958,0.14172198732791044,0.01038571428571429,27284.457604238996,1543106.3298122205,0.1433,0.1639,0.1651
2024-11-06,0.1585,0.1727,0.1585,0.1726,85132.55472900001,0.169675,0.16690272267366216,-0.007009754773384447,48.249757090855255,0.00839999999999999,0.19765069433785126,0.14169930566214872,0.010192857142857146,30828.556982062997,1628238.8845412205,0.1526,0.1612,0.1642
2024-11-07,0.1726,0.175,0.1602,0.1717,48941.03336164001,0.169095,0.16735960622855148,-0.005763228145370114,46.22823358611924,0.011699999999999988,0.19635310164453557,0.14183689835546442,0.010492857142857146,33195.54308894499,1579297.8511795804,0.1726,0.1575,0.16
2024-11-08,0.1729,0.1753,0.1682,0.172,42184.617715550005,0.16855,0.16780154849249895,-0.004696995281309069,56.45538978432561,-0.0024000000000000132,0.19507184799468746,0.14202815200531255,0.009357142857142859,34667.8067365185,1621482.4688951303,0.1717,0.1524,0.1744
2024-11-09,0.1733,0.183,0.1717,0.183,299302.4773334899,0.16776,0.1692490200646419,-0.00293060776352555,59.71768907657278,0.011800000000000005,0.19125668733651938,0.1442633126634806,0.00960714285714286,47802.478969302996,1920784.9462286201,0.172,0.1433,0.1712
2024-11-10,0.1821,0.1931,0.1703,0.1849,416144.92422441026,0.16766999999999999,0.17073958958229507,-0.0013617217280709193,61.11706921977476,0.02100000000000002,0.1908731848993702,0.14446681510062978,0.011007142857142858,67706.477441387,2336929.8704530303,0.183,0.1526,0.1639
2024-11-11,0.1859,0.1977,0.1835,0.1977,572857.4751081605,0.168225,0.1733072477173146,0.0009040633051550506,68.53489715350482,0.03649999999999998,0.1937495495862243,0.14270045041377571,0.011435714285714285,95859.58548550055,2909787.345561191,0.1849,0.1726,0.1612
2024-11-12,0.1977,0.2171,0.1815,0.1972,462877.58600882,0.16927,0.1755827479347132,0.002629062253635156,62.98404462668992,0.039699999999999985,0.1977291748225352,0.14081082517746482,0.013549999999999998,116659.67823367302,2446909.7595523708,0.1977,0.1717,0.1575
2024-11-13,0.1977,0.1987,0.1772,0.185,107699.55513557998,0.169545,0.17647962908378814,0.0029773769596678767,57.12809091122653,0.03259999999999999,0.1985219763414924,0.1405680236585076,0.014607142857142855,121197.28245713454,2339210.204416791,0.1972,0.172,0.1524
2024-11-14,0.1879,0.1953,0.1755,0.1813,27079.651454750005,0.17056,0.17693871202818928,0.002921186179953711,59.33475503555182,0.03799999999999998,0.19969839210968088,0.1414216078903191,0.015428571428571427,121976.50459559953,2312130.552962041,0.185,0.183,0.1433
2024-11-15,0.181,0.1915,0.1751,0.1912,19396.87636021999,0.171865,0.1782969299302665,0.0036336157835399896,64.94022998841415,0.038599999999999995,0.20228350371766698,0.141446496282333,0.016121428571428568,122364.93709082002,2331527.429322261,0.1813,0.1849,0.1526
2024-11-16,0.1939,0.219,0.1939,0.2035,75104.14506735,0.17382999999999998,0.18069722231786017,0.005131574979699738,71.1009082989659,0.030899999999999983,0.20710683562892285,0.14055316437107712,0.017107142857142855,125635.62754562504,2406631.574389611,0.1912,0.1977,0.1726
2024-11-17,0.1985,0.1994,0.1923,0.1969,149236.96579117,0.175675,0.1822403440018735,0.005720214521081873,70.13573772035902,0.0252,0.2098040970164544,0.1415459029835456,0.01617142857142857,131736.80803283004,2257394.608598441,0.2035,0.1972,0.1717
2024-11-18,0.2139,0.2248,0.2126,0.2126,15762.86836421,0.17758500000000002,0.1851317398112189,0.007368633369502858,79.59008442133918,0.040600000000000025,0.21548138366305553,0.13968861633694452,0.01648571428571428,131856.55777590952,2273157.4769626507,0.1969,0.185,0.172
2024-11-19,0.2192,0.2194,0.21,0.216,38302.00144761,0.17982499999999998,0.18807157411491232,0.008847381659638914,78.50718436060629,0.033,0.22126293710574405,0.13838706289425592,0.016535714285714286,133444.85774185153,2311459.4784102608,0.2126,0.1813,0.183
2024-11-20,0.2012,0.2077,0.2012,0.2052,2765.1868923,0.18189,0.18970285277063495,0.009043581811060158,65.98038310073173,0.020299999999999985,0.22409560701090014,0.13968439298909985,0.015985714285714287,132974.14564754252,2308694.291517961,0.216,0.1912,0.1849
2024-11-21,0.2039,0.225,0.1942,0.2151,181762.05234987996,0.184585,0.19212162869724114,0.009883982706776956,69.54954077753541,0.017400000000000027,0.22809133468697843,0.14107866531302157,0.01712857142857143,141199.24404264503,2490456.3438678407,0.2052,0.2035,0.1977
2024-11-22,0.2151,0.221,0.2034,0.221,87159.60240835985,0.18776,0.19487194977369438,0.010900433748073313,71.0119983347515,0.023800000000000016,0.23220191478181745,0.14331808521818257,0.017878571428571428,142249.46854232703,2577615.9462762005,0.2151,0.1969,0.1972
2024-11-23,0.221,0.2589,0.2192,0.2422,177324.93106062972,0.19225,0.1993793831285806,0.013263745147971295,73.34384048254128,0.0572,0.23969377281528104,0.14480622718471897,0.019907142857142856,141477.1077130225,2754940.8773368304,0.221,0.2126,0.185
2024-11-24,0.2433,0.2602,0.2259,0.2533,123411.0,0.19775,0.2045146799734777,0.015849658693213642,75.14705108780356,0.07200000000000004,0.24677809076653048,0.14872190923346953,0.02072857142857143,146904.1518439645,2878351.8773368304,0.2422,0.216,0.1813
2024-11-25,0.2534,0.2746,0.225,0.243,174761.97060350998,0.20227,0.2081799485474322,0.016873384021329846,66.96628511214988,0.051799999999999985,0.25043257992740603,0.15410742007259398,0.023257142857142858,155360.37377083203,2703589.9067333206,0.2533,0.2052,0.1912
2024-11-26,0.2431,0.2606,0.2278,0.239,411356.79558166006,0.20559,0.21111519154291483,0.01716407042915502,65.25546778411277,0.035500000000000004,0.2542923137891996,0.15688768621080038,0.023057142857142863,171671.585813465,2292233.1111516603,0.243,0.2151,0.2035
2024-11-27,0.2388,0.2691,0.2341,0.2623,505353.5663459996,0.21012,0.21598993520549437,0.019054903706748505,76.09722440674446,0.06539999999999999,0.26228103001889613,0.1579589699811039,0.024021428571428576,194492.21246268298,2797586.67749766,0.239,0.221,0.1969
2024-11-28,0.2615,0.2651,0.2394,0.263,130497.01433017002,0.21467,0.22046708423354253,0.020375016346381586,78.15299039185481,0.0504,0.2686734735724965,0.16066652642750348,0.024442857142857145,198907.832293414,2928083.69182783,0.2623,0.2422,0.2126
2024-11-29,0.2614,0.2677,0.2523,0.2644,26847.882149199995,0.21874000000000002,0.22465117144939561,0.021288779624198062,76.7935499625937,0.048400000000000026,0.27491935189149086,0.16256064810850918,0.02437142857142857,185285.10253419948,2954931.57397703,0.263,0.2533,0.216
2024-11-30,0.2619,0.2762,0.2571,0.2677,167549.94346200995,0.22287999999999997,0.22875105988278652,0.02202533171223997,75.15673156587584,0.0625,0.28073774205575297,0.16502225794424696,0.023942857142857144,172855.35349607948,3122481.51743904,0.2644,0.243,0.2052
2024-12-01,0.2655,0.2896,0.2604,0.2794,401664.61764811,0.22696500000000003,0.23357476846537828,0.023284734838629112,81.08514592922347,0.06429999999999997,0.288741243943688,0.16518875605631206,0.025521428571428573,164295.71062307694,3524146.13508715,0.2677,0.239,0.2151
2024-12-02,0.2848,0.3269,0.2536,0.308,404919.0715285717,0.23250500000000002,0.24066288575438988,0.02628757506769605,82.76098105320236,0.087,0.3023835856814709,0.16262641431852914,0.02988571428571429,161397.78489906454,3929065.206615722,0.2794,0.2623,0.221
2024-12-03,0.3091,0.3765,0.3091,0.3498,357653.7104570797,0.24074500000000004,0.2510568966349242,0.0316751270982448,86.35868908140408,0.1076,0.32452135579012875,0.15696864420987136,0.03402857142857143,173895.49266513952,4286718.917072802,0.308,0.263,0.2422
2024-12-04,0.3531,0.3558,0.3191,0.3318,101410.29880807,0.24827,0.2587467160030267,0.034099276101116405,83.10668847545166,0.07849999999999996,0.33648333232567806,0.1600566676743219,0.036185714285714286,177612.0250328055,4185308.618264732,0.3498,0.2644,0.2533
2024-12-05,0.3226,0.3453,0.3031,0.3185,100896.84147688,0.254635,0.26443750495511936,0.03454897374039051,76.56731206607209,0.07550000000000001,0.3438745540105424,0.1653954459894576,0.037,181687.0232886385,4084411.776787852,0.3318,0.2677,0.243
2024-12-06,0.317,0.3494,0.317,0.337,151805.47891930002,0.26131,0.2713482187689175,0.03598336392796553,77.99227272252983,0.09800000000000003,0.35433592507920897,0.168284074920791,0.03805714285714285,185522.08998123603,4236217.255707152,0.3185,0.2794,0.239
2024-12-07,0.3392,0.353,0.3352,0.3422,76304.55869876,0.268575,0.27809600745759205,0.037111921893410726,76.15062203918039,0.07990000000000003,0.36310385663564637,0.17404614336435362,0.036492857142857146,181875.46962661552,4312521.8144059125,0.337,0.308,0.2623
2024-12-08,0.3395,0.3447,0.3238,0.3447,35311.667051569995,0.27518000000000004,0.2844392448425833,0.03777262204419074,75.02737650392513,0.0817,0.3716807684725357,0.17867923152746432,0.03553571428571429,182852.90956098353,4347833.481457482,0.3422,0.3498,0.263
2024-12-09,0.3409,0.3445,0.2542,0.2791,112026.97911037,0.278335,0.2839307453337659,0.03262675894814443,57.587218132740425,0.01469999999999999,0.37072764666571256,0.18594235333428746,0.03844285714285715,186539.15844412154,4235806.502347112,0.3447,0.3318,0.2644
2024-12-10,0.2791,0.2994,0.2496,0.2855,152841.89070895017,0.28235,0.2840801981591215,0.02873382622106374,59.67540226610223,0.017799999999999983,0.36810130503840705,0.19659869496159293,0.039657142857142856,194042.99363495404,4388648.393056062,0.2791,0.3185,0.2677
2024-12-11,0.2855,0.332,0.2738,0.3314,125720.92833398005,0.288165,0.2885868459534909,0.029017895153167883,63.14187567901765,0.05199999999999999,0.37041643159848614,0.20591356840151384,0.04131428571428571,191240.93743415904,4514369.321390042,0.2855,0.337,0.2794
2024-12-12,0.3288,0.3544,0.3214,0.3344,66354.24209209003,0.29383499999999996,0.29295000348172984,0.02914908425777174,63.461535111382005,0.02639999999999998,0.3721309641360935,0.21553903586390646,0.041835714285714296,190200.66941834553,4580723.563482132,0.3314,0.3422,0.308
2024-12-13,0.3362,0.3415,0.3209,0.3336,63754.45587328999,0.29840500000000003,0.2968214317215651,0.02885586678408225,63.07633831039783,-0.016199999999999992,0.3746540510726141,0.22215594892738594,0.04220714285714287,184522.14565897855,4516969.107608842,0.3344,0.3447,0.3498
2024-12-14,0.3343,0.3485,0.3059,0.3098,30046.620608359983,0.30123,0.2980574858433208,0.026398720708865897,57.383371436803934,-0.021999999999999964,0.37457400847341105,0.22788599152658895,0.04388571428571429,179853.92668939655,4486922.487000482,0.3336,0.2791,0.3318
2024-12-15,0.3094,0.3311,0.3018,0.3287,68496.95015596,0.305515,0.3009758205249093,0.025680458448125276,58.433113862252505,0.010199999999999987,0.37441389694327776,0.23661610305672218,0.04389285714285714,174540.67566701904,4555419.437156443,0.3098,0.2855,0.3185
2024-12-16,0.3288,0.3409,0.3021,0.3225,107777.8557921,0.30968999999999997,0.30302574237967983,0.024330475668933926,52.68617733380332,-0.014500000000000013,0.3713583114052862,0.24802168859471374,0.04142857142857143,159361.72867754108,4447641.581364343,0.3287,0.3314,0.337
2024-12-17,0.3201,0.3284,0.2695,0.2732,141688.44404207004,0.310235,0.300185195486377,0.019062762942571032,36.19322095636232,-0.069,0.37031201285587206,0.2501579871441279,0.04082142857142857,141178.47256234457,4305953.137322273,0.3225,0.3344,0.3422
2024-12-18,0.2748,0.2953,0.25,0.25,168835.87985808024,0.309585,0.295405653059103,0.012867685872713308,35.52724523219591,-0.0947,0.37204776448708327,0.24712223551291673,0.041435714285714284,143095.4158387401,4137117.257464193,0.2732,0.3336,0.3447
2024-12-19,0.2482,0.2561,0.2178,0.2371,129804.07180125,0.30822,0.2898527337201408,0.006838292887808128,35.57760277077803,-0.04200000000000001,0.3758221052303799,0.2406178947696201,0.04115714285714286,148243.22532134262,4007313.185662943,0.25,0.3098,0.2791
2024-12-20,0.2382,0.2658,0.2099,0.2587,107221.92719352,0.30777,0.286885806699175,0.003759557154474291,36.27760074347559,-0.02679999999999999,0.3766161626037615,0.23892383739623846,0.04283571428571429,145226.8245079181,4114535.112856463,0.2371,0.3287,0.2855
2024-12-21,0.2621,0.2687,0.2422,0.2434,142910.85744926,0.30596999999999996,0.2827443012992536,8.40854869965102e-05,33.27691108369412,-0.08799999999999997,0.3796519080843308,0.2322880919156691,0.04345714285714286,132289.1364979756,3971624.255407203,0.2587,0.3225,0.3314
2024-12-22,0.2454,0.2531,0.2293,0.2345,135047.76981951002,0.302295,0.27814960593741994,-0.0035064873064632462,31.742874604372943,-0.09989999999999999,0.38258603574530003,0.22200396425469993,0.04366428571428571,118795.5714125225,3836576.485587693,0.2434,0.2732,0.3344
2024-12-23,0.2323,0.2611,0.2318,0.2574,75563.09833081004,0.297675,0.276173452990999,-0.004452873542860891,45.81242515872655,-0.07619999999999999,0.3770853764928569,0.21826462350714315,0.03930714285714285,104691.04080620903,3912139.583918503,0.2345,0.25,0.3336
2024-12-24,0.2562,0.2722,0.2495,0.2695,88906.07476774,0.29456000000000004,0.27553788603947527,-0.004178357078011674,46.9788494799702,-0.0403,0.37321820531361205,0.21590179468638807,0.03737142857142856,104065.82960419252,4001045.658686243,0.2574,0.2371,0.3098
2024-12-25,0.2686,0.2734,0.252,0.2547,96399.22201840002,0.29137,0.2735533254642871,-0.005096290251386082,33.59007073059054,-0.07400000000000001,0.3711076778139315,0.21163232218606853,0.03474285714285714,103840.94863126853,3904646.436667843,0.2695,0.2587,0.3287
2024-12-26,0.2569,0.2569,0.2341,0.2383,70633.36681203995,0.286435,0.27019586589625977,-0.007065653390053939,30.554429673160598,-0.0842,0.36649840316471843,0.20637159683528156,0.03401428571428571,99782.34302590552,3834013.0698558027,0.2547,0.2434,0.3225
2024-12-27,0.2363,0.2489,0.2307,0.2328,78094.56141813997,0.280965,0.2666343548585207,-0.008966827890263152,29.98411270938213,-0.04039999999999999,0.35992770338784164,0.2020022966121584,0.03384285714285714,99871.84316187452,3755918.508437663,0.2383,0.2345,0.2732
2024-12-28,0.2334,0.2466,0.2269,0.2466,47549.750329400005,0.27605999999999997,0.2647263210624711,-0.00925331129766055,36.93134608337947,-0.0033999999999999864,0.350405407248517,0.20171459275148296,0.03220714285714286,100483.74732576603,3803468.258767063,0.2328,0.2574,0.25
2024-12-29,0.2409,0.2411,0.2253,0.2253,32282.2841645,0.27337,0.26097143334223577,-0.01107145856787034,28.82882717607052,-0.011800000000000005,0.3510698299801734,0.19567017001982662,0.031242857142857145,96496.51257847252,3771185.974602563,0.2466,0.2695,0.2371
2024-12-30,0.2288,0.2465,0.2227,0.2394,46739.01021937998,0.271065,0.2589170111191657,-0.01124497613207609,33.51844320008645,-0.019299999999999984,0.3499754295688303,0.19215457043116968,0.03017142857142857,91191.36855399402,3817924.9848219426,0.2253,0.2547,0.2587
2024-12-31,0.2288,0.2469,0.225,0.2317,39776.89688182,0.26608,0.2563249148221023,-0.011867020079734975,40.14251514491586,-0.011700000000000016,0.3414595337294126,0.19070046627058734,0.027528571428571427,86894.166981386,3778148.0879401225,0.2394,0.2383,0.2434
2025-01-01,0.2316,0.2468,0.2244,0.2355,18509.80231999,0.261135,0.2543415896009497,-0.01191600584978414,46.20617139253584,0.0010000000000000009,0.3303688607451926,0.1919011392548074,0.02589285714285714,84501.944992781,3796657.8902601125,0.2317,0.2328,0.2345
2025-01-02,0.239,0.26,0.239,0.2439,54223.58328271,0.25665,0.25334715249609735,-0.011148504605808018,51.82207542599649,-0.013500000000000012,0.31719466815588127,0.19610533184411874,0.024657142857142857,84025.40136325201,3850881.4735428225,0.2355,0.2466,0.2574
2025-01-03,0.2409,0.2659,0.2409,0.2586,46777.89197135998,0.25409,0.25384742368694524,-0.00924748790917937,49.97217195542345,-0.01090000000000002,0.3092637504329969,0.19891624956700307,0.02245,84861.96493140202,3897659.3655141825,0.2439,0.2253,0.2695
2025-01-04,0.2561,0.2686,0.2506,0.2581,79692.57877569,0.25056,0.2542524309548552,-0.0076925889256762026,54.4572421928357,0.003400000000000014,0.2932581769609664,0.2078618230390336,0.021842857142857146,85421.74636238851,3817966.7867384925,0.2586,0.2394,0.2547
2025-01-05,0.2561,0.2676,0.2538,0.26,37215.141871559994,0.24743500000000002,0.25479981848296424,-0.00623513144372162,58.074725693184554,0.021699999999999997,0.27410382864044025,0.22076617135955978,0.021128571428571434,81893.61066636152,3855181.9286100524,0.2581,0.2317,0.2383
2025-01-06,0.2586,0.269,0.2561,0.263,27861.47894322001,0.246925,0.25558078815125335,-0.0047828769328600584,52.028980228944036,0.030200000000000005,0.2718525054170353,0.22199749458296472,0.019957142857142864,76202.26241141901,3883043.4075532723,0.26,0.2355,0.2328
2025-01-07,0.2628,0.2645,0.2154,0.2273,408064.3997519397,0.24579,0.25288737975589587,-0.006438428219987219,36.94306610641754,-0.01930000000000001,0.27215376300911037,0.21942623699088964,0.021842857142857146,88163.68840611198,3474979.0078013325,0.263,0.2439,0.2466
2025-01-08,0.2287,0.2287,0.2051,0.2149,382928.05818268016,0.24468,0.24926953406485816,-0.008651313949559924,37.4999967022616,-0.010399999999999993,0.27425777259327494,0.21510222740672508,0.02200000000000001,100819.8877251835,3092050.9496186525,0.2273,0.2586,0.2253
2025-01-09,0.2159,0.2205,0.2035,0.2098,612928.28048292,0.24223500000000003,0.24551053082058596,-0.01069330346475722,40.365107740963424,-0.029600000000000015,0.27486048406578606,0.209609515934214,0.021585714285714295,126105.20538965349,2479122.6691357326,0.2149,0.2581,0.2394
2025-01-10,0.2114,0.2189,0.2076,0.2172,445876.5746854397,0.240925,0.24281428979005398,-0.011580978401566966,44.793053223613185,-0.014499999999999985,0.27540482629093677,0.20644517370906323,0.021092857142857153,141253.49125146246,2924999.243821172,0.2098,0.26,0.2317
2025-01-11,0.2186,0.2199,0.2063,0.2155,385599.70875606016,0.239975,0.2402129288576679,-0.012280085791927131,38.70733085038031,-0.01999999999999999,0.2762028680169449,0.20374713198305514,0.020657142857142857,153781.08819829,2539399.5350651117,0.2172,0.263,0.2355
2025-01-12,0.2147,0.2172,0.2072,0.2072,26453.26155145,0.23746499999999998,0.23706884039503287,-0.013349983766802742,42.74257739858795,-0.03670000000000001,0.27551965736764644,0.19941034263235352,0.02024285714285715,151325.596359322,2512946.2735136617,0.2155,0.2273,0.2439
2025-01-13,0.2128,0.2163,0.185,0.2009,103504.10392856004,0.234035,0.23362418892883927,-0.014538650456328628,33.532930115816754,-0.0577,0.27229781828562094,0.19577218171437905,0.02077857142857143,152055.49781736298,2409442.169585102,0.2072,0.2149,0.2586
2025-01-14,0.201,0.2099,0.1845,0.2094,806854.8838927995,0.23176999999999998,0.23131712331656887,-0.014626196717850842,40.52675813615453,-0.04869999999999999,0.27024471350053075,0.1932952864994692,0.02102857142857143,187578.28091108295,3216297.053477901,0.2009,0.2098,0.2581
2025-01-15,0.2091,0.2212,0.2025,0.2212,127919.14438588994,0.23091500000000004,0.23035358776260992,-0.01358679624789988,44.31184868444009,-0.0388,0.2695384330290295,0.19229156697097055,0.020764285714285718,190442.56978977547,3344216.197863791,0.2094,0.2172,0.26
2025-01-16,0.2212,0.2221,0.2055,0.2147,222431.4880075998,0.23001,0.2288627698804566,-0.013136134384002102,38.206780816680684,-0.04830000000000001,0.26929009540132764,0.19072990459867234,0.020450000000000003,197659.41611924843,3121784.709856191,0.2212,0.2155,0.263
2025-01-17,0.2179,0.2353,0.2179,0.2312,128448.98231603006,0.22924000000000003,0.229085363225175,-0.011317112873723195,39.092352330470284,0.003899999999999987,0.2677469453749038,0.19073305462509627,0.019907142857142863,201704.37771857996,3250233.6921722214,0.2147,0.2072,0.2273
2025-01-18,0.232,0.232,0.2023,0.208,450388.8887252398,0.228375,0.22707723339420596,-0.011613695874231528,33.10856059662949,-0.006900000000000017,0.26801516437377004,0.18873483562622995,0.020742857142857143,222609.70794661692,2799844.8034469816,0.2312,0.2009,0.2149
2025-01-19,0.2106,0.2142,0.1806,0.1842,95158.0465452,0.22561499999999998,0.22299368735666253,-0.013612287160963271,27.732077624858476,-0.025599999999999984,0.26948419672222407,0.1817458032777759,0.022157142857142858,225030.65976290792,2704686.7569017815,0.208,0.2094,0.2098
2025-01-20,0.1806,0.1986,0.1749,0.1822,267928.21664046973,0.22313999999999998,0.21910857427507563,-0.015182553415115374,26.122929280608687,-0.035,0.27097024368040457,0.1753097563195954,0.02292857142857143,236438.2257508404,2436758.540261312,0.1842,0.2212,0.2172
2025-01-21,0.1813,0.1966,0.1742,0.1902,269247.44793887995,0.220875,0.21635537672506844,-0.015601621808936955,36.89045571401852,-0.02529999999999999,0.2704975702043413,0.1712524297956587,0.021021428571428573,248975.10803178494,2706005.988200192,0.1822,0.2147,0.2155
2025-01-22,0.1894,0.1944,0.1869,0.1869,289539.58803708997,0.218025,0.21355010275125239,-0.016015403350433194,39.425977704201756,-0.020299999999999985,0.2686174843596832,0.16743251564031683,0.01987142857142857,260740.90826950394,2416466.400163102,0.1902,0.2312,0.2072
2025-01-23,0.1909,0.1949,0.1797,0.1875,845704.7948415393,0.21447000000000002,0.21106914058446644,-0.016109216200888288,41.282247240410776,-0.013399999999999995,0.26300817163082824,0.16593182836917178,0.019742857142857142,300687.2534130129,3262171.195004641,0.1869,0.208,0.2009
2025-01-24,0.1833,0.1922,0.1803,0.1807,474225.71665972,0.21060000000000004,0.20817684148118393,-0.016541585628442657,35.663782409324796,-0.028700000000000003,0.2567760475617137,0.1644239524382864,0.01978571428571429,320413.91030721436,2787945.478344921,0.1875,0.1842,0.2094
2025-01-25,0.1807,0.1807,0.1729,0.1748,18080.41829205001,0.20634000000000002,0.20499809467345212,-0.017162483776772236,34.524711153262686,-0.0464,0.24890612935682135,0.1637738706431787,0.01937142857142857,319457.1741282389,2769865.0600528712,0.1807,0.1822,0.2212
2025-01-26,0.1742,0.1826,0.1608,0.1608,21970.857814719995,0.20122999999999996,0.20078875232359952,-0.01857016769609862,33.09037563217741,-0.0539,0.23947492260763195,0.16298507739236798,0.020214285714285712,319162.64307181386,2747894.2022381513,0.1748,0.1902,0.2147
2025-01-27,0.1594,0.1669,0.1452,0.1629,1026806.5071793502,0.19801000000000002,0.19718029972135195,-0.019293906747467143,35.714281954887596,-0.0683,0.2378250407972266,0.15819495920277343,0.01952857142857143,350099.7484431844,3774700.7094175015,0.1608,0.1869,0.2312
2025-01-28,0.1645,0.1645,0.1461,0.1461,61867.53257229997,0.19457,0.19231550927169938,-0.02098123612677333,27.60084652220911,-0.06189999999999998,0.23976567282501582,0.14937432717498417,0.019028571428571426,334046.7221626654,3712833.1768452013,0.1629,0.1875,0.208
2025-01-29,0.1497,0.1661,0.1484,0.1561,123393.82159727,0.19188500000000003,0.18886641315058517,-0.02126639463048305,26.666663990442302,-0.028100000000000014,0.23958225910695927,0.1441877408930408,0.018957142857142856,309569.99921838293,3836226.9984424715,0.1461,0.1807,0.1842
2025-01-30,0.1537,0.1649,0.1537,0.1603,24548.339819299996,0.18904,0.18614580237433895,-0.020912414601988005,30.17492403462873,-0.021900000000000003,0.23716542385323222,0.1409145761467678,0.018571428571428572,288503.58747507597,3860775.3382617715,0.1561,0.1748,0.1822
2025-01-31,0.1603,0.1696,0.1564,0.16,128248.31615338004,0.186265,0.18365572595773524,-0.02042069333063734,20.57851001570957,-0.030200000000000005,0.2343667463300515,0.13816325366994847,0.01827142857142857,275636.01784494193,3732527.0221083914,0.1603,0.1608,0.1902
2025-02-01,0.162,0.1646,0.1453,0.1466,181782.86118811,0.18323499999999998,0.1801266091998557,-0.02087167303734963,22.392083511788044,-0.0403,0.23337557186918645,0.1330944281308135,0.017528571428571425,283402.49782677495,3550744.1609202814,0.16,0.1629,0.1869
2025-02-02,0.1471,0.1471,0.1174,0.1224,175796.68169697997,0.17931,0.17462883689510755,-0.02291763522309459,22.311825158014756,-0.0651,0.23554746269638197,0.12307253730361803,0.017249999999999998,287017.1267151959,3374947.4792233016,0.1466,0.1461,0.1875
2025-02-03,0.1245,0.1327,0.0962,0.1308,456991.7559123708,0.17538,0.17045466195271636,-0.02358934194727544,28.220335634875426,-0.0499,0.23371029726435494,0.11704970273564508,0.018164285714285713,269523.9703161745,3831939.2351356726,0.1224,0.1561,0.1807
2025-02-04,0.1325,0.1325,0.1161,0.1249,175882.13531977005,0.170565,0.16611612271912432,-0.024317438760268706,21.829160434786473,-0.049900000000000014,0.22886835460241878,0.11226164539758121,0.017735714285714285,271922.1198628685,3656057.0998159028,0.1308,0.1603,0.1748
2025-02-05,0.1237,0.126,0.1108,0.1203,160722.78825788002,0.165845,0.1617526824601601,-0.024977714738992574,21.58702813806829,-0.040499999999999994,0.22438817255352872,0.10730182744647127,0.018285714285714287,268836.6848753825,3495334.3115580226,0.1249,0.16,0.1608
2025-02-06,0.122,0.1227,0.1099,0.1136,209545.93017398,0.159965,0.15716671270204963,-0.025744851591394557,20.03243892575712,-0.04929999999999998,0.21434468951345362,0.10558531048654637,0.018114285714285718,272891.53226828005,3285788.3813840426,0.1203,0.1466,0.1629
2025-02-07,0.1152,0.1224,0.1141,0.116,60435.099507840016,0.155365,0.1532460733970925,-0.025861043124286193,22.79225972168514,-0.030100000000000002,0.20817812735535846,0.10255187264464155,0.017857142857142856,253393.84280741,3346223.4808918824,0.1136,0.1224,0.1461
2025-02-08,0.1182,0.1263,0.1162,0.1258,11522.953903260002,0.152445,0.15063216164498847,-0.024875597252628223,30.048856509087997,-0.030299999999999994,0.2050025964763335,0.09988740352366648,0.018021428571428574,249212.08817531302,3357746.4347951426,0.116,0.1308,0.1561
2025-02-09,0.126,0.1297,0.075,0.1242,739618.850911143,0.14954499999999998,0.14811481291689432,-0.023947677014119817,33.4239088049391,-0.03609999999999999,0.2015877951431942,0.09750220485680577,0.02037142857142857,272796.61988884665,2618127.583884,0.1258,0.1249,0.1603
2025-02-10,0.1255,0.1343,0.1202,0.1321,81220.77409768,0.14664000000000002,0.14658959263909485,-0.022317566547891077,36.746983524459814,-0.027900000000000008,0.19551765176546393,0.09776234823453611,0.019828571428571428,263395.2861967867,2699348.35798168,0.1242,0.1203,0.16
2025-02-11,0.1329,0.1396,0.1203,0.1292,886993.2427970283,0.14375500000000002,0.14493344095918106,-0.021017422261838448,41.73997473744236,-0.0174,0.189326665943246,0.09818333405675407,0.01989285714285714,293267.9689347836,1812355.1151846517,0.1321,0.1136,0.1466
2025-02-12,0.1292,0.1403,0.1239,0.1377,233099.66779019003,0.141265,0.14424454182021143,-0.019081213237018446,40.873010196208895,0.015299999999999994,0.18195309602199933,0.10057690397800066,0.019800000000000005,262637.71258221613,2045454.7829748418,0.1292,0.116,0.1224
2025-02-13,0.1393,0.1393,0.129,0.1352,248182.6276387901,0.13899,0.1433831568849532,-0.017546220830256115,37.33601894344837,0.004399999999999987,0.17524023557093216,0.10273976442906786,0.019735714285714284,251335.55813116962,1797272.1553360517,0.1377,0.1258,0.1308
2025-02-14,0.1341,0.1408,0.1337,0.136,29810.047029599995,0.13705,0.14267999908638623,-0.01607981685538243,37.95180189432503,0.011100000000000013,0.16914587610828846,0.10495412389171153,0.0193,251922.03956804713,1827082.2023656517,0.1352,0.1242,0.1249
2025-02-15,0.1359,0.1397,0.1334,0.1344,23440.551529159995,0.13573,0.14189142774482563,-0.01487531440378187,43.052384934699425,0.014099999999999988,0.16582214620392843,0.10563785379607155,0.018371428571428573,251995.52425376914,1803641.6508364917,0.136,0.1321,0.1203
2025-02-16,0.1343,0.1404,0.1323,0.1343,9086.062588469998,0.1343,0.14116843462627082,-0.013770073857328091,59.34064629875906,0.020699999999999996,0.16153867219889045,0.10706132780110955,0.016828571428571432,201109.50202422513,1794555.5882480217,0.1344,0.1292,0.1136
2025-02-17,0.1344,0.1448,0.1297,0.1383,214600.59444596007,0.13391000000000003,0.1408952503761498,-0.012428132416575643,56.323764105688085,0.0223,0.16065620681420234,0.10716379318579772,0.015300000000000005,208746.1551179081,2009156.1826939818,0.1343,0.1377,0.116
2025-02-18,0.137,0.138,0.1222,0.1283,1394195.6505032787,0.13252,0.1396957027212784,-0.012032843453973874,52.6813763795068,0.0025000000000000022,0.1572219794646988,0.10781802053530122,0.01525714285714286,272286.2465632086,614960.5321907031,0.1383,0.1352,0.1258
2025-02-19,0.1283,0.1298,0.1202,0.1275,126213.99356269996,0.13088,0.1385342072240138,-0.01164983536698988,56.04025529255748,0.0032999999999999974,0.151896645032492,0.10986335496750799,0.014857142857142859,277369.52925037855,488746.5386280031,0.1283,0.136,0.1242
2025-02-20,0.1275,0.1384,0.1269,0.1376,82557.92203021,0.12976000000000001,0.13844523510744106,-0.010411298143660652,69.04760370370713,0.005500000000000005,0.14611248572769306,0.11340751427230697,0.014764285714285716,275085.00954422005,571304.4606582131,0.1275,0.1344,0.1321
2025-02-21,0.1387,0.1449,0.1301,0.1343,103092.31954792,0.129145,0.13805045081149428,-0.009585534813204288,64.31923473443997,0.005099999999999993,0.14365183686370656,0.11463816313629348,0.01522857142857143,271150.4824622105,468212.1411102931,0.1376,0.1343,0.1292
2025-02-22,0.1351,0.1415,0.1351,0.1408,7258.764752200001,0.13006500000000001,0.138312312638971,-0.00831081385842275,62.376223213413795,0.0031000000000000194,0.14509511363197877,0.11503488636802126,0.014964285714285713,262723.5866149716,475470.9058624931,0.1343,0.1383,0.1377
2025-02-23,0.1404,0.1412,0.1348,0.1352,6206.68311466,0.13028499999999998,0.13801590191144997,-0.007664114376945225,58.51391920750976,0.0,0.14548822334245995,0.11508177665754002,0.011514285714285713,240184.332975086,469264.2227478331,0.1408,0.1283,0.1352
2025-02-24,0.1357,0.1357,0.1162,0.1188,25297.024171619996,0.12998,0.1361858160151214,-0.008378362767503339,40.90286494336377,-0.017200000000000007,0.1458674462192368,0.11409255378076323,0.011899999999999997,232655.07741767852,443967.1985762131,0.1352,0.1275,0.136
2025-02-25,0.1163,0.1292,0.1104,0.1215,36430.6642454,0.13004,0.13478716687082412,-0.00862709455192917,44.71878427897147,-0.012899999999999995,0.14578191856162137,0.11429808143837861,0.011864285714285714,226440.4712170545,480397.8628216131,0.1188,0.1376,0.1344
2025-02-26,0.1221,0.1229,0.1157,0.1218,21777.712022329993,0.13045,0.13355029383550754,-0.00869972378984768,37.712511159580295,-0.012499999999999997,0.14475016562291587,0.11614983437708415,0.011207142857142856,217052.06030947203,502175.57484394306,0.1215,0.1343,0.1343
2025-02-27,0.1206,0.1224,0.1156,0.1176,11249.76803598,0.13053,0.13203121823212588,-0.008992527622520619,36.746980203949974,-0.02070000000000001,0.14450397581222751,0.1165560241877725,0.010957142857142856,214592.793735879,490925.80680796306,0.1218,0.1408,0.1383
2025-02-28,0.1196,0.1227,0.1077,0.1227,45693.19978954998,0.130375,0.13114253078144722,-0.008712615780625932,40.59405136751458,-0.005599999999999994,0.14463571157893468,0.11611428842106532,0.01152142857142857,216301.30603019352,536619.0065975131,0.1176,0.1352,0.1283
2025-03-01,0.1221,0.1239,0.1155,0.1175,19394.32148166,0.13004,0.12984324213559512,-0.0088088373770831,38.62717980106976,-0.010000000000000009,0.14519803070116835,0.11488196929883164,0.011671428571428569,180290.07955871936,517224.6851158531,0.1227,0.1188,0.1275
2025-03-02,0.1174,0.1317,0.1154,0.1299,32726.40904904,0.12993,0.12984864764649082,-0.007794665267446044,47.45957662316312,-0.007700000000000012,0.14505698529817646,0.11480301470182352,0.012257142857142855,177865.36130628738,549951.0941648931,0.1175,0.1215,0.1376
2025-03-03,0.1299,0.1308,0.1086,0.1086,40391.660854819995,0.1289,0.1278249669182536,-0.008610403184198229,35.707406160695996,-0.0257,0.146789367615568,0.111010632384432,0.012764285714285712,135535.28220917692,509559.43331007316,0.1299,0.1218,0.1343
2025-03-04,0.1115,0.1115,0.0987,0.1067,47115.315846349986,0.12735000000000002,0.12581306530699135,-0.009302956786392133,38.7265079105312,-0.034100000000000005,0.14728404915691237,0.10741595084308765,0.012549999999999997,126236.06461198493,462444.1174637232,0.1086,0.1176,0.1408
2025-03-05,0.108,0.1126,0.1059,0.1124,5444.194770710001,0.12621,0.12453563051584932,-0.009284838306214793,42.50247671266461,-0.022799999999999987,0.14684914522915618,0.1055708547708438,0.012342857142857142,114099.14296858094,467888.3122344332,0.1067,0.1227,0.1352
2025-03-06,0.1126,0.1162,0.1078,0.1085,10668.84571983,0.12483499999999999,0.12300842760957795,-0.009475943903725817,34.603169476779115,-0.010300000000000004,0.14637255838189095,0.10329744161810904,0.012121428571428571,113142.08290309245,457219.4665146032,0.1124,0.1175,0.1188
2025-03-07,0.1081,0.1133,0.104,0.1097,1330.97659968,0.1236,0.12174095831342767,-0.009421956051021058,36.68830612947743,-0.011799999999999991,0.14565466891733728,0.10154533108266271,0.011728571428571427,112036.60415661843,458550.4431142832,0.1085,0.1299,0.1215
2025-03-08,0.1081,0.1081,0.1034,0.1062,21609.95465173999,0.12219499999999998,0.12026086704548218,-0.009551487436497155,30.64876477536123,-0.015600000000000003,0.14494873653527093,0.09944126346472903,0.011607142857142856,112662.79875978192,436940.48846254323,0.1097,0.1086,0.1218
2025-03-09,0.104,0.104,0.0946,0.0952,21515.326180710003,0.12004,0.1178741178030553,-0.010421616158035427,28.902949318129856,-0.02239999999999999,0.1444734025034475,0.09560659749655248,0.01182142857142857,103008.53534651943,415425.16228183324,0.1062,0.1067,0.1176
2025-03-10,0.0976,0.1144,0.0916,0.0943,210973.9649591501,0.11834,0.11562896372657384,-0.01105637095516046,34.55232681295618,-0.02840000000000001,0.1449847506432852,0.0916952493567148,0.012057142857142858,43847.451069313,204451.19732268315,0.0952,0.1124,0.1227
2025-03-11,0.0904,0.1034,0.0881,0.1012,29762.678799439997,0.117025,0.11425477670499538,-0.010877260087322108,37.84430503209257,-0.016299999999999995,0.1443534794577823,0.08969652054221772,0.011807142857142858,39024.88533115,234213.87612212315,0.0943,0.1085,0.1175
2025-03-12,0.0991,0.1014,0.0926,0.1002,133957.15785802,0.11515500000000001,0.11291622654261488,-0.010692745759673009,37.173390493735546,-0.02969999999999999,0.1416615215411467,0.08864847845885332,0.011921428571428572,41594.84712254051,100256.71826410317,0.1012,0.1097,0.1299
2025-03-13,0.0995,0.0995,0.0957,0.0983,4967.91732992,0.11335500000000001,0.11152420496712774,-0.010577895551290684,38.21733168446101,-0.010300000000000004,0.13927020382853347,0.08743979617146655,0.01170714285714286,36688.62701164051,95288.80093418316,0.1002,0.1062,0.1086
2025-03-14,0.0981,0.105,0.0977,0.1018,60154.09238265001,0.111405,0.11059809020835368,-0.010088165096845389,36.98629492144298,-0.004900000000000002,0.13432054057840997,0.08848945942159002,0.011157142857142857,39333.393393163,155442.8933168332,0.0983,0.0952,0.1067
2025-03-15,0.102,0.1035,0.102,0.1032,2786.69482354,0.10980500000000001,0.10989351018851047,-0.009477827389267501,40.65358733136965,-0.0092,0.13003655170053163,0.08957344829946838,0.010664285714285718,39162.393978607,158229.58814037318,0.1018,0.0943,0.1124
2025-03-16,0.1025,0.1066,0.0979,0.0979,4109.05918871,0.10876,0.10875127112293805,-0.009314425169492616,26.945239521133246,-0.010599999999999998,0.12919334735698695,0.08832665264301302,0.010121428571428573,38102.9957294615,154120.52895166317,0.1032,0.1012,0.1085
2025-03-17,0.0989,0.1056,0.0989,0.1056,9770.756880870002,0.107965,0.10845115006361061,-0.008466011177708968,47.31181608664112,-0.004100000000000006,0.12753008974788685,0.08839991025211316,0.009014285714285716,36770.000361235005,163891.28583253318,0.0979,0.1002,0.1097
2025-03-18,0.1043,0.1043,0.0995,0.1024,1737.6009030299997,0.10699499999999999,0.10787485005755246,-0.007960091256195179,46.234664671010414,-0.003799999999999998,0.12557064619548164,0.08841935380451836,0.008442857142857144,35767.994805270006,162153.6849295032,0.1056,0.0983,0.1062
2025-03-19,0.104,0.1076,0.1034,0.1072,5025.758228539999,0.10647500000000001,0.10781057862349984,-0.00709009597573626,45.37365417738153,0.011999999999999997,0.1243704713471763,0.08857952865282373,0.008264285714285714,35456.794314898,167179.4431580432,0.1024,0.1018,0.0952
2025-03-20,0.1048,0.1091,0.1048,0.1063,10068.97231892,0.10565499999999999,0.10766671399269033,-0.006399471799015052,47.93231821329973,0.01200000000000001,0.12184147583635073,0.08946852416364924,0.007971428571428572,33675.582941366505,157110.4708391232,0.1072,0.1032,0.0943
2025-03-21,0.1067,0.1067,0.1026,0.1043,6063.1629730899995,0.10499499999999999,0.10734607456481506,-0.005945000187065216,44.99998833333636,0.0031000000000000055,0.12019423474530455,0.08979576525469543,0.007600000000000001,33009.025015938,151047.30786603322,0.1063,0.0979,0.1012
2025-03-22,0.1042,0.1127,0.1042,0.106,10255.3464667,0.1038,0.10721787698721362,-0.005385570859331695,49.808415760195004,0.0058,0.11352809279738095,0.09407190720261906,0.007871428571428573,31885.471886820997,161302.65433273322,0.1043,0.1056,0.1002
2025-03-23,0.1069,0.1134,0.106,0.1091,65246.447520139984,0.10382500000000001,0.10739712679795518,-0.004638604054305939,65.68846682531523,0.010800000000000004,0.11360744937580791,0.09404255062419212,0.00772857142857143,33128.211220087,226549.1018528732,0.106,0.1024,0.0983
2025-03-24,0.1086,0.1146,0.1086,0.1133,9838.502526119995,0.104155,0.10795930519814993,-0.003665469331800772,69.95796261740597,0.011499999999999996,0.11475678237252841,0.09355321762747158,0.00652857142857143,31264.3705540755,236387.6043789932,0.1091,0.1072,0.1018
2025-03-25,0.1144,0.118,0.1123,0.1172,48100.84052453999,0.10439499999999999,0.1088393713697547,-0.0025501590012705216,67.93719840536373,0.013999999999999999,0.11595654697355945,0.09283345302644053,0.005842857142857143,33397.20284176701,284488.4449035332,0.1133,0.1063,0.1032
2025-03-26,0.1183,0.1194,0.1091,0.1105,56143.944236940006,0.104495,0.10899752647739712,-0.002181751659672493,60.23855182227186,0.0126,0.11623919901598594,0.09275080098401407,0.0059499999999999996,35670.9577676225,228344.5006665932,0.1172,0.1043,0.0979
2025-03-27,0.1118,0.1128,0.1052,0.1111,290589.68512911,0.10456499999999999,0.10919776205097835,-0.0018203869144356039,63.06120647230836,0.005500000000000005,0.11645560221575847,0.09267439778424151,0.0062214285714285705,50133.893194093995,518934.1857957032,0.1105,0.106,0.1056
2025-03-28,0.1109,0.1109,0.1002,0.1018,14286.127258429997,0.104345,0.10849321328421851,-0.002258401579398897,49.99998722628064,-0.0006000000000000033,0.11627099548976194,0.09241900451023805,0.006464285714285713,49767.7018244285,504648.0585372732,0.1111,0.1091,0.1024
2025-03-29,0.1018,0.102,0.0953,0.0966,155024.08409128003,0.104415,0.10736052630476914,-0.002990653506884128,44.36859008258941,-0.010599999999999998,0.11612954786066097,0.09270045213933902,0.006835714285714284,56443.139719957006,349623.9744459932,0.1018,0.1133,0.1072
2025-03-30,0.0967,0.0998,0.0938,0.0945,16445.39849992,0.10442499999999999,0.1061357142757435,-0.0036977950055476494,46.93139608231868,-0.011800000000000005,0.11610347773068186,0.09274652226931812,0.006642857142857142,46716.711396995495,333178.5759460732,0.0966,0.1172,0.1063
2025-03-31,0.0931,0.0996,0.0919,0.0978,81545.82137357,0.10425500000000001,0.1053418367256727,-0.003946435267970075,42.3529295501762,-0.006500000000000006,0.11622645288640006,0.09228354711359997,0.0067142857142857134,49305.868525702,414724.39731964323,0.0945,0.1105,0.1043
2025-04-01,0.0987,0.0994,0.0937,0.0945,174589.30662858003,0.10397,0.10430928084703721,-0.00435951313433558,42.27004712758004,-0.011499999999999996,0.11660113946606944,0.09133886053393057,0.006778571428571427,51337.475964230005,240135.0906910632,0.0978,0.1111,0.106
2025-04-02,0.0934,0.0981,0.086,0.0894,215506.93996044004,0.103525,0.10288934933779557,-0.005040306184800461,32.68481600024465,-0.01970000000000001,0.11754766961597064,0.08950233038402937,0.007342857142857143,61864.42709575601,24628.150730623165,0.0945,0.1018,0.1091
2025-04-03,0.0906,0.096,0.084,0.0888,122360.79363247,0.10287500000000001,0.1015475065437198,-0.005564114914540175,32.876703321451146,-0.024499999999999994,0.1183629749619447,0.08738702503805532,0.007892857142857142,64974.76215824702,-97732.64290184683,0.0894,0.0966,0.1133
2025-04-04,0.0879,0.0912,0.0865,0.09,12864.4656339,0.10221500000000001,0.10044774401574648,-0.005815371156763144,35.785278310260495,-0.027200000000000002,0.1187352618814701,0.08569473811852993,0.007935714285714286,65478.65069876501,-84868.17726794683,0.0888,0.0945,0.1172
2025-04-05,0.0881,0.0886,0.086,0.0865,5483.56765599,0.10164499999999999,0.09911938744281824,-0.006225154581219722,31.285980076703993,-0.024000000000000007,0.11952300471619678,0.08376699528380319,0.0075142857142857155,65547.376122129,-90351.74492393683,0.09,0.0978,0.1105
2025-04-06,0.086,0.0868,0.0737,0.074,43858.78764237,0.100065,0.0967270648292165,-0.007472419035352729,21.46340974816688,-0.03710000000000001,0.12166853528575555,0.07846146471424445,0.007921428571428572,67251.77766020401,-134210.53256630682,0.0865,0.0945,0.1111
2025-04-07,0.0758,0.0865,0.0681,0.0802,92792.28979811004,0.09895499999999999,0.09515305865500541,-0.007869877863686536,23.937002596566344,-0.021600000000000008,0.12226711340869226,0.07564288659130772,0.008807142857142859,71804.51210495802,-41418.24276819678,0.074,0.0894,0.1018
2025-04-08,0.0798,0.0823,0.0759,0.0766,99994.87677479998,0.097425,0.09338610068786203,-0.008378771499974416,17.8797428747405,-0.020000000000000004,0.1224149242854047,0.0724350757145953,0.008857142857142859,76552.968032271,-141413.11954299675,0.0802,0.0888,0.0966
2025-04-09,0.0765,0.0881,0.0698,0.0862,340768.2897148698,0.09641999999999999,0.09270171014616088,-0.00791618079906066,31.61875275850923,-0.008300000000000002,0.12152354137317029,0.0713164586268297,0.009428571428571429,93087.9339020685,199355.17017187306,0.0766,0.09,0.0945
2025-04-10,0.0862,0.0872,0.0759,0.0772,126707.82425262,0.095065,0.09122535679890746,-0.008181488018583372,27.24831702716189,-0.020599999999999993,0.12127863847515362,0.06885136152484637,0.009692857142857145,99120.166966045,72647.34591925306,0.0862,0.0865,0.0978
2025-04-11,0.08,0.0825,0.0794,0.0825,11132.0492358,0.09389,0.09039437043710676,-0.00787332144677258,36.31204952668519,-0.011999999999999997,0.12014654003743899,0.06763345996256101,0.009150000000000004,99164.00210449999,83779.39515505306,0.0772,0.074,0.0945
2025-04-12,0.0813,0.0874,0.0813,0.0874,8765.21592561,0.092805,0.09010919230023945,-0.0071512727486670175,43.447284782592774,-0.001999999999999988,0.11819422067170605,0.06741577932829394,0.00910714285714286,96339.9405247735,92544.61108066306,0.0825,0.0802,0.0894
2025-04-13,0.0862,0.0862,0.0785,0.0785,21296.534951309994,0.09106500000000001,0.08900355493831189,-0.007214040603442801,39.610382408501906,-0.010300000000000004,0.11528306850485943,0.06684693149514058,0.009228571428571431,96912.842146033,71248.07612935307,0.0874,0.0766,0.0888
2025-04-14,0.0811,0.0856,0.0785,0.0837,18691.45169168,0.08939,0.08849845446799647,-0.006766191593897394,41.064631496770076,-0.0063,0.11042149517924224,0.06835850482075775,0.009185714285714288,95442.37270439,89939.52782103306,0.0785,0.0862,0.09
2025-04-15,0.0833,0.0851,0.0811,0.0811,9705.9973621,0.08792,0.08779383975675871,-0.006545612551160734,41.432217646406045,-0.005399999999999988,0.1067315977664611,0.0691084022335389,0.009064285714285716,93120.475360648,80233.53045893306,0.0837,0.0772,0.0865
2025-04-16,0.0832,0.0832,0.0798,0.081,13346.222308060002,0.086415,0.08714680739897217,-0.006306177545584601,44.262286616502564,0.007000000000000006,0.10194890519242114,0.07088109480757887,0.008442857142857144,79258.3022195955,66887.30815087305,0.0811,0.0825,0.074
2025-04-17,0.0808,0.0829,0.0798,0.0809,40807.37018803,0.08537,0.08655187336097482,-0.006054697953801758,44.56670393488506,0.0007000000000000062,0.09927238146963069,0.07146761853036931,0.007807142857142859,80584.36436607549,26079.937962843054,0.081,0.0874,0.0802
2025-04-18,0.0807,0.0853,0.0807,0.0834,13639.465624250002,0.08471,0.08625169494564389,-0.005589240177290386,45.54053192476424,0.0068000000000000005,0.09758280282737194,0.07183719717262804,0.007800000000000001,73515.13344272399,39719.40358709305,0.0809,0.0785,0.0766
2025-04-19,0.0844,0.0878,0.0842,0.0872,22991.91262246,0.08434499999999999,0.08634200971272542,-0.004857736333273896,50.47105374704237,0.0010000000000000009,0.09643944848727479,0.07225055151272519,0.007871428571428573,73842.459148851,62711.31620955306,0.0834,0.0837,0.0862
2025-04-20,0.0879,0.0926,0.0837,0.087,87694.99430555999,0.083805,0.08640467545437061,-0.0042452163833091305,60.483857310096745,0.00979999999999999,0.09421743689565903,0.07339256310434097,0.007571428571428574,74149.9177954505,-24983.67809600693,0.0872,0.0811,0.0772
2025-04-21,0.0878,0.0906,0.0878,0.0891,66238.04117936002,0.083535,0.08666137303014484,-0.0035494219338118582,57.68565099137973,0.006599999999999995,0.09301834273737394,0.07405165726262605,0.006457142857142858,68732.3545229895,41254.36308335309,0.087,0.081,0.0825
2025-04-22,0.0884,0.0935,0.0861,0.0928,91812.42977152998,0.083705,0.08724600417013105,-0.002668677884390222,63.96550180143059,0.005399999999999988,0.09373704864426098,0.07367295135573902,0.0065285714285714305,62547.62901354399,133066.79285488307,0.0891,0.0809,0.0874
2025-04-23,0.0926,0.0956,0.0921,0.0943,79155.2459755,0.08398000000000001,0.08791781329678523,-0.0018285658469870542,58.116216159779036,0.015799999999999995,0.09486535471949534,0.07309464528050469,0.005471428571428573,60387.35163069549,212222.03883038307,0.0928,0.0834,0.0785
2025-04-24,0.0944,0.0975,0.091,0.0975,11837.06258435,0.084355,0.08883040250661521,-0.0008942493977738969,73.01584983623813,0.013800000000000007,0.09655137133269678,0.07215862866730322,0.005128571428571431,60335.98147821799,224059.10141473307,0.0943,0.0872,0.0837
2025-04-25,0.0976,0.112,0.0966,0.101,110502.57583897996,0.08508,0.08998941179169948,0.0001271580698178898,71.8675885071811,0.0199,0.09935925989534158,0.07080074010465842,0.0060071428571428585,65586.93188736748,334561.677253713,0.0975,0.087,0.0811
2025-04-26,0.1011,0.1115,0.0997,0.1015,55001.67093938,0.08645499999999999,0.09108565828772809,0.0009658430308106813,68.60155777251163,0.020500000000000004,0.10151662429210748,0.0713933757078925,0.006414285714285715,66144.07605221799,389563.348193093,0.101,0.0891,0.081
2025-04-27,0.1005,0.1023,0.0958,0.0974,13741.161835340004,0.087315,0.09168702416508732,0.001284860102462454,78.54981571911117,0.0165,0.10283019119751825,0.07179980880248175,0.006328571428571431,62191.51965407948,375822.186357753,0.1015,0.0928,0.0809
2025-04-28,0.0964,0.1004,0.0927,0.1004,8533.72991733,0.08850500000000001,0.09251683138745996,0.0017594762115632767,77.02261882470344,0.017,0.10420957191228648,0.07280042808771355,0.006371428571428574,57618.46231120598,384355.91627508303,0.0974,0.0943,0.0834
2025-04-29,0.1004,0.103,0.0939,0.0939,100763.73180029,0.08889,0.0926485617315114,0.0015927569100147865,68.39077708417011,0.006699999999999998,0.10473356419233365,0.07304643580766634,0.0067357142857142885,45618.234415476996,283592.18447479303,0.1004,0.0975,0.0872
2025-04-30,0.0964,0.0982,0.092,0.0962,56330.81813724,0.08984,0.09298679394755793,0.0016274610821917085,70.54051384953527,0.0092,0.10499580833596794,0.07468419166403206,0.006935714285714288,42099.384109708,339923.00261203304,0.0939,0.101,0.087
2025-05-01,0.0976,0.1005,0.0969,0.0984,4740.721952,0.09063500000000001,0.09350233738112385,0.0018116029711372494,72.37849070846877,0.009300000000000003,0.10583766943321275,0.07543233056678726,0.006971428571428574,41779.817745518,344663.72456403304,0.0962,0.1015,0.0891
2025-05-02,0.098,0.0984,0.0928,0.0945,48200.81962832002,0.09098999999999999,0.09359735286863587,0.0016241175226343468,63.703681682677924,0.001700000000000007,0.10620618252148413,0.07577381747851585,0.007042857142857145,43751.5979306535,296462.90493571304,0.0984,0.0974,0.0928
2025-05-03,0.0939,0.0939,0.0842,0.0859,50798.11681423001,0.09136,0.0928642716430515,0.0007726788661419348,48.56510640371988,-0.00839999999999999,0.10562772581741052,0.07709227418258947,0.007478571428571431,45226.6770237995,245664.78812148303,0.0945,0.1004,0.0943
2025-05-04,0.0845,0.0856,0.0816,0.0831,34153.71757189999,0.09133,0.09193434101037992,-0.00012656998286088295,45.92900536521764,-0.01440000000000001,0.10566789237982835,0.07699210762017164,0.007128571428571429,45999.790317810504,211511.07054958303,0.0859,0.0939,0.0975
2025-05-05,0.0828,0.0842,0.0796,0.0825,35478.02449361,0.0914,0.09103583234272469,-0.0008775305342691997,42.88791809416265,-0.018500000000000003,0.1055399024786618,0.0772600975213382,0.007257142857142858,47288.391674385995,176033.04605597304,0.0831,0.0962,0.101
2025-05-06,0.0812,0.0844,0.0772,0.0808,27711.41613679,0.09139,0.0900609911672271,-0.0015915021282869174,36.48647498174214,-0.02070000000000001,0.10556111963042265,0.07721888036957734,0.007242857142857143,48006.6513658225,148321.62991918303,0.0825,0.0984,0.1015
2025-05-07,0.0808,0.083,0.0802,0.0824,25953.73790912,0.09146499999999999,0.08933137296082452,-0.0020051094782633366,36.629201959352216,-0.015,0.10541653641796685,0.07751346358203313,0.007192857142857144,47263.969751877,174275.36782830302,0.0808,0.0945,0.0974
2025-05-08,0.083,0.0915,0.083,0.0911,45611.99865977001,0.09185,0.08949981363122218,-0.0016122934763558167,43.59998779200342,-0.009300000000000003,0.1052796608101056,0.0784203391898944,0.007335714285714286,48862.596403653,219887.36648807302,0.0824,0.0859,0.1004
2025-05-09,0.0922,0.1025,0.0919,0.1005,57260.77516596997,0.092515,0.09054745042824865,-0.0005363003868116972,49.55276039823532,0.006600000000000009,0.1062879368500144,0.0787420631499856,0.006992857142857143,50576.0395308285,277148.141654043,0.0911,0.0831,0.0939
2025-05-10,0.1024,0.1138,0.1018,0.1137,51959.306300619995,0.09385,0.09275245514936782,0.0013658172803446694,58.89211626108414,0.0175,0.1102899385323719,0.0774100614676281,0.007007142857142857,48789.2551305815,329107.44795466296,0.1005,0.0825,0.0962
2025-05-11,0.1141,0.1161,0.1085,0.1161,83515.59826200004,0.09519999999999999,0.09497603084942803,0.003031968532044446,63.976070318909045,0.017699999999999994,0.1142281785504594,0.07617182144954059,0.007085714285714285,49653.1329847135,412623.046216663,0.1137,0.0808,0.0984
2025-05-12,0.117,0.1505,0.112,0.1195,322101.6739839202,0.096535,0.09731164695900632,0.004574030412640637,64.19017981184966,0.024999999999999994,0.11839062916771287,0.07467937083228712,0.009285714285714284,61167.59519533301,734724.7202005831,0.1161,0.0824,0.0945
2025-05-13,0.1176,0.1368,0.1121,0.1294,262679.97904577997,0.09828999999999999,0.1003676805819581,0.006519816439744308,75.10606716428656,0.04349999999999998,0.12457763167248348,0.0720023683275165,0.010399999999999998,70343.83184884701,997404.699246363,0.1195,0.0911,0.0859
2025-05-14,0.1288,0.1323,0.1025,0.1213,165892.55880834005,0.09948,0.1023612348122478,0.007323838923204498,66.40521660558129,0.03820000000000001,0.12770075384126384,0.07125924615873616,0.012085714285714283,78046.60666004651,831512.140438023,0.1294,0.1005,0.0831
2025-05-15,0.1225,0.1242,0.1096,0.1124,157860.41840229993,0.10005,0.10331730768727182,0.007160337006562739,58.41345170927495,0.029899999999999996,0.12885449526322595,0.07124550473677405,0.01287142857142857,80414.49878821251,673651.722035723,0.1213,0.1137,0.0825
2025-05-16,0.1145,0.1168,0.107,0.107,62175.283985780006,0.100325,0.10366804028848403,0.006519868701426734,57.378975167583796,0.0262,0.1292923409567749,0.07135765904322511,0.013171428571428572,80773.1794405325,611476.4380499431,0.1124,0.1161,0.0808
2025-05-17,0.1067,0.1067,0.1021,0.1058,28187.432000349996,0.100745,0.10387108407053317,0.005848050300520435,62.87191616808763,0.023400000000000004,0.1297772851141303,0.0717127148858697,0.012807142857142855,81495.49294878301,583289.0060495931,0.107,0.1195,0.0824
2025-05-18,0.1052,0.1122,0.1015,0.1122,161941.02385634006,0.101335,0.10466431415905382,0.005765593715189046,67.98515510763696,0.021099999999999994,0.13081393270939423,0.07185606729060577,0.013285714285714286,89165.85764573351,745230.0299059332,0.1058,0.1294,0.0911
2025-05-19,0.1104,0.1104,0.0977,0.1022,91727.87317838005,0.10175000000000001,0.10442961757247726,0.0048375654079899355,60.90807472078576,0.0016999999999999932,0.1310211821637586,0.07247881783624141,0.013864285714285714,88714.064714638,653502.1567275531,0.1122,0.1213,0.1005
2025-05-20,0.1032,0.1067,0.097,0.1031,286710.9791180199,0.102095,0.10430298732747943,0.004127143624195889,62.45809078867853,-0.010599999999999998,0.13125318743916745,0.07293681256083255,0.014042857142857143,100233.07276367702,940213.135845573,0.1022,0.1124,0.1137
2025-05-21,0.1032,0.1106,0.1017,0.1051,95828.37037544,0.10243,0.10437889329629091,0.003683056544309421,62.625129290858624,-0.010999999999999996,0.13156338472035026,0.07329661527964973,0.014478571428571427,104787.45518484901,1036041.506221013,0.1031,0.107,0.1161
2025-05-22,0.1061,0.1119,0.1057,0.1097,52016.65042661003,0.10319,0.10488566536331083,0.0036601044840643554,60.83915091202667,-0.00979999999999999,0.13224529392836934,0.07413470607163067,0.014314285714285713,104978.2467247635,1088058.156647623,0.1051,0.1058,0.1195
2025-05-23,0.1113,0.1143,0.0991,0.0991,42273.09822317,0.10385,0.10433464961442408,0.002754827462686446,49.19539438235033,-0.030299999999999994,0.13183146002738125,0.07586853997261875,0.014642857142857143,104551.9957952105,1045785.058424453,0.1097,0.1122,0.1294
2025-05-24,0.0988,0.1014,0.0981,0.0985,17413.49978987,0.10462,0.10377896869876464,0.0019663075460776835,39.78493875014593,-0.0228,0.13099890704413056,0.07824109295586945,0.01402142857142857,103714.98490610902,1028371.558634583,0.0991,0.1022,0.1213
2025-05-25,0.0976,0.1001,0.0928,0.1001,32882.533349720004,0.1055,0.10342859072745372,0.0014537485510585507,39.13042733932088,-0.012300000000000005,0.12986961006535835,0.08113038993464163,0.014,103585.21034891452,1061254.091984303,0.0985,0.1031,0.1124
2025-05-26,0.1011,0.103,0.0977,0.0988,50888.75358405998,0.10640000000000001,0.10298777256293432,0.0009319003520998764,35.52446856863551,-0.008199999999999999,0.12811354173638226,0.08468645826361776,0.011628571428571429,104744.07722127801,1010365.338400243,0.1001,0.1051,0.107
2025-05-27,0.0976,0.1024,0.0722,0.101,334213.4605982499,0.10733,0.1027984608902739,0.000687923554031411,27.742940620671348,-0.004799999999999999,0.1261106283175183,0.0885493716824817,0.012021428571428572,120157.0633557345,1344578.7989984928,0.0988,0.1097,0.1058
2025-05-28,0.1014,0.1014,0.0941,0.0974,728154.8497764901,0.10764499999999999,0.10228432175786686,0.00020175456917398416,29.848222295529297,-0.014799999999999994,0.12546627350877185,0.08982372649122813,0.010414285714285718,154284.20591157052,616423.9492220026,0.101,0.0991,0.1122
2025-05-29,0.0973,0.0997,0.091,0.091,45130.15127911,0.10717000000000002,0.10120962444759384,-0.0006919875650496371,31.1619641502201,-0.011200000000000002,0.12625475280097848,0.08808524719902157,0.009992857142857145,153677.67471722752,571293.7979428926,0.0974,0.0985,0.1022
2025-05-30,0.0903,0.093,0.0803,0.0807,178409.62649392997,0.10551999999999999,0.09925632688115632,-0.0022059794073610167,28.68718960096183,-0.022400000000000003,0.1276851789502253,0.08335482104977468,0.010199999999999999,160000.190726893,392884.17144896265,0.091,0.1001,0.1031
2025-05-31,0.0805,0.0853,0.0791,0.0842,54747.51288579,0.103925,0.09782239098771287,-0.0030878137065239453,33.12499275390783,-0.020900000000000002,0.12743480758390754,0.08041519241609246,0.010314285714285715,158561.7864580825,447631.6843347526,0.0807,0.0988,0.1051
2025-06-01,0.0835,0.0864,0.0818,0.0862,10374.064585380002,0.10225999999999999,0.09671549660793069,-0.003583976605223957,28.187912841765453,-0.023500000000000007,0.12584200919971655,0.07867799080028341,0.009878571428571431,142975.4059881555,458005.74892013264,0.0842,0.101,0.1097
2025-06-02,0.0842,0.0867,0.0827,0.0867,522.48384218,0.10012499999999999,0.09576163978812777,-0.0038919791428923683,34.53092847439126,-0.012399999999999994,0.12092933912232191,0.07932066087767807,0.009257142857142861,129867.5312279755,458528.23276231263,0.0862,0.0974,0.0991
2025-06-03,0.0879,0.0895,0.0875,0.0876,24026.812186730003,0.09844,0.09498434076068703,-0.004017143761944342,34.53092847439126,-0.010900000000000007,0.11740039084653636,0.07947960915346364,0.00870714285714286,122774.24389689502,482555.0449490426,0.0867,0.091,0.0985
2025-06-04,0.0886,0.0888,0.085,0.0851,16525.97656084,0.097075,0.09404297497395493,-0.004268857993259198,30.237145784188925,-0.015,0.11573211378369208,0.07841788621630791,0.008342857142857143,115707.521804822,466029.06838820264,0.0876,0.0807,0.1001
2025-06-05,0.0859,0.0904,0.079,0.0812,213862.63723132008,0.095785,0.09281983450024493,-0.004728533154622572,21.442879755504677,-0.017600000000000005,0.11510853623518151,0.07646146376481848,0.008714285714285714,123291.88946709901,252166.43115688255,0.0851,0.0842,0.0988
2025-06-06,0.0805,0.0837,0.0805,0.0815,9238.63533981,0.09457,0.09174175502403113,-0.00501085947016798,27.777767957354783,-0.019500000000000003,0.114293787401878,0.074846212598122,0.007857142857142858,122344.44963407199,261405.06649669254,0.0812,0.0862,0.101
2025-06-07,0.083,0.0842,0.083,0.083,18344.88424871,0.09311,0.09090920692650435,-0.0050552933701518005,30.864186861762576,-0.014399999999999996,0.11162484752700298,0.07459515247299701,0.007707142857142857,115164.6426536905,279749.95074540254,0.0815,0.0867,0.0974
2025-06-08,0.0834,0.0855,0.0827,0.084,4699.14118915,0.0922,0.09025118721921822,-0.004952723994125982,29.824550938754086,-0.006999999999999992,0.1106225262568686,0.07377747374313141,0.007385714285714286,110813.20605422901,284449.09193455253,0.083,0.0876,0.091
2025-06-09,0.0836,0.0892,0.0816,0.0887,222972.50106421,0.09148,0.0901034551031022,-0.004440993297876422,38.33717005264711,0.008000000000000007,0.10922184467952481,0.0737381553204752,0.00755,107626.2821515385,507421.5929987625,0.084,0.0851,0.0807
2025-06-10,0.0891,0.0937,0.0891,0.0934,119380.45267439002,0.09089499999999999,0.09041741175994962,-0.0036145263045426895,41.703044020903576,0.0092,0.10747977107408335,0.07431022892591663,0.005721428571428572,108803.88626648599,626802.0456731525,0.0887,0.0812,0.0842
2025-06-11,0.0933,0.0933,0.0875,0.0875,57017.50198505,0.089785,0.0901395630209068,-0.00339647351712119,39.70892815124753,0.0012999999999999956,0.10385075161240451,0.0757192483875955,0.005614285714285715,109053.92884440802,569784.5436881025,0.0934,0.0815,0.0862
2025-06-12,0.0877,0.0877,0.0828,0.0828,33890.24340467,0.08897000000000001,0.08944055701891568,-0.003561856962678467,41.16378068334204,-0.0039000000000000007,0.10264673398996955,0.07529326601003046,0.005342857142857143,108634.78610348298,535894.3002834325,0.0875,0.083,0.0867
2025-06-13,0.0824,0.0825,0.0759,0.08,218551.01562737013,0.088045,0.08854145635044752,-0.0038742017480845603,49.10023939837144,-0.007599999999999996,0.10150863132375007,0.07458136867624993,0.004907142857142858,118691.661895358,317343.2846560624,0.0828,0.084,0.0876
2025-06-14,0.0789,0.0793,0.0768,0.0793,1450.9276292199995,0.087005,0.0876613176504049,-0.004130606332113998,43.21327964027937,-0.0058,0.09974159873628885,0.07426840126371115,0.004642857142857144,117120.08160933302,315892.35702684236,0.08,0.0887,0.0851
2025-06-15,0.0794,0.0841,0.0779,0.0818,32414.27438841,0.086155,0.08710309692179491,-0.004084990478209843,43.989054211837185,0.0006000000000000033,0.0977994655930697,0.07451053440693028,0.004757142857142857,116196.3576495505,348306.63141525234,0.0793,0.0934,0.0812
2025-06-16,0.0793,0.0869,0.0779,0.0815,45996.17672300003,0.08518,0.08656946864352873,-0.004026630587222718,42.85712637363272,0.0,0.09465408654120765,0.07570591345879236,0.005114285714285715,101785.49345578802,302310.45469225233,0.0818,0.0875,0.0815
2025-06-17,0.0804,0.0825,0.0755,0.0774,13143.96771052,0.08418,0.08569618591557361,-0.004262085024914028,37.12119899755592,-0.005600000000000008,0.09235637160557171,0.0760036283944283,0.005471428571428572,66034.94935248952,289166.4869817323,0.0815,0.0828,0.083
2025-06-18,0.0762,0.0773,0.0742,0.0748,12488.00987644,0.08337,0.08465845392361422,-0.004605394512849775,37.02769475093889,-0.0092,0.09190354988765125,0.07483645011234875,0.005421428571428572,64402.84228235601,276678.4771052923,0.0774,0.08,0.084
2025-06-19,0.078,0.078,0.0748,0.0764,2265.32755077,0.083155,0.08387193450231763,-0.004694250726898039,43.58287138609093,-0.012300000000000005,0.09217462188499002,0.07413537811500999,0.004835714285714286,55595.62733519801,278943.80465606233,0.0748,0.0793,0.0887
2025-06-20,0.0763,0.0782,0.0721,0.0728,25948.664069069997,0.08258499999999999,0.08281746454971595,-0.004997551171216197,39.31202578947515,-0.020599999999999993,0.0927008083684989,0.07246919163150109,0.005042857142857145,54155.68489436201,252995.14058699235,0.0764,0.0818,0.0934
2025-06-21,0.0732,0.0743,0.0688,0.0719,351872.17356052005,0.08187,0.08177770602117157,-0.005250022446152469,36.15958837321103,-0.015599999999999989,0.09289095611483124,0.07084904388516876,0.005350000000000002,71230.59034311902,-98877.0329735277,0.0728,0.0815,0.0875
2025-06-22,0.0707,0.0715,0.0659,0.0677,27063.02115092999,0.08091999999999999,0.08043697211439332,-0.0057230409955053435,31.177819018719006,-0.015100000000000002,0.09337076197206573,0.06846923802793425,0.005550000000000001,72557.61720855652,-125940.0541244577,0.0719,0.0774,0.0828
2025-06-23,0.0703,0.0782,0.0696,0.0782,261831.71336834,0.08045,0.08022392715111777,-0.005190812896046726,39.307524433699754,-0.001799999999999996,0.0925435824652141,0.06835641753478588,0.005621428571428574,84447.86226763701,135891.65924388228,0.0677,0.0748,0.08
2025-06-24,0.078,0.0809,0.0773,0.0777,45590.86749732001,0.08008000000000001,0.0799835531367256,-0.004754556545803673,32.51669364735611,-0.0015999999999999903,0.09202647712885702,0.068133522871143,0.005550000000000002,85901.10681446102,90300.79174656227,0.0782,0.0764,0.0793
2025-06-25,0.0782,0.0783,0.076,0.0776,22864.827592630005,0.0799,0.07975654807608507,-0.004366554487398977,37.340140082814294,-0.004199999999999995,0.09188384877991113,0.06791615122008887,0.005300000000000002,76351.21633252651,67435.96415393226,0.0777,0.0728,0.0818
2025-06-26,0.078,0.0864,0.0756,0.0756,91130.83864795002,0.07960500000000001,0.07936068635455315,-0.0041723471255445815,40.10987468301523,-0.0059000000000000025,0.09171284434726815,0.06749715565273187,0.0057214285714285735,80445.8264979335,-23694.874494017757,0.0776,0.0719,0.0815
2025-06-27,0.0756,0.077,0.0745,0.0763,41177.054848340005,0.07927000000000001,0.07906919241602428,-0.00391680178932767,44.60639578747695,-0.0010999999999999899,0.0913530633968983,0.06718693660310171,0.00542857142857143,81587.43502791501,17482.18035432225,0.0756,0.0677,0.0774
2025-06-28,0.0757,0.0771,0.0747,0.0767,18520.8277908,0.078905,0.07884355504306959,-0.003640043457085615,46.176451574402314,0.001899999999999999,0.09082640489781615,0.06698359510218385,0.005421428571428573,82278.5193579975,36003.00814512225,0.0763,0.0782,0.0748
2025-06-29,0.0772,0.082,0.0763,0.082,45311.112049259995,0.07857,0.07914416884849153,-0.0029589360063878717,50.271720005323914,0.005600000000000008,0.08968151133785858,0.06745848866214142,0.005385714285714287,73395.44990725002,81314.12019438224,0.0767,0.0777,0.0764
2025-06-30,0.081,0.081,0.0774,0.0794,52650.01730118001,0.07787000000000001,0.07916853372006376,-0.0025989921517798054,47.31456106384003,0.006599999999999995,0.0865444876991636,0.06919551230083641,0.005000000000000002,70058.92813858952,28664.10289320223,0.082,0.0776,0.0728
2025-07-01,0.0785,0.0785,0.0738,0.0743,17581.607260169996,0.07721,0.07870486384196244,-0.0026942043209412514,46.13464723478651,0.0023999999999999994,0.08473145002822946,0.06968854997177054,0.004835714285714286,68087.1334023455,11082.495633032235,0.0794,0.0756,0.0719
2025-07-02,0.0746,0.083,0.0744,0.0823,125279.68061072,0.07718499999999999,0.07904725776177554,-0.002099920928450169,58.24174032122276,0.014600000000000002,0.08463116467867114,0.06973883532132884,0.0052285714285714305,72656.60526264801,136362.17624375224,0.0743,0.0763,0.0677
2025-07-03,0.0833,0.0844,0.0797,0.083,40141.39956327999,0.07733500000000001,0.0794237094035112,-0.0015545431032397694,57.39908512136342,0.004799999999999999,0.08513250972398072,0.06953749027601931,0.005335714285714289,63736.1244594435,176503.57580703223,0.0823,0.0767,0.0782
2025-07-04,0.0828,0.0828,0.0774,0.078,12511.559427179998,0.07726999999999999,0.07928811803174823,-0.0015083975922830228,55.65215697543047,0.0002999999999999947,0.08502006960924902,0.06951993039075097,0.0052857142857142886,64289.15604934151,163992.01637985223,0.083,0.082,0.0777
2025-07-05,0.0798,0.0802,0.0772,0.0789,15641.304893579998,0.077125,0.07925115440967698,-0.0013832591139860684,57.60867811909796,0.0012999999999999956,0.08462261365550088,0.06962738634449912,0.005107142857142859,63450.50757460001,179633.32127343223,0.078,0.0794,0.0776
2025-07-06,0.0785,0.0796,0.0768,0.078,48177.72805332,0.07694999999999999,0.0791319968468506,-0.001341247381827615,62.06086958191629,0.0023999999999999994,0.08417612220392796,0.06972387779607202,0.00490714285714286,63559.58514111601,131455.59322011223,0.0789,0.0743,0.0756
2025-07-07,0.0788,0.0801,0.0764,0.0764,2483.00000697,0.0769,0.07887180667096007,-0.0014206826642467613,47.337258499360374,9.999999999998899e-05,0.08412685051885609,0.0696731494811439,0.004557142857142859,63026.536755938505,128972.59321314223,0.078,0.0823,0.0763
2025-07-08,0.076,0.0811,0.076,0.0797,40925.26427723999,0.07714499999999999,0.07895068222610672,-0.0012034803052959758,52.73222026636382,0.002999999999999989,0.0844042518101346,0.06988574818986538,0.004664285714285717,64448.3994759785,169897.85749038222,0.0764,0.083,0.0767
2025-07-09,0.0812,0.0858,0.0775,0.0858,195503.1821919499,0.077615,0.07960299820457276,-0.0005329829550605042,59.624393550668785,0.003799999999999998,0.08582597468416472,0.06940402531583528,0.005092857142857146,74110.2922080375,365401.0396823321,0.0797,0.078,0.082
2025-07-10,0.085,0.0919,0.0839,0.0916,132126.76428238003,0.078555,0.08074556980413726,0.0004610874242414742,67.24135902200373,0.012200000000000003,0.0885546789422562,0.0685553210577438,0.004892857142857145,79419.197218703,497527.8039647121,0.0858,0.0789,0.0794
2025-07-11,0.0919,0.0969,0.0898,0.0923,110350.39588159,0.07957499999999999,0.08184599172755276,0.0012905033917944009,67.24135902200373,0.017999999999999988,0.09080276164601735,0.06834723835398264,0.005221428571428573,67343.10833475649,607878.199846302,0.0916,0.078,0.0743
2025-07-12,0.0923,0.095,0.0889,0.0914,88450.93783252001,0.08076000000000001,0.08275589727730964,0.0018538292536458972,65.67162218757545,0.009099999999999997,0.09170991468367565,0.06981008531632438,0.005485714285714287,70412.504168836,519427.26201378205,0.0923,0.0764,0.0823
2025-07-13,0.0915,0.0953,0.0886,0.0925,52012.78976548999,0.08147499999999999,0.08368390706042302,0.0023618044530606536,62.295061542602774,0.009499999999999995,0.09353255932363308,0.0694174406763669,0.005557142857142859,59921.557988693494,571440.051779272,0.0914,0.0797,0.083
2025-07-14,0.0926,0.0972,0.0909,0.0921,81475.52353467002,0.08219499999999999,0.08448543972133511,0.0027009667380373387,65.67898964183075,0.014100000000000001,0.09500001135455559,0.06938998864544439,0.005750000000000001,61715.790790561005,489964.528244602,0.0925,0.0858,0.078
2025-07-15,0.0901,0.0962,0.0885,0.0962,83254.84850796,0.083125,0.08560111212882701,0.0032629774543234957,77.72149144048403,0.017299999999999996,0.0971668734692753,0.06908312653072471,0.005964285714285715,64735.29183632749,573219.376752562,0.0921,0.0916,0.0789
2025-07-16,0.0966,0.0985,0.0939,0.0958,28390.614549469996,0.08413499999999999,0.08657243478322443,0.0036342054804243407,71.15984337812516,0.017799999999999996,0.09879037803210741,0.06947962196789256,0.0056785714285714295,61598.2806314035,544828.762203092,0.0962,0.0923,0.078
2025-07-17,0.0971,0.098,0.0928,0.098,31182.579189169996,0.08521999999999999,0.08766077432767926,0.004059136777450081,72.45505944997508,0.021600000000000008,0.10062684741825001,0.06981315258174997,0.005714285714285715,61098.556848445,576011.341392262,0.0958,0.0914,0.0764
2025-07-18,0.0966,0.1026,0.0937,0.0949,76556.48391358,0.08613,0.08835022439170981,0.004098508742043469,76.82536268079119,0.015200000000000005,0.10156790277550927,0.07069209722449073,0.0059642857142857145,64000.33965458399,499454.857478682,0.098,0.0925,0.0797
2025-07-19,0.0933,0.0967,0.0925,0.0967,26194.66092659,0.086865,0.08914544111630887,0.0042262388141090235,77.46910232816566,0.010899999999999993,0.10286450986093904,0.07086549013906096,0.006050000000000001,63044.51709845049,525649.518405272,0.0949,0.0921,0.0858
2025-07-20,0.0966,0.117,0.0966,0.1045,138695.32524724,0.08812,0.09060778005761279,0.004900372188928359,83.714982900515,0.012899999999999995,0.10552956784737598,0.07071043215262403,0.0073071428571428575,67346.78249575349,664344.8436525121,0.0967,0.0962,0.0916
