Date,Open,High,Low,Close,Volume,SMA_20,EMA_20,MACD,RSI_14,Momentum_10,Bollinger_Upper,Bollinger_Lower,ATR_14,Volume_MA_20,OBV,Lag_1,Lag_5,Lag_10
2023-08-10,0.0068,0.007,0.0067,0.0068,841282.1841899998,0.00674,0.00681286172592457,2.050186163252577e-05,58.82304498668832,0.0,0.007172374107019665,0.006307625892980335,0.0002857142857142856,753212.5144115,-696597.6301400012,0.0069,0.0067,0.0068
2023-08-11,0.0068,0.007,0.0068,0.0068,131052.89276,0.006719999999999999,0.00681163679964604,2.070674501662966e-05,56.249507816806585,0.00019999999999999966,0.007096129876785301,0.006343870123214698,0.0002785714285714285,740613.8773914999,-696597.6301400012,0.0068,0.0068,0.0066
2023-08-12,0.007,0.007,0.0068,0.007,57338.56173,0.006725,0.006829576152060703,3.403389561979289e-05,53.33283556020144,0.0004000000000000002,0.007113654900366568,0.006336345099633432,0.0002714285714285714,649263.4507805,-639259.0684100012,0.0068,0.0069,0.0066
2023-08-13,0.007,0.007,0.0068,0.007,94556.17848,0.006724999999999999,0.006845806994721588,4.396625398108301e-05,57.142285719999954,0.0002999999999999999,0.007113654900366567,0.006336345099633431,0.0002642857142857143,603828.6655635,-639259.0684100012,0.007,0.0068,0.0067
2023-08-14,0.0068,0.007,0.0067,0.0068,334049.4211,0.006755,0.006841444423795723,3.741217296316778e-05,49.99956250382809,0.0002999999999999999,0.0070557009355349245,0.006454299064465075,0.0002642857142857143,501702.971327,-973308.4895100011,0.007,0.0069,0.0065
2023-08-15,0.007,0.007,0.0064,0.0067,891643.4858400001,0.00676,0.006827973526291368,2.492502178698397e-05,53.33283556020144,0.0,0.007053078038826019,0.006466921961173982,0.00028571428571428574,363449.35161949997,-1864951.9753500014,0.0068,0.0068,0.0067
2023-08-16,0.0066,0.0067,0.0063,0.0064,683394.7983200001,0.006755,0.006787214142835047,-6.152650118261896e-06,44.44409876812071,-0.0003999999999999993,0.007069391643119148,0.006440608356880852,0.0002928571428571429,376376.11646449997,-2548346.7736700014,0.0067,0.0068,0.0068
2023-08-17,0.0063,0.0065,0.0051,0.0059,3723180.940229997,0.006720000000000001,0.006702717557803138,-6.573568629416118e-05,31.817979340131487,-0.001,0.007212469609000875,0.006227530390999127,0.0003785714285714286,560595.3974259999,-6271527.713899998,0.0064,0.007,0.0069
2023-08-18,0.006,0.0063,0.0059,0.0061,612434.6494199999,0.00668,0.006645315885631411,-9.712726660131114e-05,40.90883058016906,-0.0006999999999999992,0.007236681899150767,0.0061233181008492335,0.0003857142857142857,580859.6801804998,-5659093.064479998,0.0059,0.007,0.0068
2023-08-19,0.0063,0.0066,0.0062,0.0065,161259.53019,0.006665,0.0066314762774760385,-9.165585507148969e-05,45.833065973781814,-0.0004000000000000002,0.007224228792271341,0.006105771207728659,0.0003928571428571429,580208.6334509999,-5497833.534289998,0.0061,0.0068,0.0069
2023-08-20,0.0065,0.0067,0.0063,0.0066,710175.65358,0.0066549999999999995,0.006628478536764035,-7.905773728992573e-05,45.83306597378183,-0.00019999999999999966,0.007211208972466851,0.006098791027533148,0.0004071428571428572,584092.3907124999,-4787657.880709998,0.0065,0.0067,0.0068
2023-08-21,0.0065,0.0066,0.0064,0.0066,696043.4684600002,0.0066549999999999995,0.006625766295167461,-6.83022645922805e-05,43.47799622089257,-0.00019999999999999966,0.007211208972466851,0.006098791027533148,0.0004071428571428572,607543.9866204999,-4787657.880709998,0.0066,0.0064,0.0068
2023-08-22,0.0066,0.0066,0.0061,0.0061,155982.24883,0.00663,0.006575693314675322,-9.591355621990563e-05,37.03684499413709,-0.0008999999999999998,0.007239054487234969,0.00602094551276503,0.0004142857142857143,603609.4194999998,-4943640.129539998,0.0066,0.0059,0.007
2023-08-23,0.0063,0.0064,0.006,0.0064,114501.50842,0.006615,0.006558960618039577,-9.417156797916163e-05,41.37911058360409,-0.0005999999999999998,0.007231526774080326,0.005998473225919674,0.00042142857142857146,600316.9813069998,-4829138.621119998,0.0061,0.0061,0.007
2023-08-24,0.0061,0.0066,0.0061,0.0066,149860.73742,0.006619999999999999,0.006562869130607237,-7.683064792638437e-05,46.66644888990519,-0.00019999999999999966,0.00723421751675993,0.006005782483240068,0.00043571428571428575,581384.8740534999,-4679277.883699998,0.0064,0.0065,0.0068
2023-08-25,0.0066,0.0066,0.0061,0.0062,302429.9584499999,0.006594999999999999,0.0065283101657875,-9.232148706245138e-05,41.176301038760435,-0.0005000000000000004,0.007235641126241187,0.005954358873758812,0.0004571428571428571,591191.4152199998,-4981707.842149998,0.0066,0.0066,0.0067
2023-08-26,0.0065,0.0065,0.0063,0.0065,568477.59517,0.00658,0.006525613959522024,-8.081566213917566e-05,42.856971429257136,9.99999999999994e-05,0.007214449616431023,0.005945550383568977,0.000457142857142857,575682.1724589998,-4413230.246979998,0.0062,0.0066,0.0064
2023-08-27,0.0065,0.0066,0.006,0.0062,399714.24593999994,0.006545,0.006494603106234212,-9.354355713921819e-05,39.473538781699226,0.0002999999999999999,0.007182346472741309,0.00590765352725869,0.00048571428571428556,581228.2830289999,-4812944.492919998,0.0065,0.0061,0.0059
2023-08-28,0.0062,0.0064,0.006,0.0062,424589.0777,0.006515,0.006466545667545239,-0.00010242787781819095,41.666504630259766,9.99999999999994e-05,0.007158264699547712,0.0058717353004522875,0.0004928571428571428,562533.8814214998,-4812944.492919998,0.0062,0.0064,0.0061
2023-08-29,0.0061,0.0065,0.006,0.0063,142250.44358,0.0064849999999999994,0.006450684175398074,-0.00010059181448514483,44.44427160561042,-0.00019999999999999966,0.007108318791461858,0.005861681208538141,0.00048571428571428556,559710.8789904999,-4670694.0493399985,0.0062,0.0066,0.0065
2023-08-30,0.0063,0.0065,0.0061,0.0063,312160.2877599999,0.006459999999999999,0.006436333301550638,-9.800002901168368e-05,48.48464279242451,-0.0002999999999999999,0.007070090588614335,0.005849909411385663,0.0004857142857142855,533254.7841689999,-4670694.0493399985,0.0063,0.0062,0.0066
2023-08-31,0.0063,0.0066,0.0059,0.0063,3641552.406040001,0.006434999999999999,0.006423349177593434,-9.484692745300935e-05,57.14257142999999,-0.0002999999999999999,0.0070271415193578005,0.005842858480642197,0.00043571428571428553,708779.7598329999,-4670694.0493399985,0.0063,0.0065,0.0066
2023-09-01,0.0063,0.0068,0.0061,0.0068,2658999.68436,0.006425,0.006459220684489298,-5.2857524135449356e-05,61.29004578688999,0.0006999999999999992,0.006982720926251602,0.005867279073748398,0.0004571428571428569,838862.8159644998,-2011694.3649799987,0.0063,0.0062,0.0061
2023-09-02,0.0066,0.0074,0.006,0.0065,1498633.40593,0.0064,0.00646310442882365,-4.250070854940752e-05,49.99976666775555,9.99999999999994e-05,0.006889897948556632,0.005910102051443368,0.0005285714285714284,909066.6773369999,-3510327.7709099986,0.0068,0.0062,0.0064
2023-09-03,0.0062,0.0065,0.0062,0.0063,128197.43415000002,0.0063750000000000005,0.006447570673697588,-4.9359955464073e-05,45.16108636928737,-0.0002999999999999999,0.006828640246984554,0.005921359753015447,0.0005214285714285712,898774.0779894998,-3638525.2050599987,0.0065,0.0063,0.0066
2023-09-04,0.0065,0.0065,0.0055,0.0062,1742115.10563,0.00635,0.006423992514297818,-6.19118373811978e-05,43.74980859458739,0.0,0.0067828607409463545,0.005917139259053645,0.0005785714285714283,941297.6589789998,-5380640.310689999,0.0063,0.0063,0.0062
2023-09-05,0.0064,0.0066,0.0062,0.0066,425818.69247,0.006359999999999999,0.00644075513198374,-3.998037036371475e-05,58.06425390336946,0.00010000000000000026,0.006806742596321883,0.005913257403678116,0.0005714285714285711,928418.8536864998,-4954821.618219999,0.0062,0.0063,0.0065
2023-09-06,0.0066,0.0067,0.0063,0.0067,402353.7017,0.0064,0.00646544511941386,-1.4569085170375827e-05,55.17214744480543,0.0005000000000000004,0.006815489565389271,0.0059845104346107295,0.0005714285714285711,762377.49176,-4552467.916519999,0.0066,0.0068,0.0062
2023-09-07,0.0065,0.0068,0.0065,0.0068,149628.26938999997,0.006435000000000001,0.006497307488993492,1.3291995726704559e-05,53.571160715624984,0.0005999999999999998,0.006861861249489559,0.0060081387505104425,0.000557142857142857,739237.1727585001,-4402839.647129999,0.0067,0.0065,0.0062
2023-09-08,0.0065,0.0068,0.0064,0.0066,945116.63513,0.0064399999999999995,0.006507087728136969,1.9346679343086072e-05,57.69199704309285,0.0002999999999999999,0.006872374107019661,0.006007625892980338,0.0005499999999999998,778430.0280055001,-5347956.282259999,0.0068,0.0063,0.0063
2023-09-09,0.0067,0.007,0.0067,0.0068,738934.83818,0.00645,0.006534984134981067,3.950654484340902e-05,55.99968640175615,0.0004999999999999996,0.006906531546151606,0.005993468453848394,0.000557142857142857,779867.9872355,-4609021.444079999,0.0066,0.0062,0.0063
2023-09-10,0.0068,0.0069,0.0066,0.0068,119197.15211,0.0064600000000000005,0.006560223741173346,5.484501843027161e-05,63.635958680262945,0.0004999999999999996,0.006938594433292893,0.005981405566707108,0.0005357142857142855,751025.671418,-4609021.444079999,0.0068,0.0066,0.0063
2023-09-11,0.0068,0.0069,0.0066,0.0068,145072.30301,0.006494999999999999,0.006583059575347314,6.623233854754877e-05,63.635958680262945,0.0,0.006965050389236143,0.006024949610763855,0.0005285714285714284,750480.174127,-4609021.444079999,0.0068,0.0067,0.0068
2023-09-12,0.0066,0.0068,0.0066,0.0068,136919.73548,0.006515,0.006603720568171379,7.439511995340018e-05,61.9043492091005,0.0002999999999999999,0.007001772398992641,0.006028227601007359,0.0005071428571428569,751601.0854800001,-4609021.444079999,0.0068,0.0068,0.0065
2023-09-13,0.0066,0.0068,0.0064,0.0064,54846.543999999994,0.0065049999999999995,0.006584318609297915,4.849469439878722e-05,51.99970880163071,0.00010000000000000026,0.006992636620532347,0.006017363379467652,0.0005071428571428569,746850.3758090001,-4663867.988079999,0.0068,0.0066,0.0063
2023-09-14,0.0068,0.0068,0.0059,0.0064,1098660.9993000005,0.006515,0.006566764456031446,2.7652670333988376e-05,51.99970880163071,0.00020000000000000052,0.006984153773466539,0.006045846226533461,0.0005214285714285712,786661.9278515001,-4663867.988079999,0.0064,0.0068,0.0062
2023-09-15,0.0066,0.0068,0.0062,0.0062,475929.5491900001,0.006500000000000001,0.006531834507837975,-4.744561104962942e-06,36.36340496015025,-0.0004000000000000002,0.006989897948556634,0.006010102051443367,0.0005142857142857142,782034.5255525,-5139797.537269998,0.0064,0.0068,0.0066
2023-09-16,0.0062,0.0071,0.0052,0.0062,7852272.463540001,0.006500000000000001,0.006500231221377216,-3.0068479057451976e-05,42.10495291087329,-0.0005000000000000004,0.006989897948556634,0.006010102051443367,0.0005499999999999999,1154662.4364325001,-5139797.537269998,0.0062,0.0068,0.0067
2023-09-17,0.006,0.0062,0.0058,0.0061,1056153.28857,0.006494999999999999,0.006462113962198433,-5.745462779800561e-05,44.4440987681207,-0.0006999999999999992,0.00699961032386126,0.005990389676138738,0.0005571428571428571,1186240.6469760002,-6195950.825839998,0.0062,0.0068,0.0068
2023-09-18,0.006,0.0062,0.0058,0.0061,203374.73737,0.006485,0.006427626918179535,-7.825212897823695e-05,47.05843598935069,-0.0004999999999999996,0.007013254324713907,0.005956745675286094,0.0005142857142857142,1189296.8616655,-6195950.825839998,0.0061,0.0064,0.0066
2023-09-19,0.0061,0.0063,0.0059,0.0063,110047.17794,0.006485,0.006415471973591007,-7.784322935467346e-05,39.99962667015106,-0.0004999999999999996,0.007013254324713907,0.005956745675286094,0.0005142857142857142,1179191.2061745,-6085903.647899998,0.0061,0.0064,0.0068
2023-09-20,0.0062,0.0063,0.0059,0.0062,158933.09054,0.00648,0.006394950833249006,-8.454401717730188e-05,33.33302222512586,-0.0005999999999999998,0.007017440327164937,0.005942559672835062,0.0005142857142857142,1005060.2403995,-6244836.738439999,0.0063,0.0062,0.0068
2023-09-21,0.0061,0.0061,0.0059,0.0059,24520.02613,0.006435000000000001,0.006347812658653863,-0.00011257198531605932,23.52921799467532,-0.0008999999999999998,0.007009089668404178,0.005860910331595823,0.0005071428571428572,873336.257488,-6269356.764569999,0.0062,0.0062,0.0068
2023-09-22,0.0059,0.0061,0.0057,0.0061,83830.56188,0.006415,0.006324211453067781,-0.00011740642397190491,35.293826992013024,-0.0006999999999999992,0.007007141519357801,0.005822858480642198,0.0005071428571428572,802596.1152855002,-6185526.202689999,0.0059,0.0061,0.0068
2023-09-23,0.0061,0.0061,0.0056,0.0059,864732.9892899998,0.0063950000000000005,0.00628381036229942,-0.0001357011066952761,23.52921799467535,-0.0005000000000000004,0.007029034699365892,0.005760965300634109,0.0005214285714285714,839422.8930425001,-7050259.191979999,0.0061,0.0061,0.0064
2023-09-24,0.0058,0.0059,0.0054,0.0059,734211.3639500001,0.006379999999999999,0.00624725699446138,-0.00014848530545341198,23.52921799467535,-0.0005000000000000004,0.007046807002773189,0.0057131929972268096,0.0005357142857142857,789027.7059585002,-7050259.191979999,0.0059,0.0063,0.0064
2023-09-25,0.0057,0.0061,0.0055,0.0055,351115.36872,0.006325,0.006176089661655534,-0.0001885311853936306,19.047492064338613,-0.0007000000000000001,0.007089680875990279,0.005560319124009721,0.0005571428571428573,785292.5397710002,-7401374.560699998,0.0059,0.0062,0.0062
2023-09-26,0.0056,0.0059,0.0056,0.0057,44740.271,0.006275,0.006130747789116912,-0.00020188453480542937,26.08679773253556,-0.0004999999999999996,0.007066733607511488,0.005483266392488513,0.0005642857142857143,767411.8682360001,-7356634.289699999,0.0055,0.0059,0.0062
2023-09-27,0.0058,0.0059,0.0056,0.0058,268461.89113999996,0.006225,0.006099247999677206,-0.00020210568822547504,34.99975500171497,-0.0003000000000000008,0.00700332478675949,0.005446675213240509,0.0005571428571428573,773353.5493235,-7088172.398559999,0.0057,0.0061,0.0061
2023-09-28,0.0058,0.0059,0.0056,0.0059,201818.9066,0.00619,0.006080271999707948,-0.00019203346239444335,38.09498412867723,-0.00020000000000000052,0.006960235780715706,0.005419764219284294,0.0005142857142857144,736188.6628970001,-6886353.491959998,0.0058,0.0059,0.0061
2023-09-29,0.0059,0.0059,0.0057,0.0059,417793.66084,0.006145,0.006063103237831001,-0.00018195265674318672,42.104952910873294,-0.0004000000000000002,0.006868951146941485,0.005421048853058516,0.0004857142857142859,720131.6040300002,-6886353.491959998,0.0059,0.0059,0.0063
2023-09-30,0.0057,0.0058,0.0057,0.0058,3009.79482,0.006095000000000001,0.006038045786609001,-0.0001799259669684845,39.999720001959986,-0.0004000000000000002,0.006764563880054533,0.005425436119945468,0.0003571428571428572,714322.2361655001,-6889363.286779999,0.0059,0.0055,0.0062
2023-10-01,0.0057,0.0058,0.0056,0.0058,85758.22863,0.006045,0.0060153747593129055,-0.00017628653936671828,42.10495291087328,-0.00010000000000000026,0.0066378521605008475,0.0054521478394991526,0.0003428571428571429,711356.5324465001,-6889363.286779999,0.0058,0.0057,0.0059
2023-10-02,0.0058,0.0058,0.0055,0.0058,77378.24346,0.005995,0.005994862877473581,-0.00017142520805247564,42.10495291087328,-0.0003000000000000008,0.0064783000593507285,0.005511699940649272,0.0003357142857142857,708379.4578455001,-6889363.286779999,0.0058,0.0058,0.0061
2023-10-03,0.0058,0.0059,0.0054,0.0054,323316.26785999996,0.005945000000000001,0.005938209270095145,-0.0001974712171449811,28.57123809650794,-0.0004999999999999996,0.006457886567945529,0.005432113432054473,0.00034285714285714285,721802.9440385001,-7212679.554639999,0.0058,0.0059,0.0059
2023-10-04,0.0057,0.0057,0.0054,0.0054,19099.796379999996,0.005894999999999999,0.005886951244371798,-0.0002156254137889134,29.999790001470004,-0.0004999999999999996,0.00641603136586056,0.005373968634139439,0.00033571428571428565,667824.8838925001,-7212679.554639999,0.0054,0.0059,0.0059
2023-10-05,0.0057,0.0057,0.0054,0.0054,69325.48656,0.005855,0.0058405749353840075,-0.00022738994870040788,35.293826992013024,-9.99999999999994e-05,0.006399735570809597,0.005310264429190403,0.00034285714285714274,647494.680761,-7212679.554639999,0.0054,0.0058,0.0055
2023-10-06,0.0057,0.0057,0.0054,0.0056,50662.65627,0.005825,0.0058176630367760065,-0.00021809965005678035,35.293826992012995,-0.00010000000000000026,0.006355640129813432,0.005294359870186569,0.0003357142857142856,257414.1903975,-7162016.898369999,0.0054,0.0058,0.0057
2023-10-07,0.0057,0.0058,0.0054,0.0054,663205.4539700001,0.00579,0.005777885604702101,-0.00022425253769481433,35.293826992013024,-0.0003999999999999993,0.006336375617857777,0.005243624382142223,0.0003285714285714284,237766.79866750003,-7825222.352339999,0.0056,0.0058,0.0058
2023-10-08,0.0054,0.0057,0.0054,0.0054,14535.72738,0.005755,0.005741896499492377,-0.0002265165776684716,35.293826992013024,-0.0004999999999999996,0.006307410983541091,0.0052025890164589085,0.0003142857142857141,228324.84816800003,-7825222.352339999,0.0054,0.0054,0.0059
2023-10-09,0.0054,0.0056,0.0049,0.0049,3837637.340719997,0.005685,0.005661715880493103,-0.0002655156627668215,33.33307407609051,-0.001,0.006298102550020873,0.005071897449979127,0.0003214285714285712,414704.3563069998,-11662859.693059996,0.0054,0.0054,0.0059
2023-10-10,0.0051,0.0055,0.0047,0.0049,1292322.60195,0.00562,0.005589171510922332,-0.0002930430555675148,24.999781251914015,-0.0008999999999999998,0.006277267069006193,0.004962732930993807,0.0003571428571428569,471373.8318774998,-11662859.693059996,0.0049,0.0054,0.0058
2023-10-11,0.0048,0.0049,0.0047,0.0047,819305.4773700001,0.00556,0.00550448850988211,-0.00032719667710027697,17.646913496006505,-0.0010999999999999994,0.006320609174142322,0.004799390825857678,0.0003499999999999997,511113.1044394999,-12482165.170429995,0.0049,0.0056,0.0058
2023-10-12,0.0048,0.0049,0.0039,0.0047,909289.2226900002,0.00549,0.005427870556560004,-0.0003502249819595758,12.499890625957022,-0.0010999999999999994,0.006297595521480759,0.004682404478519241,0.00039999999999999975,552386.0374799998,-12482165.170429995,0.0047,0.0054,0.0058
2023-10-13,0.0048,0.0048,0.0039,0.0047,1920885.5587200003,0.00543,0.005358549551173337,-0.00036427465476304537,12.499890625957022,-0.0007000000000000001,0.006286184928376419,0.0045738150716235805,0.00044999999999999977,605193.6659515,-12482165.170429995,0.0047,0.0054,0.0054
2023-10-14,0.0047,0.0047,0.0044,0.0046,284371.11175,0.005365,0.005286306736775876,-0.000379096381342911,12.499890625957022,-0.0008000000000000004,0.006267102806604767,0.004462897193395233,0.00046428571428571406,582701.6533414999,-12766536.282179995,0.0047,0.0049,0.0054
2023-10-15,0.0046,0.0046,0.0045,0.0045,13037.504,0.005314999999999999,0.005211420380892459,-0.00039435491380163286,11.76460899733766,-0.0009000000000000006,0.006293236867236682,0.004336763132763317,0.00045714285714285697,565797.7601054998,-12779573.786179995,0.0046,0.0049,0.0054
2023-10-16,0.0046,0.0047,0.0039,0.0044,1093527.3665900005,0.0052499999999999995,0.005134142249378891,-0.0004097825605270137,11.111024692030156,-0.0011999999999999997,0.006291254304344416,0.004208745695655583,0.0004928571428571428,618237.1148849998,-13873101.152769996,0.0045,0.0047,0.0056
2023-10-17,0.0044,0.0046,0.0044,0.0044,343107.13048999995,0.00518,0.005064223939914235,-0.00041719888741908063,14.285571429999976,-0.001,0.0062533126291998906,0.004106687370800109,0.0004714285714285713,621969.3768524999,-13873101.152769996,0.0044,0.0047,0.0054
2023-10-18,0.0044,0.0045,0.0043,0.0043,281703.73107,0.0050999999999999995,0.0049914407075414505,-0.00042622351565712886,13.33320889005033,-0.0011000000000000003,0.006185793428061264,0.004014206571938735,0.0004642857142857141,625963.6180759999,-14154804.883839997,0.0044,0.0047,0.0054
2023-10-19,0.0042,0.0044,0.0039,0.0041,1073153.5137399994,0.00501,0.004906541592537503,-0.00044437591313915056,11.76460899733766,-0.0007999999999999995,0.006114821967082184,0.0039051780329178156,0.00047857142857142846,658731.6107209998,-15227958.397579996,0.0043,0.0046,0.0049
2023-10-20,0.0041,0.0043,0.004,0.004,3593178.8082699995,0.00492,0.004820204298010122,-0.00046150338723543755,0.0,-0.0008999999999999998,0.006046896063016497,0.003793103936983503,0.00047857142857142846,838240.0613934998,-18821137.205849994,0.0041,0.0045,0.0049
2023-10-21,0.004,0.0045,0.004,0.0045,615834.1391,0.004855,0.004789708650580586,-0.00042980737976710485,26.31559556929578,-0.00020000000000000052,0.0059162306659326066,0.0037937693340673933,0.0004857142857142856,864743.8569169998,-18205303.066749994,0.004,0.0044,0.0047
2023-10-22,0.0041,0.0047,0.0041,0.0045,294398.88749,0.00479,0.0047621173505252926,-0.00040007589484766966,26.31559556929578,-0.00020000000000000052,0.005763112207518242,0.003816887792481758,0.000507142857142857,875594.8891184998,-18205303.066749994,0.0045,0.0044,0.0047
2023-10-23,0.0045,0.0047,0.004,0.0043,1082478.83754,0.0047350000000000005,0.0047181061742847885,-0.0003881661603043615,31.249726564892555,-0.0004000000000000002,0.005687061475237577,0.0037829385247624236,0.000507142857142857,913553.0176024998,-19287781.904289994,0.0045,0.0043,0.0047
2023-10-24,0.0045,0.0048,0.0042,0.0045,1463049.9777099995,0.004690000000000001,0.004697334157686237,-0.00035846673761709934,38.8885864221056,-0.00010000000000000026,0.0055935602097434076,0.0037864397902565936,0.0004928571428571428,985750.5266689999,-17824731.926579993,0.0043,0.0041,0.0046
2023-10-25,0.0045,0.0045,0.004,0.0042,684988.8686699999,0.0046300000000000004,0.004649968999811358,-0.0003550305379347316,36.841833797014104,-0.0002999999999999999,0.00549353008663641,0.0037664699133635906,0.0005142857142857142,1016533.6957744999,-18509720.795249995,0.0045,0.004,0.0045
2023-10-26,0.004,0.0043,0.0039,0.0043,644203.8376999999,0.004565,0.004616638618876943,-0.0003403191304406786,39.99972000195998,-0.00010000000000000026,0.005308462737536475,0.003821537262463524,0.00047142857142857137,1046210.7548459999,-17865516.957549997,0.0042,0.0045,0.0044
2023-10-27,0.004,0.0043,0.004,0.0043,243298.44325,0.004509999999999999,0.004586482559936282,-0.0003249145817905653,39.99972000195998,-0.00010000000000000026,0.005148748776906825,0.0038712512230931733,0.0004285714285714285,1025215.4043099998,-17865516.957549997,0.0043,0.0045,0.0044
2023-10-28,0.0043,0.0044,0.004,0.0041,220271.36295,0.004445,0.004540150887561397,-0.00032508969883706784,38.09498412867724,-0.00019999999999999966,0.004953765275213553,0.003936234724786447,0.0004357142857142857,1035502.1860884998,-18085788.320499998,0.0043,0.0043,0.0043
2023-10-29,0.0041,0.0044,0.0041,0.0044,444696.399,0.00442,0.004526803183984122,-0.0002976003979070019,47.82579584298183,0.0002999999999999999,0.004881576246766351,0.00395842375323365,0.00044999999999999993,865855.1390024999,-17641091.921499997,0.0041,0.0045,0.0041
2023-10-30,0.0044,0.0044,0.0041,0.0041,962537.7659299998,0.00438,0.00448615526169992,-0.0002965939013655477,43.99975360137984,0.00010000000000000026,0.004803519091721487,0.003956480908278513,0.0004142857142857142,849365.8972014999,-18603629.687429998,0.0044,0.0042,0.004
2023-10-31,0.0044,0.0048,0.0043,0.0048,1376782.47058,0.004385,0.004516045236776118,-0.00023660490946156732,56.24975390732666,0.0002999999999999999,0.004826409226526949,0.003943590773473051,0.00043571428571428564,877239.7468619999,-17226847.216849998,0.0041,0.0043,0.0045
2023-11-01,0.0047,0.005,0.0045,0.005,1172705.82949,0.004399999999999999,0.004562136166606964,-0.00017095962448911064,60.60580349053065,0.0005000000000000004,0.004902624689949997,0.003897375310050002,0.0004571428571428571,890410.577202,-16054141.387359997,0.0048,0.0043,0.0045
2023-11-02,0.0049,0.0049,0.0045,0.0047,482388.95209,0.004399999999999999,0.004575266055501539,-0.00014150418287423028,58.82328719822918,0.0004000000000000002,0.004902624689949997,0.003897375310050002,0.00044999999999999993,818485.7468704999,-16536530.339449998,0.005,0.0041,0.0043
2023-11-03,0.0047,0.0047,0.0045,0.0046,207749.58678,0.004399999999999999,0.004577621669263297,-0.0001247889013640596,58.82328719822918,0.00010000000000000026,0.004902624689949997,0.003897375310050002,0.00044285714285714284,814654.6706219999,-16744279.926229998,0.0047,0.0044,0.0045
2023-11-04,0.0046,0.0048,0.0046,0.0047,267329.2093200001,0.00441,0.004589276748381078,-0.00010229568554381233,53.33308444560593,0.0005000000000000004,0.0049287028355223346,0.003891297164477665,0.0004214285714285714,827369.2558879999,-16476950.716909999,0.0046,0.0041,0.0042
2023-11-05,0.0046,0.005,0.0046,0.005,609149.6194099999,0.00444,0.0046283932485352616,-5.958131406069624e-05,57.57551331600413,0.0007000000000000001,0.00502183014341768,0.0038581698565823205,0.00040714285714285717,803150.368529,-15867801.097499998,0.0047,0.0048,0.0043
2023-11-06,0.0049,0.0051,0.0048,0.005,1716611.2935199998,0.00447,0.004663784367722379,-2.5436723432148596e-05,61.29004578689,0.0007000000000000001,0.005102788315814653,0.0038372116841853474,0.00037857142857142864,871825.5766804998,-15867801.097499998,0.005,0.005,0.0043
2023-11-07,0.005,0.0055,0.005,0.0053,2119330.73696,0.004520000000000001,0.0047243763327012005,2.5531119699562406e-05,62.49972656369629,0.0011999999999999997,0.005247215308738153,0.0037927846912618485,0.0003714285714285715,963706.926975,-13748470.360539999,0.005,0.0047,0.0041
2023-11-08,0.0053,0.0055,0.0053,0.0054,884379.8776100002,0.0045850000000000005,0.004788721443872514,7.314777453085956e-05,69.99967333485777,0.001,0.005383089824782289,0.0037869101752177124,0.00035000000000000005,954268.2451684999,-12864090.482929999,0.0053,0.0046,0.0044
2023-11-09,0.0055,0.006,0.0054,0.0059,2129915.3568599997,0.004679999999999999,0.004894557496837037,0.00014949938303410269,73.52910899778648,0.0017999999999999995,0.005623900083918327,0.0037360999160816707,0.0003642857142857143,881105.0725979998,-10734175.12607,0.0054,0.0047,0.0041
2023-11-10,0.006,0.0062,0.0058,0.0061,1089911.98789,0.00476,0.005009361544757319,0.00022356688655132857,74.99970833446758,0.0013000000000000008,0.005892114928143912,0.0036278850718560888,0.0003714285714285715,904808.9650374999,-9644263.13818,0.0059,0.005,0.0048
2023-11-11,0.0061,0.0074,0.0061,0.0074,10395389.994369997,0.0049050000000000005,0.005237041397637574,0.0003827366351938687,85.1061294711037,0.0024000000000000002,0.006531717715621175,0.0032782822843788256,0.00043571428571428575,1409858.5203814998,751126.856189996,0.0061,0.005,0.005
2023-11-12,0.0074,0.0076,0.0071,0.0074,2496397.20477,0.00506,0.005443037455005424,0.0005030802717245634,84.09064152977695,0.0027,0.007003843181892374,0.0031161568181076273,0.00045,1480554.4387429997,751126.856189996,0.0074,0.0053,0.0047
2023-11-13,0.0075,0.0076,0.0072,0.0073,335663.79666,0.0052,0.005619891030719194,0.0005836570537900683,88.09494444542327,0.0027,0.007364790010479926,0.003035209989520073,0.0004571428571428572,1424185.1296904997,415463.059529996,0.0074,0.0054,0.0046
2023-11-14,0.0074,0.0074,0.0066,0.0066,2215794.8150499994,0.00532,0.005713234742079271,0.00058430183878087,71.42833333412698,0.0018999999999999998,0.007517223127878507,0.003122776872121493,0.0004785714285714286,1500725.4270094999,-1800331.7555200034,0.0073,0.0059,0.0047
2023-11-15,0.0069,0.0072,0.0065,0.0071,2855166.0650600004,0.0054600000000000004,0.0058453076237860065,0.000618029666352226,73.33310518589496,0.0021000000000000003,0.007738873221110543,0.003181126778889457,0.0004928571428571429,1611273.5383774997,1054834.309539997,0.0066,0.0061,0.005
2023-11-16,0.0072,0.0073,0.0069,0.0069,265159.08791,0.00559,0.005945754516758768,0.0006214586412204267,74.99976136439565,0.0018999999999999998,0.00788681701949734,0.0032931829805026604,0.0004928571428571429,1612366.5706104997,789675.221629997,0.0071,0.0074,0.005
2023-11-17,0.007,0.0071,0.0069,0.0069,259697.41356,0.005730000000000001,0.006036635038972219,0.0006170628939167226,76.74393618253335,0.0015999999999999999,0.007985379533937756,0.0034746204660622464,0.0004928571428571429,1614337.8731409996,789675.221629997,0.0069,0.0074,0.0053
2023-11-18,0.0071,0.0071,0.0068,0.0068,843494.08051,0.005849999999999999,0.0061093364638320075,0.0005986102913847612,74.41836235882022,0.0013999999999999993,0.008062405216524605,0.0036375947834753936,0.0005000000000000001,1634277.7572164997,-53818.85888000298,0.0069,0.0073,0.0054
2023-11-19,0.0069,0.0078,0.0068,0.0077,618838.8750700002,0.006030000000000001,0.00626082822918134,0.0006491201279939509,77.55079883445231,0.0018000000000000004,0.008228659878916685,0.003831340121083317,0.000542857142857143,1617092.8126735,565020.0161899972,0.0068,0.0066,0.0059
2023-11-20,0.0073,0.0079,0.007,0.0075,3345008.53483,0.006165,0.0063788445883069264,0.0006653426706268962,74.50959938541342,0.0013999999999999993,0.008377191102433117,0.003952808897566884,0.0005857142857142859,1715504.1158859998,-2779988.5186400027,0.0077,0.0071,0.0061
2023-11-21,0.0078,0.0079,0.0068,0.007,1987908.64434,0.006265,0.006438002246563409,0.0006305871143147011,66.03756141021515,-0.0004000000000000002,0.008435883884989085,0.004094116115010914,0.0006285714285714287,1756264.2566284998,-4767897.162980003,0.0075,0.0069,0.0074
2023-11-22,0.0071,0.0075,0.0069,0.0074,681055.72027,0.0064,0.006529621080224037,0.0006280774530244932,67.85697321470981,0.0,0.008495609445332902,0.004304390554667099,0.0006571428571428573,1766197.5950375001,-4086841.4427100033,0.007,0.0069,0.0074
2023-11-23,0.0074,0.0079,0.0063,0.0067,2850734.7745,0.0065049999999999995,0.006545847644012223,0.0005631165322030176,56.89641438796527,-0.0005999999999999998,0.008423853824552578,0.004586146175447422,0.0007285714285714289,1898346.8544235,-6937576.217210003,0.0074,0.0068,0.0073
2023-11-24,0.0067,0.0069,0.0064,0.0067,288826.61227999994,0.006605,0.006560528820772964,0.0005058039196382449,55.357004464631686,0.00010000000000000026,0.008326046193453288,0.00488395380654671,0.0007357142857142859,1899421.7245714995,-6937576.217210003,0.0067,0.0077,0.0066
2023-11-25,0.0069,0.0069,0.0061,0.0065,2504940.8543899995,0.00668,0.006554764171175538,0.00043918313684794454,39.99987555594272,-0.0006000000000000007,0.008228649666475199,0.005131350333524801,0.0007000000000000002,1994211.2863204996,-9442517.071600003,0.0067,0.0075,0.0071
2023-11-26,0.0068,0.0068,0.0062,0.0062,1918357.4084300003,0.00674,0.006520977107254059,0.0003580519712959142,37.49989062531901,-0.0007000000000000001,0.008095534464412687,0.005384465535587313,0.0007071428571428574,2004298.592066,-11360874.480030004,0.0065,0.007,0.0069
2023-11-27,0.0063,0.0064,0.0059,0.0059,2118158.76964,0.006770000000000001,0.0064618364303727195,0.00026647677122048925,35.99989920028224,-0.001,0.008013255488838229,0.005526744511161773,0.0007142857142857144,2004239.9937,-13479033.249670004,0.0062,0.0074,0.0069
2023-11-28,0.006,0.0066,0.006,0.0063,2269483.4267700003,0.006815,0.006446423437003889,0.0002236005590771882,46.808371209107044,-0.0004999999999999996,0.007905195540162196,0.005724804459837804,0.0007000000000000002,2073495.1711580001,-11209549.822900005,0.0059,0.0067,0.0068
2023-11-29,0.0062,0.0064,0.0055,0.0059,9880074.581819998,0.006815,0.006394383109670185,0.00015555233907304285,36.95640926310225,-0.0018000000000000004,0.007905195540162196,0.005724804459837804,0.0007142857142857145,2461003.1324059996,-21089624.40472,0.0063,0.0067,0.0077
2023-11-30,0.0059,0.006,0.0058,0.0058,1369477.01321,0.0068000000000000005,0.006337775194463501,9.2488623911079e-05,37.777660247279236,-0.0017000000000000001,0.007938789754635696,0.005661210245364306,0.0007000000000000003,2474981.383672,-22459101.41793,0.0059,0.0065,0.0075
2023-12-01,0.0059,0.0069,0.0058,0.0065,1879016.13432,0.006755,0.006353225175943168,9.786434085588998e-05,46.15372189382567,-0.0005000000000000004,0.007864717839908232,0.005645282160091768,0.0007642857142857146,2049162.6906694998,-20580085.28361,0.0058,0.0062,0.007
2023-12-02,0.0065,0.0065,0.0062,0.0064,370475.3285799999,0.006705,0.006357679921091437,9.298385245514688e-05,46.153721893825676,-0.001,0.00778198409312402,0.00562801590687598,0.0007642857142857145,1942866.5968599997,-20950560.61219,0.0065,0.0059,0.0074
2023-12-03,0.0064,0.0067,0.0061,0.0065,491657.94566,0.006665,0.006371234214320824,9.607743965326255e-05,36.36352066152516,-0.00020000000000000052,0.007707820063199106,0.0056221799368008935,0.0007357142857142859,1950666.30431,-20458902.666530002,0.0064,0.0063,0.0067
2023-12-04,0.0065,0.0066,0.0061,0.0065,1628878.2840600002,0.006660000000000001,0.006383497622480746,9.740628515490443e-05,38.095111111534386,-0.00020000000000000052,0.007705088764802231,0.005614911235197771,0.0007071428571428574,1921320.4777605,-20458902.666530002,0.0065,0.0059,0.0067
2023-12-05,0.0063,0.0071,0.006,0.0064,1452439.1881800003,0.006624999999999999,0.00638506927748258,8.936034281272452e-05,42.105108033812506,-9.99999999999994e-05,0.0076548185839212315,0.005595181416078766,0.0007071428571428574,1851184.1339164998,-21911341.85471,0.0065,0.0058,0.0065
2023-12-06,0.0064,0.0065,0.0056,0.0063,5814604.44083,0.006594999999999999,0.006376967441531858,7.406116126932108e-05,34.2855771434057,0.00010000000000000026,0.007626044437247495,0.005563955562752503,0.0007285714285714286,2128656.4015625,-27725946.29554,0.0064,0.0065,0.0062
2023-12-07,0.0061,0.007,0.006,0.0064,788441.80525,0.0065699999999999995,0.006379161018528824,6.920766215008124e-05,44.82736979890442,0.0005000000000000004,0.0075941299259679965,0.005545870074032002,0.0006857142857142858,2155093.6211469998,-26937504.49029,0.0063,0.0064,0.0059
2023-12-08,0.0064,0.0075,0.0064,0.0068,6705142.32322,0.0065699999999999995,0.006419240921526079,9.652458217124758e-05,51.51493296695105,0.0004999999999999996,0.0075941299259679965,0.005545870074032002,0.0007285714285714286,2448176.0332824998,-20232362.16707,0.0064,0.0065,0.0063
2023-12-09,0.0066,0.0072,0.0065,0.0067,2874603.1019100007,0.00652,0.0064459798813807385,0.0001088496595445668,53.12476757914185,0.0008000000000000004,0.007399234116478087,0.005640765883521913,0.0007214285714285715,2560964.2446245,-23106965.268980004,0.0068,0.0065,0.0059
2023-12-10,0.0068,0.0073,0.006,0.0067,2213925.5710399994,0.00648,0.006470172273630192,0.00011726560176745886,58.620406660105786,0.0009000000000000006,0.007235610593110701,0.005724389406889298,0.0007714285714285715,2504410.096435,-23106965.268980004,0.0067,0.0064,0.0058
2023-12-11,0.0067,0.0067,0.0058,0.0065,2255917.1900000004,0.006455,0.006473013009474935,0.00010656875401357686,60.713982144374995,0.0,0.0071701738838985795,0.00573982611610142,0.0008000000000000001,2517810.523718,-25362882.458980005,0.0067,0.0063,0.0065
2023-12-12,0.0066,0.0074,0.0065,0.0069,1613715.3172,0.00643,0.006513678437143989,0.00012888194901321173,60.713982144374995,0.0004999999999999996,0.007032101582616692,0.005827898417383308,0.0008214285714285717,2564443.5035645,-23749167.141780004,0.0065,0.0064,0.0064
2023-12-13,0.0073,0.0079,0.0067,0.0079,1721124.0031900003,0.00649,0.006645709062177894,0.00022466607544116123,79.41143771760942,0.001400000000000001,0.007377100540198859,0.005602899459801141,0.0008428571428571429,2507962.964999,-22028043.138590004,0.0069,0.0068,0.0065
2023-12-14,0.0079,0.0103,0.0073,0.0103,4573239.440320002,0.00667,0.006993736770541904,0.0004886009518366152,89.47346445113996,0.0038000000000000004,0.008592826866333732,0.004747173133666267,0.001042857142857143,2722183.606401,-17454803.69827,0.0079,0.0067,0.0065
2023-12-15,0.0098,0.0145,0.009,0.0123,11738414.220249996,0.006959999999999999,0.007499095173347437,0.0008493617436850145,91.4283885717943,0.0059,0.01012387503911864,0.0037961249608813585,0.0013571428571428573,3183857.274694,-5716389.478020005,0.0103,0.0067,0.0064
2023-12-16,0.0117,0.0158,0.0109,0.0152,14007267.484920004,0.00741,0.00823251468064768,0.0013536662990997882,94.89782361535403,0.0089,0.012240124766831392,0.0025798752331686074,0.0016857142857142858,3788302.7785185003,8290878.006899999,0.0123,0.0065,0.0063
2023-12-17,0.0152,0.0197,0.0146,0.0155,21170082.212380014,0.00789,0.008924656139633615,0.0017572816259488807,94.9998670001862,0.0091,0.013861476058378668,0.0019185239416213322,0.0020071428571428575,4740898.9506555,29460960.219280012,0.0152,0.0069,0.0064
2023-12-18,0.0151,0.0158,0.0122,0.0142,9896802.180350004,0.008284999999999999,0.00942706984062089,0.0019497756220767642,84.07069230179717,0.007400000000000001,0.014831119782781742,0.0017388802172182555,0.002228571428571429,5122264.888334501,19564158.038930006,0.0155,0.0079,0.0068
2023-12-19,0.0142,0.0151,0.0131,0.0132,5714976.383789996,0.008650000000000001,0.009786396522466519,0.0019985988797221674,77.86876310141939,0.0065,0.015445509353125877,0.0018544906468741258,0.002292857142857143,4914009.978433001,13849181.65514001,0.0142,0.0103,0.0067
2023-12-20,0.0136,0.0142,0.0127,0.0129,4961261.47826,0.009005,0.010082930186993517,0.001990143192370836,76.61281672746499,0.0062,0.01591448242406197,0.0020955175759380306,0.002335714285714286,5093599.201685501,8887920.17688001,0.0132,0.0123,0.0067
2023-12-21,0.0129,0.0174,0.0128,0.0155,5991751.14843,0.009455,0.010598841597756039,0.002168244571339479,80.53683707948194,0.009000000000000001,0.016833910203375154,0.0020760897966248465,0.002592857142857143,5299235.952391,14879671.32531001,0.0129,0.0152,0.0065
2023-12-22,0.0155,0.0168,0.0142,0.0146,4368712.593710002,0.009865,0.010979904302731654,0.002211278913383052,75.32460684776001,0.0077,0.017437880978583366,0.0022921190214166337,0.0027,5499147.815647501,10510958.731600009,0.0155,0.0155,0.0069
2023-12-23,0.0146,0.0174,0.0138,0.0173,6458028.058800004,0.010405000000000001,0.011581818178661973,0.0024351787867352287,79.44438265436904,0.009399999999999999,0.018490458031487623,0.0023195419685123793,0.0029071428571428573,5797466.321304501,16968986.790400013,0.0146,0.0142,0.0079
2023-12-24,0.0173,0.0189,0.016,0.0176,3742551.45769,0.010960000000000001,0.012154978352122738,0.0026067790397783057,79.78135973010731,0.007300000000000001,0.019431475357742742,0.002488524642257262,0.003021428571428571,5903149.979986002,20711538.248090014,0.0173,0.0132,0.0103
2023-12-25,0.0171,0.0183,0.0161,0.0173,4398712.3346,0.011505,0.012644980413825333,0.002687585265927408,79.34776571365651,0.004999999999999999,0.020142123059030854,0.0028678769409691447,0.0031142857142857144,6050463.637307001,16312825.913490014,0.0176,0.0129,0.0123
2023-12-26,0.0173,0.0179,0.0159,0.0168,3345001.4534499976,0.01203,0.013040696564889587,0.0026803813607108335,76.7566986706064,0.001599999999999999,0.020611277048870648,0.0034487229511293536,0.0031928571428571427,5926983.487938001,12967824.460040016,0.0173,0.0155,0.0152
2023-12-27,0.0168,0.0177,0.0153,0.0164,5346863.4431799995,0.01253,0.013360630225376294,0.002612282908555877,73.74295908371916,0.0009000000000000015,0.020892598437781133,0.004167401562218866,0.0032785714285714284,6154904.569834501,7620961.016860017,0.0168,0.0146,0.0155
2023-12-28,0.0164,0.0164,0.0146,0.0152,2653065.5434,0.01295,0.01353580829914998,0.002433433700611179,64.67060446775673,0.0009999999999999992,0.02093617226012697,0.004963827739873026,0.003192857142857143,5952300.730843501,4967895.473460017,0.0164,0.0173,0.0142
2023-12-29,0.0153,0.0153,0.0141,0.0146,5764412.824290001,0.013345000000000001,0.013637159889707125,0.0022177151656004365,57.516287239998604,0.0014000000000000002,0.020792917405839776,0.005897082594160226,0.0028857142857142857,6096791.2169625005,-796517.3508299841,0.0152,0.0176,0.0132
2023-12-30,0.0146,0.0158,0.014,0.0158,2985573.7747399993,0.013800000000000002,0.01384314466211597,0.0021191579568120636,52.205828611647014,0.0029000000000000015,0.02062441437626321,0.0069755856237367925,0.002664285714285714,6135373.627147501,2189056.4239100153,0.0146,0.0173,0.0129
2023-12-31,0.0158,0.0177,0.0152,0.0174,4717860.545639998,0.014345000000000002,0.014181892789533496,0.0021454257177582845,56.375785955637355,0.001899999999999999,0.02041389394240921,0.008276106057590795,0.002478571428571428,6258470.794929501,6906916.969550014,0.0158,0.0168,0.0155
2024-01-01,0.0174,0.019,0.0174,0.0183,3527572.279830002,0.014915000000000001,0.014574093476244592,0.0022133512151764605,64.13786910826431,0.0037,0.02011956277550874,0.009710437224491263,0.0023357142857142856,6354163.643061001,10434489.249380015,0.0174,0.0164,0.0146
2024-01-02,0.0183,0.0189,0.0161,0.018,8857875.679440007,0.01542,0.014900370288030821,0.0022174142521407605,67.39123597990552,0.0006999999999999992,0.019622054635282063,0.011217945364717936,0.002392857142857143,6711001.2268735,1576613.5699400082,0.0183,0.0152,0.0173
2024-01-03,0.0181,0.0209,0.0152,0.0198,10467114.899350008,0.015895,0.015367001689170743,0.0023389172205562307,72.54895322318005,0.0022000000000000006,0.01979721259773164,0.011992787402268357,0.0026928571428571427,7005694.999825001,12043728.469290016,0.018,0.0146,0.0176
2024-01-04,0.0196,0.0207,0.019,0.0194,12926552.197730005,0.016249999999999997,0.015751096766392577,0.00237554875874519,64.88542684000184,0.002100000000000001,0.02006603266012736,0.012433967339872632,0.0024857142857142855,7065101.898699002,-882823.7284399886,0.0198,0.0158,0.0173
2024-01-05,0.0196,0.0198,0.0175,0.018,1304296.5801999995,0.01639,0.01596527802673614,0.0022654962301722065,62.49993566183092,0.0011999999999999997,0.020249042695580942,0.012530957304419055,0.0024642857142857144,6429953.353463002,-2187120.3086399883,0.0194,0.0174,0.0168
2024-01-06,0.018,0.018,0.0174,0.0178,1148741.9110400002,0.016505,0.01614001345276127,0.0021375007291519112,52.252186348593796,0.0013999999999999985,0.0203893681325892,0.012620631867410794,0.00225,5428886.338396001,-3335862.2196799885,0.018,0.0183,0.0164
2024-01-07,0.0179,0.018,0.0173,0.0179,1896355.287090001,0.01669,0.01630763121916496,0.002020837558469435,51.3760808013641,0.0026999999999999993,0.020462978719931177,0.012917021280068821,0.002092857142857143,5028863.993733001,-1439506.9325899875,0.0178,0.018,0.0152
2024-01-08,0.0179,0.0195,0.0173,0.0188,1594217.6864399991,0.01697,0.016544999674482582,0.0019782000404174813,56.521670321444816,0.004200000000000001,0.02047404277791733,0.013465957222082669,0.002092857142857143,4822826.058865502,154710.75385001162,0.0179,0.0198,0.0146
2024-01-09,0.0188,0.019,0.017,0.0174,1870517.48751,0.017195000000000002,0.01662642827691281,0.0018105702551946441,52.41929565563394,0.0015999999999999973,0.020130427880583376,0.014259572119416628,0.002092857142857143,4668288.859328001,-1715806.7336599883,0.0188,0.0194,0.0158
2024-01-10,0.0179,0.0203,0.0173,0.0202,2636489.4489199994,0.01743,0.016966768441016352,0.0018819645770669843,62.837778396696095,0.0028000000000000004,0.020541337502205853,0.014318662497794149,0.0021357142857142855,4500525.7743525,920682.7152600111,0.0174,0.018,0.0174
2024-01-11,0.0203,0.021,0.0184,0.0209,4001505.9236999983,0.017745,0.017341361922824317,0.0019722937801493444,69.9300014671314,0.002599999999999998,0.020924854349527906,0.014565145650472094,0.0021928571428571427,4482165.440852001,4922188.638960009,0.0202,0.0178,0.0183
2024-01-12,0.0208,0.021,0.0184,0.0191,2109923.5163999996,0.017835,0.017508851263507715,0.001876998679994541,64.516070759678,0.0011000000000000003,0.02106334485864147,0.014606655141358529,0.002292857142857143,4264760.213732,2812265.12256001,0.0209,0.0179,0.018
2024-01-13,0.0194,0.0205,0.0179,0.0197,2089994.6050199987,0.01794,0.0177175320955546,0.0018288101649536238,63.087189045594165,-0.00010000000000000286,0.02127112909576207,0.01460887090423793,0.0023500000000000005,4182132.3710985007,4902259.727580009,0.0191,0.0188,0.0198
2024-01-14,0.0203,0.0209,0.0189,0.0198,1225942.34251,0.018064999999999998,0.017915862372168447,0.0017781916846113348,58.95516228565135,0.00040000000000000105,0.02148153872246552,0.014648461277534478,0.002314285714285714,4023493.8714940003,6128202.070090009,0.0197,0.0174,0.0194
2024-01-15,0.0198,0.021,0.0187,0.0199,1550926.4002700003,0.01822,0.018104827860533357,0.0017262462351119306,56.34914373904664,0.0019000000000000024,0.021675948342694016,0.014764051657305984,0.002364285714285714,3933790.118835001,7679128.470360009,0.0198,0.0202,0.018
2024-01-16,0.0207,0.0243,0.02,0.024,5641918.314010002,0.0186,0.018666272826196848,0.0019929411201438894,68.29262462824727,0.006200000000000001,0.022803757717491525,0.014396242282508472,0.0024714285714285715,3948542.862376501,13321046.78437001,0.0199,0.0209,0.0178
2024-01-17,0.024,0.0258,0.0219,0.0248,3164986.6044800007,0.01908,0.019250437318940005,0.002242996125413864,66.2337060213062,0.0069,0.02380868068837734,0.01435131931162266,0.002342857142857143,3974138.915430501,16486033.388850011,0.024,0.0191,0.0179
2024-01-18,0.0248,0.0275,0.0232,0.0247,2640266.127190002,0.019584999999999998,0.019769443288564767,0.0024053697502337858,67.54960624539817,0.005899999999999999,0.02445435638241325,0.014715643617586746,0.0025285714285714286,3817931.580575501,13845767.26166001,0.0248,0.0197,0.0188
2024-01-19,0.0246,0.0261,0.0216,0.0253,2064295.1933299997,0.02006,0.020296162975368123,0.0025530371385304867,75.52440158450194,0.0079,0.02521951854139015,0.014900481458609852,0.0026857142857142856,3771867.651505001,15910062.454990009,0.0247,0.0198,0.0174
2024-01-20,0.0251,0.026,0.0237,0.025,2419368.30116,0.02044,0.02074414745390449,0.00261570490956475,74.99992708340423,0.004800000000000002,0.02588615750588879,0.014993842494111212,0.0028071428571428574,3656943.039281001,13490694.153830009,0.0253,0.0199,0.0202
2024-01-21,0.025,0.0265,0.024,0.0259,836457.82182,0.020819999999999998,0.02123518102972311,0.0027067898085949282,76.31571918289022,0.005000000000000001,0.026682135411174736,0.014957864588825259,0.002935714285714286,3522387.316380501,14327151.975650009,0.025,0.024,0.0209
2024-01-22,0.0265,0.0268,0.0233,0.0234,2362567.796219999,0.021089999999999998,0.021441354264987576,0.0025478759320590842,63.69042311512359,0.004300000000000002,0.02690247297673414,0.015277527023265855,0.0030285714285714286,3197621.922219501,11964584.17943001,0.0259,0.0248,0.0191
2024-01-23,0.0235,0.0235,0.02,0.0224,2360429.9681100007,0.02122,0.021532653858798285,0.00231456309841448,65.24384674305766,0.002700000000000001,0.027027291242821293,0.015412708757178706,0.003135714285714286,2792287.6756575005,9604154.21132001,0.0234,0.0247,0.0197
2024-01-24,0.023,0.0247,0.022,0.0231,1883312.9202900005,0.021405,0.021681924919865113,0.0021612317815314953,60.13980126173304,0.0032999999999999974,0.027203901892418624,0.015606098107581377,0.003114285714285715,2240125.7117855,11487467.13161001,0.0224,0.0253,0.0198
2024-01-25,0.0233,0.0275,0.0214,0.0274,5171298.3490900025,0.021875,0.02222650349892558,0.0023594907619740417,68.1563712743465,0.0075,0.028025010697466223,0.015724989302533774,0.0033642857142857146,2433475.80023,16658765.480700012,0.0231,0.025,0.0199
2024-01-26,0.0275,0.0298,0.0257,0.0278,10339599.34186,0.022375,0.022757312689504094,0.0025198419031583347,76.36357157030291,0.003799999999999998,0.028751890844456014,0.015998109155543984,0.003471428571428572,2893018.671771,26998364.822560012,0.0274,0.0259,0.024
2024-01-27,0.0278,0.029,0.0272,0.0286,1341792.003910001,0.02291,0.023313759100027514,0.0026805746268440955,76.64664233215613,0.0038000000000000013,0.029497995462242525,0.016322004537757475,0.0034142857142857143,2865290.507612,28340156.826470014,0.0278,0.0234,0.0248
2024-01-28,0.0286,0.0307,0.0281,0.0302,2264274.387839998,0.02348,0.02396959156669156,0.0029035922406019203,78.57136813191462,0.005500000000000001,0.03052738846740608,0.01643261153259392,0.0034571428571428574,2898793.3426820002,30604431.214310013,0.0286,0.0224,0.0247
2024-01-29,0.0302,0.0399,0.0299,0.0361,7655943.522249998,0.024415,0.025124868560339984,0.0035158868707658546,83.74995114586184,0.0108,0.032884455957175075,0.015945544042824923,0.004007142857142857,3188064.644419,38260374.73656001,0.0302,0.0231,0.0253
2024-01-30,0.0363,0.0374,0.0322,0.0342,7115340.147180003,0.025115,0.025989166792688558,0.0038039708930777127,73.3944482787947,0.0092,0.03439322011061684,0.015836779889383156,0.004071428571428572,3412007.179332,31145034.589380007,0.0361,0.0274,0.025
2024-01-31,0.0347,0.0409,0.0308,0.0343,7117256.500610001,0.025785000000000002,0.02678067471719441,0.003994304855016385,72.5118002291373,0.008399999999999998,0.03569539326852595,0.015874606731474054,0.004514285714285715,3567794.7081775004,38262291.089990005,0.0342,0.0278,0.0259
2024-02-01,0.0345,0.0345,0.0309,0.0339,5887230.355230007,0.026525,0.027458705696509225,0.004065998935767989,71.49528033019045,0.010499999999999999,0.036543272778961786,0.016506727221038218,0.004464285714285714,3756660.0501190005,32375060.734759998,0.0343,0.0286,0.0234
2024-02-02,0.0339,0.039,0.0335,0.0386,5770647.656650002,0.02747,0.02851978134446073,0.004450762016528768,76.07838960402141,0.016200000000000003,0.03830951834237756,0.016630481657622445,0.004535714285714286,3940692.702700501,38145708.39141,0.0339,0.0302,0.0224
2024-02-03,0.0387,0.0396,0.034,0.0379,2716102.3333000015,0.028375,0.029413135502131135,0.004645653192726942,74.90343441513198,0.014800000000000004,0.03953581019507675,0.01721418980492325,0.004771428571428571,4015200.7022400005,35429606.05811,0.0386,0.0361,0.0231
2024-02-04,0.0383,0.04,0.0344,0.0375,6171770.306350002,0.029254999999999996,0.03018331307335674,0.0047134949658200025,72.83460552423317,0.010099999999999998,0.04037756596672788,0.01813243403327211,0.0049928571428571435,4246242.897544001,29257835.75176,0.0379,0.0342,0.0274
2024-02-05,0.0374,0.04,0.035,0.0393,4291294.349679996,0.030019999999999998,0.03105156897113229,0.00485652202167304,82.18618823454918,0.011500000000000003,0.04171086012773734,0.018329139872262656,0.0050999999999999995,4178711.699327501,33549130.101439994,0.0375,0.0343,0.0278
2024-02-06,0.0393,0.0397,0.0356,0.0359,1837401.7445500009,0.030575,0.03151332430721493,0.004642010254821024,74.90771037978061,0.007300000000000001,0.042276349449844305,0.0188736505501557,0.0051428571428571435,4112332.4563310007,31711728.356889993,0.0393,0.0339,0.0286
2024-02-07,0.036,0.0395,0.0346,0.0385,2895462.5026600007,0.031265,0.03217872199224208,0.004628452447869375,76.55168718194412,0.008299999999999998,0.04313398213167871,0.01939601786832129,0.0053,4125092.2751045013,34607190.85954999,0.0359,0.0386,0.0302
2024-02-08,0.0392,0.04,0.0323,0.0332,7094275.03555,0.03166,0.032275986564409505,0.004142292382976979,59.66663882223522,-0.0029,0.04321479394701169,0.02010520605298831,0.005414285714285714,4376591.267215501,27512915.823999994,0.0385,0.0379,0.0361
2024-02-09,0.0338,0.039,0.0311,0.0318,6005618.161679996,0.032,0.032230654510656216,0.003602511238954789,56.45158740896053,-0.0023999999999999994,0.04312171891296263,0.02087828108703737,0.005685714285714286,4555903.760241501,21507297.662319995,0.0332,0.0375,0.0342
2024-02-10,0.0319,0.0336,0.0291,0.0302,6179357.548279996,0.03221500000000001,0.032037258842974675,0.0030109162153045196,52.51570015032069,-0.004099999999999996,0.043001399818875394,0.02142860018112462,0.005878571428571428,4823048.7465645,15327940.114039999,0.0318,0.0393,0.0343
2024-02-11,0.0307,0.033,0.0293,0.0305,3133301.668880002,0.03257,0.03189085323888185,0.002537035026012789,50.491780102133724,-0.0034000000000000002,0.042573809800586934,0.022566190199413066,0.005957142857142857,4861585.4401974995,18461241.78292,0.0302,0.0359,0.0339
2024-02-12,0.0305,0.0319,0.0297,0.0309,1494275.9530699996,0.032995000000000003,0.03179648626375024,0.0021687573379552787,39.59997782401242,-0.007700000000000002,0.041834022332219625,0.02415597766778038,0.0054,4818277.7394455,19955517.73599,0.0305,0.0385,0.0386
2024-02-13,0.0306,0.031,0.028,0.0286,3019366.44068,0.03327,0.031492059000535935,0.0016720297414672645,38.976356469724784,-0.009300000000000003,0.041097105400297866,0.025442894599702136,0.005242857142857142,4875080.415465001,16936151.295309998,0.0309,0.0332,0.0379
2024-02-14,0.029,0.0314,0.0275,0.0314,2039803.722740001,0.03347,0.03148329147667537,0.0014871630290555528,44.83983531111408,-0.006100000000000001,0.04085764259814308,0.026082357401856913,0.004799999999999999,4718505.6841475,18975955.01805,0.0286,0.0318,0.0375
2024-02-15,0.0314,0.032,0.0303,0.0317,1208231.71694,0.033665,0.03150393038365867,0.0013493083314337247,46.07140553572581,-0.007600000000000003,0.04061543353437705,0.02671456646562295,0.004664285714285714,4261937.302901501,20184186.73499,0.0314,0.0302,0.0393
2024-02-16,0.0316,0.0318,0.0299,0.0306,1210816.0071099994,0.033765,0.03141784177569117,0.001138176501039534,33.60653809460929,-0.005300000000000003,0.04046151126766008,0.027068488732339926,0.004407142857142857,4255388.5030615,18973370.72788,0.0317,0.0305,0.0359
2024-02-17,0.0306,0.0308,0.0281,0.0292,678803.13024,0.033715,0.03120661874943487,0.000848108249942265,32.669304487240524,-0.0093,0.04053733946600998,0.026892660533990025,0.0042,4176114.9401815,18294567.59764,0.0306,0.0309,0.0385
2024-02-18,0.0292,0.0292,0.0262,0.0276,2661670.78841,0.03329,0.030863131249488692,0.0004835464305678397,31.178690627312974,-0.005600000000000001,0.04053282585154393,0.02604717414845607,0.004014285714285714,3926401.3034895,15632896.80923,0.0292,0.0286,0.0332
2024-02-19,0.0276,0.0283,0.0231,0.0278,3434765.079619999,0.03297,0.0305714044638231,0.00020836498790305705,26.720632627981487,-0.0040000000000000036,0.04059878206462062,0.02534121793537938,0.004028571428571428,3742372.550111501,19067661.88885,0.0276,0.0314,0.0318
2024-02-20,0.0278,0.0302,0.0256,0.0279,2235307.9272499965,0.03265,0.030316984991078044,-1.6303306489030833e-06,31.308390732828485,-0.0023,0.04057504358281248,0.02472495641718752,0.004064285714285714,3498275.1214435,21302969.816099998,0.0278,0.0317,0.0302
2024-02-21,0.0283,0.0283,0.025,0.0271,2610134.4153799997,0.03231,0.03001060546811823,-0.00022995565793808292,20.91835240525849,-0.0034000000000000002,0.040584984496726026,0.024035015503273967,0.0039499999999999995,3334420.324451,18692835.400719997,0.0279,0.0306,0.0305
2024-02-22,0.0272,0.029,0.0258,0.0267,1391891.103230001,0.031715,0.02969530970924983,-0.00043813127529178375,27.89112989960418,-0.004199999999999999,0.03979467560578643,0.02363532439421357,0.0036285714285714285,3115482.4967799997,17300944.297489997,0.0271,0.0292,0.0309
2024-02-23,0.0269,0.0279,0.0257,0.0267,839997.3519999997,0.031155,0.029410042117892703,-0.0005962388810397644,30.827035219662164,-0.001899999999999999,0.03897817071269721,0.023331829287302784,0.0032214285714285704,3021677.247714999,17300944.297489997,0.0267,0.0276,0.0286
2024-02-24,0.0266,0.0289,0.0236,0.0252,2750503.779180003,0.03054,0.029009085725712445,-0.0008329757300247001,31.060573117573966,-0.006199999999999997,0.03819503618197666,0.02288496381802334,0.0032785714285714284,2850613.9213564997,14550440.518309994,0.0267,0.0278,0.0314
2024-02-25,0.0253,0.028,0.0236,0.0246,1752485.9542600007,0.029805000000000005,0.028589172799454117,-0.001056823962907412,28.14811895750627,-0.007099999999999999,0.036704115122513,0.022905884877487008,0.0033285714285714277,2723673.5015854994,12797954.564049993,0.0252,0.0279,0.0317
2024-02-26,0.025,0.026,0.0241,0.0251,1096608.97421,0.029265000000000003,0.028256870628077534,-0.0011802740162010356,28.676441068369485,-0.005499999999999998,0.03583839934488783,0.02269160065511218,0.0033071428571428566,2686633.8630684996,13894563.538259992,0.0246,0.0271,0.0306
2024-02-27,0.0252,0.0263,0.0231,0.0243,5393034.439640006,0.028555000000000004,0.027880025806355863,-0.001327361388539481,32.23136766618617,-0.004900000000000002,0.0338768417864498,0.023233158213550206,0.0033214285714285715,2811512.4599175,8501529.098619986,0.0251,0.0267,0.0292
2024-02-28,0.0246,0.0247,0.0219,0.0229,4244064.56645,0.02804,0.027405737634321973,-0.0015391550649100534,10.28036038083691,-0.004699999999999999,0.03346174957196067,0.022618250428039326,0.0032428571428571432,2669001.9364625,4257464.5321699865,0.0243,0.0267,0.0276
2024-02-29,0.0233,0.0236,0.0199,0.0204,5846216.153579996,0.02747,0.02673852452629131,-0.0018869802455278098,6.201543657239455,-0.007399999999999997,0.03358059476819202,0.02135940523180798,0.0033857142857142857,2661031.8360575,-1588751.6214100095,0.0229,0.0252,0.0278
2024-03-01,0.0203,0.0229,0.0201,0.0229,2166133.8719700007,0.027104999999999997,0.02637295076188261,-0.001938558609434024,23.07690048415337,-0.005000000000000001,0.033398346528383666,0.020811653471616325,0.0034500000000000004,2460370.652242,577382.2505599912,0.0204,0.0246,0.0279
2024-03-02,0.0229,0.0257,0.0229,0.025,4102603.4781500017,0.02683,0.02624219354646522,-0.0017893558095577848,35.999966400031354,-0.0020999999999999977,0.03297769105137537,0.020682308948624623,0.003457142857142857,2508835.7427055,4679985.728709993,0.0229,0.0251,0.0271
2024-03-03,0.0252,0.0254,0.0213,0.022,7777043.653229998,0.026385,0.02583817511346853,-0.0018913837428913005,32.92680116004779,-0.004700000000000003,0.03258050771038795,0.020189492289612043,0.0035357142857142857,2822974.1277135,-3097057.9245200055,0.025,0.0243,0.0267
2024-03-04,0.0225,0.024,0.021,0.0227,3301134.886599999,0.026090000000000002,0.025539301293138195,-0.0018939254725994642,34.91121368301826,-0.004,0.03240219371325747,0.019777806286742534,0.0033785714285714287,2837062.5500095002,204076.96207999345,0.022,0.0229,0.0267
2024-03-05,0.0231,0.025,0.0202,0.0215,4094425.553890007,0.025595,0.02515460593188694,-0.001970060153523367,32.22219716051332,-0.003700000000000002,0.03170331185223981,0.019486688147760188,0.0033928571428571428,2939793.641567,-3890348.5918100136,0.0227,0.0204,0.0252
2024-03-06,0.0219,0.0249,0.0216,0.0249,1814949.2910500013,0.025255,0.025130357747897708,-0.0017360339386190728,44.660163823189635,0.0002999999999999982,0.03064757774509046,0.01986242225490954,0.0033928571428571428,2970129.5202725003,-2075399.3007600124,0.0215,0.0229,0.0246
2024-03-07,0.025,0.0264,0.0233,0.0257,2054840.6279300016,0.025009999999999998,0.02518460939095507,-0.001469078541378125,47.619015873037036,0.0005999999999999998,0.029790618766381238,0.020229381233618757,0.0033857142857142857,3012330.7513135006,-20558.672830010764,0.0249,0.025,0.0251
2024-03-08,0.0257,0.0258,0.0236,0.0252,1368581.718999999,0.02481,0.025186075163245062,-0.0012830698557542292,46.51159762035504,0.0009000000000000015,0.029168609145612083,0.020451390854387914,0.0033857142857142857,3046819.6807515,-1389140.3918300099,0.0257,0.022,0.0243
2024-03-09,0.0256,0.0279,0.0252,0.0273,2647505.6987000015,0.024795,0.025387401338174104,-0.0009551933115633134,54.7510965377669,0.004400000000000001,0.02911507553540233,0.02047492446459767,0.0032000000000000006,3046111.4262660006,1258365.3068699916,0.0252,0.0227,0.0229
2024-03-10,0.0271,0.0277,0.025,0.0262,1202071.5806099996,0.024714999999999997,0.025464791686919428,-0.0007751738718007953,53.53978984260806,0.0058,0.02885633210198725,0.020573667898012744,0.0030785714285714283,2934476.7513155006,56293.72625999199,0.0273,0.0215,0.0204
2024-03-11,0.0262,0.0278,0.0247,0.0261,3649931.3742399984,0.024625,0.025525287716736626,-0.0006332763177860461,52.252219300402245,0.0032000000000000015,0.028547338185586253,0.02070266181441375,0.003164285714285714,3005207.9236650006,-3593637.6479800064,0.0262,0.0249,0.0229
2024-03-12,0.0266,0.0268,0.0244,0.0248,1963253.6177599996,0.024509999999999997,0.02545621269609504,-0.0006185898987080378,51.10129006968895,-0.00020000000000000226,0.02825778531093296,0.020762214689067034,0.003107142857142857,2972863.8837840008,-5556891.265740006,0.0261,0.0257,0.025
2024-03-13,0.0253,0.027,0.0247,0.0251,3120726.839330005,0.02443,0.025422287677419324,-0.0005761023638232651,55.09255688445387,0.003100000000000002,0.028046977511098494,0.020813022488901507,0.0030714285714285713,3059305.670589001,-2436164.4264100012,0.0248,0.0252,0.022
2024-03-14,0.0257,0.027,0.0237,0.0251,2586973.3379199984,0.02435,0.025391593612903197,-0.0005362491400309824,62.30361925389164,0.0023999999999999994,0.027823508767499734,0.020876491232500266,0.0030428571428571427,3146654.469885001,-2436164.4264100012,0.0251,0.0273,0.0227
2024-03-15,0.0255,0.0257,0.02,0.0235,2891256.976100002,0.024265000000000002,0.02521144184024575,-0.0006265493292996298,51.64831191888094,0.0020000000000000018,0.027734126994686983,0.02079587300531302,0.00325,3153692.1297310004,-5327421.402510003,0.0251,0.0262,0.0215
2024-03-16,0.0241,0.0246,0.0189,0.02,14097936.018670006,0.024034999999999997,0.02471511404593663,-0.0009693594540568749,37.24487135570414,-0.004899999999999998,0.027986961538274725,0.02008303846172527,0.003457142857142857,3770964.632951501,-19425357.42118001,0.0235,0.0261,0.0249
2024-03-17,0.02,0.0232,0.019,0.0216,3524646.271979997,0.02386,0.02441843651775219,-0.0010992607271944552,48.90106128489792,-0.0040999999999999995,0.027921837800281075,0.019798162199718923,0.0034642857142857136,3892366.4978400012,-15900711.149200013,0.02,0.0248,0.0257
2024-03-18,0.0221,0.0224,0.0195,0.0196,5759557.831480002,0.023625,0.02395953780177579,-0.0013480521993778326,42.05125186063969,-0.005600000000000001,0.028102252446946335,0.019147747553053665,0.003457142857142857,3910692.6674320004,-21660268.980680015,0.0216,0.0251,0.0252
2024-03-19,0.0199,0.0214,0.0177,0.0196,4841759.813779997,0.02346,0.02354434372541619,-0.0015276118747040435,44.80870888951233,-0.007700000000000002,0.02827987114918434,0.018640128850815663,0.0033785714285714283,3940577.4297985,-21660268.980680015,0.0196,0.0251,0.0273
2024-03-20,0.0197,0.0244,0.0193,0.024,10537062.059520002,0.02364,0.02358773956109084,-0.0012998867011093616,47.66835920429903,-0.0022000000000000006,0.0282426994367725,0.019037300563227503,0.003507142857142857,4175119.7250955007,-11123206.921160012,0.0196,0.0235,0.0262
2024-03-21,0.0242,0.0251,0.0208,0.0227,14353187.463160044,0.02363,0.023503192936225048,-0.0012103597216805671,42.424212427324555,-0.0034000000000000002,0.028240331646936,0.019019668353064005,0.003592857142857143,4784472.404655003,-25476394.384320058,0.024,0.02,0.0261
2024-03-22,0.0227,0.0273,0.0185,0.0201,12426959.36399001,0.023385,0.023179079323251233,-0.0013338316343013482,38.35613986365489,-0.004699999999999999,0.02820481655034194,0.01856518344965806,0.004064285714285714,5200690.198947003,-37903353.74831007,0.0227,0.0216,0.0248
2024-03-23,0.02,0.0208,0.0197,0.0199,4656514.270050002,0.023280000000000002,0.022866786054370165,-0.001431322943119092,31.499977950015435,-0.0052,0.02831361333019308,0.018246386669806925,0.00395,5044663.7297880035,-42559868.01836007,0.0201,0.0196,0.0251
2024-03-24,0.02,0.02,0.0189,0.02,1949836.1933300009,0.023145000000000002,0.022593758811096817,-0.0014834164421510601,33.684185706389485,-0.0051,0.028384716746060808,0.017905283253939197,0.0038357142857142856,4977098.795124504,-40610031.82503007,0.0199,0.0196,0.0251
2024-03-25,0.02,0.0203,0.0185,0.0192,4297382.3101,0.023030000000000002,0.022270543686230455,-0.0015711430699367583,32.48728655725829,-0.004300000000000002,0.028516864697669245,0.01754313530233076,0.003742857142857143,4987246.632935003,-44907414.13513008,0.02,0.024,0.0235
2024-03-26,0.0197,0.0201,0.0185,0.0189,2519995.2079100003,0.02273,0.02194953952563708,-0.0016459016178520872,34.22457330780608,-0.0011000000000000003,0.028438018367543432,0.01702198163245657,0.003685714285714286,5022498.928778004,-47427409.34304008,0.0192,0.0227,0.02
2024-03-27,0.0189,0.0195,0.0177,0.0189,2746442.9534299993,0.02239,0.02165910718986212,-0.0016857164161421627,33.15214868858253,-0.002700000000000001,0.02816285845459983,0.01661714154540017,0.0036500000000000005,5057079.045053003,-47427409.34304008,0.0189,0.0201,0.0216
2024-03-28,0.0188,0.0201,0.0179,0.02,2125760.4428600008,0.02213,0.021501096981303824,-0.0016099506155073454,36.923050414220214,0.00040000000000000105,0.027838018367543425,0.016421981632456575,0.0035714285714285718,5094937.981246003,-45301648.90018008,0.0189,0.0199,0.0196
2024-03-29,0.02,0.0206,0.0189,0.0189,3362816.6514299987,0.02171,0.021253373459274888,-0.0016199922173666809,37.89470891968816,-0.0006999999999999992,0.027039915571564203,0.016380084428435797,0.0032857142857142863,5130703.5288825035,-48664465.551610075,0.02,0.02,0.0196
2024-03-30,0.0195,0.0203,0.0187,0.019,1429938.1273900012,0.02135,0.02103876646315347,-0.0016014209115188006,46.79482979951171,-0.005000000000000001,0.026366394175732038,0.016333605824267964,0.002992857142857143,5142096.856221503,-47234527.42422007,0.0189,0.0192,0.024
2024-03-31,0.019,0.0193,0.0175,0.0193,1023123.6981099998,0.02101,0.020873169657138854,-0.0015446893082939547,41.95800088027886,-0.0034000000000000002,0.025572040171493265,0.016447959828506737,0.002821428571428571,5010756.472415003,-46211403.72611007,0.019,0.0189,0.0227
2024-04-01,0.0192,0.0197,0.0182,0.0197,1268102.7588000002,0.020755000000000003,0.02076143921360182,-0.0014507293422225571,50.39364523535171,-0.00040000000000000105,0.024982964546981068,0.016527035453018937,0.0027214285714285713,4975998.929467003,-44943300.96731007,0.0193,0.0189,0.0201
2024-04-02,0.019,0.0196,0.0174,0.0186,629610.2470500001,0.02043,0.020555587859925457,-0.0014483307435914847,46.376764545311325,-0.0013000000000000025,0.024229224297558694,0.016630775702441307,0.0026142857142857144,4851443.099853003,-45572911.21436007,0.0197,0.02,0.0199
2024-04-03,0.0178,0.0191,0.0174,0.0181,1560229.0225500015,0.02008,0.020321722349456367,-0.0014698323457750517,20.20199163354718,-0.001899999999999999,0.023315721671720933,0.016844278328279068,0.0023714285714285716,4800105.884084503,-47133140.236910075,0.0186,0.0189,0.02
2024-04-04,0.0182,0.0197,0.0178,0.0186,1813494.5955899996,0.019835,0.020157748792365284,-0.0014300420644247323,27.472485207165576,-0.0005999999999999998,0.0227013382104777,0.016968661789522298,0.0021999999999999997,4746217.765059004,-45319645.64132007,0.0181,0.019,0.0192
2024-04-05,0.0186,0.0192,0.0163,0.0183,3150719.3341299985,0.01975,0.019980820335949542,-0.0014065021907841424,36.76463019046724,-0.0005999999999999998,0.022695469312976557,0.016804530687023443,0.0017785714285714282,4198856.930832003,-48470364.97545007,0.0186,0.0193,0.0189
2024-04-06,0.0181,0.0192,0.0167,0.0187,1991034.6961299991,0.019605,0.01985883744681149,-0.0013401219229931122,41.42848857159428,-0.0001999999999999988,0.02245084646551172,0.016759153534488282,0.001878571428571428,4122176.3520395025,-46479330.27932007,0.0183,0.0197,0.0189
2024-04-07,0.0188,0.0202,0.0182,0.0196,1366634.8866400004,0.019605,0.019834186261400873,-0.001201047674299658,47.43581229469587,-0.00040000000000000105,0.02245084646551172,0.016759153534488282,0.0019428571428571422,3902530.2047975026,-45112695.39268007,0.0187,0.0186,0.02
2024-04-08,0.0192,0.0203,0.0186,0.0202,1461288.8527999998,0.019635,0.01986902566507698,-0.0010305359675729792,56.57884314423633,0.001299999999999999,0.022493247530808134,0.016776752469191865,0.0019357142857142852,3733506.6567485034,-43651406.539880075,0.0196,0.0181,0.0189
2024-04-09,0.0202,0.0209,0.0191,0.0201,2607097.9459599988,0.01944,0.019891023220783937,-0.0008931773828879871,58.10799817405752,0.0011000000000000003,0.021450917570087488,0.01742908242991251,0.0019499999999999993,3337008.451070503,-46258504.485840075,0.0202,0.0186,0.019
2024-04-10,0.0198,0.0202,0.0187,0.0193,2359782.4797599986,0.01927,0.01983473529499499,-0.0008391992622291504,52.438934860355126,0.0,0.020569554579563897,0.0179704454204361,0.0019285714285714277,2737338.2019005003,-48618286.96560007,0.0201,0.0183,0.0193
2024-04-11,0.0188,0.02,0.0183,0.0192,984116.2725699998,0.019225,0.019774284314519275,-0.0007953223954651478,44.444358024859376,-0.0005000000000000004,0.020464482065007807,0.01798551793499219,0.001892857142857142,2165196.0473295,-49602403.23817007,0.0193,0.0187,0.0197
2024-04-12,0.0188,0.0194,0.0146,0.0172,1848236.6459000013,0.019090000000000003,0.019529114379803154,-0.0009114265891709272,39.50610455735013,-0.0013999999999999985,0.020582296005631384,0.01759770399436862,0.0021142857142857135,2024782.1661220002,-51450639.884070076,0.0192,0.0196,0.0186
2024-04-13,0.0171,0.0181,0.0148,0.0151,2278211.289439998,0.018844999999999997,0.019107293962679045,-0.0011595261528355057,30.693026762141102,-0.003000000000000001,0.02111468581178383,0.016575314188216166,0.0022357142857142853,2041200.9209275,-53728851.173510075,0.0172,0.0202,0.0181
2024-04-14,0.0152,0.0157,0.0135,0.0152,1383082.5170000005,0.018645000000000002,0.018735170728138184,-0.0013327149716320826,29.29288786864339,-0.0033999999999999985,0.02142952490514463,0.015860475094855372,0.002264285714285714,1895485.9312724997,-52345768.65651008,0.0151,0.0201,0.0186
2024-04-15,0.0151,0.017,0.0138,0.0145,2484793.3704899983,0.018425,0.018331821134982166,-0.0015090570379071092,24.509770280707443,-0.0037999999999999996,0.021764634395370117,0.015085365604629886,0.0023857142857142857,1893725.8394014998,-54830562.02700008,0.0152,0.0193,0.0183
2024-04-16,0.0143,0.0147,0.0133,0.0135,2871231.4086299995,0.018154999999999998,0.017871647693555294,-0.0017097916249384677,24.752440937210565,-0.0052000000000000015,0.02214312711617108,0.014166872883828913,0.0023285714285714285,1899965.2621614996,-57701793.435630076,0.0145,0.0192,0.0187
2024-04-17,0.0134,0.0146,0.0128,0.0136,6827565.757660003,0.017834999999999997,0.017464824103692884,-0.001839600299965969,26.804085025031895,-0.006,0.022208256043390877,0.013461743956609117,0.002335714285714285,2135055.5279014995,-50874227.677970074,0.0135,0.0172,0.0196
2024-04-18,0.0133,0.015,0.0126,0.0149,5584036.404199999,0.017635,0.01722055514143642,-0.0018166344437233473,32.38090920640677,-0.005299999999999999,0.02216619015387001,0.013103809846129992,0.0023714285714285708,2246116.51554,-45290191.27377008,0.0136,0.0151,0.0202
2024-04-19,0.015,0.0155,0.0131,0.0142,711867.40437,0.017395,0.01693288322320438,-0.0018337793204867628,31.192620486542495,-0.005899999999999999,0.02212585059671337,0.012664149403286633,0.002335714285714285,2210212.9793889998,-46002058.67814008,0.0149,0.0152,0.0201
2024-04-20,0.0141,0.016,0.014,0.0157,1375267.7943599997,0.017215,0.016815465773375393,-0.0017066560266243112,37.49995625005102,-0.0036000000000000025,0.021914507253005873,0.01251549274699413,0.0022999999999999995,2227820.1842015,-44626790.883780085,0.0142,0.0145,0.0193
2024-04-21,0.0157,0.0165,0.0153,0.0155,144730.18831,0.017005,0.016690183318768214,-0.001603563348782689,31.858367609102075,-0.0036999999999999984,0.021611391440733766,0.012398608559266232,0.002242857142857143,2171651.5556769995,-44771521.07209008,0.0157,0.0135,0.0192
2024-04-22,0.0155,0.0163,0.0145,0.0156,1825017.35441,0.016855000000000002,0.016586356336028386,-0.001496541298069292,28.70366649524712,-0.0016000000000000007,0.021438023593999933,0.012271976406000073,0.00225,2231421.9110449995,-42946503.71768008,0.0155,0.0136,0.0172
2024-04-23,0.0152,0.0156,0.015,0.015,348069.6805699998,0.0167,0.01643527478021616,-0.0014435007591879004,27.433594330060103,-0.00010000000000000113,0.02131530634211653,0.01208469365788347,0.002164285714285714,2170813.9439459997,-43294573.39825008,0.0156,0.0149,0.0151
2024-04-24,0.0154,0.0156,0.0134,0.0136,1495573.1769499998,0.01645,0.016165248610671763,-0.001497175541956896,26.050389520550127,-0.0016000000000000007,0.021172399033497807,0.011727600966502192,0.002214285714285714,2154917.873014,-44790146.57520008,0.015,0.0142,0.0152
2024-04-25,0.0136,0.015,0.0135,0.0142,503879.00626999984,0.016245000000000002,0.01597808207632207,-0.0014743033570580669,29.838675988591632,-0.0002999999999999999,0.020985186538634817,0.011504813461365188,0.0021999999999999997,2022575.8566209998,-44286267.56893008,0.0136,0.0157,0.0145
2024-04-26,0.0145,0.0165,0.0135,0.014,413505.24235,0.01601,0.01578969330714854,-0.0014555367921633526,34.90561427560378,0.0005000000000000004,0.020703511758969076,0.011316488241030924,0.0020714285714285713,1943699.383932,-44699772.81128008,0.0142,0.0155,0.0135
2024-04-27,0.014,0.0141,0.0138,0.014,62461.55118999999,0.01573,0.015619246325515345,-0.0014242463291575629,43.52934006932224,0.00040000000000000105,0.020183786088971697,0.011276213911028305,0.0018571428571428571,1878490.7171594996,-44699772.81128008,0.014,0.0156,0.0136
2024-04-28,0.014,0.0145,0.0138,0.0144,107054.4612,0.01544,0.015503127627847217,-0.0013515914498424542,45.4544731406109,-0.0005000000000000004,0.01939575530082461,0.011484244699175392,0.00175,1810778.9975794996,-44592718.35008008,0.014,0.015,0.0149
2024-04-29,0.0144,0.0146,0.0132,0.0136,526156.3250600001,0.015115,0.015321877377576053,-0.001343083023579052,44.943749526686126,-0.0006000000000000016,0.018483132388947273,0.011746867611052729,0.0016214285714285712,1706731.9165344997,-45118874.67514008,0.0144,0.0136,0.0142
2024-04-30,0.0136,0.0138,0.0121,0.0134,1315967.0058199994,0.01482,0.015138841436854525,-0.0013370655041526174,49.382630696687684,-0.0022999999999999982,0.017632453508388015,0.012007546491611985,0.0016428571428571427,1654541.1428374997,-46434841.68096008,0.0136,0.0142,0.0157
2024-05-01,0.013,0.016,0.0122,0.0136,4599680.082900002,0.01454,0.014992285109535047,-0.0013011592937322014,49.99991463429208,-0.0019000000000000006,0.01650324114399521,0.012576758856004792,0.0017857142857142852,1835319.333354,-41835161.59806008,0.0134,0.014,0.0155
2024-05-02,0.0133,0.0155,0.0125,0.0137,3566651.947619996,0.014364999999999998,0.014869210337198376,-0.0012502224132763303,41.42848857159428,-0.001899999999999999,0.01590912298392181,0.012820877016078185,0.0018285714285714283,1921240.0984399996,-38268509.65044008,0.0136,0.014,0.0156
2024-05-03,0.0136,0.0155,0.0132,0.0146,1083611.9159299997,0.01434,0.014843571257465197,-0.001124272180305844,52.77767515452054,-0.0003999999999999993,0.015849827456158594,0.012830172543841405,0.001821428571428571,1861510.1297644998,-37184897.73451008,0.0137,0.0144,0.015
2024-05-04,0.0149,0.0168,0.0147,0.0168,616764.75803,0.014419999999999999,0.015029897804373273,-0.0008372824288111497,56.96192437127328,0.0031999999999999997,0.016256013989168646,0.012583986010831352,0.0018285714285714283,1823194.2418159998,-36568132.97648008,0.0146,0.0136,0.0136
2024-05-05,0.0168,0.017,0.0149,0.0166,1743484.3164399995,0.014525000000000001,0.015179431346813915,-0.0006188456442603619,56.96192437127328,0.0023999999999999994,0.01660434706351014,0.012445652936489861,0.0018928571428571427,1786128.7891134997,-38311617.29292008,0.0168,0.0134,0.0142
2024-05-06,0.0169,0.017,0.0148,0.0157,2579116.1799600013,0.014635,0.015229009313784018,-0.0005124482131116936,50.574631259214065,0.0016999999999999984,0.01671879714135463,0.012551202858645371,0.0019214285714285715,1771523.0276799998,-40890733.47288008,0.0166,0.0136,0.014
2024-05-07,0.0155,0.0165,0.0144,0.0155,1682046.9259200008,0.014730000000000002,0.015254817950566492,-0.0004392029526578533,53.0119587750093,0.0014999999999999996,0.01678820565695407,0.012671794343045932,0.0020285714285714286,1514247.086093,-42572780.39880008,0.0157,0.0137,0.014
2024-05-08,0.015,0.0164,0.0131,0.0146,4789447.395430001,0.014715,0.015192454336226827,-0.00044860677476751126,56.41015516125998,0.00020000000000000052,0.01677236162161814,0.012657638378381865,0.0021071428571428573,1474517.6356545,-47362227.79423008,0.0155,0.0146,0.0144
2024-05-09,0.0148,0.0149,0.0126,0.0138,3412736.1009499985,0.014695,0.015059839637538559,-0.0005146797775529462,47.49991687514546,0.00020000000000000052,0.016781018620293804,0.012608981379706195,0.0021642857142857145,1609561.0704834997,-50774963.89518008,0.0146,0.0168,0.0136
2024-05-10,0.0134,0.0143,0.0134,0.0143,720145.4005199999,0.014624999999999999,0.014987473957772982,-0.000520695038685827,51.80714153012272,0.0008999999999999998,0.01666241322062582,0.012587586779374178,0.0020142857142857146,1576804.9507915,-50054818.49466008,0.0138,0.0166,0.0134
2024-05-11,0.0133,0.0141,0.0131,0.0139,1175430.39279,0.014544999999999999,0.01488390500941365,-0.0005513828354246214,49.42520782150464,0.0002999999999999999,0.016563310914445628,0.01252668908555437,0.0020642857142857142,1628339.9610155,-51230248.88745008,0.0143,0.0157,0.0136
2024-05-12,0.014,0.0163,0.0139,0.0151,3606095.49295,0.01452,0.014904485484707589,-0.0004734159202263392,53.68413141285897,0.0014000000000000002,0.016495214845076975,0.012544785154923025,0.002185714285714286,1717393.8679424997,-47624153.39450008,0.0139,0.0155,0.0137
2024-05-13,0.0156,0.017,0.0143,0.0158,3452038.4850200024,0.01456,0.014989772581402104,-0.00035109522119989266,61.70203576292547,0.0012000000000000014,0.016607231763806622,0.012512768236193378,0.0022785714285714284,1872592.308165,-44172114.90948007,0.0151,0.0146,0.0146
2024-05-14,0.0158,0.0168,0.0146,0.015,3342092.652020003,0.01463,0.01499074662126857,-0.0003150764943641929,57.99991880011367,-0.0017999999999999995,0.01663431114298571,0.012625688857014292,0.002314285714285714,1964918.2819185003,-47514207.56150007,0.0158,0.0138,0.0168
2024-05-15,0.015,0.0154,0.0134,0.015,4947793.385760002,0.014669999999999999,0.014991627895433469,-0.000283266078816383,57.142775510320696,-0.0016000000000000007,0.01667010526038844,0.012669894739611557,0.002185714285714286,2187114.0008930005,-47514207.56150007,0.015,0.0143,0.0166
2024-05-16,0.0148,0.0149,0.0144,0.0145,1179373.2800400008,0.014695,0.014944806191106472,-0.0002950013249926227,53.9214946175564,-0.001199999999999998,0.01667221228527808,0.012717787714721918,0.002007142857142857,2225407.4027775,-48693580.841540076,0.015,0.0139,0.0157
2024-05-17,0.0147,0.0151,0.0146,0.0147,2038229.72947,0.014730000000000002,0.014921491315763,-0.0002848793517701981,50.52624132974961,-0.0008000000000000004,0.016680006747627152,0.01277999325237285,0.0018785714285714289,2324195.8116915002,-46655351.112070076,0.0145,0.0151,0.0155
2024-05-18,0.015,0.0153,0.015,0.0151,241886.06668999995,0.014765,0.014938492142833189,-0.0002417937106236976,38.96096812291511,0.0005000000000000004,0.016715195671694685,0.012814804328305314,0.00175,2330937.391966,-46413465.04538008,0.0147,0.0158,0.0146
2024-05-19,0.0152,0.0153,0.0146,0.0147,491453.46302,0.01482,0.014915778605420505,-0.00023719050219475624,37.97461624751551,0.0008999999999999998,0.016692347246246877,0.012947652753753121,0.0016500000000000002,2329202.248864,-46904918.508400075,0.0151,0.015,0.0138
2024-05-20,0.0145,0.0158,0.0141,0.0154,3985036.129390002,0.01492,0.01496189492871379,-0.0001750405183614523,48.05186068492864,0.0011000000000000003,0.01668348936397248,0.013156510636027517,0.0016142857142857144,2462655.7050425005,-42919882.379010074,0.0147,0.015,0.0143
2024-05-21,0.0154,0.0156,0.0141,0.0141,3008327.2266000006,0.014945,0.014879809697407714,-0.00022805645104019903,42.0453876550651,0.00020000000000000052,0.01664264542823346,0.013247354571766541,0.0015714285714285713,2383088.0622275,-45928209.60561007,0.0154,0.0145,0.0139
2024-05-22,0.014,0.0145,0.0136,0.0137,1121196.6869199998,0.014945,0.01476744686908317,-0.0002989030484244169,44.57823806080328,-0.0014000000000000002,0.01664264542823346,0.013247354571766541,0.0014,2260815.2991925003,-47049406.292530075,0.0141,0.0147,0.0151
2024-05-23,0.0137,0.0145,0.0136,0.0137,1032099.7182,0.014900000000000002,0.014665785262503821,-0.000351003339270399,49.333241244616346,-0.002100000000000001,0.01668177912270495,0.01311822087729505,0.0013000000000000002,2258239.6893060007,-47049406.292530075,0.0137,0.0151,0.0158
2024-05-24,0.0137,0.0141,0.0133,0.0136,1503841.8080800003,0.01474,0.014564281904170124,-0.00039579982538268457,45.0703336641308,-0.0014000000000000002,0.016371789460104216,0.013108210539895783,0.0012928571428571431,2302593.5418085004,-48553248.10061008,0.0137,0.0147,0.015
2024-05-25,0.0136,0.0143,0.0131,0.0139,1579222.8549800003,0.014604999999999998,0.014501016960915826,-0.0004024546241852365,49.9999000002,-0.0011000000000000003,0.016021407613054137,0.01318859238694586,0.0013071428571428574,2294380.4687355007,-46974025.24563008,0.0136,0.0154,0.015
2024-05-26,0.0139,0.0162,0.0138,0.015,5344380.5172399925,0.01457,0.014548539155114318,-0.00031533283266157314,49.27526234004741,0.0004999999999999987,0.01590471857865711,0.013235281421342891,0.0013071428571428574,2432643.6855995003,-41629644.72839008,0.0139,0.0141,0.0145
2024-05-27,0.015,0.0157,0.0146,0.0153,1319665.106960001,0.014559999999999998,0.01462010685462724,-0.0002195498583044929,46.15374674577622,0.0005999999999999998,0.015868112340259338,0.013251887659740658,0.0011928571428571429,2414524.5946515,-40309979.621430084,0.015,0.0137,0.0147
2024-05-28,0.0153,0.0159,0.015,0.015,1061141.8013199992,0.01458,0.01465628715418655,-0.0001659358486700204,49.99988333360555,-0.00010000000000000113,0.015902835869200722,0.013257164130799276,0.0011000000000000003,2228109.3149460005,-41371121.422750086,0.0153,0.0137,0.0151
2024-05-29,0.015,0.0151,0.0131,0.0137,2330120.5660000015,0.014575,0.014565212187121163,-0.00022574326734430862,41.09581159707366,-0.0009999999999999992,0.015910940433592452,0.013239059566407547,0.0011000000000000003,2173978.5381985,-43701241.988750085,0.015,0.0136,0.0147
2024-05-30,0.0137,0.0141,0.0134,0.0136,589545.99628,0.01454,0.014473287216919147,-0.0002780055666775222,43.47817265298301,-0.0018000000000000013,0.01594135272993138,0.01313864727006862,0.0011142857142857146,2167448.5679865004,-44290787.985030085,0.0137,0.0139,0.0154
2024-05-31,0.0137,0.014,0.0131,0.0133,632654.6442899997,0.01451,0.014361545577212562,-0.00033971528191878084,39.999920000159996,-0.0008000000000000004,0.015992387831915943,0.013027612168084058,0.001142857142857143,2140309.7805615,-44923442.629320085,0.0136,0.015,0.0141
2024-06-01,0.0133,0.0138,0.0131,0.0132,1652561.99303,0.014415,0.014250922188906605,-0.00039216915816832343,35.82082067291202,-0.0005000000000000004,0.015979440374131414,0.012850559625868587,0.0011714285714285713,2042633.1055655002,-46576004.62235008,0.0133,0.0153,0.0137
2024-06-02,0.0132,0.0137,0.013,0.013,1218843.5435,0.014275000000000001,0.01413178674234407,-0.000444750751717635,36.922997396621,-0.000700000000000001,0.015818577526057333,0.01273142247394267,0.0011714285714285715,1930973.3584895,-47794848.16585008,0.0132,0.015,0.0137
2024-06-03,0.013,0.0135,0.0123,0.0126,5590090.192179998,0.014155000000000001,0.013985902290692255,-0.0005127876041932343,27.419292924177256,-0.0009999999999999992,0.01582891756069464,0.01248108243930536,0.0011357142857142857,2043373.2354974996,-53384938.35803008,0.013,0.0137,0.0136
2024-06-04,0.0126,0.0145,0.0124,0.0143,3084337.65459,0.014119999999999999,0.014015816358245373,-0.00042463656150083275,51.5150422408195,0.00040000000000000105,0.01574817301550632,0.012491826984493679,0.0011785714285714286,1950200.4489389998,-50300600.70344008,0.0126,0.0136,0.0139
2024-06-05,0.0143,0.0163,0.0135,0.0142,2572039.5571500007,0.014105000000000001,0.0140333576574601,-0.00035871039914623336,53.96813403906722,-0.0007999999999999986,0.01572393402225753,0.012486065977742471,0.0013142857142857142,2019833.7627944998,-52872640.26059008,0.0143,0.0133,0.015
2024-06-06,0.0142,0.0159,0.0142,0.0147,1878419.956950001,0.014104999999999998,0.014096847404368661,-0.00026308493976202364,57.35282309712891,-0.0005999999999999998,0.015723934022257528,0.012486065977742468,0.0013714285714285714,2011843.2741685,-50994220.303640075,0.0142,0.0132,0.0153
2024-06-07,0.0147,0.0155,0.0136,0.0138,1242181.4199600006,0.01404,0.014068576223000217,-0.0002569614608728295,51.31569494477247,-0.0011999999999999997,0.015593806870069626,0.012486193129930375,0.00145,2061858.041832,-52236401.723600075,0.0147,0.013,0.015
2024-06-08,0.0138,0.0145,0.0132,0.0135,1314427.6980499998,0.013979999999999998,0.014014426106524005,-0.00027316715164733656,47.3683337951746,-0.00020000000000000052,0.015519104319162619,0.012440895680837376,0.0014571428571428572,2103006.7535834997,-53550829.421650074,0.0138,0.0126,0.0137
2024-06-09,0.0135,0.0144,0.0134,0.0137,990030.39356,0.013895000000000001,0.013984480763045528,-0.0002667964859962655,40.29842325702603,0.00010000000000000113,0.015284395930839531,0.01250560406916047,0.0013571428571428573,1953256.4667919998,-52560799.028090075,0.0135,0.0143,0.0136
2024-06-10,0.0137,0.0138,0.0124,0.013,1948640.4785800008,0.01384,0.013890720690374525,-0.00031460526377894045,33.80275024809809,-0.0002999999999999999,0.015281344401665469,0.012398655598334531,0.0013785714285714287,1900272.1293910001,-54509439.50667007,0.0137,0.0142,0.0133
2024-06-11,0.013,0.0137,0.0125,0.0126,521844.16468,0.013785,0.013767794910338856,-0.00038038587014641544,33.333268518644545,-0.0005999999999999998,0.015329122983921794,0.012240877016078207,0.0014,1870304.5032789998,-55031283.67135007,0.013,0.0147,0.0132
2024-06-12,0.0126,0.0139,0.0119,0.0126,3148619.7545499997,0.013729999999999997,0.013656576347449441,-0.00042758850054659854,40.67786957793658,-0.0003999999999999993,0.015362692319614495,0.0120973076803855,0.0013999999999999998,1976130.5050965,-55031283.67135007,0.0126,0.0138,0.013
2024-06-13,0.0126,0.0139,0.0116,0.0119,1643522.6205000004,0.013645,0.013489283361978065,-0.0005155382707963448,36.922997396621,-0.0006999999999999992,0.015471673709808925,0.011818326290191073,0.0015142857142857143,1983114.5457174997,-56674806.29185007,0.0126,0.0135,0.0126
2024-06-14,0.0119,0.0128,0.0116,0.0117,560809.44331,0.013535,0.01331887542274206,-0.0005945241218944554,37.499917968929445,-0.0026,0.015552058828044266,0.011517941171955735,0.0015357142857142857,1932193.8751339999,-57235615.73516007,0.0119,0.0137,0.0143
2024-06-15,0.0117,0.0121,0.0108,0.0114,1443577.8780799992,0.013355,0.01313612538248091,-0.0006735640437301373,36.36355922881375,-0.0028000000000000004,0.01546210577258094,0.01124789422741906,0.0015785714285714287,1737153.7431760002,-58679193.61324006,0.0117,0.013,0.0142
2024-06-16,0.0114,0.012,0.0108,0.0109,1704900.6735999994,0.013134999999999999,0.012923161060339871,-0.0007677000047836228,34.78253812238641,-0.0037999999999999996,0.015304913895939484,0.010965086104060514,0.0016142857142857144,1756415.521508,-60384094.28684007,0.0114,0.0126,0.0147
2024-06-17,0.0109,0.0122,0.0095,0.0119,3379729.563840002,0.01298,0.012825717149831313,-0.0007529324528485135,45.33324871126907,-0.001899999999999999,0.01502846540764485,0.01093153459235515,0.0017214285714285717,1872344.9096340002,-57004364.723000064,0.0109,0.0126,0.0138
2024-06-18,0.0119,0.012,0.0105,0.0107,3109967.704220001,0.01283,0.012623267897466426,-0.0008285085024388721,24.28566571438286,-0.0028000000000000004,0.015085379533938143,0.010574620466061856,0.0016785714285714284,1911337.266545,-60114332.42722007,0.0119,0.0119,0.0135
2024-06-19,0.0107,0.0122,0.0104,0.0111,2309708.153999998,0.012705,0.012478194764374386,-0.0008463699828595572,28.767068117951567,-0.0026,0.015055789341118755,0.010354210658881244,0.0016071428571428571,1997345.3744309999,-57804624.27322007,0.0107,0.0117,0.0137
2024-06-20,0.0112,0.0127,0.0108,0.011,1138045.4953700013,0.01259,0.012337414310624444,-0.0008586959862334296,23.188358748257627,-0.002,0.015041122191976923,0.010138877808023078,0.0016214285714285712,2022614.916985,-58942669.76859007,0.0111,0.0114,0.013
2024-06-21,0.0109,0.0119,0.0107,0.0107,784752.2171000005,0.012465,0.012181470090564974,-0.0008824990260705573,25.396768959561058,-0.0019000000000000006,0.015037138164415716,0.009892861835584285,0.0015714285714285715,1979224.4281885002,-59727421.98569007,0.011,0.0109,0.0126
2024-06-22,0.0107,0.0124,0.0103,0.0107,888078.1926799997,0.01235,0.012040377700987356,-0.0008910911623979754,26.666604444589638,-0.0019000000000000006,0.01502503074256838,0.00967496925743162,0.0016285714285714287,1962686.1606475003,-59727421.98569007,0.0107,0.0119,0.0126
2024-06-23,0.0107,0.0124,0.0107,0.0109,567329.4890899999,0.012265,0.011931770300893322,-0.0008717135921429125,26.666604444589638,-0.0010000000000000009,0.015013607302847187,0.009516392697152813,0.0016785714285714286,1711548.1254930005,-59160092.49660007,0.0107,0.0107,0.0119
2024-06-24,0.0109,0.0112,0.0099,0.0103,1113175.7292600004,0.012065,0.01177636360557015,-0.0008944609249383843,27.118579718624417,-0.0014000000000000002,0.014771930675915479,0.00935806932408452,0.0016714285714285713,1612990.0292265,-60273268.22586007,0.0109,0.0111,0.0117
2024-06-25,0.0103,0.0129,0.0102,0.0114,785697.1860799999,0.011925000000000002,0.011740519452658707,-0.0008143403346794718,40.90900413241549,0.0,0.014450553613098183,0.00939944638690182,0.0017785714285714284,1523672.9106730002,-59487571.039780065,0.0103,0.011,0.0114
2024-06-26,0.0114,0.0117,0.0106,0.0108,1202502.4126199991,0.011729999999999999,0.011650946171453116,-0.0007901508085826573,37.49992708347512,-9.99999999999994e-05,0.013935352340867577,0.009524647659132421,0.0017142857142857144,1489877.0334565002,-60690073.452400066,0.0114,0.0107,0.0109
2024-06-27,0.0108,0.0119,0.0102,0.0115,1293228.9399699997,0.011615,0.011636570345600438,-0.0007063538772126045,47.222130401413104,-0.00040000000000000105,0.01359412793129265,0.00963587206870735,0.0016714285714285715,1492429.4094570002,-59396844.512430064,0.0108,0.0107,0.0119
2024-06-28,0.0115,0.012,0.0105,0.0107,3376695.7543200036,0.011474999999999999,0.011547373169828967,-0.0006964690577377138,43.589665351882694,0.0,0.01328127560990814,0.009668724390091858,0.0016928571428571429,1595542.8122705002,-62773540.26675007,0.0115,0.0109,0.0107
2024-06-29,0.0111,0.0117,0.0106,0.0112,559510.5848000001,0.01135,0.011514290010797637,-0.0006409015318502315,48.749914687649294,9.99999999999994e-05,0.012823270618654674,0.009876729381345328,0.0016785714285714286,1574016.8218325002,-62214029.68195007,0.0107,0.0103,0.0111
2024-06-30,0.0112,0.0119,0.0111,0.0117,518506.8967300002,0.011285,0.011531976676435957,-0.0005501759599231097,54.999903750168436,0.000700000000000001,0.01255203134178057,0.010017968658219429,0.0016500000000000002,1502510.1427400003,-61695522.78522007,0.0112,0.0114,0.011
2024-07-01,0.0117,0.0119,0.011,0.0111,2050380.8354200013,0.01121,0.011490836040584913,-0.0005206881077302484,44.736759695442665,0.00040000000000000105,0.01231672584918976,0.010103274150810238,0.0015214285714285716,1578936.9762770003,-63745903.62064007,0.0117,0.0108,0.0107
2024-07-02,0.0111,0.0115,0.0096,0.0112,3625414.552889999,0.01114,0.011463137370053016,-0.0004836741140437778,53.84603787007228,0.0005000000000000004,0.012033013820840507,0.010246986179159494,0.0015500000000000004,1602776.7161940003,-60120489.06775007,0.0111,0.0115,0.0107
2024-07-03,0.0112,0.0113,0.0104,0.0106,1085802.0969500002,0.011075,0.011380933811000348,-0.000497025838488244,46.2685600358447,-0.0002999999999999999,0.011923217946174304,0.010226782053825696,0.0014857142857142857,1574890.6900165002,-61206291.16470007,0.0112,0.0107,0.0109
2024-07-04,0.0106,0.0109,0.0097,0.0098,1220931.2159599997,0.01098,0.011230368686143171,-0.0005656401429561357,41.89181263711123,-0.0005000000000000004,0.011950295668449648,0.010009704331550353,0.0014357142857142856,1607896.778649,-62427222.38066007,0.0106,0.0112,0.0103
2024-07-05,0.0098,0.0108,0.0085,0.0097,1209177.37303,0.010894999999999998,0.01108461928746287,-0.0006209289553687838,43.05547183658255,-0.0017000000000000001,0.011999011822973273,0.009790988177026724,0.0015142857142857143,1596176.7533965004,-63636399.75369007,0.0098,0.0117,0.0114
2024-07-06,0.0097,0.0104,0.0092,0.01,627509.2724299999,0.01085,0.010981322212466406,-0.0006332386636081471,45.33324871126907,-0.0008000000000000004,0.012024285897225486,0.009675714102774515,0.00145,1542307.1833380002,-63008890.48126007,0.0097,0.0111,0.0108
2024-07-07,0.01,0.0103,0.0098,0.0098,320135.801,0.010745000000000001,0.010868815335088653,-0.0006516210428428558,42.66658702237089,-0.0017000000000000001,0.01189935103663967,0.009590648963360333,0.0013642857142857141,1389327.4951960002,-63329026.28226007,0.01,0.0112,0.0115
2024-07-08,0.0098,0.0103,0.0089,0.0091,1764984.3572,0.010665,0.010700356731746878,-0.0007144377668261686,42.10518559571074,-0.001599999999999999,0.012034248737543605,0.009295751262456393,0.0013714285714285716,1322078.3278450002,-65094010.639460064,0.0098,0.0106,0.0107
2024-07-09,0.0091,0.0098,0.0088,0.0091,476200.22026,0.010565,0.010547941804913842,-0.0007555114079318848,32.30762272204336,-0.0020999999999999994,0.012084383531499227,0.009045616468500772,0.00125,1230402.9311580001,-65094010.639460064,0.0091,0.0098,0.0112
2024-07-10,0.0091,0.0102,0.009,0.0096,945555.24462,0.010495,0.010457661633017286,-0.000739195754576788,40.62491113300688,-0.002100000000000001,0.012058363445638758,0.008931636554361244,0.0012571428571428575,1220778.4186205002,-64148455.39484006,0.0091,0.0097,0.0117
2024-07-11,0.0096,0.0102,0.0091,0.0094,511722.96762,0.01043,0.010356931953682307,-0.0007339433679928401,32.20331341586646,-0.0017000000000000001,0.012063981253516603,0.008796018746483397,0.0012142857142857144,1207126.9561465003,-64660178.36246006,0.0096,0.01,0.0111
2024-07-12,0.0094,0.011,0.0093,0.0101,1445340.1488599998,0.010400000000000001,0.010332462243807801,-0.0006656237674727908,44.8274780026393,-0.0011000000000000003,0.012035140425323741,0.008764859574676261,0.001228571428571429,1234990.0539555002,-63214838.21360006,0.0094,0.0098,0.0112
2024-07-13,0.0102,0.0109,0.0095,0.0095,523548.9365899999,0.01033,0.010253180125349915,-0.0006523748067522178,35.593135880694504,-0.0011000000000000003,0.011994616282637724,0.008665383717362278,0.00125,1232801.0263305001,-63738387.15019006,0.0101,0.0091,0.0106
2024-07-14,0.0095,0.0104,0.0092,0.0099,1624002.7330000002,0.010310000000000001,0.010219543922935637,-0.0006026512642304041,34.48267538664561,0.00010000000000000113,0.011985708805252744,0.008634291194747259,0.0012785714285714286,1258342.3765175003,-62114384.41719006,0.0095,0.0091,0.0098
2024-07-15,0.0099,0.0109,0.0098,0.0106,1511758.5140200015,0.01027,0.010255777835037005,-0.000500985796280537,45.76260327517867,0.0008999999999999998,0.011872760776056344,0.008667239223943655,0.0012928571428571431,1294645.4429145004,-60602625.90317006,0.0099,0.0096,0.0097
2024-07-16,0.0106,0.0109,0.0102,0.0106,1391047.0072400004,0.010260000000000002,0.010288560898366815,-0.0004156241242824297,44.8274780026393,0.0005999999999999998,0.011851292093337162,0.008668707906662841,0.001207142857142857,1304072.6726455004,-60602625.90317006,0.0106,0.0094,0.01
2024-07-17,0.0105,0.0109,0.0102,0.0106,825487.8465500004,0.010215,0.010318221765189024,-0.0003440088641781299,49.99986538497782,0.0008000000000000004,0.011706414023494233,0.008723585976505768,0.0011928571428571429,1280685.6179745002,-60602625.90317006,0.0106,0.0101,0.0098
2024-07-18,0.0106,0.0106,0.0102,0.0102,132373.26163000005,0.01019,0.010306962549456736,-0.00031588854513139863,54.16650868101637,0.0011000000000000003,0.01166384209680595,0.00871615790319405,0.0011357142857142855,1118469.49334,-60734999.164800055,0.0106,0.0095,0.0091
2024-07-19,0.0107,0.0107,0.0099,0.0101,1175719.0629999998,0.010135,0.010287251830460857,-0.0002982342946516881,54.166508681016346,0.0009999999999999992,0.011530141947126938,0.008739858052873061,0.0010285714285714284,1149279.9172500002,-61910718.22780006,0.0102,0.0099,0.0091
2024-07-20,0.0101,0.0104,0.0095,0.0101,708854.7597400006,0.010055,0.010269418322797918,-0.0002810039355048855,51.11095209926013,0.0005000000000000004,0.011239949477049318,0.008870050522950682,0.001007142857142857,1158797.3104005002,-61910718.22780006,0.0101,0.0106,0.0096
2024-07-21,0.0101,0.0107,0.0098,0.0101,1151595.2670900004,0.010005,0.010253283244436211,-0.00026430204232144074,53.48819794540205,0.0006999999999999992,0.011083937098796518,0.008926062901203482,0.0010357142857142854,1113858.031984,-61910718.22780006,0.0101,0.0106,0.0094
2024-07-22,0.0101,0.0102,0.0091,0.0092,2767313.7261999995,0.009905,0.010152970554489904,-0.0003199993961825621,51.11095209926013,-0.0008999999999999998,0.01088366719250507,0.00892633280749493,0.001014285714285714,1070952.9906495002,-64678031.954000056,0.0101,0.0106,0.0101
2024-07-23,0.0092,0.01,0.0089,0.009,2971688.1426299987,0.009825,0.010043163835014675,-0.0003759446233252278,48.93602444588462,-0.0005000000000000004,0.010825789162296415,0.008824210837703586,0.0010214285714285714,1165247.2929335,-67649720.09663005,0.0092,0.0102,0.0095
2024-07-24,0.009,0.0096,0.0086,0.0086,2308060.6522600004,0.009765,0.009905719660251373,-0.00044740091668969174,39.13031569034356,-0.0013000000000000008,0.010906144393281289,0.00862385560671871,0.0010071428571428568,1219603.7647485,-69957780.74889006,0.009,0.0101,0.0099
2024-07-25,0.0086,0.0089,0.0078,0.0082,2952086.28946,0.00969,0.009743270168798862,-0.0005301954380813271,37.49989062531901,-0.0023999999999999994,0.011029127760109642,0.00835087223989036,0.0010071428571428568,1306749.21057,-72909867.03835006,0.0086,0.0101,0.0106
2024-07-26,0.0083,0.0088,0.0081,0.0082,3622054.14458,0.009600000000000001,0.009596292057484685,-0.0005890208273416544,26.829176680860115,-0.0023999999999999994,0.011085367223778418,0.008114632776221584,0.0009357142857142855,1456476.4541775002,-72909867.03835006,0.0082,0.0101,0.0106
2024-07-27,0.0082,0.0084,0.0077,0.0077,3128437.8136700015,0.009495,0.009415692813914715,-0.0006682826471058056,27.49990375033687,-0.0029,0.0112013041007429,0.007788695899257099,0.0008857142857142855,1596891.5548110004,-76038304.85202006,0.0082,0.0092,0.0106
2024-07-28,0.0077,0.0081,0.0077,0.0078,2761124.36439,0.00943,0.009261817307827599,-0.000714789398805862,21.621539810389876,-0.002400000000000001,0.011291634822012045,0.007568365177987953,0.0008285714285714283,1646698.5551705002,-73277180.48763005,0.0077,0.009,0.0102
2024-07-29,0.0078,0.0082,0.0072,0.0077,3708793.89777,0.00936,0.009113072802320208,-0.0007510577723736419,3.2257918835205146,-0.0023999999999999994,0.01137301031450842,0.00734698968549158,0.0008214285714285712,1808328.239046,-76985974.38540006,0.0078,0.0086,0.0101
2024-07-30,0.0077,0.0079,0.0073,0.0076,2909671.32869,0.009260000000000001,0.008968970630670665,-0.0007788913098142232,3.1249863281847894,-0.0024999999999999996,0.011416410272457305,0.007103589727542697,0.0008142857142857141,1906534.0432495002,-79895645.71409005,0.0077,0.0082,0.0101
2024-07-31,0.0076,0.0078,0.0073,0.0073,2011257.1154699991,0.009155,0.008810021046797269,-0.0008157535820561054,2.857131428617137,-0.0027999999999999995,0.01148057859240989,0.00682942140759011,0.0007999999999999998,1981510.7506420002,-81906902.82956004,0.0076,0.0082,0.0101
2024-08-01,0.0073,0.0077,0.0057,0.0062,2251738.841010001,0.00896,0.008561447613768957,-0.0009230872303133304,2.3809444444708845,-0.003,0.011586504581338274,0.006333495418661725,0.0009142857142857142,2021830.6852495004,-84158641.67057005,0.0073,0.0077,0.0092
2024-08-02,0.0062,0.0074,0.0061,0.0061,1841855.82226,0.008790000000000001,0.008327024031505247,-0.0010046382398560165,2.3809444444708845,-0.002899999999999999,0.011694732979847198,0.005885267020152804,0.00095,2087746.0295330002,-86000497.49283005,0.0062,0.0078,0.009
2024-08-03,0.0062,0.0063,0.0056,0.0059,3306658.2257799995,0.008589999999999999,0.008095878885647605,-0.001073037028074859,2.272720041345309,-0.0027,0.011715379976899037,0.00546462002310096,0.0009357142857142857,2171878.8041720004,-89307155.71861005,0.0061,0.0077,0.0086
2024-08-04,0.0059,0.0061,0.0053,0.0054,2769808.7230099994,0.00833,0.007839128515585929,-0.0011542835199491591,2.040810495643484,-0.0028000000000000004,0.011612553563117935,0.005047446436882066,0.0009285714285714287,2234781.3146214997,-92076964.44162005,0.0059,0.0076,0.0082
2024-08-05,0.0054,0.0056,0.0046,0.0052,2877110.1990200006,0.00806,0.0075877829426729835,-0.0012207383666318784,2.3809444444708845,-0.003000000000000001,0.011443178200574644,0.004676821799425355,0.0009214285714285715,2309084.4742105,-94954074.64064005,0.0054,0.0073,0.0082
2024-08-06,0.0052,0.0055,0.0052,0.0054,3044337.035930001,0.0078,0.007379422662418414,-0.001242938165410286,7.142833333412696,-0.0023,0.01116045109753865,0.0044395489024613485,0.0008642857142857142,2420026.9336794997,-91909737.60471004,0.0052,0.0062,0.0077
2024-08-07,0.0054,0.006,0.0054,0.0057,1936863.2535200005,0.007575,0.007219477646949993,-0.0012222350087220295,14.634096371378249,-0.0020999999999999994,0.01086061457841544,0.00428938542158456,0.0008357142857142859,2510251.433274,-89972874.35119005,0.0054,0.0061,0.0078
2024-08-08,0.0057,0.0063,0.0056,0.006,2073172.5150399995,0.00737,0.007103336918669041,-0.0011681543587956549,22.49992125027562,-0.0017000000000000001,0.010500226156282481,0.004239773843717518,0.0008071428571428572,2555124.1058759997,-87899701.83615005,0.0057,0.0059,0.0077
2024-08-09,0.006,0.0065,0.0059,0.006,2607719.711649992,0.007165,0.006998257212129133,-0.0011124711788385736,22.49992125027562,-0.0015999999999999999,0.010071453798740283,0.004258546201259717,0.0008,2650067.3534715,-87899701.83615005,0.006,0.0054,0.0076
2024-08-10,0.006,0.0063,0.0059,0.0061,1587176.09109,0.006965000000000001,0.0069127089062120724,-0.0010481898135862892,27.777669753506515,-0.0011999999999999997,0.009554269354369097,0.004375730645630904,0.0007785714285714286,2671846.3946714997,-86312525.74506006,0.006,0.0052,0.0073
2024-08-11,0.0061,0.0063,0.0055,0.0055,2143635.326720002,0.00678,0.006778165200858542,-0.0010337449853847925,21.95114455706738,-0.0007000000000000001,0.009221397356563006,0.004338602643436993,0.0008071428571428572,2640662.4746975,-88456161.07178006,0.0061,0.0054,0.0062
2024-08-12,0.0055,0.0068,0.0054,0.0059,6981510.632879999,0.006624999999999999,0.006694530419824395,-0.0009787384107496086,29.545360537489202,-0.00020000000000000052,0.008857652423040025,0.004392347576959972,0.0008357142857142858,2841153.5992099997,-81474650.43890005,0.0055,0.0057,0.0061
2024-08-13,0.0058,0.0065,0.0056,0.0058,2065599.6004000013,0.0064849999999999994,0.006609337046507785,-0.0009324655854855797,29.545360537489202,-0.00010000000000000026,0.008540314036704588,0.004429685963295411,0.000857142857142857,2829030.546617,-83540250.03930005,0.0059,0.006,0.0059
2024-08-14,0.0058,0.0058,0.0055,0.0055,2269796.38089,0.00635,0.00650368589922133,-0.0009095171829512456,29.545360537489202,9.99999999999994e-05,0.00828200196142462,0.004417998038575379,0.0008428571428571428,2794916.0511884997,-85810046.42019005,0.0058,0.006,0.0054
2024-08-15,0.0055,0.0057,0.0055,0.0056,2248432.33383,0.00622,0.006417620575485965,-0.0008731955891371533,41.176301038760435,0.0004000000000000002,0.007969105034311499,0.004470894965688501,0.0007142857142857143,2726234.960651,-83561614.08636005,0.0055,0.0061,0.0052
2024-08-16,0.0056,0.006,0.0055,0.0055,1666125.9690600005,0.00611,0.006330228139725397,-0.0008427647610590224,41.176301038760435,9.99999999999994e-05,0.0077398530770080975,0.0044801469229919025,0.0006571428571428571,2653119.3684204994,-85227740.05542006,0.0056,0.0055,0.0054
2024-08-17,0.0055,0.0059,0.0054,0.0057,1651789.2925700007,0.006005,0.006270206412132502,-0.0007933643714130908,47.058629758583365,0.0,0.007434722092981384,0.004575277907018616,0.0006428571428571429,2597652.6148294997,-83575950.76285006,0.0055,0.0059,0.0057
2024-08-18,0.0057,0.0067,0.0057,0.0064,5617833.410020001,0.00594,0.006282567706215121,-0.0006897787171729688,63.88864043306497,0.0004000000000000002,0.0071459501604439766,0.004734049839556023,0.0006571428571428571,2693104.590442,-77958117.35283005,0.0057,0.0058,0.006
2024-08-19,0.0064,0.0069,0.0064,0.0065,1615862.59054,0.005885,0.006303275543718443,-0.000592783931461502,68.5711542868114,0.0004999999999999996,0.006848054351639454,0.004921945648360545,0.0006214285714285714,2628414.1535345,-76342254.76229005,0.0064,0.0055,0.006
2024-08-20,0.0065,0.007,0.0065,0.0067,3199499.504840001,0.005855,0.006341058825269068,-0.0004940810773404218,68.5711542868114,0.0005999999999999998,0.006656249024961129,0.005053750975038871,0.0006357142857142858,2687826.273003,-73142755.25745004,0.0065,0.0056,0.0061
2024-08-21,0.0067,0.0073,0.0066,0.0068,1767672.60326,0.005885,0.006384767508576776,-0.00040314201981148014,66.66638383958369,0.0013,0.0067800742397913175,0.004989925760208682,0.0006428571428571429,2663622.9611155,-71375082.65419005,0.0067,0.0055,0.0055
2024-08-22,0.0068,0.0069,0.006,0.0061,5803189.470929999,0.005885,0.006357646793474225,-0.0003831397152539145,51.35115704967603,0.00020000000000000052,0.0067800742397913175,0.004989925760208682,0.0006571428571428571,2861689.643549,-77178272.12512004,0.0068,0.0057,0.0059
2024-08-23,0.0061,0.0066,0.0059,0.0063,5418030.74334,0.005905,0.006352156622667156,-0.00034714771350363976,53.84596055296212,0.0005000000000000004,0.006819157650806183,0.004990842349193816,0.0006642857142857143,2967258.269427,-71760241.38178004,0.0061,0.0064,0.0058
2024-08-24,0.0063,0.0067,0.0063,0.0064,2398129.89358,0.005955,0.006356713134794093,-0.0003070155444570878,53.84596055296212,0.0009000000000000006,0.006862222481853331,0.0050477775181466695,0.0006642857142857143,2948674.3279555,-69362111.48820004,0.0063,0.0065,0.0055
2024-08-25,0.0064,0.0066,0.0061,0.0062,2929345.6051,0.006005,0.006341788074337513,-0.0002880286251817875,59.999760000959995,0.0005999999999999998,0.006844736800871568,0.005165263199128431,0.0006428571428571429,2951286.0982595,-72291457.09330004,0.0064,0.0067,0.0056
2024-08-26,0.0062,0.0064,0.0061,0.0061,2456952.8534000004,0.006039999999999999,0.006318760638686321,-0.0002778476642090388,53.12476757914185,0.0006000000000000007,0.0068304695473352115,0.005249530452664787,0.0005642857142857143,2921916.889133,-74748409.94670005,0.0062,0.0068,0.0055
2024-08-27,0.0061,0.0063,0.0058,0.0058,2826217.13132,0.006045,0.006269354863573338,-0.00029063639661832015,49.999794118494805,9.99999999999994e-05,0.006827640604486281,0.005262359395513719,0.0005357142857142857,2966384.5830229996,-77574627.07802005,0.0061,0.0061,0.0057
2024-08-28,0.0058,0.0061,0.0056,0.0056,3229761.8870500005,0.006025000000000001,0.006205606781328258,-0.00031329837902880145,51.51493296695106,-0.0008000000000000004,0.006832530348135023,0.005217469651864978,0.00055,3024214.0516235,-80804388.96507005,0.0058,0.0063,0.0064
2024-08-29,0.0056,0.0059,0.0055,0.0056,2957389.88606,0.006005,0.006147929945011281,-0.00032748314155520326,49.99978125095703,-0.0008999999999999998,0.006834647991304058,0.005175352008695942,0.0005642857142857143,3041697.5603440003,-80804388.96507005,0.0056,0.0064,0.0065
2024-08-30,0.0056,0.0061,0.0055,0.0056,1798003.2691799996,0.00598,0.006095746140724492,-0.00033486455787582955,51.612670136328425,-0.0011000000000000003,0.0068275351258059195,0.005132464874194081,0.0005714285714285715,3052238.9192485004,-80804388.96507005,0.0056,0.0062,0.0067
2024-08-31,0.0056,0.0057,0.0053,0.0055,2210999.6746600005,0.00598,0.006039008413036445,-0.0003448088064703274,46.66644888990517,-0.0013,0.0068275351258059195,0.005132464874194081,0.0005642857142857143,3055607.1366455,-83015388.63973005,0.0056,0.0061,0.0068
2024-09-01,0.0055,0.0057,0.0053,0.0053,1582337.9022200005,0.0059499999999999996,0.0059686266594139266,-0.0003646248552954135,27.99984320087806,-0.0008000000000000004,0.006850292350178897,0.005049707649821102,0.0005214285714285716,2785648.5001125005,-84597726.54195005,0.0055,0.0058,0.0061
2024-09-02,0.0053,0.0056,0.0052,0.0053,1649779.11634,0.005925,0.005904947929945933,-0.0003759949806678275,24.999854167517356,-0.001,0.00686951324138895,0.004980486758611049,0.0005142857142857144,2764857.4759095004,-84597726.54195005,0.0053,0.0056,0.0063
2024-09-03,0.0053,0.0056,0.0048,0.0052,2365467.34425,0.00591,0.005837810031855844,-0.0003885955634448709,17.391198488357006,-0.0012000000000000005,0.006891727800199921,0.004928272199800079,0.0005357142857142858,2769641.0240775,-86963193.88620004,0.0053,0.0056,0.0064
2024-09-04,0.0052,0.0061,0.005,0.0054,2034725.6488399997,0.0059,0.005796113838345764,-0.0003780849594844935,20.833211806264487,-0.0007999999999999995,0.006898946813821071,0.004901053186178929,0.0005642857142857144,2758955.689828,-84928468.23736005,0.0052,0.0056,0.0062
2024-09-05,0.0054,0.0059,0.0051,0.0052,1901344.8260300003,0.005885,0.0057393410918366436,-0.0003814959112593032,26.31559556929581,-0.0009000000000000006,0.006917676644759986,0.004852323355240013,0.0005571428571428573,2770716.6326765004,-86829813.06339005,0.0054,0.0055,0.0061
2024-09-06,0.0052,0.0064,0.0049,0.0051,2365594.80234,0.005855,0.005678451464042678,-0.0003877979855984367,16.66653703804529,-0.0006999999999999992,0.006943649573893272,0.004766350426106728,0.0006142857142857146,2806406.9081650004,-89195407.86573005,0.0052,0.0053,0.0058
2024-09-07,0.005,0.0051,0.0049,0.0049,1642771.1836700006,0.0057799999999999995,0.0056043132293719464,-0.0004042705739199966,10.526238227718338,-0.0007000000000000001,0.006916198648310324,0.004643801351689675,0.0006000000000000001,2607653.7968475004,-90838179.04940005,0.0051,0.0053,0.0056
2024-09-08,0.0049,0.0051,0.0045,0.0047,2329649.1604500003,0.00569,0.005518188159907952,-0.000428523791848056,10.526238227718338,-0.0008999999999999998,0.006870365688206788,0.004509634311793211,0.0006071428571428574,2643343.125343,-93167828.20985004,0.0049,0.0052,0.0056
2024-09-09,0.0047,0.0051,0.0047,0.0048,2550039.64174,0.005595,0.005449789287535766,-0.00043466493077348126,15.789357341577471,-0.0008000000000000004,0.006738356094091372,0.004451643905908628,0.0006142857142857146,2610870.1321880003,-90617788.56811005,0.0047,0.0054,0.0056
2024-09-10,0.0048,0.005,0.0047,0.0048,2465396.94225,0.005495,0.00538790459348474,-0.000434522917899971,18.749835938935533,-0.0007000000000000001,0.006540239836492375,0.004449760163507625,0.0006000000000000004,2645756.3491375,-90617788.56811005,0.0048,0.0052,0.0055
2024-09-11,0.0049,0.0049,0.0045,0.0047,2420823.2839900004,0.005425,0.005322389870295718,-0.00043743703410562516,19.99981333507553,-0.0005999999999999998,0.00648702388713401,0.00436297611286599,0.0005928571428571431,2476638.0397905004,-93038611.85210004,0.0048,0.0051,0.0053
2024-09-12,0.0047,0.0049,0.0047,0.0049,1689016.0550800003,0.005355,0.005282162263600888,-0.0004187807202028701,29.41152249334415,-0.0004000000000000002,0.006357050529244418,0.004352949470755583,0.0005785714285714288,2290187.3053775,-91349595.79702005,0.0047,0.0049,0.0053
2024-09-13,0.0049,0.005,0.0047,0.0048,2155663.88825,0.005275,0.005236242048019851,-0.0004073687281684838,27.77756173007542,-0.0004000000000000002,0.006176168831661976,0.004373831168338024,0.0005571428571428573,2278064.005111,-93505259.68527004,0.0049,0.0047,0.0052
2024-09-14,0.0048,0.005,0.0048,0.0049,1470927.71843,0.00521,0.005204218995827484,-0.0003858081221225296,33.33307407609051,-0.0005000000000000004,0.006012364925507915,0.004407635074492085,0.000542857142857143,2205143.1107775,-92034331.96684004,0.0048,0.0048,0.0054
2024-09-15,0.0049,0.0054,0.0049,0.0052,2556660.7578899995,0.005165,0.005203817186701057,-0.0003405876117204571,47.36807202473244,0.0,0.005849489821539065,0.004480510178460935,0.0005500000000000002,2210128.506002,-89477671.20895004,0.0049,0.0048,0.0052
2024-09-16,0.0052,0.0053,0.0051,0.0051,1921370.34024,0.00513,0.005193929835586671,-0.000309254304576719,44.99968500220499,0.0,0.005745928909090762,0.004514071090909238,0.0005357142857142858,2164886.166448,-91399041.54919004,0.0052,0.0047,0.0051
2024-09-17,0.0051,0.0052,0.0049,0.0051,4095272.7307,0.005105,0.005184984136959369,-0.00028118115163417064,47.36807202473246,0.00020000000000000052,0.005679822627105685,0.004530177372894315,0.0005000000000000001,2208161.7086305,-91399041.54919004,0.0051,0.0049,0.0049
2024-09-18,0.0051,0.0051,0.0047,0.0047,1673544.4444800003,0.00506,0.005138795171534667,-0.00028789100443833617,33.333111112592576,0.0,0.005612125081176591,0.004507874918823409,0.00045000000000000015,2143969.4365515,-93072585.99367005,0.0051,0.0048,0.0047
2024-09-19,0.0047,0.0054,0.0047,0.0054,2782277.00948,0.00505,0.0051636718218646994,-0.00023402674661324348,53.84586390688667,0.0006000000000000007,0.005567076803824857,0.0045329231961751424,0.000442857142857143,2193183.1235665,-90290308.98419005,0.0047,0.0049,0.0048
2024-09-20,0.0053,0.0056,0.0053,0.0056,880177.3663499999,0.005055,0.0052052268864490134,-0.00017320401758659596,59.25895199061931,0.0008000000000000004,0.005591950453463616,0.0045180495465363835,0.00035714285714285725,2126642.008151,-89410131.61784005,0.0054,0.0052,0.0048
2024-09-21,0.0055,0.0056,0.0053,0.0056,281015.82561999996,0.00507,0.005242824325834822,-0.00012357704735105508,63.999641602007046,0.0008999999999999998,0.005650743624929139,0.00448925637507086,0.0003642857142857144,2061575.904321,-89410131.61784005,0.0056,0.0051,0.0047
2024-09-22,0.0054,0.0057,0.0053,0.0057,478943.70903,0.00509,0.005286364866231506,-7.53100245471294e-05,70.83292014129918,0.0008000000000000004,0.005728748776907715,0.004451251223092285,0.00035000000000000005,2003034.1339555003,-88931187.90881005,0.0056,0.0051,0.0049
2024-09-23,0.0057,0.0059,0.0055,0.0059,857920.1037900001,0.005124999999999999,0.005344806307542791,-2.0681331187391572e-05,71.99959680225793,0.0011000000000000003,0.005858771798744462,0.004391228201255537,0.00035000000000000005,1927656.7719325002,-88073267.80502005,0.0057,0.0047,0.0048
2024-09-24,0.0059,0.0064,0.0057,0.0059,4577699.86523,0.00515,0.005397681897300621,2.235461182878342e-05,71.99959680225793,0.001,0.005953937677606163,0.004346062322393837,0.00037857142857142864,2054805.4827519997,-88073267.80502005,0.0059,0.0054,0.0049
2024-09-25,0.0061,0.0063,0.0055,0.006,609645.5889600001,0.005189999999999999,0.005455045526129133,6.379468556705348e-05,75.99957440238335,0.0008000000000000004,0.006079470569911085,0.004300529430088913,0.0004071428571428572,1990220.5208984998,-87463622.21606004,0.0059,0.0056,0.0052
2024-09-26,0.006,0.0065,0.006,0.0065,463012.49401,0.00526,0.00555456499983112,0.00013542101472875222,78.57103571625,0.0013999999999999993,0.0063230640917456525,0.004196935908254347,0.00042857142857142866,1895091.4054820002,-87000609.72205004,0.006,0.0056,0.0051
2024-09-27,0.0063,0.0066,0.0063,0.0066,481655.72791,0.005345,0.005654130237942442,0.00019797245763630757,82.142446430625,0.0014999999999999996,0.006549334277778682,0.0041406657222213174,0.00042857142857142866,1837035.632694,-86518953.99414004,0.0065,0.0057,0.0051
2024-09-28,0.0065,0.0066,0.006,0.0062,1529469.40471,0.00542,0.005706117834328876,0.00021281507008369394,70.96742143745158,0.0014999999999999996,0.006641905328403177,0.004198094671596824,0.0004571428571428572,1797026.644907,-88048423.39885004,0.0066,0.0059,0.0047
2024-09-29,0.006,0.0063,0.0059,0.0061,192007.20985999997,0.005485,0.00574363042153565,0.0002140414465586129,65.51692509070648,0.0007000000000000001,0.006706345246245897,0.004263654753754104,0.00045,1679125.023313,-88240430.60871004,0.0062,0.0059,0.0054
2024-09-30,0.006,0.0063,0.0059,0.0059,737387.71912,0.00554,0.0057585227623417785,0.0001966086481095192,63.33303777915702,0.0002999999999999999,0.006730134888419257,0.0043498651115807425,0.00046428571428571433,1592724.5621565,-88977818.32783003,0.0061,0.006,0.0056
2024-10-01,0.006,0.0062,0.0053,0.0059,1015866.0902400002,0.0056,0.005771996784975895,0.00018070991829203034,63.33303777915702,0.0002999999999999999,0.006731370849898981,0.004468629150101019,0.0005071428571428572,1522476.7024690001,-88977818.32783003,0.0059,0.0065,0.0056
2024-10-14,0.0051,0.0053,0.0047,0.0052,5391423.349880001,0.005615,0.005717520900692477,0.00011035382036331861,57.575513316004105,-0.0005000000000000004,0.006714808595788178,0.004515191404211822,0.0005214285714285714,1707597.0672090002,-94369241.67771003,0.0059,0.0066,0.0057
2024-10-15,0.005,0.0051,0.0049,0.0049,2138192.33229,0.00562,0.005639661767293193,3.0042304090244394e-05,41.37911058360407,-0.001,0.006705017584141326,0.004534982415858674,0.00048571428571428577,1706723.4894110002,-96507434.01000002,0.0052,0.0062,0.0059
2024-10-16,0.005,0.005,0.0048,0.005,1198224.76802,0.005625,0.005578741598979556,-2.5244978506497838e-05,39.285517858125004,-0.0008999999999999998,0.006696889625111745,0.004553110374888255,0.0004785714285714286,1693088.3418905002,-95309209.24198002,0.0049,0.0061,0.0059
2024-10-17,0.0048,0.005,0.0044,0.0049,2977104.9814600023,0.0056099999999999995,0.005514099541933884,-7.625074146968332e-05,37.93085136830374,-0.0011000000000000003,0.00671482196708271,0.004505178032917289,0.0005000000000000001,1714110.553069,-98286314.22344002,0.005,0.0059,0.006
2024-10-18,0.0049,0.0049,0.0045,0.0048,892946.8308500001,0.005595,0.005446090061749704,-0.00012332077522751034,34.482592153003395,-0.0017000000000000001,0.006736513307666664,0.004453486692333336,0.0005000000000000001,1662689.3775995001,-99179261.05429003,0.0049,0.0059,0.0065
2024-10-19,0.0049,0.005,0.0048,0.0049,202903.90971999997,0.005585,0.005394081484440209,-0.00015081643386708875,32.14269642937501,-0.0017000000000000001,0.006748072156878671,0.004421927843121329,0.0004857142857142858,1468070.9365505,-98976357.14457002,0.0048,0.0052,0.0066
2024-10-20,0.0048,0.0055,0.0048,0.0055,4012825.1355999983,0.005625,0.005404168962112569,-0.0001227766628996126,44.11746539867189,-0.0007000000000000001,0.006712488656928665,0.0045375113430713345,0.0004857142857142858,1585034.9711065001,-94963532.00897002,0.0049,0.0049,0.0062
2024-10-21,0.0051,0.0051,0.0046,0.005,1678363.33817,0.005605000000000001,0.005365676680006611,-0.00013929505700885966,36.84196952958595,-0.0011000000000000003,0.0067241632212464,0.0044858367787536015,0.0004642857142857144,1529839.2875410002,-96641895.34714003,0.0055,0.005,0.0061
2024-10-22,0.0049,0.0051,0.0048,0.005,2391555.3909,0.005575,0.00533085032952979,-0.0001506494107182824,27.272611570738803,-0.0008999999999999998,0.006726429317711405,0.004423570682288595,0.0004500000000000002,1605408.1887685,-96641895.34714003,0.005,0.0049,0.0059
2024-10-23,0.005,0.005,0.0046,0.005,1495082.5411899998,0.005545,0.005299340774336477,-0.00015782846948528533,24.99989062547853,-0.0008999999999999998,0.006724607428008006,0.004365392571991993,0.00045714285714285735,1666111.524547,-96641895.34714003,0.005,0.0048,0.0059
2024-10-24,0.005,0.0051,0.0048,0.0051,2720279.1109700003,0.005515,0.005280355938685384,-0.00015367726516330414,31.03433293770307,-9.99999999999994e-05,0.00670844701996981,0.00432155298003019,0.00043571428571428597,1778178.294644,-93921616.23617002,0.005,0.0049,0.0052
2024-10-25,0.0051,0.0052,0.0048,0.0048,323086.16936,0.00546,0.005234607754048681,-0.0001726052131712872,29.03212695168473,-0.00010000000000000026,0.006679836054558616,0.004240163945441383,0.00043571428571428597,1751436.5979225002,-94244702.40553002,0.0051,0.0055,0.0049
2024-10-26,0.0051,0.0051,0.0049,0.005,2678676.69969,0.005415,0.0052122641584249965,-0.00016951337513570336,35.4837107187258,0.0,0.006632892917253345,0.004197107082746654,0.00042142857142857173,1656485.4396455002,-91566025.70584002,0.0048,0.005,0.005
2024-10-27,0.005,0.005,0.0047,0.0048,2186693.31065,0.005355,0.005173000905241663,-0.00018111363450798706,33.33319191979187,-0.00010000000000000026,0.006569777432506646,0.004140222567493355,0.0003785714285714289,1735337.8257300002,-93752719.01649003,0.005,0.005,0.0049
2024-10-28,0.005,0.005,0.0049,0.0049,910499.26478,0.005275,0.005147000819028171,-0.00018016097578817634,44.444213992964485,0.00010000000000000026,0.006377867076974736,0.004172132923025264,0.0003428571428571432,1757712.1642685,-92842219.75171003,0.0048,0.005,0.0048
2024-10-29,0.005,0.0054,0.0049,0.005,2854747.2515499997,0.005195,0.005133000741025489,-0.00016938426624088076,51.99970880163071,0.00010000000000000026,0.0061091576508061525,0.004280842349193847,0.0003642857142857146,1876366.7404505,-89987472.50016002,0.0049,0.0051,0.0049
2024-10-30,0.005,0.0053,0.005,0.0051,424683.99096,0.00514,0.005129857813308775,-0.00015103346227942835,51.99970880163071,-0.0003999999999999993,0.005922438832316553,0.004357561167683446,0.0003714285714285717,1821127.469763,-89562788.50920002,0.005,0.0048,0.0055
2024-10-31,0.0052,0.0055,0.0051,0.0052,1045172.31334,0.005095000000000001,0.005136538021565083,-0.00012695766473379538,55.99968640175614,0.00019999999999999966,0.005735641126242046,0.004454358873757955,0.0003571428571428574,1863785.724937,-88517616.19586003,0.0051,0.005,0.005
2024-11-01,0.0054,0.0057,0.0053,0.0054,609067.4512099999,0.00507,0.005161629638558885,-9.069363344039235e-05,61.538130179299046,0.0004000000000000002,0.005609395373007729,0.00453060462699227,0.0003571428571428574,1857369.7115415,-87908548.74465002,0.0052,0.0048,0.005
2024-11-02,0.0056,0.0059,0.0054,0.0057,869061.52363,0.00506,0.0052129030063151815,-3.731647349894743e-05,64.28539285874999,0.0007000000000000001,0.005538594433294039,0.004581405566705962,0.00037857142857142874,1850029.483211,-87039487.22102003,0.0054,0.0049,0.005
2024-11-03,0.0059,0.0059,0.005,0.0058,916611.99018,0.00509,0.005268817005713735,1.2905705640349659e-05,56.52139508716033,0.0006999999999999992,0.005670018148537333,0.004509981851462667,0.00039285714285714304,1626288.915226,-86122875.23084003,0.0057,0.005,0.0051
2024-11-04,0.0058,0.0066,0.0057,0.0062,1252124.2862000004,0.005155,0.0053575011004076654,8.401532512965128e-05,77.27223554031926,0.0014000000000000002,0.005910262240968448,0.004399737759031552,0.00042142857142857157,1581985.5129215,-84870750.94464003,0.0058,0.0051,0.0048
2024-11-05,0.0064,0.0076,0.0061,0.0069,1778347.5539700002,0.00525,0.005504405757511697,0.00019461100620953627,82.75822116720812,0.0018999999999999998,0.006330935267549677,0.004169064732450324,0.0005071428571428572,1610991.652219,-83092403.39067003,0.0062,0.0052,0.005
2024-11-06,0.0072,0.0083,0.0069,0.0071,4065649.1311399993,0.00536,0.005656367113939155,0.00029499667080250085,83.87058897153365,0.002300000000000001,0.006706183689663826,0.004013816310336174,0.0005785714285714285,1665418.859703,-79026754.25953004,0.0069,0.0054,0.0048
2024-11-07,0.0072,0.0076,0.0069,0.0075,1541436.0570399994,0.005495,0.005831951198325902,0.000402193454505791,85.29376643743228,0.0026,0.007117830535628892,0.003872169464371108,0.0006071428571428572,1697843.3210125,-77485318.20249003,0.0071,0.0057,0.0049
2024-11-08,0.0076,0.0092,0.0072,0.0081,2878646.03811,0.005655,0.006047955846104388,0.00052945938527611,94.59423667045583,0.0030999999999999995,0.007624744840542362,0.003685255159457638,0.0007214285714285713,1831630.427432,-74606672.16438003,0.0075,0.0058,0.005
2024-11-09,0.0076,0.0083,0.0076,0.0083,891736.28044,0.005795,0.0062624362417134935,0.0006390898508622442,94.59423667045583,0.0031999999999999997,0.008089593187198551,0.0035004068128014487,0.0007571428571428572,1675575.984674,-73714935.88394003,0.0081,0.0062,0.0051
2024-11-10,0.0084,0.0099,0.0083,0.0099,3139625.5545599996,0.006039999999999999,0.006608870885359827,0.0008453349181919813,99.99972549094963,0.004700000000000001,0.008942920489510906,0.003137079510489093,0.0008500000000000001,1748639.0954935,-70575310.32938002,0.0083,0.0069,0.0052
2024-11-11,0.0099,0.0115,0.0094,0.0108,2509347.062750003,0.00633,0.007008026039135082,0.0010690843593398726,99.99976271242747,0.0054,0.009881782354640843,0.002778217645359156,0.0009928571428571428,1754528.6790860002,-68065963.26663002,0.0099,0.0071,0.0054
2024-11-12,0.0108,0.0118,0.01,0.0109,4163847.0153800007,0.006625000000000001,0.0073786902258841216,0.001240180538480358,99.99976271242747,0.0052,0.010659000234846063,0.0025909997651539386,0.0010857142857142856,1887966.9027955004,-63902116.25125002,0.0108,0.0075,0.0057
2024-11-13,0.0113,0.0114,0.0099,0.0101,1503420.34109,0.006875000000000001,0.007637862585323729,0.0012962794761148663,87.87860146963324,0.0043,0.011125015479848118,0.002624984520151883,0.0011714285714285713,1827123.9643015,-65405536.59234002,0.0109,0.0081,0.0058
2024-11-14,0.0101,0.0106,0.0095,0.0095,1467923.36355,0.00711,0.007815209005769088,0.0012775959716847538,80.281531839233,0.0033,0.011396527241191286,0.002823472758808715,0.0012214285714285714,1884365.8240110003,-66873459.95589002,0.0101,0.0083,0.0062
2024-11-15,0.0097,0.0107,0.0095,0.0107,1148709.14817,0.0073950000000000005,0.00808995100521965,0.0013441248958869752,82.71590641695187,0.0037999999999999996,0.011845653411520043,0.002944346588479958,0.0012785714285714286,1807867.446435,-65724750.80772002,0.0095,0.0099,0.0069
2024-11-16,0.0105,0.0112,0.0098,0.0102,1753560.08893,0.007665,0.008290908052341589,0.0013410449943828794,77.1083036727408,0.0031000000000000003,0.012107983824318881,0.0032220161756811184,0.0013428571428571426,1786210.7853490002,-67478310.89665002,0.0107,0.0108,0.0071
2024-11-17,0.0113,0.013,0.0109,0.0115,2187239.2549000005,0.007994999999999999,0.008596535856880486,0.0014270531058040836,79.99988210543691,0.004,0.012552226765202172,0.003437773234797826,0.0014285714285714286,1850047.7848550002,-65291071.641750015,0.0102,0.0109,0.0075
2024-11-18,0.0119,0.0129,0.0119,0.0126,215116.03299,0.008375,0.008977818156225201,0.001565924952577914,81.37243733194876,0.0045000000000000005,0.013143261296266712,0.0036067387037332895,0.0014357142857142856,1718066.223927,-65075955.608760014,0.0115,0.0101,0.0081
2024-11-19,0.0114,0.0116,0.0112,0.0112,264106.56919,0.008679999999999998,0.009189454522298992,0.0015452014712459827,69.72468108756559,0.0029,0.013345483559300868,0.00401451644069913,0.001357142857142857,1710037.3528385,-65340062.17795002,0.0126,0.0095,0.0083
2024-11-20,0.0128,0.0138,0.0125,0.0133,1006769.0913500008,0.009085,0.009580935043984802,0.0016788773594190159,74.21866882333097,0.0033999999999999985,0.013882927184020132,0.0042870728159798656,0.0013499999999999999,1708117.1917390004,-64333293.08660001,0.0112,0.0107,0.0099
2024-11-21,0.0137,0.0158,0.0131,0.0149,7354112.961420003,0.009559999999999999,0.010087512658843393,0.001892112002752088,76.42849500007642,0.0040999999999999995,0.014691286901271396,0.0044287130987286025,0.0014928571428571428,2045369.4672495003,-56979180.125180006,0.0133,0.0102,0.0108
2024-11-22,0.0143,0.0167,0.0143,0.0166,6132572.868560001,0.010105,0.010707749548477355,0.0021732261876682892,78.145622911343,0.0057,0.01579505596124562,0.004414944038754377,0.0015214285714285711,2308545.0344960005,-50846607.256620005,0.0149,0.0115,0.0109
2024-11-23,0.0165,0.0182,0.0145,0.0163,5426805.145700003,0.01063,0.011240344829574749,0.002344774609609265,76.31571918289022,0.006199999999999999,0.01657929451810545,0.004680705481894553,0.0017357142857142853,2534054.6922720005,-56273412.402320005,0.0166,0.0126,0.0101
2024-11-24,0.0158,0.0174,0.0114,0.0137,61705.0,0.011005,0.011474597702948583,0.0022450501583139108,61.728341716247904,0.004200000000000001,0.0167194231186489,0.005290576881351097,0.0020499999999999997,2474533.7279620003,-56335117.402320005,0.0163,0.0112,0.0095
2024-11-25,0.0137,0.0151,0.0132,0.0136,3627253.44334,0.01134,0.011677016969334432,0.0021333566405376207,59.09085537194966,0.0029,0.016821989650329293,0.005858010349670705,0.0020357142857142857,2566979.022430501,-59962370.84566001,0.0137,0.0133,0.0107
2024-11-26,0.014,0.0152,0.0128,0.015,2358057.5848600008,0.011735,0.011993491543683534,0.0021332166292822637,62.275396894876856,0.004799999999999999,0.01706703821994452,0.0064029617800554816,0.0020785714285714283,2481599.4451165004,-57604313.260800004,0.0136,0.0149,0.0102
2024-11-27,0.0147,0.0157,0.012,0.0121,3100680.784539999,0.011965,0.012003635206189864,0.001877457741497784,55.31910774108998,0.0005999999999999998,0.0169107158494155,0.0070192841505845,0.0022357142857142853,2559561.6814915007,-60704994.04534,0.015,0.0166,0.0115
2024-11-28,0.0124,0.0141,0.0112,0.0127,2738812.5202800003,0.012195000000000001,0.01206995566274321,0.0017035445645555512,58.51059472615286,9.99999999999994e-05,0.016800020143964367,0.007589979856035635,0.0023642857142857137,2552570.0056000007,-57966181.52506,0.0121,0.0163,0.0126
2024-11-29,0.0132,0.014,0.0125,0.013,1191305.04059,0.01243,0.012158531313910523,0.0015718058126543127,56.4245368746639,0.0017999999999999995,0.01666275448453104,0.008197245515468961,0.0023857142857142853,2567548.4436075008,-56774876.484469995,0.0127,0.0137,0.0112
2024-11-30,0.0124,0.0142,0.012,0.0134,1615215.4749999987,0.012605,0.012276766426871425,0.001482588205749872,58.9887176493232,0.00010000000000000113,0.016683944651951783,0.008526055348048216,0.0024428571428571424,2491327.9396295003,-55159661.00946999,0.013,0.0136,0.0133
2024-12-01,0.0139,0.0145,0.0132,0.0145,627653.6345899999,0.012790000000000001,0.012488502957645576,0.0014835420669415504,58.52268072059488,-0.0003999999999999993,0.01685986356941926,0.008720136430580741,0.0023857142857142853,2397243.2682215003,-54532007.37487999,0.0134,0.015,0.0149
2024-12-02,0.0144,0.0147,0.0129,0.0141,1310681.6882500013,0.01295,0.012641978866441235,0.0014354740998758688,54.43782472606236,-0.0025000000000000005,0.01695814959275432,0.00894185040724568,0.0024428571428571424,2254585.0018650005,-55842689.06312999,0.0145,0.0121,0.0166
2024-12-03,0.0141,0.0151,0.0129,0.0137,2821168.1566599985,0.01313,0.012742742783923022,0.0013495465006092989,57.86158427281888,-0.002599999999999998,0.016916457864270595,0.009343542135729403,0.0025714285714285717,2320472.3926435006,-58663857.21978999,0.0141,0.0127,0.0163
2024-12-04,0.0133,0.0148,0.0131,0.0131,1784363.051010002,0.013309999999999999,0.012776767280692257,0.0012189816122880927,49.305507619645375,-0.0005999999999999998,0.016690376808644707,0.009929623191355291,0.0026000000000000003,2336294.3770165006,-60448220.270799994,0.0137,0.013,0.0137
2024-12-05,0.0137,0.0137,0.0135,0.0137,198119.69463,0.01346,0.012864694206340614,0.0011506589036342912,45.522340499047246,0.00010000000000000113,0.01661120695340053,0.010308793046599471,0.0024214285714285713,2288764.9043395007,-60250100.57617,0.0131,0.0134,0.0136
2024-12-06,0.014,0.0142,0.0131,0.0137,942537.945860001,0.013635,0.012944247139070079,0.0010840167939638289,37.60679260725671,-0.001299999999999999,0.016387434329251847,0.010882565670748152,0.0023285714285714285,2248213.7971860003,-60250100.57617,0.0137,0.0145,0.015
2024-12-07,0.0139,0.0143,0.0131,0.014,1200435.2668299994,0.01376,0.013044795030587215,0.0010433824710714273,40.17089210320605,0.0019000000000000006,0.01632486380063181,0.01119513619936819,0.0021499999999999996,2198873.5977825006,-59049665.30934,0.0137,0.0141,0.0121
2024-12-08,0.0139,0.0139,0.013,0.0135,550877.5098900001,0.013805000000000001,0.013088147884817004,0.0009597700246905261,48.958261935868016,0.0008000000000000004,0.016315168792815145,0.011294831207184858,0.0017857142857142857,2215661.6716275006,-59600542.81923,0.014,0.0137,0.0127
2024-12-09,0.0131,0.0139,0.0122,0.0132,2028579.4145100005,0.013905,0.013098800467215385,0.0008593925236833732,47.95911516044774,0.00020000000000000052,0.01612023433475936,0.011689765665240643,0.0017714285714285711,2303885.3138935002,-61629122.23374,0.0135,0.0131,0.013
2024-12-10,0.0125,0.0133,0.0119,0.0123,2186021.9433000004,0.013854999999999998,0.013022724232242492,0.0006991606636500419,35.483817551242396,-0.0011000000000000003,0.016170599274486407,0.011539400725513587,0.0016999999999999997,2362847.956491,-63815144.17704,0.0132,0.0137,0.0134
2024-12-11,0.0125,0.0139,0.0121,0.0137,277591.62079,0.013795000000000002,0.013087226686314636,0.0006773361503629588,60.25630210407315,-0.0008000000000000004,0.01605818359838569,0.011531816401614315,0.001564285714285714,2009021.8894595006,-63537552.556250006,0.0123,0.0137,0.0145
2024-12-12,0.0133,0.0143,0.013,0.014,761880.2722499999,0.013665,0.013174157478094195,0.0006764498661595408,58.66655715575999,-9.99999999999994e-05,0.015509793527172269,0.011820206472827732,0.00145,1740487.2596440003,-62775672.28400001,0.0137,0.014,0.0141
2024-12-13,0.014,0.014,0.013,0.013,951527.6883799998,0.013500000000000002,0.013157571051609033,0.000588274573793221,49.99991463429208,-0.000700000000000001,0.014885640646055805,0.012114359353944198,0.001414285714285714,1516723.386778,-63727199.97238001,0.014,0.0135,0.0137
2024-12-14,0.0133,0.0133,0.0126,0.0126,141966.59388000003,0.013444999999999999,0.013104469046693887,0.0004805785518675488,45.12187418216603,-0.0005000000000000004,0.014883529951392936,0.012006470048607061,0.001307142857142857,1520736.4664720001,-63869166.56626001,0.013,0.0132,0.0131
2024-12-15,0.0126,0.013,0.0123,0.013,313788.17725999997,0.013415,0.013094519613675422,0.0004226334799671775,39.999925333472696,-0.000700000000000001,0.014864900178052863,0.011965099821947137,0.001264285714285714,1355063.203168,-63555378.38900001,0.0126,0.0123,0.0137
2024-12-16,0.0127,0.0131,0.0122,0.0131,434475.22201,0.013320000000000002,0.013095041555230143,0.00038039579138463876,43.05547183658255,-0.0005999999999999998,0.014567481673740225,0.012072518326259779,0.0011999999999999997,1258884.0850255,-63120903.16699001,0.013,0.0137,0.0137
2024-12-17,0.0129,0.0129,0.0118,0.0125,1433880.4226599997,0.013340000000000001,0.01303837093092251,0.00029510534259336724,41.89181263711123,-0.0014999999999999996,0.014515898312826066,0.012164101687173936,0.0011214285714285714,1175544.0669315,-64554783.58965001,0.0131,0.014,0.014
2024-12-18,0.012,0.0122,0.011,0.011,1005685.71948,0.013255,0.012844240366072747,0.00010526119789828516,37.349334591483824,-0.0025000000000000005,0.014810262712619662,0.011699737287380337,0.0010857142857142856,1088887.7268915002,-65560469.30913001,0.0125,0.013,0.0135
2024-12-19,0.0109,0.0114,0.0095,0.0095,1540171.8037899998,0.01308,0.012525741283589627,-0.00016433476957390843,27.17387169193438,-0.0037,0.015370116062331613,0.010789883937668386,0.001207142857142857,1106331.0650515,-67100641.112920016,0.011,0.0126,0.0132
2024-12-20,0.0097,0.0103,0.008,0.0098,4675067.258770001,0.0129,0.01226614687562871,-0.0003497522965726467,29.473640775687272,-0.0025000000000000005,0.015611379528463377,0.010188620471536623,0.0012928571428571427,1259323.6542400003,-62425573.85415001,0.0095,0.013,0.0123
2024-12-21,0.0102,0.0118,0.0099,0.0099,2515426.209869999,0.01267,0.012040799554140263,-0.00048305944967339497,27.956947161584935,-0.0037999999999999996,0.015582839092526259,0.009757160907473743,0.0013428571428571426,1353712.283004,-59910147.64428002,0.0098,0.0131,0.0137
2024-12-22,0.0105,0.0112,0.0099,0.0107,698406.65162,0.0125,0.011913104358507856,-0.0005181797610808378,35.41661501743643,-0.003300000000000001,0.015457950926606515,0.009542049073393486,0.0013714285714285714,1323098.5311725,-59211740.992660016,0.0099,0.0125,0.014
2024-12-23,0.0107,0.0131,0.0101,0.0131,1388719.1213299995,0.012469999999999998,0.012026142038649965,-0.0003483375006612475,49.57259025502021,0.00010000000000000113,0.015388615389097282,0.009551384610902715,0.0014642857142857142,1251476.0794060002,-57823021.871330015,0.0107,0.011,0.013
2024-12-24,0.0127,0.0127,0.0115,0.0123,1339143.11764,0.01243,0.01205222374925473,-0.0002751182083021806,49.99993965524524,-0.0002999999999999999,0.015334153106012095,0.009525846893987906,0.00145,1229215.0827375,-59162164.98897002,0.0131,0.0095,0.0126
2024-12-25,0.0117,0.0123,0.0116,0.012,829937.5680600002,0.012345,0.012047250058849518,-0.0002385490395501802,41.904706031820524,-0.0009999999999999992,0.015191586136336073,0.009498413863663928,0.0013714285714285716,1260805.9764089999,-59992102.55703002,0.0123,0.0098,0.013
2024-12-26,0.0118,0.0119,0.0109,0.0114,370496.83536,0.012230000000000001,0.011985607196101944,-0.00025504272170117324,37.96291375177847,-0.0017000000000000001,0.015031578502427681,0.009428421497572321,0.00135,1232203.920884,-60362599.39239002,0.012,0.0099,0.0131
2024-12-27,0.0111,0.0121,0.0111,0.0118,344415.49782,0.01212,0.011967930320282712,-0.00023314982057501613,44.11758650527342,-0.000700000000000001,0.014799041462519102,0.0094409585374809,0.00135,1189402.9324335,-60018183.89457002,0.0114,0.0107,0.0125
2024-12-28,0.0116,0.0123,0.0112,0.012,603001.64914,0.012045,0.011970984575493882,-0.0001973858687459775,46.99993420009212,0.0010000000000000009,0.014644169907976016,0.009445830092023984,0.0013785714285714284,1192009.139396,-59415182.24543002,0.0118,0.0131,0.011
2024-12-29,0.0115,0.0119,0.0114,0.0117,221657.35444,0.01197,0.011945176520684941,-0.000191047890888512,43.43428201212645,0.0022000000000000006,0.014514839980493374,0.009425160019506626,0.0013642857142857141,1101663.0363925,-59636839.599870026,0.012,0.0123,0.0095
2024-12-30,0.0114,0.0118,0.011,0.0112,593918.2033199999,0.011914999999999999,0.011874207328238757,-0.00022379109466527138,40.77664360456209,0.0014000000000000002,0.014477297488788985,0.009352702511211012,0.0013571428571428573,1022057.8493934998,-60230757.80319002,0.0117,0.012,0.0098
2024-12-31,0.011,0.0113,0.0106,0.0113,481810.4373000002,0.011795,0.011819520916025542,-0.00023891706805543797,43.87748833828196,0.0013999999999999985,0.01422678513593823,0.00936321486406177,0.0013285714285714287,1032268.790219,-59748947.365890026,0.0112,0.0114,0.0099
2025-01-01,0.0109,0.0113,0.0105,0.0108,857584.4386800004,0.011635,0.011722423685927871,-0.00028793124016390954,48.86355862615673,0.00010000000000000113,0.013868972152679848,0.00940102784732015,0.0012999999999999997,1037053.9985405,-60606531.80457003,0.0113,0.0118,0.0107
2025-01-02,0.0109,0.0117,0.0109,0.0109,615262.816000001,0.01153,0.011644097620601408,-0.0003150741813866282,59.45934696880304,-0.0022000000000000006,0.013690019493089813,0.009369980506910187,0.0012214285714285712,1020240.7549215002,-59991268.98857003,0.0108,0.012,0.0131
2025-01-03,0.0109,0.0122,0.0109,0.0122,343601.8471000001,0.011510000000000001,0.011697040704353654,-0.00022904572586156073,64.28560714303572,-9.99999999999994e-05,0.013635434940009263,0.009384565059990739,0.00115,1030322.5175825,-59647667.14147003,0.0109,0.0117,0.0123
2025-01-04,0.0121,0.0123,0.0116,0.012,287715.09922999993,0.01146,0.011725893970605687,-0.0001749887225201384,62.35283847767781,0.0,0.013482400866089496,0.009437599133910504,0.0010642857142857144,1029018.8636810001,-59935382.24070003,0.0122,0.0112,0.012
2025-01-05,0.0122,0.0122,0.0117,0.0121,582129.06374,0.01141,0.01176152311626229,-0.0001226649880216417,58.974253123135426,0.0006999999999999992,0.013307255635746026,0.009512744364253974,0.0010071428571428573,1036401.5557675002,-59353253.17696003,0.012,0.0113,0.0114
2025-01-06,0.0119,0.0122,0.0115,0.0117,190683.43043999997,0.011370000000000002,0.011755663771856356,-0.00011218154944849998,37.93094292531016,-9.99999999999994e-05,0.01320314512590608,0.009536854874093923,0.0008428571428571431,974241.7061565,-59543936.60740003,0.0121,0.0108,0.0118
2025-01-07,0.0118,0.0121,0.0097,0.0107,4199845.600940001,0.011355,0.011655124365012894,-0.00018246168675502966,36.666581111310734,-0.0013000000000000008,0.013205718210516791,0.00950428178948321,0.0009285714285714288,1133949.7002295002,-63743782.208340034,0.0117,0.0109,0.012
2025-01-08,0.0107,0.0114,0.0099,0.0105,786449.5665299997,0.011405,0.011545112520725952,-0.0002513995528868676,37.28804711310853,-0.0011999999999999997,0.013091447527544077,0.009718552472455923,0.0009857142857142857,1096263.5883665,-64530231.77487003,0.0107,0.0122,0.0117
2025-01-09,0.0102,0.0104,0.0096,0.0099,1886176.09215,0.01141,0.01138843513779967,-0.00035040899725925605,37.28804711310853,-0.001299999999999999,0.013076891212944357,0.009743108787055643,0.0009714285714285715,956819.0300355002,-66416407.86702003,0.0105,0.012,0.0112
2025-01-10,0.01,0.0106,0.01,0.0106,1359166.2357900003,0.011445,0.011313346077056844,-0.0003681467784939288,40.32248959437833,-0.0006999999999999992,0.013004318339599766,0.009885681660400235,0.000942857142857143,899006.0313315,-65057241.631230034,0.0099,0.0121,0.0113
2025-01-11,0.0103,0.0103,0.0099,0.0099,52960.402989999995,0.011405000000000002,0.011178741688765715,-0.0004336889515012179,34.328286478207346,-0.0008999999999999998,0.013081431046191052,0.009728568953808952,0.0008928571428571429,866733.7189000001,-65110202.03422003,0.0106,0.0117,0.0108
2025-01-12,0.0099,0.0104,0.0095,0.01,549874.9378399999,0.01125,0.011066480575549932,-0.00047212012463796957,36.92299739662098,-0.0008999999999999998,0.012837450786639263,0.009662549213360737,0.0009214285714285714,824791.5097255001,-64560327.09638003,0.0099,0.0107,0.0109
2025-01-13,0.0099,0.0101,0.0084,0.0095,922474.94209,0.01111,0.010917291949307082,-0.0005367357716865601,36.92299739662098,-0.002700000000000001,0.012798225477582748,0.009421774522417253,0.0009857142857142857,803958.1009480001,-65482802.03847003,0.01,0.0105,0.0122
2025-01-14,0.009,0.01,0.0089,0.0097,769711.04174,0.010995,0.010801359382706406,-0.0005652895034575448,37.87870753001433,-0.0023,0.012740339659297687,0.009249660340702312,0.0010142857142857143,800946.7746320001,-64713090.99673003,0.0095,0.0099,0.012
2025-01-15,0.0101,0.0103,0.0085,0.0098,1389832.08659,0.010915,0.010705991822448654,-0.00057324140722732,41.93538917815345,-0.0023,0.012727558529000982,0.009102441470999017,0.0010857142857142858,851913.5371935001,-63323258.91014003,0.0097,0.0106,0.0121
2025-01-16,0.0097,0.0107,0.0094,0.0097,790989.1236600002,0.01081,0.010610183077453544,-0.0005809160736312477,40.32248959437833,-0.002,0.012649794038816496,0.008970205961183505,0.0011214285714285714,874242.2184855001,-64114248.03380003,0.0098,0.0099,0.0117
2025-01-17,0.01,0.0103,0.0094,0.0102,686276.4057600003,0.010719999999999999,0.010571118022457969,-0.0005404228228237141,31.48139986303738,-0.0004999999999999987,0.012489448323185109,0.008950551676814888,0.0010928571428571428,878405.9563165002,-63427971.62804003,0.0097,0.01,0.0107
2025-01-18,0.0099,0.0107,0.0087,0.0092,1126708.1732100004,0.010595,0.010440535353652448,-0.0005823107565463177,27.419292924177256,-0.0013000000000000008,0.012425127979419515,0.008764872020580485,0.0011857142857142854,923658.497255,-64554679.80125003,0.0102,0.0095,0.0105
2025-01-19,0.0087,0.0092,0.0069,0.0074,4961568.405269998,0.010405000000000001,0.010150960558066502,-0.0007520826618099344,20.253128665341592,-0.0025000000000000005,0.01270051049247311,0.008109489507526891,0.0013142857142857142,1142041.0073525,-69516248.20652004,0.0092,0.0097,0.0099
2025-01-20,0.0075,0.0097,0.0071,0.0078,2372823.72863,0.01023,0.009927059552536359,-0.0008446152638049639,25.31641083167699,-0.0028000000000000004,0.01275990534459949,0.007700094655400509,0.00145,1236591.6719189999,-67143424.47789003,0.0074,0.0098,0.0106
2025-01-21,0.0079,0.0091,0.0068,0.0073,3225582.014239999,0.010055,0.009676863404675754,-0.0009473731113645457,27.02697589491045,-0.0026000000000000007,0.012885268724455867,0.0072247312755441325,0.0014428571428571429,1354991.550697,-70369006.49213003,0.0078,0.0097,0.0099
2025-01-22,0.0072,0.0077,0.0068,0.0074,2051801.97792,0.009880000000000002,0.00946001927089711,-0.001009107913738979,28.767068117951553,-0.0026,0.012915647854204815,0.006844352145795188,0.0014,1426818.508793,-68317204.51421003,0.0073,0.0102,0.01
2025-01-23,0.0072,0.0077,0.0066,0.0071,1150404.3161500006,0.009625,0.009235255530811672,-0.0010699074550438621,29.99994000011999,-0.0023999999999999994,0.012696687347028689,0.006553312652971311,0.0014214285714285713,1467158.6322455,-69467608.83036003,0.0074,0.0092,0.0095
2025-01-24,0.0071,0.0077,0.0066,0.007,2776195.36071,0.009375,0.00902237405168675,-0.0011133269537295255,21.874952148542178,-0.0027,0.012446687347028685,0.006303312652971315,0.001457142857142857,1591582.6453195,-72243804.19107002,0.0071,0.0074,0.0097
2025-01-25,0.0074,0.0075,0.0069,0.0074,429769.0398,0.00914,0.008867862237240393,-0.001102748760919382,29.50812899773672,-0.0023999999999999994,0.012048716483081279,0.006231283516918722,0.0014714285714285714,1583964.6441225,-71814035.15127002,0.007,0.0078,0.0098
2025-01-26,0.0073,0.0078,0.0069,0.0071,1373352.4697100006,0.00891,0.00869949440512226,-0.001105825689504944,26.98406701953361,-0.0026,0.011691063787379751,0.0061289362126202476,0.0014714285714285714,1643098.0960859999,-73187387.62098002,0.0074,0.0073,0.0097
2025-01-27,0.0071,0.0085,0.0062,0.0071,2296405.19332,0.00873,0.008547161604634427,-0.0010956343863796156,29.310274078648774,-0.0031000000000000003,0.01148917607839374,0.00597082392160626,0.0015142857142857145,1547926.075705,-73187387.62098002,0.0071,0.0074,0.0102
2025-01-28,0.0072,0.0077,0.0067,0.0069,945782.7278599998,0.00855,0.00839028907085972,-0.001091118301180232,25.862006539984208,-0.0023,0.011292645668539629,0.005807354331460372,0.0015071428571428573,1555892.7337715,-74133170.34884003,0.0071,0.0071,0.0092
2025-01-29,0.0069,0.0076,0.0065,0.0071,936041.7855800008,0.00841,0.008267404397444509,-0.0010591912452413404,27.118579718624417,-0.0002999999999999999,0.01114834371761303,0.005671656282386971,0.0014571428571428572,1508386.018443,-73197128.56326003,0.0069,0.007,0.0074
2025-01-30,0.0072,0.01,0.007,0.008,4002028.4963099984,0.008280000000000001,0.008241937311973603,-0.0009503117427793438,37.313354867616695,0.00020000000000000052,0.010820285935004208,0.0057397140649957925,0.0015785714285714287,1640529.131469,-69195100.06695004,0.0071,0.0074,0.0078
2025-01-31,0.008,0.0103,0.0075,0.0089,4084431.6100799986,0.00823,0.008304609948928498,-0.0007823826540381291,40.84498988311854,0.0015999999999999999,0.010673552202925549,0.00578644779707445,0.0017142857142857146,1842102.6918234997,-65110668.45687004,0.008,0.0071,0.0073
2025-02-01,0.009,0.0097,0.0088,0.0091,2236347.2486799983,0.008185000000000001,0.00838036138236388,-0.000625943822072355,49.20623985914952,0.0017000000000000001,0.010522137250209547,0.005847862749790456,0.001635714285714286,1926426.3073655,-62874321.208190046,0.0089,0.0071,0.0074
2025-02-02,0.0091,0.0091,0.0078,0.0078,2537035.2095200014,0.0081,0.008325088869757795,-0.0005999482264060375,53.4481468493007,0.0006999999999999992,0.010358084889551828,0.005841915110448172,0.0015642857142857145,2007154.3207369999,-65411356.41771005,0.0091,0.0069,0.0071
2025-02-03,0.0079,0.0096,0.0068,0.0083,1786936.29096,0.008029999999999999,0.008322699453590385,-0.0005328582500132694,54.2371594372488,0.0013,0.010162554682460788,0.00589744531753921,0.0015785714285714287,2058015.5831979997,-63624420.12675005,0.0078,0.0071,0.007
2025-02-04,0.0082,0.0093,0.0082,0.0088,802050.62186,0.007980000000000001,0.008368156648486539,-0.0004343363796199245,62.711715599318914,0.0014000000000000002,0.009980631479256163,0.005979368520743839,0.001492857142857143,2028626.5099615,-62822369.504890054,0.0083,0.008,0.0074
2025-02-05,0.0085,0.0089,0.0078,0.0082,746228.0713099999,0.007904999999999999,0.00835214172958306,-0.00040006042555539544,56.249876953394164,0.0011000000000000003,0.00973972355582987,0.006070276444170128,0.0015071428571428573,2026388.4573439998,-63568597.57620005,0.0088,0.0089,0.0071
2025-02-06,0.0086,0.0096,0.0076,0.0081,2104100.10633,0.007800000000000001,0.00832812823152753,-0.00037662416039879396,58.06438501590479,0.0009999999999999992,0.00928961316066362,0.006310386839336383,0.0015714285714285713,2097279.6423724997,-65672697.68253005,0.0082,0.0091,0.0071
2025-02-07,0.0082,0.0099,0.008,0.0089,842854.7793500002,0.007785,0.00838259220947729,-0.00029015273715189867,63.767986557708426,0.002,0.009220306679131362,0.00634969332086864,0.0016285714285714287,2083086.9726794995,-64829842.903180055,0.0081,0.0078,0.0069
2025-02-08,0.009,0.0098,0.0087,0.0094,775069.4304699999,0.007885,0.008479488189527071,-0.00017921184729006306,64.28558571454285,0.0023,0.00947744928862533,0.00629255071137467,0.0016642857142857143,1873762.0239395,-64054773.47271006,0.0089,0.0083,0.0071
2025-02-09,0.0097,0.011,0.0095,0.01,1298235.5838000015,0.007995,0.008624298838143541,-4.238679856879632e-05,69.8628797150252,0.002,0.009845718210516682,0.006144281789483318,0.0017071428571428572,1820032.6166979999,-62756537.888910055,0.0094,0.0088,0.008
2025-02-10,0.01,0.0123,0.0098,0.0107,775095.3524100006,0.008165,0.008821984663082252,0.00012113580995719644,72.49987312522202,0.0017999999999999995,0.010342661710715658,0.005987338289284343,0.0017214285714285715,1697508.2836065001,-61981442.53650005,0.01,0.0082,0.0089
2025-02-11,0.011,0.0115,0.0103,0.0105,630393.4198800002,0.00832,0.00898179564755061,0.00023191693276295063,72.49987312522202,0.0014000000000000002,0.010700269776837825,0.0059397302231621735,0.001735714285714286,1626437.8557045,-62611835.956380054,0.0107,0.0081,0.0091
2025-02-12,0.0109,0.0133,0.0108,0.0117,2531603.05403,0.008549999999999999,0.00924067225254579,0.0004117948274653168,75.55543802487418,0.0039000000000000007,0.011294947511721592,0.0058050524882784045,0.0018357142857142856,1695497.7925985001,-60080232.90235005,0.0105,0.0089,0.0078
2025-02-13,0.0111,0.0138,0.011,0.0133,2310751.4449299984,0.008865,0.009627274895160477,0.0006756673110359396,77.31947603374593,0.004999999999999999,0.012235631675923401,0.005494368324076598,0.0018214285714285713,1672225.5968095,-57769481.45742005,0.0117,0.0094,0.0083
2025-02-14,0.0126,0.0135,0.0122,0.0132,1645883.65169,0.009155,0.009967534428954717,0.0008667278914854509,74.15718671903213,0.004399999999999999,0.01296439282356282,0.00534560717643718,0.001714285714285714,1733031.3274039999,-59415365.10911005,0.0133,0.01,0.0088
2025-02-15,0.0129,0.0131,0.012,0.0124,698995.87303,0.009420000000000001,0.010199197816673316,0.0009427243246981944,67.36832177299948,0.004199999999999999,0.013362534584169156,0.005477465415830847,0.0017285714285714285,1699313.49757,-60114360.98214005,0.0132,0.0107,0.0082
2025-02-16,0.0125,0.0132,0.0122,0.0124,987117.16348,0.009685000000000001,0.01040879802460919,0.0009915223926033577,78.04864723401693,0.0043,0.013683038992990833,0.005686961007009169,0.0017071428571428567,1633849.0960779998,-60114360.98214005,0.0124,0.0105,0.0081
2025-02-17,0.0124,0.0131,0.0124,0.0125,193396.44316,0.009964999999999998,0.010607960117503553,0.0010264323045791578,76.9229388562636,0.0036000000000000008,0.013926007314733198,0.006003992685266798,0.001557142857142857,1596229.7818429999,-59920964.53898005,0.0124,0.0117,0.0089
2025-02-18,0.0127,0.0127,0.0107,0.0121,1238010.4344100005,0.010214999999999998,0.010750059153931787,0.001010177309066421,71.42844155867768,0.0026999999999999993,0.014043576759058322,0.006386423240941675,0.0016214285714285712,1611328.2142844999,-61158974.97339005,0.0125,0.0133,0.0094
2025-02-19,0.012,0.0128,0.0111,0.0127,824181.6309699998,0.01045,0.010935767805938284,0.0010337931694588166,79.2206351832607,0.0026999999999999993,0.014283096865322989,0.006616903134677009,0.001664285714285714,1452435.8710175,-60334793.34242005,0.0121,0.0132,0.01
2025-02-20,0.0122,0.0127,0.0119,0.0119,66292.02663,0.0106,0.011027599443467971,0.0009766968416242694,72.61892658750332,0.0012000000000000014,0.014412444995289354,0.006787555004710646,0.0015785714285714285,1251528.891845,-60401085.36905005,0.0127,0.0124,0.0107
2025-02-21,0.012,0.0127,0.0113,0.0117,667947.4619299999,0.01073,0.011091637591709117,0.0009048783871484934,67.94859598969951,0.0011999999999999997,0.014504206085913827,0.006955793914086173,0.0015428571428571427,1173108.9025075,-61069032.83098005,0.0119,0.0124,0.0105
2025-02-22,0.0119,0.0128,0.0118,0.0121,212389.20646,0.010945,0.01118767210678444,0.000870207194756948,67.53234474638617,0.0003999999999999993,0.014499966873781786,0.007390033126218214,0.0015357142857142857,1056876.6023545,-60856643.62452005,0.0117,0.0125,0.0117
2025-02-23,0.0126,0.0129,0.0123,0.0127,792438.6762100001,0.011165,0.01133170333470973,0.0008809895118888477,67.53234474638617,-0.0005999999999999998,0.014572283220891694,0.007757716779108305,0.0014714285714285714,1007151.721617,-60064204.94831005,0.0121,0.0121,0.0133
2025-02-24,0.0127,0.0131,0.0101,0.0111,3224955.4608200016,0.01128,0.01130963635045166,0.0007517621020988689,52.32549621430849,-0.0020999999999999994,0.014501375972763256,0.008058624027236744,0.0015071428571428569,1128296.963565,-63289160.40913005,0.0127,0.0127,0.0132
2025-02-25,0.0105,0.0123,0.0099,0.0116,1869446.0688199992,0.01145,0.011337290031361026,0.0006818345063705506,56.17968690835767,-0.0008000000000000004,0.014327498913987928,0.008572501086012072,0.0015928571428571426,1184457.8634405,-61419714.34031005,0.0111,0.0119,0.0124
2025-02-26,0.0115,0.0121,0.0108,0.0118,383262.36509,0.011635,0.011381357647421882,0.0006352321506703489,50.632821663354015,-0.0005999999999999998,0.014043122221063681,0.009226877778936318,0.0015071428571428569,1098415.9763785,-61036451.975220054,0.0116,0.0117,0.0124
2025-02-27,0.0114,0.0127,0.0113,0.0115,678367.5772400005,0.011765,0.011392656919095988,0.000567549596766543,36.36355922881375,-0.0010000000000000009,0.013803859330219423,0.009726140669780576,0.001407142857142857,1090191.6162730001,-61714819.55246005,0.0118,0.0121,0.0125
2025-02-28,0.0117,0.0117,0.0095,0.0104,1419065.17015,0.011815,0.01129811816489637,0.0004203048653972762,31.578889196783052,-0.0017000000000000001,0.013648346092460068,0.009981653907539934,0.0014714285714285714,1122391.4032570003,-63133884.72261005,0.0115,0.0127,0.0121
2025-03-01,0.0101,0.0111,0.01,0.0111,223736.36239,0.01187,0.011279249768239573,0.00035599284092965,41.33325617792181,-0.001599999999999999,0.01353208493037848,0.01020791506962152,0.0014714285714285714,1068666.4421865,-62910148.36022005,0.0104,0.0111,0.0127
2025-03-02,0.0113,0.0136,0.0106,0.0131,1098966.1272299995,0.01199,0.011452654552216756,0.00046109318824498827,53.68413141285897,0.0011999999999999997,0.013642939964523083,0.010337060035476919,0.0016142857142857144,1084859.9809275,-61811182.23299006,0.0111,0.0116,0.0119
2025-03-03,0.013,0.013,0.0112,0.0112,235687.37137000004,0.012025,0.011428592213910398,0.00038661519040663304,44.24773279041955,-0.0005000000000000004,0.01357130289127995,0.010478697108720049,0.0016928571428571429,1065124.678502,-62046869.60436006,0.0131,0.0118,0.0117
2025-03-04,0.0113,0.0113,0.0099,0.0103,770746.1920500002,0.011955,0.011321107241157027,0.00025206273978790536,42.37283108308176,-0.0017999999999999995,0.013679712027832224,0.010230287972167776,0.00165,977081.835403,-62817615.79641006,0.0112,0.0115,0.0121
2025-03-05,0.0104,0.0117,0.0104,0.0113,877199.89414,0.011855000000000001,0.0113190970277135,0.00022354372303775606,44.262244289227866,-0.0014000000000000002,0.013480423021862852,0.01022957697813715,0.0016214285714285712,905404.2578635002,-61940415.902270064,0.0103,0.0104,0.0127
2025-03-06,0.011,0.0114,0.0108,0.011,171917.19865,0.011745,0.011288706834597928,0.000174720633298606,46.153790927087776,-0.00010000000000000113,0.01328256471836461,0.010207435281635391,0.0016071428571428571,831705.9352115,-62112333.100920066,0.0113,0.0111,0.0111
2025-03-07,0.0111,0.0111,0.01,0.0102,311141.19895999995,0.011635,0.011185020469398125,7.066014266766431e-05,43.902389054191325,-0.0013999999999999985,0.013285868989670093,0.009984131010329906,0.0015857142857142856,812313.2015080001,-62423474.299880065,0.011,0.0131,0.0116
2025-03-08,0.011,0.011,0.01,0.0107,302115.54477,0.01155,0.01113882804374116,2.821206433666762e-05,44.35478863169025,-0.0011000000000000003,0.013210057069406327,0.009889942930593672,0.0015857142857142856,778063.1205725,-62121358.75511006,0.0102,0.0112,0.0118
2025-03-09,0.0106,0.0109,0.0094,0.0097,1042502.3242500002,0.01141,0.011001796801480097,-8.513856186951989e-05,38.2812081299286,-0.0017999999999999995,0.013199913258704427,0.009620086741295573,0.0016499999999999998,820518.4146270001,-63163861.07936006,0.0107,0.0103,0.0115
2025-03-10,0.0098,0.0106,0.0087,0.0089,1522007.38255,0.01125,0.010801625677529611,-0.0002367934563402372,40.83328569450002,-0.0014999999999999996,0.013328967355000929,0.00917103264499907,0.0015714285714285713,834718.262034,-64685868.46191006,0.0097,0.0113,0.0104
2025-03-11,0.009,0.0102,0.0085,0.0098,735505.2929600001,0.011105,0.010706232755860124,-0.0002811180208817949,42.74188722690152,-0.0013000000000000008,0.013162566268038545,0.009047433731961456,0.0015214285714285714,830284.4451335,-63950363.16895006,0.0089,0.011,0.0111
2025-03-12,0.0092,0.0097,0.0092,0.0092,8852.226999999999,0.01097,0.010562782017206779,-0.0003605048675068695,39.8437064209461,-0.0039000000000000007,0.013158101796920299,0.008781898203079702,0.0014642857142857144,827412.4551520001,-63959215.39595006,0.0098,0.0102,0.0131
2025-03-13,0.0089,0.0097,0.0089,0.0094,69322.35618,0.010855,0.010452040872710896,-0.0004026398058312817,41.73223746052564,-0.0017999999999999995,0.013121901432631063,0.008588098567368937,0.0014214285714285713,797481.1998645,-63889893.03977006,0.0092,0.0107,0.0112
2025-03-14,0.0091,0.01,0.0091,0.0099,45947.22661,0.010745,0.010399465551500335,-0.00039117698194492297,47.93382883689226,-0.0003999999999999993,0.012970663709406704,0.008519336290593295,0.0013285714285714285,789159.100872,-63843945.81316006,0.0094,0.0097,0.0103
2025-03-15,0.0099,0.0109,0.0092,0.0103,506941.3706099999,0.010624999999999999,0.010389992641833637,-0.00034582944776677914,46.61011419138994,-0.0009999999999999992,0.012657240143290543,0.008592759856709455,0.0013714285714285714,774884.2355920001,-63337004.44255006,0.0099,0.0089,0.0113
2025-03-16,0.0105,0.0106,0.0091,0.0097,754636.61558,0.010555,0.0103242790568971,-0.0003542229244332864,33.65380085065269,-0.001299999999999999,0.012614611613873247,0.008495388386126753,0.001264285714285714,651368.29333,-64091641.05813006,0.0103,0.0098,0.011
2025-03-17,0.0095,0.0102,0.0094,0.0101,171974.02751,0.01048,0.010302919146716424,-0.00032485344974826115,43.820155788518974,-0.00010000000000000113,0.012487984063682166,0.008472015936317833,0.0011928571428571429,566494.6912645,-63919667.03062006,0.0097,0.0092,0.0102
2025-03-18,0.0099,0.0106,0.0096,0.0099,204762.45679999996,0.010385,0.010264545894648194,-0.0003140955598981889,47.56089440822906,-0.0007999999999999986,0.012308018460650218,0.008461981539349782,0.0011642857142857145,557569.69585,-64124429.48742006,0.0101,0.0094,0.0107
2025-03-19,0.0099,0.0116,0.0099,0.0111,214393.06424000004,0.010365000000000001,0.010344112952300748,-0.00020636108141282652,48.80944246045305,0.0014000000000000002,0.01224707612128663,0.008482923878713373,0.0011928571428571429,534370.9702,-63910036.42318006,0.0099,0.0099,0.0097
2025-03-20,0.0106,0.0126,0.0105,0.0117,814202.2488899999,0.01043,0.01047324505208163,-7.173878537542963e-05,54.022901572342306,0.0028000000000000004,0.012404681853123226,0.008455318146876774,0.0013000000000000002,504127.824137,-63095834.17429006,0.0111,0.0103,0.0089
2025-03-21,0.0114,0.0121,0.0112,0.0121,120694.00282999998,0.01048,0.010628174094740522,6.646089141028495e-05,61.44567948921532,0.0023,0.01257319700081289,0.00838680299918711,0.0012857142857142856,498975.706159,-62975140.17146006,0.0117,0.0097,0.0098
2025-03-22,0.0121,0.0121,0.0115,0.0119,61546.335110000015,0.01042,0.0107493003714319,0.00015802518642575765,57.499899375176106,0.002700000000000001,0.012249121157968453,0.008590878842031548,0.001257142857142857,447104.716553,-63036686.50657006,0.0121,0.0101,0.0092
2025-03-23,0.0117,0.0119,0.0113,0.0117,323992.57115000003,0.010445,0.010839843193200291,0.000212008321421632,63.8887646607354,0.0023,0.012331768331524474,0.008558231668475524,0.001192857142857143,451519.9765420001,-63360679.07772006,0.0119,0.0099,0.0094
2025-03-24,0.0118,0.0122,0.0113,0.0122,218661.18371,0.01054,0.010969381936705025,0.00029177279104607157,73.91289351007116,0.0023,0.012581052360142599,0.008498947639857403,0.0011214285714285716,423915.72612500004,-63142017.89401006,0.0117,0.0111,0.0099
2025-03-25,0.0121,0.0123,0.0116,0.0123,6496.6724,0.010589999999999999,0.01109610746654264,0.00035891848330401113,70.49164149459331,0.002,0.012754692758070684,0.008425307241929313,0.0010500000000000002,380380.565038,-63135521.22161006,0.0122,0.0117,0.0103
2025-03-26,0.0118,0.0124,0.0118,0.0124,18915.51682,0.01066,0.011220287707824293,0.0004154124760040595,78.57123214334824,0.0026999999999999993,0.012966421242394806,0.008353578757605193,0.0010571428571428572,372730.4809465,-63116605.70479006,0.0123,0.0121,0.0097
2025-03-27,0.0118,0.0123,0.0116,0.0123,92676.34605,0.010765,0.011323117449936264,0.0004469628979086107,76.36344198396588,0.0022000000000000006,0.013172247827969684,0.008357752172030317,0.0010500000000000004,361807.23830100003,-63209282.050840065,0.0124,0.0119,0.0101
2025-03-28,0.0123,0.0123,0.0115,0.0115,14715.42527,0.010805,0.011339963407085192,0.0004027706313334458,63.7929494652944,0.001599999999999999,0.013234186565174166,0.008375813434825834,0.001042857142857143,347437.232326,-63223997.47611006,0.0123,0.0117,0.0099
2025-03-29,0.0116,0.0121,0.0111,0.0121,216468.90674,0.010925,0.01141234784450565,0.00041142032981349164,64.99984833368723,0.0009999999999999992,0.013361455579212419,0.008488544420787583,0.000992857142857143,306135.56145050004,-63007528.56937006,0.0115,0.0122,0.0111
2025-03-30,0.0112,0.0119,0.0107,0.0116,262888.56715,0.01106,0.011430219478362254,0.0003736225684538314,66.10153806414698,-0.00010000000000000113,0.013316592680639873,0.008803407319360128,0.0009714285714285718,243179.6206805,-63270417.13652006,0.0121,0.0123,0.0117
2025-03-31,0.0113,0.0118,0.0045,0.0116,2935473.9447999997,0.01115,0.011446389051851564,0.00033975113071103326,63.63620165330489,-0.0005000000000000004,0.013337524435954123,0.008962475564045877,0.001435714285714286,353178.0532725,-63270417.13652006,0.0116,0.0124,0.0121
2025-04-01,0.0118,0.0135,0.0118,0.0135,455362.793,0.011365,0.01164197104691332,0.0004609088232976014,74.99985416695023,0.001599999999999999,0.013590474520660027,0.009139525479339973,0.001485714285714286,375503.58157249994,-62815054.34352006,0.0116,0.0123,0.0119
2025-04-02,0.0135,0.0136,0.0128,0.0134,39084.39316999999,0.011565,0.011809402375778717,0.0005426032112409527,68.85230099471903,0.0017000000000000001,0.013765741501834437,0.009364258498165565,0.0014214285714285717,373991.683422,-62854138.73669006,0.0135,0.0115,0.0117
2025-04-03,0.0128,0.0128,0.0116,0.0116,2587781.43984,0.01165,0.01178945929237122,0.00045683552987188687,49.31497391648838,-0.0006000000000000016,0.013706568424393483,0.009593431575606519,0.0013571428571428573,501083.3940835,-65441920.17653006,0.0134,0.0121,0.0122
2025-04-04,0.0119,0.013,0.0114,0.0129,4174454.6065400015,0.01178,0.01189522507405015,0.0004881362293135353,54.877955086418154,0.0005999999999999998,0.013805729238415197,0.009754270761584805,0.0014071428571428575,684459.0558800001,-61267465.56999006,0.0116,0.0116,0.0123
2025-04-05,0.0124,0.0124,0.0112,0.0115,1067479.0592000005,0.01187,0.011857584590807279,0.0003954158516189469,47.87226912640768,-0.0008999999999999998,0.013651897273901795,0.010088102726098206,0.0014500000000000003,700101.1780610001,-62334944.629190065,0.0129,0.0116,0.0124
2025-04-06,0.0119,0.0119,0.009,0.0102,744347.6317700001,0.011875,0.011699719391682776,0.00021456181380559436,42.85708571436191,-0.0020999999999999994,0.013636428845837711,0.010113571154162289,0.0016142857142857144,728719.8582740001,-63079292.260960065,0.0115,0.0135,0.0123
2025-04-07,0.0103,0.0106,0.0089,0.0092,1560914.6221600005,0.01184,0.011461650878189178,-9.350173812339505e-06,36.36359008270353,-0.0023,0.013784925922010157,0.009895074077989842,0.0016714285714285718,796527.4665420002,-64640206.88312007,0.0102,0.0134,0.0115
2025-04-08,0.01076,0.01076,0.0087,0.01024,1483544.6992900004,0.011797,0.011345303175504494,-0.00010171027609063785,41.37348582673354,-0.0018599999999999988,0.01384605215571588,0.00974794784428412,0.0017685714285714288,859985.0482945002,-63156662.18383007,0.0092,0.0116,0.0121
2025-04-09,0.00931,0.01069,0.0092,0.01001,453874.25495,0.011712499999999999,0.011218131444504066,-0.00019126066646718912,40.099373538423414,-0.0015899999999999994,0.013912240415307819,0.00951275958469218,0.0018321428571428575,841968.6485975,-63610536.43878007,0.01024,0.0129,0.0116
2025-04-10,0.01072,0.01073,0.00912,0.01041,1059415.71897,0.011628000000000001,0.01114116654502749,-0.000227332788084518,42.360501774694846,-0.0011899999999999984,0.013893908438713564,0.009362091561286439,0.0018971428571428572,888904.7344045002,-62551120.71981007,0.01001,0.0115,0.0116
2025-04-11,0.01037,0.01209,0.01021,0.01158,314131.42512999993,0.011612,0.011182960207405824,-0.00015967040145325843,50.31391645252509,-0.0019199999999999998,0.013874337868573283,0.009349662131426718,0.0019742857142857144,901533.9889055,-62236989.29468007,0.01041,0.0102,0.0135
2025-04-12,0.01099,0.01223,0.01081,0.01164,290124.25149,0.011609,0.011226487806700507,-0.00010005262957459883,48.11469888477178,-0.0017600000000000011,0.013871005630781225,0.009346994369218774,0.0020042857142857145,899840.5729225001,-61946865.04319007,0.01158,0.0092,0.0134
2025-04-13,0.01158,0.0124,0.01158,0.01239,50956.011,0.0116185,0.01133729849177665,7.625711693009032e-06,53.17263097053545,0.0007900000000000008,0.013892520552608522,0.009344479447391479,0.0019771428571428574,891455.3142870001,-61895909.03219007,0.01164,0.01024,0.0116
2025-04-14,0.01239,0.01253,0.01162,0.01211,339080.88125,0.011609,0.011410889111607444,6.956599944748197e-05,52.0030849926795,-0.0007900000000000008,0.013872596579270688,0.009345403420729311,0.0015207142857142856,908084.5247295002,-62234989.91344007,0.01239,0.01001,0.0129
2025-04-15,0.01211,0.01272,0.01172,0.012,163422.89745,0.011588999999999999,0.011466994910501974,0.00010852701122722637,43.14436891945478,0.0005000000000000004,0.01383012659639173,0.009347873403608268,0.0014707142857142857,915309.8937610002,-62398412.81089007,0.01211,0.01041,0.0115
2025-04-16,0.012,0.012,0.011,0.0114,178809.50332000002,0.011544,0.011460614442835118,8.995199753640201e-05,41.25869076733648,0.0011999999999999997,0.013761028832042336,0.009326971167957665,0.0014850000000000002,919616.5516245,-62577222.31421007,0.012,0.01158,0.0102
2025-04-17,0.01121,0.01191,0.01111,0.01121,81868.72328,0.0115295,0.011436746400660345,5.9217134986194395e-05,48.01620831872671,0.0020099999999999996,0.013751528234223397,0.009307471765776603,0.0014564285714285718,922974.2165250002,-62659091.03749007,0.0114,0.01164,0.0092
2025-04-18,0.0123,0.01247,0.012,0.012,47233.49566,0.0115245,0.011490389600597454,9.748221834445306e-05,45.17160596539876,0.0017599999999999994,0.013741567527400635,0.009307432472599365,0.0013757142857142859,914512.4459710002,-62611857.54183007,0.01121,0.01239,0.01024
2025-04-19,0.012,0.0121,0.01172,0.01191,854853.60184,0.01154,0.011530352495778648,0.00011917158885768261,52.559209010121585,0.0019000000000000006,0.013763614885248,0.009316385114752,0.0013171428571428574,944110.6977055002,-63466711.14367007,0.012,0.01211,0.01001
2025-04-20,0.01242,0.0125,0.01221,0.01221,77530.44488999998,0.011570500000000001,0.011595080829514015,0.00015873822856055098,64.33653342204451,0.0017999999999999995,0.013814223174594468,0.009326776825405534,0.001130714285714286,801213.5227100002,-63389180.69878007,0.01191,0.012,0.01041
2025-04-21,0.01231,0.0133,0.01223,0.01223,390569.8052900001,0.011507,0.011655549321941253,0.0001895241915350447,75.1242036917327,0.0006499999999999995,0.013586687223447351,0.009427312776552649,0.0010857142857142858,797973.8733245002,-62998610.89349007,0.01221,0.0114,0.01158
2025-04-22,0.01232,0.01242,0.0123,0.0123,427031.42702,0.011452,0.011716925576994467,0.00021706847373403372,70.35553656570909,0.0006600000000000009,0.013373026041633299,0.009530973958366702,0.0009471428571428572,817371.2250170002,-62571579.46647007,0.01223,0.01121,0.01164
2025-04-23,0.01211,0.013,0.01211,0.0125,124748.8934,0.011497,0.011791504093471185,0.00025212945296419244,74.75128299841711,0.00011000000000000072,0.013473973763902705,0.009520026236097295,0.0009042857142857143,694219.5976950001,-62446830.57307007,0.0123,0.012,0.01239
2025-04-24,0.0123,0.01344,0.012,0.01344,483696.6014199999,0.011524,0.011948503703616787,0.0003517113660024742,77.19908782994082,0.0013300000000000013,0.01359420365130981,0.009453796348690188,0.0008921428571428572,509681.697439,-61963133.97165007,0.0125,0.01191,0.01211
2025-04-25,0.01329,0.01364,0.01281,0.01332,240683.4503700001,0.011615,0.012079122398510427,0.00041615062703243867,69.24757312698588,0.00132,0.013835322404280316,0.009394677595719684,0.0008171428571428572,468341.91699750006,-62203817.42202007,0.01344,0.01221,0.012
2025-04-26,0.01272,0.01399,0.01272,0.01394,202151.35383999997,0.011802,0.01225634883674753,0.0005113534597250592,72.63759509324186,0.002539999999999999,0.01414701576697689,0.00945698423302311,0.0008064285714285715,441232.103101,-62001666.06818007,0.01332,0.01223,0.0114
2025-04-27,0.01396,0.01396,0.01302,0.01387,63664.26494,0.0120355,0.01241002989991443,0.0005745311382195657,66.8179692155525,0.002660000000000001,0.014213693118885404,0.009857306881114594,0.0008150000000000001,366369.58524000004,-62065330.33312007,0.01394,0.0123,0.01121
2025-04-28,0.01312,0.0145,0.01301,0.0145,1195939.7833700003,0.012248499999999999,0.012609074671351151,0.0006677383662341257,75.15767321948948,0.0025000000000000005,0.014518628908930013,0.009978371091069985,0.0008564285714285716,351989.339444,-60869390.54975007,0.01387,0.0125,0.012
2025-04-29,0.0145,0.0146,0.01365,0.014,326338.19461999997,0.012448,0.01274154375027009,0.0006932683783112403,69.45506374107151,0.00209,0.014587351598770016,0.010308648401229985,0.0008528571428571429,345612.5364275,-61195728.744370066,0.0145,0.01344,0.01191
2025-04-30,0.0138,0.01434,0.0135,0.01415,59261.61322000001,0.012634999999999999,0.012875682440720558,0.0007173358421515875,79.3174604596063,0.001939999999999999,0.014675840899959948,0.01059415910004005,0.0008414285714285714,295604.83114,-61136467.13115007,0.014,0.01332,0.01221
2025-05-01,0.01432,0.0146,0.0136,0.01402,606698.8289000001,0.012757,0.012984665065413839,0.0007176469794378804,80.34532940937112,0.00179,0.014823852170509258,0.01069014782949074,0.0008557142857142858,310233.20132850006,-61743165.96005007,0.01415,0.01394,0.01223
2025-05-02,0.0145,0.0145,0.01382,0.0139,1251251.5358800003,0.012870000000000001,0.013071839821088711,0.0007001397852383923,73.98963741037278,0.001599999999999999,0.014926814092359427,0.010813185907640575,0.0008707142857142858,358289.56554800004,-62994417.49593007,0.01402,0.01387,0.0123
2025-05-03,0.01362,0.0145,0.0136,0.01449,598288.3059,0.012975,0.013206902695270738,0.0007255100486406336,78.92351907415537,0.0019899999999999987,0.015140193561300416,0.010809806438699585,0.0009078571428571431,385656.180293,-62396129.19003007,0.0139,0.0145,0.0125
2025-05-04,0.01449,0.0145,0.01329,0.01329,244632.53833,0.013034,0.013214816724292573,0.000641392619127967,60.07446995474265,-0.00015000000000000083,0.015163970595300356,0.010904029404699644,0.0009735714285714288,380933.76314700005,-62640761.72836007,0.01449,0.014,0.01344
2025-05-05,0.01333,0.0143,0.01291,0.01392,565288.0166999999,0.01313,0.013281977036264709,0.0006184357427960734,64.15395340781447,0.0005999999999999998,0.015236691094684535,0.011023308905315464,0.0009964285714285717,401027.0191095,-62075473.71166007,0.01329,0.01415,0.01332
2025-05-06,0.0139,0.0139,0.0132,0.01357,194093.29696000004,0.0132385,0.01330940779471569,0.0005654816574329515,60.15986524190186,-0.0003699999999999988,0.01518766743360149,0.01128933256639851,0.001037857142857143,401791.2087915001,-62269567.008620076,0.01392,0.01402,0.01394
2025-05-07,0.01364,0.01411,0.01321,0.01321,597379.02696,0.0133385,0.013299940385695147,0.0004888312297845459,55.53810022879825,-0.0006600000000000009,0.015038806783464928,0.011638193216535071,0.0010385714285714288,427566.7239755,-62866946.03558008,0.01357,0.0139,0.01387
2025-05-08,0.01441,0.01449,0.0122,0.01384,2158705.41825,0.013430500000000001,0.013351374634676562,0.00047346315992001856,53.278566245913524,-0.0006600000000000009,0.015021467597011008,0.011839532402988994,0.0010992857142857143,533140.320105,-60708240.617330074,0.01321,0.01449,0.0145
2025-05-09,0.01387,0.01559,0.01321,0.01444,2644212.6358500007,0.013557,0.013455053240897841,0.0005038903056396021,58.51051380741743,0.0004399999999999994,0.015037413882385617,0.012076586117614382,0.0012100000000000004,622608.2718055,-58064027.98148008,0.01384,0.01329,0.014
2025-05-10,0.01435,0.01489,0.01354,0.01372,6253724.156529988,0.0136325,0.013480286265574237,0.00046455100036988,48.353192074148346,-0.0004299999999999998,0.014970870965804118,0.012294129034195883,0.0012157142857142857,931417.9573874995,-64317752.13801006,0.01444,0.01392,0.01415
2025-05-11,0.0136,0.01436,0.01342,0.01366,199219.93115,0.013704,0.013497401859329072,0.00042364925407172363,48.42568546332886,-0.0003599999999999992,0.014868372882941076,0.012539627117058923,0.0012157142857142857,921850.4636804996,-64516972.06916006,0.01372,0.01357,0.01402
2025-05-12,0.01341,0.0144,0.01341,0.014,587985.2893400003,0.013789000000000001,0.01354526834891678,0.00041389832174044267,46.08140358312693,0.00010000000000000113,0.014752740519785227,0.012825259480214775,0.00118,929898.1567964995,-63928986.77982006,0.01366,0.01321,0.0139
2025-05-13,0.014,0.01422,0.01334,0.01422,419608.3843100001,0.013874999999999998,0.0136095285061628,0.00041909176995108544,51.80315979602669,-0.0002699999999999994,0.014641138643494025,0.013108861356505972,0.0011750000000000003,944641.1313419996,-63509378.39551006,0.014,0.01384,0.01449
2025-05-14,0.0138,0.01454,0.01377,0.01454,20257.75652,0.013929999999999998,0.0136981448389092,0.0004439118017975901,53.10992926012606,0.0012500000000000011,0.014722145653806388,0.013137854346193608,0.0011700000000000005,921469.1890969996,-63489120.63899006,0.01422,0.01444,0.01329
2025-05-15,0.0137,0.0137,0.0114,0.01242,867948.58728,0.013885,0.013576416759013086,0.00028918206262550615,40.31470164578414,-0.0014999999999999996,0.014895273542948237,0.012874726457051762,0.001262857142857143,952832.4459424997,-64357069.22627006,0.01454,0.01372,0.01392
2025-05-16,0.01257,0.01377,0.0117,0.01231,1338887.40396,0.0138035,0.013455805639107078,0.00015588460814451935,40.36356786788483,-0.0012600000000000007,0.015034062986262838,0.012572937013737162,0.0013621428571428573,1009669.2484484997,-65695956.630230054,0.01242,0.01366,0.01357
2025-05-17,0.01295,0.0138,0.01273,0.01273,131145.38244,0.0137465,0.013386681292525451,8.31770912930966e-05,39.108843128242114,-0.0004799999999999995,0.015066456538360298,0.012426543461639702,0.0013742857142857144,1013043.3043234994,-65564811.24779005,0.01231,0.014,0.01321
2025-05-18,0.01286,0.0141,0.01261,0.01356,362410.0368699999,0.0136995,0.013403187836094456,9.147545169391376e-05,51.75087879217858,-0.00028000000000000073,0.014972597755374283,0.012426402244625717,0.001394285714285714,971366.8169984997,-65202401.21092005,0.01273,0.01422,0.01384
2025-05-19,0.01256,0.01332,0.01222,0.01241,146924.90728,0.013620000000000002,0.013308598518371175,5.196669082658048e-06,40.826175994354315,-0.0020300000000000006,0.015007523352103942,0.012232476647896062,0.0013735714285714284,962396.1526314995,-65349326.11820005,0.01356,0.01454,0.01444
2025-05-20,0.0132,0.0138,0.01232,0.01232,214281.59365,0.013528500000000002,0.013214446278526302,-6.963937620060867e-05,42.1580187939444,-0.0014000000000000002,0.015007223133404399,0.012049776866595606,0.0014292857142857143,970147.1516529996,-65563607.71185005,0.01241,0.01242,0.01372
2025-05-21,0.01361,0.01361,0.01232,0.0135,10218.17414,0.013502499999999997,0.013241641871047607,-3.334694015529743e-05,51.6495195570792,-0.00016000000000000042,0.014963010004651235,0.01204198999534876,0.0014571428571428572,940323.1189149996,-65553389.53771005,0.01232,0.01231,0.01366
2025-05-22,0.01263,0.014,0.01262,0.01281,235659.7688199999,0.013448000000000002,0.013200533121424026,-5.957540832315575e-05,44.18072107004576,-0.00119,0.014927282898819217,0.011968717101180786,0.0013921428571428574,889543.5305619994,-65789049.30653005,0.0135,0.01273,0.014
2025-05-23,0.01263,0.0131,0.01241,0.01262,57975.16013,0.0133545,0.013145244252716976,-9.46025510948599e-05,39.21794442521067,-0.0016000000000000007,0.01479228301561888,0.01191671698438112,0.0012714285714285716,862527.8732734995,-65847024.46666005,0.01281,0.01356,0.01422
2025-05-24,0.01256,0.01275,0.01202,0.01203,31203.43923,0.013291500000000001,0.01303903051436298,-0.00016803290453599844,39.83146117443365,-0.00251,0.014846800275628642,0.01173619972437136,0.0012271428571428574,851856.4183184995,-65878227.905890055,0.01262,0.01241,0.01454
2025-05-25,0.01231,0.01245,0.01209,0.01244,12560.493,0.013217499999999998,0.012981979989185552,-0.0001909423506276462,42.95605064841696,1.9999999999999185e-05,0.014787654199602191,0.011647345800397805,0.001185714285714286,824220.0421334995,-65865667.412890054,0.01203,0.01232,0.01242
2025-05-26,0.01217,0.01345,0.01201,0.01345,467524.6855100001,0.013211499999999998,0.013026553323548833,-0.0001261455650797636,47.05244815281092,0.0011400000000000004,0.014776892501646984,0.011646107498353011,0.0012178571428571431,837891.6115609994,-65398142.72738005,0.01244,0.0135,0.01231
2025-05-27,0.0131,0.01349,0.01245,0.0129,294062.06013,0.013196,0.013014500626067993,-0.0001178159403333618,43.16763930155795,0.00017,0.01476758183804926,0.011624418161950738,0.0012292857142857147,822725.7632194995,-65692204.78751005,0.01345,0.01281,0.01273
2025-05-28,0.01234,0.01339,0.01184,0.01184,364834.1936399999,0.013096,0.012902643423585327,-0.00019450565381884735,37.01918093571797,-0.0017199999999999993,0.01474753070943673,0.01144446929056327,0.0012850000000000003,733032.2019889995,-66057038.98115005,0.0129,0.01262,0.01356
2025-05-29,0.01309,0.0132,0.01242,0.01242,67185.89164000002,0.012995000000000001,0.012856677383243868,-0.00020610579226110724,49.99992099335284,1.0000000000001327e-05,0.014544363196862349,0.011445636803137654,0.0011764285714285718,604180.8647784995,-65989853.08951005,0.01184,0.01203,0.01241
2025-05-30,0.0121,0.01312,0.01174,0.01197,65003.35242,0.012907499999999999,0.012772231918173024,-0.00024874287175563094,48.152100638107726,-0.0003499999999999996,0.014481925542690318,0.01133307445730968,0.0011271428571428574,294744.824573,-66054856.441930056,0.01242,0.01244,0.01232
2025-05-31,0.01173,0.01264,0.01152,0.0124,2375.47,0.0128445,0.012736781259299402,-0.000245011320114525,48.208395774425526,-0.0011000000000000003,0.014392761843760322,0.011296238156239678,0.001130714285714286,284902.6015155,-66052480.97193006,0.01197,0.01345,0.0135
2025-06-01,0.01163,0.01265,0.01155,0.01155,7458.45983,0.012722,0.012623754472699459,-0.00030710185577902116,39.11153330861688,-0.0012600000000000007,0.014273007821759734,0.011170992178240267,0.001102857142857143,255876.26004,-66059939.43176006,0.0124,0.0129,0.01281
2025-06-02,0.01126,0.01249,0.01126,0.01249,32367.18218,0.0126355,0.012611015951489985,-0.0002772627956212446,50.44338068654882,-0.0001299999999999999,0.014018623467488622,0.011252376532511377,0.0011121428571428573,236514.19993350003,-66027572.249580055,0.01155,0.01184,0.01262
2025-06-03,0.01121,0.01248,0.01115,0.01118,162701.01196000003,0.0124675,0.01247472871801475,-0.0003552263491087837,44.433533001029105,-0.0008500000000000001,0.013682647814271268,0.011252352185728731,0.0011014285714285716,243636.3627055,-66190273.261540055,0.01249,0.01242,0.01203
2025-06-04,0.01247,0.01249,0.0102,0.01045,480189.13015999994,0.012369000000000002,0.012281897411537153,-0.0004704943599709976,34.42283126459267,-0.0019900000000000004,0.013882989501459051,0.010855010498540952,0.0011728571428571428,224248.38984949997,-66670462.39170005,0.01118,0.01197,0.01244
2025-06-05,0.01065,0.01187,0.01051,0.01139,382521.41053,0.012322999999999999,0.012196954800914567,-0.000480456541017223,42.928226992512165,-0.0020599999999999993,0.013899165900966745,0.010746834099033252,0.0011714285714285713,176430.09017799998,-66287940.98117005,0.01045,0.0124,0.01345
2025-06-06,0.01099,0.01199,0.01051,0.01062,318328.48912000004,0.012217500000000001,0.012046768629398893,-0.0005442108818253227,40.58375064288993,-0.0022800000000000008,0.013953337428721149,0.010481662571278853,0.0012278571428571427,185789.245512,-66606269.47029005,0.01139,0.01155,0.0129
2025-06-07,0.01135,0.0116,0.01047,0.0116,167062.09546,0.0121195,0.012004219236122809,-0.0005097823923521771,48.04716869569829,-0.00024000000000000063,0.013754595039890813,0.010484404960109188,0.0012564285714285713,176021.8484415,-66439207.37483005,0.01062,0.01249,0.01184
2025-06-08,0.01132,0.01132,0.0104,0.0105,37775.72055,0.012024,0.01186096026125397,-0.0005647483063848744,41.70935180077563,-0.0019199999999999998,0.013804318126510198,0.010243681873489802,0.0012964285714285714,170564.389105,-66476983.09538005,0.0116,0.01118,0.01242
2025-06-09,0.01163,0.01163,0.01067,0.01163,166431.46204999997,0.0119895,0.011838964045896449,-0.0005112344406682148,42.30113433029774,-0.00034,0.013772406851775238,0.010206593148224762,0.001262142857142857,168171.882525,-66310551.633330055,0.0105,0.01045,0.01197
2025-06-10,0.01157,0.01199,0.01067,0.01199,328289.36935000005,0.011914,0.01185334842247774,-0.0004347636405691996,46.087648733698856,-0.0004099999999999989,0.013549364437092561,0.010278635562907437,0.0012821428571428571,184075.44228549997,-65982262.26398005,0.01163,0.01139,0.0124
2025-06-11,0.01187,0.013,0.01093,0.01181,567831.08368,0.011864000000000001,0.011849220001289384,-0.00038425502350507984,49.86040018180441,0.0002599999999999998,0.013444238489662978,0.010283761510337025,0.0013192857142857138,200684.0080285,-66550093.34766005,0.01199,0.01062,0.01155
2025-06-12,0.0112,0.01215,0.01095,0.01103,499036.90612,0.0117845,0.011771199048785633,-0.0004025259927738743,43.652912224587105,-0.0014599999999999995,0.013364579611585804,0.010204420388414195,0.001349285714285714,222737.095328,-67049130.25378005,0.01181,0.0116,0.01249
2025-06-13,0.01102,0.01105,0.01029,0.0103,532328.92336,0.011698,0.011631084853663192,-0.0004704872821693802,42.564506152886366,-0.0008800000000000006,0.013405748286641822,0.009990251713358178,0.0013049999999999995,247793.36953450003,-67581459.17714006,0.01103,0.0105,0.01118
2025-06-14,0.01031,0.01088,0.01031,0.01049,22671.50326,0.0116005,0.011522410105695269,-0.0005032149330385736,41.31022945011717,4.0000000000000105e-05,0.013351980276193961,0.009849019723806038,0.0012657142857142856,248298.9200475,-67558787.67388006,0.0103,0.01163,0.01045
2025-06-15,0.0105,0.01082,0.01031,0.01031,9374.17642,0.0114435,0.011406942476581434,-0.0005374805861920618,43.99218838269018,-0.001080000000000001,0.013054204651289588,0.009832795348710413,0.0012235714285714285,225391.394593,-67568161.85030006,0.01049,0.01199,0.01139
2025-06-16,0.01089,0.01184,0.00957,0.01063,3493195.601340002,0.01133,0.01133294795500225,-0.0005326746952303528,40.412312806971215,1.0000000000001327e-05,0.01282426975652485,0.009835730243475149,0.0012978571428571425,385348.0716535001,-64074966.248960055,0.01031,0.01181,0.01062
2025-06-17,0.0109,0.01157,0.01062,0.01122,200571.73909,0.011299,0.011322191006906799,-0.000475773502081089,50.222638851119825,-0.0003799999999999984,0.012774325477025178,0.009823674522974822,0.0012707142857142858,377134.9489260001,-63874394.50987005,0.01063,0.01103,0.0116
2025-06-18,0.01133,0.01143,0.01057,0.01068,62545.02414,0.011212,0.01126102995862996,-0.0004688477980230518,51.308223172340796,0.0001799999999999996,0.012612294705824294,0.009811705294175705,0.0011685714285714285,376902.9055510001,-63936939.53401005,0.01122,0.0103,0.0105
2025-06-19,0.0106,0.01099,0.01041,0.01041,33858.00246,0.011134,0.011179979486379488,-0.0004796171432992543,43.96544143889407,-0.0012199999999999989,0.012530301882606357,0.009737698117393643,0.0011128571428571426,375345.6380530001,-63970797.536470056,0.01068,0.01049,0.01163
2025-06-20,0.01041,0.01123,0.0102,0.01112,125182.37708,0.01107,0.011174267154343347,-0.0004259507654581097,53.10164473659723,-0.000870000000000001,0.012332945596195256,0.009807054403804744,0.0010807142857142855,381485.9834070001,-63845615.159390055,0.01041,0.01031,0.01199
2025-06-21,0.01051,0.0106,0.00957,0.0096,715633.86914,0.0109725,0.01102433694916779,-0.0005003038795089731,38.37203055715955,-0.00221,0.01237300930585665,0.00957199069414335,0.0010735714285714285,416894.7538725001,-64561249.028530054,0.01112,0.01063,0.01181
2025-06-22,0.00963,0.00968,0.00806,0.00879,1011270.72893,0.0107875,0.010811542954008954,-0.0006174716596968697,39.71112443372538,-0.0022400000000000007,0.012315675727013468,0.009259324272986532,0.0011235714285714284,465839.93121000007,-65572519.75746005,0.0096,0.01122,0.01103
2025-06-23,0.00878,0.01021,0.00878,0.01021,184046.13541999995,0.010739,0.010754253148865243,-0.0005889567107307259,41.74411809097055,-8.99999999999998e-05,0.012276268938564504,0.009201731061435497,0.001157142857142857,466907.1873830001,-65388473.62204005,0.00879,0.01068,0.0103
2025-06-24,0.0094,0.01028,0.0093,0.00931,151793.27772,0.010682,0.010616705229925695,-0.000631699053156333,35.3391143602187,-0.0011799999999999988,0.01234387718844541,0.009020122811554591,0.0011328571428571427,450487.3947610001,-65540266.899760045,0.01021,0.01041,0.01049
2025-06-25,0.0093,0.0108,0.00901,0.00922,393043.0574600001,0.010573500000000001,0.010483685684218487,-0.0006651672809466942,35.69055252290218,-0.001089999999999999,0.012321849898739544,0.008825150101260459,0.0011128571428571429,451013.4771075001,-65933309.95722005,0.00931,0.01112,0.01031
2025-06-26,0.00884,0.01009,0.00881,0.01009,194688.91848,0.010546999999999999,0.010446191809531012,-0.0006144068636206625,44.85769934269248,-0.0005400000000000005,0.012308400160757712,0.008785599839242287,0.0011185714285714286,444831.4985755001,-65738621.03874005,0.00922,0.0096,0.01063
2025-06-27,0.00925,0.0101,0.00911,0.00965,319835.26915999997,0.010449499999999999,0.010370364018147107,-0.0006027352333666976,46.327610329204006,-0.0015700000000000002,0.012181106798688618,0.00871789320131138,0.0011350000000000002,452470.1572605002,-66058456.30790005,0.01009,0.00879,0.01122
2025-06-28,0.00938,0.01019,0.0089,0.01017,528807.32906,0.010433000000000001,0.010351281730704525,-0.0005452405346393248,48.25700701545771,-0.00051,0.012168864413817907,0.008697135586182096,0.0011864285714285713,477021.7376860001,-65529648.978840046,0.00965,0.01021,0.01068
2025-06-29,0.01003,0.01051,0.01002,0.01002,44403.21368,0.0103525,0.010319731089685046,-0.0005059470751276884,48.41522646850595,-0.00039000000000000146,0.012001804478608897,0.008703195521391104,0.001185,470920.32526750007,-65574052.192520045,0.01017,0.00931,0.01041
2025-06-30,0.01009,0.01084,0.00985,0.01007,709410.2674700001,0.0102565,0.01029594717638171,-0.0004654072185287985,46.84677298932187,-0.0010499999999999989,0.011717217559788728,0.008795782440211272,0.0010935714285714286,489976.3701735001,-64864641.92505004,0.01002,0.00922,0.01112
2025-07-01,0.00987,0.01113,0.0096,0.0102,996974.5148999996,0.010176,0.010286809350059642,-0.00041797106628147646,43.94291980987205,0.0006000000000000016,0.011440518214890918,0.00891148178510908,0.0011350000000000002,511433.54173450015,-63867667.41015004,0.01007,0.01009,0.0096
2025-07-02,0.00951,0.01032,0.00932,0.00964,115176.41525,0.010106500000000001,0.010225208459577771,-0.00042071515137224666,43.83878984086992,0.0008500000000000001,0.011325356668746903,0.008887643331253098,0.001145,492240.5171910001,-63982843.82540005,0.0102,0.00965,0.00879
2025-07-03,0.00961,0.01087,0.0096,0.01087,170611.35160999998,0.010135,0.010286617177713222,-0.00031995094280949134,52.44673039848663,0.0006599999999999991,0.011398737147886695,0.008871262852113305,0.0011942857142857141,474154.6386035001,-63812232.47379005,0.00964,0.01017,0.01021
2025-07-04,0.01087,0.01088,0.01001,0.01017,264055.69936,0.010119,0.010275510779835772,-0.00029319891680950304,44.9413600448306,0.0008599999999999997,0.011371868708205862,0.008866131291794137,0.001182857142857143,486223.8484085,-64076288.17315005,0.01087,0.01002,0.00931
2025-07-05,0.01021,0.0112,0.01021,0.01061,115492.38901,0.010134,0.010307366896041888,-0.00023379833898262356,56.07692117004857,0.0013899999999999989,0.011403569342647697,0.008864430657352304,0.00118,491529.7590380001,-63960795.78414005,0.01017,0.01007,0.00922
2025-07-06,0.01092,0.01119,0.01092,0.01119,127829.69666999998,0.010162,0.010391427191656947,-0.00013832724992757402,64.8513727822749,0.0011000000000000003,0.011500461017265082,0.008823538982734917,0.0010835714285714287,323261.4638045,-63832966.08747005,0.01061,0.0102,0.01009
2025-07-07,0.01118,0.0114,0.01073,0.01084,81772.62193,0.010143000000000001,0.010434148411499143,-8.987181263455692e-05,54.49347176767407,0.00119,0.01142794275932365,0.008858057240676351,0.0010292857142857146,317321.5079465,-63914738.70940005,0.01119,0.00964,0.00965
2025-07-08,0.01133,0.0114,0.01084,0.01091,13391.41425,0.0101545,0.010479467610403987,-4.5299925152741255e-05,62.94484122527877,0.0007399999999999993,0.01146356917512582,0.00884543082487418,0.0009992857142857145,314863.827452,-63901347.29515005,0.01084,0.01087,0.01017
2025-07-09,0.01139,0.0114,0.00914,0.00957,1219932.98148,0.0101125,0.01039285164750837,-0.00011675727911823926,52.355217634852366,-0.000449999999999999,0.011440813136829984,0.008784186863170016,0.001032857142857143,374167.57640300004,-65121280.27663005,0.01091,0.01017,0.01002
2025-07-10,0.00963,0.0114,0.00938,0.01053,774998.89226,0.010083,0.010405913395364716,-9.483062163686759e-05,52.92543338350168,0.0004599999999999986,0.011341471922193256,0.008824528077806744,0.001085714285714286,406658.40216199995,-64346281.38437005,0.00957,0.01061,0.01007
2025-07-11,0.0112,0.0124,0.0108,0.01117,2196374.932489999,0.0101615,0.010478683548187123,-2.551679458864982e-05,59.84445105928564,0.0009699999999999986,0.011487185919777446,0.008835814080222555,0.0011292857142857146,480695.45532949996,-62149906.45188005,0.01053,0.01119,0.0102
2025-07-12,0.01122,0.01123,0.01108,0.01116,337509.80424,0.010280000000000001,0.01054357082931216,2.8281979247859676e-05,56.8653542142914,0.0015200000000000005,0.011509719694205655,0.009050280305794347,0.0010478571428571431,447007.4090949999,-62487416.256120056,0.01117,0.01084,0.00964
2025-07-13,0.01113,0.0118,0.01017,0.01017,1422981.24324,0.010278,0.010507992655091954,-8.864645002713487e-06,50.931588441958,-0.0006999999999999992,0.011508329010340596,0.009047670989659405,0.0011292857142857146,508954.16448599997,-63910397.499360055,0.01116,0.01091,0.01087
2025-07-14,0.0106,0.01137,0.01018,0.01128,818235.2536700001,0.0103765,0.010581517164130815,5.067990460157039e-05,56.64096674275144,0.0011099999999999999,0.01159590926163856,0.009157090738361441,0.001143571428571429,542276.2632834999,-63092162.245690055,0.01017,0.00957,0.01017
2025-07-15,0.01037,0.01136,0.01021,0.01136,1141007.4673200003,0.0104835,0.010655658386594546,0.00010313583486587681,56.40167884950288,0.0007500000000000007,0.011650038288676742,0.009316961711323258,0.0011164285714285716,579674.4837765,-61951154.77837005,0.01128,0.01053,0.01061
2025-07-16,0.01087,0.0121,0.01064,0.01139,637336.33728,0.010548499999999999,0.010725595683109351,0.0001454516111713492,60.257814348253135,0.00020000000000000052,0.011766458170572643,0.009330541829427354,0.0011492857142857142,601806.8547165,-61313818.441090055,0.01136,0.01117,0.01119
2025-07-17,0.01176,0.01194,0.01107,0.01194,228368.79316,0.010663,0.010841253237098936,0.0002208220728218309,56.81518529775871,0.0010999999999999985,0.011953697078082208,0.009372302921917793,0.0011207142857142859,597233.5309165,-61085449.647930056,0.01139,0.01116,0.01084
2025-07-18,0.01134,0.0124,0.01134,0.01175,763091.9531200008,0.010742,0.010927800547851418,0.0002621998182993097,60.76282688289151,0.0008400000000000005,0.012097435063191098,0.009386564936808901,0.0011342857142857142,608947.7621195001,-61848541.60105006,0.01194,0.01017,0.01091
2025-07-19,0.01177,0.01239,0.01172,0.0118,407460.943,0.010831,0.011010867162341759,0.00029561885172697117,58.56103311446568,0.0022299999999999993,0.012220159533864947,0.009441840466135054,0.0011114285714285716,627100.6485855,-61441080.65805005,0.01175,0.01128,0.00957
2025-07-20,0.0124,0.01272,0.01171,0.01248,2198527.1886400003,0.0109515,0.011150784575452067,0.0003726779935665694,59.14881871156569,0.0019500000000000003,0.012474381963149407,0.009428618036850592,0.0011642857142857145,701556.494644,-59242553.469410054,0.0118,0.01136,0.01053
