Date,Open,High,Low,Close,Volume,SMA_20,EMA_20,MACD,RSI_14,Momentum_10,Bollinger_Upper,Bollinger_Lower,ATR_14,Volume_MA_20,OBV,Lag_1,Lag_5,Lag_10
2023-08-10,53.8,53.8,53.0,53.1,21.36474706,54.815,54.43247969947616,-0.4011787684536898,44.14414411630549,-3.799999999999997,58.960396939917054,50.66960306008294,2.35,443.3149373079999,4431.685426009996,54.2,53.1,56.9
2023-08-11,53.4,54.4,53.2,53.2,12.57886978,54.73,54.31510068047843,-0.4215365326688669,45.83333330362655,-2.6999999999999957,58.937311930937675,50.52268806906232,2.3857142857142852,440.8542974354999,4444.264295789996,53.1,53.8,55.9
2023-08-12,53.4,53.5,53.4,53.4,3.03458116,54.6,54.22794823471858,-0.4188597117322317,42.36453199048752,-1.1000000000000014,58.80275598800797,50.39724401199203,2.285714285714285,431.2269868909999,4447.298876949996,53.2,52.1,54.5
2023-08-13,53.5,54.3,53.3,53.4,139.23602714,54.625,54.14909602188824,-0.411818063532003,22.516556270514442,0.10000000000000142,58.79096485317564,50.45903514682436,1.5357142857142851,430.4733172369999,4447.298876949996,53.4,54.1,53.3
2023-08-14,53.5,55.1,53.5,55.0,53.08005522,54.67999999999999,54.23013449599412,-0.2914931464805477,42.01680667325754,1.3999999999999986,58.83469297111236,50.525307028887624,1.2142857142857137,422.8809365184999,4500.378932169996,53.4,54.2,53.6
2023-08-15,54.8,55.3,52.2,52.9,280.81724957999995,54.57000000000001,54.10345502018516,-0.3404584620832196,38.461538420118345,-0.20000000000000284,58.79379225964436,50.34620774035565,1.3142857142857136,433.60122411899994,4219.561682589996,55.0,53.1,53.1
2023-08-16,52.4,52.5,49.1,49.1,733.8448278800004,54.239999999999995,53.62693549445324,-0.6414083428510651,32.46753243801653,-4.699999999999996,59.07861659220027,49.40138340779972,1.4071428571428564,459.839883336,3485.7168547099955,52.9,53.2,53.8
2023-08-17,49.6,50.2,44.9,46.1,770.6886386099998,53.795,52.910084494981504,-1.0810420219287806,29.069767418199035,-6.0,59.82875592200379,47.76124407799621,1.7071428571428566,498.1650233674999,2715.028216099996,49.1,53.4,52.1
2023-08-18,46.4,46.5,45.2,45.6,175.78939489000004,53.25,52.21388597164993,-1.4469899811925728,27.011494231140162,-8.5,60.16040405551849,46.33959594448151,1.6571428571428564,504.32782057949987,2539.238821209996,46.1,53.4,54.1
2023-08-19,46.0,46.3,45.9,46.2,136.06668398000002,52.475,51.64113492673089,-1.6724350894469282,30.285714261485708,-8.0,58.85123053139343,46.09876946860657,1.635714285714285,256.873834341,2675.305505189996,45.6,55.0,54.2
2023-08-20,46.2,46.9,46.1,46.9,40.64903015,51.975,51.189598267042236,-1.7781796293374086,30.285714261485708,-6.200000000000003,58.45764890628094,45.492351093719066,1.6142857142857134,198.25933889050003,2715.954535339996,46.2,52.9,53.1
2023-08-21,46.8,46.8,45.0,45.4,34.860385539999996,51.45,50.63820795589535,-1.9498729469637794,30.635838125497003,-7.800000000000004,58.285356996028675,44.61464300397133,1.6571428571428564,185.481261322,2681.0941497999956,46.9,49.1,53.2
2023-08-22,45.3,45.3,44.1,45.2,188.2476513,50.985,50.120283388667225,-2.076190218606932,21.29032256141518,-8.199999999999996,58.201435918680446,43.76856408131955,1.657142857142856,178.002934578,2492.8464984999955,45.4,46.1,53.4
2023-08-23,45.6,46.8,45.3,46.2,155.55590703,50.63,49.74692306593701,-2.0768858513436186,25.609756075698968,-7.199999999999996,58.062248367047076,43.19775163295293,1.678571428571427,178.7100358205,2648.4024055299956,45.2,45.6,53.4
2023-08-24,46.1,46.1,45.1,45.1,81.54170185,50.205,49.3043589644192,-2.1353747637016482,25.609756075698968,-9.899999999999999,57.889975088135515,42.52002491186448,1.6928571428571415,168.315982354,2566.8607036799954,46.2,46.2,55.0
2023-08-25,44.9,45.0,44.2,45.0,45.71754694,49.8,48.894420015426896,-2.163989389138834,24.999999978658522,-7.899999999999999,57.69350165775956,41.90649834224043,1.664285714285713,169.98527441500002,2521.1431567399954,45.1,46.9,52.9
2023-08-26,45.2,45.3,44.1,44.2,34.03633307,49.32000000000001,48.44733239491005,-2.2216164020101274,22.94117645169551,-4.899999999999999,57.35560497837105,41.28439502162897,1.7428571428571413,164.18173284300002,2487.1068236699953,45.0,45.4,49.1
2023-08-27,44.4,45.8,44.4,45.4,406.03894649,48.985,48.15711026206147,-2.1505074164206732,28.021978000422635,-0.7000000000000028,57.09094973168672,40.87905026831328,1.7714285714285698,183.902171615,2893.145770159995,44.2,45.2,46.1
2023-08-28,45.4,46.4,45.1,45.1,127.28540782,48.535000000000004,47.865956903769906,-2.0928971011058337,20.710059154441353,-0.5,56.44216530482924,40.62783469517077,1.749999999999998,185.401614792,2765.8603623399954,45.4,46.2,45.6
2023-08-29,44.9,47.2,44.6,46.4,139.98198903,48.144999999999996,47.726341960553725,-1.9248081518790698,29.813664570348337,0.19999999999999574,55.634072741422415,40.65592725857758,1.7142857142857129,179.020798726,2905.8423513699954,45.1,45.1,46.2
2023-08-30,46.2,46.3,45.2,45.5,6.083402339999999,47.765,47.51430939288194,-1.8399005035240776,36.363636325068846,-1.3999999999999986,54.960985723048395,40.569014276951606,1.5499999999999983,178.25673149000002,2899.7589490299956,46.4,45.0,46.9
2023-08-31,45.7,45.9,43.9,43.9,190.73552919,47.3,47.17008945070271,-1.8749480528533837,40.67796605343289,-1.5,54.213602153497305,40.38639784650269,1.314285714285712,187.1645644605,2709.0234198399958,45.5,44.2,45.4
2023-09-01,44.2,44.4,43.0,43.2,223.68542205,46.790000000000006,46.79198569349293,-1.9346944335149558,39.99999995333332,-2.0,53.302142504583315,40.2778574954167,1.3214285714285694,198.19710650500002,2485.337997789996,43.9,45.4,45.2
2023-09-02,43.1,43.5,42.7,42.7,330.14152328,46.255,46.40227277030313,-1.9978394152016605,35.294117605536314,-3.5,52.2153867765705,40.29461322342951,1.3499999999999979,207.742381312,2155.196474509996,43.2,45.1,46.2
2023-09-03,43.0,43.4,42.7,43.4,172.46980295999995,45.675000000000004,46.11634203027426,-1.9703017455256315,35.294117605536314,-1.7000000000000028,50.11637247635062,41.23362752364939,1.3428571428571405,213.71186869900004,2327.6662774699957,42.7,46.4,45.1
2023-09-04,42.8,49.5,42.7,44.1,1238.0945854100012,45.235,45.92430945596243,-1.8719554462367327,44.144144088466845,-0.8999999999999986,48.14072936762793,42.32927063237207,1.6999999999999977,261.57573549050005,3565.760862879997,43.4,45.5,45.0
2023-09-05,43.9,43.9,42.9,43.4,191.87497776,44.95,45.68389903158506,-1.8278559157613827,42.24137925936382,-0.8000000000000043,47.33018132878472,42.56981867121529,1.6857142857142837,234.47724298450004,3373.885885119997,44.1,43.9,44.2
2023-09-06,43.4,44.2,43.1,44.2,400.79580487,44.855000000000004,45.54257531429124,-1.7101753853884034,41.22807012480762,-1.1999999999999957,47.1932179449092,42.51678205509081,1.6571428571428553,215.98260129750005,3774.681689989997,43.4,43.2,45.4
2023-09-07,44.4,46.5,44.4,46.1,1275.7376444800009,44.88,45.595663379596836,-1.450376557556119,54.09836059365762,1.0,47.262038048218066,42.49796195178194,1.735714285714284,270.9800137770001,5050.419334469998,44.2,42.7,45.1
2023-09-08,46.2,48.7,45.6,47.8,2206.376170860002,44.959999999999994,45.80560020058761,-1.0976016602846883,60.14492747521529,1.3999999999999986,47.619956469766606,42.30004353023338,1.8999999999999986,374.4954881210002,7256.795505329999,46.1,43.4,46.4
2023-09-09,48.0,48.7,46.2,46.5,249.45153541,44.94,45.871733514817365,-0.9104071842039403,58.04195798513375,1.0,47.54396458865093,42.336035411349066,1.9928571428571418,384.9356133840002,7007.343969919999,47.8,44.1,45.5
2023-09-10,46.3,46.3,44.2,44.5,192.90845444000004,44.894999999999996,45.7410922276919,-0.9100050449737225,47.01986750607429,0.6000000000000014,47.49659869877625,42.29340130122374,2.0428571428571414,392.8380168290002,6814.435515479999,46.5,43.4,43.9
2023-09-11,43.7,43.8,41.7,41.8,192.73881351000009,44.725,45.365750110768865,-1.1110219929515779,40.57142853897141,-1.4000000000000057,47.665014321483305,41.7849856785167,2.0999999999999983,393.0625749395002,6621.696701969999,44.5,44.2,43.2
2023-09-12,43.1,43.6,41.6,41.6,262.97462122,44.495000000000005,45.00710724307659,-1.2714853161787119,35.36585362834623,-1.1000000000000014,47.66025545655699,41.32974454344302,2.0571428571428556,398.4335106490002,6358.722080749999,41.8,46.1,42.7
2023-09-13,41.5,42.3,41.2,42.3,86.10346417000001,44.355000000000004,44.74928750564072,-1.327624324373872,40.123456755448856,-1.1000000000000014,47.6525110230853,41.057488976914705,2.0571428571428556,398.6615987650002,6444.825544919999,41.6,47.8,43.4
2023-09-14,42.4,44.2,41.7,43.4,689.0925056700004,44.275,44.62078393367494,-1.269869582878954,48.407643268935864,-0.7000000000000028,47.584237469807746,40.96576253019225,2.092857142857141,430.8303467015003,7133.918050589999,42.3,46.5,44.1
2023-09-15,43.3,45.6,42.9,45.3,1882.2554052300015,44.33,44.68547117808685,-1.0604526589479804,56.21301770491228,1.8999999999999986,47.670406530569934,40.98959346943006,2.185714285714284,523.2413003095003,9016.17345582,43.4,44.5,43.4
2023-09-16,45.4,46.4,44.6,45.1,1159.9601417599995,44.315,44.72495011350715,-0.9000704150202594,57.22891561438525,0.8999999999999986,47.637823783280936,40.99217621671906,2.257142857142856,560.9373600730003,7856.213314060001,45.3,41.8,44.2
2023-09-17,44.9,45.1,43.2,43.5,602.1362762200004,44.235,44.60828819793504,-0.8904291409272034,50.28571424548572,-2.6000000000000014,47.55528850997534,40.91471149002466,2.3428571428571416,584.6799034930003,7254.07703784,45.1,41.6,46.1
2023-09-18,43.7,44.7,43.6,43.6,324.2340087400001,44.095,44.51226075051265,-0.8648148785485077,48.52071001897692,-4.199999999999996,47.2635792931285,40.9264207068715,1.9357142857142848,593.8925044785003,7578.31104658,43.5,42.3,47.8
2023-09-19,44.1,44.5,43.9,43.9,320.2637970100001,44.015,44.45395020284478,-0.8111673911226234,51.51515147144169,-2.6000000000000014,47.11425288110752,40.91574711889248,1.9071428571428564,609.6015242120003,7898.5748435900005,43.6,43.4,46.5
2023-09-20,43.5,43.5,43.3,43.3,11.51951299,43.985,44.34405018352623,-0.8073408338018524,47.23926376310736,-1.2000000000000028,47.10051296781641,40.86948703218359,1.842857142857142,600.6407234020003,7887.0553306,43.9,45.3,44.5
2023-09-21,43.5,43.5,42.3,42.5,26.160071060000003,43.95,44.16842635652373,-0.8584466044619674,38.157894701696655,0.7000000000000028,47.11793141871551,40.7820685812845,1.778571428571428,590.7644558525003,7860.895259540001,43.3,45.1,41.8
2023-09-22,42.6,43.2,42.6,43.2,2.17239607,43.975,44.076195274950045,-0.8332547031201756,33.802816868081734,1.6000000000000014,47.10910778036557,40.84089221963443,1.5999999999999994,574.3659994920002,7863.067655610001,42.5,43.5,41.6
2023-09-23,43.1,43.3,43.0,43.2,8.56370909,43.964999999999996,43.99274810590718,-0.804013240275097,37.20930228519921,0.9000000000000057,47.108096026464914,40.82190397353508,1.442857142857142,566.1706947985003,7863.067655610001,43.2,43.6,42.3
2023-09-24,43.1,45.4,42.9,44.0,686.2038067100002,43.96,43.99343876248745,-0.7085144649267932,47.8632478059756,0.6000000000000014,47.1025098919579,40.8174901080421,1.471428571428571,538.5761558635002,8549.27146232,43.2,43.9,43.4
2023-09-25,44.4,52.0,43.9,48.1,2933.2916808100094,44.195,44.38453983272674,-0.3004438211008065,74.04580144758468,2.8000000000000043,47.826137272912916,40.563862727087084,1.9000000000000001,675.6469910160007,11482.56314313001,44.0,43.3,45.3
2023-09-26,48.4,48.4,44.1,44.4,1108.1918955900005,44.205,44.386012229609904,-0.27090300718421645,58.43373489047757,-0.7000000000000028,47.83729664914211,40.572703350857886,2.064285714285714,711.0167955520008,10374.37124754001,48.1,42.5,45.1
2023-09-27,44.6,45.4,43.4,45.4,61.16924352000001,44.17,44.482582493456576,-0.16529385865188573,59.1715975841182,1.8999999999999986,47.73834031891292,40.601659681087085,2.128571428571429,650.2883755040007,10435.54049106001,44.4,43.2,43.5
2023-09-28,45.2,48.2,45.2,46.8,1806.0592230000016,44.120000000000005,44.70328892265119,0.030496440305462613,59.883720881489985,3.1999999999999957,47.4970744112246,40.74292558877541,2.1642857142857146,630.2725281110007,12241.599714060012,45.4,43.2,43.6
2023-09-29,46.8,48.2,46.4,46.8,477.60857468,44.135000000000005,44.90297569192251,0.18353681624628138,54.90196073407664,2.8999999999999986,47.55892510985497,40.71107489014504,2.1000000000000005,641.6803800745007,12241.599714060012,46.8,44.0,43.9
2023-09-30,47.0,48.6,46.6,47.3,117.45222941999997,44.275,45.13126372126322,0.3410700219948737,57.05128200008217,4.0,47.97926496721941,40.57073503278059,2.1142857142857148,637.9075688235007,12359.051943480012,46.8,48.1,43.3
2023-10-01,47.1,48.2,46.9,48.0,310.7157408199999,44.584999999999994,45.40447670019053,0.5162352630308504,65.30612238678327,5.5,48.45133241144499,40.718667588555,2.0714285714285725,643.8064151890006,12669.767684300012,47.3,44.4,42.5
2023-10-02,47.8,48.3,46.1,46.4,128.07106062999992,44.824999999999996,45.49928844302953,0.5203759454763528,58.641975257963715,3.1999999999999957,48.502456214630826,41.147543785369166,2.150000000000001,637.0612371595006,12541.696623670012,48.0,45.4,43.2
2023-10-03,46.4,46.4,45.1,45.1,19.57339246,44.964999999999996,45.46126097226481,0.4143070494212111,53.488372049486216,1.8999999999999986,48.44563817499948,41.48436182500051,2.2,633.7347335740008,12522.123231210011,46.4,46.8,43.2
2023-10-04,44.3,46.0,44.1,45.9,394.08774685,45.089999999999996,45.503045641572925,0.39011722751652655,57.47126432157485,1.8999999999999986,48.51307956147839,41.6669204385216,2.3214285714285716,618.9844956330006,12916.210978060011,45.1,46.8,44.0
2023-10-05,45.6,46.0,44.9,44.9,236.2048764799999,45.07000000000001,45.44561272332788,0.28715965592370907,56.81818177298553,-3.200000000000003,48.49258750993434,41.647412490065676,2.314285714285714,536.6819691955005,12680.006101580011,45.9,47.3,48.1
2023-10-06,45.3,46.1,45.3,45.9,200.5918821,45.11,45.48888770205856,0.2827979933095506,57.541899396335936,1.5,48.55270395565991,41.66729604434009,2.3285714285714287,488.7135562125006,12880.59798368001,44.9,48.0,44.4
2023-10-07,46.0,46.3,45.5,45.5,213.89112255,45.21,45.489946016148224,0.24432131673690805,56.284152962405564,0.10000000000000142,48.57101488432173,41.848985115678275,2.3642857142857143,469.3012985290005,12666.706861130011,45.9,46.4,45.4
2023-10-08,45.5,45.5,44.6,44.6,133.23423849000002,45.260000000000005,45.40518925270553,0.13974915164807555,51.630434743324685,-2.1999999999999957,48.549152826457004,41.97084717354301,2.25,459.7513100165006,12533.47262264001,45.5,45.1,46.8
2023-10-09,44.4,44.4,42.2,42.9,443.6560316700001,45.21,45.16659980006691,-0.07911713139228027,33.74999997046875,-3.8999999999999986,48.614578959979845,41.80542104002016,1.828571428571428,465.92092174950056,12089.816590970011,44.6,45.9,46.8
2023-10-10,42.9,43.1,42.4,42.4,345.10723258,45.165,44.90311410482244,-0.289500896097735,42.18749995385742,-4.899999999999999,48.69727226702892,41.63272773297108,1.5714285714285714,482.6003077290005,11744.709358390011,42.9,44.9,47.3
2023-10-11,41.8,43.5,41.7,42.9,652.9970861000002,45.184999999999995,44.71234133293459,-0.41120903893847327,39.83739832864036,-5.100000000000001,48.65776622639049,41.7122337736095,1.557142857142857,513.9421584810005,12397.706444490012,42.4,45.9,48.0
2023-10-12,43.0,43.0,41.8,42.2,158.06975615,45.135000000000005,44.47307072979797,-0.5576283294291287,30.172413756688485,-4.199999999999996,48.75382504921732,41.51617495078269,1.4285714285714286,521.7370264850006,12239.636688340011,42.9,45.5,46.4
2023-10-13,42.3,43.4,42.3,42.6,157.95882428000002,45.105000000000004,44.29468304124578,-0.634123225070681,32.49999996208335,-2.5,48.80050224490608,41.40949775509393,1.3785714285714283,529.2067822445006,12397.595512620012,42.2,44.6,45.1
2023-10-14,42.8,45.2,42.8,44.5,594.3872196499999,45.13,44.31423703731761,-0.5354621228308432,39.55223876464692,-1.3999999999999986,48.80070909541447,41.45929090458554,1.4071428571428573,524.6159528915006,12991.982732270011,42.6,42.9,45.9
2023-10-15,44.9,45.6,44.3,44.9,441.1567632100001,44.97,44.3700239861445,-0.4201921845274441,38.16793889050753,0.0,48.36417457603939,41.57582542396061,1.4071428571428573,400.0092070115001,13433.13949548001,44.5,42.4,44.9
2023-10-16,45.0,46.3,44.5,44.7,244.10306710000003,44.985,44.40145027317836,-0.3410290244499663,42.73504268390679,-1.1999999999999957,48.371210426514004,41.598789573485995,1.3785714285714288,356.8047655870001,13189.03642838001,44.9,42.9,45.9
2023-10-17,44.6,45.7,43.9,45.1,734.2357794100002,44.97,44.46797881858995,-0.24324552856214154,49.99999993518518,-0.3999999999999986,48.35112407344075,41.58887592655925,1.414285714285715,390.4580923815001,13923.27220779001,44.7,42.2,45.5
2023-10-18,45.5,45.7,44.4,45.1,1028.8255993599996,44.885,44.52817131205757,-0.1638630435001005,45.9999999356,0.5,48.15610153666291,41.61389846333709,1.3714285714285726,351.59641119950004,13923.27220779001,45.1,42.6,44.6
2023-10-19,45.2,46.4,43.8,45.0,1016.9383101000008,44.795,44.5731073775759,-0.10777180494686434,50.54945047168218,2.1000000000000014,47.94090795194421,41.64909204805579,1.4785714285714298,378.56289797050005,12906.33389769001,45.1,44.5,42.9
2023-10-20,44.8,47.2,44.3,46.2,1507.14727245,44.74,44.728049532092484,0.03304786563420947,51.61290314810964,3.8000000000000043,47.73641891527037,41.743581084729634,1.62857142857143,448.04765012200005,14413.48117014001,45.0,44.9,42.4
2023-10-21,46.4,47.6,46.1,47.1,691.01489947,44.69500000000001,44.953949576655106,0.21473763698757864,58.163265223032084,4.200000000000003,47.50661126309052,41.883388736909495,1.6785714285714302,467.0626080545,15104.49606961001,46.2,44.7,42.9
2023-10-22,46.8,47.3,46.2,47.2,809.8445086699998,44.735,45.16785914078319,0.36260982113635265,64.44444434419755,5.0,47.6688496355831,41.8011503644169,1.6928571428571442,501.1512804565,15914.34057828001,47.1,45.1,42.2
2023-10-23,47.0,48.6,40.4,48.5,1811.6768336100008,44.905,45.48520588928003,0.5779645435269103,82.55813940048681,5.899999999999999,48.287602548334725,41.52239745166528,2.121428571428573,590.7564525140001,17726.01741189001,47.2,45.1,42.6
2023-10-24,48.7,49.8,46.4,47.4,603.4629145500002,44.980000000000004,45.667567233158124,0.6524063834316749,77.17391292603973,2.8999999999999986,48.51842070034531,41.4415792996547,2.314285714285716,601.2252108990001,17122.55449734001,48.5,45.0,44.5
2023-10-25,47.7,48.3,46.8,47.3,366.9671177600001,45.1,45.8230370204764,0.695321174276728,74.99999988068184,2.3999999999999986,48.78667586687099,41.41332413312901,2.2928571428571445,607.7633229630001,16755.58737958001,47.4,46.2,44.9
2023-10-26,48.0,49.6,46.6,47.9,892.73878432,45.2,46.020843018526264,0.7688568571293644,82.75862055648037,3.1999999999999957,49.08139963903427,41.31860036096574,2.421428571428573,642.3706680740002,17648.326163900012,47.3,47.1,44.7
2023-10-27,47.8,48.5,46.0,46.9,331.70810914,45.269999999999996,46.104572254857096,0.737974516307851,73.11827945982193,1.7999999999999972,49.223998642280804,41.31600135771919,2.5214285714285727,648.2615174035002,17316.618054760012,47.9,47.2,45.1
2023-10-28,46.8,48.2,46.8,48.1,56.92940776,45.445,46.29461299248975,0.8010513498237017,70.93023244267172,3.0,49.57982004954337,41.31017995045663,2.4500000000000015,644.446275867,17373.54746252001,46.9,48.5,45.1
2023-10-29,47.8,50.4,47.3,49.5,750.3987722199997,45.775,46.59988794558597,0.9529745907913068,73.95833322547743,4.5,50.10354661398884,41.44645338601116,2.5785714285714296,659.7834128945,18123.94623474001,48.1,47.4,45.0
2023-10-30,49.3,50.2,48.4,49.3,415.3682709,46.12,46.857041474577784,1.0451931847579914,73.95833322547738,3.0999999999999943,50.41570164601541,41.82429835398459,2.57857142857143,663.2964648105001,17708.577963840013,49.5,47.3,46.2
2023-10-31,50.0,50.5,47.3,48.0,1228.06466908,46.375,46.96589466747514,1.0018659772817813,63.809523724444425,0.8999999999999986,50.46651882750037,42.28348117249963,2.67857142857143,692.0498439595001,16480.513294760014,49.3,47.9,47.1
2023-11-01,47.6,49.7,47.4,49.1,213.21750962,46.72,47.16914279438227,1.0442222875841338,67.24137922919144,1.8999999999999986,50.47939524811896,42.960604751881036,2.7500000000000013,694.807231633,16693.730804380015,48.0,46.9,47.2
2023-11-02,49.8,50.0,47.5,49.3,955.39428877,47.05499999999999,47.37208157586967,1.0814561914268097,68.37606829425084,0.7999999999999972,50.44444181089957,43.665558189100416,2.742857142857144,734.6790048575001,17649.125093150014,49.1,48.1,48.5
2023-11-03,48.5,50.4,48.1,50.1,1029.7278532,47.334999999999994,47.63188333054875,1.1621024074558122,67.25663708481477,2.700000000000003,50.76076921826946,43.90923078173053,2.7000000000000006,756.4460365350001,18678.852946350016,49.3,49.5,47.4
2023-11-04,49.9,54.1,49.7,52.2,1934.2316555099992,47.7,48.06694206097268,1.3795194386111262,70.39999992115199,4.900000000000006,51.56127876282081,43.83872123717919,2.907142857142858,831.0997811500001,20613.084601860017,50.1,49.3,47.3
2023-11-05,51.8,54.1,51.4,52.6,990.8397081,48.095000000000006,48.498661864689566,1.5660391917777972,71.09374992224119,4.700000000000003,52.267831929971535,43.92216807002848,3.0214285714285727,868.4366131999999,21603.924309960017,52.2,48.0,47.9
2023-11-06,52.2,53.9,51.8,53.6,1010.47906294,48.52,48.98450359186199,1.7740790880821038,70.39999992115199,6.700000000000003,53.118214756551595,43.92178524344841,2.5857142857142867,882.2487773765,22614.40337290002,52.6,49.1,46.9
2023-11-07,53.4,54.4,51.3,53.0,1128.7513357099997,48.915,49.36693182120847,1.869001599372126,73.33333324777777,4.899999999999999,53.63194593432751,44.19805406567249,2.564285714285716,887.2450641940001,21485.65203719002,53.6,49.3,48.1
2023-11-08,52.8,55.0,52.8,54.3,1203.65514498,49.38,49.836747838236235,2.025754481589452,76.51515143399908,4.799999999999997,54.30110385562987,44.45889614437014,2.614285714285716,896.5809059379999,22689.307182170018,53.0,50.1,49.5
2023-11-09,54.4,60.5,53.5,59.2,7832.834653440004,50.029999999999994,50.7284861393566,2.516292494394733,82.2857142198857,9.900000000000006,56.40267191752575,43.65732808247424,2.9000000000000017,1212.8652749875002,30522.141835610022,54.3,52.2,49.3
2023-11-10,59.3,59.6,55.8,58.2,2695.036309340001,50.585,51.4400588879893,2.7921811205745897,82.2857142198857,10.200000000000003,57.765463260234625,43.404536739765376,2.9928571428571447,1313.066345481,27827.10552627002,59.2,52.6,48.0
2023-11-11,58.1,66.4,56.2,64.9,4844.674027999999,51.470000000000006,52.72195804151413,3.5109021774000837,86.52173907776938,15.800000000000004,60.90344553897687,42.036554461023144,3.621428571428573,1514.8078214475004,32671.77955427002,58.2,53.6,49.1
2023-11-12,64.3,108.9,63.1,78.5,17097.049055460033,52.970000000000006,55.17700965660802,5.118734800399999,91.1931817819118,29.200000000000003,68.1842730770536,37.7557269229464,6.6714285714285735,2279.076432540002,49768.82860973005,64.9,53.0,49.3
2023-11-13,79.4,85.6,65.5,65.8,9056.702537119996,53.89,56.188723022645355,5.3071255250279705,67.2955974645254,15.699999999999996,69.8910394399206,37.88896056007939,7.9785714285714295,2701.738413668502,40712.12607261006,78.5,54.3,50.1
2023-11-14,65.5,69.3,62.3,64.1,3735.32771016,54.730000000000004,56.94217797286961,5.25864775609876,66.73596671654253,11.899999999999991,71.03538819564031,38.42461180435969,8.250000000000002,2870.1564432885016,36976.798362450056,65.8,59.2,52.2
2023-11-15,64.8,72.6,64.3,71.7,6212.434827670009,55.92,58.347684832596315,5.766936565111514,70.69597067784352,19.1,73.5469649893804,38.293035010619604,8.678571428571429,3136.1412454560023,43189.23319012007,64.1,58.2,52.6
2023-11-16,72.0,80.0,68.1,77.2,8407.595064490008,57.43499999999999,60.14314341996809,6.538146871417673,73.28881467402263,23.6,76.90938533588482,37.960614664115155,9.35,3539.9355932235026,51596.828254610075,71.7,64.9,53.6
2023-11-17,77.2,95.8,72.2,80.8,11075.70422292,59.07000000000001,62.11046309425684,7.355012111641848,74.48165867555431,27.799999999999997,80.62415212167278,37.51584787832724,10.871428571428572,4090.8743339815023,62672.532477530076,77.2,78.5,53.0
2023-11-18,81.0,87.4,70.0,73.6,7868.790154889997,60.275,63.20470470432762,7.336879496497723,65.78171090087102,19.299999999999997,82.26666109903334,38.28333890096665,11.8,4446.793903115003,54803.74232264008,80.8,65.8,54.3
2023-11-19,73.5,80.7,71.7,75.6,4810.356265379999,61.589999999999996,64.38520901820118,7.398591522003819,66.57060517389064,16.39999999999999,83.96045984516658,39.21954015483341,12.25,4666.543302839002,59614.098588020075,73.6,64.1,59.2
2023-11-20,75.5,78.8,72.3,73.1,4720.981163079998,62.845000000000006,65.21518911170583,7.163211136452816,63.75176303395592,14.899999999999991,84.81804329352099,40.871956706479025,12.564285714285715,4841.189127539003,54893.11742494008,75.6,71.7,58.2
2023-11-21,72.9,74.3,65.6,66.0,2697.979238329999,63.69,65.28993300582908,6.330822440078855,58.397932805974534,1.0999999999999943,84.71689005210132,42.66310994789867,12.964285714285717,4965.427213974503,52195.13818661008,73.1,77.2,64.9
2023-11-22,65.1,72.4,65.1,71.3,1769.927040399998,64.78999999999999,65.86232033860726,6.029283589749234,60.442260431864966,-7.200000000000003,84.93033920165931,44.64966079834068,13.328571428571431,5006.153851556002,53965.065227010076,66.0,80.8,78.5
2023-11-23,71.7,72.0,68.8,69.6,576.8476196600001,65.765,66.21828983016847,5.588720741407094,56.64961635814457,3.799999999999997,84.76685863485326,46.76314136514674,13.057142857142859,4983.509839879001,53388.217607350074,71.3,73.6,65.8
2023-11-24,69.9,71.9,69.5,70.3,1264.6183069600006,66.66999999999999,66.60702413205719,5.2356982266363445,57.766367126973954,6.200000000000003,84.6481270612814,48.691872938718575,12.957142857142857,4950.029172451503,54652.835914310075,69.6,75.6,64.1
2023-11-25,70.0,71.9,69.4,71.0,666.0049979399997,67.59,67.02540278614698,4.955284740198479,54.242002771079434,-0.7000000000000028,84.38046095100933,50.79953904899068,12.407142857142858,4933.787436943502,55318.840912250074,70.3,73.1,71.7
2023-11-26,71.0,80.6,70.3,74.8,4851.953829929986,68.65,67.76584061603775,4.982235842971576,47.02093396685518,-2.4000000000000057,84.36395625081832,52.936043749181685,9.871428571428572,5125.861175293001,60170.79474218006,71.0,66.0,77.2
2023-11-27,74.6,75.8,68.8,69.9,1849.4042442700008,69.49499999999999,67.96909389070082,4.555707849867758,53.775322269744855,-10.899999999999991,83.37622169657534,55.61377830342464,8.935714285714287,5161.893820721001,58321.39049791006,74.8,71.3,80.8
2023-11-28,70.0,73.2,68.0,71.3,2117.8876298299997,70.345,68.2863230439674,4.281292652126268,56.66666665197531,-2.299999999999997,82.24979337339202,58.44020662660797,8.807142857142859,5207.605444963501,60439.278127740065,69.9,69.6,73.6
2023-11-29,70.7,72.5,68.9,69.8,758.4600206699995,70.875,68.43048275406574,3.897851658449966,48.01670144734375,-5.799999999999997,81.57332746396916,60.176672536030836,8.471428571428573,4853.8867133250005,59680.81810707007,71.3,70.3,75.6
2023-11-30,69.9,79.8,69.5,73.6,2333.471504559998,71.645,68.922817729869,3.85613784474981,46.103896089925215,0.5,80.57242079803927,62.71757920196071,8.35714285714286,4835.808473086001,62014.28961163006,69.8,71.0,73.1
2023-12-01,72.9,74.4,71.3,72.7,801.0744435799999,72.035,69.28254937464338,3.7077187857610454,40.68965515931828,6.700000000000003,80.38454143083705,63.68545856916295,6.892857142857145,4633.6284938650015,61213.21516805006,73.6,74.8,66.0
2023-12-02,72.8,76.3,72.6,73.8,1408.3401869400002,71.8,69.71278276753449,3.636929258077089,50.26737966032772,2.5,79.63191849858144,63.968081501418546,5.914285714285717,3849.1930504389993,62621.55535499006,72.7,69.9,71.3
2023-12-03,74.3,74.3,72.9,73.6,246.29903007,72.19,70.08299393253121,3.5240667574263256,47.19101121739679,4.0,79.52496313627599,64.85503686372401,5.371428571428573,3408.6728750864995,62375.25632492006,73.8,71.3,69.6
2023-12-04,73.4,76.5,72.0,73.8,492.4524866600001,72.675,70.43699451038538,3.4114352679609254,51.05105102958815,3.5,78.96613829546236,66.38386170453764,5.2285714285714295,3246.5291139114997,62867.70881158006,73.6,69.8,70.3
2023-12-05,75.2,77.4,72.3,76.6,1139.5658851299995,72.91999999999999,71.0239474141582,3.507670697348402,68.27586203600477,5.599999999999994,79.42913528091593,66.41086471908405,4.971428571428573,2992.885666784499,64007.274696710054,73.8,73.6,71.0
2023-12-06,76.9,79.1,74.6,75.6,668.8024406300002,72.84,71.45976194614313,3.4633249287523995,58.70445340802177,0.7999999999999972,79.16435559438368,66.51564440561633,4.771428571428572,2605.946035591499,63338.47225608005,76.6,72.7,74.8
2023-12-07,75.9,76.9,73.6,75.3,395.33547149000026,72.56499999999998,71.82549890365331,3.365181755353717,62.23175961925991,5.3999999999999915,77.81988244147149,67.31011755852848,4.77857142857143,2071.927598019999,62943.13678459005,75.6,73.8,69.9
2023-12-08,75.7,78.3,74.7,76.9,541.8449674699999,72.72999999999999,72.308784722353,3.377572051590022,63.63636359954924,5.6000000000000085,78.31837138501402,67.14162861498596,4.864285714285715,1705.5803386489988,63484.981752060055,75.3,73.6,71.3
2023-12-09,76.9,86.9,76.2,83.4,1989.1383456399997,73.12,73.36509093927175,3.8672977733614147,70.66666663368892,13.600000000000009,80.38798314165425,65.85201685834576,5.450000000000001,1564.519442661999,65474.120097700055,76.9,73.8,69.8
2023-12-10,82.3,90.9,77.4,78.9,2042.8477521599996,73.41,73.89222513553159,3.8479456654803954,56.67752440412102,5.300000000000011,81.12380171135524,65.69619828864475,5.67857142857143,1430.612772115999,63431.272345540056,83.4,76.6,73.6
2023-12-11,78.4,78.5,72.0,74.1,1313.4730375300005,73.815,73.91201321786191,3.406032341093791,56.862745072023564,1.3999999999999915,80.69633249030356,66.93366750969643,5.642857142857144,1361.387462075999,62117.79930801006,78.9,75.6,72.7
2023-12-12,75.0,75.7,71.4,74.3,411.3023185200001,73.965,73.9489643399703,3.0369429318700725,55.102040790087464,0.5,80.74555268668007,67.18444731331994,5.578571428571429,1293.456225981999,62529.10162653006,74.1,75.3,73.8
2023-12-13,73.7,74.1,68.8,73.9,882.4205192799996,74.18,73.94430106949694,2.6812528468690147,57.24381622609848,0.30000000000001137,80.64304474442375,67.71695525557627,5.700000000000001,1308.7348709629991,61646.68110725006,74.3,76.9,73.6
2023-12-14,73.7,74.7,71.5,74.5,1161.1194125699997,74.39000000000001,73.99722477716391,2.419885336144958,51.792828656370546,0.7000000000000028,80.58979626150837,68.19020373849166,5.192857142857144,1303.5599262434991,62807.800519820055,73.9,83.4,73.8
2023-12-15,74.5,75.2,70.7,70.7,490.7304890099998,74.375,73.68320336981496,1.8844026930655104,46.42857140535714,-5.8999999999999915,80.61067832801923,68.13932167198077,5.292857142857144,1294.796200796999,62317.07003081006,74.5,78.9,76.6
2023-12-16,70.7,72.2,70.2,70.9,340.68403237999996,74.17999999999999,73.41813638221353,1.4593446043379714,44.649446471398825,-4.699999999999989,80.60088696939032,67.75911303060967,5.171428571428572,1069.2327109194998,62657.754063190056,70.7,74.1,75.6
2023-12-17,71.1,71.5,69.0,69.3,437.96139163,74.15,73.02593291724081,0.9820571063933983,42.45614033002155,-6.0,80.66007316637696,67.63992683362305,5.250000000000001,998.6605682874999,62219.792671560055,70.9,74.3,75.3
2023-12-18,68.6,68.8,64.3,68.0,998.3191804999994,73.985,72.54727263940835,0.49321963315954065,40.202702683687924,-8.900000000000006,80.9505619035065,67.0194380964935,5.250000000000001,942.682145821,61221.47349106005,69.3,73.9,76.9
2023-12-19,68.8,70.5,66.4,67.0,324.82902656,73.845,72.01896095946469,0.024835193278534007,32.73381293315565,-16.400000000000006,81.26261062394241,66.42738937605759,5.178571428571429,921.0005961154999,60896.64446450005,68.0,74.5,83.4
2023-12-20,67.5,70.1,67.3,69.6,365.43210212,73.64500000000001,71.78858372522996,-0.13500985128951015,39.795918348396505,-9.300000000000011,81.30225662018523,65.98774337981479,5.057142857142857,822.5986259934998,61262.07656662005,67.0,70.7,78.9
2023-12-21,69.8,73.8,69.0,72.4,502.62135208000024,73.63,71.84681384663662,-0.03534575803627149,45.45454543459676,-1.6999999999999886,81.29622119224479,65.9637788077552,5.164285714285713,807.6759714184999,61764.697918700054,69.6,70.9,74.1
2023-12-22,73.0,73.7,72.2,72.6,218.49441867,73.57000000000001,71.91854586124266,0.05909575027551739,42.950819652416,-1.7000000000000028,81.24939142325621,65.8906085767438,5.014285714285713,748.1836830049999,61983.192337370056,72.4,69.3,74.3
2023-12-23,72.8,74.9,70.6,74.3,473.9859477100002,73.605,72.1453510173148,0.268026627493569,32.295719826764966,0.3999999999999915,81.29134469282013,65.91865530717988,4.557142857142857,759.568028887,62457.17828508006,72.6,68.0,73.9
2023-12-24,74.1,88.4,73.6,78.0,3923.34200999,73.815,72.70293663471338,0.723819481899767,48.192771057240996,3.5,81.74927607549091,65.88072392450908,4.65,931.1125050534998,66380.52029507006,74.3,67.0,74.5
2023-12-25,78.0,83.4,78.0,79.8,2064.07506111,73.975,73.37884743140735,1.2162624485358435,63.01369858985427,9.099999999999994,82.26675240191958,65.68324759808041,4.571428571428572,977.3379638524999,68444.59535618006,78.0,69.6,70.7
2023-12-26,79.4,96.4,77.1,90.2,2091.8848710999987,74.70500000000001,74.98086196174951,2.41784460696735,74.76635510757855,19.299999999999997,85.72201554773117,63.68798445226885,5.642857142857145,1048.492085376,70536.48022728006,79.8,72.4,70.9
2023-12-27,90.0,94.0,83.1,84.2,3236.4063723800004,75.15,75.85887510824956,2.853070946075775,63.66047742994041,14.900000000000006,86.95873895847804,63.341261041521975,6.042857142857145,1190.5456304204997,67300.07385490005,90.2,72.6,69.3
2023-12-28,84.9,86.6,79.9,81.2,1282.9155844099998,75.365,76.36755366936865,2.922231331791025,58.35411469284395,13.200000000000003,87.46098019352331,63.26901980647667,6.2928571428571445,1227.5991612675,66017.15827049005,84.2,74.3,68.0
2023-12-29,80.3,82.6,77.9,78.4,629.7597449399995,75.115,76.56111998657164,2.7197540527492947,59.84654729314957,11.400000000000006,86.7079697389592,63.52203026104078,6.307142857142858,1159.6302312325,65387.39852555005,81.2,78.0,67.0
2023-12-30,79.4,84.0,79.3,80.4,265.8743272300002,75.19000000000001,76.92672760689815,2.689667238384189,61.61369191045008,10.800000000000011,86.90483989153134,63.475160108468685,6.500000000000001,1070.781559986,65653.27285278005,78.4,79.8,69.6
2023-12-31,79.8,91.2,78.8,87.0,655.7298758699999,75.83500000000001,77.88608688243167,3.161937438033789,69.28104573050253,14.599999999999994,88.664616230877,63.005383769123014,7.207142857142858,1037.894401903,66309.00272865006,80.4,90.2,72.4
2024-01-01,86.5,136.6,84.4,112.2,8354.077340460028,77.72999999999999,81.15407860791437,5.506166445222789,81.66189110109934,39.60000000000001,98.40330849696127,57.05669150303871,10.614285714285716,1435.0331530000014,74663.08006911009,87.0,84.2,72.6
2024-01-02,112.9,123.1,98.9,101.2,3086.1877280600047,79.095,83.06321397858919,6.402574282872621,71.4285714160401,26.900000000000006,102.16920295709625,56.02079704290375,12.049999999999999,1545.2215134390015,71576.89234105009,112.2,81.2,74.3
2024-01-03,101.3,105.8,85.6,87.9,2053.7791327600016,79.765,83.5238602663426,5.970958377247527,60.110497228270205,9.900000000000006,103.05459785872353,56.475402141276476,13.292857142857143,1589.8544994485014,69523.11320829009,101.2,78.4,78.0
2024-01-04,88.2,96.4,79.7,83.2,2550.8606397299936,80.39000000000001,83.49301643145283,5.189824778532127,55.84415583569461,3.4000000000000057,103.32348735158416,57.45651264841587,14.142857142857142,1692.8610069845013,66972.2525685601,87.9,80.4,79.8
2024-01-05,83.4,84.4,76.2,79.0,1167.2752176099984,80.795,83.0651101046478,4.183640233791962,53.319502066945304,-11.200000000000003,103.3050188220363,58.2849811779637,14.621428571428572,1734.1905662460013,65804.9773509501,83.2,87.0,90.2
2024-01-06,78.8,88.0,72.3,81.9,2509.2540062699995,81.425,82.95414723753849,3.5789807516242433,53.8934426152202,-2.299999999999997,103.27606284299299,59.57393715700701,15.435714285714287,1837.755196978001,68314.2313572201,79.0,112.2,84.2
2024-01-07,81.2,84.1,75.1,75.2,454.48405962,81.785,82.2156570244396,2.529986681339281,48.60834989383184,-6.0,102.93063784802928,60.639362151970715,15.021428571428572,1810.5634409340012,67859.7472976001,81.9,101.2,81.2
2024-01-08,75.1,81.2,71.9,79.3,963.6751580999996,82.4,81.9379754030644,2.006358426263816,49.75704566864336,0.8999999999999915,102.42062094835981,62.3793790516402,15.299999999999999,1842.5057475110011,68823.4224557001,75.2,87.9,78.4
2024-01-09,78.5,78.7,71.3,74.4,564.6794737699998,82.64,81.22007298372493,1.1823613442911665,41.88911703710013,-6.0,102.12239691294921,63.15760308705079,14.45,1852.468116093501,68258.7429819301,79.3,83.2,80.4
2024-01-10,74.3,79.0,71.4,77.9,660.2174415899995,82.915,80.90387555670351,0.802507242319848,46.68071653684373,-9.099999999999994,101.93867223390814,63.891327766091884,14.214285714285712,1860.3479205690012,68918.9604235201,74.4,79.0,87.0
2024-01-11,77.7,80.7,76.1,77.4,254.10575253,83.155,80.57017312273175,0.45586939061172416,47.94372293645874,-34.8,101.74695921274652,64.56304078725348,14.064285714285713,1862.128487262001,68664.8546709901,77.9,81.9,112.2
2024-01-12,77.3,82.3,73.4,75.0,544.5410425400004,83.19,80.03968044437634,-0.012360800912404102,48.15217390571597,-26.200000000000003,101.71428278318996,64.66571721681004,14.364285714285714,1865.6562420035011,68120.3136284501,77.4,75.2,101.2
2024-01-13,75.1,79.9,73.5,77.8,34.60449532,83.17999999999999,79.82637754491194,-0.1557053958186998,48.59913792370271,-10.100000000000009,101.71629157256561,64.64370842743438,14.485714285714284,1671.219366270001,68154.9181237701,75.0,79.3,87.9
2024-01-14,76.6,77.0,73.4,73.5,71.84168661999999,82.865,79.22386539777746,-0.6092575487148508,42.5414364575074,-9.700000000000003,101.8517848779094,63.878215122090594,13.857142857142856,1571.6076975455012,68083.0764371501,77.8,74.4,83.2
2024-01-15,73.0,75.2,73.0,73.4,73.15026141999999,82.025,78.66921155037008,-0.9656387647214757,20.33639143295551,-5.599999999999994,101.13155715496117,62.91844284503884,10.285714285714286,1470.6709670615012,68009.9261757301,73.5,77.9,79.0
2024-01-16,73.5,75.3,72.0,74.8,211.05699134,81.55499999999999,78.3007152122396,-1.1221695777283855,26.344086014895737,-7.1000000000000085,100.89728800486554,62.21271199513444,8.792857142857143,1319.4034980095014,68220.9831670701,73.4,77.4,81.9
2024-01-17,74.7,91.5,72.8,84.9,3020.0919941999973,81.74000000000001,78.92921852535963,-0.4263221334261118,47.14828896083505,9.700000000000003,101.13868687905415,62.34131312094587,8.685714285714287,1406.2623184990011,71241.0751612701,74.8,75.0,75.2
2024-01-18,84.7,87.3,73.9,74.4,1976.6534114,81.53999999999999,78.49786438008728,-0.7138902890967529,42.46575341447738,-4.8999999999999915,101.16483925512465,61.91516074487534,8.45,1473.6070018220012,69264.4217498701,84.9,77.8,79.3
2024-01-19,73.9,75.4,69.9,74.5,369.97663046999975,81.24499999999999,78.11711539150754,-0.9230802681620247,45.856353579337224,0.09999999999999432,101.11780342049106,61.37219657950892,8.257142857142856,1478.812116984001,69634.3983803401,74.4,73.5,74.4
2024-01-20,73.9,80.7,73.0,76.1,601.3509050299999,80.7,77.92500916374492,-0.9488208779017526,44.52830187503025,-1.8000000000000114,100.50600653177843,60.89399346822158,7.685714285714285,1476.0931684420011,70235.74928537011,74.5,73.4,77.9
2024-01-21,75.6,78.2,74.5,74.5,194.3080361700001,78.81500000000001,77.59881781481683,-1.0858104911401796,49.26931105031794,-2.9000000000000057,92.10088883384432,65.5291111661557,7.307142857142857,1068.1047032274998,70041.44124920011,76.1,74.8,77.4
2024-01-22,74.4,74.7,70.0,70.2,291.64460367000004,77.26500000000001,76.89416849911998,-1.5237843591038711,40.5405405287408,-4.799999999999997,86.01323892052173,68.5167610794783,6.978571428571429,928.3775470079996,69749.7966455301,74.5,84.9,75.0
2024-01-23,70.3,72.7,66.1,68.2,522.1195015600002,76.28,76.06615245158474,-2.0091052800276117,43.141592906991534,-9.599999999999994,84.40004666826125,68.15995333173875,6.921428571428572,851.7945654479994,69227.67714397011,70.2,74.4,77.8
2024-01-24,68.8,70.7,67.4,68.5,326.8084688000002,75.54499999999999,75.34556650381477,-2.3425150661389864,38.809523796587285,-5.0,83.68883202184345,67.40116797815652,6.614285714285715,740.5919569014998,69554.4856127701,68.2,74.5,73.5
2024-01-25,68.2,72.0,67.0,70.1,748.3262796499998,75.1,74.84598874154669,-2.449402961432881,41.53132249230999,-3.3000000000000114,83.41966598519832,66.78033401480167,6.642857142857143,719.6445100034998,70302.81189242011,68.5,76.1,73.4
2024-01-26,69.9,71.7,69.0,71.5,154.3599296,74.58000000000001,74.52732314711368,-2.3935527506434227,45.84323038855569,-3.299999999999997,82.39485764425703,66.765142355743,6.200000000000001,601.8998061699998,70457.17182202011,70.1,74.5,74.8
2024-01-27,71.6,72.5,69.8,71.7,577.2893292100002,74.405,74.25805427595999,-2.3065640976135455,42.27848099767345,-13.200000000000003,82.31754167695033,66.49245832304968,5.935714285714286,608.0400696494999,71034.46115123012,71.5,70.2,84.9
2024-01-28,71.8,75.8,71.5,71.6,776.3708221900001,74.02000000000001,74.00490624967809,-2.220102167399318,47.30878185092568,-2.8000000000000114,81.67481616541625,66.36518383458377,5.985714285714287,598.6748528539999,70258.09032904012,71.7,68.2,74.4
2024-01-29,72.0,76.3,71.9,74.2,522.4292137600002,74.01,74.0234866068516,-1.9196536943929061,51.0582010392906,-0.29999999999999716,81.66324836434293,66.35675163565708,6.142857142857143,596.5623398534999,70780.51954280012,71.6,68.5,74.5
2024-01-30,73.7,74.3,72.7,73.6,150.13984741000002,73.79499999999999,73.98315454905621,-1.7102464281913399,48.378378360073036,-2.5,81.22650477076456,66.36349522923541,6.021428571428571,571.0584601444999,70630.37969539012,74.2,70.1,76.1
2024-01-31,72.9,73.0,69.6,70.1,145.35344822999994,73.43,73.61333030628894,-1.8058931123181878,25.657894725025955,-4.400000000000006,80.83301503300845,66.02698496699156,4.928571428571429,565.6208449294999,70485.02624716012,73.6,71.5,74.5
2024-02-01,69.9,70.9,69.3,70.2,177.02168743,73.19,73.28825122949952,-1.852272787663452,39.499999972350004,0.0,80.68930523097772,65.69069476902227,4.085714285714287,547.2448771739998,70662.04793459011,70.1,71.7,70.2
2024-02-02,70.2,72.0,69.5,71.4,217.84486274,72.87,73.10841777907099,-1.7717751465877143,42.654028407717725,3.200000000000003,80.08171561455833,65.65828438544168,3.8714285714285728,556.4068955449999,70879.89279733012,70.2,71.6,68.2
2024-02-03,71.5,71.8,70.4,70.8,313.78719885,72.735,72.88856846677851,-1.7363792601123436,36.815920372367046,2.299999999999997,79.99796300272476,65.47203699727524,3.4214285714285717,568.5041711564999,70566.10559848012,71.4,74.2,68.5
2024-02-04,70.6,70.6,68.2,68.3,263.92253457000004,72.47999999999999,72.45156194613294,-1.888289796539297,35.23809521460319,-1.7999999999999972,79.99828647890916,64.96171352109081,3.3285714285714283,578.0427848139999,70302.18306391012,70.8,73.6,70.1
2024-02-05,68.4,70.2,67.6,67.7,108.69997773,72.125,71.99903223697743,-2.0336522879389634,42.7745664393732,-3.799999999999997,79.84970404815485,64.40029595184515,3.1785714285714284,572.9249341334998,70193.48308618013,68.3,70.1,71.5
2024-02-06,68.2,69.8,67.3,69.0,195.56254083,71.33,71.71341011917005,-2.020661070313622,52.40963851001596,-2.700000000000003,76.30069305768168,66.35930694231831,2.8857142857142852,431.69846146500004,70389.04562701013,67.7,70.2,71.7
2024-02-07,68.6,69.6,68.2,69.5,144.90351058000005,71.08500000000001,71.50260915543957,-1.9475692558788182,52.976190432043644,-2.0999999999999943,75.89913488976397,66.27086511023604,2.749999999999999,340.110966424,70533.94913759013,69.0,71.4,71.6
2024-02-08,69.8,70.3,62.8,69.1,125.78395833999993,70.81500000000001,71.27378923587389,-1.900017894051004,46.7948717528764,-5.1000000000000085,75.42404145760214,66.20595854239788,2.9285714285714275,327.9013328175,70408.16517925012,69.5,70.8,74.2
2024-02-09,69.1,72.2,69.1,71.7,187.77914765000008,70.595,71.31438073721924,-1.6337025517380397,50.595238053075406,-1.8999999999999915,74.50960154589944,66.68039845410055,2.9571428571428564,307.22274494850006,70595.94432690012,69.1,68.3,73.6
2024-02-10,71.8,72.1,70.5,71.7,88.36007737000001,70.455,71.35110638129359,-1.4064332373261834,49.99999995783133,1.6000000000000085,73.9604694107172,66.9495305892828,2.8785714285714272,301.92534700850007,70595.94432690012,71.7,67.7,70.1
2024-02-11,71.7,74.8,71.7,72.9,165.60942704,70.59,71.49862005926563,-1.1166190206945288,53.672316341728134,2.700000000000003,74.2582994769555,66.9217005230445,2.7928571428571414,295.62358817700004,70761.55375394013,71.7,69.0,70.2
2024-02-12,73.1,74.4,71.5,74.0,174.50558767999996,70.88000000000001,71.73684672028796,-0.7890823201409916,49.38271600670628,2.5999999999999943,74.66784760433742,67.0921523956626,2.6857142857142855,278.242892483,70936.05934162013,72.9,69.5,71.4
2024-02-13,74.3,75.3,71.8,72.7,131.35560794999998,71.09,71.82857560407005,-0.6271765482477747,47.33727806729459,1.9000000000000057,74.78688346697886,67.39311653302114,2.8214285714285716,268.4702494405,70804.70373367013,74.0,69.1,70.8
2024-02-14,73.5,75.2,73.2,74.3,610.1109760300002,71.3,72.06394935606338,-0.36554467132134505,63.99999994026666,6.0,75.22991227972284,67.37008772027716,2.721428571428571,261.5594842595,71414.81470970013,72.7,71.7,68.3
2024-02-15,74.7,75.7,73.6,74.6,103.34257049,71.455,72.30547798881925,-0.1324650588812375,64.47368415114263,6.8999999999999915,75.65348343546755,67.25651656453245,2.7571428571428567,259.00861630400004,71518.15728019013,74.3,71.7,67.7
2024-02-16,75.8,77.8,73.0,76.3,520.4039324400002,71.68499999999999,72.68590865655075,0.18726926977687697,65.60509548289988,7.299999999999997,76.41086388649576,66.95913611350421,2.921428571428571,256.1643464655,72038.56121263014,74.6,72.9,69.0
2024-02-17,76.3,79.5,74.6,77.9,746.2482318999998,72.0,73.1824887844983,0.5632745675271451,71.25748497020334,8.400000000000006,77.48145197821476,66.51854802178524,3.1714285714285717,254.65821695099999,72784.80944453014,76.3,74.0,69.5
2024-02-18,78.3,83.4,77.0,78.7,334.23209856000034,72.225,73.70796604311751,0.9152641879643113,84.66666658764447,9.600000000000009,78.410849726764,66.03915027323599,3.4571428571428586,245.24836119100001,73119.04154309013,77.9,72.7,69.1
2024-02-19,78.3,78.8,76.4,77.6,116.81992254,72.425,74.07863594377298,1.0928598885636376,81.93548379696145,5.8999999999999915,79.04168544785004,65.80831455214995,3.442857142857143,243.5823649475,73002.22162055013,78.7,74.3,71.7
2024-02-20,77.2,77.2,72.2,75.7,242.0397477399999,72.705,74.23305156817555,1.0679806335723754,70.80745335457738,4.0,79.3811082265518,66.0288917734482,3.6214285714285714,248.41667992300003,72760.18187281014,77.6,74.6,71.7
2024-02-21,75.6,75.6,69.7,73.2,267.02956339999986,72.855,74.13466570453978,0.8368874328342173,60.220994428558356,0.29999999999999716,79.42814312382723,66.28185687617278,3.942857142857143,252.9170737215,72493.15230941013,75.7,76.3,72.9
2024-02-22,73.3,74.5,71.5,73.3,140.57550690000002,72.95,74.05517373267885,0.6542715351837813,61.7977527603838,-0.7000000000000028,79.48943503112594,66.41056496887407,3.6214285714285714,249.0536059295,72633.72781631013,73.2,77.9,74.0
2024-02-23,73.7,74.8,71.5,72.9,156.66614920000006,73.055,73.94515718670944,0.4718314856057333,53.8461537978304,0.20000000000000284,79.51604928744072,66.59395071255929,3.6357142857142852,241.19755344700002,72477.06166711013,73.3,78.7,72.7
2024-02-24,73.4,77.6,72.1,76.0,450.53173552,73.44000000000001,74.14085650226092,0.5708105633037235,61.497326157167784,1.7000000000000028,79.61955883283125,67.26044116716878,3.914285714285714,250.52801349450002,72927.59340263013,72.9,77.6,74.3
2024-02-25,76.3,79.3,76.1,77.2,709.5893386999998,73.91499999999999,74.4322035020456,0.7375798014444115,61.497326157167784,2.6000000000000085,79.68361745727887,68.14638254272111,3.9214285714285717,280.572481543,73637.18274133012,76.0,75.7,74.6
2024-02-26,77.4,77.9,74.9,76.8,473.28840694,74.305,74.6577079304222,0.8279251624118729,57.7777777328395,0.5,79.7182294087338,68.89177059126621,3.9285714285714284,294.45877484849996,73163.89433439012,77.2,73.2,76.3
2024-02-27,77.3,79.3,77.1,78.2,661.1298207799997,74.74,74.9950690799058,1.0009544276230287,65.19337011532005,0.29999999999999716,79.92069290224484,69.55930709775515,3.835714285714286,320.2700903585,73825.02415517012,76.8,73.3,77.9
2024-02-28,78.4,82.0,75.8,79.4,1097.2250255500005,75.255,75.41458631039096,1.220838270904025,64.40677961007376,0.7000000000000028,80.11275560044821,70.39724439955178,4.135714285714286,368.84214371900003,74922.24918072011,78.2,72.9,78.7
2024-02-29,80.0,82.4,76.6,77.1,445.48552393000017,75.525,75.57510189987754,1.1957234728174484,56.34517762493236,-0.5,80.14526428954719,70.90473571045283,4.4,381.727462533,74476.76365679012,79.4,76.0,77.6
2024-03-01,78.7,81.4,78.6,81.4,304.4204992600001,76.01,76.1298540998892,1.505440090967113,61.4349775399063,5.700000000000003,80.96406266029278,71.05593733970723,4.257142857142859,392.5304836275,74781.18415605012,77.1,77.2,75.7
2024-03-02,81.6,88.5,80.5,88.2,878.8765460499992,76.775,77.27939180466166,2.2733896756782315,68.72727269228429,15.0,83.93920194255344,69.61079805744657,4.4785714285714295,428.193839578,75660.06070210012,81.4,76.8,73.2
2024-03-03,88.2,94.4,81.9,88.6,1203.13767461,77.505,78.35754496612245,2.88106083434576,68.26568262156015,15.299999999999997,86.27419848704916,68.73580151295083,4.9142857142857155,479.6254439245,76863.19837671012,88.2,78.2,73.3
2024-03-04,88.8,90.1,85.3,88.1,816.8049808999997,78.275,79.28539782649173,3.284437830171939,69.81132071783553,15.199999999999989,87.92767893003379,68.62232106996622,5.085714285714287,513.897912572,76046.39339581013,88.6,79.4,72.9
2024-03-05,88.1,94.7,76.7,82.7,1780.053203420001,78.695,79.61059803349252,3.132275225655846,61.66666663788889,6.700000000000003,88.35042661708415,69.03957338291583,6.014285714285715,572.3950239415001,74266.34019239013,88.1,77.1,76.0
2024-03-06,82.7,87.2,80.8,86.4,470.4463159999999,79.285,80.25720774458847,3.272520754689765,71.15384612191815,9.200000000000003,89.32141265330252,69.24858734669748,6.0500000000000025,590.750211217,74736.78650839013,82.7,81.4,77.2
2024-03-07,87.3,89.4,84.0,89.1,688.9820117200003,79.925,81.09937843558005,3.5604906577483746,73.37278103469767,12.299999999999997,90.76058950865169,69.0894104913483,6.221428571428574,599.179115181,75425.76852011013,86.4,88.2,76.8
2024-03-08,89.7,91.8,86.0,91.8,304.95334538,80.62,82.1184852512391,3.96091732246623,76.1772852890171,13.599999999999994,92.62834797349888,68.61165202650113,6.400000000000003,577.1143708550001,75730.72186549012,89.1,88.6,78.2
2024-03-09,91.3,97.3,90.5,93.2,551.4501372599999,81.345,83.17386760826395,4.341184168052877,74.99999996947673,13.799999999999997,94.55591653858568,68.13408346141432,6.4928571428571455,587.97527279,76282.17200275013,91.8,88.1,79.4
2024-03-10,93.3,93.6,88.6,89.8,341.25184049,81.95500000000001,83.80492783604834,4.318416781277307,67.2131147283884,12.700000000000003,95.55863341557198,68.35136658442805,6.621428571428574,599.1968686875,75940.92016226012,93.2,82.7,77.1
2024-03-11,90.0,96.3,87.0,94.3,927.1016993600005,82.885,84.80445851832944,4.610340712066829,71.49877147417732,12.899999999999991,97.2120483976804,68.5579516023196,7.071428571428574,633.4499662685,76868.02186162013,89.8,86.4,81.4
2024-03-12,94.6,102.9,91.8,98.2,2630.3444213599973,84.135,86.08022437372664,5.097627654086622,73.14814812444271,10.0,99.24516040180991,69.0248395981901,7.70714285714286,751.6157091664999,79498.36628298013,94.3,89.1,88.2
2024-03-13,98.4,103.0,95.3,100.5,1247.4668714800002,85.495,87.45353633813362,5.60478833102168,73.81489839653705,11.900000000000006,101.37567014362207,69.61432985637794,7.814285714285717,806.9602773954999,80745.83315446014,98.2,91.8,88.6
2024-03-14,100.7,100.7,90.3,95.9,499.02691311000024,86.645,88.25796144878755,5.571312644996922,70.17167379866089,7.800000000000011,102.0080417766659,71.28195822333409,8.142857142857144,824.078315591,80246.80624135013,100.5,93.2,88.1
2024-03-15,95.8,96.1,84.5,89.9,547.8941237,87.34,88.41434607271255,5.002962039463853,58.79917182560686,7.200000000000003,101.91270700569004,72.76729299430997,8.771428571428572,828.9464349999998,79698.91211765014,95.9,89.8,82.7
2024-03-16,89.9,91.8,80.8,81.0,892.3696458299999,87.53,87.70821787531135,3.7906877878575216,42.85714284523809,-5.400000000000006,101.63772091706124,73.42227908293876,8.985714285714286,838.0854503564999,78806.54247182014,89.9,94.3,86.4
2024-03-17,82.2,86.3,78.4,85.3,327.80488534000006,87.955,87.47886379194836,3.140721487600814,46.96132595474293,-3.799999999999997,101.18661684037627,74.72338315962372,8.657142857142857,830.8112742765,79134.34735716014,81.0,98.2,89.1
2024-03-18,84.9,87.2,80.8,83.5,427.59597533999994,88.22,87.09992438319136,2.45210719100119,45.86330934096967,-8.299999999999997,100.82653130638838,75.61346869361162,8.771428571428572,819.1345820045,78706.75138182014,85.3,100.5,91.8
2024-03-19,83.1,83.1,75.3,76.4,739.9430033800003,88.07000000000001,86.08088396574456,1.3182685618934897,44.50261779017388,-16.799999999999997,101.17975530704251,74.9602446929575,8.042857142857143,801.270480896,77966.80837844014,83.5,95.9,93.2
2024-03-20,76.2,81.0,71.3,80.0,434.17735710000017,88.215,85.50175215948317,0.7020899352937704,44.405594394725895,-9.799999999999997,100.87014665431057,75.55985334568943,8.278571428571428,800.7050725544999,78400.98573554013,76.4,89.9,89.8
2024-03-21,79.5,79.5,74.5,76.1,212.65087035,87.95,84.60634719191334,-0.09978323090489027,38.869863004380505,-18.200000000000003,101.40284160943048,74.49715839056952,8.25,796.116591109,78188.33486519013,80.0,81.0,94.3
2024-03-22,76.0,92.5,76.0,86.1,2787.724476949995,87.845,84.74859984030255,0.07082648577147665,45.66210044689087,-12.100000000000009,101.32238456588834,74.36761543411166,9.014285714285714,891.5589876539996,80976.05934214013,76.1,85.3,98.2
2024-03-23,86.5,89.9,82.5,82.9,1225.7270089599992,87.56,84.57254271265468,-0.05158272608606751,42.37037036158244,-17.599999999999994,101.2101243487686,73.9098756512314,9.057142857142859,892.6884543714998,79750.33233318012,86.1,83.5,100.5
2024-03-24,82.7,86.7,81.6,85.4,669.1931989800003,87.425,84.65134816859234,0.05253065649277744,46.69669668688058,-10.5,101.10600873473894,73.74399126526106,9.064285714285715,885.3078652754997,80419.52553216013,82.9,76.4,95.9
2024-03-25,85.3,119.1,84.5,108.9,2502.871221910001,88.735,86.96074358110735,2.008146196211044,58.52803737360524,19.0,105.23753887962961,72.23246112037039,10.871428571428572,921.4487661999996,82922.39675407013,85.4,80.0,89.9
2024-03-26,108.9,115.0,95.6,98.7,3399.2749933300033,89.35,88.07876800195427,2.7037635462477567,50.2720348127986,17.700000000000003,106.39402966931304,72.30597033068695,11.464285714285717,1067.8902000664998,79523.12176074012,108.9,76.1,81.0
2024-03-27,98.8,107.4,93.7,95.4,652.6700936000008,89.665,88.77602819224434,2.954702912161494,47.255113017636475,10.100000000000009,106.92112324578399,72.40887675421602,11.892857142857142,1066.0746041604998,78870.45166714012,98.7,86.1,85.3
2024-03-28,96.2,101.0,95.3,99.6,519.7738486699998,90.05499999999999,89.80688265012583,3.452678734159832,51.99999999212972,16.099999999999994,107.85819013400042,72.25180986599956,11.557142857142859,1076.815629325,79390.22551581012,95.4,82.9,83.5
2024-03-29,98.7,101.5,94.2,95.1,385.7361181800001,90.15,90.31098906439956,3.444509607495192,52.85714284901099,18.69999999999999,108.04389781314765,72.25610218685236,11.25,1068.5299283709999,79004.48939763012,99.6,85.4,76.4
2024-03-30,94.7,130.5,94.7,122.8,1374.5624651199992,91.8,93.4051805820758,5.608542226329831,69.03460837006845,42.8,114.88957386035162,68.71042613964838,13.021428571428572,1120.1954596024998,80379.05186275013,95.1,108.9,80.0
2024-03-31,122.6,128.5,107.0,109.7,2671.836449579998,92.57000000000001,94.95706814568763,6.195080124742759,60.286677901821136,33.60000000000001,116.99889574598946,68.14110425401056,13.992857142857146,1207.4321971134996,77707.21541317014,122.8,98.7,76.1
2024-04-01,110.0,110.5,96.9,100.6,711.2370683399998,92.69,95.49449022705072,5.858093236586001,56.79110404451885,14.5,117.25852072320016,68.12147927679983,14.507142857142856,1111.4768294624998,76995.97834483015,109.7,95.4,86.1
2024-04-02,99.7,99.7,89.6,91.7,916.8051146000004,92.25,95.13311020542685,4.817341764923128,55.99060296958599,8.799999999999997,116.54325225784227,67.95674774215773,14.671428571428574,1094.9437416184996,76079.17323023014,100.6,99.6,82.9
2024-04-03,90.4,102.9,88.3,98.4,932.0216818399998,92.375,95.44424256681476,4.4815126418079245,57.03363913762637,13.0,116.77283208660795,67.97716791339205,15.021428571428574,1116.5934800549999,77011.19491207013,91.7,95.1,85.4
2024-04-04,99.3,99.6,93.5,94.9,437.3058947500001,92.625,95.39240994140384,3.8881250087279255,57.208588950913196,-14.0,117.01851725788076,68.23148274211924,15.1,1111.0640686074998,76573.88901732014,98.4,122.8,108.9
2024-04-05,95.1,95.1,89.2,89.3,208.22372385,93.03999999999999,94.81218042317491,2.932187405275471,51.26984126414462,-9.400000000000006,116.87684896166127,69.20315103833872,14.342857142857143,1076.8567725085,76365.66529347014,94.9,109.7,98.7
2024-04-06,89.0,92.3,89.0,90.7,303.913561,93.31,94.42054419239635,2.26149911284827,53.14009661236746,-4.700000000000003,116.89874843291985,69.72125156708016,14.049999999999999,1075.6622062914998,76669.57885447014,89.3,100.6,95.4
2024-04-07,90.3,124.7,90.3,107.1,1272.0805265700008,94.49,95.62811141216812,3.0185211137798404,57.85662562773358,7.5,118.37180545057149,70.6081945494285,16.142857142857142,1117.886433853,77941.65938104014,90.7,91.7,99.6
2024-04-08,108.9,111.4,98.2,99.9,779.3796476400003,95.66499999999999,96.0349579443426,3.0028714446088998,46.30541871388936,4.800000000000011,118.06577771206305,73.26422228793693,14.614285714285716,1119.858266066,77162.27973340014,107.1,98.4,95.1
2024-04-09,100.0,105.7,97.2,101.7,598.6592619800001,96.75,96.5744857591671,3.0999792939561104,51.322751316415186,-21.099999999999994,118.03013652508632,75.46986347491368,13.835714285714285,1128.0823613099997,77760.93899538014,99.9,94.9,122.8
2024-04-10,101.1,110.0,98.7,100.6,959.2529449300002,97.975,96.95786806781786,3.0529842553072797,52.33812948981354,-9.100000000000009,116.94532308356219,79.0046769164378,13.664285714285715,1165.412465039,76801.68605045014,101.7,89.3,109.7
2024-04-11,100.7,101.1,94.4,95.0,198.08887708999993,98.42,96.7714044423114,2.5346492910629337,47.957371219614544,-5.599999999999994,116.61931751178412,80.22068248821589,13.735714285714284,1035.9306850460002,76603.59717336013,100.6,90.7,100.6
2024-04-12,95.8,100.0,83.7,89.9,785.8689030999996,98.77000000000001,96.11698497161507,1.6928239002918133,47.703180206114446,-1.7999999999999972,115.95348043907273,81.58651956092729,14.37857142857143,1013.9377797530002,75817.72827026014,95.0,107.1,91.7
2024-04-13,88.4,91.2,68.1,81.0,1387.2766822600006,98.55,94.67727211717553,0.30401114306803834,27.86016948739362,-17.400000000000006,116.54760217947162,80.55239782052837,13.471428571428572,1049.8419539170002,74430.45158800014,89.9,99.9,98.4
2024-04-14,81.4,84.1,77.6,83.2,972.4532380400004,97.26500000000001,93.58419858220644,-0.6120559591171002,34.13173652122342,-11.700000000000003,115.81260872656313,78.7173912734369,12.4,973.3210547235003,75402.90482604015,81.0,101.7,94.9
2024-04-15,82.7,88.8,79.5,81.5,993.2303610499996,96.405,92.4333225267582,-1.4584098885069068,37.45072272635598,-7.799999999999997,116.22391441076047,76.58608558923953,12.092857142857143,853.0188231094999,74409.67446499015,83.2,100.6,89.3
2024-04-16,80.9,81.7,77.1,81.0,192.0021860100001,95.685,91.34443466706695,-2.144773680564967,42.0974889130079,-9.700000000000003,116.66963347559972,74.70036652440028,11.7,829.9854277299999,74217.67227898016,81.5,95.0,90.7
2024-04-17,80.3,80.5,75.0,78.9,196.64556857999997,94.65,90.15925041306058,-2.8256025923677583,34.548335966978186,-28.19999999999999,116.8295068997439,72.4704931002561,11.049999999999999,813.8290137255,74021.02671040015,81.0,89.9,107.1
2024-04-18,77.3,80.3,67.9,79.0,294.6880126400001,93.845,89.09646465943575,-3.3188377501317916,36.683417076824654,-20.900000000000006,117.0984298545397,70.5915701454603,11.5,809.2766084484999,74315.71472304016,78.9,81.0,99.9
2024-04-19,78.6,81.3,73.9,78.7,88.68091082999999,91.64,88.10632516806092,-3.6913856628838886,40.25735293081612,-23.0,111.43988304059022,71.84011695940978,11.607142857142858,744.982530734,74227.03381221017,79.0,83.2,101.7
2024-04-20,78.8,90.7,78.0,89.9,213.78696079,90.65,88.27715134253131,-3.0477535647506073,49.37694702973088,-10.699999999999989,108.53518940352605,72.76481059647396,12.278571428571427,622.0800562945001,74440.82077300017,78.7,81.5,100.6
2024-04-21,88.3,89.5,83.3,84.3,83.79374003999997,89.83500000000001,87.89837502419499,-2.9554748144966396,28.651685385746745,-10.700000000000003,107.2915053475021,72.37849465249792,10.264285714285714,590.7078898795,74357.02703296018,89.9,81.0,95.0
2024-04-22,84.9,88.9,83.9,87.0,338.63101175,89.6,87.81281549808118,-2.6341114084086428,36.80981594038165,-2.9000000000000057,107.07732365395982,72.12267634604017,9.678571428571429,561.7991847370001,74695.65804471017,84.3,78.9,89.9
2024-04-23,87.6,88.1,85.0,85.7,240.66567624,88.965,87.6115949744544,-2.456016302064583,33.47107437048358,4.700000000000003,106.01369496471801,71.916305035282,9.292857142857141,527.2313844570001,74454.99236847018,87.0,79.0,81.0
2024-04-24,85.5,87.0,78.7,78.7,140.42878734,88.155,86.76287164355399,-2.846898867459771,29.83425413595434,-4.5,105.55221393302907,70.75778606697094,9.078571428571427,512.3875290865001,74314.56358113018,85.7,78.7,83.2
2024-04-25,78.4,79.8,72.8,74.7,640.5585029,87.425,85.61402672512028,-3.439790918637044,30.740037942497906,-6.799999999999997,105.81674586028949,69.03325413971051,9.1,534.0042680390001,73674.00507823017,78.7,89.9,81.5
2024-04-26,74.6,74.6,72.5,72.8,335.47862194,86.53,84.39364322748978,-4.016674537941313,32.72727271801652,-8.200000000000003,105.96335168967873,67.09664831032127,8.085714285714285,535.582521086,73338.52645629017,74.7,84.3,81.0
2024-04-27,72.6,74.5,71.5,74.5,74.46544389999998,84.9,83.45139149153837,-4.287262279175081,42.3167848559708,-4.400000000000006,102.44584971169155,67.35415028830846,6.649999999999999,475.7017669525001,73412.99190019017,72.8,87.0,78.9
2024-04-28,75.0,76.3,72.8,72.8,66.81305143,83.545,82.43697325424901,-4.586016067507515,37.55980859986035,-6.200000000000003,100.38486185716572,66.70513814283429,6.435714285714284,440.07343714200005,73346.17884876017,74.5,85.7,79.0
2024-04-29,73.1,74.1,71.1,73.0,176.24315709,82.11,81.53821389670149,-4.751865718567018,39.45409427909784,-5.700000000000003,97.24043638706968,66.97956361293032,5.985714285714285,418.95263189750005,73522.42200585017,72.8,78.7,78.7
2024-04-30,73.1,73.1,65.0,67.7,956.48395966,80.465,80.2202887636823,-5.250444610651471,35.2549889025816,-22.200000000000003,94.2227958760997,66.70720412390031,6.235714285714283,418.814182634,72565.93804619016,73.0,74.7,89.9
2024-05-01,66.9,67.9,62.8,66.8,626.8235941899997,79.055,78.94216602428399,-5.6530298439056,36.21867880393937,-17.5,92.31173215269986,65.79826784730015,6.2071428571428555,440.250918489,71939.11445200015,67.7,72.8,84.3
2024-05-02,66.3,72.2,65.4,70.3,386.37899252,78.075,78.1191025933998,-5.624821353287544,40.803382651770676,-16.700000000000003,90.84501009767581,65.3049899023242,5.807142857142856,420.27642296000005,72325.49344452015,66.8,74.5,87.0
2024-05-03,70.6,76.6,69.0,74.3,594.3609478700001,77.74,77.75537853688553,-5.219531836742249,45.68627449726259,-11.400000000000006,90.53842095523403,64.94157904476596,5.82142857142857,380.6306362405,72919.85439239015,70.3,72.8,85.7
2024-05-04,74.3,75.2,72.1,74.7,237.58044517999997,77.315,77.4643901048012,-4.81060663903601,31.094527352355158,-4.0,89.91295722789195,64.71704277210804,5.135714285714285,343.8869965975,73157.43483757015,74.3,73.0,78.7
2024-05-05,74.7,75.2,72.9,73.4,298.3020575499999,76.91,77.07730533291537,-4.5391056249815875,34.81894149059988,-1.2999999999999972,89.46218999554324,64.35781000445675,4.857142857142856,309.14058142249996,72859.13278002015,74.7,67.7,74.7
2024-05-06,74.2,75.8,71.6,72.1,437.9089615899998,76.465,76.6032762535901,-4.378367159533951,28.405797089922302,-0.7000000000000028,89.03769807329003,63.89230192670997,4.799999999999999,321.4359202015,72421.22381843015,73.4,66.8,72.8
2024-05-07,72.3,76.0,71.7,72.1,728.2842156099998,76.125,76.17439280086722,-4.202536542335551,29.518072276709262,-2.4000000000000057,88.78789648415507,63.46210351584493,4.885714285714285,348.01785255299995,72421.22381843015,72.1,70.3,74.5
2024-05-08,71.4,74.7,69.7,71.8,184.81019907999996,75.765,75.75778396268939,-4.040816981365211,36.9811320559345,-1.0,88.49296754767794,63.037032452322066,4.6499999999999995,342.523961875,72236.41361935015,72.1,74.3,72.8
2024-05-09,72.5,73.3,68.6,71.1,214.99918691000005,75.385,75.3141854900523,-3.9239048810929944,42.24137928485434,-1.9000000000000057,88.1975390885157,62.57246091148431,4.485714285714286,348.83987567899993,72021.41443244014,71.8,74.7,73.0
2024-05-10,71.5,72.8,67.7,67.8,85.83117116999999,74.28,74.59854877671398,-4.050838080203192,39.83739835131205,0.09999999999999432,85.53954098344602,63.020459016553986,4.7,342.44208619799997,71935.58326127015,71.1,73.4,67.7
2024-05-11,68.8,71.4,68.8,69.7,215.60695098,73.55,74.13202032178884,-3.952556819351102,40.322580622398554,2.9000000000000057,83.93328616474346,63.16671383525653,4.671428571428572,349.03274674499994,72151.19021225015,67.8,72.1,66.8
2024-05-12,69.3,71.4,68.9,70.8,212.20152147,72.74,73.81468505304704,-3.7427631612076766,45.86776856850626,0.5,81.0199440628676,64.4600559371324,4.6000000000000005,342.71127223099995,72363.39173372014,69.7,72.1,70.3
2024-05-13,70.3,78.5,67.8,68.3,1277.7018421200005,71.86999999999999,73.28947695275684,-3.735172538295572,41.13207544996796,-6.0,77.71469169868158,66.0253083013184,5.15,394.563080525,71085.68989160014,70.8,71.8,74.3
2024-05-14,67.6,95.8,66.9,79.8,3503.844134359992,71.925,73.90952676678,-2.769280482963694,68.50152902265988,5.099999999999994,78.05409369105173,65.79590630894826,6.635714285714286,562.7338478759996,74589.53402596014,68.3,71.1,74.7
2024-05-15,80.1,87.2,76.7,78.8,1297.3639994800014,72.13,74.37528612232477,-2.0607407759819125,68.29268289767995,5.3999999999999915,78.89153205933977,65.36846794066022,7.021428571428571,595.5741227049996,73292.17002648013,79.8,67.8,73.4
2024-05-16,77.9,78.8,72.1,73.6,636.1061151799995,72.17,74.30144934877002,-1.8969476633422602,54.78260867342154,1.5,78.95763581816276,65.38236418183725,7.014285714285714,610.6054973669995,72656.06391130014,78.8,69.7,72.1
2024-05-17,73.7,79.8,73.1,76.1,423.82740962999986,72.25,74.4727398869824,-1.547571889485667,52.72727270490358,4.0,79.18928556917297,65.31071443082703,6.950000000000001,628.0735956534996,73079.89132093014,73.6,70.8,72.1
2024-05-18,75.8,76.8,74.4,75.8,212.30824940999997,72.39999999999999,74.59914561203169,-1.2801399083770804,51.67173250080837,4.0,79.51677040887489,65.28322959112509,6.8999999999999995,635.3483555524997,72867.58307152014,76.1,68.3,71.8
2024-05-19,75.0,84.4,74.8,76.3,762.7996171500004,72.565,74.76113174421914,-1.0161388985839181,54.51713393260933,5.200000000000003,79.89030581362742,65.23969418637257,7.421428571428572,664.6761785554996,73630.38268867014,75.8,79.8,71.1
2024-05-20,75.8,78.8,73.9,78.3,291.76313810000005,73.095,75.09816681619827,-0.6381764105957473,59.4512194868196,10.5,80.47191277603775,65.71808722396224,7.471428571428571,631.4401374774997,73922.14582677014,76.3,78.8,67.8
2024-05-21,78.2,79.6,76.7,77.7,456.69563867,73.64,75.34596045275082,-0.38264253640751633,58.38323350846214,8.0,80.66069122402943,66.61930877597057,7.371428571428571,622.9337397014996,73465.45018810013,78.3,73.6,69.7
2024-05-22,77.5,77.7,75.3,76.5,110.04217633,73.95,75.45586898106026,-0.27380383113913354,56.85131193014815,5.700000000000003,80.89686601054224,67.00313398945777,7.185714285714285,609.1168988919997,73355.40801177014,77.7,76.1,70.8
2024-05-23,76.2,77.5,73.5,74.8,340.4298100599999,73.975,75.39340526857833,-0.3210236052822353,55.24079317922462,6.5,80.9307624728676,67.01923752713239,7.135714285714285,596.4203420014996,73014.97820171014,76.5,75.8,68.3
2024-05-24,75.1,75.1,72.8,74.4,97.43978694999998,73.96,75.29879524299945,-0.38626959806762784,60.185185159179255,-5.3999999999999915,80.91047139635758,67.00952860364241,6.935714285714285,589.4133090899996,72917.53841476014,74.8,76.3,79.8
2024-05-25,75.2,75.8,74.2,74.8,48.44276269,74.03,75.25129093414236,-0.4010774887348276,58.25242715807334,-4.0,80.98492252785228,67.07507747214773,6.864285714285713,576.9203443469997,72965.98117745014,74.4,78.3,78.8
2024-05-26,75.3,79.0,74.7,76.3,404.91617749999995,74.24,75.35116798803357,-0.28845030919129044,58.785942465718755,2.700000000000003,81.20318136607456,67.27681863392543,6.992857142857141,575.2707051424998,73370.89735495014,74.8,77.7,73.6
2024-05-27,76.8,78.7,75.8,76.8,344.04561572,74.475,75.48915198917322,-0.15703641856251238,64.50511942310337,0.7000000000000028,81.4513133077885,67.49868669221149,6.435714285714284,556.0587751479997,73714.94297067013,76.3,76.5,76.1
2024-05-28,76.1,79.5,74.8,76.5,467.03040035,74.71000000000001,75.58542322829959,-0.07621885275781892,40.88397786892952,0.7000000000000028,81.6232671840383,67.79673281596172,4.707142857142856,570.1697852114996,73247.91257032013,76.8,74.8,75.8
2024-05-29,76.2,76.8,75.4,75.5,425.71383082000006,74.92999999999999,75.57728768274725,-0.09180373592531055,40.88397786892952,-0.7999999999999972,81.63650901422645,68.22349098577354,4.057142857142856,580.7055174069997,72822.19873950013,76.5,74.4,76.3
2024-05-30,75.5,77.9,73.8,76.3,125.30500574999996,75.35499999999999,75.64611742724752,-0.03915025423876273,59.85401453737549,-2.0,81.17817511509472,69.53182488490526,3.8714285714285706,582.6792091359997,72947.50374525013,75.5,74.8,78.3
2024-05-31,75.7,78.0,74.8,76.6,21.22315559,75.7,75.73696338655728,0.02648025425274625,52.17391297996219,-1.1000000000000085,80.89635499780026,70.50364500219975,3.6214285714285706,572.9600193664998,72968.72690084013,76.3,76.3,77.7
2024-06-01,76.3,76.8,75.5,76.3,7.078550979999999,75.975,75.79058592117087,0.053666775102783504,52.17391297996219,-0.20000000000000284,80.63383427931399,71.316165720686,3.5428571428571423,562.7038708419997,72961.64834986013,76.6,76.8,76.5
2024-06-02,76.4,76.8,74.5,75.6,18.71144143,76.34,75.77243488105935,0.018514712805938416,47.00854695229744,0.7999999999999972,79.30179177632758,73.37820822367243,3.02142857142857,499.7543508074997,72942.93690843013,76.3,76.5,74.8
2024-06-03,74.7,76.9,74.7,76.1,79.25223130999998,76.155,75.8036315590537,0.030648969264163384,39.215686220684304,1.6999999999999886,78.62884210022547,73.68115789977453,2.8285714285714283,328.52475565500004,73022.18913974013,75.6,75.5,74.4
2024-06-04,75.9,79.2,74.7,77.2,44.88824874,76.07499999999999,75.93661902962002,0.12755587709418137,47.66355133950563,2.4000000000000057,78.27727155455584,73.87272844544414,2.942857142857143,265.900968118,73067.07738848013,76.1,76.3,74.8
2024-06-05,77.6,79.8,77.2,79.2,171.97142567,76.35499999999999,76.24741721727526,0.3615706239426686,61.73913035962196,2.9000000000000057,78.65417605379005,74.05582394620993,2.9571428571428564,242.69423364250002,73239.04881415013,77.2,76.6,76.3
2024-06-06,79.1,95.0,75.4,76.0,406.3065400999999,76.35,76.22385367277285,0.285524392857468,54.61538455656807,-0.7999999999999972,78.65194425832314,74.04805574167685,4.07142857142857,241.81819016599997,72832.74227405012,79.2,76.3,76.8
2024-06-07,75.8,76.8,69.3,71.1,290.89014367,76.11500000000001,75.73586760869924,-0.16819301773415418,40.571428538971404,-5.400000000000006,79.40215202280919,72.82784797719083,4.442857142857142,245.747284879,72541.85213038012,76.0,75.6,76.5
2024-06-08,71.1,72.0,68.0,68.3,99.45848923999996,75.715,75.02768974120407,-0.7451147152856237,33.66834168485644,-7.200000000000003,80.50897648370554,70.92102351629447,4.614285714285714,212.5802284835,72442.39364114012,71.1,76.1,75.5
2024-06-09,68.9,74.7,68.9,71.8,85.75316905999996,75.39,74.72029071823225,-0.9094252792936572,39.726027371864646,-4.5,80.32532913636126,70.45467086363874,4.721428571428571,202.27973003149998,72528.14681020012,68.3,77.2,76.3
2024-06-10,71.5,71.9,69.5,69.7,54.11305137000001,74.99,74.24216779268632,-1.1953161738357352,34.893617000488916,-6.8999999999999915,80.41000194212488,69.56999805787511,4.685714285714285,182.15060066649997,72474.03375883012,71.8,79.2,76.6
2024-06-11,70.0,70.1,65.7,67.7,162.5643282400001,74.55,73.61910419338285,-1.5652270892290403,32.53968252160496,-8.599999999999994,80.81653601954193,68.28346398045807,4.664285714285713,184.776708262,72311.46943059012,69.7,76.0,76.3
2024-06-12,67.6,70.9,66.7,68.6,95.62219438,74.24,73.14109427020354,-1.7654111159426975,36.25498005945936,-7.0,81.04476613156316,67.43523386843682,4.864285714285714,172.53632747799998,72407.09162497013,67.7,71.1,75.6
2024-06-13,67.6,69.6,66.1,67.3,246.61120154000005,73.885,72.5847995778032,-2.005835511618187,32.42187498226927,-8.799999999999997,81.36220043303612,66.40779956696389,4.82142857142857,179.99489820749997,72160.48042343013,68.6,68.3,76.1
2024-06-14,67.0,69.0,64.7,66.6,270.42912597000014,73.475,72.01481866563147,-2.227184134877689,30.769230752662722,-10.600000000000009,81.61117652346965,65.33882347653034,4.899999999999999,191.09421637149998,71890.05129746013,67.3,71.8,77.2
2024-06-15,66.4,69.0,65.7,67.5,133.42880265999997,73.035,71.58483593557132,-2.303429533330828,33.45864659893155,-11.700000000000003,81.47407577878089,64.59592422121911,5.042857142857142,177.51984762950002,72023.48010012013,66.6,69.7,79.2
2024-06-16,68.0,71.6,67.6,69.2,80.21120630000001,72.655,71.35770870361215,-2.2013035117970787,38.4057970819681,-6.799999999999997,81.06463732868465,64.24536267131535,5.164285714285713,164.3281271585,72103.69130642012,67.5,67.7,76.0
2024-06-17,68.9,68.9,63.7,64.7,108.6579796,72.065,70.72364120803005,-2.45517852612781,31.962025302295316,-6.3999999999999915,80.97939403732177,63.15060596267823,5.378571428571427,146.409506121,71995.03332682012,69.2,68.6,71.1
2024-06-18,63.7,63.7,55.7,61.1,533.5279103599999,71.345,69.80710395012242,-2.9132836965999758,26.392961865997023,-7.199999999999996,81.35057213177822,61.339427868221776,5.628571428571427,151.800210098,71461.50541646012,64.7,67.3,68.3
2024-06-19,60.8,62.8,60.0,60.5,130.83531996,70.55499999999999,68.92071309772982,-3.286861437606575,21.40672781958122,-11.299999999999997,81.37515176467191,59.734848235328066,5.6428571428571415,152.07672580850002,71330.67009650012,61.1,66.6,71.8
2024-06-20,62.1,63.9,61.0,61.0,6.0867548199999995,69.77499999999999,68.1663594693746,-3.5022074006448918,24.99999998833333,-8.700000000000003,81.00182408107364,58.54817591892634,4.449999999999999,151.31990577,71336.75685132013,60.5,67.5,69.7
2024-06-21,62.1,62.1,59.8,60.8,29.46860264,69.0,67.46480142467226,-3.646968968260026,29.644268758299617,-6.900000000000006,80.46766621510496,57.53233378489505,4.078571428571428,152.439408353,71307.28824868012,61.0,69.2,67.7
2024-06-22,60.4,60.8,59.2,60.5,19.375261070000004,68.245,66.8014870032749,-3.7427568748727396,32.89473682190675,-8.099999999999994,79.8702855086618,56.61971449133822,3.907142857142856,152.47259933499998,71287.91298761012,60.8,64.7,68.6
2024-06-23,61.1,71.9,59.3,65.3,805.2123001699996,67.70500000000001,66.65848824105824,-3.3922458971508718,36.514522800365,-2.0,78.78451642494083,56.62548357505919,4.392857142857143,188.77060277799995,72093.12528778012,60.5,61.1,67.3
2024-06-24,64.9,64.9,56.2,60.3,474.49644480000023,66.86,66.05291793238602,-3.4778313602200157,32.592592575692706,-6.299999999999997,77.45779520267786,56.26220479732214,4.8428571428571425,210.251012581,71618.62884298012,65.3,60.5,66.6
2024-06-25,59.2,61.1,59.1,60.8,70.13840804999998,65.94,65.55264003406354,-3.4653660522518734,36.470588215271036,-6.700000000000003,75.12818463256548,56.75181536743452,4.671428571428572,205.15936169999995,71688.76725103012,60.3,61.0,67.5
2024-06-26,61.2,67.7,58.5,60.9,175.33489127,65.185,65.10953145939082,-3.4081312263252457,34.41295544608174,-8.300000000000004,73.31299580397783,57.057004196022184,5.028571428571429,193.61077925849997,71864.10214230012,60.8,60.8,69.2
2024-06-27,60.1,64.8,55.5,61.7,398.4669884499999,64.715,64.78481417754408,-3.260632360128511,38.42975204388363,-3.0,72.48194073757874,56.94805926242127,5.442857142857143,198.98962149749997,72262.56913075013,60.9,60.5,64.7
2024-06-28,61.5,63.5,60.1,60.1,237.1934623599999,64.30499999999999,64.33864139873036,-3.235547694473908,37.051792808018945,-1.0,72.14053981615393,56.469460183846046,5.378571428571429,205.8763701535,72025.37566839013,61.7,65.3,61.1
2024-06-29,59.8,64.8,59.8,61.1,51.18084724,63.769999999999996,64.03019936075604,-3.099250048226523,37.301587280864204,0.6000000000000014,70.87821615049182,56.66178384950817,5.5,204.14775406249998,72076.55651563013,60.1,60.3,60.5
2024-06-30,61.5,61.7,60.0,61.4,130.69415869,63.355,63.779704183541185,-2.9332134302467026,33.61344535837864,0.3999999999999986,69.95658673111463,56.75341326888537,5.335714285714287,207.97680942849996,72207.25067432014,61.1,60.8,61.0
2024-07-01,61.2,63.0,60.1,60.1,299.1352975199999,62.975,63.42925616606107,-2.873404530914698,38.83495142991799,-0.6999999999999957,69.39597713501837,56.554022864981626,5.171428571428572,214.80535789249998,71908.11537680014,61.4,60.9,60.8
2024-07-02,59.7,63.2,59.7,60.3,182.66973046,62.56,63.13123176929335,-2.7778459399176967,47.67441856584639,-0.20000000000000284,68.5055069280581,56.614493071941915,4.8500000000000005,219.15773469649997,72090.78510726013,60.1,61.7,60.5
2024-07-03,60.3,60.4,57.9,57.9,55.53771179,62.089999999999996,62.63301921983684,-2.8627747254333684,43.15789470504155,-7.399999999999999,67.94325820197223,56.236741798027765,4.828571428571429,209.60406020899995,72035.24739547013,60.3,60.1,65.3
2024-07-04,57.0,57.0,52.8,52.9,153.25058321,61.40500000000001,61.706065008423806,-3.2955505576692374,32.765957427288356,-7.399999999999999,68.17131750892514,54.63868249107487,4.921428571428573,203.74513307099997,71881.99681226013,57.9,61.1,60.3
2024-07-05,51.8,51.9,46.7,50.8,163.16643893000003,60.57000000000001,60.66739215047868,-3.7645851777093284,30.31496061321222,-10.0,68.23182608438593,52.908173915614086,5.128571428571429,205.2320148845,71718.83037333013,52.9,61.4,60.8
2024-07-06,51.3,52.8,51.0,52.8,26.20508838,59.75,59.91811670757595,-3.929617028992169,35.79335791508829,-8.100000000000001,67.02345570514765,52.476544294852346,5.142857142857143,202.53170898849996,71745.03546171013,50.8,60.1,60.9
2024-07-07,52.7,52.7,51.5,51.5,2.38292613,59.089999999999996,59.11639130685443,-4.117837231233622,20.762711852089907,-10.200000000000003,66.85141604009067,51.32858395990933,4.328571428571428,197.21795631499998,71742.65253558013,52.8,60.3,61.7
2024-07-08,50.0,52.9,48.6,51.7,63.95411674,58.620000000000005,58.41006832524925,-4.202421865682247,27.127659554266643,-8.399999999999999,66.98398293436352,50.25601706563649,4.014285714285714,173.739266634,71806.60665232013,51.5,57.9,60.1
2024-07-09,52.6,55.1,52.6,53.7,79.41542383999999,58.28000000000001,57.961490389511226,-4.061256871410791,32.51231524851369,-7.399999999999999,66.87194236969843,49.688057630301586,4.05,171.16827182799997,71886.02207616012,51.7,52.9,61.1
2024-07-10,54.8,57.4,53.9,54.1,74.66692944,57.935,57.593729400033965,-3.8724665554270814,33.49514560830427,-7.299999999999997,66.62068695583403,49.24931304416598,3.6428571428571423,174.59728055899998,71960.68900560013,53.7,50.8,61.4
2024-07-11,54.1,56.3,54.0,54.4,120.06623015,57.614999999999995,57.28956469526882,-3.6564916177711737,31.840795997722807,-5.700000000000003,66.32779156425273,48.902208435747255,3.1428571428571423,179.12716193449995,72080.75523575013,54.1,52.8,60.1
2024-07-12,54.2,56.3,54.2,55.6,15.60548448,57.36999999999999,57.12865377190989,-3.349884568408136,38.57868017562936,-4.699999999999996,66.016532618096,48.723467381903994,3.0499999999999994,178.93867310499996,72096.36072023012,54.4,51.5,60.3
2024-07-13,55.9,57.0,55.3,56.4,63.89574231,56.925,57.05925817458514,-3.007672383654736,37.948717921472706,-1.5,64.72806957144755,49.12193042855244,2.8142857142857136,141.872845212,72160.25646254011,55.6,51.7,57.9
2024-07-14,56.9,57.6,56.6,57.6,48.25171009,56.79,57.11075739605322,-2.6095554596040955,40.68627448188197,4.700000000000003,64.43912103653666,49.14087896346334,2.7642857142857133,120.5606084765,72208.50817263011,56.4,53.7,52.9
2024-07-15,58.1,60.2,58.1,60.2,22.20513349,56.760000000000005,57.40497097738149,-2.060494559455158,50.23041471413706,9.400000000000006,64.34735790641307,49.17264209358695,2.7071428571428564,118.16394474849999,72230.71330612012,57.6,54.1,50.8
2024-07-16,60.8,61.9,59.1,60.7,168.44627591999995,56.75,57.71878326524992,-1.566951181168065,50.90909087669423,7.900000000000006,64.31487729054882,49.18512270945117,2.657142857142856,117.819513981,72399.15958204011,60.2,54.4,52.8
2024-07-17,62.1,62.2,60.1,61.1,18.53631813,56.71999999999999,58.04080390665469,-1.130506070758912,57.99999995940001,9.600000000000001,64.20657746271765,49.23342253728234,2.6285714285714277,98.82298046499999,72417.69590017012,60.7,55.6,51.5
2024-07-18,62.3,62.5,58.2,58.2,47.754730160000015,56.625,58.05596543935424,-1.007017667210171,64.80446922305796,6.5,63.9780158510146,49.2719841489854,2.635714285714285,89.35104385499999,72369.94117001012,61.1,56.4,51.7
2024-07-19,59.3,59.6,57.2,59.5,71.17890510999997,56.545,58.19349254036812,-0.7950878049744929,75.43859642946549,5.799999999999997,63.72581508348228,49.36418491651772,2.4357142857142846,90.3509467485,72441.12007512012,58.2,57.6,53.7
2024-07-20,58.8,59.1,58.2,59.1,6.49954625,56.42999999999999,58.27982658414258,-0.6518938923399773,70.32258058164413,5.0,63.352457732094884,49.5075422679051,2.3714285714285706,84.14121612649998,72434.62052887013,59.5,60.2,54.1
2024-07-21,58.6,59.9,57.1,59.9,14.96216321,56.42,58.434128814224245,-0.46845827540596474,77.99999992720001,5.5,63.32067883769861,49.519321162301395,2.4857142857142844,69.932559411,72449.58269208013,59.1,60.7,54.4
2024-07-22,59.0,59.0,56.5,56.5,29.50303976000004,56.23,58.249926070012414,-0.5906274270910785,63.186813138207945,0.8999999999999986,62.885777071166174,49.57422292883382,2.3571428571428563,62.274224876000005,72420.07965232013,59.9,61.1,55.6
2024-07-23,57.7,57.8,54.4,55.6,15.724661449999996,56.11500000000001,57.99755215858266,-0.7514080738290545,55.55555551007147,-0.7999999999999972,62.728630263566814,49.501369736433205,2.4214285714285704,60.283572359000004,72404.35499087012,56.5,58.2,56.4
2024-07-24,55.6,56.4,53.7,53.7,23.04779767,56.154999999999994,57.58826147681288,-1.020379713594302,48.92473114597064,-3.8999999999999986,62.696036454167306,49.61396354583268,2.364285714285713,53.773433082,72381.30719320012,55.6,59.5,57.6
2024-07-25,52.6,60.8,51.1,54.9,180.37760826,56.36,57.33223657425928,-1.12375772522131,51.2820512452334,-5.300000000000004,62.434762286881195,50.2852377131188,2.8928571428571415,54.6339915485,72561.68480146011,53.7,59.1,60.2
2024-07-26,54.9,57.1,54.6,55.3,233.42586959000005,56.485,57.13869023385363,-1.160036706123158,49.19786092573421,-5.400000000000006,62.350608955689204,50.619391044310795,2.9214285714285704,64.995030609,72795.11067105012,54.9,59.9,60.7
2024-07-27,54.7,55.5,54.2,54.3,15.87198291,56.625,56.86833878301043,-1.2550126973582039,44.444444411522625,-6.800000000000004,62.1110109177327,51.1389890822673,2.8928571428571415,65.66948344800001,72779.23868814012,55.3,56.5,61.1
2024-07-28,54.2,54.3,53.4,53.4,11.93807924,56.71,56.538020803676105,-1.3869168192960828,38.7096773902185,-4.800000000000004,61.920475278857744,51.49952472114226,2.885714285714284,63.068681573000006,72767.30060890011,54.3,55.6,58.2
2024-07-29,55.5,56.9,54.1,54.3,37.04142847999999,56.739999999999995,56.32487596523076,-1.402660312902178,32.544378671264965,-5.200000000000003,61.883989850199555,51.596010149800435,2.9357142857142837,60.94998180499999,72804.34203738012,53.4,53.7,59.5
2024-07-30,54.5,54.5,52.0,53.0,115.00979741999998,56.685,56.00822111139926,-1.5027139296829688,28.248587548277925,-6.100000000000001,61.96944589536702,51.40055410463298,2.9142857142857124,62.967125204,72689.33223996012,54.3,54.9,59.1
2024-07-31,53.4,53.6,51.5,51.5,126.35816092999998,56.54,55.57886671983742,-1.6836366900703723,24.468085088162027,-8.399999999999999,62.231877869756104,50.848122130243894,2.9142857142857124,63.281721743000006,72562.97407903011,53.0,55.3,59.9
2024-08-01,51.5,52.1,48.5,52.1,92.86118493000004,56.364999999999995,55.2475460798529,-1.758335300743468,31.515151488411362,-4.399999999999999,62.38436349144276,50.34563650855723,2.864285714285713,67.1445067655,72655.83526396012,51.5,54.3,56.5
2024-08-02,52.3,52.3,48.1,48.6,10.947179379999998,55.975,54.614446453200244,-2.0760241233420516,20.855614957648186,-7.0,62.92379769986817,49.026202300131835,2.992857142857141,64.497078619,72644.88808458012,52.1,53.4,55.6
2024-08-03,47.3,49.3,45.8,46.1,44.12883360000001,55.4,53.803546790990694,-2.500697427391138,18.74999998737978,-7.600000000000001,63.577246995233885,47.22275300476611,3.178571428571427,64.2909347945,72600.75925098012,48.6,54.3,53.7
2024-08-04,47.0,47.9,43.8,45.9,45.88105540999999,54.685,53.05082804899158,-2.82087511657614,15.346534642829113,-9.0,63.56555830392904,45.80444169607097,3.27142857142857,65.47473089050001,72554.87819557011,46.1,53.0,54.9
2024-08-05,44.4,44.6,37.9,41.2,128.75761135,53.71,51.92217775861143,-3.4145086324153056,14.418604641773925,-14.099999999999994,63.9826822203361,43.4373177796639,3.5714285714285703,63.490297662,72426.12058422012,45.9,51.5,55.3
2024-08-06,43.1,43.9,42.3,43.3,71.65186992000001,52.81999999999999,51.10101797207701,-3.673172969526746,22.907488972656154,-11.0,63.4741022492208,42.16589775077919,3.442857142857142,66.1460752515,72497.77245414011,41.2,52.1,54.3
2024-08-07,43.1,53.4,42.6,43.6,488.85774408,52.089999999999996,50.38663530806968,-3.8100390687505126,26.066350693605244,-9.799999999999997,63.183649202655936,40.99635079734406,4.0214285714285705,88.2012259475,72986.63019822011,43.3,48.6,53.4
2024-08-08,43.2,47.2,43.0,47.2,86.86800925999998,51.475,50.08314623111066,-3.586671607244945,33.61702125656859,-7.099999999999994,62.19652286905125,40.75347713094875,3.6285714285714286,88.985681155,73073.49820748011,43.6,46.1,54.3
2024-08-09,47.1,47.1,45.4,46.2,13.971756419999998,50.83,49.71332278052869,-3.450566939601032,31.120331932129275,-6.799999999999997,61.16524373964663,40.49475626035337,3.5714285714285716,89.35929166349999,73059.52645106011,47.2,45.9,53.0
2024-08-10,45.7,46.8,45.7,45.9,40.92450963,50.13,49.3501491823831,-3.3285411522492367,32.05128203210607,-5.600000000000001,59.75039500228605,40.50960499771396,3.557142857142857,90.6574089845,73018.60194143011,46.2,41.2,51.5
2024-08-11,46.3,56.0,45.8,50.4,501.36875236,49.825,49.45013497453709,-2.83603045102209,44.44444442139917,-1.7000000000000028,58.97011661460625,40.67988338539376,4.2214285714285715,114.25069461449998,73519.9706937901,45.9,43.3,52.1
2024-08-12,50.1,50.8,46.8,47.8,300.1265057300001,49.435,49.29297926267642,-2.6252482155760504,38.675958169286986,-0.8000000000000043,58.200548591233385,40.66945140876662,4.307142857142858,128.4707868285,73219.8441880601,50.4,43.6,48.6
2024-08-13,47.4,47.6,45.9,45.9,169.58007714000004,49.045,48.96983838051676,-2.5817550315020554,37.88395902626704,-0.20000000000000284,57.70500486203887,40.384995137961134,4.250000000000001,135.797400802,73050.2641109201,47.8,47.2,46.1
2024-08-14,45.9,45.9,43.4,43.6,299.20814949999993,48.480000000000004,48.45842520141993,-2.7017332487488943,36.877076394808,-2.299999999999997,57.005034341650855,39.95496565834915,4.278571428571429,141.738927864,72751.0559614201,45.9,46.2,45.9
2024-08-15,43.9,44.0,41.2,41.5,66.06809647000001,47.790000000000006,47.795718039379935,-2.932465661136014,33.227848086544626,0.29999999999999716,56.22424098853254,39.35575901146747,4.2214285714285715,133.371039208,72684.9878649501,43.6,45.9,41.2
2024-08-16,41.6,45.1,40.8,42.7,229.8188333899999,47.209999999999994,47.31041155943899,-2.984094010885059,39.93174059525447,-0.5999999999999943,55.34954608846996,39.07045391153003,4.2285714285714295,144.06838173199998,72914.80669834011,41.5,50.4,43.3
2024-08-17,42.3,43.3,42.3,43.3,27.922306460000005,46.705,46.92846760139718,-2.942673555436201,44.890510925968336,-0.30000000000000426,54.47226599600159,38.93773400399841,4.050000000000001,144.867593093,72942.7290048001,42.7,47.8,43.6
2024-08-18,43.2,44.9,41.9,44.8,37.225474870000006,46.230000000000004,46.725756401264114,-2.7570287706208703,48.08362366992436,-2.4000000000000057,53.158233617065946,39.30176638293406,3.971428571428572,144.87679541249997,72979.95447967011,43.3,45.9,47.2
2024-08-19,44.0,44.6,43.7,44.6,23.41286779,45.81,46.52330341066753,-2.5961158620547735,57.0247933554402,-1.6000000000000014,51.98802557456759,39.63197442543242,3.5571428571428574,140.296948931,72956.54161188011,44.8,43.6,46.2
2024-08-20,45.7,46.3,45.4,46.2,18.132591379999997,45.545,46.49251260965158,-2.312823801359926,56.11814342676566,0.30000000000000426,51.12068971424028,39.969310285759725,3.507142857142857,134.8856704535,72974.6742032601,44.6,41.5,45.9
2024-08-21,46.6,48.5,46.0,47.7,83.91856370000002,45.325,46.60751140873238,-1.944856246099178,58.232931694166226,-2.6999999999999957,50.10164273203313,40.54835726796688,2.9142857142857146,134.438539392,73058.59276696011,46.2,42.7,50.4
2024-08-22,47.0,48.4,47.0,48.1,16.850274260000003,45.3,46.74965317932929,-1.6024901415946147,52.07373268529805,0.30000000000000426,50.009229459824006,40.59077054017599,2.7142857142857144,134.733694136,73075.4430412201,47.7,43.3,47.8
2024-08-23,48.7,56.5,48.7,52.5,241.08899093000008,45.62,47.29730525748841,-0.9649954427196121,62.54980076192441,6.600000000000001,51.32303704870996,39.91696295129003,3.1499999999999995,144.58170200249998,73316.5320321501,48.1,44.8,45.9
2024-08-24,51.8,54.1,51.2,52.4,102.59516452000008,45.945,47.78327618534666,-0.46251389297172096,63.05220879989033,8.799999999999997,52.40572344002064,39.484276559979364,3.2785714285714285,147.417407458,73213.93686763011,52.5,44.6,43.6
2024-08-25,52.3,55.5,51.0,52.9,203.9810189,46.53,48.27058321531364,-0.023674913619714744,55.980861206520004,11.399999999999999,53.29339995471061,39.766600045289394,2.871428571428571,151.1785778355,73417.91788653011,52.4,46.2,41.5
2024-08-26,52.2,56.7,50.5,50.5,478.28015223000017,46.89,48.48290862337901,0.1289616076802389,56.52173909220753,7.799999999999997,53.6958488777947,40.0841511222053,3.0285714285714285,171.50999195100002,72939.63773430011,52.9,47.7,42.7
2024-08-27,51.4,52.3,48.6,48.6,99.64254413999996,47.14,48.4940601830572,0.09551202627501709,56.52173909220753,5.300000000000004,53.802826964427766,40.477173035572235,3.171428571428571,152.04923195400002,72839.9951901601,50.5,48.1,43.3
2024-08-28,47.6,48.9,46.3,47.9,40.79946293,47.175,48.43748302276604,0.012376177296282265,61.25654445771771,3.1000000000000014,53.84650263197369,40.5034973680263,3.178571428571428,149.74580463750002,72799.19572723011,48.6,52.5,44.8
2024-08-29,47.3,49.8,47.2,48.1,36.86383879,47.269999999999996,48.4053417825026,-0.0369453702203586,69.18604645531369,3.5,53.93715436812678,40.602845631873215,3.1642857142857137,150.890408756,72836.0595660201,47.9,52.4,44.6
2024-08-30,47.9,48.2,45.8,47.4,40.08910486999999,47.345,48.30959494607379,-0.13100703428357718,64.07185623371221,1.1999999999999957,53.98093883414677,40.70906116585323,3.028571428571428,150.848638518,72795.97046115011,48.1,52.9,46.2
2024-08-31,47.4,47.9,46.3,46.7,32.79961951999999,47.160000000000004,48.15630018930486,-0.25904956841534954,60.119047568948424,-1.0,53.641845091444615,40.67815490855539,3.0714285714285707,127.42018187599999,72763.17084163011,47.4,50.5,47.7
2024-09-01,46.2,46.3,44.6,44.6,97.00792009,47.0,47.81760493318058,-0.5239370288500425,49.42528731655438,-3.5,53.57267069006282,40.42732930993718,2.9785714285714278,117.26425259400003,72666.1629215401,46.7,48.6,48.1
2024-09-02,46.8,47.3,46.8,47.1,8.329710419999998,47.059999999999995,47.749261606211,-0.5260689476652587,56.34517762493236,-5.399999999999999,53.61226758659372,40.50773241340627,2.9499999999999993,109.20173425800002,72674.4926319601,44.6,47.9,52.5
2024-09-03,47.6,47.7,45.9,45.9,52.10848792,47.175,47.57314145323853,-0.6174706624331208,49.22279789175548,-6.5,53.54990970008372,40.80009029991628,3.014285714285714,96.84675117900001,72622.3841440401,47.1,48.1,52.4
2024-09-04,45.5,46.1,44.4,46.1,86.0836624,47.404999999999994,47.43284226721581,-0.6660905738616947,45.55555552012346,-6.799999999999997,53.22564384212374,41.58435615787625,2.957142857142857,97.84752947550001,72708.4678064401,45.9,47.4,52.9
2024-09-05,46.5,46.5,44.2,44.2,99.44115996999996,47.480000000000004,47.12495252748097,-0.8481592728571741,39.99999997128205,-6.299999999999997,53.07984962204206,41.880150377957946,3.0214285714285714,91.32864580450001,72609.0266464701,46.1,46.7,50.5
2024-09-06,42.9,43.0,40.0,41.1,19.697970609999995,47.37,46.55114752486374,-1.2284335040034051,18.681318666948457,-7.5,53.38650361833886,41.35349638166114,2.6785714285714284,90.91742901200001,72589.3286758601,44.2,44.6,48.6
2024-09-07,40.9,42.0,40.9,41.5,6.20238435,47.205,46.07008585582909,-1.4804610810666432,20.54054052499636,-6.399999999999999,53.681670684688676,40.72832931531132,2.5500000000000003,89.36627448600001,72595.53106021011,41.1,47.1,47.9
2024-09-08,41.9,42.3,41.4,42.1,45.516195199999984,47.08,45.69198244098823,-1.6131839852493357,20.96774191970171,-6.0,53.8578586899598,40.3021413100402,2.292857142857143,90.47144085650001,72641.04725541011,41.5,45.9,48.1
2024-09-09,42.3,44.7,42.3,44.1,42.33626744999999,46.975,45.54036506565601,-1.5392411439651283,32.417582392645826,-3.299999999999997,53.874237181328205,40.0757628186718,2.021428571428572,91.68162466000001,72683.38352286011,42.1,46.1,47.4
2024-09-10,44.3,45.7,43.7,45.3,33.71397625,46.855000000000004,45.51747315464115,-1.3680410131132348,40.571428538971425,-1.4000000000000057,53.78456290867427,39.92543709132574,1.9000000000000006,89.17139528750002,72717.09749911011,44.1,44.2,46.7
2024-09-11,44.3,45.3,43.4,45.3,103.11904331,46.714999999999996,45.49676142562771,-1.2183196454872416,42.26190472668651,0.6999999999999957,53.65178979295105,39.77821020704894,1.8500000000000003,93.48483374000003,72717.09749911011,45.3,41.1,44.6
2024-09-12,45.3,46.2,45.0,46.2,277.54560716000003,46.4,45.56373652794888,-1.0153377233245635,44.57142853577144,-0.8999999999999986,52.78056258862645,40.019437411373545,1.750000000000001,95.30766455150001,72994.64310627012,45.3,41.5,47.1
2024-09-13,46.2,48.0,45.9,47.9,28.079545259999993,46.175,45.78623781100137,-0.7091229669483994,51.35135131249087,2.0,51.953681328360986,40.39631867163901,1.7285714285714293,91.5818835885,73022.72265153012,46.2,42.1,45.9
2024-09-14,47.8,47.8,47.1,47.1,13.27669874,45.885000000000005,45.91135801947743,-0.5249476111898872,51.07526877876055,1.0,50.753059161515104,41.016940838484906,1.6642857142857146,82.0466675805,73009.44595279012,47.9,44.1,46.1
2024-09-15,47.5,48.0,45.2,45.2,36.90918461,45.620000000000005,45.84360963667006,-0.5262353226475796,51.630434743324685,1.0,49.98087871396419,41.25912128603582,1.7428571428571433,59.9781191995,72972.53676818011,47.1,45.3,44.2
2024-09-16,44.4,44.4,44.4,44.4,4.15891,45.410000000000004,45.70612300460624,-0.5850648934745735,41.91616762953135,3.299999999999997,49.56636480846711,41.2536351915329,1.7071428571428575,55.203937492499996,72968.37785818012,45.2,45.3,41.1
2024-09-17,44.1,45.5,43.8,45.1,33.984455249999996,45.27,45.64839700416755,-0.568648575535903,47.53086415645482,3.6000000000000014,49.25845702919003,41.28154297080997,1.7000000000000004,54.86318710849999,73002.36231343012,44.4,46.2,41.5
2024-09-18,45.0,47.3,44.7,47.3,68.03045003,45.230000000000004,45.80569252758016,-0.37380788683140054,53.29670325570583,5.199999999999996,49.113622833875695,41.34637716612431,1.764285714285714,56.421517670499995,73070.39276346011,45.1,47.9,42.1
2024-09-19,47.5,50.0,47.1,49.0,124.4071902,45.31,46.10991228685824,-0.0812824710448865,63.333333284074065,4.899999999999999,49.439942015651404,41.1800579843486,1.807142857142857,60.637421937,73194.79995366011,47.3,47.1,44.1
2024-09-20,49.3,52.0,49.0,50.8,57.83261792999999,45.515,46.55658730715746,0.2924201478310948,79.04191610140198,5.5,50.29181902525218,40.73818097474782,1.807142857142857,61.88907185749999,73252.63257159012,49.0,45.2,45.3
2024-09-21,50.7,52.1,50.7,52.1,23.4336342,45.89,47.08453137314246,0.6855783803084918,80.11363629990961,6.800000000000004,51.473773483568316,40.306226516431686,1.828571428571428,58.21035756299999,73276.06620579012,50.8,44.4,45.3
2024-09-22,51.4,51.4,50.2,50.2,3.0688140200000005,46.045,47.38124267093842,0.8342285239268747,71.42857137566138,4.0,51.93396380841769,40.15603619158232,1.8499999999999994,57.94731274299998,73272.99739177011,52.1,45.1,46.2
2024-09-23,51.0,52.1,51.0,52.1,17.48039173,46.355,47.83064813084905,1.092752385463477,71.27659569160254,4.200000000000003,52.83492040237098,39.87507959762901,1.7571428571428562,56.21590793349999,73290.47778350012,50.2,47.3,47.9
2024-09-24,51.8,54.9,51.0,52.7,4241.05729694,46.685,48.29439592791105,1.3307097996535404,70.32967027557059,5.600000000000001,53.755554210393726,39.61444578960628,1.892857142857142,263.9645896605,77531.53508044011,52.1,49.0,47.1
2024-09-25,52.2,52.2,50.1,50.1,10.27172685,46.980000000000004,48.466358220490946,1.2945714797209291,61.53846149704143,4.899999999999999,54.10611210157557,39.85388789842444,1.9071428571428564,259.5061180045,77521.26335359011,52.7,50.8,45.2
2024-09-26,49.2,51.8,49.2,51.6,19.13308936,47.505,48.7648002947299,1.3711631495204983,62.61682238894227,7.200000000000003,54.34866014721198,40.661339852788025,2.007142857142856,259.477873942,77540.3964429501,50.1,52.1,44.4
2024-09-27,52.1,53.8,52.1,53.2,12.92812149,48.089999999999996,49.18720026666039,1.543180404782028,62.441314512949376,8.100000000000001,54.77065549888242,41.40934450111757,1.9785714285714266,259.814160799,77553.3245644401,51.6,50.2,45.1
2024-09-28,51.6,51.6,51.1,51.5,3.65781653,48.559999999999995,49.40746690793083,1.5247531215278727,59.90990987212887,4.200000000000003,54.77251707611848,42.34748292388151,1.9642857142857129,257.7212418655,77549.6667479101,53.2,52.1,47.3
2024-09-29,50.6,52.6,50.6,52.6,71.75824754000001,48.985,49.71151767860409,1.5806889751432536,67.28971958214689,3.6000000000000014,55.07460287357935,42.89539712642065,1.907142857142856,259.19234087,77621.4249954501,51.5,52.7,49.0
2024-09-30,51.6,51.7,49.6,49.9,120.01255848,49.214999999999996,49.72946837587989,1.3911151969200475,61.80257507016154,-0.8999999999999986,55.06119534398322,43.36880465601677,2.057142857142856,263.5072699815,77501.4124369701,52.6,50.1,50.8
2024-10-01,51.2,52.0,44.8,44.8,207.8334871300001,49.190000000000005,49.25999519722466,0.8198979610252835,49.45848372951556,-7.300000000000004,55.11049073357327,43.26950926642674,2.449999999999999,268.7429921725,77293.5789498401,49.9,51.6,52.1
2024-10-14,55.5,56.3,52.2,56.3,1065.9744325099996,49.695,49.93047184510802,1.280398440469277,62.16216213864134,6.099999999999994,56.232495094091796,43.157504905908205,2.557142857142856,308.1644334399999,78359.5533823501,44.8,53.2,50.2
2024-10-15,55.1,55.1,45.5,51.9,310.30079272999984,49.894999999999996,50.118045955097735,1.275600828176458,53.65239292818303,-0.20000000000000284,56.44600635097673,43.34399364902326,3.0357142857142847,322.2754958135,78049.2525896201,56.3,51.5,52.1
2024-10-16,52.3,60.8,51.0,56.2,606.2205080000001,50.35,50.69727967365986,1.6003251965718022,56.398104246692576,3.5,57.33343905627039,43.36656094372961,3.52142857142857,351.9226862765,78655.4730976201,51.9,52.6,52.7
2024-10-17,56.1,62.6,54.3,56.5,1125.3447746599993,50.915,51.24991970473987,1.8604331752681986,55.33980580643793,6.399999999999999,57.97214270494128,43.85785729505872,4.014285714285713,406.34446577899996,79780.8178722801,56.2,49.9,50.1
2024-10-18,56.2,56.2,54.3,54.9,140.57123448000002,51.44,51.59754639952654,1.9153846323634554,55.745721252311974,3.299999999999997,58.00125790250383,44.878742097496165,4.064285714285714,413.16508200299995,79640.2466378001,56.5,44.8,51.6
2024-10-19,54.8,54.9,54.1,54.4,87.45031597,51.90500000000001,51.864446742428775,1.896723983280097,52.911392386309885,1.1999999999999957,57.86503355695345,45.94496644304657,4.042857142857143,415.83837503899997,79552.7963218301,54.9,56.3,53.2
2024-10-20,54.0,55.5,53.7,54.8,42.941615070000005,52.279999999999994,52.144023243149846,1.8923975603996368,52.67175570642736,3.299999999999997,57.95713790010892,46.60286209989107,3.8928571428571423,414.5839332909999,79595.7379369001,54.4,51.9,51.5
2024-10-21,55.6,55.6,53.5,53.6,53.27077689999999,52.510000000000005,52.282687696183196,1.771715632953125,54.617414227845806,1.0,57.99717164225706,47.02282835774295,3.8928571428571423,411.02711262599996,79542.4671600001,54.8,56.2,52.6
2024-10-22,53.1,54.0,52.9,54.0,16.10259685,52.67,52.446241248927656,1.688882605660801,53.26086954495509,4.100000000000001,58.13379470986877,47.20620529013123,3.7857142857142856,408.94061157199997,79558.5697568501,53.6,56.5,49.9
2024-10-23,53.5,53.5,30.4,36.7,6185.287849089999,51.9,50.94659922522026,0.2246814292276582,34.285714276571426,-8.099999999999994,60.89894730685706,42.90105269314294,5.314285714285715,717.0333223164998,73373.2819077601,54.0,54.9,44.8
2024-10-24,37.4,41.2,33.8,34.3,5951.449865849989,51.105,49.361208822818334,-1.1164981982254005,33.83458645726158,-22.0,63.060087003580065,39.14991299641993,5.807142857142858,1014.4523749079993,67421.83204191011,36.7,54.4,56.3
2024-10-25,34.5,35.5,28.5,29.3,2965.2426252299997,49.965,47.45061750635944,-2.5534167302957442,29.597197891167056,-22.599999999999998,65.37084646370232,34.55915353629769,6.1642857142857155,1161.8404865829993,64456.58941668011,34.3,54.8,51.9
2024-10-26,29.2,31.0,27.7,29.7,1633.0048388800003,48.815,45.76008250575378,-3.61820000493438,31.569343057628274,-26.500000000000004,66.6097685984869,31.0202314015131,6.250000000000001,1031.4378636799993,66089.5942555601,29.3,53.6,56.2
2024-10-27,29.8,30.8,27.4,28.4,1031.5558506000002,47.730000000000004,44.10674131472961,-4.514902570478213,33.921568618139176,-28.1,67.70726075738193,27.75273924261807,5.9785714285714295,1082.5020698674994,65058.038404960105,29.7,54.0,56.5
2024-10-28,28.4,33.2,23.7,25.2,3092.4509637900023,46.41,42.30609928475536,-5.421266089688018,13.58313816884862,-29.7,68.66903955936272,24.15096044063728,6.364285714285716,1236.1679635889993,61965.5874411701,28.4,36.7,54.9
2024-10-29,25.3,38.0,24.4,25.8,4738.998342489997,45.040000000000006,40.734089829064374,-6.0217359000126365,16.45244215346183,-28.599999999999998,68.8576758776027,21.222324122397307,6.650000000000001,1472.4714746389993,66704.58578366009,25.2,34.3,54.4
2024-10-30,25.9,33.8,25.1,28.7,2531.8586300299976,43.9,39.587986035820144,-6.192226652830939,13.333333328355536,-26.099999999999998,68.58265958543645,19.217340414563555,6.571428571428572,1598.8815153139992,69236.44441369009,25.8,29.3,54.8
2024-10-31,29.1,38.0,26.4,27.0,3833.061521999999,42.62,38.389130222884894,-6.390847879080816,12.082262206448547,-26.6,68.04693143313354,17.19306856686646,6.807142857142859,1786.9466790369993,65403.38289169009,28.7,29.7,53.6
2024-11-01,26.2,28.2,24.4,25.5,1661.625179549999,41.4,37.16159401118157,-6.593290744329799,12.113402057484834,-28.5,67.68323460026643,15.116765399733566,6.942857142857143,1864.0273100904992,63741.75771214009,27.0,28.4,54.0
2024-11-02,25.5,29.0,24.8,26.8,2609.583259380001,40.5,36.17477553392618,-6.573058906626528,15.151515146158545,-9.900000000000002,67.51555107711133,13.48444892288867,7.185714285714286,1984.1147987029992,66351.3409715201,25.5,25.2,36.7
2024-11-03,27.2,27.3,23.8,24.6,1532.7253722099997,38.915,35.07241595926654,-6.6577996730228115,13.526570043734978,-9.699999999999996,65.74650347907064,12.083496520929366,7.307142857142858,2007.4523456879992,64818.6155993101,26.8,25.8,34.3
2024-11-04,24.6,24.6,20.5,20.8,2792.0531334999973,37.36,33.713138248860204,-6.95145355355525,12.727272723223138,-8.5,64.6241966881961,10.095803311803913,7.450000000000001,2131.5399627264987,62026.5624658101,24.6,28.7,29.3
2024-11-05,21.0,24.4,15.9,16.6,7214.066176350001,35.38,32.083315558492565,-7.437348148803682,10.87866108467989,-13.099999999999998,62.63502174877736,8.124978251222643,7.9785714285714295,2461.9322461439992,54812.4962894601,20.8,27.0,29.7
2024-11-06,16.8,19.5,13.5,17.4,9438.414259029998,33.425,30.684904552921843,-7.6694610294250545,19.16932906490827,-11.0,59.89944646804697,6.950553531953027,6.757142857142858,2877.585720362499,64250.910548490094,16.6,25.5,28.4
2024-11-07,17.8,18.7,16.0,16.2,1408.5621026300005,31.49,29.305389833595953,-7.859641080858612,19.93355480800433,-9.0,56.994996414531684,5.985003585468316,6.421428571428572,2940.985263769999,62842.348445860094,17.4,26.8,25.2
2024-11-08,15.9,17.6,14.8,16.5,3213.164481630001,29.595000000000006,28.085828897063006,-7.895142362399337,24.803149592628188,-9.3,53.51552410973099,5.674475890269022,6.121428571428572,3097.2709720529992,66055.5129274901,16.2,24.6,25.8
2024-11-09,16.8,17.7,16.1,16.5,1636.2164304900043,27.679999999999996,26.982416621152243,-7.832983624433812,23.599999986783985,-12.2,49.106751601923634,6.253248398076362,6.0,3176.9347128239992,66055.5129274901,16.5,20.8,28.7
2024-11-10,16.6,17.9,16.3,16.9,2080.891934570002,25.845,26.022186466756793,-7.6631101559487576,26.141078822988575,-10.100000000000001,43.954430517943436,7.735569482056558,5.871428571428572,3278.3157707074993,68136.4048620601,16.5,16.6,27.0
2024-11-11,17.3,18.7,16.9,17.7,1282.7311862699996,24.03,25.229597279446622,-7.378871852651933,32.718893988107624,-7.800000000000001,36.72498035901592,11.335019640984079,5.321428571428571,3341.647200178499,69419.1360483301,16.9,17.4,25.5
2024-11-12,17.6,17.7,16.2,16.5,1495.0081753800005,23.020000000000003,24.39820706235647,-7.167814813286597,29.147982044481083,-10.3,34.639330536019436,11.40066946398057,4.457142857142856,3107.1332164929995,67924.12787295009,17.7,16.2,26.8
2024-11-13,16.3,33.8,15.0,26.1,50857.53071602992,22.61,24.56028258022728,-6.1549602689030785,45.51724135733651,1.5,33.07475789948087,12.145242100519125,5.178571428571429,5352.437259001997,118781.65858898,16.5,16.5,24.6
2024-11-14,26.1,37.9,23.8,27.3,49698.11923891096,22.509999999999998,24.821208048777063,-5.19554476810228,50.52631576465374,6.5,32.741200989337514,12.278799010662478,5.357142857142856,7689.081089686044,168479.77782789097,26.1,16.5,20.8
2024-11-15,26.9,29.6,22.6,27.2,62221.56099575108,22.384999999999998,25.047759663179246,-4.392634677524992,53.13653133786304,10.599999999999998,32.30261325277354,12.467386747226453,5.5857142857142845,10718.508897529598,106258.21683213988,27.3,16.9,16.6
2024-11-16,27.1,28.1,25.8,26.4,2748.4019421499997,22.285000000000004,25.176544457162173,-3.7773332142234146,49.24812027483181,9.0,31.98519533172888,12.584804668271124,5.449999999999998,10804.351202107098,103509.81488998988,27.2,17.7,17.4
2024-11-17,24.3,24.5,24.0,24.2,169.55088874,22.235,25.083540223146727,-3.4277114613321658,49.24812027483181,8.0,31.882093917478056,12.587906082521943,5.235714285714285,10658.206198354597,103340.26400124987,26.4,16.5,16.2
2024-11-18,24.0,24.7,24.0,24.4,59.55244366,22.165,25.01844115427561,-3.098774629735523,57.826086921323245,7.899999999999999,31.723082829125907,12.60691717087409,4.992857142857142,10424.233903413098,103399.81644490987,24.2,26.1,16.5
2024-11-19,23.4,23.4,22.7,22.9,273.38204932,21.875,24.81668485386841,-2.9254050365502877,65.51724133412604,6.399999999999999,30.937328038296492,12.81267196170351,4.435714285714285,10311.310074377598,103126.43439558987,24.4,27.3,16.5
2024-11-20,22.4,22.5,21.8,21.9,191.25017003,21.619999999999997,24.53890534397618,-2.8360082893362097,60.975609714455686,5.0,30.35627645600801,12.883723543991982,4.057142857142857,10129.219506779098,102935.18422555986,22.9,27.2,16.9
2024-11-21,22.0,24.5,21.4,22.9,484.84491705000016,21.49,24.38281912074035,-2.6538768402159363,66.50246300832342,5.199999999999999,30.05895252457566,12.92104747542434,4.0857142857142845,10070.380493654098,103420.02914260986,21.9,26.4,17.7
2024-11-22,22.4,23.4,21.1,22.0,1782.4587356399995,21.25,24.155883966384128,-2.55273252150101,63.157894694535386,5.5,29.45385018724424,13.046149812755761,4.049999999999999,10029.024267467099,101637.57040696985,22.9,24.2,16.5
2024-11-23,21.8,23.7,18.1,22.5,2587.6351290200005,21.145,23.9981807314904,-2.4045113883596727,64.01869154690365,-3.6000000000000014,29.2210790382208,13.068920961779199,4.3357142857142845,10081.769755307598,104225.20553598985,22.0,24.4,26.1
2024-11-24,22.6,23.6,22.4,23.0,18086.0,21.255,23.903115899919886,-2.2210958408744723,64.18604646983235,-4.300000000000001,29.371124301920283,13.138875698079715,4.307142857142857,10846.467098632598,122311.20553598985,22.5,22.9,27.3
2024-11-25,23.1,27.6,22.5,24.4,2351.9748555299975,21.645000000000003,23.95043819516561,-1.9404016559117103,65.15837099944719,-2.8000000000000007,29.56658277645453,13.723417223545475,4.542857142857143,10603.362532591598,124663.18039151985,23.0,21.9,27.2
2024-11-26,24.7,25.5,22.4,23.2,768.1257408600002,21.935,23.87896789086412,-1.794098215773797,65.15837099944719,-3.1999999999999993,29.623480788954065,14.246519211045932,4.657142857142857,10169.848106683097,123895.05465065985,24.4,22.9,26.4
2024-11-27,22.8,24.1,22.1,22.5,509.14446972,22.25,23.747637615543727,-1.714867905514481,36.36363632506887,-1.6999999999999993,29.449853799685975,15.050146200314023,3.457142857142857,10124.877225037599,123385.91018093984,23.2,22.0,24.2
2024-11-28,23.1,24.0,21.5,22.4,296.4549152599999,22.544999999999998,23.619291175968133,-1.6412274298923464,29.7520660812786,-2.0,29.217007509778206,15.872992490221788,2.6285714285714286,9979.041746719098,123089.45526567985,22.5,22.5,24.4
2024-11-29,22.5,24.5,21.7,23.0,548.2213150200005,22.869999999999997,23.560311063971167,-1.516965206201018,33.33333329629629,0.10000000000000142,28.905020603462845,16.83497939653715,2.3285714285714287,9924.641990945598,123637.67658069984,22.4,23.0,22.9
2024-11-30,23.8,25.0,22.7,23.5,495.53196515000013,23.2,23.55456715311677,-1.3624353704747492,38.21138207032852,1.6000000000000014,28.542579704108057,17.85742029589194,2.3285714285714287,9845.373992474599,124133.20854584985,23.0,24.4,21.9
2024-12-01,23.4,24.8,22.8,23.8,76.13079429,23.505,23.577941709962793,-1.2019070334188449,48.07692301220415,0.9000000000000021,28.180344062769464,18.829655937230534,2.435714285714286,9785.043972875597,124209.33934013985,23.5,23.2,22.9
2024-12-02,23.1,25.7,21.3,23.7,1045.27536875,23.865,23.589566309013957,-1.0704172305013273,46.60194168423037,1.6999999999999993,27.18021214690069,20.549787853099307,2.7,9762.557332544096,123164.06397138986,23.8,22.5,22.0
2024-12-03,23.9,28.0,22.6,25.4,1918.43412446,23.830000000000002,23.761988565298342,-0.8195871315716303,61.90476182222222,2.8999999999999986,27.059534755479902,20.6004652445201,3.0357142857142856,7315.602502965603,125082.49809584985,23.7,22.4,22.5
2024-12-04,25.1,27.8,24.6,25.7,904.98299986,23.75,23.946561082888977,-0.5897961750703402,69.38775500291545,2.6999999999999993,26.68329346065584,20.81670653934416,3.2142857142857144,4875.945691013054,125987.48109570985,25.4,23.0,23.0
2024-12-05,26.6,27.2,26.2,26.5,85.51369383,23.715,24.189745741661454,-0.33922153763975516,68.74999989973959,2.1000000000000014,26.487249703952216,20.942750296047784,3.0642857142857145,1769.143325917,126072.99478953985,25.7,23.5,24.4
2024-12-06,27.0,40.0,26.4,32.6,4803.549931279996,24.025,24.990722337693697,0.34757308185873725,85.81081072963842,9.400000000000002,28.75602859629467,19.293971403705328,3.8714285714285714,1871.9007253734999,130876.54472081985,26.5,23.8,23.2
2024-12-07,32.8,50.0,31.9,42.5,10705.561557319968,24.939999999999998,26.65827259124668,1.6714426773990532,91.32231399675568,20.0,34.464130019670534,15.415869980329461,4.764285714285714,2398.701258802498,141582.1062781398,32.6,23.7,22.5
2024-12-08,42.5,48.6,37.3,46.1,3852.3126613000018,26.025,28.509865677794615,2.976794153364839,92.30769226035503,23.700000000000003,39.43966204921866,12.610337950781338,5.485714285714287,2588.339269684498,145434.4189394398,42.5,25.4,22.4
2024-12-09,46.9,47.6,34.1,39.6,4687.41184903,26.860000000000003,29.56606894657608,3.4470633250945575,73.4567900917162,16.6,41.48044710958667,12.239552890413336,6.085714285714287,2809.0407596699984,140747.0070904098,46.1,25.7,23.0
2024-12-10,39.6,41.9,32.8,35.9,1670.75131973,27.560000000000002,30.169300475473598,3.4810683647677614,68.1948423795207,12.399999999999999,42.51725840344343,12.602741596556575,6.514285714285714,2883.0158171549983,139076.2557706798,39.6,26.5,23.5
2024-12-11,34.8,42.0,33.3,37.5,918.1856511399995,28.29,30.867462334952304,3.5956755227479853,70.94972064264536,13.7,43.70767953050243,12.872320469497566,6.992857142857143,2904.682853859498,139994.4414218198,35.9,32.6,23.8
2024-12-12,37.6,40.9,37.2,37.7,1140.37085975,29.075,31.51818020781399,3.660445512359299,71.30919217274851,14.000000000000004,44.74097049591751,13.409029504082488,7.078571428571429,2872.578460064998,141134.8122815698,37.5,42.5,23.7
2024-12-13,38.4,39.9,35.1,37.0,1003.1514710500004,29.8,32.04025828326028,3.613636296101962,69.44444441743826,11.600000000000001,45.526745572934026,14.073254427065974,7.221428571428572,2793.3542771664984,140131.6608105198,37.7,46.1,25.4
2024-12-14,36.9,40.0,33.6,34.9,791.1680611899999,30.395,32.31261463723549,3.368260000788066,65.15957444382356,9.2,45.93787448860189,14.852125511398107,7.514285714285714,1928.6126802259982,139340.4927493298,37.0,39.6,25.7
2024-12-15,34.9,43.5,34.6,36.1,1111.2547610199988,30.98,32.67331800511783,3.233355381943415,65.97402595003541,9.600000000000001,46.45338632008317,15.506613679916835,8.007142857142856,1866.5766755004984,140451.7475103498,34.9,35.9,26.5
2024-12-16,36.2,37.1,34.2,34.3,198.36458824000024,31.535000000000004,32.82824009986851,2.9472237816298694,63.184079579985635,1.6999999999999957,46.624944368772276,16.445055631227728,7.8999999999999995,1838.0886178694986,140253.38292210983,36.1,37.5,32.6
2024-12-17,34.9,39.2,34.1,34.4,969.2388332000012,32.13,32.97793151892865,2.6974372140721954,61.65803106571987,-8.100000000000001,46.64751754913643,17.612482450863574,7.878571428571428,1861.093336043498,141222.62175530984,34.3,37.7,42.5
2024-12-18,34.7,35.4,30.4,30.5,1095.9130113100005,32.535,32.741938040935445,2.1598843510105183,55.687203772994756,-15.600000000000001,46.344268435976346,18.72573156402365,8.007142857142858,1901.0662408459987,140126.70874399983,34.4,37.0,46.1
2024-12-19,30.6,31.5,26.2,27.4,985.0961062500006,32.754999999999995,32.23318203703683,1.4668171864919906,51.01123593900769,-12.200000000000003,46.05549069138388,19.45450930861611,8.314285714285715,1922.9099804074983,139141.61263774981,30.5,34.9,39.6
2024-12-20,27.3,31.2,24.1,29.4,1293.47028408,33.05,31.963355176366658,1.0666441409405252,46.03960394444172,-6.5,45.733599024351754,20.36640097564824,7.85,1962.8068963539986,140435.0829218298,27.4,36.1,35.9
2024-12-21,29.3,30.7,27.0,27.7,608.6364019699997,33.245,31.557321350046024,0.6053502261530248,27.018633528625458,-9.8,45.44033560531756,21.049664394682434,6.821428571428571,1989.4321767379984,139826.4465198598,29.4,34.3,37.5
2024-12-22,28.4,29.3,26.4,27.7,285.31564805000005,33.445,31.189957411946402,0.237039036776455,17.83216782343881,-10.000000000000004,45.100488880893934,21.789511119106066,6.221428571428571,1951.4341907029982,139826.4465198598,27.7,34.4,37.7
2024-12-23,27.7,28.7,26.4,27.7,283.9626531699999,33.559999999999995,30.857580515570554,-0.05422516044765402,23.076923062304232,-9.3,44.922987005370594,22.197012994629397,5.421428571428571,1869.7106171384985,139826.4465198598,27.7,30.5,37.0
2024-12-24,27.8,30.8,27.0,28.6,239.53794100999988,33.705,30.64257284742098,-0.2100107832249769,31.088082879003494,-6.299999999999997,44.7141779892965,22.6958220107035,5.042857142857143,1836.4383641959982,140065.9844608698,27.7,27.4,34.9
2024-12-25,28.6,30.0,27.7,28.3,174.81906962000016,33.795,30.419470671476123,-0.3536033847374078,24.444444425432124,-7.800000000000001,44.58339044626506,23.006609553734947,4.5857142857142845,1840.9036329854982,139891.16539124982,28.6,29.4,36.1
2024-12-26,28.1,28.1,26.0,27.4,241.40087315,33.535000000000004,30.131902036097443,-0.5338699143014196,22.45989303131347,-6.899999999999999,44.6890929471515,22.380907052848507,4.471428571428571,1612.7961800789985,139649.7645180998,28.3,27.7,34.3
2024-12-27,27.0,28.1,26.0,27.5,259.5815265800001,32.785000000000004,29.88124469932626,-0.6610431791814726,23.756906058972575,-6.899999999999999,43.40539249943785,22.164607500562155,4.2785714285714285,1090.497178542,139909.3460446798,27.4,27.7,34.4
2024-12-28,27.5,28.1,26.4,27.7,139.76503398000003,31.865,29.673507108914237,-0.7371926809629201,27.777777753772313,-2.8000000000000007,40.659801095863386,23.07019890413661,3.942857142857143,904.869797176,140049.1110786598,27.5,27.7,30.5
2024-12-29,27.7,29.4,25.1,25.8,837.6581987999998,31.175,29.304601669970022,-0.94001986690607,19.526627202759016,-1.5999999999999979,39.57095767397432,22.779042326025685,3.6142857142857148,712.3821146645,139211.4528798598,27.7,28.6,27.4
2024-12-30,25.8,27.6,25.6,27.0,234.76131508000012,30.73,29.085115796639545,-0.9924910824808357,27.607361939478352,-2.3999999999999986,39.014189125900884,22.445810874099116,3.5500000000000003,640.5826144320001,139446.2141949398,25.8,28.3,29.4
2024-12-31,26.7,27.4,24.5,26.9,401.95456398,30.2,28.877009530292924,-1.0302677775040188,26.993865007489944,-0.8000000000000007,38.00283349343852,22.397166506561476,3.3928571428571432,614.771060074,139044.2596309598,27.0,27.4,27.7
2025-01-01,26.6,35.6,25.4,26.9,361.64181076,29.659999999999997,28.688722908360266,-1.048123959901055,35.483870927679504,-0.8000000000000007,36.73862609327765,22.581373906722344,3.7642857142857147,575.8346076245001,139044.2596309598,26.9,27.5,27.7
2025-01-02,26.7,28.8,26.2,27.6,244.0080643,29.189999999999998,28.585035012325953,-0.9943289579625336,50.99999992860001,-0.09999999999999787,35.41318246558866,22.966817534411337,3.571428571428572,537.877437287,139288.2676952598,26.9,27.7,27.7
2025-01-03,27.0,28.9,26.7,27.8,256.9290704600001,28.834999999999997,28.510269773056816,-0.9248960765809286,40.24390237031531,-0.8000000000000007,34.468835750460606,23.20116424953939,3.221428571428572,511.16548775050006,139545.1967657198,27.6,25.8,28.6
2025-01-04,27.8,29.0,27.2,28.6,140.24373792000003,28.459999999999997,28.518815508956166,-0.7961393053949912,56.16438345393133,0.3000000000000007,32.93749930206696,23.982500697933034,3.0857142857142863,462.61493659550007,139685.4405036398,27.8,27.0,28.3
2025-01-05,28.6,29.9,27.2,28.9,257.29707364,28.189999999999998,28.555118793817485,-0.6622570566835577,57.89473673545706,1.5,31.73988509821606,24.640114901783935,3.0714285714285725,465.5615608655001,139942.7375772798,28.6,26.9,27.4
2025-01-06,28.3,28.9,26.5,27.9,211.5764029,27.865000000000002,28.49272652773963,-0.6295885477878933,51.16279061438615,0.3999999999999986,29.878925206369953,25.85107479363005,3.078571428571429,427.67843935050007,139731.16117437978,28.9,26.9,27.5
2025-01-07,27.9,28.5,25.0,26.3,582.3461540700001,27.655,28.283895429859665,-0.7244540915558133,37.63440854549659,-1.3999999999999986,29.36500153893733,25.94499846106267,3.057142857142858,402.0000964885,139148.8150203098,27.9,27.6,27.7
2025-01-08,26.2,26.3,24.0,25.2,148.81434231999992,27.545000000000005,27.990191103206364,-0.8782723484502739,34.65346529850014,-0.6000000000000014,29.576825728128238,25.513174271871772,3.0571428571428574,360.18600829199994,139000.0006779898,26.3,27.8,25.8
2025-01-09,25.9,26.1,22.6,24.1,328.7706277599999,27.279999999999994,27.619696712424805,-1.076525713841086,33.980582478084656,-2.8999999999999986,29.64785490309592,24.91214509690407,3.1571428571428575,311.9510254759999,138671.2300502298,25.2,28.6,27.0
2025-01-10,24.4,25.5,23.6,23.9,553.9002464699995,27.090000000000003,27.265439882670062,-1.2355387412687513,32.69230764829881,-3.0,29.886915594385258,24.29308440561475,3.142857142857143,309.21421770099994,138117.32980375979,24.1,28.9,26.9
2025-01-11,24.0,26.7,23.8,24.7,418.02928144,26.939999999999998,27.02111227479672,-1.282223720122115,36.36363631735537,-2.1999999999999993,29.915266463079558,23.964733536920438,3.228571428571428,315.84989937049994,138535.35908519977,23.9,27.9,26.9
2025-01-12,24.7,25.0,23.7,23.8,107.97570034,26.744999999999997,26.71433967719703,-1.375982906173931,39.999999943999995,-3.8000000000000007,30.007853126686204,23.48214687331379,3.0142857142857147,307.05055172899995,138427.38338485977,24.7,26.3,27.6
2025-01-13,23.9,24.4,20.8,22.8,523.5529166900002,26.455000000000002,26.341545422225884,-1.5135323208165374,28.571428530612252,-5.0,30.03886736126884,22.871132638731165,3.1285714285714286,321.25130051300005,137903.83046816976,23.8,25.2,27.8
2025-01-14,22.8,24.7,22.6,23.5,395.75297430999984,26.214999999999996,26.07092204868056,-1.5482102688035795,33.65384610854291,-5.100000000000001,29.919492294215885,22.510507705784107,3.0714285714285716,332.29799574749995,138299.58344247975,22.8,24.1,28.6
2025-01-15,23.5,25.5,22.7,24.4,399.3946572299999,26.065000000000005,25.911786615472888,-1.485941307610478,38.93805304910329,-4.5,29.81018638423267,22.31981361576734,2.5428571428571423,340.1976849515,138698.97809970976,23.5,23.9,28.9
2025-01-16,24.7,26.1,22.9,25.1,605.0904078600004,25.945,25.83447360447547,-1.364380824537701,38.93805304910329,-2.799999999999997,29.650174191517024,22.239825808482976,2.5857142857142854,357.4731290155,139304.06850756975,24.4,24.7,27.9
2025-01-17,25.2,25.8,24.0,24.9,592.5228667600004,25.805,25.74547611833495,-1.269547046352045,37.168141546871325,-1.4000000000000021,29.441930458216778,22.168069541783222,2.557142857142857,380.1110206545,138711.54564080975,25.1,23.8,26.3
2025-01-18,24.7,25.1,22.6,22.6,331.4047872400001,25.645,25.44590696420781,-1.3642550885558542,26.562499970947258,-2.599999999999998,29.55421987102416,21.73578012897584,2.607142857142857,354.7983500765,138380.14085356976,24.9,22.8,25.2
2025-01-19,22.7,23.9,19.7,21.0,1311.204215409996,25.345000000000002,25.022487253330876,-1.5505448072220176,21.985815581007003,-3.1000000000000014,29.71064337816012,20.979356621839884,2.714285714285714,408.6204950929998,137068.93663815976,22.6,23.5,24.1
2025-01-20,20.3,25.9,19.7,20.8,902.3401590199994,25.04,24.62034561015651,-1.694782680168764,23.308270652156722,-3.099999999999998,29.784148750664464,20.295851249335534,2.9857142857142853,433.6397748449998,136166.59647913976,21.0,24.4,23.9
2025-01-21,20.5,22.2,19.9,20.6,519.63507452,24.725,24.237455552046367,-1.8044302139000408,26.050420137419678,-4.099999999999998,29.775846724222493,19.67415327577751,2.8999999999999995,441.5394380329998,135646.96140461977,20.8,25.1,24.7
2025-01-22,20.5,22.1,20.2,20.5,163.10921344000002,24.369999999999997,23.881507404232426,-1.8777503019926414,28.440366935948163,-3.3000000000000007,29.565990356946767,19.17400964305323,2.8714285714285714,437.49449548999974,135483.85219117976,20.6,24.9,23.8
2025-01-23,21.1,21.6,19.5,21.1,265.92415048,24.035,23.61660193716267,-1.8659327037518842,35.57692302903108,-1.6999999999999993,29.163362824836796,18.906637175163205,2.7714285714285714,437.9442494909998,135749.77634165974,20.5,22.6,22.8
2025-01-24,21.3,24.1,20.9,21.2,627.27169128,23.665,23.386449371718605,-1.827432503378052,36.89320383334904,-2.3000000000000007,28.463804675729115,18.866195324270883,2.8642857142857148,462.29564715899977,136377.04803293975,21.1,21.0,23.5
2025-01-25,21.1,22.3,20.2,21.5,172.99160512,23.294999999999998,23.206787526793022,-1.752511463160623,33.67346933965014,-2.8999999999999986,27.49849478661063,19.091505213389365,2.807142857142858,458.0803737329999,136550.03963805977,21.2,20.8,24.4
2025-01-26,21.1,22.3,20.5,20.7,260.4061597100001,22.935,22.968045857574637,-1.737658665689299,34.02061850759911,-4.400000000000002,26.686925821285808,19.18307417871419,2.842857142857144,460.5218615734998,136289.63347834977,21.5,20.6,25.1
2025-01-27,20.5,23.8,17.8,20.7,1093.4627436400003,22.655,22.752041490186578,-1.706219480597074,37.93103442172016,-4.199999999999999,26.17844030444075,19.131559695559254,3.014285714285715,486.07769105199975,136289.63347834977,20.7,20.5,24.9
2025-01-28,20.9,23.3,20.0,20.3,914.6012611499998,22.41,22.518513729216426,-1.6940523756889547,30.95238090079367,-2.3000000000000007,25.86917544175664,18.95082455824336,3.1000000000000005,524.3670369934998,135375.03221719977,20.7,21.1,22.6
2025-01-29,20.8,21.6,20.1,20.5,104.49041798,22.229999999999997,22.32627432643391,-1.6492598875052238,24.675324630460466,-0.5,25.693554608538154,18.76644539146184,3.0071428571428576,513.1530265044998,135479.52263517978,20.3,21.2,21.0
2025-01-30,20.4,22.9,19.9,21.7,437.97303441000014,22.119999999999997,22.266629152487823,-1.4996445775321554,29.26829263295656,0.8999999999999986,25.498944089194854,18.74105591080514,2.9928571428571433,507.35666590149975,135917.49566958979,20.5,21.5,20.8
2025-01-31,21.7,25.0,20.1,20.3,454.66070565000007,21.9,22.079331137965173,-1.4770155503164233,25.53191485559077,-0.3000000000000007,25.14183184083022,18.658168159169776,3.2142857142857153,509.18823711199985,135462.8349639398,21.7,20.7,20.6
2025-02-01,20.6,21.1,19.6,19.7,163.61783062000003,21.695,21.85272817244468,-1.4903174173090399,31.168831112160547,-0.8000000000000007,24.949454437262975,18.440545562737025,3.1428571428571437,511.9703436259999,135299.2171333198,20.3,20.7,20.5
2025-02-02,19.6,24.1,17.9,18.5,1040.1079875000007,21.48,21.53342072744995,-1.5794819294279385,32.87671226571588,-2.6000000000000014,24.98554448057264,17.974455519427362,3.285714285714287,537.7980971664999,134259.1091458198,19.7,20.3,21.1
2025-02-03,19.2,19.9,16.3,19.8,442.01872187,21.294999999999998,21.368333039121385,-1.5276366676472684,44.04761897420634,-1.3999999999999986,24.74172231792064,17.848277682079356,3.1000000000000005,540.1113845445,134701.1278676898,18.5,20.5,21.2
2025-02-04,19.7,22.6,18.6,19.9,1138.7176573899987,21.07,21.2284917973003,-1.4616309877034688,45.783132452895906,-1.6000000000000014,24.23965878954114,17.900341210458862,3.221428571428572,577.0775345524999,135839.84552507979,19.8,21.7,21.5
2025-02-05,20.1,20.9,19.7,20.0,390.4647709400001,20.815,21.111492578509797,-1.3852831645258057,46.987951727972124,-0.6999999999999993,23.38304246562889,18.246957534371113,3.1714285714285717,566.3462527064997,136230.31029601977,19.9,20.3,20.7
2025-02-06,20.0,21.1,19.9,19.9,631.50153868,20.565,20.996112332937436,-1.3176569991925895,42.307692231755404,-0.8000000000000007,22.295561211073824,18.834438788926178,3.107142857142858,568.2951863024998,135598.80875733978,20.0,19.7,20.7
2025-02-07,19.9,21.4,18.2,18.6,233.6304622000001,20.365000000000002,20.767911158371966,-1.3533612058495557,35.55555550024691,-1.6999999999999993,22.0285725665629,18.701427433437104,3.1071428571428577,563.4064700504998,135365.17829513978,19.9,18.5,20.3
2025-02-08,19.0,20.3,18.8,19.6,119.36484742000006,20.294999999999998,20.656681524241304,-1.2861395876366402,40.20618550898076,-0.8999999999999986,21.96387923312233,18.626120766877666,3.0642857142857145,503.81450165100006,135484.54314255976,18.6,19.8,20.5
2025-02-09,19.5,20.5,18.0,18.7,348.33328091,20.189999999999998,20.47033090288499,-1.2906110880380695,39.79591831049562,-3.0,21.984611818460333,18.395388181539662,3.1142857142857143,476.11415774549994,135136.20986164975,19.6,19.9,21.7
2025-02-10,19.1,19.7,18.6,19.3,56.90153661,20.125,20.35887081689594,-1.2315433337880393,43.269230710983734,-1.0,21.950982071742747,18.299017928257253,2.7642857142857147,452.97748085,135193.11139825976,18.7,20.0,20.3
2025-02-11,19.4,21.5,18.4,18.6,338.2827518800002,20.03,20.1913593105249,-1.227070952722773,42.056074711328506,-1.0999999999999979,21.96809456072864,18.09190543927136,2.75,461.736157772,134854.82864637976,19.3,19.9,19.7
2025-02-12,18.7,20.9,18.4,19.8,434.0915710299999,19.965,20.154086995236813,-1.113856740176221,47.00854695229747,1.3000000000000007,21.838106061011928,18.091893938988072,2.8214285714285716,470.14452879950005,135288.92021740976,18.6,18.6,18.5
2025-02-13,19.0,19.7,19.0,19.0,40.385890960000005,19.855,20.044173948071403,-1.0762802860138088,38.05309729798732,-0.8000000000000007,21.680520834118205,18.029479165881796,2.6571428571428575,440.80023878350005,135248.53432644976,19.8,19.6,19.8
2025-02-14,18.9,20.3,18.5,19.2,525.1064703899999,19.740000000000002,19.96377642920746,-1.0186203257895379,44.5544553837859,-0.6999999999999993,21.41256500149342,18.067434998506585,2.4357142857142855,458.405982047,135773.64079683975,19.0,18.7,19.9
2025-02-15,19.3,19.7,19.0,19.1,30.231460190000004,19.660000000000004,19.881512007378177,-0.969814142413945,46.87499993164063,-0.8999999999999986,21.291789460106735,18.028210539893273,2.3785714285714286,446.89724707100004,135743.40933664975,19.2,19.3,20.0
2025-02-16,19.1,19.7,18.9,19.1,31.859517180000008,19.58,19.80708229238978,-0.9205236666363277,53.571428482142856,-0.7999999999999972,21.15292888051814,18.007071119481857,1.9928571428571427,393.817085748,135743.40933664975,19.1,18.6,19.9
2025-02-17,19.5,19.8,18.8,18.8,104.09978967999996,19.505000000000003,19.711169693114563,-0.8953470982449048,43.24324316143169,0.1999999999999993,21.07642241967677,17.933577580323234,1.8071428571428572,353.2920121745,135639.30954696974,19.1,19.8,18.6
2025-02-18,18.9,19.2,17.9,18.5,433.8921096600001,19.405,19.595820198532223,-0.8893501047958416,40.78947360907203,-1.1000000000000014,20.964318339602496,17.845681660397506,1.6142857142857143,369.76209675850004,135205.41743730975,18.8,19.0,19.6
2025-02-19,18.5,19.0,18.2,19.0,12.44676911,19.27,19.53907541771963,-0.8346305218394967,43.7499999234375,0.3000000000000007,20.401556915334684,18.138443084665315,1.5857142857142859,348.4857834935,135217.86420641976,18.5,19.2,18.7
2025-02-20,19.0,19.2,18.6,19.1,110.81378266,19.21,19.497258711270142,-0.7742703867957594,44.99999992125001,-0.1999999999999993,20.233718711370546,18.186281288629456,1.5428571428571427,331.293437344,135328.67798907976,19.0,19.1,19.3
2025-02-21,18.7,20.4,18.5,18.6,279.2110305,19.154999999999998,19.411805500672987,-0.7580421284361876,49.99999990277777,0.0,20.1860444372524,18.123955562747597,1.4499999999999997,337.073097338,135049.46695857975,19.1,19.1,18.6
2025-02-22,18.8,18.9,17.9,18.6,117.29048579000002,19.160000000000004,19.334490691085083,-0.736689024269154,41.935483776274715,-1.1999999999999993,20.178564521383258,18.14143547861675,1.4142857142857141,290.9322222524999,135049.46695857975,18.6,18.8,19.8
2025-02-23,18.7,18.8,17.7,18.7,206.92330309000005,19.105,19.274063006219837,-0.7035868597591559,49.999999870370374,-0.3000000000000007,20.096490106652166,18.113509893347835,1.3142857142857143,279.1774513135,135256.39026166976,18.6,18.5,19.0
2025-02-24,18.5,19.2,16.2,16.5,156.66464768000003,18.935,19.009866529436994,-0.8451326071116121,29.999999939999995,-2.6999999999999993,20.4036549521352,17.4663450478648,1.45,230.07480082800004,135099.72561398975,18.7,19.0,19.2
2025-02-25,16.8,17.5,16.3,16.8,116.77141845000004,18.775,18.799403050442994,-0.9224675076628372,36.36363628650137,-2.3000000000000007,20.439331697712387,17.11066830228761,1.3142857142857143,216.3901332035,135216.49703243974,16.5,19.1,19.1
2025-02-26,17.1,20.0,16.7,17.2,529.0642886100001,18.64,18.647078950400804,-0.9406362473236207,27.586206829964297,-1.9000000000000021,20.357280591979414,16.922719408020587,1.3714285714285714,211.26827070000004,135745.56132104975,16.8,18.6,19.1
2025-02-27,17.2,18.0,16.2,16.8,290.3934484600002,18.55,18.471166669410252,-0.9760603453789543,29.629629552812048,-2.0,20.454565152748224,16.645434847251778,1.45,214.10642001300002,135455.16787258975,17.2,18.6,18.8
2025-02-28,17.1,18.0,16.4,17.3,169.0303403900003,18.435000000000002,18.359626986609275,-0.9528050336516038,33.33333325146198,-1.1999999999999993,20.35033973900186,16.519660260998144,1.4357142857142857,216.58969466150006,135624.19821297974,16.8,18.7,18.5
2025-03-01,17.3,24.8,17.2,19.0,5040.661120539992,18.45,18.420614892646487,-0.7881143474418373,49.315068398573835,0.0,20.378730152201243,16.521269847798756,1.9285714285714288,451.2060866429996,140664.85933351974,17.3,16.5,19.0
2025-03-02,18.7,20.2,18.0,18.6,1330.3351370699977,18.415,18.43769918858492,-0.6820106548565015,46.75324666824084,-0.5,20.303775710406285,16.526224289593713,2.028571428571429,514.8777666659996,139334.52419644973,19.0,16.8,19.1
2025-03-03,18.4,19.2,17.4,17.4,192.51542996000003,18.355,18.338870694433975,-0.6868352757100844,41.86046504813411,-1.2000000000000028,20.294587585031994,16.415412414968007,2.085714285714286,507.58940056999955,139142.00876648971,18.6,17.2,18.6
2025-03-04,17.9,17.9,16.3,17.7,389.7452961700001,18.25,18.278025866392642,-0.6588564427525156,45.348837135478625,-0.9000000000000021,20.084752241989076,16.415247758010924,2.107142857142857,505.3720868269996,139531.75406265972,17.4,16.8,18.6
2025-03-05,17.7,18.2,16.9,18.2,111.18783242,18.21,18.270594831498105,-0.5895413292643674,45.348837135478625,-0.5,20.01046777547852,16.40953222452148,2.142857142857143,508.9121838999996,139642.9418950797,17.7,17.3,18.7
2025-03-06,17.7,18.3,17.3,17.7,35.37704565000001,18.134999999999998,18.216252466593524,-0.5684022365968531,42.22222215654319,1.1999999999999993,19.886119942391677,16.38388005760832,2.1714285714285717,484.42571266299956,139607.5648494297,18.2,19.0,16.5
2025-03-07,17.5,19.0,16.9,17.2,147.87009614000004,18.04,18.11946651739414,-0.5852487909274657,42.22222215654319,0.3999999999999986,19.77678468804911,16.30321531195089,2.185714285714286,490.30764446049955,139459.69475328972,17.7,18.6,16.8
2025-03-08,17.1,19.6,16.6,17.7,291.1532627800001,17.970000000000002,18.079517325261367,-0.5518921165035593,45.26315782803323,0.5,19.63840610984817,16.301593890151835,2.328571428571429,503.2723317404996,139750.8480160697,17.2,17.4,17.2
2025-03-09,17.7,18.8,16.3,16.3,321.7076619500001,17.845,17.910039484760286,-0.6311495127070117,38.88888883847737,-0.5,19.622609275643097,16.0673907243569,2.4285714285714284,514.1527253539996,139429.1403541197,17.7,17.7,16.8
2025-03-10,16.4,17.1,14.9,15.8,363.91688949,17.71,17.709083343354546,-0.7259392161404037,46.15384608284024,-1.5,19.678060760724886,15.741939239275114,2.3714285714285714,510.65396434549956,139065.2234646297,16.3,18.2,17.3
2025-03-11,15.5,17.3,15.1,15.9,640.2842090300002,17.555,17.536789691606494,-0.7839546337461627,44.94382015402095,-3.0999999999999996,19.58267691810624,15.52732308189376,2.442857142857143,542.0458363414996,139705.5076736597,15.8,17.7,19.0
2025-03-12,16.0,17.5,15.3,15.7,193.33389516999992,17.384999999999998,17.361857340024923,-0.8364287685227971,41.37931027824018,-2.900000000000002,19.437238828824903,15.332761171175093,2.3642857142857148,546.1718419669996,139512.1737784897,15.9,17.2,18.6
2025-03-13,16.3,16.3,10.2,11.0,17253.692144390043,17.005000000000003,16.755966164784454,-1.2429378055298752,27.692307662485206,-6.399999999999999,20.451111462291472,13.558888537708535,2.6714285714285717,1394.8958976615017,122258.48163409965,15.7,17.7,17.4
2025-03-14,11.0,11.7,9.5,10.5,6248.565606959986,16.6,16.16015986337641,-1.5871492982786677,23.846153820473376,-7.199999999999999,21.02243086286857,12.177569137131432,2.7142857142857144,1701.459653720001,116009.91602713967,11.0,16.3,17.7
2025-03-15,10.5,10.5,9.4,10.0,3838.169022160001,16.165,15.573477971626277,-1.8786295356370832,11.864406765584604,-8.2,21.36146641073577,10.96853358926423,2.25,1883.021939673501,112171.74700497967,10.5,15.8,18.2
2025-03-16,9.9,10.4,9.3,9.9,2108.87826536,15.834999999999999,15.033146736233299,-2.093565567349378,12.17391302865785,-7.799999999999999,21.732822970341175,9.937177029658821,2.1714285714285717,1980.632620557501,110062.86873961966,10.0,15.9,17.7
2025-03-17,9.9,10.0,9.1,9.5,2099.95130189,15.469999999999999,14.506180380401556,-2.270013278037366,13.08411213241331,-7.699999999999999,21.987377580463335,8.952622419536663,2.107142857142857,2079.791614729501,107962.91743772966,9.9,15.7,17.2
2025-03-18,9.5,9.7,8.3,8.6,2128.5372250200007,15.040000000000001,13.943687010839502,-2.4541815610204054,9.734513262275826,-9.1,22.181693739841734,7.89830626015827,2.092857142857143,2159.765261550001,105834.38021270966,9.5,11.0,17.7
2025-03-19,9.2,9.6,7.7,7.8,4099.533131980004,14.59,13.358573962188121,-2.6343227336023265,5.172413786860886,-8.5,22.370380182837085,6.809619817162915,2.1357142857142857,2350.2222457260013,101734.84708072965,8.6,10.5,16.3
2025-03-20,7.7,10.0,7.0,7.4,9312.107643620024,14.094999999999999,12.791090727694014,-2.7773470399431197,5.217391297996215,-8.4,22.39198106161828,5.798018938381716,2.278571428571429,2807.3761108875024,92422.73943710963,7.8,10.0,15.8
2025-03-21,7.2,8.0,7.0,7.1,1290.492721040001,13.5,12.24908208696125,-2.8816840658233076,5.309734506695904,-8.8,22.019698536797243,4.980301463202757,2.2,2619.867690912503,91132.24671606963,7.4,9.9,15.9
2025-03-22,7.3,8.1,7.1,7.6,1497.4227498100006,12.95,11.806312364393513,-2.8907038545804546,5.309734506695904,-8.1,21.503608041424748,4.396391958575251,2.0571428571428574,2628.222071549503,92629.66946587962,7.1,9.5,15.7
2025-03-23,7.5,7.5,7.0,7.2,874.7100001300001,12.440000000000001,11.367615948736988,-2.8967369784832826,5.825242710528784,-3.8,21.09220385676145,3.78779614323855,1.9142857142857144,2662.331800058003,91754.95946574962,7.6,8.6,11.0
2025-03-24,7.3,10.0,7.2,8.9,10694.907773440043,12.0,11.132604906000132,-2.732840001729283,19.999999975652173,-1.5999999999999996,20.417775678196193,3.582224321803805,1.957142857142857,3177.5899239215055,102449.86723918967,7.2,7.8,10.5
2025-03-25,8.9,8.9,8.1,8.3,1778.5284521100025,11.504999999999999,10.862833010190597,-2.6211504615176953,18.333333311944443,-1.6999999999999993,19.54345363500441,3.4665463649955885,1.8571428571428572,3260.9569549060056,100671.33878707967,8.9,7.4,10.0
2025-03-26,8.4,8.9,7.4,7.9,3174.422284159999,11.014999999999999,10.580658437791493,-2.5356825828730845,18.03278686455255,-2.0,18.647968657496648,3.3820313425033515,1.807142857142857,3417.909216831505,97496.91650291967,8.3,7.1,9.9
2025-03-27,7.8,8.5,7.4,8.4,3504.527441329997,10.575,10.372976681811352,-2.399937862192857,33.7499999409375,-1.0999999999999996,17.704737575447446,3.4452624245525536,1.4499999999999997,3585.7420840910054,101001.44394424967,7.9,7.6,9.5
2025-03-28,8.4,8.9,7.4,7.5,2123.7448692800026,10.065000000000001,10.099359854972175,-2.3380303133728173,32.14285708928571,-1.0999999999999996,16.471337322897323,3.6586626771026793,1.4,3677.371664416005,98877.69907496966,8.4,7.2,8.6
2025-03-29,7.5,7.7,6.7,7.2,1295.2799476900009,9.61,9.823230344974824,-2.286814651894179,32.92682921207614,-0.5999999999999996,15.416312354490165,3.803687645509834,1.3928571428571428,3726.0502787030046,97582.41912727966,7.5,8.9,7.8
2025-03-30,7.1,7.7,6.6,7.4,1221.2168522100008,9.19,9.59244650259627,-2.2046734396030043,34.93975897721005,0.0,14.282367870286492,4.097632129713507,1.3928571428571428,3768.915276839006,98803.63597948966,7.2,8.3,7.4
2025-03-31,7.3,7.6,6.7,6.9,1457.9387662300005,8.74,9.336023026158529,-2.155079345191366,34.52380946626984,-0.1999999999999993,12.827155747616374,4.652844252383627,1.3928571428571428,3809.798004699006,97345.69721325966,7.4,7.9,7.1
2025-04-01,7.1,7.2,6.7,7.0,1063.2523716399994,8.305,9.11354464271486,-2.083687056462118,39.473684137811624,-0.5999999999999996,10.824377533817657,5.7856224661823425,1.3285714285714287,3853.293928522505,98408.94958489966,6.9,8.4,7.6
2025-04-02,7.1,7.5,6.7,7.1,1091.4983817300006,8.11,8.921778486265826,-1.9960299976974687,44.92753614072674,-0.10000000000000053,10.337956344656376,5.8820436553436215,1.25,3045.1842403895034,99500.44796662965,7.0,7.5,7.2
2025-04-03,7.0,7.5,6.1,6.6,1186.4252211300006,7.914999999999999,8.70065672566908,-1.944492074190153,44.28571419714285,-2.3000000000000007,9.935187588999407,5.894812411000592,1.1357142857142857,2792.077221098004,98314.02274549965,7.1,7.2,8.9
2025-04-04,6.6,6.7,6.2,6.3,415.3038361899999,7.7299999999999995,8.472022751795835,-1.905885529286241,44.28571419714285,-2.000000000000001,9.619695046411312,5.840304953588688,1.0999999999999999,2620.933961799504,97898.71890930965,6.6,7.4,8.3
2025-04-05,6.6,6.7,6.3,6.4,467.2332764799999,7.555,8.274687251624803,-1.8459415350819075,40.909090822314056,-1.5,9.235194224364953,5.874805775635047,1.0571428571428572,2538.851712355504,98365.95218578965,6.3,6.9,7.9
2025-04-06,6.4,6.6,5.2,5.2,1043.3680171299998,7.340000000000001,7.9818598943272026,-1.873666992214332,36.486486417457996,-3.2,9.071929255881665,5.6080707441183355,1.1214285714285714,2486.022548117504,97322.58416865965,6.4,7.0,8.4
2025-04-07,5.5,6.6,5.3,6.13,1163.4919421099994,7.216499999999999,7.805492285343659,-1.7998488518797444,29.110105519224504,-1.37,8.922184304723126,5.510815695276872,1.0142857142857142,2437.7702839720037,98486.07611076966,5.2,7.1,7.5
2025-04-08,6.29,6.69,5.59,5.75,1718.1895114599995,7.114,7.60973111531093,-1.7518164188326475,30.109204302413602,-1.4500000000000002,8.9157231518188,5.3122768481812,1.0357142857142858,2318.7031029460036,96767.88659930966,6.13,6.6,7.2
2025-04-09,5.62,6.0,5.27,5.89,1559.9722781999994,7.038500000000001,7.445947199567032,-1.6830523596779985,33.65853650874479,-1.5100000000000007,8.91477037665849,5.162229623341512,0.9807142857142858,1931.0963346750025,98327.85887750966,5.75,6.3,7.4
2025-04-10,5.86,6.0,5.44,5.95,1124.3261518000004,6.981,7.303476037703505,-1.6052109758995359,28.546409737364314,-0.9500000000000002,8.918811027669562,5.043188972330437,0.9421428571428573,1922.7880062130025,99452.18502930966,5.89,6.4,6.9
2025-04-11,5.95,6.73,5.68,5.93,1842.3535290900015,6.897500000000001,7.172668796017457,-1.5275265757779524,33.747411910462986,-1.0700000000000003,8.866671613170285,4.928328386829716,0.9100000000000001,1940.0345451770022,97609.83150021966,5.95,5.2,7.0
2025-04-12,5.91,6.69,5.6,6.4,1616.810410480001,6.8575,7.0990812916348425,-1.411762141770696,41.99999988240001,-0.6999999999999993,8.833288982982129,4.881711017017871,0.9164285714285716,1977.1395656945024,99226.64191069966,5.93,6.13,7.1
2025-04-13,6.27,6.4,5.2,5.74,1490.5420157099995,6.699499999999999,6.96964497814581,-1.3576246263317264,34.79853470930779,-0.8599999999999994,8.48366986446738,4.915330135532617,0.9235714285714286,1516.9212778080002,97736.09989498966,6.4,5.75,6.6
2025-04-14,5.62,5.98,5.62,5.98,165.4626063,6.583499999999999,6.875393075465257,-1.280592389149266,41.153846043047345,-0.3199999999999994,8.2255433355426,4.941456664457398,0.8850000000000001,1436.2679855175002,97901.56250128966,5.74,5.89,6.3
2025-04-15,6.0,6.09,5.44,5.77,290.19585470999994,6.476999999999999,6.770117544468566,-1.2223979880615916,38.418078994754595,-0.6300000000000008,8.03359682776913,4.920403172230868,0.8957142857142859,1292.0566640450002,97611.36664657967,5.98,5.95,6.4
2025-04-16,5.55,6.1,5.41,5.99,929.61014733,6.3565,6.69582063547156,-1.145323765123253,39.77900542230092,0.79,7.634496375915245,5.078503624084754,0.8878571428571428,1163.310799345,98540.97679390966,5.77,5.93,5.2
2025-04-17,5.78,6.39,5.63,5.78,538.73900994,6.2705,6.608599622569507,-1.0886379919935205,42.023346189041476,-0.34999999999999964,7.452371397407686,5.088628602592315,0.8421428571428573,1084.060506378,98002.23778396967,5.99,6.4,6.13
2025-04-18,5.7,6.25,5.4,5.88,697.11151279,6.2045,6.539209182324792,-1.0238427225386753,45.74898772459801,0.1299999999999999,7.312964561553919,5.096035438446082,0.8671428571428572,1054.152084633,98699.34929675967,5.78,5.74,5.75
2025-04-19,5.73,5.93,5.5,5.93,434.30936166,6.131,6.481189260198621,-0.957420870714639,45.19427389923929,0.040000000000000036,7.090646864879761,5.171353135120239,0.8692857142857141,1014.8067101055001,99133.65865841966,5.88,5.98,5.89
2025-04-20,5.82,6.33,5.77,5.79,238.5311825700002,6.0755,6.415361711608276,-0.9056382703315373,57.702349658529265,-0.16000000000000014,6.974352484829452,5.176647515170548,0.8092857142857144,953.8363309225,98895.12747584966,5.93,5.77,5.95
2025-04-21,5.73,6.4,5.73,6.02,543.50610993,6.0265,6.377708215264631,-0.8363996145290322,48.242811285814895,0.08999999999999986,6.812971801622435,5.240028198377566,0.7642857142857142,927.849017837,99438.63358577965,5.79,5.99,5.93
2025-04-22,5.99,6.29,5.67,6.29,723.2770425700002,5.986,6.369355051906095,-0.7510827233501001,58.94039707775974,-0.11000000000000032,6.605385094062844,5.366614905937156,0.7300000000000001,909.437950879,100161.91062834965,6.02,5.78,6.4
2025-04-23,6.18,7.5,5.97,6.4,2069.0709464399984,5.976,6.372273618391229,-0.6669047291403949,58.52842781959934,0.6600000000000001,6.559037418687123,5.392962581312877,0.7871428571428571,953.5702371444999,102230.98157478965,6.29,5.88,5.74
2025-04-24,6.45,6.66,5.94,6.15,777.2317844799996,5.968500000000001,6.351104702353969,-0.6132962752252071,53.14465385408014,0.16999999999999993,6.537683163572684,5.399316836427317,0.7985714285714287,971.6666345589999,101453.74979030965,6.4,5.93,5.98
2025-04-25,6.18,6.79,6.05,6.31,949.3635443799996,5.9639999999999995,6.347189968796449,-0.5515426856879504,55.722891331289006,0.54,6.52009162441745,5.407908375582549,0.7764285714285714,995.7731479539998,102403.11333468965,6.15,5.79,5.77
2025-04-26,6.3,6.89,5.96,6.18,639.8176915899996,6.013,6.3312671146253585,-0.5072452273816896,46.30872461465699,0.1899999999999995,6.444355269391077,5.5816447306089225,0.7649999999999999,975.5956316769998,101763.29564309966,6.31,6.02,5.99
2025-04-27,6.24,6.74,5.96,6.3,1759.2781159199997,6.0215,6.328289294184848,-0.4571860195647428,61.4754094833378,0.5199999999999996,6.468961847841303,5.574038152158696,0.735,1005.3849403674998,103522.57375901965,6.18,6.29,5.78
2025-04-28,6.26,6.61,5.5,6.18,1642.7061722700005,6.043,6.314166504262482,-0.4223283949837766,54.310344499851354,0.2999999999999998,6.476643074197974,5.609356925802026,0.7885714285714285,1001.610773408,101879.86758674965,6.3,6.4,5.88
2025-04-29,6.11,6.42,5.83,6.1,547.8819148100004,6.0535,6.293769694332721,-0.3965871974347701,57.53424620754364,0.16999999999999993,6.4816797458395685,5.625320254160431,0.7842857142857144,951.0062552385001,101331.98567193965,6.18,6.15,5.93
2025-04-30,6.2,6.59,5.96,6.28,452.9296192500002,6.07,6.292458294872462,-0.3575411059370053,56.744185677014606,0.4900000000000002,6.5067342923513785,5.633265707648622,0.7799999999999999,917.436428611,101784.91529118965,6.1,6.31,5.79
2025-05-01,6.34,6.51,5.99,6.26,508.0960325600001,6.0865,6.289367028694133,-0.32447033788676816,62.24489751457725,0.2400000000000002,6.52589072650286,5.64710927349714,0.7628571428571428,850.7235537844999,101276.81925862965,6.28,6.18,6.02
2025-05-02,6.19,7.05,5.81,6.67,673.4407849499996,6.1,6.32561778786612,-0.26215597160368453,67.40088064158047,0.3799999999999999,6.593238492553765,5.606761507446234,0.7907142857142857,803.555072508,101950.26004357965,6.26,6.3,6.29
2025-05-03,6.66,6.88,6.02,6.36,569.5376439799995,6.131,6.328892284259823,-0.23507598694766418,58.498023391710554,-0.040000000000000036,6.60658938504585,5.6554106149541505,0.8214285714285714,757.5048539214998,101380.72239959965,6.67,6.18,6.4
2025-05-04,6.36,6.41,5.99,6.07,114.85436891999998,6.1354999999999995,6.3042358762350785,-0.23431444926049583,55.22388030853198,-0.08000000000000007,6.6067569977253715,5.6642430022746275,0.8114285714285715,754.9744420525,101265.86803067965,6.36,6.1,6.15
2025-05-05,6.32,6.71,6.13,6.38,332.8760710300003,6.1659999999999995,6.311451507069833,-0.20631820806102752,56.52173884373031,0.07000000000000028,6.616141498232996,5.715858501767003,0.805,757.1084528684999,101598.74410170964,6.07,6.28,6.31
2025-05-06,6.38,6.38,6.02,6.15,108.5150902,6.174,6.2960751730631825,-0.2003802047502079,47.42647034412847,-0.02999999999999936,6.61659521724278,5.73140478275722,0.7864285714285716,716.0537000119999,101490.22901150964,6.38,6.26,6.18
2025-05-07,6.11,6.36,6.11,6.32,124.43524611999996,6.201,6.2983537280095465,-0.17988313429586,48.56115083458413,0.020000000000000462,6.60674298321899,5.795257016781009,0.6950000000000001,695.3385118209999,101614.66425762964,6.15,6.67,6.3
2025-05-08,6.32,7.15,6.12,7.07,830.7734490899999,6.2604999999999995,6.371843849151494,-0.10194516588523506,64.0243899706276,0.8900000000000006,6.796232651323963,5.724767348676036,0.7171428571428572,702.0216086359999,102445.43770671965,6.32,6.36,6.18
2025-05-09,6.98,7.83,6.49,7.25,1937.2904233500003,6.3265,6.455477768279923,-0.025361912391038466,64.24242396988063,1.1500000000000004,6.998661478100293,5.6543385218997075,0.76,777.1706617204999,104382.72813006965,7.07,6.07,6.1
2025-05-10,7.37,8.03,7.36,7.76,1290.6737999599998,6.425,6.579717980824692,0.07561199746784464,71.46739103246102,1.4799999999999995,7.309855028274701,5.540144971725299,0.7414285714285713,829.7777925899998,105673.40193002965,7.25,6.38,6.28
2025-05-11,7.76,8.49,7.43,7.79,2307.2587884100003,6.5135000000000005,6.694982935031864,0.15625409781348942,70.75208886057682,1.5300000000000002,7.565981278748298,5.461018721251703,0.7614285714285715,917.9654265139998,107980.66071843966,7.76,6.15,6.26
2025-05-12,7.79,8.44,7.66,8.01,1187.6654851099993,6.599500000000001,6.820222655505019,0.23520441463342756,74.79674768369799,1.3399999999999999,7.83947410839262,5.359525891607381,0.7378571428571428,941.1848486409999,109168.32620354966,7.79,6.32,6.67
2025-05-13,8.04,8.28,7.73,8.07,827.5068608300002,6.683,6.939249069266446,0.29916600855636055,76.83923676410102,1.71,8.081225943645757,5.284774056354243,0.735,879.1066443604999,109995.83306437967,8.01,7.07,6.36
2025-05-14,8.21,8.31,7.64,7.75,434.36559312000014,6.763,7.016463443622023,0.32034200369761745,69.29133832806332,1.6799999999999997,8.214882262882753,5.3111177371172476,0.7378571428571429,861.9633347925001,109561.46747125966,8.07,7.25,6.07
2025-05-15,7.68,8.5,7.67,7.8,723.0050099899996,6.8375,7.091085972800878,0.33727086594563804,70.05208307793512,1.42,8.34341640224041,5.331583597759591,0.7599999999999999,850.645408073,110284.47248124966,7.75,7.76,6.38
2025-05-16,7.84,8.14,7.41,7.64,608.5061470699999,6.910500000000001,7.143363499200794,0.33392714416336755,63.50974905595084,1.4899999999999993,8.423746423043019,5.397253576956984,0.7235714285714285,849.0798308469999,109675.96633417965,7.8,7.79,6.15
2025-05-17,7.64,7.84,7.28,7.4,189.28342961000004,6.9655000000000005,7.167805070705481,0.3083566824346553,64.77272701510847,1.08,8.465218921036755,5.465781078963247,0.7021428571428571,770.5800965315,109486.68290456965,7.64,8.01,6.32
2025-05-18,7.46,7.69,7.24,7.24,177.90744150000003,7.0185,7.17468077825734,0.2720452758673204,67.25663689038558,0.16999999999999993,8.47565331708234,5.561346682917661,0.7042857142857143,697.340159993,109308.77546306964,7.4,8.07,7.07
2025-05-19,7.62,7.68,7.1,7.45,155.21605723,7.086,7.200901656518545,0.25724807384599213,66.26139789432841,0.20000000000000018,8.488034611784586,5.683965388215413,0.7042857142857143,677.7068671139999,109463.99152029965,7.24,7.75,7.25
2025-05-20,7.11,7.45,6.86,7.31,239.36594991000015,7.1375,7.21129197494535,0.2315551312498405,68.12499970195312,-0.4500000000000002,8.489658119066608,5.785341880933393,0.7207142857142858,667.0286836469999,109224.62557038965,7.45,7.8,7.76
2025-05-21,7.33,7.93,6.96,7.39,414.03323133000015,7.194,7.228311786855317,0.21516829438675966,67.20257204474726,-0.40000000000000036,8.484816143298437,5.903183856701564,0.772142857142857,662.3255435855,109638.65880171965,7.31,7.64,7.79
2025-05-22,7.55,7.87,7.09,7.87,307.92334544000005,7.254,7.289424950011953,0.23816814249247464,64.08450672634399,-0.13999999999999968,8.553787836942247,5.954212163057752,0.7542857142857142,644.0496716099999,109946.58214715964,7.39,7.4,8.01
2025-05-23,7.87,8.4,7.4,7.4,645.0505577599996,7.306,7.299955907153672,0.21598092214803533,52.39616589982546,-0.6699999999999999,8.536565124780546,6.075434875219454,0.7299999999999999,647.8253172990001,109301.53158939964,7.87,7.24,8.07
2025-05-24,7.51,7.9,7.4,7.72,218.16434235000008,7.3885000000000005,7.33996010647237,0.22166351678247143,49.319727656300614,-0.03000000000000025,8.48398883585551,6.293011164144493,0.7178571428571429,652.9908159704999,109519.69593174965,7.4,7.45,7.75
2025-05-25,7.78,7.78,7.25,7.39,196.51899006000005,7.439,7.344725810617859,0.19726482577774185,43.82716030445054,-0.41000000000000014,8.426541338247272,6.451458661752728,0.6799999999999999,646.1729619219999,109323.17694168966,7.72,7.31,7.8
2025-05-26,7.51,7.81,7.01,7.25,242.77088509,7.4940000000000015,7.335704304844729,0.164732918856342,37.974683376061535,-0.3899999999999997,8.281545153265148,6.706454846734855,0.6814285714285715,652.8857516664999,109080.40605659966,7.39,7.39,7.64
2025-05-27,7.25,7.67,7.24,7.56,213.78363270000003,7.556,7.357065799621421,0.16209700410189587,42.521993960320245,0.15999999999999925,8.11706665333457,6.99493334666543,0.6728571428571429,657.3531709954999,109294.18968929966,7.25,7.87,7.4
2025-05-28,7.67,7.67,7.24,7.24,100.91100154999998,7.5645,7.345916675847953,0.1326575038914104,42.52199396032026,0.0,8.09909182659577,7.0299081734042295,0.6557142857142857,620.8600486185,109193.27868774965,7.56,7.4,7.24
2025-05-29,7.38,8.38,7.28,7.85,824.8957452700002,7.594499999999999,7.393924611481481,0.15674157063372096,50.62972274337126,0.39999999999999947,8.122075387488891,7.066924612511108,0.6749999999999999,565.2403147145,110018.17443301965,7.24,7.72,7.45
2025-05-30,7.94,8.34,6.65,7.13,2030.840441439998,7.563000000000001,7.36878893419753,0.11638872753286833,44.37086079002383,-0.17999999999999972,8.12319169652225,7.002808303477751,0.7435714285714285,602.2486467884999,107987.33399157965,7.85,7.39,7.31
2025-05-31,7.38,7.53,7.1,7.35,359.52995420000013,7.5409999999999995,7.366999511893003,0.10099674245347767,49.44567612145465,-0.040000000000000036,8.09820732228711,6.98379267771289,0.7342857142857143,504.8622050779999,108346.86394577965,7.13,7.25,7.39
2025-06-01,7.31,7.53,7.3,7.3,96.80848425,7.5055,7.3606186059984315,0.0837979308675898,50.68181802055785,-0.5700000000000003,8.026166576823304,6.9848334231766955,0.7185714285714286,450.3193550349999,108250.05546152966,7.35,7.56,7.87
2025-06-02,7.31,7.61,7.3,7.34,481.9938119000001,7.468999999999999,7.3586549292366765,0.07255899950123901,48.69976343219936,-0.0600000000000005,7.920845339177784,7.017154660822214,0.6992857142857144,433.04370258849997,108732.04927342966,7.3,7.24,7.4
2025-06-03,7.41,7.61,7.3,7.34,446.22333751,7.4485,7.356878269309374,0.0629266857583568,50.36674799385466,-0.3799999999999999,7.883557165039811,7.013442834960189,0.6792857142857144,433.6365898079998,108732.04927342966,7.34,7.85,7.72
2025-06-04,7.34,7.62,7.3,7.3,230.57734214000004,7.4235,7.35146129127991,0.05147200478306946,48.88888871989026,-0.08999999999999986,7.830039957264323,7.016960042735676,0.6328571428571431,409.0152064154999,108501.47193128966,7.34,7.13,7.39
2025-06-05,7.39,7.69,7.03,7.03,374.58928113000024,7.393000000000001,7.320845930205633,0.020372502539945714,39.062499857584626,-0.21999999999999975,7.8220552657444085,6.963944734255593,0.6242857142857144,397.3193631184999,108126.88265015966,7.3,7.35,7.25
2025-06-06,7.03,7.71,6.65,6.65,840.4995440499998,7.355499999999999,7.25695584161462,-0.03453875993019295,39.999999850666654,-0.9099999999999993,7.898066028006928,6.81293397199307,0.6285714285714287,429.88016884049995,107286.38310610966,7.03,7.3,7.56
2025-06-07,7.03,7.87,6.46,6.65,858.3445718099995,7.325999999999999,7.199150523365609,-0.07716680021385969,34.40233222109835,-0.5899999999999999,7.952650242420891,6.699349757579107,0.6935714285714286,463.9020253559999,107286.38310610966,6.65,7.34,7.24
2025-06-08,6.65,6.96,6.28,6.96,1313.7082641600002,7.3015,7.1763742830450745,-0.084956099009168,43.69501448336357,-0.8899999999999997,7.945803785827327,6.657196214172672,0.7042857142857143,521.8266357024999,108600.09137026966,6.65,7.34,7.85
2025-06-09,6.83,7.29,6.31,7.05,794.85841378,7.288500000000001,7.164338637040782,-0.08291117813359339,47.023809327876975,-0.08000000000000007,7.9425006438189785,6.634499356181023,0.7171428571428573,549.6012588959999,109394.94978404966,6.96,7.3,7.13
2025-06-10,7.14,7.5,6.53,6.94,916.0804457399992,7.266000000000001,7.142973052560707,-0.08913910419251891,40.189873239665125,-0.40999999999999925,7.936063626208937,6.595936373791065,0.7557142857142859,574.7036196164999,108478.86933830967,7.05,7.03,7.35
2025-06-11,6.92,7.43,6.66,6.67,628.7542283499994,7.206,7.097927999935878,-0.11454116473221632,40.83601267790861,-0.6299999999999999,7.863119711924584,6.5488802880754164,0.7800000000000001,590.7451637619998,107850.11510995968,6.94,6.65,7.3
2025-06-12,6.75,7.44,6.3,6.3,1032.48185927,7.151000000000001,7.021934857084842,-0.162653421112525,22.99651556726438,-1.04,7.915168622897396,6.386831377102605,0.7828571428571429,610.1167288374999,106817.63325068967,6.67,6.65,7.34
2025-06-13,6.3,6.45,5.79,5.88,841.0258466899998,7.059,6.913179156410095,-0.2319988821385488,25.680933712243927,-1.46,7.964675671011984,6.153324328988016,0.7092857142857145,641.2598040544998,105976.60740399967,6.3,6.96,7.34
2025-06-14,5.9,6.39,5.81,5.89,332.8275576500002,6.983999999999999,6.815733522466276,-0.28288778884396937,19.067796497055426,-1.4100000000000001,8.0141435771212,5.953856422878799,0.7200000000000001,648.0752324339999,106309.43496164968,5.88,7.05,7.3
2025-06-15,5.96,6.17,5.16,5.64,1601.2190485000008,6.903499999999999,6.703758901279012,-0.3394772423727854,17.578124903869607,-1.3900000000000006,8.08641833593197,5.720581664068028,0.7757142857142858,715.9976406044999,104708.21591314967,5.89,6.94,7.03
2025-06-16,5.86,5.91,5.47,5.54,280.1472388399999,6.802499999999999,6.59292472020482,-0.38792223026718364,15.648854878212205,-1.1100000000000003,8.089747164754412,5.515252835245587,0.7850000000000001,719.3158209114998,104428.06867430967,5.64,6.67,6.65
2025-06-17,5.54,5.79,5.12,5.24,741.1921375699998,6.702500000000001,6.46407474685198,-0.44538856288795436,14.041095823090615,-1.4100000000000001,8.14769348550175,5.257306514498252,0.8107142857142858,751.3298777124999,103686.87653673967,5.54,6.3,6.65
2025-06-18,5.43,6.05,5.13,5.65,1114.15780024,6.592499999999999,6.386543818580363,-0.45262983701661597,24.924012051995078,-1.3099999999999996,8.00446205406365,5.180537945936349,0.8535714285714285,765.7929804609997,104801.03433697968,5.24,5.88,6.96
2025-06-19,5.3,5.61,5.25,5.41,113.60160185,6.5065,6.293539645382233,-0.47229032430241613,25.1533741251082,-1.6399999999999997,7.9884087975381295,5.02459120246187,0.8321428571428572,669.9310384815,104687.43273512968,5.65,5.89,7.05
2025-06-20,5.39,5.7,5.1,5.1,1962.334539350001,6.394,6.179869202964878,-0.5070409587935414,25.705329040791653,-1.8400000000000007,7.9462398078463945,4.841760192153606,0.7992857142857144,750.071267739,102725.09819577968,5.41,5.64,6.94
2025-06-21,5.1,5.69,5.05,5.06,1862.2453566900017,6.282,6.073214993158699,-0.5316798780239838,25.38699679398823,-1.6100000000000003,7.881520980928801,4.682479019071199,0.7442857142857144,838.3431113610001,100862.85283908967,5.1,5.54,6.67
2025-06-22,5.08,5.63,3.83,4.88,3866.05251727,6.159000000000001,5.959575470000728,-0.5592838189820339,16.45161282892819,-1.42,7.79390736901928,4.5240926309807215,0.8242857142857144,1007.5460466295001,96996.80032181967,5.06,5.24,6.3
2025-06-23,4.67,5.47,4.6,5.17,900.6662109599997,6.0505,5.884377806191135,-0.5514033303425334,21.515151423875125,-0.71,7.642869634425991,4.45813036557401,0.8164285714285716,1030.268190302,97897.46653277967,4.88,5.65,5.88
2025-06-24,5.12,5.27,4.81,4.87,812.2895265499999,5.929,5.787770396077693,-0.5628769836267713,20.343839459938764,-1.0199999999999996,7.490468944029397,4.367531055970604,0.7800000000000001,1059.3537995225001,97085.17700622967,5.17,5.41,5.89
2025-06-25,5.11,5.12,4.65,4.79,1159.7398623399993,5.817,5.692744644070294,-0.5718335269847721,21.515151423875125,-0.8499999999999996,7.367254308512967,4.266745691487033,0.7585714285714287,1098.611328583,95925.43714388968,4.87,5.1,5.64
2025-06-26,4.82,4.92,4.42,4.53,361.9646837,5.711,5.582007058920742,-0.5930748811600175,22.257053193856194,-1.0099999999999998,7.310564414395325,4.111435585604676,0.7128571428571429,1074.6845855655,95563.47246018967,4.79,5.06,5.54
2025-06-27,4.48,4.79,4.18,4.45,2589.3814644200015,5.601,5.474196862833052,-0.6093400460419334,24.912280579378276,-0.79,7.230968033270613,3.971031966729387,0.7092857142857144,1161.2364301960001,92974.09099576967,4.53,4.88,5.24
2025-06-28,4.47,4.53,4.26,4.41,2615.715314110001,5.4735,5.372844780658475,-0.618330245923298,24.30555543740357,-1.2400000000000002,7.0540565309025824,3.8929434690974167,0.6871428571428572,1226.3367826935003,90358.37568165967,4.45,5.17,5.65
2025-06-29,4.41,4.55,4.22,4.55,1138.161325120001,5.3485,5.294478611071954,-0.607159260121823,30.324909594025726,-0.8600000000000003,6.793728446706015,3.903271553293984,0.6385714285714287,1243.5019282605003,91496.53700677968,4.41,4.87,5.41
2025-06-30,4.55,4.86,4.21,4.48,1088.9291077999994,5.2255,5.216909219541291,-0.5970719150053192,30.656934149928077,-0.6199999999999992,6.510235893403723,3.9407641065962773,0.6535714285714287,1252.1443613635001,90407.60789897968,4.55,4.79,5.1
2025-07-01,4.45,4.84,4.3,4.47,1353.0371690099998,5.1155,5.145775008156407,-0.5831622068370574,34.28571408979592,-0.5899999999999999,6.247084357396799,3.9839156426032005,0.6442857142857145,1288.3585083965004,89054.57072996968,4.48,4.53,5.06
2025-07-02,4.42,5.06,4.28,4.52,3809.253546060004,5.0265,5.086177388331987,-0.5616299601885659,22.966507023190843,-0.3600000000000003,6.039619725875358,4.013380274124643,0.6342857142857143,1427.1970927360005,92863.82427602969,4.47,4.45,4.88
2025-07-03,4.52,6.23,4.33,4.56,5282.68087611,4.9605,5.036065256109893,-0.5351687417581132,27.513227309425815,-0.6100000000000003,5.909460095666981,4.011539904333018,0.7442857142857144,1649.2798442070005,98146.50515213968,4.52,4.41,5.17
2025-07-04,4.56,5.09,4.31,4.47,2266.2255222000013,4.8895,4.982154279337522,-0.5155177160162125,31.137724289863385,-0.40000000000000036,5.754405836073241,4.024594163926759,0.7571428571428572,1745.9497424345004,95880.27962993969,4.56,4.55,4.87
2025-07-05,4.49,4.62,4.32,4.52,279.39753987,4.833499999999999,4.938139586067282,-0.49025816347180484,33.92857114583332,-0.27000000000000046,5.63663268223473,4.030367317765268,0.7328571428571429,1679.8586670030004,96159.67716980969,4.47,4.48,4.79
2025-07-06,4.45,4.49,4.11,4.38,2919.5367213799987,4.7755,4.884983435013256,-0.47604901930200416,34.7560972642772,-0.15000000000000036,5.529869028784549,4.0211309712154515,0.6314285714285715,1811.8281411300006,93240.14044842968,4.52,4.47,4.53
2025-07-07,4.37,4.46,4.0,4.19,1372.4811619,4.723,4.818794536440564,-0.47464813404871986,18.181818016528908,-0.2599999999999998,5.48733941207588,3.9586605879241197,0.6021428571428571,1843.3925923465006,91867.65928652968,4.38,4.52,4.45
2025-07-08,4.19,4.46,4.11,4.37,418.50213994000006,4.659000000000001,4.776052199636701,-0.4537825044736534,32.394365877802,-0.040000000000000036,5.30109853319112,4.016901466808881,0.5942857142857143,1808.6098093315002,92286.16142646968,4.19,4.56,4.41
2025-07-09,4.37,4.53,4.24,4.51,348.63695828999994,4.614,4.750713894909396,-0.4210953872342307,40.54054015704892,-0.040000000000000036,5.152238843490488,4.075761156509512,0.5814285714285715,1820.3615771535005,92634.79838475968,4.37,4.47,4.55
2025-07-10,4.52,5.0,4.38,4.72,1146.2796395600003,4.595,4.747788762060882,-0.37393487786164314,56.64335608880629,0.23999999999999932,5.08573521642733,4.1042647835726696,0.5900000000000001,1779.5588321640003,93781.07802431968,4.51,4.52,4.48
2025-07-11,4.96,5.57,4.61,5.01,5714.013574689995,4.592499999999999,4.772761260912226,-0.3095904915684571,67.07317015913148,0.54,5.073677284332675,4.111322715667324,0.615,1972.1472430640001,99495.09159900967,4.72,4.38,4.47
2025-07-12,5.0,5.1,4.6,4.91,793.5840977299998,4.593999999999999,4.785831617015823,-0.2636273343123312,64.70588182006924,0.39000000000000057,5.079121796980033,4.108878203019966,0.6314285714285715,1818.523822087,98701.50750127967,5.01,4.19,4.52
2025-07-13,5.1,5.12,4.48,4.68,1308.50664619,4.5695,4.775752415395269,-0.24295959191152328,53.63128449673856,0.1200000000000001,4.975117138652073,4.163882861347926,0.6535714285714285,1838.9158438485,97393.00085508967,4.91,4.37,4.56
2025-07-14,4.68,5.05,4.6,4.98,406.44493425,4.575,4.795204566310005,-0.20006652203155628,62.37623719145182,0.5100000000000007,5.0002800934738625,4.149719906526138,0.6392857142857142,1818.6236142335001,97799.44578933968,4.68,4.51,4.47
2025-07-15,4.98,5.05,4.76,4.9,318.3730015000001,4.5805,4.80518508380429,-0.1705626465184027,60.28708093587603,0.3800000000000008,5.020091916033472,4.1409080839665275,0.6214285714285713,1776.5552711915002,97481.07278783967,4.98,4.72,4.52
2025-07-16,4.91,5.9,4.91,5.38,1117.63415115,4.622999999999999,4.859929361537215,-0.10721274238110645,67.06349169091712,1.0,5.18839134095903,4.057608659040969,0.6364285714285715,1814.338744564,98598.70693898968,4.9,5.01,4.38
2025-07-17,5.17,5.38,5.14,5.35,819.5920697799999,4.668,4.906602755676528,-0.058750991363211824,65.73705142616785,1.1599999999999993,5.313065480160431,4.022934519839569,0.5178571428571429,1725.849274832,97779.11486920968,5.38,4.91,4.19
2025-07-18,5.35,6.4,5.17,5.25,2107.125709339992,4.71,4.9393072551359065,-0.02809006402596559,65.47619011243387,0.8799999999999999,5.392626506501775,4.027373493498225,0.55,1700.4197945934993,95671.98915986968,5.35,4.68,4.37
2025-07-19,5.42,5.51,5.29,5.51,121.47384365,4.758,4.993658945122963,0.016992885472173924,68.13186778247395,1.0,5.523261565197345,3.9927384348026553,0.5442857142857143,1649.5854205199998,95793.46300351969,5.25,4.98,4.51
2025-07-20,5.52,6.16,5.19,5.93,1622.557734,4.8305,5.082834283682681,0.08562490703940906,75.74750795333385,1.21,5.745048493727267,3.9159515062727324,0.5864285714285715,1676.2668518299997,97416.02073751969,5.51,4.9,4.72
